# Blender 4.2.0
# www.blender.org
mtllib Brienomyrus brachyistius_3D.mtl
o geometry_0
v -0.071903 0.053697 0.187936
v -0.071604 0.059555 0.176142
v -0.071676 0.048837 0.197355
v -0.031029 -0.012689 0.470348
v -0.030886 -0.027247 0.465374
v -0.030588 -0.018655 0.467436
v 0.067424 0.028007 0.174925
v 0.060834 0.000866 0.191166
v 0.063618 -0.011570 0.172336
v 0.064194 0.021884 0.187225
v 0.057765 -0.021615 0.188261
v 0.062487 -0.032022 0.166210
v 0.069371 -0.006954 0.156457
v 0.070863 0.032638 0.162087
v 0.075996 0.008248 0.139428
v 0.071097 0.049906 0.172485
v 0.082251 -0.001700 0.118192
v 0.091625 0.002663 0.090859
v 0.084768 -0.015566 0.107741
v 0.071574 -0.033269 0.141556
v 0.093188 -0.008938 0.081431
v 0.084875 -0.025487 0.102103
v 0.095510 0.008586 0.078305
v 0.089900 0.024880 0.096890
v 0.081840 0.039058 0.121753
v 0.077750 0.062704 0.137566
v 0.094847 0.060929 0.078682
v 0.086200 0.072822 0.105124
v 0.081028 0.054476 0.124072
v 0.079601 0.076355 0.129605
v 0.075936 0.073391 0.144426
v 0.074540 0.068154 0.156780
v 0.091342 0.076332 0.084505
v 0.087201 0.080273 0.097507
v 0.057528 -0.010417 0.204010
v 0.071829 0.059083 0.175904
v 0.072647 -0.038263 0.133129
v 0.095730 0.046246 0.068654
v 0.081909 0.080167 0.117201
v 0.055977 -0.031944 0.184302
v 0.067664 0.034589 0.183765
v 0.052866 -0.027981 0.203463
v 0.063320 -0.038130 0.158883
v 0.070472 0.050224 0.191892
v 0.061887 0.007892 0.197651
v 0.067253 -0.043165 0.142349
v 0.095359 0.009439 0.069948
v 0.084499 0.080131 0.104423
v 0.094702 0.059703 0.068657
v 0.055913 -0.015435 0.220096
v 0.063376 0.010865 0.204242
v 0.051915 -0.026039 0.220716
v 0.068146 0.032852 0.194223
v 0.093143 0.069273 0.076440
v 0.071298 0.043259 0.210133
v 0.054201 -0.035669 0.183779
v 0.092172 -0.007480 0.071286
v 0.095118 0.037395 0.065468
v 0.057119 -0.041253 0.167223
v 0.077147 -0.037125 0.111650
v 0.073650 0.029196 0.230692
v 0.072176 0.037061 0.223173
v 0.071938 0.033780 0.234457
v 0.058377 -0.009977 0.226839
v 0.052401 -0.025623 0.238143
v 0.086062 -0.023741 0.086752
v 0.069366 0.020063 0.219302
v 0.047735 -0.034767 0.207379
v 0.070608 -0.043352 0.127478
v 0.094119 0.006435 0.067026
v 0.065311 0.008951 0.219567
v 0.055436 -0.022023 0.249751
v 0.078162 0.016692 0.255894
v 0.074898 0.028288 0.241650
v 0.076528 0.024366 0.249786
v 0.076963 0.010981 0.255834
v 0.065348 0.000630 0.233459
v 0.058208 -0.015904 0.245704
v 0.076336 0.010434 0.267926
v 0.074723 0.003621 0.269793
v 0.076160 0.017513 0.262921
v 0.073313 0.002931 0.254853
v 0.071689 -0.005402 0.283114
v 0.072299 -0.000417 0.278777
v 0.072507 0.004094 0.275836
v 0.066811 -0.011019 0.264660
v 0.067066 -0.014595 0.281952
v 0.067896 -0.011888 0.288755
v 0.076948 -0.037802 0.105346
v 0.064307 -0.017273 0.288735
v 0.062531 -0.017985 0.262925
v 0.062993 -0.020151 0.280414
v 0.061948 -0.020010 0.290713
v 0.087766 -0.017006 0.076455
v 0.059670 -0.043425 0.159034
v 0.047796 -0.029432 0.229054
v 0.075565 0.021290 0.257678
v 0.051326 -0.026955 0.253963
v 0.052123 -0.039425 0.181417
v 0.055977 -0.025814 0.262443
v 0.057591 -0.026093 0.276285
v 0.050891 -0.033737 0.266705
v 0.060352 -0.022974 0.281290
v 0.071789 0.006122 0.273043
v 0.071454 -0.042579 0.118291
v 0.050622 -0.033455 0.274414
v 0.052218 -0.028577 0.283343
v 0.055082 -0.024531 0.287149
v 0.045198 -0.036994 0.277098
v 0.050048 -0.037557 0.186127
v 0.049760 -0.037377 0.190513
v 0.041531 -0.037252 0.214601
v 0.041191 -0.039848 0.204690
v 0.044241 -0.038236 0.268249
v 0.042809 -0.031711 0.245692
v 0.065917 -0.044533 0.138376
v 0.060337 -0.045101 0.150508
v 0.068230 -0.044411 0.122298
v 0.041844 -0.040027 0.188722
v 0.044687 -0.038026 0.186335
v 0.011913 -0.106845 0.214824
v -0.000345 -0.106594 0.275906
v 0.000870 -0.110667 0.209925
v 0.012635 -0.102737 0.273029
v 0.009587 -0.098059 0.329524
v -0.000275 -0.101688 0.322571
v 0.000177 -0.098064 0.351975
v 0.012685 -0.093080 0.361788
v -0.000304 -0.094616 0.378689
v 0.012844 -0.089617 0.393216
v -0.000602 -0.090866 0.408805
v 0.013405 -0.084959 0.428888
v -0.000659 -0.086399 0.440637
v 0.012978 -0.082259 0.446593
v 0.012076 -0.106549 0.162004
v -0.000798 -0.111059 0.168570
v 0.012907 -0.097352 0.320682
v 0.000199 -0.110326 0.150987
v 0.007586 -0.107931 0.148387
v 0.005186 -0.108860 0.124497
v -0.001597 -0.110575 0.217468
v 0.012965 -0.105790 0.153693
v -0.000487 -0.082133 0.458892
v 0.014229 -0.078706 0.459789
v 0.000387 -0.074780 0.477116
v 0.014248 -0.073013 0.473959
v 0.021577 -0.081337 0.409994
v 0.022788 -0.075899 0.442640
v 0.022368 -0.084794 0.367463
v 0.019997 -0.096570 0.271970
v 0.020623 -0.098871 0.213410
v 0.022069 -0.088256 0.329747
v 0.024974 -0.068963 0.461153
v 0.017110 -0.101746 0.155555
v 0.022723 -0.093213 0.276698
v 0.023670 -0.063702 0.475385
v 0.030507 -0.073007 0.398201
v 0.028120 -0.079659 0.350934
v 0.029868 -0.067229 0.444459
v 0.013747 -0.067671 0.482515
v 0.032123 -0.058505 0.462525
v 0.014395 -0.060732 0.490076
v 0.000194 -0.066405 0.489200
v -0.009474 -0.108382 0.134473
v -0.007791 -0.108252 0.117610
v -0.012224 -0.108471 0.146220
v -0.011245 -0.106816 0.152207
v -0.016460 -0.108480 0.150634
v -0.002599 -0.107556 0.112159
v 0.004015 -0.108706 0.112606
v -0.020882 -0.116843 0.143103
v 0.011256 -0.108942 0.146864
v 0.024881 -0.049490 0.487679
v 0.000027 -0.058560 0.495264
v 0.014032 -0.050006 0.495322
v -0.000310 -0.049474 0.498058
v 0.066983 0.030892 0.164753
v 0.069564 0.010779 0.146402
v 0.063708 0.024084 0.177521
v 0.072100 0.044550 0.147251
v 0.077147 0.031229 0.123757
v 0.074887 0.011597 0.125287
v 0.076770 0.059022 0.131505
v 0.079301 0.054794 0.121110
v 0.072570 0.057121 0.150694
v 0.076024 0.075373 0.138238
v 0.080731 0.078744 0.118635
v 0.084499 0.080131 0.104423
v 0.072176 0.069363 0.153791
v 0.071766 -0.002894 0.128295
v 0.068463 -0.006857 0.140210
v 0.068215 -0.018229 0.136175
v 0.064316 -0.001220 0.158649
v 0.070083 -0.032087 0.127378
v 0.077648 -0.024307 0.106037
v 0.070481 0.060154 0.167394
v 0.068185 0.043313 0.170366
v 0.068280 0.057384 0.178614
v 0.083234 0.025780 0.105997
v 0.088106 0.030259 0.091384
v 0.091633 0.019493 0.078446
v 0.089448 -0.000786 0.082645
v 0.092035 0.062951 0.080737
v 0.085122 -0.011581 0.092396
v 0.061677 -0.031413 0.150673
v 0.059857 -0.014078 0.161522
v 0.060049 0.000990 0.171196
v 0.090286 -0.005487 0.075845
v 0.092676 0.012494 0.068558
v 0.093693 0.039040 0.065466
v 0.094702 0.059703 0.068657
v 0.093143 0.069273 0.076440
v 0.087844 0.078469 0.092619
v 0.060643 0.008999 0.175730
v 0.060260 0.014245 0.181854
v 0.092172 -0.007480 0.071286
v 0.053412 -0.037133 0.167353
v 0.065303 -0.041201 0.134172
v 0.060844 -0.041610 0.147293
v 0.056730 -0.040885 0.157803
v 0.055035 -0.019020 0.170071
v 0.052527 -0.026458 0.176004
v 0.050363 -0.034807 0.177870
v 0.048072 -0.029722 0.188139
v 0.051562 -0.019401 0.182890
v 0.048121 -0.034561 0.186064
v 0.048239 -0.021903 0.195084
v 0.055164 -0.007538 0.173179
v 0.075697 -0.033797 0.103874
v 0.072073 -0.040247 0.111085
v 0.080930 -0.025542 0.092079
v 0.069051 -0.040781 0.121270
v 0.088223 -0.012921 0.075198
v 0.083751 -0.022403 0.082815
v 0.068230 -0.044411 0.122298
v 0.052857 -0.011389 0.175020
v 0.079593 -0.031739 0.095148
v 0.076456 -0.036060 0.102256
v 0.051185 -0.012791 0.182066
v 0.048603 -0.016407 0.189932
v 0.051965 -0.041272 0.174604
v 0.060116 0.017400 0.189045
v 0.066490 0.038153 0.184130
v 0.067608 0.051349 0.185830
v 0.053656 -0.041466 0.168571
v 0.091342 0.076332 0.084505
v 0.064160 -0.044299 0.138821
v 0.060337 -0.045101 0.150508
v 0.068190 0.053915 0.189412
v 0.066809 0.033181 0.199715
v 0.068085 0.045693 0.210574
v 0.060914 0.015190 0.199889
v 0.067994 0.042403 0.222129
v 0.067303 0.027816 0.212442
v 0.068228 0.036657 0.230546
v 0.068353 0.048587 0.200029
v 0.067927 0.023048 0.223534
v 0.094119 0.006435 0.067026
v 0.071835 0.062661 0.168340
v 0.064406 0.017300 0.212716
v 0.087201 0.080273 0.097507
v 0.087766 -0.017006 0.076455
v 0.071454 -0.042579 0.118291
v 0.065917 -0.044533 0.138376
v 0.054807 -0.005422 0.174250
v 0.052123 -0.039425 0.181417
v 0.082352 -0.027570 0.090933
v 0.057919 0.007993 0.174752
v 0.050048 -0.037557 0.186127
v 0.095118 0.037395 0.065468
v -0.028525 -0.139164 0.076034
v -0.020690 -0.129560 0.087545
v -0.026196 -0.140762 0.089683
v -0.038853 -0.160154 0.076010
v -0.033823 -0.157197 0.091791
v -0.042167 -0.171250 0.088176
v -0.016417 -0.117974 0.085544
v -0.011789 -0.114233 0.102049
v -0.016945 -0.124237 0.105898
v -0.009705 -0.111117 0.109892
v -0.007791 -0.108252 0.117610
v -0.028434 -0.145559 0.104380
v -0.037105 -0.161076 0.104630
v -0.042296 -0.170044 0.101738
v -0.046483 -0.176367 0.098462
v -0.017144 -0.121566 0.124388
v -0.027383 -0.140255 0.116832
v -0.049435 -0.180860 0.085643
v -0.012224 -0.108471 0.146220
v -0.034205 -0.151890 0.114470
v -0.051040 -0.177391 0.076612
v -0.027027 -0.132305 0.130693
v -0.016505 -0.115529 0.138204
v -0.034989 -0.146962 0.121735
v -0.023068 -0.120260 0.072942
v -0.039507 -0.152096 0.067609
v -0.020882 -0.116843 0.143103
v -0.050687 -0.164413 0.063382
v -0.038412 -0.137491 0.060193
v -0.008782 -0.106497 0.115120
v -0.047686 -0.148653 0.056867
v -0.026740 -0.119443 0.068490
v -0.042998 -0.132520 0.054836
v -0.012837 -0.110335 0.103339
v -0.034155 -0.119494 0.061841
v 0.033397 -0.107114 0.078547
v 0.012992 -0.113826 0.095912
v 0.023666 -0.102921 0.105610
v 0.032872 -0.111290 0.071060
v 0.031441 -0.104103 0.090654
v 0.008120 -0.109639 0.107469
v 0.011157 -0.105814 0.112488
v 0.016405 -0.099495 0.123189
v 0.004015 -0.108706 0.112606
v 0.029146 -0.100497 0.107511
v 0.025305 -0.096459 0.126108
v 0.016249 -0.118326 0.084594
v 0.023913 -0.119191 0.072467
v 0.034162 -0.117590 0.063398
v 0.038275 -0.114810 0.064239
v 0.019700 -0.095701 0.127875
v 0.041459 -0.123884 0.056849
v 0.010295 -0.113813 0.100768
v 0.026445 -0.096067 0.133873
v 0.029670 -0.099459 0.116133
v 0.033204 -0.104298 0.094013
v 0.041726 -0.119081 0.062488
v 0.029520 -0.099854 0.128144
v 0.013943 -0.047324 0.494062
v -0.005744 -0.048452 0.495558
v -0.000310 -0.049474 0.498058
v -0.016796 -0.048589 0.494354
v -0.013601 -0.047901 0.492558
v 0.002271 -0.049084 0.471512
v -0.010766 -0.048135 0.471939
v 0.012083 -0.047788 0.471498
v -0.017164 -0.046499 0.482054
v 0.018615 -0.044760 0.490631
v -0.020221 -0.044393 0.491909
v 0.023565 -0.043759 0.489966
v 0.016255 -0.045240 0.472444
v -0.020658 -0.042296 0.472563
v -0.024953 -0.038626 0.486138
v -0.026056 -0.036645 0.473202
v -0.028892 -0.038157 0.483775
v -0.031240 -0.034160 0.469782
v -0.021762 -0.037443 0.471633
v 0.026824 -0.038078 0.486092
v 0.023459 -0.037266 0.480666
v 0.022434 -0.036579 0.471907
v 0.027616 -0.033638 0.471712
v 0.031495 -0.036006 0.476617
v 0.032296 -0.031973 0.466520
v 0.025110 -0.031876 0.470631
v 0.017671 -0.038909 0.470498
v 0.014032 -0.050006 0.495322
v -0.001567 -0.006358 0.498981
v -0.016879 -0.013561 0.491651
v 0.001373 -0.015181 0.490592
v 0.016876 -0.012835 0.491915
v 0.019691 -0.019489 0.484656
v 0.000175 -0.025415 0.477637
v -0.020585 -0.024744 0.476961
v 0.017963 -0.024659 0.476996
v 0.025054 -0.023895 0.475597
v 0.021700 -0.030568 0.472473
v 0.024576 -0.017910 0.483918
v 0.014197 -0.005931 0.496561
v -0.018361 -0.032026 0.472921
v -0.012213 -0.004490 0.497391
v 0.001439 -0.034727 0.473574
v -0.000051 -0.002008 0.500400
v -0.023824 -0.013501 0.486860
v -0.023594 -0.024091 0.475460
v -0.024329 -0.033358 0.470097
v 0.017671 -0.038909 0.470498
v 0.025110 -0.031876 0.470631
v -0.018412 -0.005990 0.494017
v -0.021762 -0.037443 0.471633
v 0.004001 -0.043630 0.471818
v 0.027325 -0.027342 0.469615
v 0.022991 -0.004705 0.489990
v -0.009683 0.006123 0.498191
v 0.012196 0.007311 0.497199
v -0.010766 -0.048135 0.471939
v 0.002271 -0.049084 0.471512
v 0.012083 -0.047788 0.471498
v 0.000345 0.006767 0.499733
v 0.032296 -0.031973 0.466520
v -0.020658 -0.042296 0.472563
v 0.021911 0.009053 0.489449
v -0.000340 0.019464 0.495900
v -0.031240 -0.034160 0.469782
v -0.011343 0.019800 0.493263
v 0.012009 0.022747 0.491160
v -0.025483 -0.027723 0.470690
v -0.030886 -0.027247 0.465374
v -0.030588 -0.018655 0.467436
v -0.031029 -0.012689 0.470348
v 0.000274 0.032948 0.487546
v 0.012386 0.032852 0.484065
v -0.019190 -0.112915 0.090217
v -0.032249 -0.103999 0.094339
v -0.026653 -0.100664 0.112103
v -0.030456 -0.110151 0.075630
v -0.034639 -0.107850 0.077036
v -0.012837 -0.110335 0.103339
v -0.016417 -0.117974 0.085544
v -0.013959 -0.104344 0.113988
v -0.019793 -0.099610 0.118893
v -0.008782 -0.106497 0.115120
v -0.038934 -0.115565 0.062717
v -0.034155 -0.119494 0.061841
v -0.026740 -0.119443 0.068490
v -0.023068 -0.120260 0.072942
v -0.027139 -0.096237 0.124576
v -0.011667 -0.103172 0.115741
v -0.030863 -0.100933 0.111121
v -0.030276 -0.098826 0.120532
v -0.019184 -0.095759 0.124395
v -0.015348 -0.099543 0.119139
v -0.022069 -0.093455 0.130460
v -0.041851 -0.123806 0.056786
v -0.042998 -0.132520 0.054836
v 0.007329 -0.026653 -0.334874
v -0.000150 -0.030375 -0.304121
v -0.000050 -0.030403 -0.330063
v 0.007330 -0.026958 -0.300859
v 0.000291 -0.032944 -0.350442
v 0.007400 -0.028779 -0.353646
v 0.000693 -0.036339 -0.366287
v 0.006746 -0.033530 -0.373266
v 0.001577 -0.042008 -0.381737
v 0.006858 -0.038708 -0.386328
v 0.010859 -0.022059 -0.343418
v 0.011293 -0.022877 -0.294773
v 0.008059 -0.030258 -0.276241
v -0.000127 -0.034004 -0.288246
v 0.001603 -0.048435 -0.393032
v 0.000869 -0.036299 -0.280759
v 0.002801 -0.037919 -0.271926
v 0.006521 -0.050989 -0.405705
v 0.001741 -0.058537 -0.404890
v 0.002070 -0.068411 -0.414122
v -0.000167 -0.035992 -0.282961
v 0.012131 0.043582 0.473090
v 0.000166 0.046336 0.472957
v 0.000274 0.032948 0.487546
v 0.012386 0.032852 0.484065
v 0.012058 0.055021 0.455823
v 0.000164 0.056916 0.456261
v 0.009878 0.074028 0.418249
v -0.000547 0.072858 0.424464
v -0.000147 0.082441 0.403536
v 0.010175 0.088479 0.384742
v -0.000820 0.091630 0.381072
v -0.000937 0.095832 0.368540
v 0.009149 0.096828 0.359084
v -0.000585 0.104814 0.336824
v 0.009409 0.101071 0.342707
v 0.008041 0.108241 0.316868
v -0.000566 0.111048 0.313958
v 0.005329 0.115535 0.289781
v 0.000021 0.116844 0.288655
v 0.007707 0.119750 0.266885
v 0.006551 0.126533 0.234567
v 0.000674 0.123106 0.258091
v 0.009213 0.113433 0.291290
v 0.001467 0.060869 -0.403677
v -0.001432 0.061970 -0.403954
v -0.000240 0.054413 -0.395063
v -0.000088 0.070433 -0.410697
v 0.001506 0.049738 -0.391453
v -0.001600 0.048878 -0.390317
v 0.001829 0.073898 -0.415759
v -0.001629 0.074321 -0.415337
v 0.000004 0.080842 -0.418685
v 0.000163 0.089190 -0.425985
v -0.000190 0.045413 -0.382772
v 0.001601 0.041835 -0.379346
v 0.000161 0.039236 -0.372236
v 0.001898 0.092628 -0.432193
v -0.001561 0.093210 -0.431183
v 0.000188 0.100653 -0.434821
v 0.000147 0.033242 -0.311569
v 0.000188 0.035341 -0.287354
v 0.008836 0.029477 -0.293691
v 0.000183 0.032253 -0.334776
v 0.006089 0.028651 -0.344994
v 0.000394 0.032560 -0.352217
v 0.006552 0.028595 -0.359871
v 0.000185 0.037336 -0.278525
v 0.009852 0.032047 -0.274701
v 0.000613 0.035311 -0.364545
v 0.007075 0.030049 -0.372887
v 0.010211 0.023674 -0.339172
v 0.014832 0.021932 -0.283520
v 0.015105 0.027599 -0.264383
v 0.011748 0.019263 -0.364857
v 0.015456 0.016197 -0.325545
v 0.008273 0.030655 -0.387146
v 0.006328 0.038578 -0.390673
v 0.004831 0.048732 -0.399985
v 0.004711 0.067527 -0.419039
v 0.000822 0.122869 -0.128123
v -0.000248 0.123597 -0.126138
v 0.000052 0.126273 -0.113468
v 0.007256 0.122645 -0.106226
v 0.006165 0.127277 -0.087748
v 0.000225 0.130552 -0.088083
v 0.005784 0.132484 -0.063573
v -0.000099 0.134268 -0.068324
v 0.000184 0.138308 -0.040364
v 0.005809 0.138524 -0.024498
v 0.000383 0.141810 -0.014714
v 0.008457 0.135425 -0.028699
v 0.006866 0.116578 -0.129722
v 0.006499 0.140455 -0.000064
v 0.009492 0.136832 -0.005164
v 0.001604 0.117976 -0.136479
v 0.001070 0.114010 -0.149065
v 0.007172 0.108937 -0.150111
v 0.010949 0.109976 -0.136219
v 0.011243 0.100318 -0.161558
v 0.010067 0.128109 -0.057690
v 0.006609 0.142937 0.048224
v 0.014477 0.098110 -0.154821
v 0.015058 0.106195 -0.121790
v 0.009729 0.140618 0.076111
v 0.015848 0.120629 -0.042797
v 0.017140 0.128939 0.058395
v 0.014866 0.128216 0.000326
v 0.029000 0.106261 0.038256
v 0.031924 0.104266 0.076359
v 0.028358 0.101591 -0.001920
v 0.019676 0.105036 -0.081962
v 0.024548 0.100130 -0.052081
v 0.042417 0.084217 0.073219
v 0.042456 0.080323 0.046644
v 0.040576 0.075282 -0.000319
v 0.020466 0.092937 -0.127634
v 0.033854 0.080634 -0.038828
v 0.025863 0.086898 -0.094743
v 0.041238 0.089016 0.127662
v 0.028711 0.111560 0.127579
v 0.019817 0.125904 0.107059
v 0.049322 0.071306 0.108421
v 0.048466 0.075084 0.147295
v 0.049171 0.069114 0.074595
v 0.048179 0.062303 0.023352
v 0.038154 0.094452 0.153549
v 0.020298 0.086174 -0.148214
v 0.046607 0.059408 -0.001722
v 0.038551 0.066245 -0.045542
v 0.048983 0.071830 0.184425
v 0.041971 0.085089 0.187594
v 0.050479 0.066182 0.250406
v 0.043028 0.078849 0.248617
v 0.034808 0.097158 0.184488
v 0.017522 0.127224 0.161818
v 0.016051 0.131346 0.126404
v 0.050663 0.063943 0.267527
v 0.028788 0.069479 -0.122704
v 0.032525 0.064269 -0.101393
v 0.041528 0.050052 -0.061422
v 0.014877 0.084403 -0.178227
v 0.049035 0.064480 0.048803
v 0.026631 0.107393 0.204014
v 0.010316 0.138842 0.120672
v 0.019341 0.073786 -0.173859
v 0.010731 0.089604 -0.183352
v 0.011436 0.081065 -0.196384
v 0.052800 0.058516 0.246312
v 0.056268 0.046983 0.276015
v 0.055289 0.044854 0.300352
v 0.048095 0.061919 0.300296
v 0.049427 0.057910 0.305520
v 0.022601 0.067411 -0.166080
v 0.014686 0.062751 -0.211237
v 0.011320 0.059470 -0.229888
v 0.015059 0.038070 -0.246251
v 0.019747 0.040821 -0.217028
v 0.018154 0.027887 -0.245929
v 0.017574 0.018213 -0.267594
v 0.058436 0.034263 0.295986
v 0.056450 0.033913 0.317073
v 0.011450 0.037438 -0.259486
v 0.051352 0.045079 0.324503
v 0.047666 0.044265 0.344040
v 0.051456 0.032328 0.348584
v 0.048688 0.034547 0.377200
v 0.043150 0.048496 0.380444
v 0.043991 0.053203 0.342556
v 0.045050 0.055293 0.333446
v 0.041344 0.058800 0.350645
v 0.040369 0.045736 0.407553
v 0.046807 0.033311 0.393706
v 0.001119 0.140152 -0.177655
v 0.001120 0.114129 -0.172081
v 0.001013 0.121730 -0.239616
v 0.001137 0.089570 -0.199399
v 0.001137 0.081897 -0.214120
v 0.001213 0.076469 -0.248119
v 0.000858 0.107828 -0.267509
v 0.000662 0.079532 -0.300155
v 0.001059 0.174003 -0.220215
v 0.000775 0.179283 -0.170822
v 0.000664 0.192559 -0.186818
v 0.000543 0.197763 -0.215600
v 0.000614 0.153283 -0.148363
v -0.000500 0.198286 -0.202145
v 0.000561 0.181888 -0.239450
v -0.000434 0.191280 -0.232898
v 0.000455 0.140208 -0.250150
v -0.000067 0.087617 -0.293578
v 0.000053 0.103296 -0.276092
v 0.001014 0.070182 -0.234289
v 0.000863 0.103418 -0.174225
v 0.000457 0.063198 -0.245587
v 0.000727 0.076666 -0.279948
v 0.036806 0.061729 0.379265
v -0.000042 0.170098 -0.159826
v 0.043229 0.032458 0.408622
v 0.039300 0.041908 0.415348
v 0.036178 0.048288 0.422859
v 0.047062 0.020187 0.397783
v 0.036194 0.069358 0.344889
v 0.042052 0.064001 0.326163
v 0.031833 0.065350 0.393278
v 0.030214 0.073339 0.375852
v 0.037733 0.074170 0.312084
v 0.030146 0.081486 0.329023
v -0.000035 0.119836 -0.262525
v 0.040177 0.077820 0.277839
v 0.020217 0.109499 0.251940
v 0.000051 0.181799 -0.171919
v 0.014337 0.131810 0.158856
v -0.000204 0.144775 -0.140746
v 0.014451 0.123896 0.210331
v 0.007384 0.053929 -0.246093
v 0.007061 0.063788 -0.233241
v 0.007864 0.077999 -0.208876
v 0.006574 0.036722 -0.270549
v 0.000964 0.052725 -0.259695
v 0.000745 0.045204 -0.269739
v -0.000804 0.138087 -0.252988
v -0.000636 0.159008 -0.246282
v -0.000136 0.057978 -0.253003
v -0.000728 0.107785 -0.267721
v 0.009852 0.127545 0.215886
v 0.009255 0.122692 0.247939
v 0.004492 0.130977 0.211399
v 0.008657 0.133754 0.185517
v -0.001002 0.138596 0.169174
v -0.001013 0.135081 0.192520
v 0.005247 0.137698 0.167306
v -0.000765 0.126955 0.239603
v -0.000568 0.141496 0.145195
v 0.006565 0.142128 0.121279
v -0.000081 0.144606 0.112279
v 0.006848 0.143459 0.083236
v 0.009300 0.138198 0.145657
v 0.001322 0.145469 0.046674
v 0.013867 0.117021 0.254216
v 0.013221 0.105033 0.311293
v 0.017872 0.100587 0.307512
v 0.022206 0.087169 0.354467
v 0.021435 0.082658 0.379112
v 0.021529 0.074825 0.399398
v 0.031535 0.056823 0.416207
v 0.032134 0.049379 0.437954
v 0.021773 0.063374 0.425255
v 0.022108 0.054995 0.444184
v 0.023378 0.045960 0.458528
v 0.031712 0.040904 0.451648
v 0.024221 0.030282 0.475276
v 0.021014 0.037164 0.472320
v 0.033027 0.029315 0.461215
v 0.030907 0.016200 0.474150
v 0.021911 0.009053 0.489449
v 0.018935 0.018826 0.488200
v 0.026625 -0.000761 0.484772
v 0.022991 -0.004705 0.489990
v 0.017301 0.074605 0.407158
v 0.012009 0.022747 0.491160
v 0.012196 0.007311 0.497199
v 0.049538 0.022196 -0.008763
v 0.051344 0.011170 0.022495
v 0.049485 0.009089 -0.012231
v 0.050620 0.037371 0.021191
v 0.049160 0.039455 0.001526
v 0.051188 0.039266 0.052311
v 0.050687 0.048413 0.082757
v 0.050729 0.061389 0.132148
v 0.051704 0.048075 0.121204
v 0.052016 0.035492 0.118223
v 0.050884 0.035392 0.086727
v 0.050821 0.011173 0.049377
v 0.054585 0.026846 0.141601
v 0.053822 0.042631 0.146503
v 0.056678 0.018271 0.176955
v 0.053840 0.045581 0.164822
v 0.055533 0.026969 0.188119
v 0.054905 0.010094 0.148433
v 0.056418 0.009647 0.172977
v 0.043754 0.036448 -0.055105
v 0.042301 0.026964 -0.074162
v 0.042849 0.004196 -0.072048
v 0.040642 0.018228 -0.088776
v 0.034942 0.042749 -0.119311
v 0.035113 0.021051 -0.127259
v 0.028905 0.017601 -0.168108
v 0.028554 0.037483 -0.163878
v 0.024206 0.027799 -0.200169
v 0.023400 0.013666 -0.211913
v 0.020747 0.020705 -0.237184
v 0.020143 0.002821 -0.250928
v 0.018587 0.013599 -0.266554
v 0.024128 0.001925 -0.202222
v 0.030391 0.001253 -0.157344
v 0.051168 0.016228 0.118248
v 0.050158 0.021439 0.087318
v 0.018376 0.002402 -0.297213
v 0.016968 0.013598 -0.306834
v 0.017368 0.001710 -0.330769
v 0.046409 -0.007644 -0.026338
v 0.048247 -0.011188 0.002851
v 0.014397 0.013376 -0.354186
v 0.015768 -0.000295 -0.355167
v 0.014183 -0.000679 -0.380420
v 0.012077 0.014907 -0.388780
v 0.011808 -0.000523 -0.408531
v 0.012240 -0.015571 -0.404956
v 0.009776 -0.017487 -0.425426
v 0.008334 -0.045114 -0.435545
v 0.008802 0.025484 -0.412252
v 0.006141 -0.040044 -0.446547
v 0.006312 -0.067622 -0.458088
v 0.002045 -0.057678 -0.482889
v 0.004080 -0.081724 -0.475193
v 0.001693 -0.083611 -0.495212
v 0.001175 -0.103994 -0.498892
v 0.003906 -0.098993 -0.472257
v 0.001556 -0.116790 -0.490103
v 0.006663 -0.073359 -0.449124
v 0.008279 -0.050700 -0.426526
v 0.001545 -0.124971 -0.479339
v 0.010604 -0.029923 -0.406251
v 0.002679 -0.114998 -0.470665
v 0.014027 -0.010684 -0.361024
v 0.004560 -0.094892 -0.454445
v 0.054807 -0.005422 0.174250
v 0.041680 -0.009646 -0.068017
v 0.032521 -0.013891 -0.130338
v 0.048861 -0.011172 0.020777
v 0.007912 0.013293 -0.423439
v 0.007875 0.029626 -0.426340
v 0.007804 0.047756 -0.433565
v 0.005806 0.046670 -0.453503
v 0.005654 0.076540 -0.469264
v 0.006971 0.067169 -0.442715
v 0.005673 0.089280 -0.458006
v 0.004718 0.099694 -0.471121
v 0.003865 0.085691 -0.483429
v 0.001941 0.114407 -0.492463
v 0.001548 0.095870 -0.500113
v 0.001021 0.069263 -0.498653
v 0.001590 0.057657 -0.488915
v 0.008134 0.034759 -0.404884
v 0.010039 0.024515 -0.395148
v 0.004895 0.015525 -0.436055
v 0.001374 0.126116 -0.474038
v 0.006748 0.055584 -0.418719
v 0.023796 -0.011135 -0.190744
v 0.019280 -0.014332 -0.224996
v 0.011127 -0.024473 -0.378830
v 0.006737 -0.003782 -0.431717
v 0.005309 -0.030096 -0.446377
v 0.014841 -0.010720 -0.342175
v 0.046716 -0.019517 0.062991
v 0.001040 0.044357 -0.481049
v 0.017555 -0.008628 -0.262470
v 0.015564 -0.011807 -0.298814
v 0.006263 -0.070734 -0.430846
v 0.001807 -0.037156 -0.468113
v 0.002256 0.114945 -0.458359
v 0.021732 0.046587 -0.196205
v 0.030943 0.055323 -0.130739
v 0.053182 0.042272 0.193520
v 0.052045 0.053811 0.190453
v 0.001987 -0.023204 -0.454044
v 0.004522 0.084995 -0.438580
v 0.001076 0.032265 -0.467883
v 0.000394 0.019616 -0.458053
v 0.000399 -0.068140 -0.493698
v 0.055633 0.019195 0.196231
v 0.054324 0.018505 0.211631
v 0.053129 0.050446 0.237543
v 0.054391 0.023844 0.236946
v 0.055215 0.037373 0.260738
v 0.055384 0.020348 0.262365
v 0.054100 0.004852 0.229260
v 0.054564 -0.002906 0.254121
v 0.056481 0.042067 0.268386
v 0.057076 0.025459 0.272150
v 0.055027 0.014404 0.269924
v 0.055519 -0.012997 0.268808
v 0.056307 -0.008092 0.275651
v 0.058478 0.029089 0.278948
v 0.060514 0.012992 0.306579
v 0.060502 -0.000605 0.296329
v 0.059143 0.011842 0.281593
v 0.059138 -0.013836 0.287270
v 0.059797 -0.006473 0.317727
v 0.059459 -0.012947 0.307995
v 0.054918 -0.005320 0.241254
v 0.055195 -0.008362 0.252321
v 0.051918 0.059675 0.237932
v 0.057820 -0.018483 0.292707
v 0.054876 -0.001602 0.229668
v 0.055225 0.006495 0.213151
v 0.055431 0.014098 0.202355
v 0.055411 0.009938 0.208751
v 0.058746 0.015502 0.320644
v 0.056346 -0.026443 0.324494
v 0.055771 -0.013362 0.262555
v 0.006290 -0.061161 -0.419316
v 0.006521 -0.050989 -0.405705
v 0.002293 -0.110971 -0.457089
v 0.004374 -0.085820 -0.436963
v 0.056299 -0.027194 0.308254
v 0.008767 -0.037378 -0.397275
v 0.055230 0.008936 0.346885
v 0.050040 0.021280 0.380424
v 0.050788 0.001670 0.378954
v 0.053951 0.015038 0.352229
v 0.055257 0.003228 0.220216
v 0.053118 -0.022524 0.355066
v 0.052108 -0.034667 0.350553
v 0.050160 -0.013725 0.377984
v 0.000290 -0.117596 -0.494356
v 0.000004 0.009251 -0.451168
v 0.000004 -0.000157 -0.447661
v 0.052022 -0.041218 0.339336
v 0.000377 -0.081604 -0.498983
v 0.058623 -0.017993 0.288154
v 0.044636 -0.010543 0.409292
v 0.047373 -0.035193 0.380521
v 0.043806 -0.035737 0.403935
v 0.040726 -0.046204 0.420465
v 0.040543 -0.031526 0.429797
v 0.038735 -0.046176 0.450251
v 0.044977 -0.047165 0.381683
v 0.051733 -0.043091 0.323997
v 0.036168 -0.030500 0.457913
v 0.037113 -0.046015 0.460698
v 0.039307 -0.016705 0.435666
v 0.036136 -0.056773 0.444860
v -0.000075 -0.123798 -0.463408
v 0.037359 -0.058771 0.413297
v 0.000049 -0.128745 -0.475245
v 0.039125 -0.001107 0.434094
v 0.035759 0.010366 0.462096
v 0.036952 0.013936 0.448364
v 0.037176 0.010717 0.436669
v 0.034605 -0.006246 0.463364
v 0.033724 -0.021787 0.461981
v 0.033138 0.036699 0.450703
v 0.033266 0.030883 0.445648
v 0.033672 0.041743 0.438552
v 0.035818 0.017184 0.444259
v 0.043147 0.012164 0.414266
v 0.038760 0.009961 0.426831
v 0.000048 0.113278 -0.498940
v 0.000251 0.125707 -0.484208
v -0.000570 0.122353 -0.490249
v 0.031636 -0.001222 0.475793
v 0.000059 -0.010989 -0.450709
v 0.033127 -0.043058 0.476081
v 0.000381 0.124532 -0.462247
v -0.000566 -0.125142 -0.485296
v 0.002576 -0.073175 -0.418856
v 0.000861 -0.114974 -0.455943
v 0.057765 -0.013410 0.271043
v 0.027726 -0.013325 0.481123
v 0.030011 -0.018622 0.468610
v 0.001595 -0.100696 -0.443059
v 0.001792 -0.088969 -0.432313
v 0.036679 0.043051 0.423955
v 0.039005 0.037165 0.417083
v 0.000130 0.114333 -0.448661
v 0.040263 0.028555 0.414272
v -0.000103 0.056981 -0.492285
v 0.031495 -0.036006 0.476617
v 0.000114 -0.041573 -0.475823
v -0.000001 -0.057696 -0.487305
v 0.002070 -0.068411 -0.414122
v 0.040526 0.019095 0.417318
v 0.032296 -0.031973 0.466520
v 0.060116 0.017400 0.189045
v 0.001161 0.087661 -0.500006
v 0.024576 -0.017910 0.483918
v 0.025054 -0.023895 0.475597
v 0.000063 -0.018721 -0.454107
v 0.027325 -0.027342 0.469615
v 0.042653 0.020048 0.421085
v 0.043886 0.028280 0.422341
v 0.041897 0.036206 0.420984
v 0.041877 0.014555 0.428040
v 0.057919 0.007993 0.174752
v 0.060260 0.014245 0.181854
v 0.000261 -0.030942 -0.465472
v 0.026824 -0.038078 0.486092
v -0.000077 -0.108850 -0.447739
v 0.040843 0.015150 0.437303
v 0.024881 -0.049490 0.487679
v 0.023565 -0.043759 0.489966
v -0.000757 0.128642 -0.472890
v 0.040261 0.041001 0.428493
v 0.014032 -0.050006 0.495322
v -0.000546 -0.097846 -0.499733
v 0.037190 0.032444 0.443171
v 0.037818 0.023338 0.444158
v 0.041645 0.028168 0.439088
v 0.039878 0.036324 0.437940
v 0.043534 0.033496 0.431098
v 0.043711 0.022741 0.431695
v -0.028294 -0.125206 0.138894
v -0.036707 -0.133200 0.131635
v -0.034013 -0.136894 0.130674
v -0.038417 -0.146741 0.123956
v -0.028222 -0.117706 0.142828
v -0.023073 -0.115206 0.145702
v -0.041833 -0.145112 0.122840
v -0.045432 -0.155579 0.115600
v -0.044460 -0.164587 0.110944
v -0.021502 -0.107578 0.151610
v -0.049380 -0.165495 0.105813
v -0.046071 -0.171337 0.104455
v -0.049237 -0.176287 0.098003
v -0.016460 -0.108480 0.150634
v -0.046483 -0.176367 0.098462
v -0.016160 -0.103013 0.156669
v -0.011245 -0.106816 0.152207
v -0.020882 -0.116843 0.143103
v -0.034989 -0.146962 0.121735
v -0.027027 -0.132305 0.130693
v -0.042296 -0.170044 0.101738
v -0.020866 -0.098257 0.155601
v -0.001136 0.144331 0.019388
v -0.001646 0.145387 0.074629
v 0.001322 0.145469 0.046674
v -0.006928 0.142745 0.043199
v -0.007282 0.142411 0.107283
v -0.006806 0.139979 -0.003374
v 0.000383 0.141810 -0.014714
v -0.000081 0.144606 0.112279
v 0.000674 0.123106 0.258091
v -0.006560 0.123096 0.252525
v -0.003314 0.118540 0.278706
v -0.000765 0.126955 0.239603
v 0.000021 0.116844 0.288655
v -0.006977 0.111399 0.305347
v -0.000566 0.111048 0.313958
v -0.008904 0.116897 0.276657
v -0.002885 0.130522 0.215506
v -0.008968 0.124518 0.240581
v -0.008674 0.104301 0.330958
v -0.000585 0.104814 0.336824
v -0.008864 0.098647 0.352460
v -0.008990 0.130791 0.202420
v -0.001013 0.135081 0.192520
v -0.006344 0.135740 0.177751
v -0.001002 0.138596 0.169174
v -0.008461 0.138547 0.146129
v -0.000568 0.141496 0.145195
v -0.000937 0.095832 0.368540
v -0.010679 0.090446 0.378832
v -0.000820 0.091630 0.381072
v -0.010393 0.082982 0.398201
v -0.000147 0.082441 0.403536
v -0.011133 0.064709 0.436948
v 0.004492 0.130977 0.211399
v -0.001365 -0.061263 -0.407109
v 0.001741 -0.058537 -0.404890
v -0.001694 -0.048563 -0.393058
v 0.001603 -0.048435 -0.393032
v 0.002070 -0.068411 -0.414122
v -0.002030 -0.071831 -0.416958
v 0.002576 -0.073175 -0.418856
v -0.000116 -0.080738 -0.422993
v 0.001577 -0.042008 -0.381737
v -0.001343 -0.041529 -0.380692
v 0.000693 -0.036339 -0.366287
v -0.006362 -0.057226 -0.412766
v -0.006344 -0.043603 -0.393928
v -0.006261 -0.036826 -0.380255
v -0.006083 -0.032801 -0.368442
v -0.010069 -0.025729 -0.366961
v -0.001528 -0.089295 -0.431535
v -0.006129 -0.073349 -0.429184
v -0.001600 -0.100843 -0.442169
v -0.006276 -0.028936 -0.346900
v -0.010534 -0.022736 -0.330882
v -0.006881 -0.026776 -0.328388
v 0.074898 0.028288 0.241650
v 0.072263 0.026125 0.248449
v 0.076528 0.024366 0.249786
v 0.075565 0.021290 0.257678
v 0.071763 0.030079 0.241645
v 0.071938 0.033780 0.234457
v -0.056826 -0.041464 0.153600
v -0.060321 -0.043783 0.155050
v -0.061014 -0.044627 0.145343
v -0.052873 -0.041817 0.164572
v -0.057823 -0.041980 0.163793
v -0.052331 -0.042771 0.171659
v -0.067552 0.049571 0.196838
v -0.071676 0.048837 0.197355
v -0.068034 0.044010 0.212518
v -0.071903 0.053697 0.187936
v -0.068277 0.056669 0.182120
v -0.071604 0.059555 0.176142
v -0.071372 0.044793 0.207395
v -0.071287 0.040999 0.216275
v -0.068379 0.038981 0.223458
v -0.044837 -0.038502 0.185776
v -0.041462 -0.039554 0.187494
v -0.047544 -0.039771 0.188515
v -0.049264 -0.038373 0.182840
v -0.041036 -0.040386 0.198632
v -0.054990 -0.036161 0.182572
v -0.041072 -0.039217 0.205691
v -0.047464 -0.035202 0.207374
v -0.051303 -0.036541 0.191546
v -0.041232 -0.037253 0.212661
v -0.044441 -0.032591 0.229505
v -0.052088 -0.026650 0.222182
v -0.052819 -0.026063 0.238401
v -0.043769 -0.031542 0.249123
v -0.041376 -0.034163 0.243983
v -0.040699 -0.036786 0.225562
v -0.052209 -0.027272 0.247119
v -0.057727 -0.023184 0.260059
v -0.051300 -0.029631 0.258768
v -0.061792 -0.019078 0.263616
v -0.044800 -0.033110 0.257185
v -0.054085 -0.027399 0.202956
v -0.060985 -0.010534 0.234316
v -0.049586 -0.036465 0.266848
v -0.043576 -0.039684 0.264989
v -0.049275 -0.036808 0.274482
v -0.044899 -0.037860 0.278374
v -0.053844 -0.030030 0.276212
v -0.053776 -0.026358 0.285611
v -0.062763 -0.018473 0.281326
v -0.061983 -0.019235 0.286640
v -0.066277 -0.015405 0.287658
v -0.056255 -0.023477 0.290274
v -0.058155 -0.018461 0.289708
v -0.088821 -0.018274 0.080692
v -0.083825 -0.024054 0.086286
v -0.086642 -0.024572 0.088194
v -0.082368 -0.029717 0.093199
v -0.088940 -0.014879 0.075905
v -0.079171 -0.036260 0.104953
v 0.044939 -0.163435 0.112052
v 0.045839 -0.173688 0.101233
v 0.049538 -0.169651 0.105182
v 0.049113 -0.177265 0.097576
v 0.025298 -0.117472 0.143608
v 0.029633 -0.129233 0.135470
v 0.034108 -0.131609 0.133912
v 0.019174 -0.115541 0.143925
v 0.020845 -0.109840 0.149349
v 0.012965 -0.105790 0.153693
v 0.027454 -0.132332 0.130779
v 0.032663 -0.140190 0.126694
v 0.038397 -0.139346 0.128369
v 0.038190 -0.147880 0.123157
v 0.038354 -0.158277 0.112900
v 0.042407 -0.152562 0.119658
v 0.017110 -0.101746 0.155555
v 0.011256 -0.108942 0.146864
v 0.007586 -0.107931 0.148387
v 0.024740 -0.107282 0.148452
v 0.036141 -0.127079 0.133675
v 0.044529 -0.150985 0.118416
v -0.001688 -0.189401 -0.093051
v 0.002100 -0.187152 -0.090042
v -0.000381 -0.180162 -0.079043
v 0.000293 -0.192675 -0.097056
v 0.002771 -0.132335 -0.023947
v 0.000258 -0.143144 -0.035230
v 0.001893 -0.148742 -0.043936
v -0.000444 -0.152351 -0.047478
v -0.001099 -0.133687 -0.023902
v 0.002059 -0.157885 -0.055052
v 0.002457 -0.121592 -0.012720
v 0.000223 -0.160882 -0.056581
v 0.001607 -0.174111 -0.072743
v -0.001784 -0.120379 -0.010644
v -0.001057 -0.107889 0.005140
v 0.001149 -0.107531 0.005572
v -0.002118 -0.172302 -0.071504
v 0.003724 -0.180224 -0.085284
v 0.003744 -0.114886 -0.007634
v 0.004759 -0.104263 0.002024
v -0.000404 -0.106922 0.026624
v -0.000396 -0.157013 -0.156620
v 0.001907 -0.158537 -0.153965
v -0.001669 -0.173149 -0.143206
v 0.001454 -0.149216 -0.164062
v 0.000767 -0.171525 -0.145232
v 0.001970 -0.175860 -0.141047
v 0.000355 -0.184498 -0.136655
v -0.066302 -0.010873 0.284060
v -0.071805 -0.003578 0.281619
v -0.069084 -0.008949 0.284397
v -0.072208 0.004729 0.276088
v 0.001665 -0.102314 -0.249591
v 0.001686 -0.109032 -0.238127
v -0.001426 -0.106180 -0.245251
v -0.000358 -0.101199 -0.253675
v 0.001188 -0.094856 -0.262552
v -0.001563 -0.110981 -0.235675
v 0.001323 -0.115096 -0.227194
v -0.002218 -0.063940 -0.295306
v 0.001751 -0.057373 -0.299847
v 0.002338 -0.064007 -0.295131
v -0.001564 -0.055899 -0.300731
v -0.000120 -0.072679 -0.288535
v 0.001192 -0.051018 -0.301634
v 0.002067 -0.077262 -0.282334
v -0.001589 -0.083808 -0.275783
v 0.001379 -0.087705 -0.271148
v -0.002017 -0.089945 -0.267364
v -0.003353 -0.077090 -0.280679
v 0.001129 -0.193491 -0.123258
v 0.001825 -0.194856 -0.111256
v -0.001776 -0.194945 -0.111988
v 0.000293 -0.192675 -0.097056
v 0.041459 -0.123884 0.056849
v 0.046035 -0.134353 0.056188
v 0.040664 -0.131973 0.056416
v 0.047140 -0.144107 0.055749
v 0.033793 -0.123132 0.061576
v 0.034162 -0.117590 0.063398
v 0.024825 -0.121717 0.070775
v 0.039396 -0.147789 0.065043
v 0.051246 -0.160717 0.061196
v 0.049256 -0.165220 0.066137
v 0.023913 -0.119191 0.072467
v 0.016249 -0.118326 0.084594
v 0.052989 -0.164280 0.063657
v 0.052944 -0.176010 0.073470
v 0.029149 -0.146803 0.103232
v 0.020040 -0.128518 0.089865
v 0.037421 -0.162355 0.089203
v 0.017882 -0.126022 0.105443
v 0.038775 -0.164218 0.101356
v 0.013690 -0.118499 0.092498
v 0.009670 -0.113899 0.113633
v 0.010295 -0.113813 0.100768
v 0.045852 -0.175679 0.087844
v 0.008120 -0.109639 0.107469
v 0.022431 -0.131612 0.117759
v 0.034246 -0.152093 0.114420
v 0.045839 -0.173688 0.101233
v 0.038354 -0.158277 0.112900
v 0.017240 -0.118670 0.134409
v 0.026445 -0.136071 0.122135
v 0.009537 -0.110950 0.129388
v 0.011256 -0.108942 0.146864
v 0.027454 -0.132332 0.130779
v 0.049113 -0.177265 0.097576
v 0.050344 -0.180755 0.086300
v 0.031284 -0.144339 0.076275
v 0.025243 -0.133880 0.079352
v 0.042089 -0.163804 0.075407
v 0.050174 -0.177719 0.079282
v 0.019174 -0.115541 0.143925
v 0.032663 -0.140190 0.126694
v 0.005186 -0.108860 0.124497
v 0.004015 -0.108706 0.112606
v 0.012992 -0.113826 0.095912
v -0.042998 -0.132520 0.054836
v -0.047686 -0.148653 0.056867
v -0.048842 -0.147141 0.057118
v -0.045043 -0.130623 0.056425
v -0.041851 -0.123806 0.056786
v -0.050687 -0.164413 0.063382
v -0.042628 -0.119268 0.064485
v -0.051033 -0.152260 0.062390
v -0.038934 -0.115565 0.062717
v -0.038285 -0.111104 0.077521
v -0.034639 -0.107850 0.077036
v -0.052784 -0.167980 0.066694
v 0.046367 -0.028644 0.187683
v 0.048072 -0.029722 0.188139
v 0.048121 -0.034561 0.186064
v 0.043144 -0.036377 0.180862
v 0.048239 -0.021903 0.195084
v -0.068379 0.038981 0.223458
v -0.072527 0.032705 0.232619
v -0.068248 0.034162 0.232411
v -0.071971 0.030572 0.241881
v -0.072196 0.036482 0.222438
v -0.071287 0.040999 0.216275
v 0.058623 -0.017993 0.288154
v 0.060352 -0.022974 0.281290
v 0.061948 -0.020010 0.290713
v 0.053656 -0.041466 0.168571
v 0.057119 -0.041253 0.167223
v 0.051965 -0.041272 0.174604
v 0.059670 -0.043425 0.159034
v 0.052123 -0.039425 0.181417
v 0.056730 -0.040885 0.157803
v 0.060337 -0.045101 0.150508
v -0.084017 0.079993 0.102842
v -0.089907 0.078200 0.087366
v -0.082748 0.079695 0.111879
v -0.087457 0.078911 0.091021
v -0.075837 0.076641 0.133854
v -0.075272 0.071129 0.146361
v -0.072310 0.072219 0.147560
v -0.071806 0.066811 0.160681
v -0.077967 0.077200 0.129447
v -0.079716 0.075969 0.128549
v -0.072777 0.060558 0.169370
v -0.083770 0.078384 0.111935
v -0.071604 0.059555 0.176142
v -0.071676 0.048837 0.197355
v -0.072298 0.020643 0.158614
v -0.070763 -0.003685 0.154307
v -0.069457 0.021960 0.175744
v -0.073882 0.042674 0.155808
v -0.072557 0.046647 0.170172
v -0.075780 0.063241 0.146292
v -0.075507 0.024428 0.145712
v -0.077037 0.004051 0.136458
v -0.083343 0.061900 0.116936
v -0.086253 0.025339 0.108136
v -0.093938 0.049201 0.082018
v -0.095417 0.009133 0.077498
v -0.096335 0.033277 0.072069
v -0.091087 -0.005128 0.089662
v -0.085201 -0.018908 0.104754
v -0.092944 -0.008647 0.080943
v -0.092644 0.070734 0.082464
v -0.095251 0.058967 0.074312
v -0.075117 -0.028411 0.131210
v -0.067019 -0.015594 0.161256
v -0.063301 -0.013412 0.178187
v -0.083358 -0.029253 0.104294
v -0.062029 -0.029511 0.167883
v -0.071245 -0.038525 0.135997
v -0.056911 -0.028271 0.188336
v -0.061183 -0.038877 0.162007
v -0.070856 0.038299 0.186328
v -0.065499 0.005683 0.189724
v -0.066387 0.004016 0.179036
v -0.063162 -0.000869 0.200599
v -0.058130 -0.016604 0.204008
v -0.095768 0.014265 0.070488
v -0.067333 0.016057 0.202610
v -0.071163 0.037992 0.201087
v -0.071372 0.044793 0.207395
v -0.056390 -0.018893 0.219616
v -0.086642 -0.024572 0.088194
v -0.072196 0.036482 0.222438
v -0.070091 0.023933 0.215995
v -0.054085 -0.027399 0.202956
v -0.092938 -0.003736 0.071783
v -0.074205 -0.040215 0.121873
v -0.065320 0.004832 0.217272
v -0.073665 0.028464 0.236265
v -0.074724 0.027335 0.243842
v -0.073303 0.021783 0.237344
v -0.095331 0.032994 0.065908
v -0.094454 0.051420 0.066695
v -0.067545 0.006439 0.229888
v -0.052088 -0.026650 0.222182
v -0.054990 -0.036161 0.182572
v -0.060985 -0.010534 0.234316
v -0.088821 -0.018274 0.080692
v -0.094000 0.064123 0.072298
v -0.051303 -0.036541 0.191546
v -0.076249 -0.039716 0.111321
v -0.068327 -0.042783 0.137355
v -0.079171 -0.036260 0.104953
v -0.052819 -0.026063 0.238401
v -0.078351 0.014854 0.259361
v -0.076772 0.021781 0.256395
v -0.071328 0.006301 0.246374
v -0.072527 0.032705 0.232619
v -0.065869 -0.012946 0.265950
v -0.074093 0.002405 0.270134
v -0.075965 0.009905 0.269844
v -0.072208 0.004729 0.276088
v -0.071805 -0.003578 0.281619
v -0.076254 0.015612 0.265184
v -0.069084 -0.008949 0.284397
v -0.066277 -0.015405 0.287658
v -0.093906 0.010730 0.066768
v -0.088940 -0.014879 0.075905
v -0.091706 0.072465 0.077239
v -0.057727 -0.023184 0.260059
v -0.071971 0.030572 0.241881
v -0.061792 -0.019078 0.263616
v -0.053844 -0.030030 0.276212
v -0.049275 -0.036808 0.274482
v -0.049586 -0.036465 0.266848
v -0.060321 -0.043783 0.155050
v -0.062763 -0.018473 0.281326
v -0.057823 -0.041980 0.163793
v -0.052681 -0.039669 0.181912
v -0.071287 0.040999 0.216275
v -0.091046 -0.005388 0.070544
v -0.075908 -0.036488 0.102863
v -0.072705 -0.040169 0.111869
v -0.079171 -0.036260 0.104953
v -0.078303 -0.033171 0.098936
v -0.082368 -0.029717 0.093199
v -0.076249 -0.039716 0.111321
v -0.068246 -0.043662 0.122382
v -0.074205 -0.040215 0.121873
v -0.068327 -0.042783 0.137355
v -0.065186 -0.043695 0.133389
v -0.061014 -0.044627 0.145343
v -0.060321 -0.043783 0.155050
v -0.049435 -0.180860 0.085643
v -0.046483 -0.176367 0.098462
v -0.049237 -0.176287 0.098003
v -0.052777 -0.177362 0.085335
v -0.051040 -0.177391 0.076612
v -0.052603 -0.174281 0.073384
v -0.041553 -0.131113 0.112538
v -0.044983 -0.137675 0.094161
v -0.048532 -0.154422 0.103466
v -0.046044 -0.150677 0.114127
v -0.040895 -0.135580 0.124327
v -0.050806 -0.157130 0.082809
v -0.042628 -0.119268 0.064485
v -0.051033 -0.152260 0.062390
v -0.045609 -0.134945 0.075714
v -0.038285 -0.111104 0.077521
v -0.035044 -0.108312 0.106980
v -0.052944 -0.163615 0.072358
v -0.031761 -0.106527 0.130697
v -0.030276 -0.098826 0.120532
v -0.033293 -0.115204 0.135463
v -0.051523 -0.169050 0.099221
v -0.053006 -0.171685 0.086070
v -0.026542 -0.095859 0.136159
v -0.045043 -0.130623 0.056425
v -0.036579 -0.126111 0.132416
v -0.049380 -0.165495 0.105813
v -0.025742 -0.102927 0.147367
v -0.022615 -0.095387 0.147221
v -0.020866 -0.098257 0.155601
v -0.034662 -0.106058 0.091737
v -0.030863 -0.100933 0.111121
v -0.052784 -0.167980 0.066694
v -0.048842 -0.147141 0.057118
v -0.027810 -0.109805 0.144866
v -0.045432 -0.155579 0.115600
v -0.041833 -0.145112 0.122840
v -0.023180 -0.093057 0.139922
v -0.036707 -0.133200 0.131635
v -0.034639 -0.107850 0.077036
v -0.027139 -0.096237 0.124576
v -0.028222 -0.117706 0.142828
v -0.032249 -0.103999 0.094339
v -0.022069 -0.093455 0.130460
v -0.021502 -0.107578 0.151610
v 0.001161 0.087661 -0.500006
v -0.000352 0.086776 -0.500237
v -0.000442 0.094944 -0.500073
v 0.001548 0.095870 -0.500113
v 0.000048 0.113278 -0.498940
v 0.001021 0.069263 -0.498653
v 0.076160 0.017513 0.262921
v 0.072345 0.009490 0.268941
v 0.076336 0.010434 0.267926
v 0.071789 0.006122 0.273043
v -0.073527 0.020175 0.256860
v -0.076772 0.021781 0.256395
v -0.075240 0.018892 0.261989
v -0.071623 0.027112 0.250294
v -0.076254 0.015612 0.265184
v -0.074724 0.027335 0.243842
v -0.071971 0.030572 0.241881
v 0.060914 0.015190 0.199889
v 0.058006 0.015483 0.198121
v 0.059388 0.010839 0.207830
v 0.060116 0.017400 0.189045
v 0.055431 0.014098 0.202355
v 0.055411 0.009938 0.208751
v 0.055225 0.006495 0.213151
v 0.055633 0.019195 0.196231
v 0.001262 -0.107424 0.110136
v 0.010932 -0.103493 0.114942
v 0.011157 -0.105814 0.112488
v 0.016405 -0.099495 0.123189
v 0.072073 -0.040247 0.111085
v 0.076456 -0.036060 0.102256
v 0.076948 -0.037802 0.105346
v 0.079593 -0.031739 0.095148
v 0.071454 -0.042579 0.118291
v 0.083751 -0.022403 0.082815
v 0.086062 -0.023741 0.086752
v 0.082352 -0.027570 0.090933
v 0.087766 -0.017006 0.076455
v -0.062026 -0.014979 0.286975
v -0.066277 -0.015405 0.287658
v -0.058155 -0.018461 0.289708
v -0.069084 -0.008949 0.284397
v -0.059109 -0.014621 0.287502
v -0.057763 -0.014827 0.280348
v -0.061754 -0.014669 0.275662
v -0.058216 -0.016239 0.274973
v -0.061053 -0.013924 0.264453
v -0.066302 -0.010873 0.284060
v -0.055693 -0.009216 0.239662
v -0.057103 -0.012984 0.256332
v -0.054291 -0.011479 0.255706
v -0.054809 -0.013800 0.265481
v -0.052650 -0.009433 0.242582
v -0.052164 -0.009021 0.225853
v -0.055623 -0.013660 0.277576
v -0.076254 0.015612 0.265184
v -0.075965 0.009905 0.269844
v -0.072369 0.009963 0.268924
v -0.075240 0.018892 0.261989
v -0.072208 0.004729 0.276088
v 0.000409 -0.134042 -0.189464
v 0.001076 -0.138364 -0.178861
v -0.001791 -0.136644 -0.181019
v -0.001394 -0.131910 -0.191071
v 0.000831 -0.129667 -0.198322
v -0.000163 -0.125672 -0.205619
v -0.001366 -0.119038 -0.218286
v 0.000514 -0.121871 -0.213186
v 0.001323 -0.115096 -0.227194
v -0.001563 -0.110981 -0.235675
v 0.000223 -0.142440 -0.173652
v -0.003920 -0.137535 -0.171481
v -0.001755 -0.148689 -0.163641
v 0.001454 -0.149216 -0.164062
v -0.000396 -0.157013 -0.156620
v -0.001666 -0.185772 -0.134474
v 0.001604 -0.188501 -0.132141
v -0.001841 -0.190546 -0.127342
v 0.000355 -0.184498 -0.136655
v 0.001129 -0.193491 -0.123258
v -0.001776 -0.194945 -0.111988
v -0.001669 -0.173149 -0.143206
v -0.005044 -0.185045 -0.122659
v -0.005078 -0.176898 -0.130816
v -0.003504 -0.160967 -0.148085
v -0.004779 -0.186793 -0.104743
v -0.005245 -0.164619 -0.134613
v -0.005268 -0.138745 -0.161968
v -0.004857 -0.127854 -0.181586
v -0.005353 -0.115252 -0.203272
v -0.006167 -0.130827 -0.157222
v -0.007299 -0.098944 -0.196783
v -0.007159 -0.115973 -0.143491
v -0.006814 -0.099028 -0.223172
v -0.004762 -0.106787 -0.229526
v -0.007303 -0.081168 -0.254260
v -0.007953 -0.081420 -0.240223
v -0.008148 -0.070733 -0.257350
v -0.006001 -0.065054 -0.285765
v -0.007497 -0.058331 -0.272853
v -0.005617 -0.076601 -0.273777
v -0.004658 -0.094684 -0.251084
v -0.005488 -0.175636 -0.091921
v -0.007168 -0.124396 -0.098524
v -0.007468 -0.103294 -0.114398
v -0.007848 -0.076985 -0.220170
v -0.007524 -0.091248 -0.157206
v -0.006144 -0.151613 -0.070365
v -0.007263 -0.124121 -0.039476
v -0.006557 -0.142755 -0.061632
v -0.006902 -0.100701 -0.071251
v -0.006794 -0.085130 -0.086489
v -0.006680 -0.104380 -0.042130
v -0.006595 -0.102286 -0.005157
v -0.006599 -0.100250 -0.017540
v -0.006889 -0.109530 -0.013794
v -0.005824 -0.137336 -0.041923
v -0.005973 -0.124269 -0.023966
v -0.004940 -0.168211 -0.076365
v -0.007183 -0.054877 -0.255818
v -0.005253 -0.053552 -0.292386
v -0.004744 -0.155387 -0.060774
v -0.006482 -0.072490 -0.161555
v -0.006367 -0.078791 -0.110529
v -0.006091 -0.055698 -0.218388
v -0.005724 -0.061538 -0.181914
v -0.005920 -0.071458 -0.131045
v -0.006183 -0.112220 -0.011389
v -0.005515 -0.093128 -0.063139
v -0.005992 -0.046422 -0.265155
v -0.005247 -0.096856 -0.042914
v -0.004922 -0.046837 -0.284855
v -0.004915 -0.043965 -0.242307
v -0.005033 -0.048785 -0.219945
v -0.004988 -0.064553 -0.156982
v -0.005331 -0.067571 -0.144032
v -0.005333 -0.059823 -0.177028
v -0.004937 -0.053469 -0.202389
v -0.003292 -0.184007 -0.088896
v -0.002307 -0.036464 -0.276899
v -0.003797 -0.039539 -0.264346
v -0.003054 -0.049356 -0.297680
v -0.001564 -0.055899 -0.300731
v -0.002218 -0.063940 -0.295306
v -0.003353 -0.077090 -0.280679
v -0.001688 -0.189401 -0.093051
v -0.002118 -0.172302 -0.071504
v -0.001426 -0.106180 -0.245251
v -0.002799 -0.111230 -0.001396
v -0.005656 -0.103501 0.005051
v -0.002017 -0.089945 -0.267364
v -0.002193 -0.149235 -0.046177
v -0.002746 -0.129431 -0.020826
v -0.001589 -0.083808 -0.275783
v -0.001784 -0.120379 -0.010644
v -0.000167 -0.035992 -0.282961
v -0.000469 -0.043433 -0.294046
v -0.000381 -0.180162 -0.079043
v 0.000293 -0.192675 -0.097056
v -0.001099 -0.133687 -0.023902
v 0.001192 -0.051018 -0.301634
v 0.000223 -0.160882 -0.056581
v -0.000444 -0.152351 -0.047478
v 0.000258 -0.143144 -0.035230
v 0.000861 -0.114974 -0.455943
v -0.001672 -0.113849 -0.456108
v -0.000075 -0.123798 -0.463408
v -0.000077 -0.108850 -0.447739
v -0.001600 -0.100843 -0.442169
v -0.051088 0.032442 0.021828
v -0.050782 0.009066 0.004197
v -0.051480 0.009323 0.035278
v -0.051295 0.031939 0.047351
v -0.049518 0.024746 -0.006741
v -0.048660 0.045800 0.002581
v -0.048167 0.005402 -0.028382
v -0.046640 0.021190 -0.039278
v -0.043630 0.033285 -0.060011
v -0.050410 0.046350 0.031854
v -0.041314 0.020327 -0.085122
v -0.043314 0.004953 -0.070796
v -0.048599 0.063261 0.032960
v -0.037919 0.045829 -0.095831
v -0.033634 0.042102 -0.128129
v -0.042346 0.052628 -0.049436
v -0.046436 0.060150 -0.002308
v -0.034974 0.020794 -0.127501
v -0.028692 0.018873 -0.169913
v -0.027297 0.036019 -0.172538
v -0.024359 0.028762 -0.200343
v -0.025081 0.015020 -0.199779
v -0.021188 0.021355 -0.236449
v -0.020295 0.002829 -0.253665
v -0.018446 0.015846 -0.266199
v -0.032680 0.002487 -0.142671
v -0.027043 0.003156 -0.180957
v -0.023425 0.002902 -0.215529
v -0.018504 0.002050 -0.301036
v -0.022105 0.047957 -0.193072
v -0.017260 0.016643 -0.284596
v -0.017648 0.002579 -0.328378
v -0.027220 0.058869 -0.148804
v -0.031627 0.060341 -0.117830
v -0.015545 0.016487 -0.324371
v -0.014360 0.013534 -0.350544
v -0.015694 0.000264 -0.358097
v -0.012870 0.015155 -0.371773
v -0.011853 0.015612 -0.392153
v -0.011907 -0.000865 -0.407599
v -0.010122 0.017609 -0.408052
v -0.013433 -0.007502 -0.392046
v -0.011528 -0.020652 -0.412708
v -0.009863 -0.009960 -0.422869
v -0.008198 0.018995 -0.423699
v -0.008843 0.029893 -0.409775
v -0.009782 0.025553 -0.394425
v -0.049850 0.054320 0.079038
v -0.048487 0.072616 0.123769
v -0.048185 0.071568 0.078733
v -0.050485 0.054690 0.118853
v -0.050790 0.063995 0.153593
v -0.054167 0.042708 0.156316
v -0.051624 0.041818 0.120171
v -0.055696 0.022707 0.153091
v -0.056155 0.025000 0.167548
v -0.050451 0.036734 0.088711
v -0.052064 0.027209 0.123072
v -0.050658 0.029399 0.106096
v -0.007713 0.043352 -0.436246
v -0.007839 0.046988 -0.421703
v -0.006427 0.079527 -0.452226
v -0.005416 0.076545 -0.470186
v -0.004494 0.104366 -0.471275
v -0.002194 0.099687 -0.493102
v -0.000570 0.122353 -0.490249
v -0.056210 0.007001 0.168332
v -0.001672 0.082118 -0.495169
v -0.006810 -0.031163 -0.441333
v -0.005600 0.041004 -0.450757
v -0.004184 0.063393 -0.473282
v 0.000048 0.113278 -0.498940
v -0.007703 -0.054749 -0.444752
v -0.005165 -0.050310 -0.460472
v -0.005568 -0.077197 -0.467693
v -0.007246 -0.072609 -0.448176
v -0.008633 -0.050138 -0.426605
v -0.011614 -0.023610 -0.400471
v -0.004299 -0.100435 -0.473079
v -0.001551 -0.113224 -0.492028
v -0.001143 -0.085109 -0.497604
v -0.000546 -0.097846 -0.499733
v -0.053833 0.017364 0.142043
v -0.049324 0.017150 0.096576
v -0.049820 0.013799 0.116108
v -0.049820 0.016723 0.076973
v -0.002364 -0.121174 -0.474007
v -0.004914 -0.097616 -0.453460
v -0.054000 0.002055 0.155196
v -0.055963 0.012874 0.177974
v -0.044933 -0.012141 -0.039526
v -0.048787 -0.011959 0.011349
v -0.001853 -0.050849 -0.478188
v -0.033353 -0.014816 -0.124663
v -0.039515 -0.011878 -0.083705
v -0.000103 0.056981 -0.492285
v -0.000504 0.050848 -0.485612
v -0.014486 -0.008774 -0.360636
v -0.015088 -0.011792 -0.337309
v -0.012520 -0.017855 -0.367153
v -0.004155 0.104443 -0.457938
v -0.000757 0.128642 -0.472890
v -0.025801 -0.012871 -0.174705
v -0.022268 -0.010631 -0.205100
v -0.000566 -0.125142 -0.485296
v -0.046723 -0.001532 0.097901
v -0.045261 -0.021579 0.123942
v -0.044088 -0.026665 0.108497
v -0.044511 -0.025594 0.093602
v -0.047518 -0.011434 0.068947
v -0.050036 0.003852 0.134098
v -0.048509 -0.012638 0.142977
v -0.052672 -0.012579 0.163865
v -0.018750 -0.010402 -0.246324
v -0.017702 -0.006199 -0.273955
v -0.015382 -0.013144 -0.297834
v -0.048036 -0.017768 0.042258
v -0.045478 -0.027706 0.063768
v -0.004850 0.091681 -0.444074
v -0.000442 0.094944 -0.500073
v -0.045470 -0.027349 0.002461
v -0.006129 -0.073349 -0.429184
v -0.051009 0.060201 0.188885
v -0.004966 0.078711 -0.429392
v -0.005982 0.060474 -0.415301
v -0.006525 0.044894 -0.401963
v -0.000352 0.086776 -0.500237
v -0.005862 0.006245 -0.433038
v -0.005210 0.023878 -0.440396
v -0.054103 0.029976 0.185087
v -0.052337 0.048148 0.204052
v -0.052630 0.052944 0.240211
v -0.053880 0.021882 0.245335
v -0.052895 0.032648 0.209850
v -0.054350 0.044710 0.254074
v -0.055078 0.028392 0.263456
v -0.053671 0.055353 0.254324
v -0.055475 0.050067 0.272920
v -0.052559 0.015741 0.222540
v -0.052034 -0.006406 0.243907
v -0.052673 -0.002479 0.267133
v -0.052910 -0.009139 0.260677
v -0.052940 0.016535 0.205120
v -0.052949 0.003476 0.205310
v -0.050617 -0.002251 0.221481
v -0.057840 0.037384 0.282282
v -0.058389 0.022815 0.277266
v -0.060522 0.017929 0.297178
v -0.059989 -0.007196 0.291573
v -0.061321 0.003096 0.300711
v -0.059599 -0.014938 0.305340
v -0.060409 -0.009614 0.316210
v -0.058920 0.032175 0.297909
v -0.059978 0.014211 0.316704
v -0.054186 0.002799 0.184160
v -0.058155 -0.018461 0.289708
v -0.055623 -0.013660 0.277576
v -0.052865 0.007268 0.269295
v -0.059888 -0.007899 0.321409
v -0.050602 0.065691 0.251277
v -0.010276 -0.030800 -0.389141
v -0.009054 -0.040922 -0.405118
v -0.038927 -0.054450 0.114031
v -0.040211 -0.047497 0.107428
v -0.037966 -0.057330 0.073918
v -0.043954 -0.033695 0.153771
v -0.033228 -0.028808 -0.105451
v -0.039289 -0.031146 -0.053991
v -0.040153 -0.039015 -0.028101
v -0.053778 -0.000898 0.202403
v -0.041328 -0.045135 0.077388
v -0.052587 -0.012390 0.169811
v -0.000280 0.037842 -0.475047
v -0.001372 -0.035565 -0.467112
v -0.056385 -0.002764 0.277230
v -0.039614 -0.054616 0.154298
v -0.043396 -0.040252 0.045361
v -0.045563 -0.025662 0.141422
v -0.048730 -0.020433 0.156166
v -0.006362 -0.057226 -0.412766
v -0.053379 -0.005147 0.180848
v -0.041328 -0.046137 0.171843
v -0.038357 -0.058793 0.197148
v -0.041036 -0.040386 0.198632
v -0.041462 -0.039554 0.187494
v -0.037601 -0.063007 0.230495
v -0.039357 -0.054449 0.242745
v -0.040699 -0.036786 0.225562
v -0.041376 -0.034163 0.243983
v -0.041849 -0.038426 0.256546
v -0.041826 -0.044092 0.268070
v -0.042999 -0.036002 0.177686
v -0.047549 -0.023453 0.174419
v -0.045552 -0.028820 0.180875
v -0.037087 -0.065811 0.266479
v -0.040699 -0.053516 0.289433
v -0.056193 -0.029293 0.322870
v -0.051837 -0.004629 0.202212
v -0.021356 -0.018888 -0.197395
v -0.022880 -0.029670 -0.168579
v -0.000589 0.029958 -0.464850
v 0.000004 0.009251 -0.451168
v -0.035222 -0.071729 0.188950
v -0.034797 -0.073474 0.160544
v -0.035470 -0.069333 0.131397
v -0.040781 -0.046462 0.007678
v -0.016873 -0.030765 -0.206794
v -0.054178 -0.036766 0.318558
v -0.014658 -0.018053 -0.271185
v -0.052374 -0.033662 0.350668
v -0.034311 -0.067809 0.082096
v -0.059109 -0.014621 0.287502
v -0.019027 -0.039365 -0.172070
v -0.052142 -0.004909 0.188039
v -0.050580 -0.020559 0.372236
v -0.046906 -0.033323 0.385210
v -0.043210 -0.030830 0.412116
v -0.038988 -0.060007 0.300965
v -0.032684 -0.039665 -0.085987
v -0.040137 -0.051258 0.040354
v -0.025288 -0.043631 -0.125545
v -0.050668 0.001935 0.380589
v -0.054727 0.001296 0.352337
v -0.054502 0.015485 0.349664
v -0.050182 0.023361 0.379581
v -0.033794 -0.076235 0.249178
v -0.050964 -0.044736 0.339945
v -0.044198 -0.047314 0.388903
v -0.040670 -0.046190 0.421416
v -0.040272 -0.032271 0.430993
v -0.038732 -0.047079 0.449860
v -0.047602 -0.047564 0.363779
v -0.041425 -0.009576 0.423582
v -0.047428 0.008589 0.398048
v -0.037722 -0.024262 0.445641
v -0.037166 -0.043838 0.460481
v -0.037990 -0.010653 0.443175
v -0.014997 -0.022344 -0.247137
v -0.033502 -0.052823 -0.047568
v 0.000049 -0.128745 -0.475245
v -0.038423 -0.056206 0.412648
v -0.049799 -0.012172 0.193551
v -0.048124 -0.016943 0.188635
v -0.047778 -0.015545 0.199144
v -0.047268 -0.023418 0.194114
v -0.048468 -0.019815 0.204793
v -0.048381 -0.013733 0.202214
v -0.032825 -0.060882 -0.028760
v -0.046549 0.032680 0.397085
v -0.043908 0.032013 0.406736
v -0.038871 0.004440 0.432290
v -0.037625 0.009821 0.444404
v -0.035739 0.011947 0.462806
v -0.036333 0.018990 0.450341
v -0.034724 -0.001536 0.464982
v -0.037070 0.010433 0.435737
v -0.034238 -0.021635 0.459156
v -0.034402 0.022932 0.461481
v -0.052650 -0.009433 0.242582
v -0.052164 -0.009021 0.225853
v -0.052278 -0.007400 0.208957
v -0.051337 -0.009738 0.207912
v -0.050762 -0.010994 0.202841
v -0.010069 -0.025729 -0.366961
v -0.010534 -0.022736 -0.330882
v -0.056515 0.029274 0.270480
v 0.000004 -0.000157 -0.447661
v -0.042489 -0.046474 0.282754
v -0.044899 -0.037860 0.278374
v -0.034268 -0.072675 0.295446
v -0.034628 -0.065554 0.032124
v -0.033295 0.035089 0.451955
v -0.007544 0.031675 -0.381876
v -0.033049 -0.066414 0.001696
v -0.041723 0.010874 0.417962
v -0.035307 -0.057685 0.448157
v -0.054291 -0.011479 0.255706
v -0.006344 -0.043603 -0.393928
v -0.036687 -0.066566 0.320699
v 0.000290 -0.117596 -0.494356
v -0.011400 -0.022798 -0.294886
v -0.026203 -0.056654 -0.086751
v -0.047614 -0.027989 0.191250
v -0.046109 -0.031291 0.182887
v -0.001899 0.110650 -0.449413
v -0.002312 -0.017351 -0.448462
v -0.034785 -0.054052 0.461008
v -0.056255 -0.023477 0.290274
v -0.030723 -0.083161 0.197604
v -0.010617 -0.029772 -0.258392
v -0.034956 0.020796 0.446313
v -0.033814 0.032663 0.445767
v -0.033788 0.042765 0.438094
v 0.001021 0.069263 -0.498653
v -0.000001 -0.057696 -0.487305
v 0.000399 -0.068140 -0.493698
v -0.048982 -0.049626 0.324762
v -0.049828 -0.045012 0.310082
v -0.038906 0.011014 0.425191
v -0.031290 0.002976 0.477044
v -0.040372 -0.059407 0.380959
v -0.043576 -0.039684 0.264989
v -0.016732 -0.046916 -0.167016
v -0.017845 -0.057436 -0.132416
v -0.026520 -0.069874 -0.045058
v -0.030520 -0.083235 0.158693
v -0.031575 -0.076385 0.112260
v -0.031252 -0.073727 0.061201
v -0.033310 -0.042315 0.475011
v -0.035035 -0.032380 0.461486
v -0.034744 -0.063008 0.420606
v -0.043354 -0.035313 0.183367
v -0.010938 -0.045150 -0.202390
v -0.049087 -0.042488 0.298771
v -0.006261 -0.036826 -0.380255
v -0.019011 -0.068996 -0.093209
v -0.030027 -0.083130 0.270651
v -0.054809 -0.013800 0.265481
v -0.001561 0.093210 -0.431183
v -0.044552 -0.056709 0.350153
v -0.031029 -0.012689 0.470348
v -0.026651 -0.013508 0.482341
v -0.024853 -0.077589 -0.026147
v -0.052203 -0.010356 0.199022
v -0.032667 -0.073366 0.332825
v -0.026962 -0.078117 0.000774
v 0.000059 -0.010989 -0.450709
v -0.053776 -0.026358 0.285611
v -0.050141 -0.014186 0.198026
v -0.026413 -0.091018 0.212151
v -0.043769 -0.031542 0.249123
v -0.030886 -0.027247 0.465374
v -0.028766 -0.057051 0.475562
v -0.024952 -0.083145 0.026234
v -0.044800 -0.033110 0.257185
v -0.025698 -0.091737 0.159002
v -0.027621 -0.082955 0.108800
v -0.041072 -0.039217 0.205691
v -0.041232 -0.037253 0.212661
v -0.025464 -0.084145 0.077155
v 0.000063 -0.018721 -0.454107
v -0.030493 0.019410 0.473638
v 0.000114 -0.041573 -0.475823
v -0.014387 -0.053213 -0.160182
v -0.016449 -0.081933 -0.062873
v -0.006911 -0.037762 -0.253308
v -0.007116 -0.031143 -0.276169
v -0.006742 -0.027653 -0.300904
v -0.006881 -0.026776 -0.328388
v -0.001435 0.087164 -0.425413
v -0.001629 0.074321 -0.415337
v -0.035219 -0.068709 0.377045
v -0.040526 0.022240 0.415448
v -0.026183 -0.002413 0.486373
v -0.040219 0.032857 0.414703
v -0.044306 0.027956 0.422349
v -0.042013 0.018437 0.421456
v -0.044264 0.022947 0.431296
v -0.043911 0.032585 0.431434
v -0.041060 0.013280 0.431741
v -0.040675 0.039910 0.422188
v -0.040414 0.018073 0.439155
v -0.040222 0.026448 0.441211
v -0.040383 0.040744 0.431730
v -0.039114 0.040156 0.418327
v 0.000377 -0.081604 -0.498983
v -0.001432 0.061970 -0.403954
v -0.023594 -0.024091 0.475460
v -0.039270 0.037133 0.438390
v 0.000130 0.114333 -0.448661
v 0.000381 0.124532 -0.462247
v 0.000188 0.100653 -0.434821
v -0.023824 -0.013501 0.486860
v -0.031240 -0.034160 0.469782
v -0.028892 -0.038157 0.483775
v -0.000127 -0.034004 -0.288246
v 0.000251 0.125707 -0.484208
v 0.000261 -0.030942 -0.465472
v -0.018412 -0.005990 0.494017
v 0.001175 -0.103994 -0.498892
v -0.000050 -0.030403 -0.330063
v -0.000150 -0.030375 -0.304121
v -0.006276 -0.028936 -0.346900
v 0.000291 -0.032944 -0.350442
v -0.006083 -0.032801 -0.368442
v 0.000693 -0.036339 -0.366287
v -0.000088 0.070433 -0.410697
v -0.000310 -0.049474 0.498058
v -0.011440 -0.055868 0.493994
v 0.000027 -0.058560 0.495264
v -0.016796 -0.048589 0.494354
v -0.013709 -0.065191 0.486586
v -0.019106 -0.059587 0.487092
v 0.000194 -0.066405 0.489200
v -0.025204 -0.049186 0.486885
v -0.020221 -0.044393 0.491909
v -0.020660 -0.067500 0.474854
v -0.012508 -0.073835 0.473424
v 0.000387 -0.074780 0.477116
v -0.013963 -0.078777 0.459410
v -0.025376 -0.068978 0.460247
v -0.000487 -0.082133 0.458892
v -0.019741 -0.078717 0.440300
v -0.012136 -0.083623 0.441214
v -0.000659 -0.086399 0.440637
v -0.000602 -0.090866 0.408805
v -0.011471 -0.089453 0.396723
v -0.000304 -0.094616 0.378689
v -0.010573 -0.093582 0.363577
v 0.000177 -0.098064 0.351975
v -0.000275 -0.101688 0.322571
v -0.020404 -0.084490 0.387918
v -0.010069 -0.097700 0.330144
v -0.011034 -0.102160 0.284259
v -0.000345 -0.106594 0.275906
v -0.001597 -0.110575 0.217468
v -0.010363 -0.106000 0.238833
v -0.010845 -0.107666 0.205005
v -0.000798 -0.111059 0.168570
v -0.028097 -0.068981 0.446515
v -0.011245 -0.106816 0.152207
v -0.018638 -0.090125 0.339893
v -0.018283 -0.098037 0.268124
v 0.000199 -0.110326 0.150987
v -0.009474 -0.108382 0.134473
v -0.027815 -0.072842 0.423994
v -0.027078 -0.077932 0.387852
v -0.019670 -0.099895 0.210526
v -0.016160 -0.103013 0.156669
v -0.025139 -0.089015 0.289212
v -0.028474 -0.078502 0.353766
v -0.025609 -0.083953 0.328628
v -0.024932 -0.091602 0.258875
v -0.020866 -0.098257 0.155601
v -0.042997 -0.059061 0.325897
v -0.023180 -0.093057 0.139922
v -0.022069 -0.093455 0.130460
v -0.020604 -0.090912 0.085764
v -0.018156 -0.092851 0.030741
v -0.015157 -0.095606 0.012544
v -0.018522 -0.088005 -0.023383
v -0.013210 -0.098617 0.044482
v -0.012137 -0.099855 0.085623
v -0.015348 -0.099543 0.119139
v -0.011667 -0.103172 0.115741
v -0.019184 -0.095759 0.124395
v -0.013919 -0.091881 -0.029152
v -0.014674 -0.077852 -0.084534
v -0.014718 -0.066134 -0.120754
v -0.006993 -0.103013 0.028142
v -0.001057 -0.107889 0.005140
v -0.008238 -0.102630 0.088403
v 0.000114 -0.041573 -0.475823
v -0.001372 -0.035565 -0.467112
v 0.001807 -0.037156 -0.468113
v 0.000261 -0.030942 -0.465472
v -0.001600 -0.100843 -0.442169
v 0.001595 -0.100696 -0.443059
v -0.000356 -0.097971 -0.438410
v -0.000077 -0.108850 -0.447739
v -0.001528 -0.089295 -0.431535
v 0.001792 -0.088969 -0.432313
v -0.000116 -0.080738 -0.422993
v 0.002576 -0.073175 -0.418856
v -0.050687 -0.164413 0.063382
v -0.051040 -0.177391 0.076612
v -0.052603 -0.174281 0.073384
v -0.052784 -0.167980 0.066694
v 0.069940 0.039369 0.225616
v 0.067994 0.042403 0.222129
v 0.068228 0.036657 0.230546
v 0.071938 0.033780 0.234457
v 0.074540 0.068154 0.156780
v 0.072176 0.069363 0.153791
v 0.071835 0.062661 0.168340
v 0.075936 0.073391 0.144426
v 0.071829 0.059083 0.175904
v 0.068280 0.057384 0.178614
v 0.068190 0.053915 0.189412
v 0.076024 0.075373 0.138238
v 0.079601 0.076355 0.129605
v 0.080731 0.078744 0.118635
v 0.070472 0.050224 0.191892
v 0.068353 0.048587 0.200029
v 0.071298 0.043259 0.210133
v 0.068085 0.045693 0.210574
v 0.072176 0.037061 0.223173
v 0.048121 -0.034561 0.186064
v 0.050048 -0.037557 0.186127
v 0.044687 -0.038026 0.186335
v -0.000589 0.029958 -0.464850
v 0.001076 0.032265 -0.467883
v 0.000394 0.019616 -0.458053
v 0.000004 0.009251 -0.451168
v 0.068114 -0.005648 0.285223
v 0.066070 -0.011333 0.287577
v 0.067896 -0.011888 0.288755
v 0.061587 -0.014344 0.287104
v 0.064307 -0.017273 0.288735
v 0.058623 -0.017993 0.288154
v 0.061948 -0.020010 0.290713
v 0.059138 -0.013836 0.287270
v 0.071689 -0.005402 0.283114
v 0.072299 -0.000417 0.278777
v 0.068335 -0.001889 0.279498
v 0.072507 0.004094 0.275836
v 0.057765 -0.013410 0.271043
v 0.060464 -0.013839 0.262491
v 0.055771 -0.013362 0.262555
v 0.058266 -0.011145 0.257312
v 0.055195 -0.008362 0.252321
v 0.057446 -0.008325 0.250503
v 0.054918 -0.005320 0.241254
v 0.055519 -0.012997 0.268808
v 0.058286 -0.003502 0.238094
v 0.054876 -0.001602 0.229668
v 0.058212 0.000873 0.225741
v 0.055257 0.003228 0.220216
v 0.058610 0.004663 0.219382
v 0.055225 0.006495 0.213151
v 0.059388 0.010839 0.207830
v 0.065269 -0.006890 0.261856
v 0.064537 0.000801 0.242931
v 0.064747 0.009778 0.227555
v 0.064406 0.017300 0.212716
v 0.060914 0.015190 0.199889
v 0.069815 0.004683 0.254591
v 0.065007 -0.008390 0.274921
v 0.068419 0.017341 0.231823
v 0.071727 0.016720 0.247865
v 0.073607 0.013372 0.260427
v 0.075565 0.021290 0.257678
v 0.076160 0.017513 0.262921
v 0.072345 0.009490 0.268941
v 0.068411 0.001283 0.271879
v 0.071789 0.006122 0.273043
v 0.067927 0.023048 0.223534
v 0.070138 0.030404 0.234408
v 0.072263 0.026125 0.248449
v 0.071763 0.030079 0.241645
v 0.071938 0.033780 0.234457
v 0.068228 0.036657 0.230546
v 0.001040 0.044357 -0.481049
v 0.001076 0.032265 -0.467883
v -0.000280 0.037842 -0.475047
v -0.000589 0.029958 -0.464850
v -0.000504 0.050848 -0.485612
v -0.000103 0.056981 -0.492285
v -0.046109 -0.031291 0.182887
v -0.043354 -0.035313 0.183367
v -0.047898 -0.033269 0.182147
v -0.049264 -0.038373 0.182840
v -0.044837 -0.038502 0.185776
v -0.041462 -0.039554 0.187494
v -0.000130 0.077634 -0.284217
v 0.000727 0.076666 -0.279948
v -0.000215 0.068763 -0.265603
v 0.000457 0.063198 -0.245587
v 0.000745 0.045204 -0.269739
v -0.001287 0.045870 -0.268680
v 0.000964 0.052725 -0.259695
v 0.000185 0.037336 -0.278525
v -0.001091 0.053455 -0.259070
v -0.000136 0.057978 -0.253003
v 0.060049 0.000990 0.171196
v 0.057919 0.007993 0.174752
v 0.060643 0.008999 0.175730
v 0.060260 0.014245 0.181854
v -0.046109 -0.031291 0.182887
v -0.047898 -0.033269 0.182147
v -0.047614 -0.027989 0.191250
v -0.058389 0.022815 0.277266
v -0.054350 0.044710 0.254074
v -0.056515 0.029274 0.270480
v -0.011667 -0.103172 0.115741
v -0.002599 -0.107556 0.112159
v -0.008782 -0.106497 0.115120
v -0.007791 -0.108252 0.117610
v -0.008238 -0.102630 0.088403
v -0.000570 -0.106789 0.092540
v -0.000183 -0.106201 0.049035
v -0.006993 -0.103013 0.028142
v -0.000404 -0.106922 0.026624
v -0.001057 -0.107889 0.005140
v 0.001149 -0.107531 0.005572
v 0.001262 -0.107424 0.110136
v 0.011157 -0.105814 0.112488
v 0.004015 -0.108706 0.112606
v 0.004787 -0.103953 0.094795
v 0.011297 -0.100721 0.100638
v 0.011674 -0.099646 0.082542
v 0.007152 -0.102694 0.037388
v 0.004759 -0.104263 0.002024
v 0.013859 -0.097599 0.036581
v 0.000163 0.089190 -0.425985
v -0.001561 0.093210 -0.431183
v -0.001435 0.087164 -0.425413
v 0.000004 0.080842 -0.418685
v -0.001629 0.074321 -0.415337
v 0.000662 0.079532 -0.300155
v 0.000727 0.076666 -0.279948
v -0.000130 0.077634 -0.284217
v -0.001138 0.081760 -0.295347
v -0.001372 0.073250 -0.269945
v -0.000434 0.191280 -0.232898
v -0.000903 0.194527 -0.224611
v 0.000543 0.197763 -0.215600
v 0.081909 0.080167 0.117201
v 0.080731 0.078744 0.118635
v 0.079601 0.076355 0.129605
v 0.084499 0.080131 0.104423
v -0.049264 -0.038373 0.182840
v -0.054990 -0.036161 0.182572
v -0.052681 -0.039669 0.181912
v -0.052331 -0.042771 0.171659
v -0.057823 -0.041980 0.163793
v -0.000136 0.057978 -0.253003
v -0.000967 0.063860 -0.244453
v 0.000457 0.063198 -0.245587
v -0.048893 -0.021843 0.196582
v -0.047268 -0.023418 0.194114
v -0.047614 -0.027989 0.191250
v -0.023180 -0.093057 0.139922
v -0.022615 -0.095387 0.147221
v -0.020866 -0.098257 0.155601
v 0.037974 -0.111288 0.079716
v 0.033820 -0.105763 0.102806
v 0.040546 -0.127311 0.106882
v 0.029520 -0.099854 0.128144
v 0.029670 -0.099459 0.116133
v 0.033204 -0.104298 0.094013
v -0.001013 0.135081 0.192520
v -0.002885 0.130522 0.215506
v 0.004492 0.130977 0.211399
v 0.011297 -0.100721 0.100638
v 0.010932 -0.103493 0.114942
v 0.001262 -0.107424 0.110136
v 0.041459 -0.123884 0.056849
v 0.041726 -0.119081 0.062488
v 0.046035 -0.134353 0.056188
v 0.047140 -0.144107 0.055749
v 0.049174 -0.147583 0.057038
v 0.051246 -0.160717 0.061196
v 0.051210 -0.150574 0.064177
v 0.052989 -0.164280 0.063657
v 0.054215 -0.167327 0.073905
v 0.043823 -0.123633 0.064053
v 0.053646 -0.168568 0.086532
v 0.047482 -0.146445 0.091410
v 0.046404 -0.150741 0.113171
v 0.050846 -0.164519 0.104066
v 0.046294 -0.136824 0.073290
v 0.040578 -0.116715 0.074103
v -0.000240 0.054413 -0.395063
v -0.001432 0.061970 -0.403954
v -0.001600 0.048878 -0.390317
v 0.000183 0.032253 -0.334776
v -0.006120 0.029053 -0.333206
v 0.000147 0.033242 -0.311569
v -0.007116 0.030708 -0.290738
v 0.000188 0.035341 -0.287354
v -0.001366 0.032022 -0.356958
v -0.006390 0.028506 -0.358316
v 0.000185 0.037336 -0.278525
v -0.009791 0.033876 -0.268988
v 0.000394 0.032560 -0.352217
v -0.007101 0.029680 -0.372087
v -0.010215 0.028257 -0.285361
v 0.000613 0.035311 -0.364545
v -0.009644 0.024148 -0.342582
v 0.000161 0.039236 -0.372236
v -0.007544 0.031675 -0.381876
v -0.000190 0.045413 -0.382772
v -0.005753 0.041546 -0.392735
v -0.006525 0.044894 -0.401963
v 0.044687 -0.038026 0.186335
v 0.050048 -0.037557 0.186127
v 0.049760 -0.037377 0.190513
v 0.000052 0.126273 -0.113468
v -0.006334 0.127404 -0.085373
v 0.000225 0.130552 -0.088083
v -0.000099 0.134268 -0.068324
v -0.006650 0.119878 -0.120206
v -0.009981 0.117188 -0.113113
v -0.009734 0.109413 -0.143141
v -0.001304 0.119907 -0.133454
v -0.014770 0.105147 -0.129154
v -0.016811 0.109490 -0.087433
v -0.019209 0.095844 -0.128851
v -0.024479 0.091983 -0.086149
v -0.031613 0.071749 -0.089827
v -0.027492 0.072512 -0.124021
v -0.019912 0.083841 -0.154302
v -0.027220 0.058869 -0.148804
v -0.019101 0.072754 -0.176817
v -0.022105 0.047957 -0.193072
v -0.018409 0.056339 -0.203626
v -0.001449 0.114445 -0.147434
v -0.018151 0.030408 -0.244766
v -0.015146 0.035121 -0.250737
v -0.018446 0.015846 -0.266199
v -0.036274 0.072313 -0.048150
v -0.042346 0.052628 -0.049436
v -0.040533 0.069595 -0.020125
v -0.046436 0.060150 -0.002308
v -0.040074 0.075882 -0.002619
v -0.048599 0.063261 0.032960
v -0.041156 0.080142 0.027884
v -0.048185 0.071568 0.078733
v -0.041024 0.086131 0.069605
v -0.029092 0.102784 0.010895
v -0.042083 0.086214 0.118097
v -0.048487 0.072616 0.123769
v -0.048537 0.074822 0.148635
v -0.027866 0.109309 0.043170
v -0.016234 0.126482 0.003724
v -0.016790 0.129708 0.062713
v -0.010120 0.136459 -0.000263
v -0.010713 0.138168 0.043381
v -0.011423 0.127560 -0.044786
v -0.009707 0.140265 0.091122
v -0.029427 0.099524 -0.000879
v -0.018455 0.127413 0.134776
v -0.026724 0.113862 0.099575
v -0.031134 0.106679 0.126399
v -0.031015 0.106358 0.150801
v -0.010855 0.137349 0.134974
v -0.007282 0.142411 0.107283
v -0.008461 0.138547 0.146129
v -0.050790 0.063995 0.153593
v -0.048543 0.071974 0.193879
v -0.051009 0.060201 0.188885
v -0.050602 0.065691 0.251277
v -0.043004 0.081785 0.213920
v -0.030485 0.106597 0.074722
v -0.006928 0.142745 0.043199
v -0.000943 0.137229 -0.138858
v -0.031627 0.060341 -0.117830
v -0.021188 0.021355 -0.236449
v -0.014639 0.094971 -0.158977
v -0.009602 0.125079 -0.073338
v -0.000248 0.123597 -0.126138
v -0.018849 0.124497 0.165647
v -0.014712 0.025651 -0.268706
v -0.017260 0.016643 -0.284596
v -0.009791 0.033876 -0.268988
v -0.010215 0.028257 -0.285361
v -0.001113 0.167495 -0.159788
v -0.001389 0.182495 -0.217182
v -0.000980 0.192179 -0.191067
v -0.001568 0.113051 -0.180805
v -0.001343 0.110350 -0.157190
v -0.016098 0.018432 -0.292923
v -0.001468 0.100969 -0.250456
v -0.000804 0.138087 -0.252988
v -0.000728 0.107785 -0.267721
v -0.001138 0.081760 -0.295347
v -0.001372 0.073250 -0.269945
v -0.001711 0.082448 -0.212776
v -0.009810 0.052052 -0.244771
v -0.001287 0.045870 -0.268680
v -0.001091 0.053455 -0.259070
v -0.000136 0.057978 -0.253003
v -0.000967 0.063860 -0.244453
v -0.008008 0.070357 -0.220787
v 0.000185 0.037336 -0.278525
v -0.000903 0.194527 -0.224611
v -0.000434 0.191280 -0.232898
v -0.000500 0.198286 -0.202145
v 0.000664 0.192559 -0.186818
v -0.011080 0.072026 -0.211082
v -0.000636 0.159008 -0.246282
v 0.000051 0.181799 -0.171919
v 0.000543 0.197763 -0.215600
v 0.000053 0.103296 -0.276092
v -0.000067 0.087617 -0.293578
v 0.000662 0.079532 -0.300155
v -0.000035 0.119836 -0.262525
v -0.001506 0.070299 -0.234073
v -0.001605 0.092048 -0.194252
v 0.000561 0.181888 -0.239450
v -0.040025 0.090833 0.150376
v -0.015453 0.127026 0.182768
v -0.006806 0.139979 -0.003374
v -0.019094 0.111906 -0.050951
v -0.008990 0.130791 0.202420
v -0.008968 0.124518 0.240581
v -0.012583 0.121465 0.238783
v -0.019583 0.110702 0.250224
v -0.034064 0.094529 0.224051
v -0.016371 0.112275 0.262904
v -0.029840 0.089384 -0.042547
v -0.008904 0.116897 0.276657
v -0.010714 0.108581 0.306603
v -0.006977 0.111399 0.305347
v -0.008674 0.104301 0.330958
v -0.016703 0.092904 0.352628
v -0.008864 0.098647 0.352460
v -0.018475 0.085319 0.378292
v -0.026273 0.078036 0.379087
v -0.020264 0.078225 0.394814
v -0.010679 0.090446 0.378832
v -0.019854 0.093768 0.333041
v -0.024550 0.070164 0.404371
v -0.032281 0.064439 0.395328
v -0.032492 0.069990 0.376515
v -0.039672 0.055206 0.386295
v -0.034249 0.072676 0.342202
v -0.040820 0.060786 0.344102
v -0.037360 0.072576 0.322129
v -0.043291 0.062951 0.323352
v -0.043703 0.053985 0.341419
v -0.050775 0.049408 0.319607
v -0.047601 0.062705 0.301603
v -0.055607 0.046274 0.294529
v -0.056637 0.033786 0.319277
v -0.058920 0.032175 0.297909
v -0.059978 0.014211 0.316704
v -0.057846 0.021199 0.325884
v -0.050969 0.033453 0.352380
v -0.054502 0.015485 0.349664
v -0.057840 0.037384 0.282282
v -0.050133 0.064445 0.270514
v -0.040756 0.076592 0.281425
v -0.055475 0.050067 0.272920
v -0.030619 0.083933 0.310845
v -0.035540 0.054848 0.408531
v -0.039994 0.046349 0.410967
v -0.034786 0.050552 0.427753
v -0.036519 0.044321 0.426516
v -0.033788 0.042765 0.438094
v -0.040383 0.040744 0.431730
v -0.032002 0.047641 0.441973
v -0.033295 0.035089 0.451955
v -0.031012 0.034943 0.460004
v -0.024524 0.046295 0.457174
v -0.026124 0.032121 0.471174
v -0.030493 0.019410 0.473638
v -0.025864 0.017135 0.481980
v -0.031290 0.002976 0.477044
v -0.020759 0.034339 0.475824
v -0.020455 0.018967 0.487258
v -0.011740 0.050962 0.462632
v -0.026183 -0.002413 0.486373
v -0.010705 0.041006 0.476403
v -0.010210 0.032923 0.485034
v 0.000166 0.046336 0.472957
v 0.000164 0.056916 0.456261
v -0.011133 0.064709 0.436948
v -0.000547 0.072858 0.424464
v -0.000147 0.082441 0.403536
v 0.000274 0.032948 0.487546
v -0.024932 0.053858 0.443040
v -0.044154 0.046805 0.380275
v -0.048828 0.034728 0.376999
v -0.034402 0.022932 0.461481
v -0.040675 0.039910 0.422188
v -0.046549 0.032680 0.397085
v -0.039114 0.040156 0.418327
v -0.047250 0.044482 0.347033
v -0.050182 0.023361 0.379581
v -0.001379 0.101782 -0.177277
v -0.011080 0.089478 -0.182222
v -0.010393 0.082982 0.398201
v -0.019665 0.100523 0.297031
v -0.040972 0.081163 0.253708
v -0.006480 0.134256 -0.044198
v -0.029397 0.104665 0.195790
v -0.015132 0.073220 -0.193459
v -0.011392 0.100379 -0.160302
v -0.011065 0.080697 -0.197770
v -0.027098 0.084428 0.335551
v -0.000042 0.170098 -0.159826
v 0.000184 0.138308 -0.040364
v 0.000383 0.141810 -0.014714
v -0.000204 0.144775 -0.140746
v -0.011343 0.019800 0.493263
v -0.009644 0.024148 -0.342582
v -0.015545 0.016487 -0.324371
v -0.011663 0.019093 -0.359897
v -0.014360 0.013534 -0.350544
v -0.012870 0.015155 -0.371773
v -0.007101 0.029680 -0.372087
v -0.007544 0.031675 -0.381876
v -0.006390 0.028506 -0.358316
v -0.028196 0.059442 0.421965
v -0.020377 0.064808 0.424592
v -0.000340 0.019464 0.495900
v -0.043908 0.032013 0.406736
v -0.020699 0.006569 0.491407
v -0.018412 -0.005990 0.494017
v -0.009683 0.006123 0.498191
v -0.006480 0.134256 -0.044198
v -0.009602 0.125079 -0.073338
v -0.011423 0.127560 -0.044786
v -0.016811 0.109490 -0.087433
v -0.019094 0.111906 -0.050951
v -0.026724 0.113862 0.099575
v -0.030485 0.106597 0.074722
v -0.042083 0.086214 0.118097
v -0.031134 0.106679 0.126399
v -0.040025 0.090833 0.150376
v -0.031015 0.106358 0.150801
v -0.040025 0.090833 0.150376
v -0.043004 0.081785 0.213920
v -0.029397 0.104665 0.195790
v -0.034064 0.094529 0.224051
v -0.040972 0.081163 0.253708
v -0.040972 0.081163 0.253708
v -0.050602 0.065691 0.251277
v -0.050133 0.064445 0.270514
v -0.055475 0.050067 0.272920
v -0.011080 0.089478 -0.182222
v -0.011065 0.080697 -0.197770
v -0.014639 0.094971 -0.158977
v -0.011392 0.100379 -0.160302
v -0.047250 0.044482 0.347033
v -0.050969 0.033453 0.352380
v -0.048828 0.034728 0.376999
v -0.050182 0.023361 0.379581
v -0.001506 0.070299 -0.234073
v -0.001372 0.073250 -0.269945
v -0.000967 0.063860 -0.244453
v -0.000215 0.068763 -0.265603
v 0.000457 0.063198 -0.245587
v -0.000130 0.077634 -0.284217
v -0.011065 0.080697 -0.197770
v -0.001711 0.082448 -0.212776
v -0.008008 0.070357 -0.220787
v -0.001506 0.070299 -0.234073
v -0.010393 0.082982 0.398201
v -0.020377 0.064808 0.424592
v -0.011133 0.064709 0.436948
v -0.016371 0.112275 0.262904
v -0.040972 0.081163 0.253708
v -0.040756 0.076592 0.281425
v -0.019665 0.100523 0.297031
v -0.019854 0.093768 0.333041
v -0.019665 0.100523 0.297031
v -0.030619 0.083933 0.310845
v -0.027098 0.084428 0.335551
v -0.095331 0.032994 0.065908
v -0.092095 0.013669 0.066598
v -0.093906 0.010730 0.066768
v -0.093831 0.037340 0.065213
v -0.091741 0.045414 0.067947
v -0.091046 -0.005388 0.070544
v -0.094454 0.051420 0.066695
v -0.088952 -0.000828 0.074741
v -0.090312 0.069760 0.081090
v -0.086410 0.068711 0.093233
v -0.083998 -0.007714 0.089373
v -0.087457 0.078911 0.091021
v -0.083735 0.029288 0.098279
v -0.078303 0.041662 0.120435
v -0.078454 0.067184 0.124784
v -0.072717 0.054835 0.144178
v -0.070270 0.019749 0.143583
v -0.075384 0.018924 0.124236
v -0.070167 0.006267 0.136365
v -0.069669 -0.030559 0.123263
v -0.066208 -0.012080 0.142170
v -0.064012 -0.036347 0.137360
v -0.060129 -0.020113 0.156306
v -0.058091 -0.038708 0.149659
v -0.064681 0.000742 0.157871
v -0.068271 -0.038790 0.120652
v -0.072137 -0.037148 0.110997
v -0.072705 -0.040169 0.111869
v -0.068246 -0.043662 0.122382
v -0.075908 -0.036488 0.102863
v -0.076496 -0.022166 0.106163
v -0.060308 -0.005804 0.171408
v -0.055235 -0.025050 0.166592
v -0.057516 -0.009035 0.174434
v -0.057398 -0.002285 0.181749
v -0.060917 0.005878 0.188663
v -0.056065 -0.013521 0.176835
v -0.052659 -0.023791 0.174969
v -0.056606 0.001317 0.193417
v -0.061161 0.006732 0.200248
v -0.055163 -0.001346 0.202615
v -0.056154 -0.001297 0.215665
v -0.052278 -0.007400 0.208957
v -0.061210 0.005153 0.215223
v -0.060857 0.000431 0.232895
v -0.064607 0.012894 0.215279
v -0.064403 0.006153 0.234850
v -0.059796 -0.007723 0.249562
v -0.068460 0.002525 0.258740
v -0.055693 -0.009216 0.239662
v -0.057103 -0.012984 0.256332
v -0.061053 -0.013924 0.264453
v -0.072200 0.010938 0.257825
v -0.070259 0.015339 0.247820
v -0.073527 0.020175 0.256860
v -0.071623 0.027112 0.250294
v -0.075240 0.018892 0.261989
v -0.072369 0.009963 0.268924
v -0.064487 -0.008839 0.264082
v -0.067770 0.017555 0.235655
v -0.053759 -0.007428 0.224484
v -0.053436 -0.006162 0.196014
v -0.052451 -0.020535 0.184347
v -0.049802 -0.029230 0.177232
v -0.047614 -0.027989 0.191250
v -0.047898 -0.033269 0.182147
v -0.048893 -0.021843 0.196582
v -0.052351 -0.015058 0.195494
v -0.050141 -0.014186 0.198026
v -0.052203 -0.010356 0.199022
v -0.048468 -0.019815 0.204793
v -0.048381 -0.013733 0.202214
v -0.049735 -0.037272 0.171783
v -0.051337 -0.009738 0.207912
v -0.052164 -0.009021 0.225853
v -0.069119 0.029512 0.237815
v -0.068248 0.034162 0.232411
v -0.067412 0.039195 0.215221
v -0.068379 0.038981 0.223458
v -0.068034 0.044010 0.212518
v -0.067552 0.049571 0.196838
v -0.066996 0.034650 0.187384
v -0.068839 0.056580 0.177355
v -0.066518 0.026671 0.176185
v -0.068277 0.056669 0.182120
v -0.071604 0.059555 0.176142
v -0.071806 0.066811 0.160681
v -0.071971 0.030572 0.241881
v -0.061014 -0.044627 0.145343
v -0.056826 -0.041464 0.153600
v -0.052873 -0.041817 0.164572
v -0.064237 0.017427 0.185945
v -0.076640 -0.030593 0.100927
v -0.065186 -0.043695 0.133389
v -0.072310 0.072219 0.147560
v -0.080244 0.077553 0.117061
v -0.070572 0.065309 0.157864
v -0.084017 0.079993 0.102842
v -0.082748 0.079695 0.111879
v -0.075837 0.076641 0.133854
v -0.080803 0.010397 0.103372
v -0.070865 0.052589 0.155244
v -0.089907 0.078200 0.087366
v -0.077967 0.077200 0.129447
v -0.055570 -0.008906 0.185457
v -0.049264 -0.038373 0.182840
v -0.052331 -0.042771 0.171659
v -0.052874 -0.038039 0.163030
v -0.081944 -0.023721 0.089664
v -0.078303 -0.033171 0.098936
v -0.082368 -0.029717 0.093199
v -0.083825 -0.024054 0.086286
v -0.088940 -0.014879 0.075905
v -0.069063 0.000053 0.272593
v -0.072208 0.004729 0.276088
v -0.066302 -0.010873 0.284060
v -0.091706 0.072465 0.077239
v -0.094000 0.064123 0.072298
v -0.087353 -0.012374 0.075954
v -0.066570 0.026464 0.209630
v -0.047268 -0.023418 0.194114
v -0.048893 -0.021843 0.196582
v -0.048468 -0.019815 0.204793
v -0.066518 0.026671 0.176185
v -0.064237 0.017427 0.185945
v -0.064681 0.000742 0.157871
v -0.068014 0.023119 0.157051
v -0.066208 -0.012080 0.142170
v -0.070167 0.006267 0.136365
v -0.068839 0.056580 0.177355
v -0.070865 0.052589 0.155244
v -0.072717 0.054835 0.144178
v -0.070572 0.065309 0.157864
v -0.070270 0.019749 0.143583
v -0.071806 0.066811 0.160681
v -0.072310 0.072219 0.147560
v -0.083998 -0.007714 0.089373
v -0.080803 0.010397 0.103372
v -0.076496 -0.022166 0.106163
v -0.081944 -0.023721 0.089664
v -0.087353 -0.012374 0.075954
v -0.055570 -0.008906 0.185457
v -0.053436 -0.006162 0.196014
v -0.052351 -0.015058 0.195494
v -0.052203 -0.010356 0.199022
v -0.051337 -0.009738 0.207912
v -0.050762 -0.010994 0.202841
v -0.052874 -0.038039 0.163030
v -0.049735 -0.037272 0.171783
v -0.052873 -0.041817 0.164572
v -0.052331 -0.042771 0.171659
v -0.091046 -0.005388 0.070544
v -0.087353 -0.012374 0.075954
v -0.088940 -0.014879 0.075905
v -0.000469 -0.043433 -0.294046
v -0.000167 -0.035992 -0.282961
v 0.001409 -0.045190 -0.295248
v 0.000869 -0.036299 -0.280759
v 0.004379 -0.045305 -0.281862
v 0.004823 -0.054822 -0.291137
v 0.007009 -0.055633 -0.265837
v 0.007072 -0.062266 -0.272283
v 0.005772 -0.047659 -0.265830
v 0.005193 -0.049347 -0.219975
v 0.004236 -0.043374 -0.247286
v 0.008693 -0.046657 -0.210989
v 0.008910 -0.034153 -0.253823
v 0.012701 -0.043147 -0.199721
v 0.014926 -0.024365 -0.238952
v 0.012861 -0.022885 -0.269552
v 0.017555 -0.008628 -0.262470
v 0.015564 -0.011807 -0.298814
v 0.011293 -0.022877 -0.294773
v 0.014841 -0.010720 -0.342175
v 0.008059 -0.030258 -0.276241
v 0.005223 -0.054664 -0.197992
v 0.010859 -0.022059 -0.343418
v 0.017212 -0.037728 -0.187359
v 0.019930 -0.023690 -0.199596
v 0.024086 -0.028181 -0.165288
v 0.023796 -0.011135 -0.190744
v 0.032521 -0.013891 -0.130338
v 0.025660 -0.042870 -0.125845
v 0.031850 -0.029857 -0.112539
v 0.014027 -0.010684 -0.361024
v 0.019280 -0.014332 -0.224996
v 0.007572 -0.065842 -0.237805
v 0.011127 -0.024473 -0.378830
v 0.007400 -0.028779 -0.353646
v 0.006746 -0.033530 -0.373266
v 0.006858 -0.038708 -0.386328
v 0.008767 -0.037378 -0.397275
v 0.004977 -0.069712 -0.283495
v 0.002338 -0.064007 -0.295131
v 0.001751 -0.057373 -0.299847
v 0.002067 -0.077262 -0.282334
v 0.006521 -0.050989 -0.405705
v 0.001379 -0.087705 -0.271148
v 0.005216 -0.084472 -0.262454
v 0.001188 -0.094856 -0.262552
v 0.004607 -0.104423 -0.233048
v 0.001665 -0.102314 -0.249591
v 0.007410 -0.086705 -0.236743
v 0.001686 -0.109032 -0.238127
v 0.001323 -0.115096 -0.227194
v 0.004638 -0.118674 -0.200211
v 0.000831 -0.129667 -0.198322
v 0.002864 -0.140523 -0.170140
v 0.004732 -0.140489 -0.161905
v 0.005931 -0.126437 -0.170877
v 0.006379 -0.130677 -0.145720
v 0.004649 -0.158440 -0.144779
v 0.007390 -0.095331 -0.196024
v 0.007405 -0.109518 -0.143183
v 0.007516 -0.095083 -0.142072
v 0.007218 -0.078682 -0.173128
v 0.007781 -0.078264 -0.226783
v 0.001907 -0.158537 -0.153965
v 0.001970 -0.175860 -0.141047
v 0.004501 -0.179734 -0.128999
v 0.001454 -0.149216 -0.164062
v 0.005824 -0.062619 -0.170288
v 0.007199 -0.122591 -0.098519
v 0.007185 -0.088707 -0.108975
v 0.006416 -0.077193 -0.118316
v 0.006699 -0.085616 -0.085534
v 0.014756 -0.079287 -0.080458
v 0.005956 -0.091902 -0.068506
v 0.015808 -0.085643 -0.053534
v 0.018768 -0.074250 -0.076924
v 0.021655 -0.059028 -0.108053
v 0.024695 -0.073967 -0.043512
v 0.014702 -0.070173 -0.111143
v 0.005732 -0.096104 -0.050483
v 0.001076 -0.138364 -0.178861
v 0.000409 -0.134042 -0.189464
v 0.005677 -0.065928 -0.153299
v 0.006315 -0.058959 -0.177530
v 0.012150 -0.062009 -0.143663
v 0.005938 -0.109210 -0.204953
v 0.001192 -0.051018 -0.301634
v 0.038559 -0.027509 -0.065575
v 0.041680 -0.009646 -0.068017
v 0.043668 -0.026475 -0.021482
v 0.037461 -0.048903 -0.023798
v 0.044352 -0.032999 0.008904
v 0.048247 -0.011188 0.002851
v 0.048861 -0.011172 0.020777
v 0.040335 -0.046247 0.002670
v 0.035220 -0.060621 0.003582
v 0.028874 -0.071605 -0.017004
v 0.029721 -0.073390 0.008989
v 0.022926 -0.084316 0.002143
v 0.030711 -0.074217 0.063277
v 0.019058 -0.091717 0.040214
v 0.015755 -0.094682 0.010187
v 0.015545 -0.091754 -0.024432
v 0.006754 -0.102252 -0.006131
v 0.006576 -0.101105 -0.013626
v 0.006133 -0.099617 -0.027838
v 0.006673 -0.112586 -0.015247
v 0.003744 -0.114886 -0.007634
v 0.004759 -0.104263 0.002024
v 0.006913 -0.120782 -0.023470
v 0.007270 -0.118864 -0.036268
v 0.006096 -0.134973 -0.038518
v 0.006503 -0.142562 -0.060098
v 0.002457 -0.121592 -0.012720
v 0.005036 -0.149304 -0.054407
v 0.004859 -0.173014 -0.081792
v 0.001893 -0.148742 -0.043936
v 0.006697 -0.103806 -0.049531
v 0.002059 -0.157885 -0.055052
v 0.005877 -0.160398 -0.077977
v 0.004794 -0.186169 -0.103536
v 0.013859 -0.097599 0.036581
v 0.020953 -0.084429 -0.022899
v 0.024568 -0.084687 0.074120
v 0.003724 -0.180224 -0.085284
v 0.030389 -0.062219 -0.042832
v 0.030366 -0.079558 0.117232
v 0.044634 -0.033874 0.034377
v 0.046716 -0.019517 0.062991
v 0.044067 -0.033315 0.068499
v 0.044278 -0.025733 0.103875
v 0.047294 -0.000009 0.091841
v 0.050158 0.021439 0.087318
v 0.040304 -0.047785 0.095652
v 0.040243 -0.049402 0.124819
v 0.044831 -0.026982 0.132352
v 0.041968 -0.043131 0.151177
v 0.045648 -0.029521 0.154509
v 0.048955 -0.017806 0.150408
v 0.051957 -0.011636 0.168102
v 0.054807 -0.005422 0.174250
v 0.055164 -0.007538 0.173179
v 0.054905 0.010094 0.148433
v 0.052857 -0.011389 0.175020
v 0.051185 -0.012791 0.182066
v 0.049367 -0.003526 0.133565
v 0.048527 -0.016618 0.181370
v 0.038218 -0.059832 0.166116
v 0.039957 -0.051728 0.186063
v 0.039232 -0.052187 0.223399
v 0.036613 -0.060886 0.079575
v 0.041191 -0.039848 0.204690
v 0.041037 -0.035369 0.230515
v 0.041304 -0.035101 0.249036
v 0.042809 -0.031711 0.245692
v 0.043693 -0.033008 0.257037
v 0.044241 -0.038236 0.268249
v 0.051326 -0.026955 0.253963
v 0.055977 -0.025814 0.262443
v 0.050891 -0.033737 0.266705
v 0.041809 -0.044219 0.268019
v 0.045198 -0.036994 0.277098
v 0.047796 -0.029432 0.229054
v 0.039539 -0.052378 0.252181
v 0.040760 -0.051694 0.286961
v 0.049817 -0.039363 0.296957
v 0.049953 -0.044487 0.311935
v 0.055082 -0.024531 0.287149
v 0.056299 -0.027194 0.308254
v 0.057820 -0.018483 0.292707
v 0.051733 -0.043091 0.323997
v 0.046957 -0.052827 0.325767
v 0.052022 -0.041218 0.339336
v 0.047398 -0.051886 0.351318
v 0.043029 -0.060009 0.347616
v 0.034403 -0.071183 0.331281
v 0.041152 -0.059114 0.373902
v 0.039724 -0.064178 0.355395
v 0.044977 -0.047165 0.381683
v 0.052218 -0.028577 0.283343
v 0.038304 -0.061092 0.303483
v 0.058623 -0.017993 0.288154
v 0.049285 0.012909 0.097309
v 0.036354 -0.060670 0.039706
v 0.023668 -0.089469 0.116886
v 0.046409 -0.007644 -0.026338
v 0.036192 -0.065634 0.124288
v 0.023488 -0.094132 0.143410
v 0.041844 -0.040027 0.188722
v 0.060352 -0.022974 0.281290
v 0.030599 -0.082217 0.146603
v 0.026302 -0.090288 0.165337
v 0.021805 -0.096908 0.155644
v 0.022406 -0.098170 0.151679
v 0.017110 -0.101746 0.155555
v 0.024740 -0.107282 0.148452
v 0.031542 -0.112735 0.138422
v 0.036141 -0.127079 0.133675
v 0.040688 -0.134312 0.124628
v 0.038397 -0.139346 0.128369
v 0.044529 -0.150985 0.118416
v 0.046404 -0.150741 0.113171
v 0.050846 -0.164519 0.104066
v 0.044939 -0.163435 0.112052
v 0.049538 -0.169651 0.105182
v 0.053448 -0.176086 0.088460
v 0.053646 -0.168568 0.086532
v 0.054215 -0.167327 0.073905
v 0.052944 -0.176010 0.073470
v 0.050344 -0.180755 0.086300
v 0.052989 -0.164280 0.063657
v 0.049113 -0.177265 0.097576
v 0.040546 -0.127311 0.106882
v 0.047482 -0.146445 0.091410
v 0.021306 -0.097130 0.172421
v 0.032966 -0.077114 0.173782
v 0.041531 -0.037252 0.214601
v 0.027835 -0.099288 0.137595
v 0.022340 -0.093875 0.131886
v 0.019700 -0.095701 0.127875
v 0.013312 -0.100560 0.115762
v 0.016405 -0.099495 0.123189
v 0.010932 -0.103493 0.114942
v 0.011297 -0.100721 0.100638
v 0.035056 -0.044507 -0.055664
v 0.043144 -0.036377 0.180862
v 0.044687 -0.038026 0.186335
v 0.048121 -0.034561 0.186064
v 0.033878 -0.074135 0.136112
v 0.006610 -0.070530 -0.133831
v 0.016364 -0.060269 -0.132591
v 0.005707 -0.166327 -0.110059
v 0.015074 -0.052448 -0.161345
v 0.007536 -0.073662 -0.259132
v 0.047763 -0.000591 0.113162
v 0.001607 -0.174111 -0.072743
v 0.041098 -0.046893 0.039184
v 0.028120 -0.079659 0.350934
v 0.030507 -0.073007 0.398201
v 0.030255 -0.078933 0.314633
v 0.022069 -0.088256 0.329747
v 0.022723 -0.093213 0.276698
v 0.026145 -0.089829 0.263194
v 0.030534 -0.082321 0.261254
v 0.002801 -0.037919 -0.271926
v 0.037359 -0.058771 0.413297
v 0.027474 -0.056443 -0.077098
v 0.002100 -0.187152 -0.090042
v 0.001825 -0.194856 -0.111256
v 0.000293 -0.192675 -0.097056
v 0.002771 -0.132335 -0.023947
v 0.001604 -0.188501 -0.132141
v 0.000355 -0.184498 -0.136655
v 0.006540 -0.065344 -0.204181
v 0.000223 -0.142440 -0.173652
v 0.033764 -0.072681 0.301307
v 0.033805 -0.075509 0.244011
v 0.031068 -0.082176 0.219314
v 0.051168 0.016228 0.118248
v 0.037238 -0.063691 0.272524
v 0.036136 -0.056773 0.444860
v 0.029868 -0.067229 0.444459
v 0.032123 -0.058505 0.462525
v 0.024974 -0.068963 0.461153
v 0.037113 -0.046015 0.460698
v 0.031142 -0.053201 0.474028
v 0.023670 -0.063702 0.475385
v 0.033127 -0.043058 0.476081
v 0.024881 -0.049490 0.487679
v 0.040726 -0.046204 0.420465
v 0.045557 -0.027986 0.181849
v 0.036865 -0.064647 0.238294
v 0.020623 -0.098871 0.213410
v 0.046367 -0.028644 0.187683
v 0.048603 -0.016407 0.189932
v 0.048239 -0.021903 0.195084
v 0.026687 -0.090781 0.217127
v 0.004623 -0.185528 -0.120381
v 0.001129 -0.193491 -0.123258
v 0.018036 -0.093234 0.078725
v 0.011674 -0.099646 0.082542
v 0.026445 -0.096067 0.133873
v 0.020953 -0.084429 -0.022899
v 0.015545 -0.091754 -0.024432
v 0.015645 -0.089455 -0.037576
v 0.006133 -0.099617 -0.027838
v 0.024695 -0.073967 -0.043512
v 0.015808 -0.085643 -0.053534
v 0.028874 -0.071605 -0.017004
v 0.030389 -0.062219 -0.042832
v 0.027474 -0.056443 -0.077098
v 0.005732 -0.096104 -0.050483
v 0.006697 -0.103806 -0.049531
v 0.007010 -0.098860 -0.075582
v 0.007270 -0.118864 -0.036268
v 0.007199 -0.122591 -0.098519
v 0.007516 -0.095083 -0.142072
v 0.007185 -0.088707 -0.108975
v 0.006699 -0.085616 -0.085534
v 0.006503 -0.142562 -0.060098
v 0.005877 -0.160398 -0.077977
v 0.005707 -0.166327 -0.110059
v 0.005956 -0.091902 -0.068506
v 0.032966 -0.077114 0.173782
v 0.031068 -0.082176 0.219314
v 0.026687 -0.090781 0.217127
v 0.033805 -0.075509 0.244011
v 0.038218 -0.059832 0.166116
v 0.033878 -0.074135 0.136112
v 0.036865 -0.064647 0.238294
v 0.036354 -0.060670 0.039706
v 0.036613 -0.060886 0.079575
v 0.030711 -0.074217 0.063277
v 0.041098 -0.046893 0.039184
v 0.036192 -0.065634 0.124288
v 0.033878 -0.074135 0.136112
v 0.025660 -0.042870 -0.125845
v 0.027474 -0.056443 -0.077098
v 0.021655 -0.059028 -0.108053
v 0.015074 -0.052448 -0.161345
v 0.048527 -0.016618 0.181370
v 0.051185 -0.012791 0.182066
v 0.048603 -0.016407 0.189932
v 0.016364 -0.060269 -0.132591
v 0.014702 -0.070173 -0.111143
v 0.012150 -0.062009 -0.143663
v 0.006610 -0.070530 -0.133831
v 0.015074 -0.052448 -0.161345
v 0.005223 -0.054664 -0.197992
v 0.015074 -0.052448 -0.161345
v 0.006315 -0.058959 -0.177530
v 0.005824 -0.062619 -0.170288
v 0.006540 -0.065344 -0.204181
v 0.007410 -0.086705 -0.236743
v 0.007390 -0.095331 -0.196024
v 0.005938 -0.109210 -0.204953
v 0.007781 -0.078264 -0.226783
v 0.007536 -0.073662 -0.259132
v 0.007572 -0.065842 -0.237805
v 0.006540 -0.065344 -0.204181
v 0.001604 -0.188501 -0.132141
v 0.004623 -0.185528 -0.120381
v 0.001129 -0.193491 -0.123258
v 0.027835 -0.099288 0.137595
v 0.031542 -0.112735 0.138422
v 0.029520 -0.099854 0.128144
v 0.040688 -0.134312 0.124628
v 0.040546 -0.127311 0.106882
v 0.026445 -0.096067 0.133873
v 0.040578 -0.116715 0.074103
v 0.040546 -0.127311 0.106882
v 0.047482 -0.146445 0.091410
v 0.037974 -0.111288 0.079716
v 0.046294 -0.136824 0.073290
v 0.041726 -0.119081 0.062488
v 0.043823 -0.123633 0.064053
v 0.038275 -0.114810 0.064239
v 0.033397 -0.107114 0.078547
v 0.033204 -0.104298 0.094013
v 0.033820 -0.105763 0.102806
vn -0.5822 -0.7451 0.3253
vn -0.0141 -0.0124 -0.9998
vn 0.1390 0.0214 -0.9901
vn 0.9247 0.0707 -0.3740
vn 0.9889 -0.0152 -0.1479
vn 0.9362 -0.0477 -0.3483
vn 0.9588 -0.1968 -0.2047
vn 0.9810 0.1903 -0.0374
vn 0.9968 0.0761 -0.0237
vn 0.9975 0.0121 0.0701
vn 0.9998 -0.0107 -0.0191
vn 0.9901 -0.1369 -0.0318
vn 0.9731 -0.1932 -0.1252
vn 0.9773 0.2090 0.0353
vn 0.9597 0.0101 0.2808
vn 0.9623 -0.0812 0.2594
vn 0.9560 -0.0054 0.2933
vn 0.8673 -0.4731 -0.1548
vn -0.3101 0.8779 -0.3649
vn 0.9550 0.1394 0.2619
vn 0.9583 0.1199 0.2594
vn 0.9547 -0.0994 0.2805
vn 0.9526 -0.1426 0.2689
vn 0.9534 0.0249 0.3006
vn 0.9543 0.0196 0.2982
vn 0.9038 -0.4274 0.0213
vn 0.9622 0.0098 0.2721
vn 0.9465 -0.0140 0.3224
vn 0.9016 0.2440 0.3572
vn 0.9471 -0.0651 0.3144
vn 0.9480 -0.0182 0.3177
vn 0.8413 -0.5405 0.0036
vn 0.9516 0.2398 0.1922
vn 0.9565 0.1767 0.2323
vn 0.9654 -0.0030 0.2606
vn -0.7312 0.6783 0.0724
vn 0.9451 -0.1537 0.2883
vn 0.9571 -0.0156 0.2892
vn 0.9485 -0.0620 0.3108
vn 0.9435 -0.0999 0.3159
vn 0.9723 0.0043 0.2335
vn 0.9740 0.0173 0.2260
vn 0.9484 -0.0659 0.3102
vn 0.4406 0.8531 0.2795
vn 0.9703 0.0095 0.2418
vn 0.9597 -0.0213 0.2801
vn 0.8778 -0.4516 0.1600
vn 0.9318 -0.2475 0.2653
vn 0.9694 -0.0229 0.2443
vn 0.9868 0.0754 0.1435
vn 0.9800 -0.0739 0.1847
vn 0.9893 -0.0847 0.1185
vn -0.0080 0.9039 0.4276
vn 0.9899 -0.1116 0.0874
vn 0.9588 -0.1456 -0.2439
vn 0.9490 -0.1967 -0.2463
vn 0.9829 0.1549 -0.0991
vn 0.2484 0.8911 0.3797
vn 0.9841 0.0853 -0.1560
vn 0.2492 0.8916 0.3780
vn 0.8803 0.3957 0.2617
vn 0.8842 0.4208 0.2027
vn 0.9118 -0.4051 -0.0673
vn 0.9485 0.1982 0.2470
vn 0.0707 0.5770 0.8137
vn 0.9777 -0.2058 0.0413
vn 0.9747 -0.2197 0.0405
vn 0.7448 0.0065 0.6673
vn -0.9361 0.2552 -0.2422
vn 0.6938 -0.7202 0.0033
vn 0.8190 -0.5409 0.1916
vn -0.9590 0.1576 -0.2356
vn -0.0626 0.9071 0.4163
vn 0.9507 -0.0785 0.2999
vn 0.9679 -0.1391 0.2092
vn 0.9696 -0.0699 0.2345
vn 0.6175 0.6646 0.4206
vn 0.9952 -0.0919 0.0335
vn 0.9804 -0.1941 0.0347
vn 0.9875 -0.1415 -0.0691
vn 0.9843 -0.1452 -0.1000
vn 0.4866 0.8233 0.2924
vn 0.9860 -0.0616 -0.1550
vn 0.9564 -0.2388 -0.1683
vn 0.6726 0.7016 0.2353
vn 0.8040 0.5562 0.2102
vn 0.9747 0.2199 0.0389
vn 0.9562 0.2750 0.1001
vn 0.7963 0.5762 0.1843
vn 0.9021 -0.3357 -0.2710
vn 0.9139 0.3997 -0.0710
vn 0.4503 0.7893 0.4173
vn 0.8694 -0.4229 -0.2556
vn 0.4487 0.7866 0.4241
vn 0.9115 -0.4058 -0.0673
vn 0.8775 -0.4713 -0.0885
vn -0.0219 0.7741 0.6327
vn 0.7681 0.5957 0.2351
vn 0.9293 0.1707 0.3275
vn 0.9291 0.1714 0.3277
vn -0.0511 0.5471 0.8355
vn -0.9213 0.2907 -0.2582
vn 0.8765 -0.3568 0.3231
vn 0.8780 -0.3579 0.3178
vn 0.8929 -0.2906 0.3438
vn 0.9296 -0.1196 0.3487
vn 0.9432 -0.1421 0.3003
vn 0.9443 -0.1111 0.3098
vn 0.9839 -0.1551 0.0888
vn 0.9641 -0.2248 0.1412
vn -0.2183 0.9296 0.2968
vn 0.9540 -0.2854 -0.0914
vn 0.7001 0.6424 0.3116
vn 0.9562 -0.2646 -0.1253
vn 0.9365 -0.2918 -0.1943
vn 0.6079 0.7616 0.2245
vn 0.9261 -0.3418 -0.1596
vn 0.6081 0.7623 0.2218
vn 0.1221 0.8512 0.5105
vn 0.8589 -0.4944 -0.1338
vn -0.8246 0.5251 0.2104
vn -0.2083 0.8212 0.5312
vn 0.8938 -0.4364 -0.1034
vn 0.3846 0.5786 0.7192
vn -0.3749 0.4665 0.8011
vn 0.4362 0.4315 0.7896
vn 0.8873 -0.4554 0.0730
vn 0.8261 -0.5509 0.1185
vn 0.9733 -0.1188 0.1964
vn 0.9708 -0.1074 0.2145
vn 0.9644 -0.2406 -0.1094
vn 0.9877 -0.1562 0.0089
vn 0.9044 -0.3941 -0.1634
vn -0.7002 0.6206 0.3528
vn 0.7977 -0.5413 -0.2657
vn 0.8582 -0.5061 -0.0854
vn -0.8194 0.5711 0.0492
vn 0.8164 -0.5629 -0.1285
vn -0.5591 0.7959 0.2320
vn -0.1413 0.3781 0.9149
vn 0.7851 -0.6131 0.0881
vn 0.7925 -0.6041 0.0838
vn -0.1588 0.6647 0.7300
vn 0.9059 -0.2689 0.3271
vn 0.1335 0.4807 -0.8666
vn 0.9545 -0.1328 0.2670
vn 0.9026 -0.2812 0.3260
vn 0.9549 -0.1625 0.2485
vn -0.0238 0.9792 0.2013
vn 0.9756 -0.2087 0.0678
vn 0.9813 -0.1496 0.1212
vn -0.1825 0.8766 0.4452
vn 0.9599 -0.2627 -0.0984
vn 0.9641 -0.2651 0.0141
vn -0.3315 0.8411 0.4274
vn 0.9436 -0.3196 -0.0861
vn 0.8657 -0.4797 -0.1429
vn 0.1249 0.9219 0.3667
vn 0.7999 -0.5380 -0.2658
vn 0.1008 0.9947 -0.0180
vn 0.1920 0.9813 0.0114
vn 0.7330 -0.6799 0.0194
vn 0.2038 0.9790 0.0085
vn 0.7154 -0.4674 0.5193
vn 0.1062 0.1944 0.9752
vn 0.9973 -0.0718 0.0132
vn 0.9994 -0.0213 0.0271
vn 0.9882 0.1313 -0.0793
vn 0.9782 -0.1353 -0.1573
vn 0.9989 -0.0153 0.0435
vn 0.9891 -0.1431 -0.0339
vn 0.8343 0.2100 -0.5098
vn 0.7536 -0.5547 0.3527
vn 0.8625 0.2034 -0.4634
vn -0.0459 0.7573 -0.6515
vn 0.9938 0.1104 0.0160
vn 0.8874 0.4034 -0.2232
vn 0.8412 0.5012 -0.2031
vn 0.8112 0.4272 0.3994
vn 0.7273 0.6175 0.2995
vn 0.9549 -0.2349 0.1814
vn 0.5539 0.6308 0.5434
vn 0.9441 -0.2570 0.2064
vn -0.0636 0.8367 0.5440
vn 0.1806 0.8970 0.4034
vn 0.9663 -0.2570 0.0168
vn -0.2729 0.8727 0.4049
vn -0.1306 0.8850 0.4469
vn -0.2208 0.9285 0.2987
vn 0.8618 -0.4861 -0.1450
vn 0.1908 0.9477 0.2558
vn 0.1104 0.8955 0.4312
vn 0.0972 0.8992 0.4265
vn 0.8099 -0.5770 -0.1061
vn 0.9803 -0.0096 -0.1971
vn 0.2263 0.9729 -0.0476
vn 0.9787 0.0062 -0.2052
vn 0.9574 -0.0516 -0.2840
vn 0.9444 0.3209 -0.0715
vn 0.9923 0.1149 -0.0464
vn 0.9629 -0.0584 -0.2635
vn 0.9634 0.2609 0.0616
vn 0.9926 0.1171 -0.0331
vn 0.9973 0.0279 -0.0684
vn 0.9933 -0.0252 -0.1129
vn 0.9980 0.0379 -0.0514
vn 0.9814 -0.1666 0.0955
vn 0.9826 -0.0867 0.1640
vn 0.8682 -0.4858 0.1009
vn 0.9961 0.0856 -0.0235
vn 0.9890 -0.1370 -0.0565
vn 0.9370 -0.3356 -0.0964
vn 0.9758 -0.2169 -0.0261
vn 0.9642 0.2474 0.0949
vn 0.9850 0.1436 0.0952
vn 0.9850 0.1419 0.0985
vn 0.9868 -0.1486 0.0646
vn 0.9763 -0.2164 0.0072
vn 0.9924 0.0316 0.1191
vn 0.9843 -0.1292 0.1205
vn 0.9770 0.1510 0.1505
vn 0.9898 0.0288 0.1398
vn 0.9858 0.0746 0.1507
vn 0.9868 -0.0604 0.1505
vn 0.9985 0.0103 -0.0540
vn 0.9958 0.0620 -0.0674
vn 0.9985 0.0251 -0.0488
vn 0.9942 -0.0960 -0.0474
vn 0.9936 -0.1078 -0.0340
vn 0.9964 0.0819 -0.0232
vn 0.9994 0.0266 -0.0199
vn 0.9997 -0.0151 0.0194
vn 0.9935 -0.1119 0.0193
vn 0.9997 -0.0153 0.0210
vn 0.9591 0.2158 -0.1832
vn 0.9664 0.1337 -0.2196
vn 0.7454 -0.0914 -0.6603
vn 0.9964 0.0823 -0.0200
vn 0.9926 -0.1117 0.0476
vn 0.9975 0.0711 -0.0049
vn 0.9999 0.0122 -0.0096
vn 0.9982 -0.0506 0.0312
vn 0.9642 0.2479 0.0944
vn 0.9750 0.2125 0.0648
vn 0.9879 0.0135 0.1546
vn 0.7388 -0.6167 0.2716
vn 0.9953 0.0938 -0.0255
vn 0.9641 0.2473 0.0969
vn 0.9410 -0.1772 0.2882
vn 0.8473 -0.3984 0.3514
vn 0.9992 0.0310 -0.0261
vn 0.9993 0.0041 -0.0359
vn 0.9979 -0.0535 -0.0357
vn 0.9832 -0.1721 -0.0611
vn 0.9982 -0.0440 -0.0400
vn 0.9912 0.1196 -0.0572
vn 0.9912 -0.0438 -0.1251
vn 0.9947 0.0465 -0.0921
vn 0.9952 0.0694 -0.0684
vn 0.9910 -0.0339 -0.1296
vn 0.9632 -0.2140 -0.1627
vn 0.9630 -0.2167 -0.1602
vn 0.9892 0.1445 -0.0243
vn 0.9971 0.0619 -0.0440
vn 0.9982 -0.0056 -0.0605
vn 0.9848 0.1735 -0.0098
vn 0.9952 0.0961 -0.0165
vn 0.9684 -0.2154 -0.1258
vn 0.9981 -0.0018 -0.0616
vn 0.9139 -0.4058 -0.0135
vn 0.9918 -0.1113 -0.0632
vn 0.9936 0.1072 0.0352
vn 0.8350 -0.5430 -0.0892
vn 0.5448 0.4501 -0.7075
vn 0.9850 0.1720 0.0138
vn 0.7213 -0.6078 0.3321
vn 0.9896 0.1384 0.0387
vn 0.9882 0.1167 0.0996
vn 0.9839 0.1201 0.1325
vn 0.8649 -0.4450 0.2324
vn 0.9872 0.1240 0.1004
vn 0.9924 0.1012 0.0703
vn 0.9923 0.1025 0.0696
vn 0.9899 0.0883 0.1110
vn 0.9336 -0.3467 0.0905
vn 0.9984 0.0529 -0.0192
vn 0.9913 0.1307 -0.0135
vn 0.9988 0.0477 -0.0127
vn 0.9934 0.0844 0.0780
vn 0.9755 0.2014 0.0887
vn 0.9867 0.1252 0.1038
vn 0.9333 -0.3550 -0.0536
vn 0.9999 -0.0156 0.0006
vn 0.9298 -0.3675 -0.0171
vn 0.9874 0.1332 -0.0856
vn 0.9920 0.1215 0.0354
vn 0.9012 -0.4203 -0.1053
vn 0.9992 0.0004 -0.0390
vn 0.9469 0.3166 -0.0560
vn 0.9988 0.0475 -0.0063
vn 0.9957 0.0920 0.0101
vn 0.9936 0.1129 0.0061
vn 0.9953 0.0650 -0.0714
vn 0.9993 -0.0258 -0.0267
vn 0.9993 0.0063 -0.0382
vn 0.9605 0.2770 0.0259
vn 0.9473 0.3199 0.0136
vn 0.9884 0.1385 -0.0616
vn 0.9865 0.0008 -0.1639
vn 0.9937 0.1110 0.0117
vn 0.9843 0.1738 0.0295
vn 0.9981 0.0156 0.0595
vn 0.9867 -0.0015 -0.1625
vn 0.9523 -0.1200 -0.2806
vn 0.9991 -0.0406 0.0153
vn 0.9985 0.0200 -0.0512
vn 0.9912 0.0231 -0.1306
vn 0.9367 0.3435 0.0678
vn 0.9171 0.3869 0.0958
vn 0.8773 -0.4392 -0.1933
vn 0.9196 0.3878 0.0633
vn 0.8959 -0.4179 -0.1510
vn 0.9278 -0.3608 -0.0952
vn 0.9228 0.3561 0.1471
vn 0.9332 0.3269 0.1491
vn 0.9636 -0.2673 0.0096
vn 0.9347 0.3010 0.1889
vn 0.9635 -0.2674 0.0145
vn 0.9206 0.3546 0.1637
vn 0.9711 0.1745 0.1627
vn 0.9846 -0.1266 0.1202
vn 0.9776 -0.1851 0.1006
vn 0.9895 0.0237 0.1424
vn 0.9837 0.1594 0.0828
vn 0.9877 0.1079 0.1131
vn 0.9893 0.0270 0.1432
vn 0.9871 -0.0498 0.1519
vn 0.9859 0.1269 0.1087
vn 0.9939 0.0138 -0.1090
vn 0.9933 0.0258 -0.1123
vn 0.9918 0.0807 -0.0990
vn 0.9901 -0.1174 -0.0766
vn 0.9888 0.1102 -0.1002
vn 0.9906 0.1145 -0.0753
vn 0.9927 0.1027 -0.0628
vn 0.9810 -0.1932 -0.0175
vn 0.9940 0.1010 -0.0421
vn 0.9559 0.2883 -0.0568
vn 0.9219 0.3814 -0.0685
vn 0.9923 -0.1210 0.0265
vn 0.9607 0.2630 -0.0882
vn 0.9573 0.2631 0.1196
vn 0.9910 -0.1195 0.0609
vn 0.9135 0.4058 -0.0304
vn 0.9550 0.2833 0.0878
vn 0.9898 -0.1390 -0.0322
vn 0.9977 0.0659 -0.0182
vn 0.9896 -0.1417 -0.0257
vn 0.9642 0.2471 0.0965
vn 0.9936 0.1127 -0.0118
vn 0.0172 -0.7071 0.7069
vn 0.9914 -0.1281 -0.0253
vn 0.0530 -0.7226 0.6892
vn 0.9376 0.0784 0.3388
vn 0.7534 -0.2794 0.5952
vn 0.7971 -0.0728 0.5995
vn 0.6472 -0.3300 0.6872
vn 0.9817 -0.1807 -0.0596
vn 0.9775 -0.1837 -0.1033
vn 0.9878 0.1559 0.0066
vn 0.9747 -0.1818 -0.1302
vn 0.9536 -0.2932 -0.0688
vn 0.9549 -0.2907 -0.0606
vn 0.9836 0.1804 0.0021
vn 0.9159 -0.3913 0.0898
vn 0.8214 -0.5703 -0.0018
vn 0.9863 0.1648 -0.0083
vn 0.5252 0.5588 -0.6418
vn 0.5922 -0.7826 0.1922
vn 0.8220 -0.5591 0.1083
vn 0.8857 0.4638 0.0196
vn 0.9618 0.2721 -0.0310
vn 0.7874 -0.5991 0.1453
vn 0.8569 0.5122 0.0578
vn 0.8892 -0.4506 -0.0791
vn 0.8995 0.3989 0.1784
vn 0.9006 0.3926 0.1863
vn 0.8998 -0.4348 0.0361
vn 0.9170 -0.3988 -0.0011
vn 0.9528 -0.2790 0.1193
vn 0.9643 -0.2317 0.1279
vn 0.9435 0.3247 0.0661
vn 0.9787 -0.1380 0.1522
vn 0.9721 -0.1799 0.1505
vn 0.9800 -0.1074 0.1677
vn 0.9840 0.1299 0.1219
vn 0.9830 -0.1102 0.1472
vn 0.9850 0.0248 0.1706
vn 0.9826 -0.0513 0.1786
vn 0.9822 0.0728 0.1731
vn 0.9803 -0.0034 0.1974
vn 0.9926 0.0599 -0.1055
vn 0.9877 -0.1144 -0.1066
vn 0.9802 -0.1693 -0.1031
vn 0.9830 -0.1642 -0.0818
vn 0.9793 -0.1925 -0.0634
vn 0.9272 0.3611 -0.0998
vn 0.9162 0.3929 -0.0788
vn 0.9833 -0.1811 0.0193
vn 0.9133 0.4032 -0.0577
vn 0.8413 0.3913 -0.3731
vn 0.9130 0.3465 -0.2154
vn 0.9077 0.4196 0.0042
vn 0.9557 0.2666 0.1250
vn 0.9597 0.2695 0.0802
vn 0.9838 -0.1762 0.0319
vn 0.9944 -0.0956 0.0447
vn 0.9574 0.2745 0.0897
vn 0.9586 0.2665 0.1001
vn 0.9018 0.4318 -0.0185
vn 0.9591 0.2659 0.0972
vn 0.9366 0.0895 0.3389
vn 0.9914 -0.1282 -0.0249
vn 0.6323 -0.2834 0.7210
vn 0.9000 0.4353 -0.0225
vn 0.8836 0.4682 0.0069
vn 0.9672 -0.2459 -0.0639
vn 0.9635 -0.2666 0.0248
vn 0.8864 0.4621 0.0277
vn 0.8861 0.4627 0.0282
vn 0.9676 -0.2523 0.0114
vn 0.9675 -0.2528 -0.0024
vn 0.9533 -0.2553 -0.1612
vn 0.6024 0.3719 -0.7063
vn 0.6415 -0.6656 -0.3815
vn 0.9817 -0.1607 -0.1020
vn 0.9768 -0.1505 -0.1526
vn 0.5508 -0.8119 0.1937
vn 0.8590 0.5106 0.0373
vn 0.9112 -0.4118 -0.0072
vn 0.8556 -0.5025 -0.1241
vn 0.8282 0.5514 0.1002
vn 0.9279 -0.3185 -0.1938
vn 0.9106 -0.3625 -0.1984
vn 0.9260 -0.3746 -0.0476
vn 0.9377 -0.3377 -0.0813
vn 0.8279 0.5520 0.0990
vn 0.8661 -0.4312 -0.2529
vn 0.8116 0.5720 0.1189
vn 0.8449 -0.5092 -0.1640
vn 0.8205 0.5523 0.1472
vn 0.8553 0.4928 0.1601
vn 0.8419 -0.5230 -0.1329
vn 0.8744 0.4509 0.1793
vn 0.8951 0.4006 0.1959
vn 0.8803 -0.4744 0.0023
vn 0.8626 -0.4997 0.0786
vn 0.9186 0.3891 0.0687
vn 0.9159 -0.3791 0.1320
vn 0.9327 0.3529 0.0747
vn 0.9729 -0.1807 0.1440
vn 0.9315 0.3396 0.1302
vn 0.9324 0.3367 0.1315
vn 0.9450 0.2229 0.2394
vn 0.9670 0.0924 0.2373
vn 0.9626 0.0690 0.2622
vn 0.9716 0.0119 0.2365
vn 0.9811 -0.0707 0.1803
vn 0.9866 0.1028 -0.1264
vn 0.9927 0.0127 -0.1203
vn 0.9766 -0.1855 -0.1088
vn 0.9458 0.2987 -0.1273
vn 0.9882 0.1144 -0.1020
vn 0.9593 -0.2609 -0.1084
vn 0.9611 -0.2551 -0.1054
vn 0.9257 0.3615 -0.1114
vn 0.9629 -0.2585 -0.0772
vn 0.9637 -0.2551 -0.0790
vn 0.9599 -0.2793 -0.0250
vn 0.9630 -0.2689 -0.0199
vn 0.9667 -0.2551 0.0202
vn 0.5068 0.6443 -0.5728
vn 0.9722 -0.2341 0.0100
vn 0.7430 0.6556 -0.1348
vn 0.6868 0.7115 -0.1486
vn 0.9021 0.4315 0.0012
vn 0.9356 0.3357 0.1094
vn 0.8844 0.4663 -0.0220
vn 0.9846 -0.1746 -0.0076
vn 0.0589 -0.5630 0.8244
vn 0.1248 -0.5193 0.8454
vn 0.9811 -0.1916 -0.0274
vn 0.8777 -0.0449 0.4771
vn 0.8520 0.0013 0.5235
vn 0.5927 -0.2255 0.7732
vn 0.9807 -0.1947 -0.0179
vn 0.9738 -0.2273 -0.0097
vn 0.9762 -0.2166 0.0029
vn 0.9585 -0.2838 0.0266
vn 0.9865 -0.1629 0.0167
vn 0.9848 -0.1684 0.0422
vn 0.9913 -0.1307 0.0176
vn 0.9927 -0.1177 0.0263
vn 0.8550 0.5172 0.0381
vn 0.9073 -0.4135 0.0771
vn 0.9948 -0.1013 -0.0128
vn 0.9946 -0.1036 -0.0113
vn 0.9885 -0.1321 -0.0736
vn 0.9898 -0.1160 -0.0821
vn 0.9733 -0.2294 -0.0042
vn 0.9707 -0.2371 -0.0398
vn 0.8075 -0.5816 -0.0978
vn 0.8190 -0.5724 -0.0409
vn 0.8877 0.4340 0.1536
vn 0.8745 0.4763 0.0913
vn 0.9618 0.2202 0.1623
vn 0.8472 -0.5255 0.0784
vn 0.9348 0.3493 0.0641
vn 0.8941 0.4373 0.0970
vn 0.8676 0.4778 0.1377
vn 0.9871 -0.1151 0.1110
vn 0.9235 -0.3674 0.1103
vn 0.9451 0.2229 0.2390
vn 0.8780 0.0248 0.4781
vn 0.8757 0.1261 0.4661
vn 0.8022 0.2030 0.5615
vn 0.9775 0.0180 0.2104
vn 0.9876 -0.0632 0.1440
vn 0.9089 -0.0735 -0.4105
vn 0.8772 -0.1250 -0.4637
vn 0.9158 0.1909 0.3533
vn 0.9800 0.0030 0.1987
vn 0.9895 -0.0686 0.1273
vn 0.6455 0.6997 -0.3063
vn 0.9782 0.0321 0.2052
vn 0.9214 0.3859 -0.0458
vn 0.9692 0.2268 -0.0961
vn 0.9994 0.0181 0.0294
vn 0.9884 -0.1383 -0.0634
vn 0.9790 -0.1982 -0.0473
vn 0.8950 0.2650 0.3589
vn 0.9973 -0.0300 0.0667
vn 0.8478 0.4608 0.2626
vn 0.6327 0.6834 0.3641
vn 0.8934 0.2465 0.3756
vn 0.9681 0.0297 0.2487
vn 0.9551 -0.2693 0.1239
vn 0.9355 -0.1040 0.3377
vn 0.8450 -0.1234 0.5203
vn 0.7540 -0.2350 0.6134
vn 0.9858 0.0646 -0.1553
vn 0.9839 -0.1111 -0.1399
vn 0.9831 -0.1226 -0.1361
vn 0.9883 0.0592 -0.1404
vn 0.9896 -0.0152 -0.1433
vn 0.9894 -0.0173 -0.1439
vn 0.9893 0.0444 -0.1389
vn 0.9730 0.1874 -0.1343
vn 0.9869 0.1021 -0.1251
vn 0.9740 -0.1857 -0.1299
vn 0.9600 0.2490 -0.1277
vn 0.9735 -0.1879 -0.1303
vn 0.9456 0.3087 -0.1032
vn 0.9483 0.2934 -0.1214
vn 0.9273 0.3563 -0.1149
vn 0.9047 0.4141 -0.1004
vn 0.9386 -0.3383 -0.0680
vn 0.9059 0.4158 -0.0809
vn 0.9411 -0.3368 -0.0300
vn 0.9449 -0.3263 -0.0255
vn 0.8941 0.4433 -0.0636
vn 0.9454 -0.3258 -0.0079
vn -0.3421 0.6968 -0.6304
vn -0.0425 0.8738 -0.4845
vn 0.6856 0.7177 -0.1221
vn 0.4030 0.9013 -0.1590
vn 0.8511 0.5243 0.0277
vn 0.9450 0.3130 0.0951
vn 0.9663 -0.2573 -0.0122
vn 0.9702 -0.2416 -0.0165
vn 0.9460 0.3119 0.0878
vn 0.9488 0.2963 0.1093
vn -0.1710 -0.5105 0.8427
vn 0.9417 0.2874 0.1749
vn 0.9300 0.1952 0.3114
vn 0.8741 0.4857 0.0021
vn 0.9703 -0.2417 -0.0135
vn 0.9617 -0.2738 -0.0086
vn 0.9568 -0.2907 0.0002
vn 0.8537 0.5187 0.0469
vn 0.9562 -0.2927 -0.0047
vn 0.9689 -0.2468 0.0158
vn 0.9838 -0.1791 0.0065
vn 0.9625 -0.2711 -0.0000
vn 0.9797 -0.2002 -0.0118
vn 0.9490 -0.3148 0.0162
vn 0.9628 -0.2700 -0.0105
vn 0.9312 -0.3645 -0.0015
vn 0.9312 -0.3645 -0.0016
vn 0.8462 0.5200 0.1160
vn 0.7880 -0.6156 0.0050
vn 0.8749 0.4758 0.0900
vn 0.8769 0.4380 0.1980
vn 0.8336 -0.5458 0.0850
vn 0.8599 0.4865 0.1543
vn 0.9566 0.0458 0.2878
vn 0.9533 0.1981 0.2280
vn 0.9680 0.1366 0.2106
vn 0.9397 0.0644 0.3359
vn 0.7249 0.6249 -0.2899
vn 0.9561 -0.2877 0.0553
vn 0.3379 0.9287 0.1529
vn 0.9611 -0.2686 0.0645
vn 0.7473 -0.6424 0.1697
vn 0.9805 0.1294 0.1480
vn 0.5279 0.5295 0.6640
vn 0.9853 0.1684 -0.0275
vn 0.7735 0.2496 0.5826
vn 0.7321 0.1231 0.6699
vn 0.4928 0.1273 0.8608
vn 0.9880 0.0218 0.1530
vn 0.9848 0.0879 0.1500
vn 0.9623 0.2664 -0.0549
vn 0.9938 0.0494 0.0992
vn 0.9937 0.0227 0.1101
vn 0.9809 -0.0539 0.1869
vn 0.9784 -0.0727 0.1936
vn 0.9590 0.1596 0.2343
vn 0.9397 -0.3071 0.1506
vn 0.9846 0.0872 0.1515
vn 0.9677 0.1005 0.2314
vn 0.9366 0.1947 0.2913
vn 0.9887 -0.0086 -0.1495
vn 0.9879 0.0488 -0.1474
vn 0.9696 0.2144 -0.1176
vn 0.9326 0.3484 -0.0942
vn 0.9364 -0.3310 -0.1163
vn 0.9239 -0.3739 -0.0817
vn 0.9233 -0.3746 -0.0848
vn 0.9077 -0.4155 -0.0581
vn 0.9135 -0.4058 -0.0292
vn 0.8943 0.4427 -0.0657
vn 0.9081 -0.4182 -0.0229
vn 0.8824 0.4686 -0.0432
vn 0.9180 -0.3965 -0.0081
vn -0.5924 0.5705 -0.5688
vn 0.9482 -0.3150 -0.0409
vn 0.3767 0.9150 -0.1445
vn 0.8586 0.5121 0.0251
vn 0.4039 0.9050 -0.1335
vn 0.8945 -0.4455 -0.0384
vn 0.8606 0.5085 0.0275
vn 0.8741 0.4856 -0.0143
vn -0.6985 -0.5567 0.4498
vn -0.6824 -0.5668 0.4617
vn -0.2001 -0.7720 0.6032
vn 0.9036 -0.4259 -0.0457
vn 0.5549 -0.2068 0.8058
vn -0.0199 -0.5739 0.8187
vn 0.9229 -0.3849 -0.0081
vn 0.9284 -0.3715 -0.0026
vn 0.8275 0.5590 0.0535
vn 0.9112 -0.4118 0.0102
vn 0.8038 0.5893 0.0817
vn 0.8034 0.5872 0.0991
vn 0.9201 -0.3913 0.0200
vn 0.8994 -0.4359 0.0324
vn 0.7833 0.6098 0.1209
vn 0.8768 -0.4808 0.0053
vn 0.8159 0.5654 0.1212
vn 0.8005 -0.5993 -0.0025
vn 0.8375 0.5386 0.0925
vn 0.8526 0.5131 0.0987
vn 0.7930 -0.6075 0.0454
vn 0.8369 0.5228 0.1619
vn 0.7668 0.5983 0.2325
vn 0.8613 -0.5015 0.0820
vn 0.8707 -0.4876 0.0646
vn 0.8539 -0.5148 0.0761
vn 0.8020 0.5716 0.1735
vn 0.9585 0.1432 0.2464
vn 0.9539 0.2090 0.2152
vn 0.9656 0.2068 0.1578
vn 0.3027 0.5134 0.8030
vn 0.9452 0.2847 0.1598
vn 0.2242 -0.0569 0.9729
vn 0.9742 0.1933 -0.1161
vn 0.8466 -0.5129 0.1420
vn 0.9663 0.1808 -0.1835
vn 0.9404 0.2736 0.2021
vn 0.9813 0.1524 0.1173
vn 0.9814 0.1472 0.1235
vn 0.9227 -0.3429 0.1760
vn 0.9065 0.0591 0.4180
vn 0.6585 0.2273 0.7174
vn 0.7673 0.4578 0.4491
vn 0.8487 -0.0944 0.5204
vn 0.4900 0.7955 0.3566
vn 0.9402 0.1498 0.3059
vn 0.9368 0.0715 0.3424
vn 0.9670 -0.0481 0.2504
vn 0.0884 0.9226 0.3755
vn 0.9277 -0.2395 0.2864
vn 0.9147 -0.3317 0.2309
vn 0.8696 0.1660 0.4650
vn 0.9812 -0.1249 -0.1474
vn 0.9734 0.1651 -0.1590
vn 0.9671 -0.2062 -0.1491
vn 0.9617 0.2305 -0.1482
vn 0.9670 -0.2066 -0.1489
vn 0.9433 -0.2971 -0.1483
vn 0.9477 0.3058 -0.0914
vn 0.9409 -0.3114 -0.1332
vn 0.9269 -0.3512 -0.1323
vn 0.9211 0.3791 -0.0892
vn 0.9198 0.3840 -0.0811
vn 0.8877 0.4555 -0.0671
vn -0.6308 0.6363 -0.4441
vn 0.8389 -0.5422 -0.0483
vn 0.8612 0.5079 -0.0183
vn -0.3219 0.9159 -0.2398
vn 0.3374 0.9320 -0.1327
vn 0.6170 0.7862 0.0335
vn 0.8636 -0.5015 -0.0522
vn 0.6601 0.7391 -0.1342
vn 0.8525 0.5085 0.1215
vn 0.9502 0.2713 0.1532
vn 0.9055 0.2697 0.3277
vn 0.8317 0.0165 0.5550
vn 0.8478 0.0995 0.5209
vn 0.4289 -0.3686 0.8247
vn 0.8610 -0.5082 -0.0214
vn 0.8902 -0.4554 0.0080
vn 0.8951 -0.4458 -0.0109
vn 0.8924 -0.4511 -0.0129
vn 0.8654 -0.5007 0.0205
vn 0.8901 -0.4557 0.0098
vn 0.7885 0.6084 0.0904
vn 0.8438 -0.5353 0.0389
vn 0.7806 0.6159 0.1060
vn 0.7473 0.6276 0.2183
vn 0.7308 0.6379 0.2429
vn 0.7312 0.6362 0.2461
vn 0.7014 0.6542 0.2831
vn 0.6766 0.7022 0.2217
vn 0.7620 -0.6413 0.0906
vn 0.6924 0.6037 0.3951
vn 0.8018 -0.5712 0.1757
vn 0.7126 0.5297 0.4600
vn 0.7069 0.5337 0.4640
vn 0.8158 -0.1883 0.5468
vn 0.4956 -0.0477 0.8672
vn 0.3180 0.7813 0.5372
vn 0.7749 -0.5665 0.2804
vn 0.7932 -0.5245 0.3095
vn 0.8062 0.3443 0.4812
vn 0.9397 -0.1738 0.2947
vn 0.9345 -0.2328 0.2692
vn 0.1923 0.9346 0.2991
vn 0.7466 -0.4705 0.4703
vn 0.8721 0.0820 0.4825
vn 0.8699 -0.0657 0.4888
vn 0.8492 -0.2593 0.4600
vn 0.8298 -0.0642 0.5544
vn 0.8015 -0.0536 0.5955
vn 0.9903 0.0507 -0.1290
vn 0.9919 -0.0385 -0.1212
vn 0.9738 0.1619 -0.1599
vn 0.9904 0.0453 -0.1307
vn 0.9794 -0.1469 -0.1389
vn 0.9904 -0.0010 -0.1382
vn 0.9698 -0.1976 -0.1433
vn 0.9675 0.1940 -0.1620
vn 0.9734 0.1649 -0.1590
vn 0.9545 0.2585 -0.1485
vn 0.9361 -0.3158 -0.1550
vn 0.9438 0.3117 -0.1101
vn 0.9443 0.3145 -0.0972
vn 0.9140 -0.3807 -0.1400
vn 0.9221 0.3768 -0.0884
vn 0.9043 -0.4045 -0.1362
vn 0.8933 -0.4245 -0.1476
vn 0.9038 0.4202 -0.0809
vn 0.8656 -0.4921 -0.0926
vn 0.8622 -0.5024 -0.0657
vn 0.8646 -0.4986 -0.0624
vn 0.8703 0.4908 -0.0402
vn 0.8554 -0.5174 -0.0235
vn 0.8700 0.4914 -0.0410
vn 0.8628 0.5053 -0.0159
vn -0.5256 0.7916 -0.3116
vn 0.8284 -0.5583 -0.0450
vn -0.0787 0.8011 -0.5933
vn 0.8265 -0.5554 -0.0920
vn 0.5813 0.5250 -0.6217
vn -0.3825 -0.6791 0.6265
vn 0.8327 0.5329 0.1501
vn 0.4815 0.8760 -0.0284
vn 0.8499 0.5256 0.0373
vn 0.8692 0.3900 0.3041
vn 0.4313 -0.3680 0.8237
vn 0.6339 -0.1088 0.7657
vn 0.4488 -0.4040 0.7971
vn 0.8506 0.5238 0.0462
vn 0.8341 -0.5514 -0.0104
vn 0.8156 -0.5784 0.0166
vn 0.8408 0.5367 0.0708
vn 0.8027 -0.5962 -0.0119
vn 0.8237 0.5605 0.0856
vn 0.7951 -0.6061 0.0219
vn 0.7643 -0.6441 0.0322
vn 0.8099 -0.5837 0.0589
vn 0.8001 -0.5962 0.0656
vn 0.7771 -0.6285 0.0331
vn 0.7787 0.6185 0.1049
vn 0.7480 -0.6614 0.0548
vn 0.7449 0.6518 0.1426
vn 0.7486 -0.6607 0.0552
vn 0.7277 -0.6824 0.0690
vn 0.7370 -0.6706 0.0844
vn 0.6048 0.7322 0.3134
vn 0.6200 0.6875 0.3781
vn 0.7495 -0.6441 0.1528
vn 0.4661 -0.0295 0.8843
vn -0.1591 0.3418 0.9262
vn 0.8657 -0.2146 0.4523
vn 0.8603 -0.3938 0.3238
vn 0.8649 -0.3827 0.3249
vn 0.1397 0.9883 0.0612
vn -0.4729 0.8489 0.2360
vn 0.7496 0.3091 0.5852
vn 0.7563 0.3043 0.5791
vn 0.8253 0.1351 0.5484
vn 0.7860 0.0857 0.6123
vn 0.8451 -0.0795 0.5286
vn 0.7854 -0.1783 0.5928
vn 0.9954 0.0875 -0.0388
vn 0.9716 0.2037 -0.1207
vn 0.9964 0.0279 -0.0800
vn 0.9949 0.0385 -0.0937
vn 0.9857 -0.1535 -0.0687
vn 0.9732 0.1851 -0.1365
vn 0.9966 -0.0056 -0.0816
vn 0.9809 -0.1756 -0.0835
vn 0.9770 0.1733 -0.1245
vn 0.9949 0.0244 -0.0977
vn 0.9847 -0.1286 -0.1178
vn 0.9689 -0.2230 -0.1070
vn 0.9780 0.1576 -0.1369
vn 0.9781 0.1569 -0.1367
vn 0.9360 -0.3162 -0.1548
vn 0.9458 0.2772 -0.1692
vn 0.8988 -0.4091 -0.1576
vn 0.9113 0.4048 -0.0752
vn 0.9196 0.3810 -0.0956
vn 0.8688 -0.4718 -0.1501
vn 0.9044 0.4194 -0.0786
vn 0.8239 -0.5435 -0.1605
vn 0.8434 -0.5173 -0.1452
vn 0.8367 -0.5345 -0.1192
vn 0.8366 -0.5346 -0.1194
vn 0.8091 -0.5845 -0.0611
vn 0.8884 0.4552 -0.0599
vn 0.8104 -0.5850 -0.0314
vn 0.8434 -0.5369 -0.0187
vn 0.7938 -0.6082 -0.0029
vn -0.6281 0.6440 -0.4368
vn 0.7793 -0.6244 -0.0534
vn -0.4044 0.8287 -0.3869
vn 0.8420 0.5394 0.0121
vn -0.3793 0.8662 -0.3254
vn 0.7008 -0.6988 -0.1432
vn 0.8413 0.5399 0.0279
vn 0.0389 -0.6947 0.7183
vn 0.9896 0.0255 0.1419
vn 0.1686 -0.5496 0.8182
vn 0.6784 -0.6641 0.3143
vn 0.7876 0.6024 0.1298
vn 0.7404 0.6581 0.1368
vn 0.7212 -0.6888 0.0733
vn 0.5655 0.7561 0.3295
vn 0.6440 -0.7383 0.2006
vn 0.5298 0.6710 0.5187
vn 0.3298 -0.3654 0.8705
vn -0.4524 0.4640 0.7616
vn 0.6420 -0.6981 0.3169
vn 0.6221 -0.7268 0.2912
vn 0.2193 -0.5019 0.8367
vn 0.5899 0.4692 0.6572
vn 0.3299 -0.7573 0.5636
vn 0.6086 -0.6099 0.5075
vn 0.6737 -0.5155 0.5295
vn 0.6000 -0.2736 0.7518
vn 0.6008 -0.2726 0.7515
vn -0.4397 0.8074 0.3935
vn -0.0034 0.5648 0.8252
vn 0.5503 -0.3518 0.7573
vn -0.1073 0.8609 0.4974
vn 0.2188 0.4208 0.8804
vn 0.5717 -0.1876 0.7988
vn 0.9918 0.1048 -0.0736
vn 0.9869 -0.1528 -0.0521
vn 0.9819 0.1815 -0.0542
vn 0.9883 0.1426 -0.0543
vn 0.9840 -0.1762 -0.0259
vn 0.9812 -0.1918 -0.0212
vn 0.9947 0.0976 -0.0319
vn 0.8624 0.5031 -0.0559
vn 0.8915 0.4505 -0.0483
vn 0.9681 0.2468 -0.0440
vn 0.9951 0.0907 -0.0400
vn 0.9778 0.2057 -0.0393
vn 0.9811 -0.1899 -0.0371
vn 0.9537 0.2844 -0.0978
vn 0.9578 -0.2766 -0.0780
vn 0.9457 0.2824 -0.1607
vn 0.9398 0.3020 -0.1600
vn 0.9757 0.1892 -0.1106
vn 0.9527 -0.2909 -0.0881
vn 0.9431 0.2811 -0.1778
vn 0.9477 0.2655 -0.1770
vn 0.9603 -0.2529 -0.1178
vn 0.9513 -0.2854 -0.1161
vn 0.9436 0.2688 -0.1931
vn 0.9488 0.2507 -0.1922
vn 0.9294 0.3060 -0.2061
vn 0.9028 -0.4019 -0.1532
vn 0.9198 0.3453 -0.1865
vn 0.9307 0.3146 -0.1867
vn 0.9177 0.3752 -0.1308
vn 0.9001 0.4193 -0.1185
vn 0.8568 -0.4902 -0.1600
vn 0.8570 -0.4936 -0.1481
vn 0.8276 -0.5308 -0.1828
vn 0.8907 0.4456 -0.0903
vn 0.8103 -0.5783 -0.0949
vn 0.7548 -0.6557 -0.0183
vn 0.7512 -0.6601 -0.0061
vn -0.3984 0.7957 -0.4562
vn 0.7324 -0.6797 -0.0410
vn 0.7991 0.6010 -0.0136
vn 0.4149 0.6798 -0.6048
vn 0.7318 -0.6715 -0.1165
vn 0.8734 -0.3757 -0.3098
vn 0.8102 0.5851 0.0344
vn -0.4589 -0.7574 0.4645
vn 0.7658 -0.6430 -0.0145
vn 0.7891 0.6074 0.0916
vn 0.8052 0.5860 0.0912
vn 0.6448 -0.7634 0.0369
vn 0.7755 0.6220 0.1078
vn 0.7014 0.7027 0.1194
vn 0.7770 0.6142 0.1378
vn 0.6469 -0.7582 0.0820
vn 0.6590 -0.7474 0.0839
vn 0.7360 0.6658 0.1223
vn 0.6479 0.7420 0.1722
vn 0.6578 0.7370 0.1555
vn 0.5360 0.8113 0.2333
vn 0.5517 0.7789 0.2982
vn 0.6056 -0.7922 0.0756
vn 0.5363 0.7833 0.3143
vn 0.5810 -0.8082 0.0964
vn 0.4900 0.7897 0.3691
vn 0.4887 0.7896 0.3711
vn 0.4203 0.8325 0.3610
vn 0.5771 -0.8052 0.1367
vn 0.5815 -0.7977 0.1596
vn 0.4995 0.7523 0.4296
vn 0.4728 0.7355 0.4852
vn -0.4221 0.3595 0.8322
vn -0.3995 0.3379 0.8522
vn 0.5027 0.6239 0.5983
vn 0.5757 0.5342 0.6190
vn 0.5569 0.4633 0.6894
vn 0.5188 0.3169 0.7940
vn 0.5697 0.2726 0.7753
vn 0.6130 0.0790 0.7861
vn 0.5933 0.0509 0.8034
vn 0.9925 0.0894 -0.0834
vn 0.9833 -0.1811 -0.0198
vn 0.9930 0.1009 -0.0621
vn 0.9965 -0.0775 -0.0319
vn 0.9407 0.3359 -0.0482
vn 0.9925 0.1042 -0.0639
vn 0.9894 -0.1320 -0.0601
vn 0.9718 -0.2345 0.0233
vn 0.9441 -0.3270 -0.0414
vn 0.9890 -0.1416 -0.0430
vn 0.9490 0.3084 -0.0655
vn 0.8503 0.5248 -0.0393
vn 0.9296 -0.3677 -0.0247
vn 0.9439 -0.3299 -0.0140
vn 0.8133 0.5798 -0.0494
vn 0.9242 -0.3776 -0.0576
vn 0.8476 0.5180 -0.1155
vn 0.8139 0.5538 -0.1756
vn 0.8616 0.4432 -0.2475
vn 0.8580 0.4457 -0.2553
vn 0.8996 -0.4291 -0.0815
vn 0.8968 0.3567 -0.2616
vn 0.9166 0.3312 -0.2237
vn 0.9192 -0.3729 -0.1264
vn 0.8987 -0.4132 -0.1468
vn 0.9115 0.3443 -0.2251
vn 0.9055 0.3524 -0.2364
vn 0.8613 0.4451 -0.2451
vn 0.8455 0.4711 -0.2515
vn 0.8614 0.4446 -0.2456
vn 0.8046 0.5580 -0.2033
vn 0.8772 0.4625 -0.1286
vn 0.7862 -0.5820 -0.2078
vn 0.8538 0.5089 -0.1098
vn 0.8555 0.5066 -0.1066
vn 0.8714 0.4810 -0.0966
vn 0.7135 -0.6752 -0.1873
vn 0.8593 0.5052 -0.0798
vn 0.8653 0.4967 -0.0677
vn 0.8653 0.4966 -0.0677
vn 0.6773 -0.7350 -0.0326
vn 0.8591 0.5103 -0.0400
vn 0.8236 0.5664 -0.0288
vn 0.8361 0.5485 -0.0118
vn 0.8122 0.5832 0.0125
vn -0.8310 0.3092 -0.4623
vn 0.6226 -0.7790 -0.0747
vn 0.7852 -0.5685 -0.2455
vn 0.6624 0.7477 0.0462
vn 0.7753 0.6298 0.0478
vn 0.7534 0.6569 0.0304
vn 0.6807 0.7268 0.0920
vn 0.7212 0.6849 0.1037
vn 0.6999 0.7047 0.1165
vn 0.7016 0.7025 0.1194
vn 0.5190 0.8437 0.1374
vn 0.6661 0.7269 0.1673
vn 0.6955 0.7015 0.1552
vn 0.6467 0.7472 0.1535
vn 0.6503 0.7381 0.1796
vn 0.6459 0.7438 0.1722
vn 0.7531 0.6339 0.1762
vn 0.4657 0.8111 0.3539
vn 0.1091 -0.2786 0.9542
vn 0.1465 -0.1507 0.9777
vn 0.0733 0.0660 0.9951
vn 0.1849 0.4229 0.8871
vn 0.9879 -0.1205 0.0978
vn 0.9974 0.0611 0.0388
vn 0.9608 0.0933 -0.2610
vn 0.9628 0.0850 -0.2565
vn 0.9821 0.0175 -0.1877
vn 0.9529 0.0766 -0.2934
vn 0.9793 0.0715 -0.1896
vn 0.9961 0.0840 0.0266
vn 0.9970 -0.0252 -0.0730
vn 0.9976 -0.0099 -0.0685
vn 0.9929 -0.0083 -0.1187
vn 0.9936 -0.1116 -0.0191
vn 0.9965 -0.0731 -0.0393
vn 0.9981 0.0595 0.0155
vn 0.9807 0.0884 -0.1744
vn 0.9928 0.0001 -0.1195
vn 0.9879 -0.1317 0.0816
vn 0.9790 -0.1877 0.0801
vn 0.9877 0.1266 0.0916
vn 0.9903 0.1227 -0.0647
vn 0.9810 -0.1890 0.0437
vn 0.9641 0.2602 0.0527
vn 0.9839 0.1678 -0.0617
vn 0.9905 0.1012 -0.0926
vn 0.9739 0.2228 0.0439
vn 0.9769 -0.2123 0.0235
vn 0.9600 -0.2438 0.1378
vn 0.9315 -0.3430 0.1208
vn 0.9567 0.2760 0.0921
vn 0.9592 0.2825 -0.0051
vn 0.9808 0.1936 -0.0217
vn 0.9229 -0.3551 0.1487
vn 0.8862 0.4537 0.0938
vn 0.9137 -0.4010 0.0667
vn 0.7069 0.6993 0.1065
vn 0.8893 0.4492 0.0859
vn 0.7577 0.6523 0.0212
vn 0.8654 0.5000 -0.0341
vn 0.8616 -0.5059 0.0410
vn 0.8448 -0.5313 0.0633
vn 0.7983 0.5999 -0.0524
vn 0.7880 -0.6157 -0.0055
vn 0.7306 -0.6826 -0.0180
vn 0.7870 -0.6080 -0.1048
vn 0.5558 0.7349 -0.3885
vn 0.8768 -0.4671 -0.1144
vn 0.6189 0.7177 -0.3193
vn 0.7949 0.4884 -0.3600
vn 0.7887 0.4972 -0.3616
vn 0.8494 -0.5078 -0.1439
vn 0.7034 0.6037 -0.3753
vn 0.7875 0.5207 -0.3297
vn 0.7642 0.5409 -0.3513
vn 0.6310 0.6770 -0.3787
vn 0.7202 0.5976 -0.3526
vn 0.8114 -0.5545 -0.1846
vn 1.0000 -0.0075 -0.0023
vn 0.7120 0.6588 -0.2428
vn 0.7015 0.6708 -0.2409
vn 0.5859 0.7617 -0.2767
vn 0.7040 -0.6829 -0.1952
vn 0.7496 0.6378 -0.1771
vn 0.6825 0.7049 -0.1933
vn 1.0000 0.0006 0.0077
vn 0.7580 0.6419 -0.1162
vn 0.7846 0.6085 -0.1187
vn 0.6866 -0.7087 -0.1623
vn 0.7810 0.6144 -0.1117
vn 0.9958 -0.0791 0.0466
vn 0.6744 0.7297 -0.1132
vn 0.6608 -0.7398 -0.1265
vn 0.9970 -0.0750 0.0166
vn 0.6623 -0.7389 -0.1242
vn 0.6588 -0.7458 -0.0986
vn 0.7052 0.7050 -0.0756
vn 0.9997 0.0116 -0.0220
vn 0.7160 0.6943 -0.0730
vn 0.6350 -0.7612 -0.1317
vn 0.7450 0.6661 -0.0359
vn 0.7654 0.6427 -0.0322
vn 0.6823 0.7309 -0.0155
vn 0.7242 0.6894 0.0179
vn 0.6614 0.7494 0.0311
vn 0.7860 -0.6103 -0.0982
vn -0.3453 0.8354 -0.4277
vn 0.4166 0.9037 0.0989
vn 0.4563 0.8835 0.1059
vn 0.4306 0.8874 0.1645
vn 0.4564 0.8804 0.1283
vn 0.4026 0.8919 0.2060
vn 0.4052 0.8921 0.1997
vn 0.1991 -0.9094 0.3651
vn 0.0540 -0.5853 0.8090
vn 0.1282 -0.3819 0.9153
vn 0.2017 0.7027 0.6823
vn 0.0159 -0.7853 0.6189
vn -0.1310 0.9913 -0.0096
vn 0.2342 0.5528 0.7997
vn 0.1438 -0.5135 0.8460
vn 0.2519 -0.4183 0.8727
vn 0.2058 0.0650 0.9764
vn 0.2582 -0.0075 0.9661
vn 0.1513 -0.3539 0.9230
vn 0.9923 0.0286 -0.1203
vn 0.9876 -0.0280 -0.1542
vn 0.9906 -0.0560 -0.1246
vn 0.9930 -0.0040 -0.1180
vn 0.9915 0.0447 -0.1224
vn 0.9949 -0.0265 -0.0971
vn 0.9948 -0.0358 -0.0953
vn 0.9956 -0.0752 -0.0561
vn 0.9917 0.1204 -0.0460
vn 0.9938 0.0331 -0.1065
vn 0.9864 -0.0494 -0.1565
vn 0.9961 -0.0802 -0.0380
vn 0.9940 0.0318 -0.1050
vn 0.9880 -0.0682 -0.1388
vn 0.9909 0.1294 0.0365
vn 0.9740 -0.1655 -0.1546
vn 0.9871 0.0335 -0.1564
vn 0.9984 0.0369 -0.0434
vn 0.9783 -0.1339 -0.1580
vn 0.9968 -0.0783 -0.0186
vn 0.9907 0.1323 0.0329
vn 0.9942 -0.0462 -0.0971
vn 0.9714 0.1624 -0.1735
vn 0.9743 0.1389 -0.1772
vn 0.9875 0.0661 -0.1434
vn 0.9939 -0.0281 -0.1065
vn 0.9740 -0.1695 -0.1505
vn 0.9398 0.0844 -0.3312
vn 0.9966 -0.0456 -0.0682
vn 0.9955 -0.0935 -0.0150
vn 0.9859 -0.1509 0.0728
vn 0.9988 0.0322 -0.0382
vn 0.9989 0.0234 -0.0413
vn 0.9873 0.1326 0.0877
vn 0.9840 0.0739 -0.1620
vn 0.9343 -0.2666 0.2366
vn 0.9840 -0.1535 0.0902
vn 0.9669 0.1875 0.1732
vn 0.9435 0.2456 0.2224
vn 0.9896 0.1164 0.0843
vn 0.9619 -0.1545 -0.2256
vn 0.9546 -0.1890 -0.2305
vn 0.9518 0.2110 -0.2226
vn 0.9824 -0.1612 0.0941
vn 0.9937 -0.1062 0.0370
vn 0.9264 -0.2775 0.2547
vn 0.9946 -0.0351 -0.0978
vn 0.9836 -0.1091 -0.1434
vn 0.9581 -0.1000 -0.2685
vn 0.9244 0.1076 -0.3659
vn 0.9097 0.1633 -0.3818
vn 0.9978 -0.0591 -0.0305
vn 0.9985 -0.0197 -0.0517
vn 0.9934 -0.1080 0.0373
vn 0.6187 -0.5364 0.5740
vn 0.9213 0.0005 -0.3889
vn 0.9062 -0.2939 0.3041
vn 0.9904 0.1204 0.0674
vn 0.9669 0.1947 0.1647
vn 0.9750 0.1701 0.1427
vn 0.9701 -0.0403 -0.2391
vn 0.9734 0.0422 -0.2253
vn 0.8133 0.3820 0.4388
vn 0.9175 0.2603 0.3006
vn 0.9323 -0.2794 0.2298
vn 0.9056 -0.3001 0.2995
vn 0.9444 -0.2180 0.2460
vn 0.8950 -0.2629 0.3603
vn 0.6027 0.5335 0.5934
vn 0.9039 -0.3498 0.2461
vn 0.9168 0.2576 0.3052
vn 0.8770 0.3449 0.3346
vn 0.9721 0.1701 0.1617
vn 0.7610 -0.4294 0.4863
vn 0.9179 0.3331 0.2157
vn 0.8892 0.3397 0.3065
vn 0.5098 0.6369 0.5783
vn 0.6722 -0.6306 0.3879
vn 0.7931 -0.4590 0.4003
vn 0.8530 0.4401 0.2806
vn 0.8895 0.3731 0.2639
vn 0.6977 -0.6219 0.3554
vn 0.5381 0.7078 0.4577
vn 0.6712 -0.6871 0.2781
vn 0.8396 0.5027 0.2058
vn 0.7593 0.5464 0.3535
vn 0.7828 0.5717 0.2458
vn 0.6755 0.7170 0.1719
vn 0.5730 -0.8007 0.1748
vn 0.5581 -0.8084 0.1873
vn 0.5537 0.8326 0.0141
vn 0.5473 0.8367 0.0214
vn 0.4184 -0.9082 -0.0081
vn 0.4544 -0.8908 0.0027
vn 0.4606 0.8868 -0.0371
vn 0.4698 0.8819 -0.0394
vn 0.5217 0.8499 -0.0746
vn 0.9424 0.2306 -0.2424
vn 0.9439 -0.0098 -0.3301
vn 0.9465 -0.1271 -0.2966
vn 0.9465 0.2468 -0.2079
vn 0.9501 -0.1347 -0.2815
vn 0.4473 0.8724 -0.1970
vn 0.5177 0.8437 -0.1419
vn 0.9049 0.3769 -0.1976
vn 0.8425 -0.3829 -0.3788
vn 0.9878 -0.0631 -0.1427
vn 0.9180 0.3740 -0.1321
vn 0.9888 0.1254 -0.0814
vn 0.9925 0.0899 -0.0829
vn 0.8724 -0.3829 -0.3038
vn 0.7137 -0.6445 -0.2743
vn 0.9862 0.1531 -0.0632
vn 0.9880 -0.0978 -0.1197
vn 0.6858 0.5199 -0.5093
vn 0.9630 0.2658 -0.0446
vn 0.9769 -0.1697 -0.1301
vn 0.8991 -0.3462 -0.2680
vn 0.8959 -0.3589 -0.2619
vn 0.7284 0.5407 -0.4208
vn 0.7795 -0.6116 -0.1358
vn 0.7463 0.5325 -0.3994
vn 0.9546 0.2976 0.0103
vn 0.8265 -0.5375 -0.1671
vn 0.9997 0.0214 -0.0123
vn 0.9996 0.0273 -0.0117
vn 0.9103 -0.3510 -0.2193
vn 0.9339 -0.2940 -0.2035
vn 0.9787 -0.1796 -0.0991
vn 0.7056 0.5516 -0.4448
vn 0.9795 -0.1756 -0.0988
vn 0.9671 0.2535 0.0215
vn 0.9880 0.1533 0.0181
vn 0.9133 -0.3506 -0.2071
vn 0.6902 0.5824 -0.4294
vn 0.9999 0.0115 -0.0059
vn 0.9927 0.1182 0.0231
vn 0.9995 -0.0300 -0.0118
vn 0.8159 -0.5582 -0.1507
vn 0.9083 -0.3779 -0.1794
vn 0.9986 0.0434 0.0300
vn 0.9823 -0.1712 -0.0757
vn 0.9820 -0.1730 -0.0760
vn 0.9149 -0.3701 -0.1615
vn 0.9993 -0.0356 -0.0070
vn 0.9956 -0.0919 -0.0190
vn 0.9240 -0.3474 -0.1596
vn 0.9933 0.1121 0.0288
vn 0.8046 -0.5769 -0.1407
vn 0.9938 0.1082 0.0248
vn 0.9970 0.0764 0.0110
vn 0.9999 -0.0041 0.0104
vn 0.9964 0.0840 0.0143
vn 0.9176 -0.3763 -0.1279
vn 0.9932 0.1157 0.0117
vn 0.9961 -0.0787 -0.0396
vn 0.9144 -0.3513 -0.2013
vn 0.6208 0.6897 -0.3726
vn 0.9999 0.0136 -0.0024
vn 0.9795 -0.1801 -0.0908
vn 0.6355 0.6869 -0.3526
vn 0.9877 -0.1349 -0.0792
vn 0.9115 -0.3565 -0.2052
vn 0.9820 -0.1870 -0.0279
vn 0.6120 0.7209 -0.3251
vn 0.9971 -0.0707 -0.0297
vn 0.5719 0.7544 -0.3223
vn 0.9988 -0.0469 -0.0129
vn 0.9962 0.0807 0.0330
vn 0.9935 -0.1077 -0.0358
vn 0.9312 -0.2978 -0.2100
vn 0.9960 -0.0642 -0.0625
vn 0.9168 -0.2721 -0.2923
vn 0.9723 0.2276 0.0527
vn 0.9248 -0.2649 -0.2732
vn 0.9387 -0.2039 -0.2780
vn 0.5567 0.7852 -0.2711
vn 0.9986 0.0520 -0.0000
vn 0.9949 -0.0646 -0.0778
vn 0.9479 -0.2969 -0.1156
vn 0.9972 0.0743 0.0095
vn 0.9435 -0.2014 -0.2630
vn 0.9988 -0.0474 -0.0093
vn 0.9396 -0.2150 -0.2665
vn 0.6305 0.6941 -0.3474
vn 1.0000 -0.0079 0.0023
vn 0.9984 -0.0482 -0.0294
vn 0.9513 -0.2494 -0.1812
vn 0.9242 -0.3520 -0.1483
vn 0.5663 0.8089 -0.1581
vn 0.9994 -0.0309 -0.0121
vn 0.9986 -0.0358 -0.0382
vn 0.9517 -0.3063 -0.0213
vn 0.9238 -0.3708 -0.0957
vn 0.5725 0.8026 -0.1674
vn 0.9987 -0.0499 -0.0120
vn 0.9971 0.0753 0.0107
vn 0.8892 -0.4336 0.1459
vn 0.4838 0.8625 -0.1487
vn 0.9999 0.0096 0.0082
vn 0.9994 -0.0344 0.0011
vn 0.9990 -0.0450 0.0030
vn 0.9687 -0.2137 0.1264
vn 0.9303 -0.3291 0.1617
vn 0.9992 0.0355 0.0160
vn 0.9937 -0.0970 0.0557
vn 0.4828 0.8577 -0.1771
vn 0.6331 -0.6483 0.4229
vn 0.4043 0.9001 -0.1627
vn 0.9944 0.0774 0.0720
vn 0.9929 -0.0997 0.0647
vn 0.9994 -0.0350 -0.0001
vn 0.8955 -0.3329 0.2953
vn 0.9447 -0.2510 0.2112
vn 0.8588 -0.3883 0.3342
vn 0.9994 -0.0332 0.0009
vn 0.9865 -0.1271 0.1037
vn 0.9930 0.1115 0.0383
vn 0.9910 0.1287 0.0363
vn 1.0000 0.0096 -0.0017
vn 0.3863 0.9123 -0.1358
vn 0.9980 0.0583 0.0231
vn 0.8980 -0.3332 0.2874
vn 0.9922 0.1246 0.0017
vn 0.9855 -0.1532 0.0725
vn 0.8799 -0.3805 0.2845
vn 0.3663 0.9195 -0.1424
vn 0.8860 -0.3768 0.2704
vn 0.5163 -0.6730 0.5297
vn 0.9821 0.1882 -0.0108
vn 0.9993 0.0384 0.0005
vn 0.9996 0.0029 0.0283
vn 0.3312 0.9345 -0.1302
vn 0.9997 0.0051 0.0240
vn 0.8841 -0.3178 0.3425
vn 0.8806 -0.3298 0.3402
vn 0.9033 -0.3555 0.2401
vn 0.9260 -0.2539 0.2796
vn 0.9534 -0.2477 0.1722
vn 0.7846 -0.4632 0.4122
vn 0.4019 0.9119 -0.0834
vn 0.7995 -0.4441 0.4045
vn 0.3531 0.9336 -0.0610
vn 0.4426 0.8955 -0.0470
vn 0.4357 0.8999 -0.0164
vn 0.2356 0.9717 0.0178
vn 0.3066 0.9512 0.0356
vn 0.2325 0.9680 0.0949
vn 0.2496 0.9632 0.0999
vn 0.1767 0.9768 0.1214
vn 0.1908 0.9662 0.1735
vn 0.2205 0.9645 0.1453
vn 0.2413 0.9600 0.1418
vn 0.1735 0.9699 0.1707
vn 0.1842 0.9650 0.1866
vn 0.3009 -0.9515 0.0643
vn 0.4152 0.8932 0.1726
vn 0.2151 0.9573 0.1932
vn 0.2061 0.9577 0.2006
vn 0.1951 0.9608 0.1971
vn 0.1884 0.9563 0.2234
vn 0.2300 0.9452 0.2315
vn 0.2201 0.9411 0.2568
vn 0.2061 0.9457 0.2515
vn 0.2080 0.9461 0.2484
vn 0.1600 0.9493 0.2706
vn 0.1863 0.9364 0.2973
vn 0.1639 0.9357 0.3123
vn 0.1391 0.9180 0.3714
vn 0.1836 0.9020 0.3907
vn 0.1461 0.8984 0.4141
vn 0.1628 0.8835 0.4393
vn 0.1571 0.8849 0.4385
vn 0.1934 -0.9558 0.2215
vn 0.1524 0.8348 0.5290
vn 0.1826 0.8200 0.5424
vn 0.1600 0.7279 0.6667
vn -0.0607 0.9971 -0.0464
vn 0.1861 0.5113 0.8390
vn 0.2511 0.3553 0.9004
vn 0.0407 -0.6813 0.7308
vn 0.1870 0.2931 0.9376
vn -0.0205 0.9092 0.4160
vn 0.1695 -0.2839 0.9438
vn 0.9499 0.1018 -0.2954
vn 0.8357 -0.0466 -0.5472
vn 0.9551 0.1069 -0.2765
vn 0.9489 0.0325 -0.3139
vn 0.8744 0.3653 -0.3193
vn 0.8791 -0.2803 -0.3855
vn 0.9552 -0.1477 -0.2565
vn 0.8735 0.3656 -0.3216
vn 0.9630 0.1048 -0.2481
vn 0.9137 -0.3505 -0.2057
vn 0.8816 -0.2668 -0.3894
vn 0.8703 0.2810 -0.4045
vn 0.8705 -0.3922 -0.2972
vn 0.9664 0.2293 -0.1160
vn 0.8701 0.2818 -0.4044
vn 0.7705 -0.5837 -0.2563
vn 0.7350 0.6693 -0.1081
vn 0.4834 -0.6441 -0.5928
vn 0.9011 0.2602 -0.3469
vn 0.7879 0.5981 0.1467
vn 0.9655 0.2347 0.1129
vn 0.2445 0.8172 -0.5219
vn 0.9651 -0.2351 0.1155
vn 0.9797 -0.1827 0.0820
vn 0.9601 -0.2545 0.1164
vn 0.8423 0.3743 -0.3878
vn 0.9383 -0.2760 0.2085
vn -0.3124 -0.5940 0.7413
vn 0.8556 0.3620 -0.3699
vn 0.9359 0.2733 0.2225
vn 0.6957 0.2893 -0.6575
vn 0.8324 -0.3943 0.3895
vn 0.2514 -0.5200 0.8163
vn 0.9163 0.2867 0.2795
vn 0.2392 -0.5830 0.7765
vn 0.3167 0.3555 0.8794
vn 0.2880 0.8013 0.5243
vn 0.7757 0.4070 0.4823
vn -0.4982 0.5761 0.6480
vn 0.1902 -0.5224 0.8312
vn 0.1603 0.4187 0.8939
vn 0.1688 0.7824 0.5994
vn 0.0660 -0.6825 0.7279
vn 0.1531 0.6008 0.7846
vn 0.2289 0.7567 0.6124
vn 0.1059 0.6322 0.7676
vn -0.0913 0.8983 0.4297
vn 0.6332 0.6767 0.3756
vn -0.6464 0.7471 0.1552
vn -0.3236 0.9461 0.0127
vn 0.1410 -0.2566 -0.9562
vn 0.2445 0.7121 -0.6582
vn -0.3919 -0.9111 -0.1280
vn 0.3792 0.7634 -0.5229
vn 0.9521 0.2244 -0.2078
vn 0.9185 0.2961 -0.2622
vn 0.7916 0.5335 -0.2979
vn 0.0967 -0.7305 -0.6760
vn 0.0392 0.8821 -0.4694
vn 0.9960 -0.0884 -0.0157
vn -0.0494 0.8000 -0.5979
vn 0.8626 0.2474 -0.4413
vn 0.9999 0.0049 -0.0103
vn 0.9322 -0.3393 -0.1257
vn 0.0894 0.7810 -0.6181
vn 0.7438 0.3339 -0.5791
vn 0.9981 -0.0598 -0.0156
vn 0.4922 -0.7465 -0.4477
vn 0.8570 0.1511 -0.4927
vn 0.9999 0.0060 -0.0085
vn 0.6323 0.1911 -0.7508
vn 0.9996 0.0211 -0.0160
vn -0.0733 0.8183 -0.5701
vn 1.0000 0.0041 0.0016
vn 0.3453 -0.8094 -0.4749
vn 0.9992 0.0076 -0.0396
vn 0.9998 -0.0198 0.0054
vn 0.9982 -0.0592 -0.0126
vn 0.1610 -0.8653 -0.4746
vn 0.9733 0.1915 -0.1267
vn 0.9997 0.0076 -0.0228
vn 1.0000 0.0023 -0.0012
vn 0.1391 0.9247 -0.3544
vn 0.9996 0.0248 -0.0157
vn -0.1493 -0.8867 -0.4375
vn 0.9998 0.0218 -0.0003
vn 1.0000 0.0022 -0.0013
vn 1.0000 -0.0003 -0.0016
vn -0.1747 -0.8735 -0.4544
vn 1.0000 0.0079 0.0049
vn 0.9357 0.3478 0.0589
vn 0.9999 0.0136 0.0043
vn 0.9992 -0.0295 0.0271
vn 0.9999 0.0063 0.0145
vn 0.8666 0.3869 0.3151
vn 0.8167 0.4115 0.4045
vn 0.9997 -0.0245 0.0020
vn 0.9513 0.1981 0.2362
vn 1.0000 0.0005 0.0022
vn 0.2949 -0.6955 -0.6553
vn 0.7854 0.3693 0.4968
vn 0.9998 0.0141 0.0109
vn 0.9999 0.0076 0.0087
vn 0.8791 0.2682 0.3940
vn 0.8794 0.4422 -0.1766
vn 0.7062 -0.4214 -0.5690
vn 0.8865 0.2615 0.3818
vn 0.2611 0.9432 -0.2053
vn -0.0313 -0.7814 0.6233
vn -0.1054 -0.7004 0.7059
vn 0.4944 -0.6159 0.6134
vn 0.2188 -0.7520 0.6218
vn 0.2609 -0.7255 0.6369
vn 0.0092 -0.7925 0.6098
vn 0.2323 0.9707 -0.0614
vn 0.7075 -0.7030 0.0725
vn -0.2216 0.9749 -0.0207
vn 0.1196 0.9927 0.0156
vn 0.4932 -0.8660 -0.0826
vn 0.0499 0.9789 0.1982
vn 0.0195 0.9893 0.1447
vn -0.0942 0.9757 0.1979
vn 0.0091 -0.0590 0.9982
vn -0.5393 -0.5487 0.6388
vn -0.4784 0.6364 0.6050
vn 0.2108 0.8756 0.4346
vn -0.4483 0.8936 0.0220
vn -0.4424 0.8957 -0.0453
vn -0.4600 0.8871 -0.0385
vn -0.4066 0.6001 -0.6888
vn -0.4589 0.8666 -0.1960
vn -0.4743 0.8610 -0.1837
vn -0.6904 0.6278 -0.3594
vn -0.4756 0.8679 -0.1430
vn -0.6577 -0.5731 0.4889
vn -0.4635 0.8776 -0.1221
vn -0.6833 -0.5825 0.4401
vn -0.5462 -0.6741 0.4973
vn -0.4181 0.9005 -0.1197
vn -0.4632 0.8846 -0.0538
vn -0.3438 0.9388 -0.0211
vn -0.3121 0.9495 0.0327
vn -0.3430 0.9356 0.0833
vn -0.3369 0.9354 0.1071
vn -0.3319 0.9374 0.1054
vn -0.2784 0.9498 0.1429
vn -0.3045 0.9387 0.1614
vn -0.2668 0.9497 0.1640
vn -0.1655 0.9628 0.2134
vn -0.1453 0.9715 0.1871
vn -0.1968 0.9535 0.2285
vn -0.2328 0.9491 0.2120
vn -0.2717 0.9319 0.2403
vn -0.2441 0.9356 0.2549
vn -0.2023 0.9429 0.2647
vn -0.1832 0.9316 0.3141
vn -0.1906 0.9150 0.3555
vn -0.1487 0.9137 0.3782
vn -0.1704 0.8925 0.4176
vn -0.2094 0.8906 0.4038
vn -0.1534 0.8820 0.4456
vn -0.1878 0.8678 0.4600
vn -0.1347 0.8370 0.5304
vn 0.0280 -0.0649 0.9975
vn -0.2006 0.7867 0.5839
vn -0.1449 0.7285 0.6695
vn 0.0725 0.9974 -0.0014
vn -0.1758 -0.8104 0.5589
vn 0.0710 0.9975 -0.0025
vn -0.1633 0.2770 0.9469
vn -0.1566 0.0819 0.9843
vn -0.1734 -0.2953 0.9395
vn -0.6318 -0.6930 0.3473
vn -0.8084 0.5886 -0.0042
vn -0.6677 0.6627 -0.3391
vn -0.4573 0.8893 0.0021
vn -0.6441 0.7629 0.0563
vn -0.3122 0.9374 0.1546
vn -0.2914 0.9439 0.1553
vn -0.4112 0.8917 0.1891
vn -0.3436 0.9171 0.2022
vn -0.3428 0.9181 0.1990
vn -0.5487 0.8135 0.1927
vn -0.2261 0.9345 0.2750
vn -0.0443 -0.4949 0.8678
vn -0.0857 -0.4081 0.9089
vn -0.0590 -0.1957 0.9789
vn -0.0572 -0.2090 0.9762
vn -0.2128 0.3083 0.9272
vn -0.0196 -0.6924 0.7213
vn -0.2370 -0.0168 0.9714
vn -0.1853 -0.2459 0.9514
vn -0.0646 0.8668 0.4945
vn -0.2250 -0.2126 0.9509
vn 0.8598 0.3532 -0.3688
vn 0.4254 0.8072 -0.4093
vn 0.9495 0.1323 -0.2845
vn -0.7489 0.6623 0.0244
vn -0.6947 0.7135 0.0918
vn -0.6720 0.7328 0.1072
vn -0.7050 0.6931 0.1499
vn -0.5500 0.8135 0.1890
vn -0.5758 0.7919 0.2032
vn -0.0004 0.0281 0.9996
vn -0.2081 -0.4443 0.8713
vn -0.0433 0.9562 0.2894
vn -0.8432 0.5355 -0.0480
vn -0.9324 0.3575 -0.0532
vn -0.8453 0.5333 -0.0324
vn 0.5771 0.7020 -0.4174
vn 0.8808 0.3444 -0.3250
vn 0.8805 -0.4717 -0.0466
vn 0.8802 -0.4728 -0.0426
vn 0.0913 0.7687 -0.6331
vn 0.8355 -0.5425 0.0874
vn 0.8408 -0.5264 0.1262
vn 0.6458 -0.7102 0.2804
vn -0.5998 0.7780 0.1870
vn -0.5770 0.7932 0.1946
vn -0.5471 0.8092 0.2140
vn -0.5408 0.7925 0.2817
vn -0.4979 0.8067 0.3183
vn -0.5017 0.7894 0.3538
vn -0.4812 0.7964 0.3664
vn -0.4880 0.6895 0.5352
vn 0.1942 0.2270 0.9543
vn -0.4574 0.6359 0.6216
vn 0.5082 0.8410 0.1854
vn 0.2906 0.9564 0.0291
vn -0.5395 0.4802 0.6916
vn 0.4710 0.8811 -0.0422
vn -0.5449 -0.4363 0.7160
vn -0.5464 0.2754 0.7910
vn -0.5022 0.2386 0.8312
vn -0.5202 0.0819 0.8501
vn -0.4868 0.0503 0.8721
vn -0.3828 -0.3453 0.8569
vn 0.2678 0.6389 0.7212
vn 0.9140 -0.3670 -0.1731
vn 0.8812 -0.4708 -0.0433
vn 0.3772 0.8570 -0.3511
vn 0.3097 0.8423 -0.4413
vn 0.3097 0.8412 -0.4434
vn 0.0194 0.8181 -0.5748
vn 0.0417 -0.6171 0.7858
vn -0.4990 -0.3122 0.8084
vn 0.0346 -0.7415 0.6700
vn -0.6279 0.7105 0.3178
vn -0.4731 0.8040 0.3604
vn -0.4420 0.7952 0.4151
vn -0.4656 0.7747 0.4280
vn -0.4823 0.6900 0.5397
vn -0.4381 0.0619 0.8968
vn 0.3733 0.2558 0.8917
vn -0.4673 -0.5337 0.7048
vn -0.5057 0.5084 0.6970
vn 0.7292 0.6794 0.0810
vn -0.3907 -0.4487 0.8038
vn 0.8620 -0.3139 -0.3980
vn 0.6355 0.6823 -0.3615
vn 0.8815 -0.3747 -0.2874
vn 0.4700 0.8288 -0.3037
vn 0.8597 -0.5041 0.0821
vn 0.1770 0.9297 -0.3231
vn -0.0622 0.8209 -0.5677
vn -0.0641 0.9224 -0.3809
vn 0.7788 -0.5872 0.2206
vn -0.5678 0.8169 -0.1011
vn 0.6651 -0.6100 0.4306
vn -0.6966 0.7030 0.1431
vn -0.6068 0.7284 0.3182
vn 0.2690 0.9260 0.2651
vn -0.0788 0.3070 0.9484
vn 0.7209 0.6919 0.0410
vn 0.7249 0.6875 0.0435
vn -0.7184 0.2334 0.6553
vn -0.6958 0.0225 0.7179
vn -0.7243 -0.1244 0.6782
vn -0.4212 0.4451 0.7902
vn 0.6660 0.6034 -0.4386
vn 0.8633 -0.4627 -0.2015
vn 0.4992 0.8362 -0.2271
vn 0.8807 -0.4732 -0.0203
vn -0.0214 0.9838 -0.1780
vn 0.8690 -0.4775 0.1300
vn -0.3121 0.8914 -0.3286
vn 0.7831 -0.5479 0.2942
vn 0.7345 -0.5966 0.3234
vn -0.4774 0.8787 -0.0041
vn 0.4257 -0.6506 0.6289
vn 0.3897 -0.6657 0.6364
vn 0.3354 -0.6436 0.6880
vn -0.6984 -0.1445 0.7010
vn -0.1612 -0.5833 0.7961
vn -0.6718 0.6836 0.2852
vn -0.6058 0.7408 0.2901
vn -0.6617 0.5634 0.4948
vn -0.7005 -0.1435 0.6990
vn -0.6946 -0.2146 0.6866
vn -0.1006 0.5386 0.8365
vn 0.3036 0.9284 0.2143
vn -0.7048 0.4068 0.5811
vn 0.0281 0.9884 0.1490
vn 0.7417 -0.1829 -0.6454
vn 0.5087 0.6432 -0.5723
vn 0.7901 -0.3142 -0.5263
vn 0.8791 -0.4323 -0.2007
vn 0.4003 0.8812 -0.2514
vn 0.8789 -0.4335 -0.1989
vn 0.9071 -0.4209 0.0008
vn 0.8710 -0.4855 0.0760
vn 0.8389 -0.5227 0.1518
vn 0.7369 -0.5198 0.4321
vn -0.8069 0.5816 0.1033
vn -0.8288 0.5529 0.0857
vn -0.6583 0.7017 0.2725
vn -0.7429 0.5274 0.4122
vn -0.9698 0.1918 -0.1508
vn -0.8988 0.4343 -0.0595
vn 0.2718 0.8108 -0.5184
vn 0.7863 -0.3256 -0.5251
vn 0.8050 -0.3956 -0.4421
vn -0.5817 0.8073 -0.0993
vn -0.8803 0.4721 0.0477
vn -0.3065 -0.4427 0.8427
vn -0.8584 -0.5074 0.0758
vn -0.8278 -0.5551 0.0817
vn -0.4789 0.8481 0.2269
vn -0.6283 0.6351 0.4494
vn -0.5648 -0.5302 0.6324
vn -0.6373 0.0964 0.7646
vn -0.9232 0.3501 -0.1585
vn 0.4935 0.1276 -0.8603
vn -0.6678 0.7203 -0.1878
vn 0.8650 -0.4651 -0.1885
vn 0.8566 -0.5132 0.0538
vn 0.7899 -0.5468 0.2777
vn 0.6200 -0.6166 0.4852
vn 0.3957 -0.6248 0.6731
vn -0.3032 -0.4408 0.8448
vn -0.8796 0.4755 -0.0119
vn -0.8657 0.4926 0.0887
vn -0.9185 0.1751 0.3545
vn -0.7074 0.7057 -0.0400
vn -0.7059 0.2389 0.6668
vn -0.7616 -0.1380 0.6332
vn -0.9340 0.3312 -0.1339
vn 0.5946 -0.2682 -0.7580
vn -0.7376 0.5465 -0.3966
vn 0.6767 -0.3731 -0.6348
vn 0.5840 -0.6307 0.5111
vn -0.3818 -0.4566 0.8036
vn -0.4507 -0.3978 0.7992
vn -0.8314 0.5325 0.1587
vn -0.9291 0.0288 0.3686
vn 0.7164 -0.4748 -0.5112
vn 0.7745 -0.5580 -0.2979
vn 0.8181 -0.5721 0.0586
vn 0.7934 -0.6080 0.0304
vn -0.6090 0.6942 -0.3836
vn 0.4690 0.8515 -0.2346
vn -0.8516 0.5214 0.0545
vn -0.9360 0.3463 0.0634
vn -0.5818 -0.4819 0.6552
vn 0.9018 0.2588 -0.3461
vn 0.9367 -0.1320 -0.3243
vn 0.8983 -0.4211 -0.1254
vn 0.8866 0.3316 -0.3224
vn 0.8984 0.2513 -0.3600
vn 0.9578 0.1665 -0.2341
vn 0.9615 -0.2665 -0.0675
vn 0.9021 -0.4239 -0.0806
vn 0.8997 0.4058 -0.1608
vn 0.2706 -0.9188 0.2872
vn -0.1520 -0.2783 0.9484
vn 0.9550 0.2426 -0.1705
vn 0.8840 0.4164 -0.2126
vn 0.8988 0.3787 -0.2209
vn 0.8922 0.4160 -0.1761
vn 0.6886 0.2412 -0.6839
vn 0.9151 -0.1684 -0.3663
vn 0.9796 0.1775 -0.0945
vn -0.6112 -0.3544 0.7077
vn 0.6412 0.7587 -0.1153
vn 0.6762 0.7338 0.0658
vn -0.6219 -0.5592 0.5482
vn 0.9243 -0.1439 -0.3534
vn 0.9388 -0.0556 -0.3400
vn 0.8946 0.2619 -0.3621
vn 0.8792 0.3503 -0.3230
vn 0.9415 0.2715 -0.1994
vn 0.9326 0.3341 -0.1367
vn 0.9528 0.2689 -0.1407
vn 0.9177 0.2977 -0.2629
vn 0.9646 0.1310 -0.2290
vn 0.9245 0.3797 -0.0352
vn 0.9679 0.1306 -0.2145
vn 0.9193 0.3911 -0.0448
vn 0.9196 0.3902 -0.0449
vn 0.9722 0.2074 -0.1092
vn 0.8729 0.4835 0.0645
vn 0.8807 0.4661 0.0849
vn 0.0462 0.9986 0.0260
vn 0.6199 0.7662 0.1693
vn -0.4370 0.8846 0.1630
vn -0.0691 0.9870 0.1453
vn -0.2623 0.9531 0.1508
vn -0.6765 0.7345 -0.0540
vn -0.6168 0.7725 -0.1511
vn 0.9038 -0.1556 -0.3988
vn 0.9177 0.2191 -0.3315
vn 0.5617 -0.8267 0.0318
vn 0.8426 0.3289 -0.4266
vn 0.9076 0.3101 -0.2830
vn 0.9607 0.2198 -0.1695
vn 0.8457 0.3854 -0.3691
vn -0.8454 -0.4336 0.3119
vn 0.6672 0.6275 -0.4013
vn 0.9700 0.1709 -0.1732
vn 0.9606 0.2184 -0.1721
vn 0.8134 0.5380 -0.2213
vn 0.9721 0.1974 -0.1269
vn 0.7436 0.6678 -0.0335
vn 0.7947 0.6049 0.0504
vn 0.7933 0.6061 0.0580
vn 0.7830 0.6184 0.0677
vn 0.7732 0.6163 0.1492
vn 0.8137 0.5570 0.1662
vn 0.8147 0.5547 0.1691
vn 0.7787 0.5817 0.2350
vn 0.7361 0.6442 0.2079
vn 0.5591 0.7476 0.3586
vn 0.1344 0.9748 0.1783
vn 0.4181 0.9043 0.0862
vn 0.0072 0.9996 0.0276
vn 0.3474 0.8993 -0.2656
vn -0.1130 0.9923 -0.0499
vn -0.2122 0.4465 0.8693
vn -0.6019 -0.1393 0.7863
vn -0.9834 0.1556 0.0933
vn 0.9445 0.0261 -0.3276
vn 0.8869 -0.1111 -0.4483
vn 0.9363 0.1479 -0.3186
vn 0.8926 0.2353 -0.3846
vn -0.7580 -0.5737 0.3105
vn -0.3504 -0.9306 0.1060
vn 0.9350 0.2247 -0.2744
vn 0.9540 0.2232 -0.2002
vn 0.9468 0.2698 -0.1753
vn 0.9605 0.2450 -0.1321
vn 0.9611 0.2763 -0.0001
vn 0.9315 0.3575 0.0670
vn 0.9149 0.4012 0.0453
vn 0.9123 0.3997 0.0886
vn 0.8626 0.4810 0.1567
vn 0.8626 0.4740 0.1770
vn 0.8329 0.5083 0.2186
vn 0.8444 0.4393 0.3066
vn 0.7818 0.5494 0.2948
vn 0.8171 0.5613 0.1314
vn 0.7315 0.6758 0.0906
vn 0.6791 0.7331 0.0364
vn 0.0558 0.6541 0.7543
vn -0.4043 -0.6296 0.6634
vn 0.9595 -0.0897 -0.2670
vn 0.9304 0.2446 -0.2730
vn 0.9696 -0.0232 -0.2438
vn 0.9374 0.1474 -0.3157
vn 0.9664 0.1405 -0.2151
vn 0.9690 0.1368 -0.2060
vn 0.9924 0.0806 -0.0926
vn 0.9843 0.1428 -0.1035
vn 0.9854 0.1393 -0.0984
vn 0.9969 0.0779 -0.0129
vn -0.0384 0.8993 0.4356
vn 0.9844 -0.1346 -0.1135
vn 0.9970 0.0642 -0.0427
vn 0.9837 0.1638 -0.0747
vn -0.0999 0.8832 0.4582
vn -0.1256 0.9362 0.3282
vn 0.9995 0.0310 0.0099
vn 0.9979 0.0641 0.0045
vn 0.9872 0.1550 0.0381
vn 0.9867 0.1581 0.0369
vn -0.3482 0.8658 0.3593
vn 0.9794 0.1789 0.0936
vn -0.3653 0.8548 0.3687
vn 0.9740 0.1927 0.1193
vn -0.3503 0.8552 0.3821
vn 0.9974 0.0398 0.0596
vn 0.9615 0.2477 0.1193
vn 0.9974 0.0405 0.0604
vn 0.9764 0.1866 0.1089
vn 0.9572 0.2767 0.0853
vn 0.9735 0.0705 0.2175
vn 0.9358 0.2595 0.2387
vn 0.9382 0.2104 0.2746
vn 0.8839 0.4162 0.2133
vn 0.9219 0.3724 0.1066
vn 0.9250 0.3604 0.1207
vn 0.4822 0.5826 0.6543
vn 0.5703 0.7790 0.2607
vn 0.0921 0.4806 0.8721
vn 0.9115 0.2567 -0.3213
vn 0.8921 -0.1470 -0.4272
vn 0.8742 -0.2790 -0.3975
vn 0.9505 0.1154 -0.2883
vn 0.9513 0.1147 -0.2863
vn 0.9549 0.1457 -0.2586
vn 0.9755 0.1097 -0.1909
vn 0.9869 0.0082 -0.1610
vn 0.9866 0.0108 -0.1629
vn 0.9853 0.0863 -0.1473
vn 0.9807 0.0715 -0.1822
vn 0.8830 0.4450 0.1495
vn 0.9959 -0.0044 -0.0905
vn 0.9903 0.0893 -0.1069
vn 0.8732 0.4690 0.1324
vn 0.6227 0.7115 0.3257
vn -0.8737 0.4358 0.2159
vn 0.7490 0.6550 -0.1005
vn -0.0215 0.8956 0.4443
vn -0.5723 0.6994 0.4282
vn -0.5768 0.7718 0.2676
vn -0.2660 0.8472 0.4599
vn 0.7997 0.3854 0.4604
vn -0.3034 0.9244 0.2311
vn 0.6465 0.7146 0.2672
vn 0.9749 0.0685 0.2119
vn 0.9751 0.0721 0.2096
vn -0.6166 0.7188 0.3212
vn 0.2112 0.6407 0.7382
vn 0.9466 0.0426 0.3194
vn 0.9525 0.1637 0.2568
vn 0.9033 0.4139 0.1132
vn 0.1836 0.6273 0.7568
vn 0.8801 0.3925 0.2670
vn 0.1361 0.8014 0.5824
vn 0.8762 0.4363 0.2048
vn 0.3606 0.5290 0.7682
vn 0.9362 0.1738 -0.3055
vn 0.9061 -0.0262 -0.4222
vn 0.8610 -0.2837 -0.4222
vn 0.9407 0.1812 -0.2866
vn 0.9407 0.1149 -0.3192
vn 0.9658 0.0491 -0.2545
vn 0.9628 0.0805 -0.2579
vn 0.9665 -0.0220 -0.2558
vn 0.9613 0.0715 -0.2659
vn -0.5435 0.7588 0.3589
vn 0.9634 0.0293 -0.2664
vn -0.4504 0.8093 0.3770
vn -0.4462 0.8212 0.3557
vn -0.7136 0.6040 0.3549
vn -0.5145 0.8121 0.2754
vn 0.3772 0.8609 0.3414
vn 0.9406 0.3365 0.0439
vn 0.9214 0.1689 0.3500
vn 0.2290 0.6419 0.7317
vn 0.9278 0.1854 -0.3238
vn 0.8508 -0.1625 -0.4998
vn 0.9571 0.0761 -0.2797
vn 0.9521 0.1012 -0.2886
vn 0.7827 0.6093 -0.1265
vn 0.9831 0.0359 -0.1797
vn -0.6442 0.7131 0.2766
vn 0.8976 0.1495 -0.4148
vn -0.6525 0.6742 0.3460
vn 0.8416 -0.3171 -0.4371
vn 0.9509 0.0660 -0.3025
vn 0.9400 0.1148 -0.3212
vn 0.9368 0.0950 -0.3368
vn 0.7401 0.6675 -0.0819
vn 0.9694 -0.0153 -0.2452
vn 0.9670 0.0118 -0.2546
vn 0.9691 0.0470 -0.2421
vn 0.9663 0.0329 -0.2553
vn 0.9582 0.0742 -0.2763
vn -0.7537 0.5987 0.2710
vn -0.9412 -0.1074 0.3202
vn 0.9559 0.1035 -0.2749
vn 0.9531 0.1172 -0.2790
vn 0.6748 -0.4154 -0.6100
vn 0.8747 -0.0568 -0.4812
vn -0.2926 -0.7834 -0.5483
vn 0.9525 0.0453 -0.3012
vn 0.9791 0.0410 -0.1992
vn -0.2622 0.9649 -0.0121
vn 0.9586 0.0371 -0.2823
vn -0.5243 0.8454 0.1016
vn -0.7709 0.6085 0.1880
vn 0.9356 0.0046 -0.3530
vn 0.9093 -0.0358 -0.4147
vn 0.9847 0.0343 -0.1706
vn 0.8621 0.0666 -0.5024
vn 0.5340 -0.3229 -0.7814
vn 0.9555 0.0948 -0.2794
vn 0.9584 0.1393 -0.2492
vn 0.7304 0.3847 -0.5644
vn 0.9524 0.0320 -0.3032
vn 0.6063 0.1097 -0.7877
vn 0.7668 0.0187 -0.6416
vn 0.5040 0.3334 -0.7968
vn 0.1660 0.1426 -0.9758
vn -0.0546 -0.0484 -0.9973
vn -0.8000 -0.0391 -0.5987
vn -0.8272 -0.0555 -0.5592
vn -0.5465 -0.1898 -0.8157
vn -0.9681 0.0838 -0.2362
vn -0.9923 0.0239 -0.1216
vn -0.9910 0.0162 -0.1329
vn -0.9751 0.0208 -0.2208
vn 0.8515 -0.4921 -0.1810
vn -0.9279 -0.0274 -0.3719
vn -0.8405 0.2739 -0.4674
vn -0.9858 0.0691 -0.1529
vn -0.9829 0.0707 -0.1700
vn 0.3390 -0.8121 -0.4750
vn -0.9593 0.0237 -0.2812
vn -0.9546 0.0418 -0.2950
vn -0.8493 0.2885 -0.4421
vn -0.9552 -0.0326 -0.2943
vn -0.9626 -0.0574 -0.2647
vn -0.8061 -0.0897 -0.5850
vn -0.9567 0.1704 -0.2358
vn -0.9413 0.2779 -0.1914
vn -0.9381 0.2885 -0.1917
vn 0.3215 -0.8229 -0.4684
vn 0.5435 -0.7759 -0.3203
vn -0.1978 -0.6291 -0.7518
vn -0.7944 0.5284 -0.2995
vn -0.9535 -0.0028 -0.3013
vn -0.9546 0.0178 -0.2975
vn -0.9517 0.0444 -0.3037
vn -0.9395 0.0743 -0.3345
vn -0.9510 0.0313 -0.3075
vn 0.8442 -0.5352 0.0308
vn -0.9393 0.2863 -0.1890
vn -0.8439 -0.3747 -0.3839
vn -0.7469 -0.1586 -0.6458
vn -0.9275 0.2840 -0.2432
vn 0.0636 -0.8650 -0.4978
vn -0.9092 0.1011 -0.4039
vn -0.8367 0.5203 -0.1710
vn -0.9669 0.0316 -0.2533
vn -0.9403 0.0481 -0.3370
vn -0.9126 -0.0055 -0.4087
vn -0.9119 -0.0126 -0.4101
vn -0.9379 0.2480 -0.2425
vn -0.9384 0.1044 -0.3293
vn 0.7215 -0.6906 0.0514
vn -0.9350 0.0807 -0.3452
vn 0.8484 -0.5074 0.1509
vn -0.9641 0.0591 -0.2588
vn -0.9680 0.0321 -0.2487
vn -0.9731 0.0484 -0.2253
vn 0.3083 0.9224 0.2326
vn 0.8845 -0.3656 -0.2900
vn -0.8981 0.0131 -0.4396
vn -0.1192 -0.8729 -0.4731
vn -0.9380 0.2480 -0.2421
vn 0.1270 -0.9469 -0.2955
vn -0.9236 0.1236 -0.3629
vn -0.9477 0.0645 -0.3125
vn -0.9664 0.0925 -0.2400
vn -0.9697 0.0534 -0.2386
vn -0.9646 0.0788 -0.2519
vn -0.9746 0.0923 -0.2042
vn -0.9769 0.0418 -0.2097
vn -0.2609 0.9204 0.2912
vn -0.9728 0.0270 -0.2302
vn -0.0199 0.9213 0.3883
vn -0.9358 0.0315 0.3512
vn -0.9264 0.3055 0.2200
vn -0.8779 0.3357 0.3415
vn -0.8712 0.4825 0.0909
vn -0.7629 -0.5931 -0.2575
vn -0.7787 -0.0014 -0.6274
vn 0.4636 -0.8855 -0.0318
vn 0.3315 -0.9426 0.0406
vn -0.9508 0.0643 -0.3032
vn 0.5045 -0.8544 0.1246
vn -0.9668 0.1039 -0.2334
vn -0.9653 0.1381 -0.2216
vn -0.9717 0.0786 -0.2228
vn -0.9923 -0.0005 -0.1240
vn -0.9878 0.0744 -0.1371
vn -0.9814 0.1054 -0.1606
vn -0.9739 0.1648 -0.1561
vn -0.8924 0.4174 0.1713
vn -0.8708 0.4892 -0.0501
vn -0.1057 0.8989 0.4252
vn -0.9805 0.1043 -0.1666
vn 0.8734 -0.4167 -0.2520
vn -0.9536 -0.1210 0.2758
vn -0.9860 0.1040 0.1302
vn -0.5751 0.2955 0.7629
vn -0.9749 0.0878 0.2044
vn -0.8632 0.4570 0.2143
vn -0.9385 0.2641 0.2225
vn -0.9855 0.0460 0.1632
vn -0.9426 0.2641 0.2046
vn 0.8184 -0.5180 -0.2490
vn -0.9399 0.2677 0.2120
vn -0.9246 0.3793 0.0359
vn -0.8999 0.4359 0.0126
vn -0.8148 0.4972 0.2980
vn -0.4363 0.6711 0.5994
vn -0.9523 0.1384 -0.2721
vn -0.9294 -0.3431 -0.1363
vn -0.2498 -0.7763 -0.5788
vn -0.9360 0.0899 -0.3403
vn -0.9136 0.2284 -0.3363
vn 0.4354 -0.8861 0.1588
vn -0.1605 -0.9797 -0.1197
vn -0.9535 0.1510 -0.2607
vn -0.9620 0.1097 -0.2499
vn 0.7773 -0.5261 0.3450
vn -0.9746 0.0693 -0.2130
vn -0.9546 0.1630 -0.2494
vn -0.9728 0.1668 -0.1606
vn -0.9974 0.0410 -0.0586
vn -0.9917 0.0952 -0.0865
vn -0.9764 0.2122 -0.0407
vn -0.9858 0.1622 0.0439
vn -0.9959 0.0785 0.0455
vn -0.9900 0.1196 0.0752
vn -0.7065 0.6868 0.1706
vn -0.9969 0.0709 0.0354
vn -0.9523 0.2662 0.1491
vn -0.9961 0.0869 0.0169
vn -0.9988 0.0169 0.0458
vn -0.9493 0.2658 0.1677
vn 0.2816 0.7961 0.5357
vn -0.9989 0.0199 0.0413
vn -0.9985 -0.0056 0.0538
vn -0.9572 0.2087 0.2006
vn -0.9210 0.3384 0.1927
vn -0.9200 0.3158 0.2320
vn -0.8642 0.4396 0.2448
vn -0.8499 0.4759 0.2263
vn -0.9316 0.3633 -0.0042
vn 0.7660 -0.6351 -0.0989
vn 0.7705 -0.6292 -0.1025
vn -0.9628 0.2528 0.0957
vn -0.8987 0.4374 0.0322
vn -0.9216 0.3397 0.1875
vn -0.9036 0.3943 0.1676
vn 0.7405 -0.6668 0.0843
vn -0.3852 0.4465 0.8076
vn -0.3239 0.2124 0.9219
vn -0.9331 0.1795 -0.3115
vn -0.9364 -0.1384 -0.3226
vn -0.9356 -0.1558 -0.3168
vn -0.9390 0.1060 -0.3270
vn -0.9097 0.2397 -0.3392
vn 0.4808 -0.8525 0.2052
vn 0.7676 -0.5185 0.3767
vn -0.9056 0.2394 -0.3501
vn -0.9065 0.2362 -0.3499
vn -0.7931 0.3362 -0.5079
vn -0.9368 0.2224 -0.2702
vn -0.9431 0.2211 -0.2483
vn -0.9547 0.2582 -0.1478
vn -0.9521 0.2725 -0.1386
vn -0.9406 0.3174 0.1206
vn -0.9415 0.3098 0.1324
vn -0.9300 0.3067 0.2028
vn -0.8298 0.5410 0.1370
vn -0.8425 0.4966 0.2088
vn -0.8073 0.5188 0.2815
vn -0.8019 0.5340 0.2679
vn -0.8088 0.5527 0.2007
vn -0.6864 0.6640 0.2964
vn -0.6266 0.7244 0.2874
vn -0.6643 0.5094 0.5470
vn 0.7551 -0.6187 -0.2170
vn -0.8194 0.5712 0.0491
vn 0.5076 -0.8285 0.2364
vn -0.6604 -0.6770 0.3248
vn 0.8389 -0.5433 -0.0309
vn -0.9193 -0.1860 -0.3470
vn -0.9054 0.1529 -0.3962
vn -0.9035 0.1995 -0.3793
vn -0.9210 0.1248 -0.3691
vn -0.6727 -0.7342 0.0917
vn -0.8952 0.1435 -0.4219
vn 0.1757 -0.9366 0.3031
vn -0.5874 -0.7816 -0.2099
vn -0.8935 0.1267 -0.4307
vn 0.0828 -0.9950 0.0552
vn -0.6490 0.1782 -0.7396
vn 0.6917 -0.1339 -0.7097
vn -0.6864 0.2329 -0.6889
vn 0.8445 -0.4446 0.2988
vn -0.0361 0.7878 0.6149
vn -0.2390 0.8406 0.4860
vn -0.2909 0.9013 0.3210
vn -0.1723 0.9220 0.3467
vn 0.2614 0.9025 0.3423
vn 0.6303 -0.7361 -0.2467
vn 0.6143 0.6062 -0.5052
vn 0.8810 -0.0690 -0.4680
vn 0.7188 -0.6933 0.0504
vn 0.6667 -0.6978 0.2621
vn 0.6604 -0.7066 0.2542
vn 0.9272 -0.3614 -0.0991
vn 0.1204 -0.2823 -0.9517
vn -0.3083 -0.6381 -0.7056
vn -0.3294 -0.6051 -0.7248
vn -0.2466 -0.8916 -0.3798
vn 0.9806 -0.1679 -0.1012
vn -0.9513 -0.1318 -0.2788
vn -0.7746 0.1734 -0.6082
vn 0.5380 -0.8420 -0.0399
vn -0.9185 -0.0057 -0.3954
vn -0.9601 0.1237 -0.2508
vn 0.3444 -0.9081 0.2381
vn -0.9885 0.0118 -0.1507
vn -0.9655 -0.0856 -0.2461
vn 0.5777 -0.6389 0.5080
vn 0.4436 -0.8938 0.0660
vn 0.8362 -0.4893 0.2478
vn 0.6366 -0.7712 0.0007
vn 0.7674 -0.6412 -0.0019
vn 0.5588 -0.8053 -0.1982
vn 0.5910 -0.6421 -0.4884
vn 0.5676 -0.8218 0.0498
vn 0.5644 -0.8237 0.0546
vn 0.6192 -0.7304 0.2884
vn 0.8269 -0.5025 -0.2523
vn 0.9901 -0.0960 -0.1020
vn 0.9822 -0.1847 -0.0335
vn 0.9846 -0.1740 0.0157
vn 0.6571 0.1080 -0.7460
vn -0.6535 -0.4096 -0.6365
vn -0.6723 -0.5593 -0.4849
vn -0.9561 -0.1279 -0.2638
vn -0.9351 0.1732 -0.3093
vn -0.9609 -0.1096 -0.2543
vn -0.9384 0.1768 -0.2969
vn -0.9394 0.1647 -0.3006
vn -0.9585 0.1041 -0.2654
vn -0.9528 -0.2866 0.0998
vn -0.8452 -0.4885 -0.2166
vn -0.9317 -0.0967 -0.3502
vn 0.8207 -0.5713 0.0067
vn 0.4454 0.3568 -0.8212
vn -0.8298 -0.5367 -0.1528
vn -0.0349 -0.0435 -0.9984
vn -0.9295 -0.2176 -0.2979
vn -0.9530 0.2123 -0.2161
vn 0.0888 -0.9949 0.0469
vn 0.5515 -0.8118 0.1918
vn 0.5540 -0.8088 0.1975
vn 0.6692 -0.7352 0.1078
vn 0.6687 -0.7368 0.0995
vn 0.5668 -0.8219 0.0573
vn 0.5145 -0.8567 -0.0372
vn 0.5810 -0.8023 -0.1370
vn 0.4500 -0.8008 -0.3954
vn 0.8557 -0.4872 -0.1744
vn -0.0177 0.0552 -0.9983
vn -0.0235 0.0423 -0.9988
vn -0.6632 -0.3167 -0.6781
vn -0.6320 -0.3781 -0.6764
vn -0.7386 -0.4494 -0.5025
vn -0.7046 -0.5382 -0.4626
vn 0.9812 -0.1898 0.0348
vn -0.7966 -0.5390 -0.2736
vn -0.7621 -0.6008 -0.2414
vn -0.7223 -0.6790 0.1314
vn -0.6760 -0.7290 0.1077
vn 0.9599 -0.2791 0.0255
vn 0.3202 -0.8783 -0.3550
vn 0.3637 -0.8802 -0.3047
vn 0.3127 -0.9496 0.0235
vn 0.9595 -0.2815 0.0090
vn -0.8330 -0.5037 -0.2289
vn -0.8444 -0.5355 0.0119
vn -0.7979 -0.5963 0.0879
vn -0.7702 -0.5780 0.2694
vn -0.4463 -0.6678 0.5957
vn -0.4192 -0.6409 0.6430
vn 0.9470 -0.3073 0.0938
vn 0.9028 0.1581 -0.3999
vn 0.8019 0.2880 -0.5235
vn 0.8257 -0.4838 -0.2900
vn 0.8034 -0.4969 -0.3280
vn 0.8050 -0.5796 0.1271
vn 0.9553 -0.2687 -0.1231
vn -0.2217 0.5678 -0.7928
vn -0.4785 0.3028 -0.8242
vn -0.5156 0.0963 -0.8514
vn -0.8533 -0.4630 -0.2400
vn 0.9274 -0.3728 -0.0309
vn -0.7703 -0.5780 0.2694
vn -0.4683 -0.6242 0.6253
vn 0.9621 -0.2725 -0.0029
vn 0.5816 -0.5649 0.5853
vn 0.9289 -0.3440 -0.1370
vn 0.8974 -0.4290 -0.1032
vn -0.7188 -0.1644 -0.6755
vn -0.7376 -0.2768 -0.6159
vn -0.7920 -0.4199 -0.4431
vn -0.8739 -0.4855 0.0229
vn -0.8568 -0.4907 0.1584
vn -0.1328 -0.6249 0.7694
vn -0.2920 -0.5864 0.7555
vn 0.8668 -0.4974 0.0361
vn 0.9992 -0.0119 0.0390
vn -0.6678 0.2722 -0.6928
vn -0.6644 0.2350 -0.7094
vn -0.8138 -0.3533 -0.4614
vn -0.8112 -0.3255 -0.4859
vn -0.8723 -0.4441 -0.2047
vn -0.8895 -0.4566 -0.0184
vn -0.8469 -0.5120 0.1437
vn -0.6832 -0.6378 0.3556
vn 0.8018 -0.5975 -0.0116
vn 0.9020 -0.4007 -0.1609
vn 0.8490 -0.5276 -0.0286
vn -0.8724 -0.4433 -0.2057
vn -0.4105 0.8672 -0.2820
vn -0.2971 0.9067 -0.2994
vn -0.2372 0.9380 -0.2527
vn -0.8254 -0.5142 0.2332
vn 0.1130 0.9914 -0.0666
vn 0.8183 -0.5670 -0.0941
vn -0.1481 -0.5991 0.7868
vn 0.7519 -0.6584 0.0339
vn 0.6076 -0.5662 0.5570
vn 0.9819 -0.1859 -0.0358
vn 0.8718 -0.4615 -0.1646
vn 0.8005 -0.5967 -0.0553
vn -0.8423 0.0548 -0.5362
vn -0.8350 -0.3360 -0.4358
vn -0.8753 -0.4349 -0.2114
vn -0.5607 0.7392 -0.3731
vn -0.8802 -0.4723 -0.0463
vn -0.8699 -0.4825 0.1023
vn -0.8361 -0.4612 0.2970
vn -0.7419 -0.6215 0.2518
vn -0.7047 -0.6190 0.3467
vn -0.1677 -0.6532 0.7384
vn 0.7175 -0.6965 0.0121
vn 0.6713 -0.7385 0.0625
vn 0.6029 -0.7903 0.1093
vn 0.1923 -0.8329 0.5189
vn 0.5916 -0.6678 0.4516
vn 0.3123 -0.6369 0.7049
vn 0.9533 -0.3010 -0.0259
vn 0.7718 -0.6039 -0.1989
vn 0.7106 -0.7036 0.0025
vn 0.7013 -0.7123 -0.0277
vn -0.8421 -0.4594 -0.2827
vn -0.8481 -0.5289 -0.0327
vn -0.8178 -0.5492 0.1719
vn -0.5146 -0.7780 0.3604
vn 0.6963 -0.7177 0.0089
vn 0.6866 -0.7270 -0.0056
vn 0.6751 -0.7378 -0.0020
vn 0.6784 -0.7334 0.0433
vn 0.6188 -0.7810 0.0845
vn 0.6194 -0.7807 0.0829
vn -0.8020 0.5808 0.1394
vn -0.7814 0.6182 0.0851
vn 0.9964 0.0086 -0.0842
vn 0.9935 -0.1136 0.0036
vn 0.8583 -0.5104 -0.0535
vn 0.7860 -0.5889 -0.1884
vn 0.6737 -0.7025 -0.2293
vn 0.7272 -0.6576 -0.1966
vn 0.6857 -0.6920 -0.2255
vn 0.6881 -0.7085 -0.1566
vn 0.7076 -0.7037 -0.0638
vn 0.6540 -0.7560 -0.0264
vn 0.6044 -0.7966 -0.0056
vn 0.6043 -0.7967 -0.0067
vn -0.9488 0.0812 -0.3053
vn -0.8528 0.2189 -0.4742
vn -0.8416 -0.5385 -0.0404
vn -0.8408 -0.5395 -0.0445
vn -0.8150 -0.5782 0.0386
vn -0.7401 -0.6621 0.1177
vn -0.7465 -0.6487 0.1480
vn -0.0684 -0.8992 0.4322
vn 0.4036 -0.9140 -0.0403
vn 0.4494 -0.8880 0.0978
vn 0.4429 -0.8915 0.0950
vn 0.0552 -0.8333 0.5501
vn -0.5283 0.8478 0.0462
vn -0.4694 0.8827 0.0205
vn 0.5599 -0.8188 -0.1264
vn 0.7158 -0.6352 -0.2900
vn 0.7810 0.4983 -0.3765
vn 0.8347 -0.5298 -0.1504
vn 0.8242 -0.5533 -0.1208
vn 0.7707 -0.6141 -0.1700
vn 0.6934 -0.6971 -0.1822
vn 0.7441 -0.6172 -0.2557
vn 0.6774 -0.7110 -0.1886
vn 0.9036 -0.3350 0.2669
vn 0.5347 -0.8451 0.0035
vn 0.4746 -0.8792 -0.0423
vn 0.4390 -0.8841 -0.1601
vn 0.0442 0.7279 -0.6843
vn 0.2711 -0.6968 -0.6640
vn -0.9149 -0.4009 -0.0471
vn -0.5991 -0.7212 -0.3478
vn -0.5586 -0.8161 0.1480
vn -0.6810 -0.7301 0.0576
vn -0.5592 -0.8156 0.1487
vn -0.2411 -0.9685 0.0619
vn 0.3070 -0.9517 -0.0046
vn 0.3209 -0.9469 -0.0213
vn 0.3287 -0.9444 -0.0043
vn 0.3288 -0.9444 -0.0043
vn 0.2972 -0.9527 0.0636
vn 0.3028 -0.9483 0.0949
vn 0.2853 -0.9510 0.1193
vn 0.2502 -0.9625 0.1048
vn 0.2315 -0.9651 0.1224
vn 0.2257 -0.9622 0.1522
vn 0.2067 -0.9495 0.2360
vn 0.2243 -0.8207 0.5255
vn 0.0514 -0.7262 0.6855
vn 0.2012 -0.8036 0.5602
vn 0.2496 -0.7240 0.6430
vn 0.5947 -0.5383 0.5971
vn 0.6586 -0.6934 0.2922
vn 0.5354 -0.8390 0.0970
vn 0.5085 -0.8533 0.1149
vn 0.4770 -0.8566 -0.1965
vn 0.4860 -0.6122 -0.6238
vn 0.6835 0.6246 -0.3779
vn 0.7289 0.5657 -0.3856
vn 0.6666 0.6428 -0.3774
vn 0.6581 0.6676 -0.3480
vn -0.4172 -0.8085 -0.4151
vn 0.6853 -0.6616 -0.3043
vn 0.5790 -0.7416 -0.3387
vn 0.7864 -0.5424 -0.2955
vn 0.8223 -0.4096 -0.3951
vn 0.5409 -0.5015 -0.6752
vn 0.8539 -0.4926 0.1678
vn 0.7219 -0.4987 0.4798
vn 0.5515 -0.6217 0.5562
vn 0.4815 -0.8764 0.0063
vn 0.4620 -0.8866 0.0240
vn 0.4285 -0.9035 -0.0022
vn 0.4704 -0.8824 -0.0077
vn 0.5001 -0.8623 -0.0801
vn 0.3103 -0.9506 0.0058
vn 0.2809 -0.9545 0.0999
vn 0.2717 -0.9557 0.1136
vn 0.2789 -0.9518 0.1279
vn 0.2316 -0.9651 0.1225
vn 0.2128 -0.9676 0.1361
vn 0.1908 -0.9135 0.3594
vn 0.1908 -0.5978 0.7786
vn -0.0491 0.0629 -0.9968
vn 0.1928 -0.0734 -0.9785
vn 0.4773 0.0134 -0.8786
vn -0.4795 -0.2494 -0.8413
vn -0.6671 -0.5281 -0.5255
vn -0.0189 -0.7907 -0.6119
vn -0.5441 -0.4963 -0.6764
vn -0.1079 0.3661 -0.9243
vn -0.3736 -0.7633 0.5271
vn 0.1918 -0.8095 0.5549
vn 0.2265 -0.7066 0.6704
vn 0.0897 -0.6972 0.7113
vn 0.0752 -0.6797 0.7296
vn 0.0245 -0.7608 0.6485
vn 0.1664 -0.7296 0.6633
vn 0.0299 -0.8687 0.4944
vn 0.0338 -0.8691 0.4934
vn -0.0315 -0.9389 0.3427
vn 0.0228 -0.5779 -0.8158
vn 0.0214 -0.6091 -0.7928
vn 0.4209 -0.8501 -0.3166
vn 0.2138 -0.7481 -0.6283
vn 0.7400 -0.6085 -0.2866
vn -0.1001 0.7444 -0.6602
vn 0.1117 0.3881 -0.9148
vn -0.2056 -0.7501 -0.6286
vn 0.0969 0.7906 -0.6047
vn -0.5433 -0.8134 -0.2079
vn 0.4123 -0.8062 -0.4244
vn 0.1966 -0.8776 -0.4372
vn -0.5327 -0.7485 -0.3950
vn -0.2757 -0.8961 -0.3479
vn -0.2053 -0.8115 -0.5471
vn -0.2031 -0.6505 -0.7319
vn -0.3246 -0.5080 -0.7979
vn 0.3954 -0.6054 -0.6907
vn -0.1109 -0.7059 -0.6995
vn 0.1631 -0.4713 -0.8668
vn -0.1911 -0.7600 -0.6212
vn -0.1745 -0.8545 -0.4893
vn 0.0481 -0.9921 -0.1157
vn -0.0063 -0.9885 0.1512
vn 0.0629 -0.8358 0.5454
vn -0.1691 -0.7697 0.6156
vn 0.3376 -0.7616 0.5532
vn 0.2510 -0.6959 0.6729
vn 0.1462 -0.6944 0.7046
vn 0.0776 -0.7836 0.6165
vn 0.1523 -0.9875 0.0398
vn 0.0146 -0.9992 -0.0376
vn -0.1401 -0.9340 -0.3287
vn -0.1715 -0.9852 0.0041
vn -0.0073 -0.9999 0.0098
vn 0.1582 -0.9854 0.0637
vn -0.0347 -0.7910 0.6109
vn -0.9618 0.0424 -0.2706
vn -0.9665 -0.0055 -0.2567
vn -0.9699 -0.0002 -0.2437
vn -0.9379 -0.0967 -0.3331
vn -0.9242 -0.1056 -0.3669
vn -0.8610 0.1871 -0.4730
vn -0.7574 0.0730 -0.6489
vn -0.9860 -0.0185 -0.1654
vn -0.8943 -0.1524 -0.4207
vn -0.9354 0.1578 -0.3163
vn -0.9821 0.0911 -0.1649
vn -0.9797 -0.0821 -0.1827
vn -0.9281 -0.2383 -0.2861
vn -0.7764 0.5898 -0.2220
vn -0.9782 -0.1204 -0.1694
vn -0.9392 0.1543 -0.3067
vn -0.3578 -0.5925 -0.7218
vn -0.8745 0.2855 -0.3921
vn -0.9841 -0.1418 -0.1070
vn -0.9539 -0.2962 -0.0479
vn -0.8966 0.2781 -0.3448
vn -0.9394 -0.3196 0.1237
vn -0.7559 0.4393 -0.4855
vn -0.9556 -0.2579 0.1425
vn -0.9222 0.3172 0.2211
vn -0.8640 0.4190 0.2791
vn -0.0438 -0.5516 -0.8329
vn -0.8033 0.4053 -0.4364
vn -0.8894 0.1835 -0.4187
vn -0.7967 -0.4398 0.4145
vn -0.8398 0.3843 0.3834
vn -0.8394 0.3849 0.3838
vn -0.5571 -0.5607 0.6126
vn -0.5179 0.5849 0.6242
vn -0.6686 0.4652 0.5801
vn -0.4677 0.5950 0.6536
vn -0.5188 -0.7783 0.3537
vn -0.4979 -0.8505 0.1696
vn -0.4781 -0.8725 0.1008
vn -0.3819 -0.9242 -0.0005
vn -0.6208 0.2107 -0.7551
vn -0.8441 0.2905 -0.4507
vn -0.0267 -0.5576 -0.8297
vn -0.8689 -0.4845 -0.1009
vn -0.4551 -0.8682 -0.1978
vn -0.7639 0.5452 -0.3452
vn -0.5858 -0.5796 -0.5665
vn -0.9501 0.2355 -0.2046
vn -0.6275 -0.7272 -0.2783
vn -0.8432 0.4698 -0.2612
vn -0.5975 -0.5687 -0.5653
vn -0.9419 0.2513 -0.2227
vn -0.9987 0.0431 -0.0258
vn -0.3207 -0.8972 -0.3035
vn -0.8796 -0.4279 -0.2080
vn -0.1290 -0.7982 -0.5884
vn -0.6361 0.3361 -0.6946
vn -0.9297 -0.3501 -0.1142
vn -0.2763 -0.7586 -0.5901
vn -0.9992 0.0154 -0.0368
vn -0.6049 -0.6495 -0.4607
vn -1.0000 0.0024 -0.0084
vn -0.9976 -0.0684 -0.0094
vn -0.9181 0.1567 -0.3640
vn -0.9992 0.0155 -0.0355
vn -0.9999 -0.0090 -0.0045
vn -0.9986 0.0255 -0.0464
vn -0.9988 0.0220 -0.0436
vn -1.0000 0.0008 -0.0061
vn -0.9983 0.0043 -0.0583
vn -1.0000 0.0075 -0.0027
vn -0.0601 -0.9060 -0.4191
vn -0.8920 -0.4140 -0.1817
vn -0.7999 0.5941 -0.0850
vn -0.9964 0.0851 0.0037
vn -0.9992 0.0407 0.0005
vn -1.0000 0.0017 -0.0017
vn -0.1027 -0.8852 -0.4538
vn -1.0000 -0.0028 0.0072
vn -0.6683 0.6621 -0.3393
vn -0.4310 -0.8156 -0.3862
vn -0.4366 -0.8129 -0.3855
vn -0.8011 0.5381 0.2619
vn -0.9998 -0.0107 0.0194
vn -0.9998 0.0171 0.0093
vn -0.9999 0.0080 0.0069
vn -0.5501 -0.7470 -0.3735
vn -0.8470 0.4469 0.2879
vn -1.0000 0.0043 0.0034
vn -0.9999 -0.0143 0.0079
vn -0.0078 -0.7870 -0.6170
vn -0.9586 0.2254 0.1738
vn -0.9993 -0.0381 0.0051
vn -0.7913 -0.5667 -0.2295
vn -0.7728 -0.4585 -0.4388
vn -0.8668 0.3616 0.3432
vn -0.9996 0.0124 0.0260
vn -0.6872 -0.5306 -0.4961
vn -0.8402 -0.3059 -0.4477
vn -0.8230 0.3452 0.4511
vn -0.9625 0.1507 0.2257
vn -0.9998 0.0214 0.0020
vn -0.4673 -0.5030 -0.7270
vn -0.9664 0.1474 0.2107
vn -0.9918 0.0564 0.1147
vn -0.2789 -0.7949 -0.5389
vn -0.5005 -0.8328 -0.2365
vn -0.7098 -0.6752 0.2010
vn -0.7237 -0.5431 0.4257
vn -0.5589 -0.6139 0.5575
vn -0.6720 -0.5729 0.4692
vn -0.4923 -0.6269 0.6039
vn -0.6955 -0.5475 0.4653
vn -0.6091 -0.6286 0.4837
vn -0.5003 -0.8641 0.0541
vn -0.5045 -0.8628 0.0328
vn -0.4168 -0.9090 -0.0028
vn -0.4699 -0.8826 -0.0161
vn 0.0138 -0.9934 -0.1136
vn -0.0406 -0.9991 -0.0117
vn -0.0802 -0.9943 -0.0702
vn -0.3138 -0.9443 0.0997
vn -0.3091 -0.9459 0.0984
vn -0.2670 -0.9560 0.1219
vn -0.2705 -0.9554 0.1185
vn -0.2266 -0.9646 0.1349
vn -0.2275 -0.9478 0.2236
vn -0.0455 -0.7818 0.6218
vn -0.9897 -0.0139 -0.1427
vn -0.9916 -0.0247 -0.1272
vn -0.9885 -0.0116 -0.1508
vn -0.9856 -0.0547 -0.1599
vn -0.9887 0.0863 -0.1227
vn -0.9925 -0.0888 -0.0840
vn -0.9870 0.1477 -0.0641
vn -0.9790 0.0849 -0.1856
vn -0.9934 0.0286 -0.1108
vn -0.9778 -0.1145 -0.1753
vn -0.9852 0.0580 -0.1611
vn -0.9878 0.1537 0.0242
vn -0.9976 0.0307 -0.0613
vn -0.9898 -0.0625 -0.1282
vn -0.9669 -0.1707 -0.1896
vn -0.9685 0.1653 -0.1861
vn -0.9964 -0.0365 -0.0771
vn -0.9959 -0.0890 -0.0185
vn -0.9956 -0.0921 -0.0180
vn -0.9688 -0.2139 0.1250
vn -0.9729 0.2040 0.1090
vn -0.9950 0.0964 0.0247
vn -0.9887 -0.0708 -0.1325
vn -0.9621 -0.2009 -0.1846
vn -0.9881 0.0536 -0.1444
vn -0.9749 0.1862 0.1225
vn -0.9940 0.1004 0.0426
vn -0.9630 -0.1672 -0.2113
vn -0.9536 0.1900 -0.2336
vn -0.9628 0.1450 -0.2279
vn -0.9965 -0.0095 -0.0835
vn -0.9570 -0.1658 -0.2380
vn -0.9531 0.2097 0.2183
vn -0.9603 -0.2198 0.1716
vn -0.9245 -0.2764 0.2627
vn -0.9983 0.0099 -0.0579
vn -0.9418 -0.0992 -0.3212
vn -0.9384 -0.1207 -0.3237
vn -0.9931 -0.1041 0.0544
vn -0.9453 0.2481 0.2117
vn -0.9942 0.0843 0.0666
vn -0.9639 -0.1535 -0.2174
vn -0.9894 -0.0504 -0.1359
vn -0.9045 0.1113 -0.4116
vn -0.8751 0.1655 -0.4547
vn -0.9210 0.1064 -0.3748
vn -0.9813 -0.0421 -0.1879
vn -0.8894 -0.3066 0.3390
vn -0.9248 0.2523 0.2847
vn -0.9919 0.1073 0.0673
vn -0.8904 -0.3066 0.3366
vn -0.9229 0.2462 0.2960
vn -0.9083 0.2863 0.3051
vn -0.8721 -0.3553 0.3365
vn -0.9022 0.2845 0.3243
vn -0.8113 -0.3705 0.4523
vn -0.8972 0.3048 0.3196
vn -0.9351 0.3007 0.1873
vn -0.7967 -0.4893 0.3547
vn -0.8605 0.3728 0.3473
vn -0.6795 -0.5522 0.4832
vn -0.7107 -0.6026 0.3630
vn -0.8769 0.4188 0.2361
vn -0.8118 0.4582 0.3621
vn -0.8326 0.4653 0.3005
vn -0.7851 0.5990 0.1576
vn -0.6570 -0.7105 0.2520
vn -0.7781 0.5944 0.2029
vn -0.5884 0.8025 0.0988
vn -0.4531 -0.8781 0.1535
vn -0.5713 0.8207 -0.0118
vn -0.4499 -0.8886 0.0890
vn -0.4736 -0.8804 -0.0257
vn -0.5097 0.8572 -0.0734
vn -0.9167 -0.0229 -0.3988
vn -0.9183 -0.1673 -0.3589
vn -0.9112 -0.1594 -0.3799
vn -0.5526 -0.8241 -0.1247
vn -0.9475 0.2583 -0.1887
vn -0.8564 -0.3491 -0.3803
vn -0.7316 -0.6234 -0.2758
vn -0.8994 0.3852 -0.2066
vn -0.9934 -0.0013 -0.1145
vn -0.9079 -0.3161 -0.2754
vn -0.9872 0.1380 -0.0797
vn -0.9566 0.2856 -0.0580
vn -0.9853 0.1613 -0.0569
vn -0.8724 -0.4160 -0.2566
vn -0.6832 0.4981 -0.5339
vn -0.7361 -0.6321 -0.2422
vn -0.9508 0.3076 -0.0375
vn -0.8607 -0.3897 -0.3277
vn -0.9914 0.1306 -0.0082
vn -0.9797 -0.1591 -0.1219
vn -0.8307 -0.5367 -0.1480
vn -0.9659 -0.2207 -0.1351
vn -0.8974 -0.3628 -0.2512
vn -0.7417 0.5362 -0.4030
vn -0.7461 0.5300 -0.4030
vn -0.8330 -0.5328 -0.1492
vn -0.9982 0.0601 0.0062
vn -0.8895 -0.3793 -0.2547
vn -0.9531 0.3025 0.0124
vn -0.7114 0.5448 -0.4439
vn -0.9841 0.1746 0.0325
vn -0.9868 0.1590 0.0294
vn -0.9981 0.0590 0.0180
vn -0.9155 -0.3541 -0.1907
vn -0.9673 -0.2193 -0.1278
vn -0.9023 -0.3740 -0.2143
vn -0.7566 0.5373 -0.3726
vn -0.7375 0.5624 -0.3738
vn -0.9871 0.1576 0.0288
vn -0.9786 -0.1846 -0.0907
vn -0.7141 0.6051 -0.3521
vn -0.9782 -0.1904 -0.0834
vn -0.9856 0.1618 0.0485
vn -0.9963 0.0797 0.0308
vn -0.7029 0.6092 -0.3670
vn -0.9113 -0.3855 -0.1448
vn -0.9936 -0.1114 -0.0179
vn -0.9272 -0.3383 -0.1609
vn -0.9783 0.2027 0.0423
vn -0.6526 0.6595 -0.3731
vn -0.8018 -0.5784 -0.1499
vn -0.9174 -0.3529 -0.1841
vn -0.9873 0.1570 0.0240
vn -0.9965 0.0803 0.0229
vn -0.9951 0.0980 0.0157
vn -0.9980 0.0598 0.0187
vn -0.9837 -0.1642 -0.0729
vn -0.9939 -0.0984 -0.0508
vn -0.9224 -0.3342 -0.1939
vn -0.6508 0.6623 -0.3711
vn -0.7654 -0.6213 -0.1676
vn -0.9130 -0.3336 -0.2349
vn -0.9952 -0.0754 -0.0627
vn -0.6209 0.7215 -0.3066
vn -0.7421 -0.6551 -0.1418
vn -0.9934 0.1065 0.0422
vn -0.9863 0.1578 0.0482
vn -0.9487 -0.2677 -0.1684
vn -0.9376 -0.3024 -0.1713
vn -0.6157 0.7203 -0.3197
vn -0.9842 0.1765 0.0151
vn -0.9104 -0.2687 -0.3145
vn -0.6063 0.7309 -0.3134
vn -0.9821 0.1880 0.0117
vn -0.9667 -0.1863 -0.1754
vn -0.6012 0.7464 -0.2854
vn -0.6901 -0.6841 -0.2361
vn -0.9951 -0.0724 -0.0677
vn -0.9880 -0.0578 -0.1433
vn -0.9049 -0.2685 -0.3302
vn -0.9947 0.1021 0.0148
vn -0.9983 0.0576 0.0094
vn -0.9987 -0.0438 -0.0248
vn -0.9209 -0.2219 -0.3205
vn -0.6277 0.7366 -0.2517
vn -0.6550 0.7084 -0.2628
vn -0.9336 -0.2554 -0.2512
vn -0.9138 -0.3269 -0.2412
vn -0.9773 -0.0747 -0.1984
vn -0.5980 0.7869 -0.1520
vn -0.9993 -0.0356 -0.0069
vn -0.8984 -0.4232 -0.1175
vn -0.9434 -0.3312 -0.0183
vn -0.9968 0.0799 0.0034
vn -0.9998 -0.0142 -0.0101
vn -0.9974 -0.0722 0.0077
vn -0.5885 0.7913 -0.1656
vn -0.8850 -0.4456 0.1346
vn -0.9697 -0.2083 0.1276
vn -0.9086 -0.3885 0.1536
vn -0.9995 -0.0321 0.0053
vn -0.9694 -0.2064 0.1327
vn -0.9912 -0.1022 0.0837
vn -0.9121 -0.3089 0.2694
vn -0.7033 -0.5669 0.4290
vn -0.4825 0.8594 -0.1695
vn -0.9922 0.0904 0.0853
vn -0.5335 0.8340 -0.1407
vn -0.9889 -0.1085 0.1017
vn -0.9119 -0.3112 0.2674
vn -0.9866 -0.1354 0.0907
vn -0.9894 0.1397 0.0388
vn -0.8983 -0.3262 0.2945
vn -0.9878 -0.1367 0.0743
vn -0.9812 0.1902 0.0315
vn -0.8720 -0.3775 0.3115
vn -0.9825 0.1842 -0.0277
vn -0.8907 -0.3675 0.2676
vn -0.6455 -0.7518 -0.1349
vn -0.8816 -0.3851 0.2729
vn -0.4612 0.8782 -0.1268
vn -0.9813 -0.1467 0.1242
vn -0.8783 -0.3525 0.3231
vn -0.8105 -0.3977 0.4301
vn -0.8438 -0.4250 0.3278
vn -0.3695 0.9253 -0.0849
vn -0.9103 -0.2464 0.3326
vn -0.9258 -0.3759 0.0404
vn -0.6898 -0.7235 -0.0246
vn -0.4412 -0.8938 -0.0806
vn -0.4579 -0.8858 -0.0750
vn -0.4523 -0.2318 -0.8612
vn -0.3527 -0.8252 -0.4412
vn -0.3402 0.9367 0.0829
vn -0.2874 -0.9562 0.0557
vn -0.2984 -0.9528 -0.0566
vn -0.3597 -0.9330 -0.0123
vn -0.3055 -0.9522 0.0044
vn -0.3616 -0.9309 0.0510
vn -0.2579 0.9519 0.1654
vn -0.3342 -0.9398 0.0712
vn -0.3106 -0.9475 0.0755
vn -0.2373 0.9400 0.2451
vn -0.2991 -0.9476 0.1122
vn -0.2618 -0.9586 0.1123
vn -0.2548 -0.9599 0.1170
vn -0.2597 -0.9580 0.1216
vn -0.2178 -0.9483 0.2307
vn -0.1742 -0.9103 0.3756
vn -0.2144 -0.9140 0.3445
vn -0.2103 -0.8259 0.5232
vn -0.1644 0.7153 0.6792
vn -0.1983 0.5329 0.8226
vn -0.1834 0.5237 0.8319
vn -0.1980 -0.6021 0.7735
vn -0.2219 -0.5729 0.7890
vn -0.9880 0.0582 -0.1431
vn -0.9988 -0.0165 -0.0470
vn -0.9921 -0.1130 0.0540
vn -0.9995 0.0286 -0.0158
vn -0.9645 0.0802 -0.2516
vn -0.9922 0.1052 0.0663
vn -0.9806 0.0640 -0.1851
vn -0.9960 -0.0838 -0.0297
vn -0.9525 0.0461 -0.3012
vn -0.9867 -0.0006 -0.1624
vn -0.9878 -0.1178 0.1017
vn -0.9988 0.0448 -0.0198
vn -0.9990 -0.0028 -0.0441
vn -0.9917 0.0537 -0.1172
vn -0.9960 -0.0848 -0.0275
vn -0.9795 -0.1912 0.0628
vn -0.9920 0.1002 0.0767
vn -0.9787 0.0900 -0.1846
vn -0.9895 0.0180 -0.1432
vn -0.9861 -0.1589 0.0489
vn -0.9906 0.1125 0.0779
vn -0.9897 0.0870 -0.1140
vn -0.9869 0.1604 -0.0151
vn -0.9954 0.0056 -0.0953
vn -0.9552 -0.2393 0.1740
vn -0.9910 0.0934 -0.0962
vn -0.9882 -0.1516 0.0204
vn -0.9775 0.1954 0.0790
vn -0.9946 0.0989 -0.0329
vn -0.9296 -0.3393 0.1438
vn -0.8878 0.4039 0.2207
vn -0.9792 0.1849 -0.0834
vn -0.9198 -0.3494 0.1787
vn -0.9489 0.3153 0.0154
vn -0.9800 0.1940 -0.0445
vn -0.8934 -0.4360 0.1081
vn -0.9221 0.3688 0.1169
vn -0.8386 -0.5117 0.1869
vn -0.9292 0.3685 -0.0277
vn -0.8753 0.4759 0.0858
vn -0.8608 -0.5023 0.0824
vn -0.8685 0.4938 -0.0429
vn -0.7681 -0.6389 0.0431
vn -0.7564 -0.6521 0.0513
vn -0.7591 0.6488 -0.0542
vn -0.7362 -0.6766 -0.0178
vn -0.6663 0.7443 -0.0446
vn -0.7330 -0.6800 -0.0188
vn -0.7767 -0.6219 -0.0995
vn -0.9252 -0.3758 -0.0520
vn -0.7713 -0.6280 -0.1035
vn -0.7852 0.5917 -0.1827
vn -0.9947 -0.0557 -0.0863
vn -0.8642 -0.4853 -0.1328
vn -0.9894 -0.1087 -0.0965
vn -0.9944 -0.0947 -0.0477
vn -0.9999 -0.0073 0.0068
vn -0.9927 -0.1106 -0.0480
vn -0.8735 -0.4744 -0.1090
vn -0.7847 0.5198 -0.3378
vn -0.8514 -0.5046 -0.1434
vn -0.7799 -0.6110 -0.1358
vn -0.9965 -0.0819 -0.0181
vn -0.9998 -0.0158 0.0087
vn -0.7846 0.5199 -0.3378
vn -0.7985 -0.5760 -0.1753
vn -0.9997 -0.0257 -0.0007
vn -0.9999 -0.0161 -0.0025
vn -0.7287 -0.6577 -0.1908
vn -0.9985 -0.0534 -0.0144
vn -0.7134 -0.6781 -0.1769
vn -0.7423 -0.6171 -0.2612
vn -0.9999 -0.0166 -0.0034
vn -0.9999 -0.0167 -0.0033
vn -0.8004 0.5787 -0.1564
vn -0.7004 -0.6671 -0.2537
vn -0.9997 0.0245 0.0082
vn -0.9994 -0.0340 -0.0094
vn -0.7730 0.6216 -0.1273
vn -0.9998 0.0187 0.0120
vn -0.8077 0.5798 -0.1073
vn -0.7297 -0.6508 -0.2097
vn -0.9999 -0.0042 0.0134
vn -0.6912 -0.6957 -0.1957
vn -0.6912 -0.6978 -0.1881
vn -0.9991 -0.0422 -0.0044
vn -0.7039 -0.6829 -0.1953
vn -0.9993 -0.0362 -0.0014
vn -0.7976 0.5945 -0.1017
vn -0.9999 0.0131 -0.0017
vn -0.7091 -0.6890 -0.1501
vn -0.9994 0.0311 0.0116
vn -0.9902 -0.1208 0.0700
vn -0.7960 0.5966 -0.1026
vn -0.6414 -0.7560 -0.1309
vn -0.9996 0.0293 -0.0021
vn -0.9995 0.0305 -0.0018
vn -0.9897 -0.1175 0.0812
vn -0.9891 -0.1227 0.0811
vn -0.7975 0.5966 -0.0900
vn -0.6569 -0.7440 -0.1221
vn -0.7683 0.6317 -0.1038
vn -0.9994 0.0336 0.0059
vn -0.9812 -0.1302 0.1427
vn -0.6528 -0.7569 -0.0301
vn -0.7455 0.6653 -0.0415
vn -0.6490 -0.7605 -0.0215
vn -0.7709 0.6360 -0.0354
vn -0.6351 -0.7717 -0.0341
vn -0.5895 -0.8077 -0.0071
vn -0.5753 -0.8179 -0.0096
vn -0.7708 0.6369 -0.0117
vn -0.6636 0.7481 0.0002
vn -0.5373 -0.8392 -0.0840
vn -0.7298 -0.6807 -0.0636
vn 0.8819 0.2651 -0.3899
vn 0.3711 0.4712 -0.8002
vn -0.0009 -1.0000 -0.0078
vn 0.5763 -0.8070 0.1288
vn -0.5370 0.8364 0.1102
vn -0.9949 -0.0965 -0.0303
vn -0.9959 0.0479 -0.0773
vn -0.9941 -0.1079 -0.0084
vn -0.9842 -0.1770 0.0038
vn -0.9941 0.0762 -0.0778
vn -0.9883 0.1451 -0.0461
vn -0.9822 -0.1837 -0.0404
vn -0.9526 -0.2947 0.0763
vn -0.9918 -0.1218 -0.0382
vn -0.9210 0.3880 -0.0350
vn -0.9893 0.1332 -0.0593
vn -0.9828 -0.1781 -0.0484
vn -0.9548 -0.2969 0.0123
vn -0.8493 0.5252 -0.0543
vn -0.9427 0.3241 -0.0792
vn -0.9366 -0.3502 -0.0094
vn -0.8599 -0.5100 -0.0216
vn -0.9221 -0.3865 -0.0201
vn -0.8405 0.5397 -0.0471
vn -0.9182 -0.3933 -0.0475
vn -0.8050 0.5796 -0.1267
vn -0.8505 0.5038 -0.1509
vn -0.9095 -0.4069 -0.0854
vn -0.8288 0.4865 -0.2764
vn -0.8811 0.3778 -0.2843
vn -0.9236 -0.3644 -0.1190
vn -0.8934 0.3708 -0.2535
vn -0.9076 0.3497 -0.2324
vn -0.9048 -0.4093 -0.1176
vn -0.9044 0.3580 -0.2322
vn -0.8924 -0.4193 -0.1671
vn -0.8827 0.4087 -0.2317
vn -0.9046 0.3663 -0.2181
vn -0.8526 -0.4960 -0.1644
vn -0.8573 0.4560 -0.2390
vn -0.8628 0.4769 -0.1677
vn -0.8639 0.4755 -0.1661
vn -0.8398 0.5239 -0.1426
vn -0.8771 0.4714 -0.0920
vn -0.8718 0.4821 -0.0873
vn -0.8667 0.4892 -0.0978
vn -0.7051 -0.7034 -0.0898
vn -0.8633 0.4992 -0.0745
vn -0.7118 -0.6977 -0.0809
vn -0.7362 -0.6765 -0.0189
vn -0.8205 0.5716 -0.0078
vn -0.7262 -0.6875 -0.0017
vn 0.0290 0.6987 -0.7148
vn 0.5915 -0.7351 0.3313
vn 0.5098 -0.7087 0.4877
vn 0.2347 -0.9461 0.2232
vn -0.7186 0.6908 0.0801
vn -0.6164 -0.7874 -0.0080
vn -0.6608 -0.7506 0.0004
vn -0.7305 0.6738 0.1112
vn -0.6435 -0.7640 0.0468
vn -0.6827 0.7120 0.1641
vn -0.5901 -0.8052 0.0593
vn -0.7032 0.6954 0.1481
vn -0.6003 -0.7947 0.0899
vn -0.6011 -0.7942 0.0888
vn -0.5491 -0.8310 0.0887
vn -0.5479 -0.8305 0.1006
vn -0.5486 -0.8200 0.1633
vn -0.5004 -0.7439 0.4429
vn -0.9918 -0.1210 -0.0413
vn -0.9869 0.1424 -0.0760
vn -0.9883 -0.1426 -0.0539
vn -0.9839 0.1670 -0.0634
vn -0.9874 -0.1548 -0.0339
vn -0.9859 0.1615 -0.0431
vn -0.9788 -0.2041 -0.0143
vn -0.9927 0.1171 -0.0288
vn -0.9144 0.4027 -0.0410
vn -0.9775 -0.2081 -0.0344
vn -0.9872 0.1486 -0.0572
vn -0.9672 -0.2531 -0.0203
vn -0.9374 0.3453 -0.0455
vn -0.9613 -0.2648 -0.0767
vn -0.9332 0.3081 -0.1849
vn -0.9226 0.3249 -0.2080
vn -0.9532 -0.2951 -0.0661
vn -0.9507 -0.2916 -0.1051
vn -0.9229 0.3232 -0.2095
vn -0.9321 0.3017 -0.2004
vn -0.9273 0.3080 -0.2125
vn -0.9134 -0.3782 -0.1503
vn -0.9132 0.3504 -0.2080
vn -0.9151 0.3478 -0.2042
vn -0.8945 0.4219 -0.1479
vn -0.9164 0.3712 -0.1498
vn -0.8401 -0.5108 -0.1823
vn -0.8202 -0.5417 -0.1841
vn -0.9001 0.4266 -0.0884
vn -0.7995 -0.5718 -0.1840
vn -0.8073 -0.5644 -0.1725
vn -0.8808 0.4655 -0.0860
vn -0.7349 -0.6634 -0.1406
vn -0.8829 0.4631 -0.0773
vn -0.8584 0.5116 -0.0361
vn -0.7473 -0.6644 -0.0098
vn 0.8923 -0.4485 -0.0520
vn -0.8288 0.5596 -0.0013
vn -0.7252 -0.6856 -0.0631
vn -0.7396 -0.6706 -0.0569
vn -0.7943 0.6072 0.0196
vn 0.2409 -0.7167 0.6544
vn -0.0027 -0.7410 0.6715
vn -0.7939 0.6063 0.0471
vn -0.7756 0.6282 0.0611
vn -0.7815 0.6157 0.1012
vn -0.6306 -0.7750 0.0402
vn -0.7708 0.6261 0.1175
vn -0.7458 0.6487 0.1514
vn -0.6251 -0.7762 0.0825
vn -0.7328 0.6695 0.1217
vn -0.7062 0.6931 0.1442
vn -0.5707 -0.8177 0.0750
vn -0.5554 -0.8258 0.0980
vn -0.5429 -0.7728 0.3288
vn -0.2932 -0.4614 0.8373
vn -0.6081 -0.6292 0.4841
vn -0.9781 -0.2054 -0.0336
vn -0.9939 0.1033 -0.0393
vn -0.9871 -0.1485 -0.0600
vn -0.9698 0.2079 -0.1279
vn -0.9940 0.0449 -0.0999
vn -0.9942 0.0432 -0.0981
vn -0.9839 -0.1595 -0.0805
vn -0.9704 0.1962 -0.1408
vn -0.9962 -0.0299 -0.0817
vn -0.9643 -0.2514 -0.0837
vn -0.9799 0.1601 -0.1189
vn -0.9941 0.0482 -0.0972
vn -0.9851 -0.1496 -0.0849
vn -0.9607 0.2320 -0.1522
vn -0.9583 -0.2443 -0.1484
vn -0.9568 -0.2627 -0.1244
vn -0.9618 0.2218 -0.1606
vn -0.9355 -0.3119 -0.1662
vn -0.9106 -0.3822 -0.1576
vn -0.8997 -0.4088 -0.1532
vn -0.8999 -0.4067 -0.1577
vn -0.8867 -0.4357 -0.1548
vn -0.9153 0.3953 -0.0772
vn -0.8861 -0.4398 -0.1462
vn -0.8529 -0.5023 -0.1422
vn -0.9150 0.3947 -0.0834
vn -0.9114 0.4020 -0.0881
vn -0.8489 -0.5113 -0.1338
vn -0.8324 -0.5396 -0.1266
vn -0.8429 -0.5327 -0.0765
vn -0.8908 0.4484 -0.0729
vn -0.8869 0.4511 -0.0997
vn -0.8131 -0.5802 -0.0466
vn -0.8115 -0.5821 -0.0509
vn -0.8085 -0.5868 -0.0444
vn -0.8635 0.5030 -0.0357
vn -0.8147 -0.5796 -0.0196
vn -0.8032 -0.5956 -0.0148
vn 0.6567 0.6010 -0.4556
vn -0.8503 0.5263 -0.0029
vn -0.7006 -0.7107 -0.0634
vn 0.1674 0.9429 0.2880
vn -0.7166 -0.6555 0.2385
vn -0.7647 -0.6442 -0.0125
vn -0.8240 0.5608 0.0806
vn -0.8305 0.5536 0.0614
vn -0.8103 0.5790 0.0905
vn -0.7228 -0.6899 0.0397
vn -0.7315 -0.6798 0.0530
vn -0.7022 -0.7080 0.0746
vn -0.7291 -0.6799 0.0786
vn -0.7847 0.6099 0.1103
vn -0.6634 0.7288 0.1696
vn -0.7111 -0.7008 0.0561
vn -0.6496 0.7216 0.2395
vn -0.6317 -0.7519 0.1886
vn -0.7054 -0.6948 0.1399
vn -0.6150 -0.7397 0.2734
vn -0.8357 -0.2240 0.5015
vn -0.4449 -0.6606 0.6047
vn -0.6892 -0.5654 0.4531
vn -0.4287 -0.6634 0.6132
vn -0.5342 -0.3488 0.7700
vn -0.6100 -0.3434 0.7141
vn -0.6567 -0.1007 0.7474
vn -0.9946 -0.0006 -0.1041
vn -0.9815 -0.1622 -0.1015
vn -0.9743 0.1702 -0.1474
vn -0.9845 -0.1245 -0.1236
vn -0.9653 -0.2270 -0.1289
vn -0.9907 0.0621 -0.1209
vn -0.9909 0.0469 -0.1259
vn -0.9929 -0.0218 -0.1173
vn -0.9673 -0.2164 -0.1321
vn -0.9599 0.2254 -0.1665
vn -0.9568 0.2458 -0.1555
vn -0.9625 -0.2235 -0.1539
vn -0.9360 -0.3162 -0.1550
vn -0.9576 0.2479 -0.1470
vn -0.9431 0.3099 -0.1201
vn -0.9418 -0.3007 -0.1503
vn -0.9438 0.3129 -0.1068
vn -0.9349 0.3449 -0.0842
vn -0.9114 0.4018 -0.0887
vn -0.8848 0.4620 -0.0598
vn -0.8665 0.4983 -0.0291
vn -0.8639 0.5034 -0.0164
vn -0.7926 -0.6089 -0.0311
vn -0.8271 -0.5589 -0.0589
vn -0.0116 0.9759 -0.2178
vn -0.8530 0.5218 -0.0005
vn -0.8136 -0.5771 -0.0712
vn -0.8550 0.5184 0.0110
vn -0.7688 0.5895 0.2478
vn -0.8183 -0.5707 -0.0685
vn -0.8801 0.3707 0.2966
vn -0.8763 0.3694 0.3093
vn -0.8792 0.0947 0.4669
vn -0.6622 -0.2564 0.7041
vn -0.8446 0.5340 0.0396
vn -0.7965 -0.6046 -0.0025
vn -0.7946 -0.6068 0.0176
vn -0.7735 0.6262 0.0977
vn -0.7716 0.6271 0.1067
vn -0.7445 -0.6650 0.0593
vn -0.7005 -0.7125 0.0406
vn -0.6935 0.6732 0.2568
vn -0.6986 -0.7102 0.0871
vn -0.6944 -0.7144 0.0865
vn -0.7190 -0.6865 0.1087
vn -0.7436 -0.5972 0.3005
vn -0.8106 -0.3043 0.5003
vn -0.8088 -0.2673 0.5238
vn -0.6867 0.4250 0.5897
vn -0.8565 -0.4315 0.2833
vn -0.7298 -0.5081 0.4573
vn -0.7887 0.1470 0.5969
vn -0.8374 -0.1552 0.5241
vn -0.7383 -0.4225 0.5257
vn -0.6952 -0.0300 0.7181
vn -0.9758 0.1496 -0.1597
vn -0.9802 -0.1332 -0.1466
vn -0.9714 0.1788 -0.1563
vn -0.9893 -0.0014 -0.1457
vn -0.9809 -0.1208 -0.1527
vn -0.9872 0.0576 -0.1488
vn -0.9569 0.2498 -0.1480
vn -0.9629 -0.2212 -0.1548
vn -0.9405 -0.3071 -0.1451
vn -0.9274 -0.3476 -0.1385
vn -0.9105 -0.3921 -0.1313
vn -0.9097 -0.3924 -0.1354
vn -0.8916 -0.4413 -0.1014
vn -0.8938 -0.4400 -0.0865
vn -0.8870 -0.4551 -0.0784
vn -0.8740 -0.4852 -0.0268
vn -0.8616 -0.5072 -0.0186
vn -0.8516 -0.5231 -0.0326
vn -0.8654 -0.4995 -0.0402
vn 0.8581 -0.4764 0.1918
vn 0.3953 -0.6257 0.6725
vn -0.6427 0.7661 0.0081
vn -0.9162 0.3723 0.1483
vn 0.4135 -0.6321 0.6553
vn -0.9130 0.3124 0.2622
vn -0.9145 0.3065 0.2640
vn -0.8678 -0.4941 -0.0532
vn -0.8834 0.0991 0.4581
vn -0.2610 -0.4465 0.8559
vn -0.8698 -0.4935 -0.0036
vn -0.8727 -0.4883 -0.0051
vn -0.8833 -0.4687 0.0086
vn -0.8029 0.5908 0.0792
vn -0.8443 -0.5356 0.0200
vn -0.7960 0.5915 0.1282
vn -0.7949 0.5976 0.1048
vn -0.8295 -0.5570 0.0418
vn -0.7849 0.6052 0.1327
vn -0.8493 -0.5248 0.0573
vn -0.8207 -0.5687 0.0545
vn -0.8266 -0.5621 0.0277
vn -0.8025 0.5879 0.1015
vn -0.7731 -0.6329 0.0423
vn -0.8053 0.5662 0.1761
vn -0.7451 0.6207 0.2440
vn -0.7394 0.6321 0.2320
vn -0.6434 0.6671 0.3756
vn -0.8306 -0.5320 0.1647
vn -0.7229 0.5251 0.4490
vn -0.8180 -0.5274 0.2296
vn -0.8146 0.3670 0.4492
vn -0.7679 0.3658 0.5258
vn -0.8474 0.1469 0.5102
vn -0.9312 -0.1563 0.3293
vn -0.8347 0.1337 0.5342
vn -0.8980 -0.1164 0.4244
vn -0.8542 -0.1448 0.4993
vn -0.8609 -0.2489 0.4437
vn -0.9872 0.0577 -0.1488
vn -0.9707 0.1899 -0.1471
vn -0.9568 0.2695 -0.1093
vn -0.9311 0.3480 -0.1089
vn -0.9273 -0.3476 -0.1388
vn -0.9217 0.3772 -0.0908
vn -0.9192 0.3802 -0.1028
vn -0.9054 0.4145 -0.0919
vn -0.8878 -0.4591 -0.0331
vn -0.8836 -0.4674 -0.0288
vn -0.8943 0.4440 -0.0558
vn 0.2610 0.5013 -0.8250
vn 0.6669 -0.0530 -0.7433
vn 0.6945 -0.1232 -0.7089
vn -0.8851 0.4642 -0.0335
vn -0.9066 -0.4218 -0.0133
vn 0.4510 0.6780 -0.5804
vn -0.9224 -0.3854 -0.0259
vn 0.8514 -0.5210 0.0602
vn -0.5816 0.8074 -0.0995
vn -0.9111 -0.4107 -0.0341
vn -0.8527 0.5186 -0.0630
vn -0.9410 0.3214 0.1061
vn -0.8889 0.1466 0.4340
vn -0.7549 -0.0584 0.6532
vn -0.3101 -0.4393 0.8431
vn -0.9134 -0.4054 -0.0365
vn -0.7140 -0.1398 0.6860
vn -0.9179 -0.3951 -0.0374
vn -0.9162 -0.4007 -0.0040
vn -0.8480 0.5275 0.0504
vn -0.9326 -0.3608 0.0082
vn -0.9291 -0.3699 -0.0056
vn -0.8887 -0.4585 0.0087
vn -0.9060 -0.4226 0.0232
vn -0.7815 0.6129 0.1164
vn -0.8990 -0.4369 0.0304
vn -0.8151 0.5659 0.1235
vn -0.7873 -0.6126 0.0702
vn -0.7815 0.5804 0.2287
vn -0.7327 0.6575 0.1757
vn -0.9442 0.2128 0.2514
vn -0.9592 0.1736 0.2233
vn -0.5014 0.5242 0.6884
vn -0.8338 -0.5450 0.0883
vn -0.8280 -0.5543 0.0846
vn -0.9612 0.2255 0.1591
vn -0.9967 0.0509 0.0636
vn -0.9147 0.3050 0.2650
vn -0.9942 0.0977 0.0451
vn -0.9508 0.2029 -0.2340
vn -0.8153 -0.5477 0.1879
vn -0.9187 0.2920 0.2659
vn -0.9788 0.1738 0.1081
vn -0.9172 -0.1312 0.3761
vn -0.7847 0.1864 0.5913
vn -0.8817 0.2942 0.3688
vn -0.9233 -0.1324 0.3606
vn 0.9086 -0.1270 0.3979
vn -0.8298 0.3297 0.4503
vn -0.7549 0.4789 0.4480
vn -0.9267 0.1542 0.3427
vn -0.9588 -0.0265 0.2829
vn -0.9337 -0.1538 0.3234
vn -0.9085 -0.2682 0.3205
vn -0.9234 0.1203 0.3644
vn -0.8831 0.3907 0.2598
vn -0.9892 -0.0026 -0.1464
vn -0.9890 -0.0013 -0.1480
vn -0.9838 -0.1093 -0.1418
vn -0.9874 0.0577 -0.1471
vn -0.9875 0.0729 -0.1394
vn -0.9892 -0.0075 -0.1461
vn -0.9835 -0.1148 -0.1397
vn -0.9726 -0.1908 -0.1326
vn -0.9655 0.2282 -0.1256
vn -0.9507 0.2874 -0.1166
vn -0.9715 -0.2020 -0.1236
vn -0.9543 -0.2714 -0.1247
vn -0.9477 0.2995 -0.1101
vn -0.9499 -0.2889 -0.1192
vn -0.9498 -0.2890 -0.1195
vn -0.9443 -0.3134 -0.1003
vn -0.9212 0.3732 -0.1099
vn -0.9457 -0.3144 -0.0820
vn -0.9370 -0.3424 -0.0691
vn -0.9053 0.4153 -0.0893
vn -0.9356 -0.3510 -0.0386
vn -0.9387 -0.3433 -0.0319
vn -0.9339 -0.3574 -0.0043
vn -0.9419 -0.3356 -0.0092
vn -0.9445 -0.3286 0.0009
vn -0.6698 0.7370 -0.0909
vn -0.8726 0.4858 0.0500
vn -0.8868 0.4617 -0.0202
vn -0.8764 0.4814 -0.0081
vn -0.9651 -0.2601 -0.0307
vn -0.8788 0.4770 -0.0167
vn 0.5873 -0.6281 0.5104
vn -0.9485 0.2973 0.1090
vn -0.8650 0.5017 0.0108
vn -0.9692 -0.2456 -0.0175
vn -0.9677 -0.2516 -0.0134
vn -0.8649 0.5010 0.0308
vn -0.9769 -0.2136 0.0078
vn -0.9692 -0.2461 0.0044
vn -0.9719 -0.2356 -0.0001
vn -0.8403 0.5398 0.0505
vn -0.8379 0.5429 0.0563
vn -0.9729 -0.2313 -0.0072
vn -0.9619 -0.2735 0.0023
vn -0.9576 -0.2880 -0.0088
vn -0.9800 -0.1989 -0.0015
vn -0.9459 -0.3241 0.0152
vn -0.9360 -0.3520 0.0077
vn -0.9379 -0.3468 -0.0059
vn -0.8823 -0.4697 0.0291
vn -0.7895 -0.6086 -0.0796
vn -0.8059 -0.5918 0.0162
vn -0.8058 -0.5919 0.0155
vn -0.8593 -0.5064 0.0722
vn -0.8740 0.4789 0.0823
vn -0.8415 0.5156 0.1615
vn -0.8424 0.5131 0.1648
vn -0.8529 0.4948 0.1665
vn -0.9180 -0.3850 0.0953
vn -0.8590 0.4914 0.1435
vn -0.9622 0.1406 0.2334
vn -0.8898 0.3038 -0.3404
vn -0.9466 0.2158 0.2397
vn -0.6093 0.7679 -0.1975
vn -0.6740 -0.5373 -0.5070
vn -0.8866 -0.4411 -0.1390
vn -0.8732 0.3555 0.3334
vn -0.6220 -0.7803 0.0653
vn -0.9659 0.1877 0.1785
vn -0.9623 -0.2659 0.0572
vn -0.9065 -0.4176 0.0622
vn -0.7623 -0.5113 0.3969
vn -0.9952 0.0119 0.0971
vn -0.9459 -0.3167 0.0698
vn -0.9838 0.1716 -0.0509
vn -0.9505 0.3082 -0.0391
vn -0.9861 0.0107 0.1658
vn -0.9885 0.0686 0.1346
vn -0.9949 0.0117 0.1006
vn -0.9692 0.0253 0.2449
vn -0.9650 0.1405 0.2215
vn -0.9898 0.0670 0.1255
vn -0.9554 -0.2121 0.2056
vn -0.9373 -0.3235 0.1295
vn -0.9833 0.1346 0.1228
vn -0.9925 0.0801 0.0925
vn -0.9848 -0.0471 0.1672
vn -0.9810 -0.0755 0.1785
vn -0.9290 0.1429 0.3415
vn -0.9585 0.1575 0.2379
vn -0.9404 -0.2052 0.2711
vn -0.9884 0.0767 -0.1307
vn -0.9842 -0.1290 -0.1215
vn -0.9855 0.1270 -0.1127
vn -0.9729 -0.1972 -0.1205
vn -0.9471 0.2996 -0.1148
vn -0.9719 -0.2143 -0.0976
vn -0.9642 -0.2557 -0.0701
vn -0.9056 0.4145 -0.0900
vn -0.9612 -0.2750 -0.0214
vn -0.9576 -0.2881 0.0098
vn -0.4380 0.2508 -0.8633
vn 0.6685 -0.3893 -0.6337
vn -0.9776 -0.2082 0.0314
vn -0.9623 -0.2712 0.0208
vn -0.7366 0.6558 -0.1654
vn -0.9793 -0.1974 0.0457
vn -0.9494 0.2810 0.1403
vn -0.9836 -0.1789 0.0225
vn -0.9628 -0.2696 0.0146
vn -0.9816 -0.1906 -0.0098
vn -0.9541 0.2891 0.0776
vn -0.9829 -0.1837 0.0147
vn 0.5802 -0.6431 0.4999
vn -0.9540 0.2905 0.0744
vn -0.9831 -0.1829 -0.0014
vn -0.9518 0.2655 0.1537
vn -0.9501 0.2614 0.1704
vn -0.9435 0.2135 0.2534
vn -0.8611 -0.0404 0.5067
vn -0.8687 0.0082 0.4952
vn -0.4504 -0.3967 0.7999
vn -0.9826 -0.1852 -0.0136
vn -0.8824 0.4703 -0.0110
vn -0.9831 -0.1803 -0.0302
vn -0.9385 -0.3322 -0.0938
vn -0.9789 -0.2035 -0.0175
vn -0.9792 -0.2031 0.0025
vn -0.9843 -0.1752 0.0224
vn -0.9754 -0.2060 0.0782
vn -0.9107 -0.4130 -0.0069
vn 0.1777 -0.6445 -0.7437
vn -0.9951 -0.0942 0.0311
vn -0.0448 -0.8888 -0.4562
vn 0.0230 -0.9969 -0.0754
vn -0.9882 -0.1472 0.0424
vn -0.3259 -0.9330 0.1529
vn -0.8738 -0.4804 0.0751
vn -0.9663 -0.2528 0.0490
vn -0.9895 -0.1443 0.0042
vn -0.7191 -0.6927 0.0547
vn -0.9982 -0.0564 0.0200
vn -0.9843 -0.1755 -0.0185
vn -0.7088 -0.7015 0.0738
vn -0.8363 0.5459 0.0512
vn -0.9950 -0.0977 -0.0227
vn -0.9931 -0.0946 -0.0695
vn -0.9926 -0.1097 -0.0519
vn -0.9771 -0.2126 -0.0083
vn -0.9392 -0.3296 -0.0959
vn -0.9768 -0.2101 -0.0412
vn -0.9633 -0.2681 -0.0080
vn -0.8011 0.5842 0.1303
vn -0.8439 -0.5113 -0.1625
vn -0.7996 0.5894 0.1155
vn -0.7959 -0.5962 -0.1054
vn -0.8322 0.5325 0.1547
vn -0.8588 0.4955 0.1306
vn -0.8118 -0.5840 0.0046
vn -0.9263 0.3738 0.0475
vn -0.9230 0.3775 0.0750
vn -0.8963 0.4404 0.0527
vn -0.9300 -0.3555 0.0931
vn -0.9104 0.3931 0.1292
vn -0.9437 -0.3107 0.1132
vn -0.9472 0.1803 0.2651
vn -0.9019 -0.0747 0.4255
vn -0.9083 0.0554 0.4147
vn -0.9892 -0.0966 0.1107
vn -0.8116 0.2063 0.5465
vn -0.8797 -0.0079 -0.4754
vn -0.9187 -0.1888 -0.3469
vn -0.9758 0.0447 0.2143
vn -0.9881 -0.0000 0.1538
vn -0.9863 -0.0736 0.1479
vn -0.9102 0.2723 -0.3120
vn -0.9519 0.2877 -0.1052
vn -0.9677 -0.2219 -0.1197
vn -0.9178 0.3971 -0.0066
vn -0.9458 -0.3168 -0.0712
vn -0.9976 -0.0179 0.0674
vn -0.9819 0.0696 0.1760
vn -0.9849 0.0065 0.1731
vn -0.8671 0.3626 0.3415
vn -0.8701 0.1968 0.4518
vn -0.9134 -0.0771 0.3996
vn -0.9179 -0.2919 0.2686
vn -0.9921 0.0478 -0.1162
vn -0.9930 0.0213 -0.1158
vn -0.9933 0.0175 -0.1139
vn -0.9875 -0.1110 -0.1118
vn -0.9871 0.1222 -0.1038
vn -0.9920 0.0821 -0.0961
vn -0.9876 0.1175 -0.1044
vn -0.9735 -0.2109 -0.0888
vn -0.9828 -0.1692 -0.0738
vn -0.9223 0.3708 -0.1090
vn -0.9239 0.3719 -0.0895
vn -0.9209 0.3802 -0.0858
vn -0.9789 -0.2039 -0.0140
vn -0.9691 -0.2451 -0.0269
vn -0.9200 0.3870 -0.0619
vn -0.9797 -0.1988 0.0247
vn -0.9094 0.4120 -0.0562
vn -0.5555 0.0931 -0.8263
vn -0.2660 -0.0439 -0.9630
vn -0.8481 0.4146 -0.3300
vn 0.7051 -0.5155 -0.4869
vn -0.9896 -0.1374 0.0418
vn -0.9022 0.4309 -0.0205
vn -0.9928 -0.1024 0.0623
vn -0.9548 0.2876 0.0749
vn 0.7916 -0.5099 -0.3366
vn -0.0849 -0.9340 0.3469
vn -0.1291 -0.7552 0.6427
vn -0.9952 -0.0953 0.0214
vn -0.9071 0.4206 -0.0159
vn -0.9922 -0.1192 -0.0361
vn -0.9632 0.2537 0.0892
vn -0.9621 0.2324 0.1430
vn -0.9622 0.2324 0.1417
vn -0.9042 0.0156 0.4269
vn -0.9101 0.4126 -0.0384
vn -0.9059 0.0232 0.4229
vn -0.9749 -0.2126 -0.0665
vn -0.9422 -0.3235 -0.0877
vn -0.9406 -0.3396 0.0047
vn -0.9405 -0.3398 0.0048
vn -0.8838 0.4672 0.0251
vn -0.8939 0.4474 0.0280
vn -0.9409 -0.3387 0.0096
vn -0.8995 -0.1353 -0.4154
vn -0.8259 -0.5636 0.0167
vn 0.2953 0.0888 -0.9513
vn 0.3999 -0.6636 -0.6322
vn 0.1790 -0.1793 -0.9674
vn -0.9620 -0.2610 0.0806
vn -0.9782 0.0586 -0.1991
vn 0.1591 -0.9463 -0.2814
vn -0.9656 -0.2518 0.0653
vn -0.9901 0.0241 -0.1381
vn -0.9574 0.2019 -0.2065
vn -0.9100 -0.4060 0.0840
vn -0.5724 0.4661 -0.6746
vn -0.3007 -0.8608 -0.4105
vn -0.4802 -0.8520 0.2085
vn -0.5407 -0.8170 0.2002
vn -0.9854 -0.0544 -0.1616
vn -0.9934 0.0089 -0.1147
vn -0.4739 -0.8504 0.2287
vn -0.4309 -0.8875 0.1636
vn -0.6731 -0.7369 0.0625
vn -0.5707 -0.8187 0.0633
vn -0.8515 0.5218 0.0516
vn -0.4316 -0.8972 -0.0942
vn -0.8780 -0.4423 -0.1831
vn -0.8668 -0.4570 -0.1997
vn -0.8603 -0.4483 -0.2428
vn -0.5019 -0.8347 -0.2265
vn -0.4990 -0.6998 -0.5112
vn -0.5248 -0.7016 -0.4821
vn -0.8305 -0.5006 -0.2444
vn -0.4769 -0.8787 -0.0201
vn -0.8282 0.5518 0.0975
vn -0.9195 -0.3913 -0.0375
vn -0.9455 -0.3119 -0.0933
vn -0.3138 -0.9444 0.0977
vn -0.8601 -0.4487 -0.2427
vn -0.8479 -0.5029 -0.1678
vn -0.8376 -0.5331 -0.1193
vn -0.8328 -0.5419 -0.1134
vn -0.9302 0.3367 0.1459
vn -0.8443 -0.5358 -0.0021
vn -0.9364 0.3453 0.0631
vn -0.9004 -0.4267 0.0848
vn -0.9182 -0.3747 0.1281
vn -0.9360 0.3265 0.1317
vn -0.9405 0.3105 0.1383
vn -0.9775 -0.1501 0.1482
vn -0.9459 0.1782 0.2712
vn -0.9647 0.0456 0.2592
vn -0.9624 0.0507 0.2669
vn -0.9801 -0.0352 0.1953
vn -0.9421 0.0760 0.3266
vn -0.9776 -0.0303 0.2083
vn -0.9990 0.0363 0.0250
vn -0.9918 0.0833 -0.0968
vn -0.9952 0.0330 -0.0916
vn -0.9881 -0.1349 -0.0744
vn -0.9891 0.1288 -0.0720
vn -0.9920 0.1102 -0.0614
vn -0.9791 -0.2027 -0.0143
vn -0.9943 0.1068 -0.0063
vn -0.9924 -0.1142 0.0464
vn -0.9887 -0.1407 0.0526
vn -0.5023 -0.2469 -0.8287
vn -0.9954 0.0959 -0.0084
vn -0.9662 0.2501 -0.0629
vn -0.9581 0.2123 -0.1921
vn 0.0244 -0.7140 -0.6997
vn 0.1471 -0.7181 -0.6803
vn -0.9671 0.2413 0.0802
vn -0.9660 0.2487 0.0701
vn -0.9933 -0.0986 0.0610
vn -0.9661 0.2486 0.0695
vn -0.9903 -0.1359 0.0281
vn -0.9953 0.0959 -0.0089
vn -0.9664 0.2460 0.0741
vn -0.9932 0.1153 -0.0169
vn -0.9888 -0.1411 -0.0494
vn -0.9756 0.1144 0.1876
vn -0.5875 -0.4836 0.6489
vn -0.9890 -0.1388 -0.0513
vn -0.9266 -0.0024 0.3761
vn -0.6201 -0.4120 0.6676
vn -0.9846 -0.1476 -0.0934
vn -0.9844 -0.1449 -0.0999
vn -0.9806 0.1953 -0.0193
vn -0.9917 0.1219 -0.0414
vn -0.9696 -0.2030 -0.1363
vn -0.9391 -0.2886 -0.1864
vn -0.8992 -0.4373 -0.0142
vn -0.9138 -0.4053 0.0259
vn -0.9777 0.2095 0.0131
vn -0.9799 0.1988 0.0153
vn -0.9402 -0.3065 0.1487
vn -0.9217 -0.3655 0.1301
vn -0.9482 -0.3173 -0.0151
vn -0.3527 -0.9278 -0.1217
vn -0.5471 -0.8151 0.1903
vn -0.9570 -0.2887 0.0264
vn -0.8268 0.3132 -0.4673
vn -0.8781 -0.4077 -0.2506
vn 0.5720 0.4807 -0.6646
vn -0.8861 -0.4626 0.0282
vn -0.9350 -0.1250 0.3320
vn -0.8031 -0.5450 0.2409
vn -0.9826 -0.1727 -0.0687
vn -0.9377 -0.2956 -0.1828
vn -0.9826 -0.1664 0.0827
vn -0.9716 0.2342 0.0326
vn -0.7869 -0.6080 0.1055
vn -0.9701 0.2409 0.0296
vn -0.7041 -0.6876 0.1773
vn -0.9776 0.2099 -0.0121
vn -0.8866 0.4622 0.0188
vn -0.9776 0.2091 -0.0230
vn -0.6140 -0.7893 0.0009
vn -0.9778 0.2085 -0.0233
vn -0.4181 -0.8961 -0.1489
vn -0.8285 0.5513 0.0983
vn -0.6700 -0.6898 0.2744
vn -0.8343 -0.4169 -0.3608
vn -0.8603 -0.4482 -0.2429
vn -0.8817 0.4403 0.1697
vn -0.8803 0.4326 0.1946
vn -0.8769 0.4407 0.1918
vn -0.8913 -0.4524 0.0293
vn -0.9050 -0.4182 0.0780
vn -0.9876 0.1355 0.0789
vn -0.9701 -0.1864 0.1554
vn -0.9789 -0.1540 0.1342
vn -0.9813 0.1455 0.1262
vn -0.9841 -0.0651 0.1651
vn -0.9802 -0.1328 0.1469
vn -0.9825 0.0431 0.1810
vn -0.9963 0.0227 -0.0825
vn -0.9910 -0.1166 -0.0664
vn -0.9945 0.0735 -0.0744
vn -0.9973 0.0355 -0.0643
vn -0.9997 0.0039 -0.0225
vn -0.9946 -0.1017 -0.0215
vn -0.9938 0.0925 -0.0611
vn -0.9920 -0.1260 0.0004
vn -0.9985 0.0538 -0.0070
vn -0.9999 0.0124 -0.0079
vn -0.9980 0.0627 0.0012
vn -0.9990 -0.0144 0.0423
vn -0.9936 -0.0975 0.0569
vn -0.8994 -0.0610 -0.4330
vn -0.8065 -0.0709 -0.5870
vn -0.9986 -0.0466 0.0258
vn -0.9920 0.0849 -0.0934
vn -0.9990 0.0426 0.0155
vn -0.9736 0.2192 0.0631
vn -0.8064 -0.5696 -0.1586
vn -0.9809 0.1696 0.0954
vn -0.7100 -0.6904 -0.1390
vn -0.9986 -0.0469 0.0263
vn -0.9831 0.1659 0.0776
vn -0.7104 -0.6563 0.2541
vn -0.9963 -0.0748 -0.0434
vn -0.9908 -0.0559 0.1229
vn -0.9807 0.1759 0.0849
vn -0.9009 -0.3317 0.2798
vn -0.9996 0.0252 -0.0162
vn -0.9614 0.1255 0.2449
vn -0.8268 -0.3369 0.4505
vn -0.9962 -0.0784 -0.0388
vn -0.9953 0.0829 -0.0505
vn -0.9986 -0.0434 -0.0302
vn -0.9886 -0.1152 -0.0968
vn -0.9966 0.0140 -0.0808
vn -0.9859 -0.0924 -0.1398
vn -0.9719 -0.2009 -0.1227
vn -0.9941 0.0806 -0.0719
vn -0.9935 0.0876 -0.0721
vn -0.9929 0.0063 -0.1192
vn -0.9886 -0.0744 -0.1308
vn -0.9874 0.1504 -0.0490
vn -0.9608 -0.1951 -0.1971
vn -0.9681 -0.1572 -0.1953
vn -0.9609 -0.2003 -0.1909
vn -0.9955 0.0833 -0.0448
vn 0.4822 -0.8527 -0.2012
vn 0.0005 -0.9794 0.2017
vn -0.9884 -0.0881 -0.1241
vn -0.9867 -0.0996 -0.1285
vn -0.9824 -0.1529 -0.1077
vn 0.0542 -0.9890 -0.1373
vn -0.9913 0.1285 0.0271
vn -0.9831 -0.1822 0.0198
vn -0.9874 0.1580 0.0109
vn -0.9918 0.0902 0.0905
vn -0.9825 -0.1799 0.0475
vn -0.9864 -0.1375 0.0896
vn -0.9177 -0.3591 0.1698
vn -0.4679 -0.8502 0.2412
vn -0.7731 -0.5635 0.2913
vn -0.9947 0.1025 -0.0056
vn -0.9983 0.0011 0.0587
vn -0.9701 -0.1705 0.1725
vn -0.8365 -0.4411 0.3250
vn -0.9977 0.0520 0.0430
vn -0.9987 -0.0119 0.0500
vn -0.9983 0.0015 0.0584
vn -0.9870 0.1519 0.0529
vn -0.9617 -0.2720 -0.0336
vn -0.8453 -0.4982 0.1931
vn -0.8842 -0.4542 0.1096
vn -0.9962 0.0853 -0.0194
vn -0.9998 -0.0036 0.0217
vn -0.9998 0.0010 0.0219
vn -0.9883 -0.1127 0.1026
vn -0.9864 0.1639 -0.0080
vn -0.9992 0.0380 -0.0132
vn -0.9994 0.0289 -0.0190
vn -0.9977 -0.0526 -0.0436
vn -0.8713 -0.4904 -0.0216
vn -0.9937 0.0218 -0.1103
vn -0.9611 0.2517 -0.1138
vn -0.9972 -0.0630 -0.0408
vn -0.9914 -0.1022 -0.0816
vn -0.9978 -0.0643 -0.0166
vn -0.9964 0.0741 -0.0400
vn -0.9685 0.2341 -0.0845
vn -0.8866 0.4616 0.0289
vn -0.6743 -0.7364 -0.0549
vn -0.9943 0.0655 -0.0845
vn -0.9960 -0.0819 -0.0364
vn -0.7141 -0.6949 -0.0850
vn -0.9596 0.2809 -0.0133
vn -0.9977 0.0054 -0.0679
vn -0.4308 0.8829 0.1868
vn -0.9048 0.4226 0.0524
vn -0.7406 -0.5822 -0.3354
vn -0.7074 -0.7067 0.0074
vn -0.9339 0.3546 0.0457
vn -0.9948 0.0654 -0.0779
vn 0.0552 -0.7308 -0.6803
vn -0.9791 -0.0666 -0.1919
vn -0.9720 -0.1515 -0.1798
vn -0.9842 -0.0567 0.1680
vn -0.9818 0.1490 -0.1177
vn -0.9707 0.0337 -0.2380
vn -0.9464 0.3160 -0.0674
vn -0.8191 -0.5736 0.0076
vn -0.8477 -0.1127 -0.5184
vn -0.8721 -0.0764 -0.4834
vn -0.9328 0.3560 0.0568
vn -0.9105 0.4020 0.0967
vn -0.8816 -0.4246 -0.2063
vn -0.9012 -0.4067 -0.1498
vn -0.9209 -0.3744 -0.1083
vn -0.9121 0.3897 0.1271
vn -0.9285 0.3456 0.1357
vn -0.9116 -0.4043 -0.0745
vn -0.9588 -0.2812 0.0393
vn -0.9271 -0.3748 -0.0004
vn -0.9222 0.3423 0.1800
vn -0.9706 -0.2193 0.0989
vn -0.9094 0.3840 0.1596
vn -0.9690 0.1811 0.1678
vn -0.9706 0.1642 0.1760
vn -0.9673 -0.2289 0.1093
vn -0.9818 -0.1146 0.1513
vn -0.9794 0.1783 0.0945
vn -0.9891 0.0423 0.1412
vn -0.9880 -0.0570 0.1433
vn -0.9904 0.0288 0.1354
vn -0.9800 -0.1232 0.1563
vn -0.9848 0.0304 0.1711
vn -0.9995 -0.0323 -0.0033
vn -0.9991 -0.0344 -0.0247
vn -0.9990 -0.0372 -0.0241
vn -0.7292 -0.5986 0.3317
vn -0.9995 0.0017 -0.0320
vn -0.9997 0.0041 0.0231
vn -0.9930 0.0677 0.0970
vn -0.9887 -0.1156 0.0957
vn -0.7284 -0.6156 0.3007
vn -0.9637 -0.0061 0.2668
vn -0.9114 -0.3608 0.1977
vn -0.9335 -0.3549 0.0521
vn -0.8839 -0.4675 -0.0104
vn -0.8629 -0.4881 -0.1307
vn -0.9889 0.1164 -0.0921
vn -0.8252 -0.5640 0.0303
vn -0.9919 0.0731 -0.1037
vn -0.9412 -0.0733 -0.3298
vn -0.7041 -0.6597 0.2629
vn -0.9936 0.0683 -0.0896
vn -0.9614 -0.0750 -0.2647
vn -0.9613 -0.0756 -0.2649
vn -0.6045 0.7849 -0.1363
vn -0.9434 0.0664 -0.3249
vn -0.6563 -0.7544 -0.0118
vn -0.9784 0.2045 0.0299
vn -0.9944 0.0025 -0.1059
vn -0.6410 -0.7569 0.1269
vn -0.9729 0.2309 0.0097
vn -0.9931 0.1133 -0.0309
vn -0.9775 -0.1779 0.1132
vn -0.9869 -0.1512 -0.0571
vn -0.9264 -0.3625 -0.1023
vn -0.9653 0.2470 0.0845
vn -0.9655 -0.2585 -0.0309
vn -0.9819 0.1529 0.1116
vn -0.9679 -0.2509 -0.0174
vn -0.9792 -0.2011 0.0256
vn -0.9830 0.0899 0.1599
vn -0.9873 0.0292 0.1561
vn -0.9819 -0.1271 0.1403
vn -0.9790 -0.1734 0.1072
vn -0.9857 0.0462 0.1620
vn -0.9845 -0.0293 0.1730
vn -0.2606 -0.9653 0.0157
vn -0.9379 -0.2411 0.2493
vn -0.9398 -0.2338 0.2494
vn -0.9500 -0.2698 0.1569
vn -0.9414 -0.3016 0.1512
vn -0.9545 -0.2914 0.0637
vn -0.7765 -0.5989 -0.1960
vn -0.8265 -0.5620 0.0328
vn -0.8016 -0.5956 -0.0522
vn -0.9869 0.0149 -0.1606
vn -0.9943 -0.1025 -0.0294
vn -0.9946 -0.1012 -0.0245
vn -0.9928 0.1092 0.0484
vn -0.9972 0.0632 0.0398
vn -0.9973 0.0165 0.0722
vn -0.9954 0.0160 0.0944
vn -0.2125 -0.9756 0.0561
vn -0.8270 -0.4667 0.3136
vn -0.8926 -0.2947 0.3413
vn -0.9449 -0.2261 0.2367
vn -0.9779 -0.1785 0.1092
vn -0.9789 -0.1757 0.1044
vn -0.9359 -0.3523 -0.0006
vn -0.9295 -0.3584 -0.0868
vn -0.9165 -0.3837 -0.1128
vn -0.8492 -0.5002 -0.1692
vn -0.7415 -0.6650 -0.0893
vn -0.6668 -0.7452 -0.0089
vn -0.0781 -0.9555 -0.2844
vn -0.5036 -0.8621 0.0568
vn -0.5032 -0.8628 0.0479
vn -0.8351 -0.4975 0.2345
vn -0.9245 -0.2007 0.3240
vn -0.9285 -0.1777 0.3261
vn -0.9612 -0.1514 0.2306
vn -0.9846 -0.1731 -0.0257
vn -0.9832 -0.1508 0.1028
vn -0.9833 -0.1489 0.1050
vn -0.9861 -0.1645 -0.0240
vn -0.9851 -0.1721 -0.0017
vn -0.9675 -0.2455 0.0599
vn -0.9707 -0.2316 -0.0638
vn -0.9687 -0.2448 -0.0416
vn -0.9588 -0.2487 -0.1375
vn -0.8928 -0.3994 -0.2082
vn -0.8892 -0.4248 -0.1697
vn 0.9428 0.3306 0.0434
vn -0.8800 -0.4722 -0.0511
vn -0.9027 -0.4254 -0.0652
vn 0.8168 -0.0859 -0.5705
vn -0.3557 -0.8095 -0.4670
vn -0.2497 -0.9242 -0.2889
vn -0.0418 -0.8861 -0.4617
vn -0.9448 -0.1188 0.3053
vn -0.9517 -0.1108 0.2865
vn -0.9847 -0.0495 0.1671
vn -0.9812 -0.0919 0.1698
vn -0.9564 -0.1570 0.2462
vn -0.9882 -0.0975 0.1181
vn -0.9993 -0.0138 0.0335
vn -0.9918 -0.1210 0.0419
vn -0.9924 -0.1144 0.0454
vn -0.8752 0.4329 0.2158
vn -0.3291 -0.8424 -0.4267
vn -0.9983 -0.0547 -0.0220
vn -0.9990 -0.0427 0.0130
vn -0.9988 0.0133 -0.0474
vn -0.9793 -0.1778 -0.0972
vn -0.8716 0.4478 0.1997
vn -0.9890 -0.1363 -0.0575
vn -0.9843 -0.0858 -0.1544
vn -0.9470 -0.2727 -0.1699
vn -0.9389 0.3316 0.0925
vn -0.9846 -0.0787 -0.1560
vn -0.9438 -0.2479 -0.2186
vn -0.9197 0.3670 0.1397
vn -0.7650 0.6439 -0.0109
vn -0.8870 -0.4280 -0.1734
vn -0.9050 -0.2116 0.3692
vn -0.8867 -0.4582 -0.0620
vn -0.9589 0.1236 0.2554
vn 0.5844 -0.4423 -0.6803
vn -0.0914 -0.8804 -0.4653
vn -0.8571 -0.5007 0.1217
vn -0.8607 -0.4884 0.1436
vn -0.8971 -0.3756 0.2329
vn -0.9515 -0.1031 0.2898
vn -0.9844 -0.0096 0.1757
vn -0.9721 -0.0325 0.2323
vn -0.9887 0.0625 0.1359
vn -0.9916 -0.0336 0.1251
vn -0.9724 -0.0406 0.2299
vn -0.9955 -0.0103 0.0946
vn -0.9857 -0.0776 -0.1492
vn -0.9086 -0.2908 -0.2998
vn -0.9753 0.0088 -0.2208
vn -0.9787 0.1908 -0.0752
vn -0.8749 -0.4513 -0.1758
vn -0.9021 0.3265 0.2823
vn -0.5676 0.6578 0.4952
vn -0.9291 0.2045 0.3080
vn -0.9655 -0.2368 0.1079
vn -0.2512 -0.7741 -0.5811
vn -0.6088 -0.7519 -0.2530
vn -0.8592 -0.5109 0.0267
vn -0.9312 -0.2184 0.2919
vn -0.9668 0.0410 0.2523
vn -0.9673 0.0602 0.2464
vn -0.9682 -0.0106 0.2499
vn 0.9522 0.0455 -0.3020
vn -0.2495 -0.7761 -0.5792
vn -0.9389 -0.1803 0.2931
vn -0.9687 0.0488 0.2435
vn -0.9507 -0.0769 0.3005
vn -0.9613 0.0103 0.2752
vn -0.9614 -0.0140 0.2746
vn -0.9523 -0.0640 0.2985
vn 0.2130 -0.1869 -0.9590
vn 0.7553 0.2120 -0.6201
vn -0.7300 -0.4517 -0.5129
vn -0.9398 -0.3280 0.0963
vn -0.9581 -0.1288 0.2560
vn -0.9556 -0.1806 0.2329
vn -0.9521 0.1939 0.2364
vn -0.9600 0.0583 0.2740
vn -0.5615 0.0620 -0.8251
vn -0.2347 -0.0739 -0.9693
vn -0.0283 -0.0404 -0.9988
vn -0.6845 -0.2792 -0.6734
vn -0.8914 -0.3992 -0.2146
vn -0.8936 -0.3763 -0.2446
vn -0.9504 0.3030 -0.0703
vn -0.9282 0.3694 -0.0443
vn -0.9181 -0.3915 -0.0621
vn -0.9607 0.0521 0.2726
vn -0.9585 0.0032 0.2850
vn -0.9528 -0.0318 0.3018
vn -0.9576 0.0069 0.2881
vn -0.9181 -0.0738 -0.3894
vn -0.9609 0.1398 -0.2390
vn -0.9859 0.0554 -0.1580
vn -0.9852 0.0538 -0.1630
vn -0.9870 -0.0161 -0.1601
vn -0.9363 -0.1693 -0.3077
vn -0.9991 -0.0320 0.0267
vn -0.9849 -0.1597 -0.0675
vn -0.9848 -0.1530 -0.0826
vn -0.9733 0.2288 -0.0190
vn -0.9800 0.0241 0.1975
vn -0.9762 0.0116 0.2167
vn -0.9709 0.0535 0.2333
vn -0.9665 -0.0877 0.2412
vt 0.708923 0.512558
vt 0.710061 0.510094
vt 0.712890 0.511966
vt 0.863981 0.876441
vt 0.863225 0.884889
vt 0.861290 0.877350
vt 0.861137 0.885765
vt 0.357820 0.632015
vt 0.353194 0.619155
vt 0.353163 0.609571
vt 0.339335 0.584672
vt 0.340997 0.580563
vt 0.331732 0.568847
vt 0.353802 0.644038
vt 0.349053 0.636626
vt 0.331506 0.587034
vt 0.322193 0.571906
vt 0.348500 0.653647
vt 0.319560 0.609361
vt 0.317638 0.586186
vt 0.310893 0.559062
vt 0.055412 0.854492
vt 0.062966 0.859273
vt 0.066647 0.862950
vt 0.337478 0.662298
vt 0.327959 0.657917
vt 0.295056 0.575364
vt 0.296584 0.563969
vt 0.300727 0.632118
vt 0.303806 0.647602
vt 0.290006 0.592268
vt 0.330765 0.664974
vt 0.287301 0.552244
vt 0.318917 0.669532
vt 0.306161 0.670367
vt 0.428832 0.856509
vt 0.430837 0.858327
vt 0.443128 0.859467
vt 0.256198 0.571153
vt 0.273259 0.609532
vt 0.251463 0.601439
vt 0.294020 0.660396
vt 0.130460 0.043836
vt 0.121741 0.039905
vt 0.115198 0.040133
vt 0.291311 0.673077
vt 0.262027 0.563326
vt 0.282125 0.555880
vt 0.260478 0.641042
vt 0.278257 0.672600
vt 0.257330 0.661238
vt 0.101546 0.039835
vt 0.088434 0.038347
vt 0.079999 0.039182
vt 0.257684 0.671159
vt 0.197305 0.666873
vt 0.169857 0.667528
vt 0.203624 0.652894
vt 0.167600 0.662314
vt 0.187427 0.671207
vt 0.914218 0.383251
vt 0.918957 0.376681
vt 0.914650 0.373729
vt 0.178537 0.671650
vt 0.917861 0.365385
vt 0.170190 0.673077
vt 0.163909 0.671431
vt 0.152303 0.660864
vt 0.165215 0.653868
vt 0.156797 0.666589
vt 0.133175 0.261907
vt 0.144028 0.262820
vt 0.141555 0.258876
vt 0.149307 0.664919
vt 0.112428 0.755904
vt 0.121826 0.752252
vt 0.134003 0.765815
vt 0.264377 0.555791
vt 0.272688 0.552112
vt 0.250754 0.561834
vt 0.116816 0.806822
vt 0.125016 0.794025
vt 0.137150 0.813461
vt 0.104613 0.037150
vt 0.246737 0.641434
vt 0.065119 0.036464
vt 0.061568 0.040071
vt 0.240128 0.669144
vt 0.241213 0.651101
vt 0.231158 0.653875
vt 0.221306 0.670476
vt 0.053176 0.037932
vt 0.041933 0.042300
vt 0.030145 0.038353
vt 0.025879 0.041284
vt 0.027451 0.044665
vt 0.207316 0.670631
vt 0.196328 0.673025
vt 0.015640 0.044872
vt 0.198904 0.641864
vt 0.915867 0.392998
vt 0.917861 0.384802
vt 0.183148 0.640160
vt 0.136877 0.656867
vt 0.150923 0.643172
vt 0.149289 0.261907
vt 0.146496 0.663323
vt 0.142486 0.660074
vt 0.927826 0.365758
vt 0.933506 0.360176
vt 0.929460 0.360639
vt 0.131773 0.755200
vt 0.144378 0.759335
vt 0.237116 0.572769
vt 0.232620 0.581260
vt 0.234432 0.602908
vt 0.233017 0.640171
vt 0.076537 0.035996
vt 0.213430 0.636799
vt 0.042201 0.038012
vt 0.020102 0.040219
vt 0.149624 0.634876
vt 0.927885 0.369295
vt 0.933583 0.368314
vt 0.934704 0.353882
vt 0.134265 0.646779
vt 0.931078 0.354291
vt 0.938605 0.349387
vt 0.937087 0.347969
vt 0.129075 0.651882
vt 0.126782 0.645736
vt 0.221370 0.621730
vt 0.218194 0.631047
vt 0.184730 0.625630
vt 0.945758 0.412787
vt 0.955396 0.396953
vt 0.946836 0.394532
vt 0.165535 0.627824
vt 0.133268 0.639745
vt 0.945021 0.373984
vt 0.951828 0.370246
vt 0.941548 0.361579
vt 0.943565 0.348022
vt 0.946289 0.344621
vt 0.941600 0.344493
vt 0.123697 0.643028
vt 0.943678 0.341716
vt 0.215016 0.587717
vt 0.762559 0.025148
vt 0.770673 0.022189
vt 0.772194 0.025075
vt 0.215486 0.599132
vt 0.072512 0.724359
vt 0.075894 0.734003
vt 0.072962 0.735939
vt 0.205188 0.615777
vt 0.074850 0.745749
vt 0.188583 0.617297
vt 0.955347 0.431693
vt 0.959716 0.424643
vt 0.956049 0.417989
vt 0.955283 0.383294
vt 0.953933 0.375787
vt 0.159399 0.623058
vt 0.956052 0.369631
vt 0.951996 0.361665
vt 0.131147 0.636413
vt 0.134294 0.630681
vt 0.945739 0.347792
vt 0.250090 0.760996
vt 0.251617 0.753639
vt 0.257988 0.758213
vt 0.795388 0.264614
vt 0.815312 0.270697
vt 0.806187 0.276912
vt 0.805275 0.251653
vt 0.925130 0.008383
vt 0.933588 0.019526
vt 0.915398 0.012918
vt 0.501948 0.661690
vt 0.494030 0.654720
vt 0.497968 0.646919
vt 0.483495 0.648242
vt 0.484861 0.640586
vt 0.681067 0.239377
vt 0.678265 0.249466
vt 0.676273 0.247646
vt 0.226641 0.572222
vt 0.685909 0.244537
vt 0.780569 0.025148
vt 0.671609 0.210614
vt 0.692715 0.231496
vt 0.692749 0.242183
vt 0.700350 0.239509
vt 0.079147 0.730223
vt 0.079071 0.738705
vt 0.198597 0.598419
vt 0.079097 0.746977
vt 0.959559 0.416516
vt 0.959716 0.405467
vt 0.956606 0.410365
vt 0.958483 0.392991
vt 0.957447 0.381378
vt 0.139643 0.617690
vt 0.146707 0.625089
vt 0.770726 0.221637
vt 0.780058 0.234954
vt 0.773377 0.238112
vt 0.954762 0.363292
vt 0.781882 0.251926
vt 0.775037 0.271500
vt 0.786422 0.277488
vt 0.770849 0.277268
vt 0.778122 0.217262
vt 0.800707 0.220243
vt 0.796140 0.230668
vt 0.791647 0.282384
vt 0.787201 0.281722
vt 0.245756 0.759819
vt 0.231410 0.749883
vt 0.806404 0.291248
vt 0.815727 0.231498
vt 0.818434 0.249480
vt 0.821710 0.290339
vt 0.850381 0.286653
vt 0.847947 0.250269
vt 0.842834 0.256134
vt 0.871807 0.278220
vt 0.501229 0.215769
vt 0.530249 0.230657
vt 0.496300 0.228562
vt 0.513180 0.199629
vt 0.531938 0.204115
vt 0.508465 0.251066
vt 0.526015 0.253216
vt 0.561458 0.179987
vt 0.562158 0.205774
vt 0.556282 0.233751
vt 0.592545 0.199866
vt 0.950574 0.027089
vt 0.941059 0.017236
vt 0.929659 0.009317
vt 0.586731 0.178173
vt 0.594249 0.227623
vt 0.566220 0.266631
vt 0.595080 0.213420
vt 0.916558 0.041918
vt 0.905328 0.020732
vt 0.466341 0.644409
vt 0.477432 0.634027
vt 0.489079 0.636459
vt 0.641414 0.191631
vt 0.629670 0.204044
vt 0.895261 0.036290
vt 0.467255 0.639064
vt 0.625622 0.216453
vt 0.441142 0.812130
vt 0.412002 0.804415
vt 0.432236 0.802728
vt 0.623795 0.235921
vt 0.653675 0.211963
vt 0.647574 0.227414
vt 0.652674 0.244903
vt 0.383396 0.796817
vt 0.398932 0.783524
vt 0.383627 0.768135
vt 0.657166 0.179043
vt 0.359541 0.779614
vt 0.366044 0.773353
vt 0.675971 0.262914
vt 0.697049 0.204263
vt 0.699136 0.216189
vt 0.360151 0.777294
vt 0.359370 0.772495
vt 0.692627 0.185438
vt 0.213657 0.583769
vt 0.213677 0.578860
vt 0.705852 0.244974
vt 0.715012 0.241136
vt 0.711677 0.249541
vt 0.715677 0.253282
vt 0.183643 0.606905
vt 0.741937 0.211072
vt 0.742915 0.201863
vt 0.739614 0.237508
vt 0.731084 0.255960
vt 0.722238 0.257071
vt 0.731061 0.262487
vt 0.168233 0.614352
vt 0.750828 0.203746
vt 0.741976 0.266912
vt 0.763595 0.242625
vt 0.755210 0.196128
vt 0.754450 0.265243
vt 0.752451 0.270634
vt 0.763131 0.225734
vt 0.771165 0.199344
vt 0.768083 0.276015
vt 0.762059 0.276130
vt 0.770373 0.248929
vt 0.801811 0.202361
vt 0.243437 0.737102
vt 0.255782 0.749108
vt 0.806383 0.206784
vt 0.229290 0.731170
vt 0.217505 0.732135
vt 0.823360 0.220191
vt 0.821524 0.307266
vt 0.841769 0.220986
vt 0.835926 0.305095
vt 0.845207 0.233328
vt 0.846326 0.298537
vt 0.872618 0.263440
vt 0.871601 0.232028
vt 0.874144 0.244736
vt 0.438054 0.202320
vt 0.437231 0.225670
vt 0.457806 0.195252
vt 0.480329 0.243806
vt 0.512289 0.179027
vt 0.536755 0.179243
vt 0.507713 0.785187
vt 0.496479 0.760983
vt 0.520876 0.763883
vt 0.560946 0.162553
vt 0.951873 0.040965
vt 0.936267 0.037037
vt 0.438539 0.790123
vt 0.467856 0.773125
vt 0.586882 0.161462
vt 0.619472 0.179334
vt 0.418214 0.787780
vt 0.897833 0.053748
vt 0.023726 0.611776
vt 0.020619 0.617850
vt 0.014692 0.617425
vt 0.429101 0.763214
vt 0.033832 0.611371
vt 0.451720 0.652316
vt 0.447022 0.649606
vt 0.457411 0.640668
vt 0.046057 0.604894
vt 0.046560 0.607820
vt 0.401837 0.759750
vt 0.380708 0.755614
vt 0.354207 0.765692
vt 0.353307 0.768637
vt 0.903284 0.390353
vt 0.905521 0.390372
vt 0.905687 0.400888
vt 0.191532 0.592399
vt 0.205747 0.583626
vt 0.696862 0.170669
vt 0.174208 0.605465
vt 0.754594 0.181492
vt 0.216733 0.721143
vt 0.832608 0.209398
vt 0.202621 0.732578
vt 0.192127 0.719886
vt 0.162438 0.720467
vt 0.876097 0.310848
vt 0.874604 0.299036
vt 0.886548 0.233500
vt 0.896603 0.299281
vt 0.890075 0.245819
vt 0.901049 0.274911
vt 0.439176 0.240342
vt 0.552853 0.792071
vt 0.549611 0.772662
vt 0.593338 0.792536
vt 0.524945 0.786530
vt 0.515164 0.162070
vt 0.463676 0.758627
vt 0.957820 0.036162
vt 0.956358 0.043674
vt 0.925882 0.663882
vt 0.915148 0.668641
vt 0.927488 0.669018
vt 0.949353 0.053748
vt 0.918258 0.704635
vt 0.927488 0.685831
vt 0.894442 0.696632
vt 0.445142 0.676393
vt 0.467979 0.666793
vt 0.639653 0.161582
vt 0.433671 0.661442
vt 0.062230 0.604750
vt 0.665031 0.157639
vt 0.385058 0.741806
vt 0.354604 0.754509
vt 0.346495 0.765416
vt 0.349199 0.753755
vt 0.356014 0.746220
vt 0.900948 0.385422
vt 0.905687 0.379191
vt 0.350170 0.750514
vt 0.350340 0.745616
vt 0.342068 0.759941
vt 0.182332 0.590245
vt 0.189819 0.583865
vt 0.293346 0.745410
vt 0.290451 0.741410
vt 0.308255 0.742689
vt 0.282443 0.743653
vt 0.782267 0.183277
vt 0.271744 0.738159
vt 0.272420 0.731714
vt 0.263126 0.739020
vt 0.254659 0.722976
vt 0.814339 0.188062
vt 0.239404 0.711724
vt 0.826490 0.199975
vt 0.841077 0.211587
vt 0.196474 0.711004
vt 0.171186 0.708504
vt 0.875487 0.218101
vt 0.899957 0.221528
vt 0.900296 0.234246
vt 0.905406 0.253222
vt 0.453255 0.180562
vt 0.422632 0.209141
vt 0.592359 0.774211
vt 0.470365 0.165592
vt 0.553791 0.749611
vt 0.584281 0.755954
vt 0.478297 0.150909
vt 0.528034 0.750602
vt 0.492941 0.747044
vt 0.807109 0.600543
vt 0.819146 0.602093
vt 0.813700 0.604043
vt 0.438761 0.741488
vt 0.921418 0.660256
vt 0.907259 0.666963
vt 0.904844 0.660987
vt 0.591869 0.139059
vt 0.410881 0.737493
vt 0.053453 0.609145
vt 0.421855 0.663548
vt 0.431991 0.654977
vt 0.074758 0.600099
vt 0.072461 0.604565
vt 0.372076 0.723458
vt 0.352267 0.730092
vt 0.348764 0.741717
vt 0.333414 0.740452
vt 0.316465 0.726387
vt 0.695070 0.156362
vt 0.323697 0.742583
vt 0.288426 0.723838
vt 0.302480 0.712732
vt 0.269274 0.711621
vt 0.213403 0.698423
vt 0.844608 0.194408
vt 0.848937 0.206197
vt 0.189454 0.705009
vt 0.875563 0.204203
vt 0.888916 0.200281
vt 0.912407 0.309116
vt 0.124725 0.715677
vt 0.906991 0.225181
vt 0.906118 0.237695
vt 0.908649 0.246526
vt 0.924114 0.265320
vt 0.913373 0.238318
vt 0.912231 0.245263
vt 0.917430 0.254850
vt 0.926008 0.280218
vt 0.920764 0.294693
vt 0.912394 0.231550
vt 0.908678 0.229598
vt 0.918499 0.227783
vt 0.920086 0.234318
vt 0.920612 0.242745
vt 0.918130 0.249827
vt 0.940095 0.308435
vt 0.925710 0.231698
vt 0.928067 0.225123
vt 0.926287 0.238269
vt 0.925613 0.248869
vt 0.931389 0.241901
vt 0.932969 0.247421
vt 0.344401 0.198467
vt 0.395768 0.179948
vt 0.385182 0.200853
vt 0.352816 0.216676
vt 0.377155 0.235948
vt 0.385986 0.165338
vt 0.654152 0.791640
vt 0.638118 0.774407
vt 0.415648 0.160061
vt 0.424404 0.136775
vt 0.516132 0.132680
vt 0.528525 0.735279
vt 0.493821 0.732115
vt 0.555387 0.132438
vt 0.761611 0.039941
vt 0.719901 0.034421
vt 0.757968 0.025574
vt 0.818240 0.596987
vt 0.827782 0.599010
vt 0.835800 0.601465
vt 0.891051 0.668138
vt 0.848141 0.600753
vt 0.851132 0.603019
vt 0.884834 0.674606
vt 0.486730 0.294379
vt 0.501586 0.313753
vt 0.518009 0.297459
vt 0.455279 0.729215
vt 0.412723 0.720813
vt 0.518009 0.334813
vt 0.597113 0.391026
vt 0.627781 0.372288
vt 0.632701 0.391026
vt 0.063158 0.610850
vt 0.601320 0.374698
vt 0.410405 0.673982
vt 0.641808 0.135766
vt 0.402508 0.709503
vt 0.030806 0.768959
vt 0.013404 0.759920
vt 0.013907 0.798323
vt 0.019997 0.688856
vt 0.030806 0.695444
vt 0.242401 0.699567
vt 0.297524 0.702893
vt 0.133310 0.703074
vt 0.914130 0.219051
vt 0.915051 0.223958
vt 0.906258 0.321992
vt 0.935539 0.319180
vt 0.926324 0.253894
vt 0.930494 0.234338
vt 0.936761 0.250568
vt 0.934428 0.234811
vt 0.947300 0.293031
vt 0.949134 0.253375
vt 0.951488 0.268906
vt 0.951311 0.284127
vt 0.949828 0.308173
vt 0.964490 0.305223
vt 0.965279 0.298331
vt 0.351186 0.178785
vt 0.395381 0.151739
vt 0.573492 0.736478
vt 0.549500 0.724727
vt 0.524661 0.720867
vt 0.472661 0.714913
vt 0.732316 0.016272
vt 0.827647 0.586925
vt 0.676235 0.039941
vt 0.663033 0.033886
vt 0.865135 0.600054
vt 0.493616 0.309825
vt 0.508163 0.327894
vt 0.873519 0.601612
vt 0.421399 0.704474
vt 0.618228 0.370316
vt 0.615990 0.361751
vt 0.634529 0.366191
vt 0.641176 0.369650
vt 0.076891 0.607329
vt 0.073176 0.612087
vt 0.393431 0.699265
vt 0.091344 0.604965
vt 0.366829 0.702076
vt 0.011155 0.713388
vt 0.714877 0.145068
vt 0.281759 0.693590
vt 0.321882 0.698249
vt 0.761152 0.144104
vt 0.230196 0.691208
vt 0.813431 0.155356
vt 0.831198 0.179777
vt 0.195449 0.686061
vt 0.873718 0.191295
vt 0.149388 0.688461
vt 0.909236 0.209291
vt 0.102444 0.701391
vt 0.103861 0.689075
vt 0.927785 0.218020
vt 0.939636 0.225617
vt 0.938722 0.229555
vt 0.085379 0.696224
vt 0.947886 0.236015
vt 0.085657 0.710024
vt 0.956139 0.293855
vt 0.960974 0.288936
vt 0.962025 0.232839
vt 0.958361 0.280544
vt 0.960077 0.247046
vt 0.962662 0.263055
vt 0.185308 0.094181
vt 0.179274 0.090402
vt 0.181688 0.083910
vt 0.069878 0.709585
vt 0.073380 0.699509
vt 0.975056 0.299800
vt 0.317904 0.224674
vt 0.712734 0.797547
vt 0.689331 0.778822
vt 0.352556 0.147430
vt 0.652342 0.761456
vt 0.606497 0.739461
vt 0.467292 0.127805
vt 0.520922 0.102737
vt 0.840182 0.580289
vt 0.463508 0.701655
vt 0.623576 0.116992
vt 0.863331 0.593961
vt 0.884103 0.598266
vt 0.884979 0.604043
vt 0.397868 0.685750
vt 0.891469 0.600587
vt 0.590047 0.388918
vt 0.590806 0.383769
vt 0.404505 0.683573
vt 0.390466 0.680556
vt 0.397603 0.673902
vt 0.101417 0.600153
vt 0.376382 0.688214
vt 0.326825 0.687257
vt 0.001422 0.714937
vt 0.280705 0.684705
vt 0.855860 0.173660
vt 0.878273 0.179682
vt 0.896416 0.188090
vt 0.919261 0.200136
vt 0.502584 0.812043
vt 0.547539 0.815470
vt 0.543972 0.826345
vt 0.947468 0.218570
vt 0.087653 0.683486
vt 0.960198 0.225709
vt 0.154776 0.587018
vt 0.150826 0.589967
vt 0.157820 0.593620
vt 0.177849 0.093296
vt 0.567341 0.811190
vt 0.577385 0.823848
vt 0.562752 0.823212
vt 0.072661 0.686353
vt 0.969475 0.274001
vt 0.175263 0.075178
vt 0.058294 0.698806
vt 0.971945 0.261668
vt 0.977863 0.310585
vt 0.979974 0.304967
vt 0.314029 0.183353
vt 0.300499 0.196187
vt 0.308499 0.209615
vt 0.320258 0.164420
vt 0.722340 0.785201
vt 0.372124 0.130406
vt 0.711822 0.769824
vt 0.392891 0.125972
vt 0.644394 0.830868
vt 0.693365 0.839760
vt 0.663046 0.846647
vt 0.438623 0.118523
vt 0.637202 0.730658
vt 0.577492 0.706984
vt 0.799097 0.715483
vt 0.774041 0.691641
vt 0.782012 0.681306
vt 0.478324 0.106067
vt 0.758768 0.668706
vt 0.772067 0.659927
vt 0.532532 0.708761
vt 0.556688 0.710270
vt 0.577058 0.108563
vt 0.852484 0.579510
vt 0.422970 0.692581
vt 0.881566 0.588660
vt 0.886774 0.592946
vt 0.413265 0.683960
vt 0.408999 0.686572
vt 0.405721 0.684658
vt 0.095453 0.609953
vt 0.676327 0.119733
vt 0.101728 0.604987
vt 0.386246 0.674482
vt 0.112322 0.603980
vt 0.386470 0.681241
vt 0.370370 0.680280
vt 0.330762 0.678264
vt 0.268126 0.678711
vt 0.216723 0.677453
vt 0.456111 0.811610
vt 0.470982 0.821900
vt 0.434128 0.819085
vt 0.512145 0.826159
vt 0.935564 0.209245
vt 0.147743 0.587240
vt 0.173250 0.090660
vt 0.966566 0.285217
vt 0.973425 0.278329
vt 0.173182 0.081391
vt 0.976847 0.251423
vt 0.975971 0.241531
vt 0.978158 0.264891
vt 0.245846 0.188723
vt 0.260264 0.202004
vt 0.213822 0.197155
vt 0.268351 0.176372
vt 0.276287 0.185311
vt 0.283553 0.223384
vt 0.247295 0.212635
vt 0.298869 0.167214
vt 0.746093 0.796344
vt 0.345564 0.139418
vt 0.688025 0.749047
vt 0.399804 0.111910
vt 0.610031 0.710260
vt 0.589801 0.694570
vt 0.614643 0.704672
vt 0.798363 0.675484
vt 0.787721 0.663079
vt 0.559104 0.701307
vt 0.496908 0.696404
vt 0.526131 0.695324
vt 0.461711 0.689647
vt 0.865156 0.576839
vt 0.870507 0.581228
vt 0.642754 0.112157
vt 0.110233 0.609772
vt 0.817759 0.149519
vt 0.382051 0.814309
vt 0.376852 0.818069
vt 0.904368 0.186681
vt 0.559040 0.837268
vt 0.963693 0.216224
vt 0.142315 0.595199
vt 0.168370 0.092997
vt 0.573185 0.836352
vt 0.152090 0.580222
vt 0.144913 0.579067
vt 0.974018 0.226212
vt 0.152528 0.569586
vt 0.147331 0.569819
vt 0.591330 0.832946
vt 0.582366 0.835492
vt 0.594325 0.818003
vt 0.154021 0.554528
vt 0.143880 0.551641
vt 0.145363 0.559944
vt 0.164700 0.070823
vt 0.169647 0.070207
vt 0.601737 0.828961
vt 0.159271 0.067462
vt 0.159085 0.064410
vt 0.990047 0.310868
vt 0.157328 0.179898
vt 0.180024 0.194553
vt 0.155229 0.194338
vt 0.167306 0.206606
vt 0.186536 0.179753
vt 0.205216 0.184402
vt 0.210677 0.212088
vt 0.173332 0.169239
vt 0.229471 0.177389
vt 0.245283 0.183579
vt 0.249542 0.173647
vt 0.781616 0.805066
vt 0.760529 0.786883
vt 0.789868 0.790807
vt 0.269181 0.165217
vt 0.307112 0.144739
vt 0.342344 0.127252
vt 0.724525 0.764455
vt 0.366781 0.116380
vt 0.661388 0.731723
vt 0.642553 0.718324
vt 0.778576 0.653473
vt 0.501547 0.690986
vt 0.425870 0.677621
vt 0.638100 0.102138
vt 0.692417 0.372671
vt 0.695200 0.370360
vt 0.698104 0.359467
vt 0.418246 0.679419
vt 0.673984 0.113907
vt 0.104690 0.615090
vt 0.722737 0.125166
vt 0.376645 0.828106
vt 0.319456 0.811311
vt 0.764282 0.134633
vt 0.759084 0.126746
vt 0.423578 0.831013
vt 0.847522 0.153808
vt 0.885820 0.168948
vt 0.494503 0.836065
vt 0.529180 0.837472
vt 0.916349 0.183885
vt 0.948638 0.205041
vt 0.546230 0.838542
vt 0.158155 0.091139
vt 0.162800 0.089770
vt 0.981360 0.235562
vt 0.988539 0.249918
vt 0.157820 0.540746
vt 0.145439 0.538466
vt 0.122045 0.175298
vt 0.129506 0.192658
vt 0.100752 0.190371
vt 0.103384 0.206607
vt 0.148365 0.204849
vt 0.129187 0.218224
vt 0.146884 0.172293
vt 0.876395 0.812130
vt 0.860683 0.798546
vt 0.894852 0.799907
vt 0.858295 0.810407
vt 0.816813 0.805133
vt 0.814130 0.792874
vt 0.219714 0.166593
vt 0.239178 0.165999
vt 0.255504 0.163007
vt 0.776054 0.777188
vt 0.288005 0.144835
vt 0.323818 0.127395
vt 0.337603 0.120221
vt 0.360232 0.112393
vt 0.385954 0.105386
vt 0.746084 0.654339
vt 0.722749 0.654339
vt 0.754957 0.645829
vt 0.416476 0.094628
vt 0.464495 0.095260
vt 0.606593 0.687023
vt 0.493486 0.090561
vt 0.516465 0.091982
vt 0.543093 0.685569
vt 0.595354 0.096291
vt 0.857149 0.576634
vt 0.440564 0.678074
vt 0.427091 0.673958
vt 0.639170 0.097165
vt 0.662136 0.104484
vt 0.700082 0.111443
vt 0.728714 0.119972
vt 0.746936 0.120482
vt 0.777165 0.129955
vt 0.799748 0.138410
vt 0.823858 0.144442
vt 0.862604 0.158846
vt 0.126918 0.587653
vt 0.128075 0.597380
vt 0.135244 0.603057
vt 0.145059 0.063609
vt 0.085511 0.254207
vt 0.073126 0.263426
vt 0.078876 0.242426
vt 0.069835 0.115379
vt 0.093693 0.129288
vt 0.077951 0.136725
vt 0.076262 0.192088
vt 0.082271 0.207229
vt 0.059649 0.219119
vt 0.058976 0.229716
vt 0.070073 0.235858
vt 0.086011 0.174417
vt 0.106661 0.152559
vt 0.084136 0.156663
vt 0.098453 0.162108
vt 0.100970 0.221799
vt 0.100039 0.244515
vt 0.121609 0.149073
vt 0.116089 0.164379
vt 0.109519 0.230584
vt 0.124739 0.158051
vt 0.913974 0.788993
vt 0.903605 0.785917
vt 0.923697 0.776326
vt 0.139451 0.159171
vt 0.890468 0.789317
vt 0.871178 0.791964
vt 0.148826 0.151465
vt 0.152731 0.161293
vt 0.167873 0.162067
vt 0.480028 0.255917
vt 0.487401 0.263227
vt 0.469046 0.261860
vt 0.520228 0.268477
vt 0.526817 0.263419
vt 0.543943 0.273563
vt 0.234997 0.154655
vt 0.243655 0.160046
vt 0.797268 0.782836
vt 0.270651 0.146954
vt 0.284617 0.138561
vt 0.736027 0.760868
vt 0.283292 0.129433
vt 0.310588 0.127493
vt 0.320176 0.113779
vt 0.724646 0.750565
vt 0.728439 0.703599
vt 0.677060 0.695423
vt 0.680281 0.681294
vt 0.371921 0.103260
vt 0.392740 0.097778
vt 0.372759 0.095090
vt 0.672571 0.731178
vt 0.665482 0.718635
vt 0.683339 0.726146
vt 0.394555 0.088761
vt 0.877858 0.715483
vt 0.826524 0.674013
vt 0.858047 0.667325
vt 0.434963 0.091404
vt 0.459117 0.088632
vt 0.804777 0.661916
vt 0.572941 0.670527
vt 0.575901 0.654462
vt 0.597056 0.648020
vt 0.497873 0.086711
vt 0.788574 0.645862
vt 0.560722 0.667929
vt 0.550247 0.687118
vt 0.563824 0.689524
vt 0.521756 0.087664
vt 0.552392 0.675703
vt 0.568723 0.089912
vt 0.602570 0.092972
vt 0.870759 0.573471
vt 0.683355 0.104032
vt 0.725369 0.112973
vt 0.799111 0.133824
vt 0.576470 0.850185
vt 0.127162 0.576936
vt 0.983269 0.218520
vt 0.130532 0.560538
vt 0.148407 0.091483
vt 0.154041 0.508575
vt 0.141016 0.506410
vt 0.149706 0.521191
vt 0.129537 0.548444
vt 0.599523 0.845345
vt 0.133475 0.536419
vt 0.131604 0.544558
vt 0.012831 0.080916
vt 0.021931 0.061756
vt 0.029351 0.092919
vt 0.012483 0.109358
vt 0.021675 0.122391
vt 0.006877 0.272802
vt 0.027403 0.272045
vt 0.001914 0.294085
vt 0.020826 0.246153
vt 0.029313 0.290447
vt 0.010069 0.308131
vt 0.020447 0.317409
vt 0.042844 0.078900
vt 0.041401 0.050451
vt 0.043310 0.103607
vt 0.029869 0.307461
vt 0.057383 0.136480
vt 0.056763 0.063272
vt 0.041187 0.151009
vt 0.028692 0.137143
vt 0.045719 0.258236
vt 0.055584 0.090821
vt 0.047608 0.287317
vt 0.051710 0.211146
vt 0.036823 0.225241
vt 0.050111 0.165292
vt 0.054439 0.264874
vt 0.043889 0.304269
vt 0.075247 0.096468
vt 0.065938 0.279046
vt 0.044884 0.308809
vt 0.082468 0.088420
vt 0.066903 0.064158
vt 0.072811 0.171131
vt 0.056200 0.176790
vt 0.055250 0.198128
vt 0.058951 0.294686
vt 0.058924 0.186929
vt 0.121075 0.362887
vt 0.131665 0.360344
vt 0.136682 0.363412
vt 0.070765 0.283210
vt 0.094190 0.116342
vt 0.088983 0.092224
vt 0.098340 0.109317
vt 0.085469 0.267516
vt 0.090763 0.263093
vt 0.103987 0.112760
vt 0.110126 0.123701
vt 0.112754 0.137417
vt 0.414150 0.268977
vt 0.412615 0.278153
vt 0.400474 0.283531
vt 0.122075 0.135989
vt 0.119159 0.130265
vt 0.435872 0.263629
vt 0.427011 0.273147
vt 0.133930 0.144914
vt 0.439428 0.270705
vt 0.131119 0.140267
vt 0.449466 0.262441
vt 0.141289 0.147164
vt 0.161100 0.154333
vt 0.455416 0.270179
vt 0.471125 0.270748
vt 0.178543 0.155385
vt 0.515850 0.276403
vt 0.490965 0.272433
vt 0.201999 0.156006
vt 0.226233 0.155789
vt 0.824513 0.763310
vt 0.817554 0.768414
vt 0.814087 0.757971
vt 0.823135 0.756068
vt 0.819109 0.749038
vt 0.804441 0.766746
vt 0.808083 0.742390
vt 0.803075 0.776401
vt 0.808519 0.734204
vt 0.796511 0.748832
vt 0.794398 0.773472
vt 0.789788 0.754920
vt 0.799375 0.722144
vt 0.538516 0.282684
vt 0.547393 0.283531
vt 0.789194 0.762991
vt 0.785005 0.735721
vt 0.245192 0.149530
vt 0.790033 0.724742
vt 0.792179 0.713795
vt 0.256080 0.143740
vt 0.771042 0.766085
vt 0.763642 0.742484
vt 0.765002 0.700418
vt 0.780826 0.704550
vt 0.765749 0.718773
vt 0.263068 0.138864
vt 0.271205 0.135036
vt 0.745253 0.757941
vt 0.770893 0.696143
vt 0.437415 0.972737
vt 0.453126 0.977205
vt 0.424171 0.991617
vt 0.449518 0.990167
vt 0.761477 0.688316
vt 0.464661 0.953156
vt 0.738997 0.691247
vt 0.736026 0.680952
vt 0.487492 0.974483
vt 0.487678 0.991617
vt 0.736347 0.669135
vt 0.731515 0.737579
vt 0.704156 0.716524
vt 0.755154 0.725309
vt 0.699019 0.732050
vt 0.071386 0.670978
vt 0.064928 0.666174
vt 0.090690 0.678008
vt 0.098104 0.668031
vt 0.709192 0.668809
vt 0.710879 0.654350
vt 0.346673 0.102755
vt 0.702793 0.653423
vt 0.705360 0.736835
vt 0.685878 0.660701
vt 0.706580 0.644674
vt 0.689148 0.632992
vt 0.698333 0.633991
vt 0.651758 0.709463
vt 0.688409 0.614937
vt 0.385663 0.092759
vt 0.644607 0.696566
vt 0.677187 0.609504
vt 0.639740 0.661363
vt 0.681871 0.601076
vt 0.653600 0.622196
vt 0.662862 0.603012
vt 0.138863 0.980657
vt 0.149289 0.988659
vt 0.149289 0.978797
vt 0.409350 0.086328
vt 0.641072 0.606615
vt 0.648551 0.597491
vt 0.661425 0.592209
vt 0.621832 0.695982
vt 0.627967 0.604576
vt 0.434668 0.084436
vt 0.847748 0.701764
vt 0.862422 0.623767
vt 0.891469 0.637276
vt 0.615170 0.631098
vt 0.619472 0.618617
vt 0.623230 0.611573
vt 0.827203 0.690856
vt 0.437834 0.610944
vt 0.429403 0.613343
vt 0.424489 0.607451
vt 0.454389 0.082382
vt 0.816949 0.675801
vt 0.838210 0.628434
vt 0.591873 0.640853
vt 0.592658 0.631755
vt 0.610498 0.616478
vt 0.805980 0.634589
vt 0.808313 0.654867
vt 0.482199 0.081229
vt 0.581351 0.640114
vt 0.561220 0.655616
vt 0.500138 0.605895
vt 0.485179 0.609851
vt 0.475084 0.608349
vt 0.584929 0.686471
vt 0.507727 0.080617
vt 0.549720 0.665794
vt 0.544800 0.672575
vt 0.535164 0.682957
vt 0.537677 0.604468
vt 0.515217 0.604868
vt 0.522980 0.601708
vt 0.536589 0.598126
vt 0.567673 0.083805
vt 0.631336 0.088906
vt 0.663118 0.094020
vt 0.686224 0.098105
vt 0.708423 0.103240
vt 0.753200 0.114458
vt 0.770382 0.120637
vt 0.319431 0.823708
vt 0.378113 0.842409
vt 0.313369 0.835243
vt 0.799274 0.128278
vt 0.823152 0.135069
vt 0.844587 0.142214
vt 0.874160 0.152486
vt 0.885954 0.157268
vt 0.906521 0.167816
vt 0.925882 0.177707
vt 0.954022 0.195096
vt 0.557743 0.852379
vt 0.539652 0.852564
vt 0.969179 0.206023
vt 0.139847 0.066556
vt 0.135578 0.522695
vt 0.608057 0.842094
vt 0.014952 0.062292
vt 0.012304 0.089670
vt 0.002970 0.270400
vt 0.009084 0.256465
vt 0.024310 0.052897
vt 0.017814 0.123095
vt 0.005530 0.308829
vt 0.030928 0.049990
vt 0.014055 0.317781
vt 0.015916 0.245607
vt 0.028473 0.229224
vt 0.024280 0.321992
vt 0.042795 0.047020
vt 0.004265 0.088721
vt 0.004048 0.070470
vt 0.002594 0.079730
vt 0.053447 0.052584
vt 0.142654 0.969995
vt 0.153409 0.970907
vt 0.151510 0.966963
vt 0.036699 0.317643
vt 0.051336 0.206005
vt 0.039417 0.218459
vt 0.072726 0.334617
vt 0.071130 0.337086
vt 0.064631 0.325563
vt 0.053874 0.303289
vt 0.136295 0.359041
vt 0.146445 0.361052
vt 0.080304 0.079504
vt 0.120943 0.358481
vt 0.085575 0.086282
vt 0.096060 0.101415
vt 0.722023 0.391076
vt 0.720099 0.393402
vt 0.710940 0.391026
vt 0.954290 0.128568
vt 0.952962 0.123357
vt 0.962958 0.127391
vt 0.101180 0.107061
vt 0.938829 0.121777
vt 0.948031 0.126815
vt 0.111705 0.120858
vt 0.125133 0.134361
vt 0.508058 0.023185
vt 0.515875 0.020228
vt 0.520304 0.022583
vt 0.537238 0.024505
vt 0.025287 0.948225
vt 0.025918 0.941456
vt 0.022314 0.943138
vt 0.816793 0.771150
vt 0.990995 0.362172
vt 0.971038 0.362426
vt 0.975297 0.361377
vt 0.805312 0.777193
vt 0.246107 0.089806
vt 0.255169 0.086300
vt 0.226874 0.103611
vt 0.219466 0.111200
vt 0.027014 0.914600
vt 0.026302 0.899114
vt 0.023128 0.905245
vt 0.254046 0.085202
vt 0.270429 0.121076
vt 0.239058 0.116750
vt 0.618688 0.288462
vt 0.619847 0.285746
vt 0.631014 0.288261
vt 0.276306 0.055222
vt 0.261459 0.074501
vt 0.903307 0.964990
vt 0.866825 0.964990
vt 0.887248 0.962032
vt 0.631878 0.285503
vt 0.272898 0.056824
vt 0.026214 0.887702
vt 0.026739 0.872374
vt 0.024400 0.876603
vt 0.281957 0.036196
vt 0.284432 0.075584
vt 0.292006 0.013751
vt 0.591943 0.007396
vt 0.591943 0.018245
vt 0.590047 0.016767
vt 0.304716 0.119891
vt 0.025973 0.858630
vt 0.022830 0.866674
vt 0.024978 0.845661
vt 0.022245 0.855576
vt 0.299575 0.004831
vt 0.317487 0.000493
vt 0.310008 0.024332
vt 0.920853 0.715483
vt 0.921801 0.724460
vt 0.920853 0.734221
vt 0.302043 0.354521
vt 0.316753 0.349962
vt 0.311989 0.353856
vt 0.345239 0.009542
vt 0.350103 0.092027
vt 0.347806 0.064586
vt 0.332161 0.343705
vt 0.324816 0.347627
vt 0.359379 0.025249
vt 0.330881 0.001485
vt 0.378312 0.054874
vt 0.358771 0.022376
vt 0.369211 0.036029
vt 0.819431 0.943816
vt 0.833183 0.941962
vt 0.830440 0.945266
vt 0.384983 0.064491
vt 0.686027 0.605448
vt 0.396671 0.087761
vt 0.416723 0.610747
vt 0.413098 0.614832
vt 0.408057 0.612745
vt 0.440031 0.614892
vt 0.461102 0.608936
vt 0.470317 0.611180
vt 0.458176 0.611477
vt 0.499580 0.610243
vt 0.537290 0.606868
vt 0.980569 0.063408
vt 0.947500 0.062405
vt 0.921339 0.057925
vt 0.555924 0.614832
vt 0.894197 0.059310
vt 0.857921 0.055635
vt 0.849656 0.090260
vt 0.864863 0.093923
vt 0.847883 0.096678
vt 0.572986 0.321992
vt 0.596682 0.321992
vt 0.591952 0.314103
vt 0.760546 0.048817
vt 0.756473 0.056420
vt 0.732746 0.054057
vt 0.714326 0.052690
vt 0.693766 0.056965
vt 0.683906 0.053570
vt 0.125549 0.602679
vt 0.974846 0.127642
vt 0.473938 0.031347
vt 0.463033 0.035010
vt 0.479755 0.026855
vt 0.499631 0.023780
vt 0.539663 0.017590
vt 0.580873 0.023435
vt 0.559633 0.028143
vt 0.222385 0.414864
vt 0.227866 0.416211
vt 0.229441 0.423236
vt 0.582944 0.032631
vt 0.591442 0.035010
vt 0.602370 0.026113
vt 0.816238 0.953917
vt 0.800621 0.958600
vt 0.810565 0.949009
vt 0.673193 0.881214
vt 0.645381 0.883257
vt 0.648755 0.876274
vt 0.484406 0.336053
vt 0.484858 0.339933
vt 0.476542 0.326178
vt 0.629629 0.872634
vt 0.605510 0.876096
vt 0.602410 0.867914
vt 0.505571 0.357569
vt 0.507614 0.362759
vt 0.495863 0.346239
vt 0.565972 0.870452
vt 0.577592 0.864078
vt 0.969257 0.070513
vt 0.924201 0.067250
vt 0.862299 0.063707
vt 0.825785 0.054955
vt 0.824337 0.063569
vt 0.802279 0.054754
vt 0.793538 0.060363
vt 0.779296 0.054470
vt 0.769061 0.063089
vt 0.719678 0.060232
vt 0.666920 0.061193
vt 0.658581 0.054448
vt 0.641012 0.063510
vt 0.635445 0.054988
vt 0.619303 0.064142
vt 0.603261 0.056133
vt 0.592379 0.066799
vt 0.590350 0.056465
vt 0.572102 0.067396
vt 0.566627 0.056904
vt 0.530332 0.070513
vt 0.157017 0.888135
vt 0.129500 0.915647
vt 0.137383 0.899134
vt 0.106558 0.915167
vt 0.104844 0.929943
vt 0.089751 0.924710
vt 0.113027 0.599898
vt 0.089994 0.937404
vt 0.073108 0.935027
vt 0.135506 0.091397
vt 0.132118 0.069879
vt 0.986863 0.464575
vt 0.978631 0.474327
vt 0.975684 0.456728
vt 0.123333 0.535070
vt 0.999526 0.478197
vt 0.987370 0.480193
vt 0.993725 0.471079
vt 0.903404 0.114762
vt 0.918199 0.113266
vt 0.906335 0.121187
vt 0.515382 0.013860
vt 0.531275 0.010355
vt 0.738896 0.920880
vt 0.717587 0.911163
vt 0.735548 0.904682
vt 0.458956 0.865914
vt 0.432044 0.871484
vt 0.421284 0.868677
vt 0.731378 0.062853
vt 0.695429 0.063108
vt 0.265531 0.884270
vt 0.293817 0.882262
vt 0.264371 0.889006
vt 0.106743 0.573362
vt 0.107467 0.582279
vt 0.103709 0.587607
vt 0.124260 0.519335
vt 0.113605 0.555615
vt 0.119571 0.545673
vt 0.129207 0.067537
vt 0.987306 0.488841
vt 0.187844 0.075857
vt 0.185673 0.079529
vt 0.191523 0.083820
vt 0.122255 0.225345
vt 0.134671 0.227786
vt 0.123148 0.231188
vt 0.192200 0.090950
vt 0.195295 0.091474
vt 0.474513 0.869519
vt 0.385475 0.881252
vt 0.366483 0.873628
vt 0.329227 0.877447
vt 0.330923 0.882235
vt 0.307147 0.891102
vt 0.240365 0.890154
vt 0.219075 0.903711
vt 0.219136 0.893910
vt 0.876650 0.996738
vt 0.847034 0.993694
vt 0.894397 0.987662
vt 0.839076 0.995256
vt 0.823823 0.985634
vt 0.562796 0.875205
vt 0.501672 0.883023
vt 0.520610 0.873020
vt 0.153839 0.227789
vt 0.148323 0.232811
vt 0.178406 0.060948
vt 0.197678 0.069398
vt 0.117900 0.238678
vt 0.120616 0.229455
vt 0.210522 0.082974
vt 0.218780 0.107988
vt 0.217981 0.096290
vt 0.193801 0.909949
vt 0.193055 0.900555
vt 0.177274 0.915944
vt 0.173392 0.905086
vt 0.146389 0.923765
vt 0.949289 0.108974
vt 0.980233 0.097140
vt 0.990995 0.108974
vt 0.092476 0.949308
vt 0.104060 0.592752
vt 0.080082 0.943399
vt 0.124225 0.091114
vt 0.128954 0.081015
vt 0.068825 0.954333
vt 0.124815 0.071169
vt 0.078194 0.961791
vt 0.070149 0.972907
vt 0.057346 0.967802
vt 0.063172 0.984917
vt 0.112484 0.547289
vt 0.187623 0.052665
vt 0.125404 0.244885
vt 0.116829 0.234240
vt 0.111372 0.239221
vt 0.468909 0.010232
vt 0.459361 0.008467
vt 0.469332 0.004826
vt 0.478199 0.014300
vt 0.477032 0.007351
vt 0.473181 0.000493
vt 0.167493 0.924543
vt 0.127563 0.935453
vt 0.113075 0.941993
vt 0.100784 0.583646
vt 0.120205 0.093753
vt 0.116439 0.090934
vt 0.103438 0.573221
vt 0.118332 0.077633
vt 0.978059 0.481113
vt 0.171068 0.048434
vt 0.186044 0.035752
vt 0.162318 0.245058
vt 0.143469 0.248967
vt 0.217718 0.061166
vt 0.112703 0.247278
vt 0.105687 0.243284
vt 0.224499 0.075818
vt 0.959451 0.574789
vt 0.966764 0.576189
vt 0.967870 0.570434
vt 0.224517 0.096885
vt 0.238216 0.905662
vt 0.192928 0.920703
vt 0.149592 0.934278
vt 0.110427 0.094181
vt 0.094546 0.586085
vt 0.084365 0.966683
vt 0.075030 0.984401
vt 0.987865 0.536542
vt 0.978028 0.540339
vt 0.979470 0.529626
vt 0.114371 0.079261
vt 0.171409 0.236844
vt 0.167078 0.232849
vt 0.196794 0.044161
vt 0.211187 0.049172
vt 0.126880 0.249094
vt 0.117634 0.249954
vt 0.227962 0.056903
vt 0.957538 0.582999
vt 0.446392 0.009379
vt 0.431295 0.010034
vt 0.437039 0.003871
vt 0.457401 0.005122
vt 0.987204 0.574156
vt 0.981920 0.582143
vt 0.985842 0.589406
vt 0.454218 0.012363
vt 0.143501 0.945229
vt 0.097795 0.954368
vt 0.092724 0.569922
vt 0.092417 0.578467
vt 0.099552 0.577904
vt 0.173730 0.021943
vt 0.167088 0.044177
vt 0.178816 0.243579
vt 0.199974 0.017463
vt 0.161000 0.250000
vt 0.209238 0.031196
vt 0.222028 0.035161
vt 0.224069 0.048934
vt 0.235516 0.918511
vt 0.259508 0.922844
vt 0.247648 0.935435
vt 0.228214 0.932250
vt 0.194857 0.931089
vt 0.129190 0.945480
vt 0.109896 0.955073
vt 0.386353 0.536099
vt 0.417827 0.543657
vt 0.394033 0.556248
vt 0.551202 0.913886
vt 0.534285 0.939377
vt 0.493977 0.933106
vt 0.177520 0.249954
vt 0.188834 0.017011
vt 0.926844 0.622025
vt 0.937943 0.612450
vt 0.938228 0.608296
vt 0.951353 0.605440
vt 0.949960 0.595958
vt 0.433739 0.014116
vt 0.918678 0.480419
vt 0.882408 0.482153
vt 0.879862 0.471709
vt 0.922841 0.469601
vt 0.143892 0.951857
vt 0.139106 0.957426
vt 0.132291 0.951162
vt 0.933007 0.582581
vt 0.925325 0.579195
vt 0.931067 0.575906
vt 0.939517 0.561690
vt 0.931676 0.559510
vt 0.930100 0.551570
vt 0.939308 0.572877
vt 0.933187 0.566685
vt 0.943273 0.559710
vt 0.187771 0.248278
vt 0.195735 0.244179
vt 0.073375 0.890185
vt 0.063204 0.901874
vt 0.059242 0.899030
vt 0.216050 0.015986
vt 0.226028 0.025056
vt 0.418851 0.010295
vt 0.396966 0.008811
vt 0.418596 0.006102
vt 0.860123 0.350592
vt 0.834597 0.330573
vt 0.863787 0.325937
vt 0.225376 0.945765
vt 0.184154 0.946832
vt 0.911171 0.562063
vt 0.913334 0.551256
vt 0.920325 0.551818
vt 0.148382 0.957734
vt 0.609230 0.966678
vt 0.563299 0.960474
vt 0.580780 0.949691
vt 0.165884 0.018842
vt 0.178667 0.007757
vt 0.083544 0.888099
vt 0.077076 0.894287
vt 0.388131 0.007140
vt 0.388616 0.002207
vt 0.405640 0.013481
vt 0.418397 0.014300
vt 0.266824 0.950753
vt 0.245701 0.946723
vt 0.924690 0.571533
vt 0.924739 0.563614
vt 0.194153 0.000607
vt 0.212219 0.000493
vt 0.227962 0.016829
vt 0.220994 0.004643
vt 0.129384 0.956860
vt 0.132227 0.955128
vt 0.132227 0.965976
vt 0.669668 0.828895
vt 0.671564 0.825765
vt 0.669668 0.817061
vt 0.224171 0.519231
vt 0.209953 0.531544
vt 0.224171 0.545217
vt 0.210900 0.753647
vt 0.202256 0.763807
vt 0.180116 0.752959
vt 0.391531 0.013186
vt 0.379621 0.007448
vt 0.897348 0.833127
vt 0.886869 0.823298
vt 0.883913 0.832138
vt 0.169194 0.566568
vt 0.159716 0.566568
vt 0.168039 0.562012
vt 0.161049 0.559665
vt 0.900662 0.824834
vt 0.895916 0.820390
vt 0.893529 0.814139
vt 0.888676 0.812117
vt 0.881043 0.821960
vt 0.906661 0.816927
vt 0.236493 0.883645
vt 0.240133 0.881732
vt 0.237699 0.870949
vt 0.243128 0.885108
vt 0.901192 0.807049
vt 0.915208 0.808020
vt 0.908712 0.804131
vt 0.916382 0.804722
vt 0.917871 0.800365
vt 0.912578 0.796554
vt 0.714002 0.531053
vt 0.711458 0.526583
vt 0.711938 0.522516
vt 0.983230 0.283984
vt 0.985212 0.287707
vt 0.983793 0.278600
vt 0.929641 0.797636
vt 0.937639 0.784145
vt 0.936286 0.781877
vt 0.798950 0.035142
vt 0.798469 0.022894
vt 0.802383 0.030298
vt 0.879896 0.846035
vt 0.880451 0.829666
vt 0.878187 0.841299
vt 0.911187 0.826923
vt 0.918166 0.819760
vt 0.930742 0.816213
vt 0.924945 0.809965
vt 0.990047 0.301282
vt 0.990047 0.289828
vt 0.981517 0.292386
vt 0.932402 0.806545
vt 0.926988 0.797345
vt 0.938966 0.795160
vt 0.214737 0.755121
vt 0.218927 0.757578
vt 0.214829 0.738166
vt 0.944425 0.770308
vt 0.217588 0.774484
vt 0.220587 0.772788
vt 0.220488 0.792716
vt 0.221927 0.782822
vt 0.224171 0.794640
vt 0.222044 0.797738
vt 0.873015 0.849675
vt 0.899324 0.845587
vt 0.071651 0.717456
vt 0.071781 0.712563
vt 0.062085 0.715132
vt 0.917206 0.835461
vt 0.914751 0.830808
vt 0.923208 0.825843
vt 0.197366 0.341399
vt 0.222045 0.354896
vt 0.201532 0.350472
vt 0.933958 0.823464
vt 0.939971 0.813474
vt 0.945820 0.799465
vt 0.950647 0.781603
vt 0.952150 0.762869
vt 0.950158 0.754017
vt 0.955800 0.746949
vt 0.215461 0.783204
vt 0.217214 0.794161
vt 0.219309 0.805319
vt 0.222143 0.804807
vt 0.224171 0.808185
vt 0.781517 0.015130
vt 0.785364 0.012095
vt 0.783579 0.020052
vt 0.267256 0.983848
vt 0.247072 0.999507
vt 0.246866 0.979337
vt 0.878924 0.860089
vt 0.870767 0.862223
vt 0.903095 0.862803
vt 0.227592 0.361339
vt 0.246466 0.361440
vt 0.381517 0.993427
vt 0.362634 0.993590
vt 0.372679 0.989537
vt 0.919567 0.851200
vt 0.942490 0.830444
vt 0.953037 0.803618
vt 0.957306 0.783154
vt 0.967866 0.760932
vt 0.960662 0.750171
vt 0.969344 0.732249
vt 0.213072 0.803343
vt 0.216080 0.808019
vt 0.783481 0.006476
vt 0.872028 0.876288
vt 0.867773 0.873441
vt 0.880587 0.876532
vt 0.826082 0.358481
vt 0.806801 0.340176
vt 0.843128 0.349334
vt 0.828453 0.335469
vt 0.771323 0.325353
vt 0.800432 0.321561
vt 0.807933 0.310158
vt 0.965381 0.859207
vt 0.953732 0.838169
vt 0.941159 0.842642
vt 0.760669 0.364768
vt 0.754272 0.369224
vt 0.744479 0.364398
vt 0.968146 0.855342
vt 0.970775 0.839155
vt 0.743790 0.369329
vt 0.728036 0.365056
vt 0.972939 0.818089
vt 0.960364 0.816266
vt 0.733063 0.369136
vt 0.975263 0.823115
vt 0.723492 0.369224
vt 0.977517 0.811255
vt 0.716114 0.365762
vt 0.967530 0.788749
vt 0.978728 0.801128
vt 0.978230 0.793938
vt 0.972820 0.777355
vt 0.975177 0.766396
vt 0.973137 0.747789
vt 0.054502 0.767751
vt 0.045768 0.763807
vt 0.052198 0.764567
vt 0.209953 0.803969
vt 0.871042 0.886948
vt 0.868205 0.885579
vt 0.927427 0.890644
vt 0.918793 0.874346
vt 0.933467 0.871262
vt 0.812014 0.353344
vt 0.983905 0.882367
vt 0.980154 0.870235
vt 0.966620 0.880923
vt 0.967469 0.869319
vt 0.778553 0.346916
vt 0.778036 0.358481
vt 0.760664 0.357757
vt 0.763628 0.343720
vt 0.765873 0.346286
vt 0.961283 0.878604
vt 0.967613 0.862773
vt 0.236748 0.246593
vt 0.228042 0.252558
vt 0.221317 0.252594
vt 0.767299 0.368456
vt 0.017041 0.852564
vt 0.015640 0.844844
vt 0.020379 0.845005
vt 0.015863 0.833620
vt 0.020379 0.834541
vt 0.982290 0.791085
vt 0.017376 0.823964
vt 0.983638 0.782216
vt 0.810900 0.368132
vt 0.807427 0.371302
vt 0.802176 0.366371
vt 0.793894 0.371043
vt 0.792730 0.367441
vt 0.982186 0.772480
vt 0.823842 0.857160
vt 0.816716 0.855523
vt 0.816415 0.859467
vt 0.980146 0.756377
vt 0.979614 0.747370
vt 0.808057 0.856859
vt 0.036493 0.767751
vt 0.874472 0.899500
vt 0.883889 0.896826
vt 0.869375 0.895927
vt 0.972962 0.904108
vt 0.947774 0.901210
vt 0.984360 0.897441
vt 0.268531 0.239609
vt 0.251484 0.244502
vt 0.263762 0.239152
vt 0.249614 0.241698
vt 0.787712 0.369635
vt 0.984360 0.767333
vt 0.827962 0.859467
vt 0.877985 0.913572
vt 0.871345 0.901350
vt 0.913738 0.909443
vt 0.980651 0.914712
vt 0.981592 0.920877
vt 0.983720 0.902342
vt 0.286437 0.239270
vt 0.269711 0.241605
vt 0.876841 0.917357
vt 0.872520 0.909264
vt 0.930102 0.920173
vt 0.892878 0.918573
vt 0.102504 0.658050
vt 0.097554 0.634615
vt 0.111907 0.644642
vt 0.080095 0.663215
vt 0.979071 0.929780
vt 0.965830 0.936401
vt 0.286482 0.240958
vt 0.254280 0.313425
vt 0.283763 0.339919
vt 0.255523 0.346856
vt 0.895356 0.935582
vt 0.884578 0.930975
vt 0.116114 0.663215
vt 0.883207 0.930927
vt 0.228910 0.123477
vt 0.214280 0.122781
vt 0.223371 0.125597
vt 0.307184 0.241550
vt 0.311007 0.243704
vt 0.295337 0.239275
vt 0.974827 0.941543
vt 0.937040 0.955380
vt 0.907107 0.947490
vt 0.889509 0.940213
vt 0.963496 0.949191
vt 0.884834 0.679980
vt 0.894347 0.677022
vt 0.896209 0.679980
vt 0.965447 0.956650
vt 0.973261 0.945775
vt 0.941534 0.961045
vt 0.928566 0.956391
vt 0.955725 0.959888
vt 0.045972 0.832991
vt 0.049113 0.810190
vt 0.050016 0.812172
vt 0.061648 0.781323
vt 0.061578 0.787838
vt 0.070482 0.769576
vt 0.077009 0.765699
vt 0.079321 0.762087
vt 0.056335 0.840245
vt 0.068423 0.797921
vt 0.050219 0.844847
vt 0.322936 0.561125
vt 0.074466 0.773107
vt 0.079180 0.780013
vt 0.677251 0.047236
vt 0.689271 0.044872
vt 0.686237 0.048817
vt 0.077297 0.812719
vt 0.073657 0.865045
vt 0.087974 0.759236
vt 0.092401 0.773182
vt 0.695650 0.046990
vt 0.713844 0.046175
vt 0.702011 0.048007
vt 0.097930 0.846647
vt 0.092921 0.813564
vt 0.097918 0.759565
vt 0.097098 0.756929
vt 0.102998 0.754762
vt 0.110653 0.765808
vt 0.710749 0.048035
vt 0.414692 0.859467
vt 0.087613 0.868662
vt 0.108495 0.825052
vt 0.111480 0.753161
vt 0.106399 0.854339
vt 0.107207 0.872288
vt 0.141706 0.044872
vt 0.721251 0.048817
vt 0.728436 0.046557
vt 0.126260 0.846045
vt 0.125078 0.859273
vt 0.123843 0.872034
vt 0.920005 0.390229
vt 0.920614 0.401378
vt 0.929060 0.397296
vt 0.926142 0.384172
vt 0.920796 0.383677
vt 0.926558 0.374572
vt 0.129109 0.751972
vt 0.134150 0.752245
vt 0.267385 0.550789
vt 0.252875 0.557919
vt 0.137861 0.782129
vt 0.137683 0.794412
vt 0.147543 0.839129
vt 0.139466 0.868089
vt 0.148236 0.853079
vt 0.139306 0.871124
vt 0.150825 0.869438
vt 0.935302 0.422725
vt 0.923549 0.416368
vt 0.920255 0.423411
vt 0.936383 0.412378
vt 0.919905 0.417417
vt 0.920424 0.409447
vt 0.936909 0.385675
vt 0.149108 0.756781
vt 0.149780 0.758308
vt 0.156644 0.774536
vt 0.240207 0.561530
vt 0.161185 0.761264
vt 0.153237 0.806240
vt 0.233756 0.567277
vt 0.161932 0.837069
vt 0.159496 0.866398
vt 0.162799 0.853215
vt 0.161757 0.870233
vt 0.178814 0.854719
vt 0.173277 0.869547
vt 0.183868 0.870776
vt 0.192342 0.854796
vt 0.196522 0.844614
vt 0.195477 0.872288
vt 0.204129 0.854803
vt 0.205213 0.870284
vt 0.945864 0.430090
vt 0.157207 0.763672
vt 0.161290 0.794825
vt 0.164780 0.812637
vt 0.171075 0.804959
vt 0.165981 0.821898
vt 0.169761 0.828996
vt 0.175176 0.834523
vt 0.185739 0.836852
vt 0.954186 0.441321
vt 0.123788 0.633836
vt 0.672914 0.375247
vt 0.664929 0.380177
vt 0.675355 0.380177
vt 0.167390 0.767909
vt 0.175567 0.774710
vt 0.984360 0.162739
vt 0.989100 0.162505
vt 0.985859 0.153353
vt 0.171903 0.792952
vt 0.985388 0.172321
vt 0.989018 0.174631
vt 0.989100 0.181478
vt 0.167246 0.820417
vt 0.171611 0.807308
vt 0.079147 0.752959
vt 0.153470 0.618430
vt 0.132671 0.620413
vt 0.125768 0.627880
vt 0.944967 0.018658
vt 0.679879 0.329861
vt 0.682125 0.334160
vt 0.678418 0.336845
vt 0.682938 0.349883
vt 0.677019 0.362846
vt 0.678926 0.355256
vt 0.177886 0.770870
vt 0.174698 0.801958
vt 0.180165 0.787799
vt 0.987237 0.188856
vt 0.184411 0.796791
vt 0.181744 0.802894
vt 0.209257 0.581469
vt 0.284001 0.753770
vt 0.275106 0.756880
vt 0.271221 0.746808
vt 0.135441 0.610690
vt 0.127967 0.615341
vt 0.663222 0.324142
vt 0.183556 0.773003
vt 0.185001 0.780355
vt 0.193084 0.788642
vt 0.192711 0.783408
vt 0.189492 0.776362
vt 0.190422 0.802164
vt 0.120033 0.391026
vt 0.121801 0.395957
vt 0.112322 0.395957
vt 0.193449 0.779941
vt 0.274408 0.224359
vt 0.274408 0.228304
vt 0.269668 0.225535
vt 0.196753 0.798435
vt 0.097737 0.705621
vt 0.097156 0.711538
vt 0.101896 0.711538
vt 0.309071 0.751791
vt 0.157574 0.606445
vt 0.655529 0.299310
vt 0.665281 0.305674
vt 0.659575 0.306423
vt 0.670865 0.314083
vt 0.668406 0.342674
vt 0.670647 0.360209
vt 0.667636 0.370316
vt 0.661589 0.370290
vt 0.206626 0.577137
vt 0.202856 0.575710
vt 0.657484 0.352001
vt 0.652252 0.363184
vt 0.040801 0.615915
vt 0.643858 0.299755
vt 0.647856 0.304029
vt 0.650638 0.330025
vt 0.636845 0.310388
vt 0.635587 0.352660
vt 0.633851 0.309509
vt 0.639504 0.325150
vt 0.627568 0.329365
vt 0.613989 0.354442
vt 0.608583 0.367536
vt 0.609953 0.846647
vt 0.622497 0.318267
vt 0.615761 0.339993
vt 0.593157 0.359753
vt 0.586188 0.367217
vt 0.774882 0.647912
vt 0.459039 0.680231
vt 0.616761 0.324225
vt 0.599339 0.337475
vt 0.576777 0.362519
vt 0.259655 0.814983
vt 0.262134 0.809172
vt 0.267700 0.817160
vt 0.463838 0.834139
vt 0.742261 0.639546
vt 0.590213 0.679689
vt 0.759716 0.095400
vt 0.792582 0.082347
vt 0.793766 0.090983
vt 0.837286 0.082666
vt 0.611145 0.323269
vt 0.607376 0.327316
vt 0.587914 0.348809
vt 0.108009 0.617425
vt 0.253768 0.820371
vt 0.431846 0.835444
vt 0.531060 0.280812
vt 0.053555 0.678008
vt 0.854811 0.082365
vt 0.847867 0.768738
vt 0.847867 0.783531
vt 0.836493 0.779748
vt 0.698104 0.382150
vt 0.864985 0.083417
vt 0.867299 0.090885
vt 0.599858 0.329700
vt 0.593907 0.331947
vt 0.587509 0.341899
vt 0.229830 0.820124
vt 0.252624 0.816222
vt 0.255440 0.828796
vt 0.272606 0.832131
vt 0.452997 0.846946
vt 0.479165 0.849023
vt 0.508570 0.851085
vt 0.590329 0.847936
vt 0.108612 0.359368
vt 0.100000 0.363412
vt 0.026739 0.933137
vt 0.024371 0.922204
vt 0.719229 0.657324
vt 0.728773 0.663119
vt 0.715057 0.652340
vt 0.855152 0.940335
vt 0.849132 0.942400
vt 0.634731 0.598798
vt 0.783695 0.100291
vt 0.805482 0.098844
vt 0.424055 0.845568
vt 0.862669 0.858481
vt 0.862669 0.903846
vt 0.000474 0.287438
vt 0.024647 0.349805
vt 0.025252 0.342920
vt 0.031966 0.329176
vt 0.004048 0.106016
vt 0.002774 0.096840
vt 0.002370 0.066568
vt 0.138949 0.097140
vt 0.142654 0.099112
vt 0.126643 0.098746
vt 0.157820 0.969995
vt 0.079663 0.342798
vt 0.935146 0.124689
vt 0.920166 0.123552
vt 0.920286 0.120107
vt 0.907684 0.124126
vt 0.891711 0.125289
vt 0.021850 0.933192
vt 0.536152 0.282974
vt 0.907583 0.963766
vt 0.607109 0.288261
vt 0.022640 0.894662
vt 0.639336 0.286466
vt 0.072123 0.302880
vt 0.092403 0.299310
vt 0.093529 0.300960
vt 0.341357 0.340542
vt 0.339934 0.343465
vt 0.351509 0.335860
vt 0.350233 0.339684
vt 0.357560 0.333640
vt 0.366489 0.326320
vt 0.368358 0.329032
vt 0.375597 0.320722
vt 0.851841 0.945266
vt 0.864929 0.941924
vt 0.397571 0.294080
vt 0.402096 0.289124
vt 0.400801 0.294130
vt 0.412060 0.285503
vt 0.408293 0.290102
vt 0.778848 0.614892
vt 0.779621 0.602352
vt 0.775829 0.602999
vt 0.778848 0.587278
vt 0.517828 0.609225
vt 0.763104 0.101866
vt 0.763444 0.099571
vt 0.867008 0.097742
vt 0.217926 0.819675
vt 0.216588 0.826629
vt 0.320527 0.838583
vt 0.004265 0.578094
vt 0.004653 0.558127
vt 0.011722 0.563865
vt 0.005160 0.549238
vt 0.011035 0.544715
vt 0.015972 0.517731
vt 0.008075 0.530341
vt 0.027400 0.382185
vt 0.023342 0.367238
vt 0.025601 0.363593
vt 0.034221 0.334321
vt 0.032844 0.393996
vt 0.012548 0.588667
vt 0.035474 0.526529
vt 0.042201 0.322194
vt 0.029947 0.597140
vt 0.018348 0.593180
vt 0.023430 0.511691
vt 0.041716 0.402176
vt 0.042618 0.412582
vt 0.053401 0.327778
vt 0.052877 0.319198
vt 0.051117 0.419821
vt 0.061848 0.439686
vt 0.051712 0.425314
vt 0.041556 0.594157
vt 0.056757 0.584669
vt 0.056048 0.580094
vt 0.114218 0.099112
vt 0.068048 0.441489
vt 0.064504 0.448164
vt 0.084299 0.352180
vt 0.072598 0.571396
vt 0.076782 0.563297
vt 0.728436 0.393984
vt 0.703791 0.393984
vt 0.095126 0.544610
vt 0.108162 0.532556
vt 0.100943 0.541635
vt 0.891406 0.116978
vt 0.152633 0.434623
vt 0.155201 0.426768
vt 0.171190 0.429753
vt 0.174328 0.437976
vt 0.191601 0.432518
vt 0.217582 0.434256
vt 0.220571 0.441806
vt 0.225086 0.409585
vt 0.850388 0.920360
vt 0.848565 0.914400
vt 0.855571 0.921979
vt 0.986650 0.358481
vt 0.233539 0.432901
vt 0.238896 0.432149
vt 0.020379 0.913419
vt 0.831097 0.899285
vt 0.245159 0.432831
vt 0.822757 0.895202
vt 0.806312 0.902727
vt 0.960663 0.362172
vt 0.067301 0.307165
vt 0.052607 0.309172
vt 0.807407 0.865274
vt 0.817585 0.883114
vt 0.826150 0.929884
vt 0.102844 0.309172
vt 0.786046 0.812497
vt 0.792915 0.821600
vt 0.800173 0.844464
vt 0.771169 0.821962
vt 0.770578 0.922797
vt 0.791560 0.935992
vt 0.777903 0.809559
vt 0.738567 0.893232
vt 0.294166 0.360437
vt 0.300038 0.366049
vt 0.756055 0.806621
vt 0.769109 0.806213
vt 0.745577 0.813213
vt 0.752330 0.913848
vt 0.754384 0.930341
vt 0.741217 0.812457
vt 0.716260 0.839248
vt 0.706271 0.893104
vt 0.727163 0.823899
vt 0.715893 0.896725
vt 0.359892 0.340112
vt 0.715969 0.836404
vt 0.697143 0.870501
vt 0.385091 0.318367
vt 0.390756 0.306039
vt 0.698422 0.862784
vt 0.692561 0.888143
vt 0.685399 0.884357
vt 0.423844 0.286899
vt 0.442272 0.294290
vt 0.438852 0.289742
vt 0.445630 0.300653
vt 0.455794 0.304615
vt 0.461948 0.314013
vt 0.517028 0.372520
vt 0.531785 0.385427
vt 0.525107 0.382685
vt 0.530798 0.391762
vt 0.785650 0.107988
vt 0.844193 0.105833
vt 0.221375 0.832787
vt 0.237833 0.836797
vt 0.792155 0.409906
vt 0.835535 0.418379
vt 0.798420 0.422302
vt 0.840979 0.429708
vt 0.862656 0.423733
vt 0.871530 0.436685
vt 0.887020 0.429573
vt 0.914231 0.436181
vt 0.942838 0.443617
vt 0.940736 0.454533
vt 0.959194 0.449310
vt 0.955788 0.461724
vt 0.055588 0.375278
vt 0.052380 0.349997
vt 0.037636 0.541014
vt 0.034002 0.570849
vt 0.060052 0.404676
vt 0.060767 0.504435
vt 0.047745 0.572269
vt 0.055946 0.545880
vt 0.075729 0.508345
vt 0.035384 0.498522
vt 0.075080 0.382256
vt 0.072110 0.354996
vt 0.046543 0.490883
vt 0.076791 0.401656
vt 0.063260 0.559852
vt 0.062170 0.469671
vt 0.077672 0.427276
vt 0.072863 0.486766
vt 0.094593 0.383278
vt 0.082107 0.468406
vt 0.066497 0.459968
vt 0.079663 0.547303
vt 0.090942 0.483137
vt 0.963206 0.115316
vt 0.990047 0.129684
vt 0.083405 0.557402
vt 0.095874 0.528917
vt 0.940864 0.113058
vt 0.111088 0.513421
vt 0.469771 0.018196
vt 0.479394 0.017951
vt 0.492309 0.011211
vt 0.487969 0.026404
vt 0.502052 0.011857
vt 0.192833 0.440686
vt 0.233503 0.412883
vt 0.231176 0.401964
vt 0.241136 0.402440
vt 0.245664 0.440455
vt 0.239548 0.420639
vt 0.246887 0.390382
vt 0.252755 0.410813
vt 0.253833 0.392092
vt 0.258547 0.424167
vt 0.252117 0.383606
vt 0.825755 0.961253
vt 0.836359 0.968488
vt 0.824654 0.976017
vt 0.258279 0.431759
vt 0.261085 0.378525
vt 0.268892 0.416551
vt 0.273345 0.389843
vt 0.269393 0.435773
vt 0.277719 0.376104
vt 0.280968 0.429750
vt 0.269226 0.400149
vt 0.284296 0.364342
vt 0.801832 0.943795
vt 0.306061 0.419990
vt 0.306418 0.397779
vt 0.777397 0.940124
vt 0.303837 0.427056
vt 0.305576 0.374815
vt 0.028568 0.663215
vt 0.052607 0.667103
vt 0.039883 0.675049
vt 0.326624 0.360037
vt 0.321735 0.423951
vt 0.014692 0.675049
vt 0.331503 0.377513
vt 0.342738 0.417536
vt 0.321315 0.434608
vt 0.349125 0.349200
vt 0.347436 0.419845
vt 0.363701 0.408018
vt 0.369730 0.389233
vt 0.373426 0.348612
vt 0.364066 0.431607
vt 0.369470 0.339964
vt 0.367518 0.416589
vt 0.701065 0.902301
vt 0.380389 0.414700
vt 0.393481 0.412092
vt 0.398832 0.316209
vt 0.403980 0.422217
vt 0.403801 0.304093
vt 0.414429 0.406764
vt 0.385564 0.365222
vt 0.679026 0.891020
vt 0.412558 0.296736
vt 0.430549 0.361019
vt 0.430199 0.296563
vt 0.438787 0.402540
vt 0.441772 0.309179
vt 0.460721 0.335827
vt 0.456386 0.318201
vt 0.462524 0.396450
vt 0.455181 0.387895
vt 0.470579 0.332774
vt 0.468462 0.345753
vt 0.482556 0.394361
vt 0.487320 0.353165
vt 0.484024 0.386749
vt 0.507743 0.393482
vt 0.495955 0.404498
vt 0.503575 0.368265
vt 0.514746 0.381654
vt 0.512192 0.384249
vt 0.520378 0.392469
vt 0.553271 0.395041
vt 0.870723 0.107988
vt 0.871041 0.103434
vt 0.873460 0.101382
vt 0.657534 0.401652
vt 0.674181 0.393517
vt 0.674227 0.405507
vt 0.690863 0.395954
vt 0.724374 0.410145
vt 0.737220 0.402034
vt 0.756111 0.414382
vt 0.901422 0.444135
vt 0.967891 0.466072
vt 0.060464 0.945851
vt 0.094968 0.408457
vt 0.090456 0.513638
vt 0.094818 0.451967
vt 0.106439 0.441543
vt 0.109898 0.402033
vt 0.104422 0.496297
vt 0.107435 0.483140
vt 0.119277 0.439565
vt 0.116138 0.420408
vt 0.109822 0.463256
vt 0.120751 0.493095
vt 0.126472 0.457663
vt 0.128048 0.418083
vt 0.124122 0.482425
vt 0.131552 0.432829
vt 0.133049 0.501337
vt 0.141477 0.426302
vt 0.145116 0.483841
vt 0.153742 0.440158
vt 0.922750 0.982216
vt 0.932227 0.980698
vt 0.922193 0.997815
vt 0.886687 0.109961
vt 0.910869 0.993512
vt 0.909561 0.982710
vt 0.870869 0.123467
vt 0.853554 0.123395
vt 0.853569 0.129684
vt 0.586534 0.020064
vt 0.189933 0.446180
vt 0.226252 0.449201
vt 0.249801 0.456871
vt 0.263655 0.444734
vt 0.287136 0.391130
vt 0.767375 0.939671
vt 0.391961 0.431007
vt 0.412984 0.381120
vt 0.671928 0.894889
vt 0.633512 0.886702
vt 0.440631 0.413656
vt 0.462318 0.412455
vt 0.488420 0.366933
vt 0.849763 0.834813
vt 0.819779 0.834813
vt 0.846775 0.826936
vt 0.605777 0.884619
vt 0.537225 0.404942
vt 0.520933 0.866960
vt 0.568597 0.404041
vt 0.611741 0.401135
vt 0.608703 0.405786
vt 0.638179 0.405493
vt 0.641072 0.410988
vt 0.249097 0.841240
vt 0.255320 0.840462
vt 0.160559 0.469141
vt 0.152852 0.448868
vt 0.158712 0.459259
vt 0.901792 0.999507
vt 0.166980 0.484004
vt 0.182562 0.458118
vt 0.222516 0.459941
vt 0.840347 0.982095
vt 0.274439 0.454647
vt 0.806229 0.976532
vt 0.315773 0.450487
vt 0.749994 0.939557
vt 0.356885 0.438062
vt 0.800988 0.121795
vt 0.783412 0.120790
vt 0.823955 0.114892
vt 0.716262 0.918008
vt 0.825118 0.121795
vt 0.687228 0.908206
vt 0.646783 0.904400
vt 0.801422 0.822799
vt 0.501412 0.410747
vt 0.558679 0.886893
vt 0.554655 0.410561
vt 0.607872 0.418278
vt 0.242840 0.852564
vt 0.253184 0.846026
vt 0.677837 0.412158
vt 0.728420 0.422247
vt 0.782436 0.428451
vt 0.848697 0.441898
vt 0.892095 0.452468
vt 0.938482 0.462599
vt 0.967153 0.475186
vt 0.190484 0.474192
vt 0.193259 0.489351
vt 0.218090 0.475975
vt 0.233311 0.492824
vt 0.246034 0.469536
vt 0.251830 0.493550
vt 0.821255 0.996162
vt 0.274246 0.467872
vt 0.800254 0.981927
vt 0.759893 0.956797
vt 0.733534 0.941015
vt 0.351260 0.445789
vt 0.711473 0.930455
vt 0.686759 0.918579
vt 0.431580 0.423326
vt 0.835684 0.812130
vt 0.611432 0.902395
vt 0.431943 0.884082
vt 0.645744 0.416848
vt 0.402011 0.885964
vt 0.319441 0.894787
vt 0.273694 0.902114
vt 0.265672 0.481121
vt 0.792219 0.991549
vt 0.280987 0.502208
vt 0.318268 0.499784
vt 0.303845 0.485413
vt 0.749608 0.965925
vt 0.315611 0.472375
vt 0.320838 0.534750
vt 0.316107 0.513933
vt 0.324108 0.464521
vt 0.353931 0.456834
vt 0.397800 0.447492
vt 0.437082 0.438341
vt 0.645270 0.923624
vt 0.478968 0.429322
vt 0.602887 0.927448
vt 0.497974 0.422956
vt 0.524189 0.425513
vt 0.562590 0.917222
vt 0.549346 0.422182
vt 0.520069 0.906826
vt 0.598823 0.425980
vt 0.465593 0.900936
vt 0.651353 0.421026
vt 0.012796 0.041913
vt 0.013744 0.050072
vt 0.012796 0.059665
vt 0.678614 0.427058
vt 0.676064 0.418643
vt 0.371992 0.907497
vt 0.344174 0.917406
vt 0.772876 0.436507
vt 0.800973 0.441590
vt 0.837312 0.449614
vt 0.544550 0.341375
vt 0.544550 0.304241
vt 0.527488 0.321159
vt 0.954199 0.475038
vt 0.942272 0.474948
vt 0.105528 0.557544
vt 0.966430 0.486688
vt 0.977526 0.491959
vt 0.984902 0.494369
vt 0.338373 0.489758
vt 0.342915 0.524665
vt 0.346250 0.473822
vt 0.347595 0.507315
vt 0.706146 0.956654
vt 0.396179 0.478231
vt 0.681895 0.943470
vt 0.416453 0.466052
vt 0.648628 0.945264
vt 0.489456 0.909806
vt 0.629352 0.430994
vt 0.439462 0.908756
vt 0.660412 0.422832
vt 0.415867 0.908365
vt 0.975047 0.567929
vt 0.979620 0.574767
vt 0.983310 0.564596
vt 0.728898 0.433352
vt 0.533535 0.345661
vt 0.859816 0.458041
vt 0.890934 0.461287
vt 0.093566 0.563537
vt 0.974658 0.529776
vt 0.963101 0.530147
vt 0.970112 0.518493
vt 0.975496 0.503103
vt 0.376592 0.493814
vt 0.363441 0.551157
vt 0.675854 0.956379
vt 0.436480 0.456943
vt 0.475157 0.447789
vt 0.494117 0.441483
vt 0.524079 0.438910
vt 0.582341 0.436631
vt 0.632033 0.439052
vt 0.956325 0.588717
vt 0.968805 0.589256
vt 0.977580 0.593637
vt 0.677400 0.436788
vt 0.714352 0.440761
vt 0.783008 0.447230
vt 0.315009 0.933324
vt 0.895261 0.355523
vt 0.855450 0.359304
vt 0.860747 0.387810
vt 0.895261 0.392998
vt 0.840009 0.462308
vt 0.176122 0.934370
vt 0.953435 0.490643
vt 0.093829 0.967516
vt 0.086449 0.982619
vt 0.968306 0.545317
vt 0.966161 0.500509
vt 0.389533 0.514365
vt 0.608078 0.945928
vt 0.563836 0.943391
vt 0.553405 0.442963
vt 0.161611 0.035799
vt 0.602005 0.445307
vt 0.649792 0.448932
vt 0.981613 0.604834
vt 0.985646 0.610747
vt 0.678178 0.447592
vt 0.705062 0.452074
vt 0.762212 0.452925
vt 0.805162 0.460349
vt 0.287487 0.936849
vt 0.162505 0.943348
vt 0.942539 0.487111
vt 0.117863 0.956623
vt 0.944896 0.574987
vt 0.106825 0.967337
vt 0.953402 0.563607
vt 0.957089 0.540636
vt 0.952516 0.521198
vt 0.959284 0.516131
vt 0.954581 0.510791
vt 0.839337 0.868343
vt 0.854502 0.868343
vt 0.845834 0.867357
vt 0.963031 0.509286
vt 0.954596 0.553259
vt 0.965081 0.560799
vt 0.431444 0.518918
vt 0.447230 0.505006
vt 0.436220 0.486266
vt 0.462635 0.555955
vt 0.467021 0.469909
vt 0.492865 0.464793
vt 0.528094 0.460969
vt 0.560034 0.459134
vt 0.593077 0.455763
vt 0.631614 0.462654
vt 0.929959 0.625805
vt 0.447078 0.932613
vt 0.890885 0.331353
vt 0.908531 0.350592
vt 0.969118 0.621793
vt 0.415847 0.926765
vt 0.670437 0.466422
vt 0.349289 0.845882
vt 0.347156 0.864398
vt 0.284401 0.864398
vt 0.711667 0.465991
vt 0.686495 0.476647
vt 0.305670 0.839744
vt 0.276766 0.846893
vt 0.743482 0.464742
vt 0.777500 0.465088
vt 0.754283 0.474371
vt 0.809216 0.473955
vt 0.828085 0.468826
vt 0.832179 0.478577
vt 0.853999 0.483393
vt 0.159420 0.952801
vt 0.910962 0.487007
vt 0.151719 0.956913
vt 0.916917 0.578359
vt 0.913305 0.578832
vt 0.910262 0.571922
vt 0.916886 0.559097
vt 0.925741 0.555093
vt 0.926893 0.545586
vt 0.918185 0.497193
vt 0.943510 0.497232
vt 0.937936 0.550912
vt 0.937192 0.531403
vt 0.926399 0.510613
vt 0.939723 0.518495
vt 0.952922 0.500048
vt 0.454572 0.534980
vt 0.479357 0.491218
vt 0.521339 0.480256
vt 0.563848 0.471139
vt 0.092379 0.888067
vt 0.090503 0.890691
vt 0.580480 0.485654
vt 0.595280 0.468874
vt 0.609195 0.490387
vt 0.924645 0.641053
vt 0.942592 0.647493
vt 0.624589 0.469157
vt 0.958608 0.638625
vt 0.623719 0.490638
vt 0.380816 0.004794
vt 0.980899 0.618177
vt 0.985579 0.626746
vt 0.638198 0.497307
vt 0.417311 0.945202
vt 0.668066 0.487803
vt 0.655459 0.494946
vt 0.691253 0.487408
vt 0.700892 0.484412
vt 0.696595 0.488547
vt 0.249013 0.033513
vt 0.253554 0.037968
vt 0.253132 0.033727
vt 0.711531 0.484486
vt 0.891300 0.032513
vt 0.889194 0.035996
vt 0.888377 0.029737
vt 0.878276 0.035957
vt 0.871335 0.035280
vt 0.736643 0.490281
vt 0.718087 0.486258
vt 0.724496 0.488798
vt 0.864374 0.034239
vt 0.851803 0.034905
vt 0.847661 0.029350
vt 0.833716 0.033607
vt 0.245972 0.857879
vt 0.753759 0.494454
vt 0.765904 0.491406
vt 0.777175 0.486917
vt 0.791105 0.486042
vt 0.797934 0.479527
vt 0.816592 0.492276
vt 0.227260 0.953445
vt 0.220938 0.963277
vt 0.189157 0.956930
vt 0.888615 0.494815
vt 0.161293 0.967669
vt 0.902383 0.570860
vt 0.909033 0.511419
vt 0.917527 0.567488
vt 0.918993 0.531940
vt 0.476199 0.524996
vt 0.488494 0.510267
vt 0.514395 0.554382
vt 0.508090 0.568585
vt 0.528495 0.496884
vt 0.529090 0.957870
vt 0.558793 0.493920
vt 0.484868 0.949279
vt 0.106776 0.894328
vt 0.108255 0.893117
vt 0.584031 0.502666
vt 0.611241 0.515182
vt 0.977959 0.680301
vt 0.987204 0.669632
vt 0.984626 0.668572
vt 0.441335 0.947643
vt 0.975637 0.647232
vt 0.981777 0.637381
vt 0.985998 0.640235
vt 0.655792 0.508503
vt 0.669239 0.502126
vt 0.686986 0.500467
vt 0.354233 0.936014
vt 0.373531 0.947509
vt 0.693652 0.495360
vt 0.695930 0.493227
vt 0.245972 0.029845
vt 0.248165 0.028158
vt 0.253554 0.028107
vt 0.700113 0.508149
vt 0.703622 0.497121
vt 0.893977 0.027743
vt 0.705859 0.501925
vt 0.704456 0.513717
vt 0.796682 0.298324
vt 0.798578 0.301584
vt 0.796682 0.307199
vt 0.869596 0.027524
vt 0.885355 0.024717
vt 0.715690 0.506280
vt 0.828507 0.030294
vt 0.838449 0.018911
vt 0.317958 0.953490
vt 0.829947 0.020442
vt 0.758560 0.497998
vt 0.766327 0.497374
vt 0.774057 0.491376
vt 0.818455 0.023046
vt 0.820516 0.030550
vt 0.812021 0.035996
vt 0.809704 0.029219
vt 0.296961 0.953047
vt 0.786319 0.494313
vt 0.805994 0.493344
vt 0.830330 0.489099
vt 0.191062 0.970255
vt 0.865577 0.493619
vt 0.171403 0.969356
vt 0.884440 0.508097
vt 0.893235 0.571251
vt 0.894587 0.548387
vt 0.878607 0.541534
vt 0.507492 0.532072
vt 0.542358 0.575116
vt 0.542871 0.557755
vt 0.587987 0.570223
vt 0.549583 0.520703
vt 0.124469 0.898387
vt 0.586154 0.587740
vt 0.924867 0.655390
vt 0.942347 0.670323
vt 0.935002 0.668971
vt 0.565403 0.986686
vt 0.547393 0.986686
vt 0.551719 0.984270
vt 0.560641 0.983728
vt 0.961102 0.662011
vt 0.589302 0.531924
vt 0.608302 0.534124
vt 0.629707 0.592897
vt 0.626587 0.574255
vt 0.627535 0.532570
vt 0.983970 0.654878
vt 0.645768 0.524232
vt 0.412399 0.956283
vt 0.659248 0.586816
vt 0.675935 0.511379
vt 0.681492 0.512052
vt 0.378231 0.959677
vt 0.698355 0.520800
vt 0.894313 0.021398
vt 0.709683 0.516506
vt 0.920573 0.805927
vt 0.713398 0.516315
vt 0.873030 0.016612
vt 0.717856 0.518133
vt 0.718603 0.520531
vt 0.729919 0.526860
vt 0.854287 0.018982
vt 0.734636 0.520488
vt 0.751356 0.524853
vt 0.750378 0.521692
vt 0.788779 0.022662
vt 0.792647 0.508421
vt 0.248137 0.962578
vt 0.843649 0.495293
vt 0.173934 0.763807
vt 0.852657 0.506515
vt 0.187216 0.981371
vt 0.871833 0.519856
vt 0.877156 0.561922
vt 0.519646 0.517403
vt 0.534458 0.542695
vt 0.559218 0.544616
vt 0.112534 0.899350
vt 0.128436 0.901874
vt 0.598937 0.553286
vt 0.954858 0.680771
vt 0.956788 0.673785
vt 0.974696 0.676854
vt 0.963826 0.681844
vt 0.968459 0.682939
vt 0.972010 0.671973
vt 0.980677 0.661969
vt 0.616480 0.547461
vt 0.629045 0.561340
vt 0.633174 0.546883
vt 0.652401 0.538850
vt 0.663783 0.565535
vt 0.662555 0.545262
vt 0.666384 0.524994
vt 0.676066 0.548886
vt 0.083537 0.717456
vt 0.081184 0.712525
vt 0.678423 0.531278
vt 0.090521 0.715132
vt 0.693409 0.586152
vt 0.692381 0.555531
vt 0.691367 0.520180
vt 0.693886 0.528406
vt 0.243128 0.862426
vt 0.219005 0.358711
vt 0.201087 0.354725
vt 0.708948 0.575396
vt 0.712684 0.544000
vt 0.192219 0.350528
vt 0.715802 0.560453
vt 0.183123 0.339015
vt 0.168460 0.327785
vt 0.164720 0.336237
vt 0.743059 0.583282
vt 0.729328 0.544771
vt 0.752482 0.597140
vt 0.750454 0.552835
vt 0.149351 0.333111
vt 0.757040 0.576161
vt 0.756395 0.586767
vt 0.772756 0.530682
vt 0.767381 0.523605
vt 0.762985 0.520451
vt 0.817202 0.013608
vt 0.767146 0.560679
vt 0.774574 0.583088
vt 0.772472 0.519329
vt 0.813917 0.007553
vt 0.215747 0.558679
vt 0.335071 0.260848
vt 0.335071 0.293393
vt 0.334123 0.270495
vt 0.773911 0.562105
vt 0.773898 0.540292
vt 0.783793 0.520863
vt 0.113904 0.340668
vt 0.126414 0.320027
vt 0.121279 0.340969
vt 0.782825 0.531451
vt 0.272061 0.969727
vt 0.293238 0.968305
vt 0.796838 0.512207
vt 0.823677 0.501715
vt 0.827014 0.509346
vt 0.214678 0.974749
vt 0.239031 0.991168
vt 0.215253 0.993424
vt 0.824215 0.529849
vt 0.849654 0.553477
vt 0.852551 0.539957
vt 0.686998 0.537890
vt 0.183873 0.327361
vt 0.155633 0.316185
vt 0.129097 0.325164
vt 0.784682 0.571234
vt 0.113022 0.332314
vt 0.781137 0.556433
vt 0.790187 0.009898
vt 0.800276 0.553197
vt 0.796872 0.528400
vt 0.793652 0.520877
vt 0.282850 0.980272
vt 0.799925 0.567302
vt 0.795997 0.517301
vt 0.810050 0.522046
vt 0.819604 0.527915
vt 0.818814 0.550868
vt 0.360382 0.988557
vt 0.217696 0.344611
vt 0.209814 0.326904
vt 0.189582 0.311221
vt 0.843286 0.002465
vt 0.124877 0.312425
vt 0.109491 0.317195
vt 0.804590 0.539063
vt 0.349414 0.986686
vt 0.249038 0.356755
vt 0.226506 0.330921
vt 0.211411 0.308862
vt 0.201162 0.305808
vt 0.174257 0.302626
vt 0.162238 0.298548
vt 0.103791 0.311970
vt 0.336144 0.990964
vt 0.337841 0.987494
vt 0.346362 0.993427
vt 0.262760 0.360264
vt 0.217113 0.290905
vt 0.208961 0.272911
vt 0.194688 0.271115
vt 0.190102 0.293291
vt 0.178283 0.282962
vt 0.146162 0.295095
vt 0.107708 0.305317
vt 0.111026 0.299616
vt 0.322496 0.988633
vt 0.327895 0.987404
vt 0.328579 0.991590
vt 0.235149 0.319451
vt 0.233911 0.294206
vt 0.239228 0.272166
vt 0.225663 0.266463
vt 0.199739 0.260822
vt 0.827962 0.400748
vt 0.827962 0.387081
vt 0.828910 0.411736
vt 0.189639 0.263391
vt 0.174047 0.269237
vt 0.180582 0.265597
vt 0.159439 0.274582
vt 0.157235 0.281055
vt 0.163760 0.271042
vt 0.154780 0.270664
vt 0.152022 0.274225
vt 0.122770 0.294519
vt 0.116884 0.291725
vt 0.124053 0.286771
vt 0.315166 0.990924
vt 0.280356 0.358436
vt 0.273211 0.361339
vt 0.282675 0.350496
vt 0.250810 0.252479
vt 0.247269 0.291779
vt 0.134693 0.283013
vt 0.138808 0.276726
vt 0.129060 0.281201
vt 0.783412 0.371302
vt 0.213479 0.126726
vt 0.205423 0.124416
vt 0.191943 0.126726
vt 0.299127 0.347975
vt 0.280021 0.257082
vt 0.300689 0.327642
vt 0.285259 0.294956
vt 0.903847 0.948328
vt 0.318424 0.328594
vt 0.319851 0.331055
vt 0.312965 0.340175
vt 0.308904 0.332121
vt 0.315469 0.251964
vt 0.924050 0.956549
vt 0.325368 0.314562
vt 0.307574 0.342654
vt 0.320685 0.250303
vt 0.324959 0.259526
vt 0.314027 0.273778
vt 0.314548 0.314647
vt 0.321892 0.310311
vt 0.328411 0.291839
vt 0.322540 0.264723
vt 0.329384 0.273005
vt 0.322355 0.290913
s 0
usemtl Material_0
f 1874/1/1 1789/2/1 1792/3/1
f 1380/4/2 1377/5/2 1379/6/2
f 1377/5/3 1378/7/3 1379/6/3
f 49/8/4 38/9/4 58/10/4
f 58/10/5 38/9/5 47/11/5
f 58/10/6 47/11/6 70/12/6
f 47/11/7 57/13/7 70/12/7
f 49/8/8 54/14/8 27/15/8
f 49/8/9 27/15/9 38/9/9
f 27/15/10 23/16/10 38/9/10
f 38/9/11 23/16/11 47/11/11
f 47/11/12 23/16/12 21/17/12
f 47/11/13 21/17/13 57/13/13
f 54/14/14 33/18/14 27/15/14
f 23/16/15 27/15/15 24/19/15
f 23/16/16 18/20/16 21/17/16
f 24/19/17 18/20/17 23/16/17
f 21/17/18 66/21/18 57/13/18
f 246/22/19 213/23/19 261/24/19
f 34/25/20 28/26/20 33/18/20
f 33/18/21 28/26/21 27/15/21
f 21/17/22 18/20/22 19/27/22
f 21/17/23 19/27/23 22/28/23
f 28/26/24 25/29/24 27/15/24
f 27/15/25 25/29/25 24/19/25
f 21/17/26 22/28/26 66/21/26
f 28/26/27 29/30/27 25/29/27
f 24/19/28 17/31/28 18/20/28
f 34/25/29 48/32/29 28/26/29
f 18/20/30 17/31/30 19/27/30
f 24/19/31 25/29/31 17/31/31
f 22/28/32 89/33/32 66/21/32
f 48/32/33 39/34/33 28/26/33
f 28/26/34 39/34/34 30/35/34
f 28/26/35 30/35/35 29/30/35
f 2153/36/36 2154/37/36 2155/38/36
f 19/27/37 20/39/37 22/28/37
f 25/29/38 15/40/38 17/31/38
f 17/31/39 13/41/39 19/27/39
f 19/27/40 13/41/40 20/39/40
f 30/35/41 26/42/41 29/30/41
f 29/30/42 26/42/42 25/29/42
f 17/31/43 15/40/43 13/41/43
f 2026/43/44 2025/44/44 2021/45/44
f 30/35/45 31/46/45 26/42/45
f 26/42/46 15/40/46 25/29/46
f 22/28/47 37/47/47 60/48/47
f 20/39/48 37/47/48 22/28/48
f 26/42/49 14/49/49 15/40/49
f 31/46/50 32/50/50 26/42/50
f 26/42/51 32/50/51 14/49/51
f 32/50/52 16/51/52 14/49/52
f 2018/52/53 2020/53/53 2022/54/53
f 32/50/54 36/55/54 16/51/54
f 61/56/55 73/57/55 67/58/55
f 67/58/56 73/57/56 76/59/56
f 61/56/57 74/60/57 73/57/57
f 1006/61/58 1007/62/58 1008/63/58
f 74/60/59 75/64/59 73/57/59
f 1007/62/60 1009/65/60 1008/63/60
f 75/64/61 97/66/61 73/57/61
f 97/66/62 81/67/62 73/57/62
f 76/59/63 80/68/63 82/69/63
f 81/67/64 79/70/64 73/57/64
f 1383/71/65 1384/72/65 1385/73/65
f 73/57/66 79/70/66 76/59/66
f 76/59/67 79/70/67 80/68/67
f 79/70/68 104/74/68 80/68/68
f 229/75/69 230/76/69 194/77/69
f 60/48/70 69/78/70 105/79/70
f 37/47/71 46/80/71 69/78/71
f 182/81/72 190/82/72 178/83/72
f 2018/52/73 2019/84/73 2020/53/73
f 14/49/74 13/41/74 15/40/74
f 16/51/75 7/85/75 14/49/75
f 14/49/76 7/85/76 13/41/76
f 2022/54/77 2024/86/77 2028/87/77
f 36/55/78 44/88/78 16/51/78
f 16/51/79 44/88/79 41/89/79
f 44/88/80 53/90/80 41/89/80
f 44/88/81 55/91/81 53/90/81
f 2028/87/82 2029/92/82 2030/93/82
f 55/91/83 61/56/83 53/90/83
f 53/90/84 61/56/84 67/58/84
f 2030/93/85 2015/94/85 2014/95/85
f 2030/93/86 2014/95/86 2032/96/86
f 55/91/87 62/97/87 61/56/87
f 62/97/88 63/98/88 61/56/88
f 2032/96/89 2014/95/89 2017/99/89
f 67/58/90 76/59/90 71/100/90
f 63/98/91 74/60/91 61/56/91
f 1011/101/92 1010/102/92 1006/61/92
f 71/100/93 76/59/93 77/103/93
f 1006/61/94 1010/102/94 1007/62/94
f 80/68/95 83/104/95 82/69/95
f 82/69/96 83/104/96 86/105/96
f 1385/73/97 1384/72/97 1386/106/97
f 104/74/98 85/107/98 80/68/98
f 80/68/99 85/107/99 84/108/99
f 80/68/100 84/108/100 83/104/100
f 2051/109/101 2050/110/101 2049/111/101
f 232/112/102 218/113/102 194/77/102
f 37/47/103 20/39/103 46/80/103
f 20/39/104 43/114/104 46/80/104
f 20/39/105 12/115/105 43/114/105
f 13/41/106 12/115/106 20/39/106
f 13/41/107 9/116/107 12/115/107
f 13/41/108 7/85/108 9/116/108
f 16/51/109 41/89/109 7/85/109
f 7/85/110 41/89/110 10/117/110
f 2022/54/111 2023/118/111 2024/86/111
f 41/89/112 53/90/112 10/117/112
f 2028/87/113 2024/86/113 2029/92/113
f 10/117/114 53/90/114 51/119/114
f 53/90/115 67/58/115 51/119/115
f 2030/93/116 2029/92/116 2031/120/116
f 67/58/117 71/100/117 51/119/117
f 2030/93/118 2031/120/118 2015/94/118
f 2014/95/119 2016/121/119 2017/99/119
f 82/69/120 86/105/120 91/122/120
f 2081/123/121 2080/124/121 2050/110/121
f 2050/110/122 2040/125/122 2049/111/122
f 86/105/123 83/104/123 87/126/123
f 2049/111/124 2040/125/124 2048/127/124
f 2040/125/125 2041/128/125 2042/129/125
f 2048/127/126 2040/125/126 2042/129/126
f 83/104/127 88/130/127 87/126/127
f 87/126/128 88/130/128 90/131/128
f 10/117/129 8/132/129 7/85/129
f 7/85/130 8/132/130 9/116/130
f 10/117/131 51/119/131 45/133/131
f 10/117/132 45/133/132 8/132/132
f 71/100/133 64/134/133 51/119/133
f 2069/135/134 2060/136/134 2068/137/134
f 77/103/135 91/122/135 78/138/135
f 86/105/136 92/139/136 91/122/136
f 2067/140/137 2053/141/137 2073/142/137
f 86/105/138 87/126/138 92/139/138
f 2073/142/139 2043/143/139 2041/128/139
f 2043/143/140 2045/144/140 2044/145/140
f 90/131/141 93/146/141 92/139/141
f 87/126/142 90/131/142 92/139/142
f 2044/145/143 2045/144/143 2046/147/143
f 12/115/144 40/148/144 43/114/144
f 2110/149/145 2111/150/145 2112/151/145
f 12/115/146 9/116/146 11/152/146
f 12/115/147 11/152/147 40/148/147
f 9/116/148 8/132/148 11/152/148
f 1397/153/149 1395/154/149 1394/155/149
f 45/133/150 35/156/150 8/132/150
f 8/132/151 35/156/151 11/152/151
f 1394/155/152 1395/154/152 1396/157/152
f 45/133/153 51/119/153 35/156/153
f 51/119/154 50/158/154 35/156/154
f 2066/159/155 2065/160/155 2064/161/155
f 51/119/156 64/134/156 50/158/156
f 77/103/157 78/138/157 64/134/157
f 2060/136/158 2057/162/158 2055/163/158
f 78/138/159 91/122/159 72/164/159
f 2053/141/160 2054/165/160 2052/166/160
f 2053/141/161 2052/166/161 2043/143/161
f 92/139/162 103/167/162 101/168/162
f 2043/143/163 2052/166/163 2047/169/163
f 2822/170/164 2808/171/164 2830/172/164
f 2043/143/165 2047/169/165 2045/144/165
f 811/173/166 814/174/166 815/175/166
f 810/176/167 814/174/167 811/173/167
f 2190/177/168 2189/178/168 2191/179/168
f 2851/180/169 2848/181/169 2849/182/169
f 2848/181/170 2847/183/170 2846/184/170
f 2848/181/171 2846/184/171 2849/182/171
f 701/185/172 910/186/172 705/187/172
f 43/114/173 40/148/173 59/188/173
f 701/185/174 911/189/174 910/186/174
f 2113/190/175 2112/151/175 2111/150/175
f 702/191/176 703/192/176 701/185/176
f 703/192/177 900/193/177 701/185/177
f 701/185/178 900/193/178 911/189/178
f 703/192/179 796/194/179 900/193/179
f 1397/153/180 1401/195/180 1395/154/180
f 11/152/181 35/156/181 40/148/181
f 1401/195/182 1398/196/182 1395/154/182
f 35/156/183 42/197/183 40/148/183
f 1398/196/184 1399/198/184 1396/157/184
f 1395/154/185 1398/196/185 1396/157/185
f 35/156/186 50/158/186 42/197/186
f 2065/160/187 2063/199/187 2064/161/187
f 2063/199/188 2061/200/188 2062/201/188
f 2061/200/189 2058/202/189 2060/136/189
f 78/138/190 72/164/190 64/134/190
f 2058/202/191 2056/203/191 2057/162/191
f 2056/203/192 2054/165/192 2055/163/192
f 2055/163/193 2054/165/193 2053/141/193
f 101/168/194 102/204/194 100/205/194
f 804/206/195 809/207/195 805/208/195
f 2054/165/196 2059/209/196 2052/166/196
f 805/208/197 809/207/197 812/210/197
f 805/208/198 812/210/198 808/211/198
f 808/211/199 813/212/199 884/213/199
f 574/214/200 809/207/200 804/206/200
f 808/211/201 812/210/201 813/212/201
f 574/214/202 575/215/202 585/216/202
f 574/214/203 585/216/203 809/207/203
f 809/207/204 811/173/204 812/210/204
f 812/210/205 811/173/205 813/212/205
f 809/207/206 810/176/206 811/173/206
f 811/173/207 819/217/207 813/212/207
f 813/212/208 819/217/208 846/218/208
f 2822/170/209 2810/219/209 2808/171/209
f 585/216/210 810/176/210 809/207/210
f 811/173/211 815/175/211 819/217/211
f 2810/219/212 2809/220/212 2808/171/212
f 819/217/213 815/175/213 831/221/213
f 575/215/214 586/222/214 585/216/214
f 585/216/215 586/222/215 810/176/215
f 586/222/216 824/223/216 810/176/216
f 815/175/217 814/174/217 825/224/217
f 815/175/218 825/224/218 831/221/218
f 810/176/219 824/223/219 814/174/219
f 814/174/220 838/225/220 825/224/220
f 586/222/221 836/226/221 824/223/221
f 824/223/222 833/227/222 814/174/222
f 836/226/223 833/227/223 824/223/223
f 814/174/224 840/228/224 838/225/224
f 687/229/225 688/230/225 689/231/225
f 691/232/226 690/233/226 687/229/226
f 690/233/227 688/230/227 687/229/227
f 689/231/228 688/230/228 727/234/228
f 688/230/229 755/235/229 727/234/229
f 567/236/230 692/237/230 690/233/230
f 690/233/231 692/237/231 688/230/231
f 692/237/232 698/238/232 688/230/232
f 688/230/233 698/238/233 755/235/233
f 692/237/234 693/239/234 698/238/234
f 2185/240/235 2189/178/235 2187/241/235
f 2187/241/236 2189/178/236 2190/177/236
f 2187/241/237 2190/177/237 2188/242/237
f 567/236/238 549/243/238 692/237/238
f 722/244/239 780/245/239 698/238/239
f 692/237/240 549/243/240 693/239/240
f 693/239/241 697/246/241 698/238/241
f 697/246/242 722/244/242 698/238/242
f 2194/247/243 2193/248/243 2189/178/243
f 2189/178/244 2193/248/244 2191/179/244
f 2847/183/245 2843/249/245 2846/184/245
f 2846/184/246 2852/250/246 2850/251/246
f 693/239/247 694/252/247 695/253/247
f 2194/247/248 2196/254/248 2193/248/248
f 2843/249/249 2845/255/249 2846/184/249
f 2846/184/250 2845/255/250 2852/250/250
f 695/253/251 696/256/251 693/239/251
f 693/239/252 696/256/252 697/246/252
f 697/246/253 696/256/253 722/244/253
f 2773/257/254 2899/258/254 2823/259/254
f 696/256/255 721/260/255 722/244/255
f 694/252/256 700/261/256 695/253/256
f 696/256/257 699/262/257 721/260/257
f 695/253/258 699/262/258 696/256/258
f 695/253/259 700/261/259 699/262/259
f 699/262/260 704/263/260 721/260/260
f 2899/258/261 2783/264/261 2786/265/261
f 2783/264/262 2779/266/262 2786/265/262
f 694/252/263 702/191/263 700/261/263
f 700/261/264 701/185/264 699/262/264
f 699/262/265 701/185/265 704/263/265
f 694/252/266 548/267/266 702/191/266
f 700/261/267 702/191/267 701/185/267
f 2783/264/268 2781/268/268 2779/266/268
f 701/185/269 705/187/269 704/263/269
f 2781/268/270 2780/269/270 2779/266/270
f 704/263/271 705/187/271 752/270/271
f 790/271/272 789/272/272 702/191/272
f 2782/273/273 2784/274/273 2780/269/273
f 2781/268/274 2782/273/274 2780/269/274
f 702/191/275 555/275/275 790/271/275
f 59/188/276 56/276/276 99/277/276
f 702/191/277 789/272/277 703/192/277
f 703/192/278 789/272/278 796/194/278
f 789/272/279 822/278/279 796/194/279
f 40/148/280 42/197/280 56/276/280
f 790/271/281 797/279/281 789/272/281
f 789/272/282 797/279/282 822/278/282
f 822/278/283 797/279/283 823/280/283
f 797/279/284 821/281/284 823/280/284
f 50/158/285 52/282/285 42/197/285
f 790/271/286 798/283/286 797/279/286
f 790/271/287 818/284/287 798/283/287
f 798/283/288 799/285/288 797/279/288
f 797/279/289 802/286/289 821/281/289
f 821/281/290 802/286/290 837/287/290
f 802/286/291 820/288/291 837/287/291
f 50/158/292 64/134/292 52/282/292
f 799/285/293 802/286/293 797/279/293
f 64/134/294 65/289/294 52/282/294
f 818/284/295 573/290/295 798/283/295
f 802/286/296 816/291/296 820/288/296
f 64/134/297 72/164/297 65/289/297
f 799/285/298 801/292/298 802/286/298
f 818/284/299 557/293/299 573/290/299
f 573/290/300 799/285/300 798/283/300
f 802/286/301 803/294/301 816/291/301
f 803/294/302 817/295/302 816/291/302
f 573/290/303 800/296/303 799/285/303
f 801/292/304 803/294/304 802/286/304
f 799/285/305 800/296/305 801/292/305
f 557/293/306 562/297/306 573/290/306
f 573/290/307 562/297/307 574/214/307
f 573/290/308 574/214/308 804/206/308
f 573/290/309 804/206/309 800/296/309
f 803/294/310 807/298/310 817/295/310
f 817/295/311 807/298/311 826/299/311
f 801/292/312 800/296/312 806/300/312
f 804/206/313 805/208/313 800/296/313
f 800/296/314 805/208/314 806/300/314
f 801/292/315 806/300/315 803/294/315
f 803/294/316 806/300/316 807/298/316
f 806/300/317 808/211/317 807/298/317
f 562/297/318 575/215/318 574/214/318
f 576/301/319 575/215/319 562/297/319
f 2808/171/320 2806/302/320 2820/303/320
f 576/301/321 577/304/321 575/215/321
f 2808/171/322 2807/305/322 2806/302/322
f 2809/220/323 2811/306/323 2807/305/323
f 577/304/324 588/307/324 575/215/324
f 575/215/325 588/307/325 586/222/325
f 831/221/326 825/224/326 854/308/326
f 588/307/327 589/309/327 586/222/327
f 825/224/328 844/310/328 854/308/328
f 589/309/329 590/311/329 586/222/329
f 590/311/330 836/226/330 586/222/330
f 825/224/331 838/225/331 839/312/331
f 825/224/332 839/312/332 844/310/332
f 833/227/333 835/313/333 814/174/333
f 590/311/334 591/314/334 836/226/334
f 836/226/335 834/315/335 833/227/335
f 834/315/336 835/313/336 833/227/336
f 814/174/337 835/313/337 840/228/337
f 836/226/338 591/314/338 834/315/338
f 707/316/339 687/229/339 708/317/339
f 687/229/340 689/231/340 708/317/340
f 706/318/341 691/232/341 687/229/341
f 689/231/342 727/234/342 726/319/342
f 553/320/343 691/232/343 706/318/343
f 553/320/344 550/321/344 691/232/344
f 550/321/345 690/233/345 691/232/345
f 2734/322/346 2768/323/346 2732/324/346
f 550/321/347 567/236/347 690/233/347
f 550/321/348 549/243/348 567/236/348
f 550/321/349 539/325/349 549/243/349
f 698/238/350 780/245/350 755/235/350
f 2192/326/351 2189/178/351 2185/240/351
f 2192/326/352 2197/327/352 2189/178/352
f 2773/257/353 2772/328/353 2769/329/353
f 549/243/354 538/330/354 547/331/354
f 2197/327/355 2194/247/355 2189/178/355
f 2773/257/356 2823/259/356 2772/328/356
f 549/243/357 694/252/357 693/239/357
f 2823/259/358 2875/332/358 2772/328/358
f 2195/333/359 2196/254/359 2194/247/359
f 549/243/360 547/331/360 694/252/360
f 1069/334/361 1068/335/361 1070/336/361
f 2875/332/362 2771/337/362 2772/328/362
f 1067/338/363 1068/335/363 1069/334/363
f 2842/339/364 2841/340/364 2843/249/364
f 2843/249/365 2841/340/365 2844/341/365
f 2843/249/366 2844/341/366 2845/255/366
f 1088/342/367 1082/343/367 1067/338/367
f 2823/259/368 2899/258/368 2875/332/368
f 2786/265/369 2776/344/369 2875/332/369
f 548/267/370 694/252/370 547/331/370
f 2786/265/371 2779/266/371 2776/344/371
f 2779/266/372 2778/345/372 2776/344/372
f 2779/266/373 2780/269/373 2778/345/373
f 555/275/374 702/191/374 548/267/374
f 2780/269/375 2787/346/375 2778/345/375
f 2780/269/376 2785/347/376 2787/346/376
f 555/275/377 557/293/377 790/271/377
f 1200/348/378 1199/349/378 1203/350/378
f 56/276/379 68/351/379 111/352/379
f 42/197/380 52/282/380 68/351/380
f 555/275/381 556/353/381 557/293/381
f 557/293/382 818/284/382 790/271/382
f 52/282/383 96/354/383 68/351/383
f 558/355/384 562/297/384 557/293/384
f 2807/305/385 2811/306/385 2812/356/385
f 594/357/386 588/307/386 577/304/386
f 594/357/387 589/309/387 588/307/387
f 2811/306/388 2813/358/388 2812/356/388
f 2813/358/389 2814/359/389 2812/356/389
f 2813/358/390 2819/360/390 2814/359/390
f 839/312/391 853/361/391 844/310/391
f 589/309/392 591/314/392 590/311/392
f 838/225/393 848/362/393 839/312/393
f 839/312/394 848/362/394 853/361/394
f 840/228/395 848/362/395 838/225/395
f 591/314/396 597/363/396 834/315/396
f 840/228/397 849/364/397 848/362/397
f 834/315/398 626/365/398 835/313/398
f 835/313/399 847/366/399 840/228/399
f 597/363/400 626/365/400 834/315/400
f 626/365/401 847/366/401 835/313/401
f 706/318/402 687/229/402 707/316/402
f 708/317/403 726/319/403 753/367/403
f 2826/368/404 2730/369/404 2729/370/404
f 2826/368/405 2733/371/405 2730/369/405
f 2730/369/406 2733/371/406 2732/324/406
f 540/372/407 550/321/407 553/320/407
f 550/321/408 540/372/408 539/325/408
f 2769/329/409 2770/373/409 2768/323/409
f 539/325/410 538/330/410 549/243/410
f 2183/374/411 2184/375/411 2185/240/411
f 2184/375/412 2192/326/412 2185/240/412
f 2995/376/413 2990/377/413 2996/378/413
f 2192/326/414 2198/379/414 2197/327/414
f 2990/377/415 2992/380/415 2994/381/415
f 2769/329/416 2771/337/416 2770/373/416
f 2769/329/417 2772/328/417 2771/337/417
f 2990/377/418 2991/382/418 2992/380/418
f 2853/383/419 2842/339/419 2854/384/419
f 538/330/420 544/385/420 547/331/420
f 2853/383/421 2839/386/421 2842/339/421
f 2839/386/422 2841/340/422 2842/339/422
f 2875/332/423 2776/344/423 2771/337/423
f 1079/387/424 1082/343/424 1088/342/424
f 544/385/425 548/267/425 547/331/425
f 544/385/426 551/388/426 548/267/426
f 2776/344/427 2778/345/427 2777/389/427
f 2778/345/428 2787/346/428 2777/389/428
f 551/388/429 556/353/429 555/275/429
f 551/388/430 555/275/430 548/267/430
f 2787/346/431 2911/390/431 2777/389/431
f 2787/346/432 2915/391/432 2911/390/432
f 2911/390/433 2914/392/433 2866/393/433
f 1199/349/434 1201/394/434 1202/395/434
f 2866/393/435 2868/396/435 2867/397/435
f 2915/391/436 2916/398/436 2914/392/436
f 2915/391/437 2914/392/437 2911/390/437
f 68/351/438 112/399/438 113/400/438
f 558/355/439 557/293/439 556/353/439
f 2795/401/440 2794/402/440 2793/403/440
f 2795/401/441 2796/404/441 2794/402/441
f 558/355/442 634/405/442 562/297/442
f 2796/404/443 2797/406/443 2794/402/443
f 2794/402/444 2797/406/444 2801/407/444
f 2797/406/445 2802/408/445 2801/407/445
f 2801/407/446 2802/408/446 2805/409/446
f 634/405/447 576/301/447 562/297/447
f 2802/408/448 2806/302/448 2805/409/448
f 634/405/449 631/410/449 576/301/449
f 2807/305/450 2821/411/450 2805/409/450
f 631/410/451 628/412/451 576/301/451
f 628/412/452 577/304/452 576/301/452
f 2807/305/453 2812/356/453 2821/411/453
f 628/412/454 594/357/454 577/304/454
f 593/413/455 589/309/455 594/357/455
f 2812/356/456 2814/359/456 2815/414/456
f 2814/359/457 2817/415/457 2815/414/457
f 593/413/458 592/416/458 589/309/458
f 2814/359/459 2819/360/459 2817/415/459
f 592/416/460 591/314/460 589/309/460
f 848/362/461 849/364/461 853/361/461
f 592/416/462 596/417/462 591/314/462
f 591/314/463 596/417/463 597/363/463
f 596/417/464 623/418/464 597/363/464
f 597/363/465 623/418/465 626/365/465
f 623/418/466 872/419/466 626/365/466
f 626/365/467 872/419/467 847/366/467
f 840/228/468 847/366/468 849/364/468
f 565/420/469 706/318/469 707/316/469
f 707/316/470 708/317/470 709/421/470
f 2729/370/471 2730/369/471 2728/422/471
f 554/423/472 553/320/472 565/420/472
f 565/420/473 553/320/473 706/318/473
f 2728/422/474 2731/424/474 2865/425/474
f 2728/422/475 2730/369/475 2731/424/475
f 553/320/476 542/426/476 540/372/476
f 2730/369/477 2732/324/477 2731/424/477
f 2732/324/478 2735/427/478 2731/424/478
f 2732/324/479 2877/428/479 2735/427/479
f 2732/324/480 2768/323/480 2877/428/480
f 2768/323/481 2770/373/481 2877/428/481
f 322/429/482 320/430/482 327/431/482
f 2770/373/483 2774/432/483 2877/428/483
f 2997/433/484 2993/434/484 2995/376/484
f 2997/433/485 2998/435/485 2993/434/485
f 2995/376/486 2993/434/486 2990/377/486
f 2993/434/487 2991/382/487 2990/377/487
f 538/330/488 534/436/488 544/385/488
f 2771/337/489 2775/437/489 2774/432/489
f 1082/343/490 1080/438/490 1067/338/490
f 1079/387/491 1080/438/491 1082/343/491
f 2771/337/492 2776/344/492 2775/437/492
f 2838/439/493 2840/440/493 2839/386/493
f 2839/386/494 2840/440/494 2841/340/494
f 1087/441/495 1073/442/495 1079/387/495
f 2776/344/496 2777/389/496 2775/437/496
f 2775/437/497 2777/389/497 2788/443/497
f 2777/389/498 2789/444/498 2788/443/498
f 2866/393/499 2829/445/499 2777/389/499
f 2777/389/500 2829/445/500 2789/444/500
f 2829/445/501 2792/446/501 2789/444/501
f 2792/446/502 2790/447/502 2789/444/502
f 2792/446/503 2793/403/503 2790/447/503
f 559/448/504 558/355/504 556/353/504
f 2857/449/505 2793/403/505 2792/446/505
f 2794/402/506 2790/447/506 2793/403/506
f 2794/402/507 2804/450/507 2790/447/507
f 2804/450/508 2801/407/508 2912/451/508
f 2794/402/509 2801/407/509 2804/450/509
f 2801/407/510 2900/452/510 2912/451/510
f 2805/409/511 2900/452/511 2801/407/511
f 2812/356/512 2816/453/512 2821/411/512
f 2812/356/513 2815/414/513 2816/453/513
f 628/412/514 627/454/514 594/357/514
f 627/454/515 595/455/515 594/357/515
f 594/357/516 595/455/516 593/413/516
f 2815/414/517 2817/415/517 2818/456/517
f 595/455/518 592/416/518 593/413/518
f 595/455/519 621/457/519 592/416/519
f 592/416/520 629/458/520 596/417/520
f 849/364/521 850/459/521 853/361/521
f 2819/360/522 2910/460/522 2817/415/522
f 596/417/523 624/461/523 623/418/523
f 624/461/524 892/462/524 623/418/524
f 623/418/525 898/463/525 872/419/525
f 623/418/526 892/462/526 898/463/526
f 847/366/527 872/419/527 862/464/527
f 849/364/528 847/366/528 850/459/528
f 892/462/529 907/465/529 906/466/529
f 892/462/530 906/466/530 898/463/530
f 898/463/531 873/467/531 872/419/531
f 857/468/532 851/469/532 847/366/532
f 847/366/533 851/469/533 850/459/533
f 908/470/534 890/471/534 919/472/534
f 862/464/535 857/468/535 847/366/535
f 908/470/536 919/472/536 926/473/536
f 908/470/537 926/473/537 907/465/537
f 926/473/538 927/474/538 907/465/538
f 907/465/539 927/474/539 906/466/539
f 906/466/540 927/474/540 909/475/540
f 872/419/541 873/467/541 862/464/541
f 851/469/542 852/476/542 850/459/542
f 919/472/543 925/477/543 926/473/543
f 919/472/544 870/478/544 925/477/544
f 926/473/545 925/477/545 924/479/545
f 926/473/546 924/479/546 927/474/546
f 927/474/547 915/480/547 909/475/547
f 924/479/548 915/480/548 927/474/548
f 924/479/549 923/481/549 915/480/549
f 923/481/550 871/482/550 915/480/550
f 712/483/551 710/484/551 711/485/551
f 720/486/552 708/317/552 754/487/552
f 708/317/553 753/367/553 754/487/553
f 710/484/554 707/316/554 711/485/554
f 709/421/555 708/317/555 711/485/555
f 711/485/556 708/317/556 720/486/556
f 711/485/557 707/316/557 709/421/557
f 788/488/558 565/420/558 710/484/558
f 710/484/559 565/420/559 707/316/559
f 2668/489/560 2728/422/560 2670/490/560
f 788/488/561 564/491/561 565/420/561
f 2668/489/562 2729/370/562 2728/422/562
f 543/492/563 565/420/563 564/491/563
f 543/492/564 554/423/564 565/420/564
f 542/426/565 553/320/565 554/423/565
f 542/426/566 535/493/566 540/372/566
f 2731/424/567 2735/427/567 2736/494/567
f 535/493/568 539/325/568 540/372/568
f 2735/427/569 2824/495/569 2736/494/569
f 2735/427/570 2877/428/570 2824/495/570
f 533/496/571 538/330/571 539/325/571
f 2954/497/572 2952/498/572 2951/499/572
f 319/500/573 309/501/573 320/430/573
f 320/430/574 309/501/574 306/502/574
f 2998/435/575 2999/503/575 2993/434/575
f 306/502/576 310/504/576 326/505/576
f 2999/503/577 3000/506/577 2993/434/577
f 2171/507/578 2172/508/578 2173/509/578
f 2774/432/579 2775/437/579 2791/510/579
f 2791/510/580 2775/437/580 2827/511/580
f 2172/508/581 2174/512/581 2173/509/581
f 2986/513/582 2987/514/582 2988/515/582
f 1079/387/583 1078/516/583 1080/438/583
f 2986/513/584 2985/517/584 2987/514/584
f 2837/518/585 2838/439/585 2839/386/585
f 545/519/586 551/388/586 544/385/586
f 2775/437/587 2788/443/587 2827/511/587
f 2827/511/588 2788/443/588 2869/520/588
f 2948/521/589 2944/522/589 2949/523/589
f 551/388/590 559/448/590 556/353/590
f 2948/521/591 2947/524/591 2944/522/591
f 2789/444/592 2790/447/592 2788/443/592
f 2790/447/593 2912/451/593 2788/443/593
f 2948/521/594 2950/525/594 2947/524/594
f 2790/447/595 2804/450/595 2912/451/595
f 2900/452/596 2896/526/596 2897/527/596
f 2805/409/597 2821/411/597 2900/452/597
f 2900/452/598 2821/411/598 2896/526/598
f 2821/411/599 2816/453/599 2896/526/599
f 631/410/600 627/454/600 628/412/600
f 2815/414/601 2818/456/601 2816/453/601
f 627/454/602 621/457/602 595/455/602
f 621/457/603 629/458/603 592/416/603
f 2817/415/604 2886/528/604 2818/456/604
f 629/458/605 625/529/605 596/417/605
f 624/461/606 890/471/606 892/462/606
f 596/417/607 625/529/607 624/461/607
f 625/529/608 889/530/608 890/471/608
f 624/461/609 625/529/609 890/471/609
f 889/530/610 919/472/610 890/471/610
f 860/531/611 850/459/611 858/532/611
f 889/530/612 870/478/612 919/472/612
f 850/459/613 852/476/613 858/532/613
f 915/480/614 865/533/614 873/467/614
f 873/467/615 865/533/615 862/464/615
f 925/477/616 870/478/616 922/534/616
f 865/533/617 864/535/617 862/464/617
f 925/477/618 922/534/618 924/479/618
f 922/534/619 923/481/619 924/479/619
f 922/534/620 869/536/620 923/481/620
f 857/468/621 855/537/621 851/469/621
f 855/537/622 852/476/622 851/469/622
f 865/533/623 871/482/623 864/535/623
f 864/535/624 863/538/624 862/464/624
f 862/464/625 863/538/625 857/468/625
f 863/538/626 866/539/626 857/468/626
f 857/468/627 866/539/627 867/540/627
f 857/468/628 867/540/628 855/537/628
f 852/476/629 856/541/629 858/532/629
f 855/537/630 856/541/630 852/476/630
f 855/537/631 879/542/631 856/541/631
f 855/537/632 894/543/632 879/542/632
f 712/483/633 711/485/633 720/486/633
f 713/544/634 710/484/634 712/483/634
f 564/491/635 788/488/635 563/545/635
f 543/492/636 542/426/636 554/423/636
f 2865/425/637 2731/424/637 2766/546/637
f 2731/424/638 2737/547/638 2766/546/638
f 2731/424/639 2736/494/639 2737/547/639
f 2736/494/640 2738/548/640 2737/547/640
f 2824/495/641 2738/548/641 2736/494/641
f 535/493/642 533/496/642 539/325/642
f 2824/495/643 2740/549/643 2738/548/643
f 533/496/644 534/436/644 538/330/644
f 2951/499/645 2952/498/645 2953/550/645
f 319/500/646 318/551/646 309/501/646
f 2955/552/647 2956/553/647 2953/550/647
f 326/505/648 310/504/648 315/554/648
f 2176/555/649 2175/556/649 2172/508/649
f 326/505/650 315/554/650 325/557/650
f 2869/520/651 2767/558/651 2740/549/651
f 2175/556/652 2174/512/652 2172/508/652
f 545/519/653 544/385/653 534/436/653
f 1183/559/654 1172/560/654 1168/561/654
f 1183/559/655 1168/561/655 1170/562/655
f 1073/442/656 1072/563/656 1077/564/656
f 2869/520/657 2831/565/657 2767/558/657
f 1087/441/658 1071/566/658 1073/442/658
f 1071/566/659 1072/563/659 1073/442/659
f 2856/567/660 2831/565/660 2869/520/660
f 2944/522/661 2947/524/661 2945/568/661
f 568/569/662 558/355/662 559/448/662
f 2897/527/663 2884/570/663 2898/571/663
f 568/569/664 635/572/664 558/355/664
f 635/572/665 634/405/665 558/355/665
f 2897/527/666 2896/526/666 2884/570/666
f 2896/526/667 2880/573/667 2884/570/667
f 666/574/668 631/410/668 634/405/668
f 2896/526/669 2816/453/669 2880/573/669
f 632/575/670 627/454/670 631/410/670
f 2816/453/671 2818/456/671 2878/576/671
f 632/575/672 630/577/672 627/454/672
f 630/577/673 621/457/673 627/454/673
f 2818/456/674 2879/578/674 2878/576/674
f 630/577/675 629/458/675 621/457/675
f 670/579/676 625/529/676 629/458/676
f 2818/456/677 2886/528/677 2879/578/677
f 2886/528/678 2901/580/678 2879/578/678
f 2901/580/679 2902/581/679 2879/578/679
f 670/579/680 671/582/680 625/529/680
f 625/529/681 671/582/681 889/530/681
f 671/582/682 870/478/682 889/530/682
f 671/582/683 675/583/683 870/478/683
f 870/478/684 869/536/684 922/534/684
f 675/583/685 868/584/685 870/478/685
f 869/536/686 871/482/686 923/481/686
f 869/536/687 864/535/687 871/482/687
f 2901/580/688 2903/585/688 2902/581/688
f 869/536/689 868/584/689 864/535/689
f 868/584/690 675/583/690 678/586/690
f 868/584/691 678/586/691 864/535/691
f 678/586/692 863/538/692 864/535/692
f 2905/587/693 2903/585/693 2901/580/693
f 867/540/694 899/588/694 855/537/694
f 867/540/695 905/589/695 899/588/695
f 675/583/696 676/590/696 678/586/696
f 866/539/697 886/591/697 867/540/697
f 899/588/698 894/543/698 855/537/698
f 678/586/699 679/592/699 863/538/699
f 863/538/700 679/592/700 877/593/700
f 863/538/701 877/593/701 866/539/701
f 353/594/702 351/595/702 352/596/702
f 2905/587/703 2908/597/703 2906/598/703
f 2905/587/704 2906/598/704 2903/585/704
f 894/543/705 913/599/705 879/542/705
f 720/486/706 754/487/706 774/600/706
f 788/488/707 710/484/707 713/544/707
f 2667/601/708 2668/489/708 2666/602/708
f 578/603/709 563/545/709 788/488/709
f 2668/489/710 2670/490/710 2666/602/710
f 2670/490/711 2669/604/711 2666/602/711
f 563/545/712 543/492/712 564/491/712
f 2670/490/713 2865/425/713 2669/604/713
f 2865/425/714 2887/605/714 2669/604/714
f 543/492/715 537/606/715 542/426/715
f 537/606/716 535/493/716 542/426/716
f 535/493/717 532/607/717 533/496/717
f 318/551/718 317/608/718 309/501/718
f 2740/549/719 2767/558/719 2764/609/719
f 546/610/720 545/519/720 534/436/720
f 310/504/721 308/611/721 315/554/721
f 315/554/722 316/612/722 325/557/722
f 325/557/723 316/612/723 328/613/723
f 2831/565/724 2828/614/724 2767/558/724
f 328/613/725 316/612/725 324/615/725
f 2986/513/726 2989/616/726 2984/617/726
f 2984/617/727 2985/517/727 2986/513/727
f 2858/618/728 2834/619/728 2837/518/728
f 2834/619/729 2836/620/729 2837/518/729
f 2837/518/730 2836/620/730 2838/439/730
f 1086/621/731 1071/566/731 1087/441/731
f 2831/565/732 2832/622/732 2828/614/732
f 2831/565/733 2856/567/733 2832/622/733
f 2856/567/734 2917/623/734 2832/622/734
f 2944/522/735 2945/568/735 2946/624/735
f 2884/570/736 2883/625/736 2917/623/736
f 2898/571/737 2884/570/737 2917/623/737
f 666/574/738 632/575/738 631/410/738
f 2816/453/739 2878/576/739 2880/573/739
f 667/626/740 630/577/740 632/575/740
f 630/577/741 668/627/741 629/458/741
f 629/458/742 668/627/742 669/628/742
f 669/628/743 670/579/743 629/458/743
f 669/628/744 672/629/744 670/579/744
f 672/629/745 671/582/745 670/579/745
f 157/630/746 159/631/746 148/632/746
f 675/583/747 671/582/747 674/633/747
f 2902/581/748 2903/585/748 2904/634/748
f 674/633/749 677/635/749 676/590/749
f 674/633/750 676/590/750 675/583/750
f 867/540/751 886/591/751 905/589/751
f 381/636/752 377/637/752 389/638/752
f 354/639/753 351/595/753 353/594/753
f 161/640/754 156/641/754 153/642/754
f 2903/585/755 2906/598/755 2907/643/755
f 678/586/756 676/590/756 679/592/756
f 877/593/757 885/644/757 866/539/757
f 866/539/758 885/644/758 886/591/758
f 352/596/759 351/595/759 348/645/759
f 2909/646/760 2907/643/760 2906/598/760
f 679/592/761 682/647/761 877/593/761
f 877/593/762 682/647/762 885/644/762
f 2908/597/763 2909/646/763 2906/598/763
f 913/599/764 916/648/764 879/542/764
f 913/599/765 917/649/765 916/648/765
f 714/650/766 712/483/766 715/651/766
f 715/651/767 712/483/767 719/652/767
f 787/653/768 713/544/768 714/650/768
f 714/650/769 713/544/769 712/483/769
f 719/652/770 720/486/770 774/600/770
f 712/483/771 720/486/771 719/652/771
f 2667/601/772 2666/602/772 2665/654/772
f 578/603/773 788/488/773 787/653/773
f 787/653/774 788/488/774 713/544/774
f 578/603/775 552/655/775 563/545/775
f 2666/602/776 2669/604/776 2664/656/776
f 552/655/777 541/657/777 563/545/777
f 541/657/778 543/492/778 563/545/778
f 2957/658/779 2958/659/779 2959/660/779
f 536/661/780 537/606/780 543/492/780
f 2717/662/781 2887/605/781 2718/663/781
f 2931/664/782 2930/665/782 2927/666/782
f 530/667/783 535/493/783 537/606/783
f 2929/668/784 2923/669/784 2927/666/784
f 2737/547/785 2739/670/785 2763/671/785
f 2737/547/786 2738/548/786 2739/670/786
f 532/607/787 531/672/787 533/496/787
f 2738/548/788 2740/549/788 2739/670/788
f 531/672/789 534/436/789 533/496/789
f 531/672/790 546/610/790 534/436/790
f 306/502/791 307/673/791 308/611/791
f 2767/558/792 2825/674/792 2764/609/792
f 313/675/793 321/676/793 316/612/793
f 2767/558/794 2828/614/794 2825/674/794
f 2860/677/795 2859/678/795 2922/679/795
f 1072/563/796 1074/680/796 1077/564/796
f 2828/614/797 2858/618/797 2922/679/797
f 2859/678/798 2828/614/798 2922/679/798
f 545/519/799 560/681/799 551/388/799
f 2828/614/800 2834/619/800 2858/618/800
f 1086/621/801 1075/682/801 1071/566/801
f 2834/619/802 2835/683/802 2836/620/802
f 1083/684/803 1075/682/803 1086/621/803
f 560/681/804 559/448/804 551/388/804
f 2828/614/805 2832/622/805 2833/685/805
f 2832/622/806 2855/686/806 2833/685/806
f 560/681/807 568/569/807 559/448/807
f 2855/686/808 2917/623/808 2913/687/808
f 560/681/809 635/572/809 568/569/809
f 2917/623/810 2883/625/810 2913/687/810
f 2883/625/811 2882/688/811 2913/687/811
f 2883/625/812 2880/573/812 2882/688/812
f 2880/573/813 2881/689/813 2882/688/813
f 2880/573/814 2878/576/814 2881/689/814
f 666/574/815 667/626/815 632/575/815
f 158/690/816 149/691/816 152/692/816
f 668/627/817 630/577/817 667/626/817
f 158/690/818 157/630/818 149/691/818
f 157/630/819 147/693/819 149/691/819
f 157/630/820 148/632/820 147/693/820
f 672/629/821 673/694/821 671/582/821
f 673/694/822 674/633/822 671/582/822
f 159/631/823 153/642/823 148/632/823
f 381/636/824 366/695/824 377/637/824
f 354/639/825 350/696/825 351/595/825
f 886/591/826 903/697/826 905/589/826
f 886/591/827 885/644/827 902/698/827
f 886/591/828 902/698/828 903/697/828
f 350/696/829 349/699/829 348/645/829
f 351/595/830 350/696/830 348/645/830
f 676/590/831 680/700/831 679/592/831
f 676/590/832 681/701/832 680/700/832
f 679/592/833 680/700/833 682/647/833
f 680/700/834 683/702/834 682/647/834
f 682/647/835 683/702/835 885/644/835
f 885/644/836 683/702/836 902/698/836
f 718/703/837 717/704/837 723/705/837
f 583/706/838 716/707/838 718/703/838
f 718/703/839 716/707/839 717/704/839
f 716/707/840 715/651/840 717/704/840
f 717/704/841 775/708/841 782/709/841
f 583/706/842 582/710/842 716/707/842
f 715/651/843 719/652/843 717/704/843
f 717/704/844 719/652/844 775/708/844
f 582/710/845 714/650/845 716/707/845
f 716/707/846 714/650/846 715/651/846
f 719/652/847 774/600/847 775/708/847
f 2667/601/848 2665/654/848 2672/711/848
f 582/710/849 787/653/849 714/650/849
f 582/710/850 578/603/850 787/653/850
f 2665/654/851 2666/602/851 2664/656/851
f 570/712/852 552/655/852 578/603/852
f 2664/656/853 2669/604/853 2873/713/853
f 541/657/854 528/714/854 543/492/854
f 528/714/855 536/661/855 543/492/855
f 2717/662/856 2718/663/856 2716/715/856
f 530/667/857 537/606/857 536/661/857
f 2716/715/858 2715/716/858 2713/717/858
f 2716/715/859 2718/663/859 2715/716/859
f 2928/718/860 2927/666/860 2925/719/860
f 2927/666/861 2923/669/861 2925/719/861
f 2763/671/862 2739/670/862 2743/720/862
f 530/667/863 532/607/863 535/493/863
f 2739/670/864 2741/721/864 2742/722/864
f 2739/670/865 2740/549/865 2741/721/865
f 2764/609/866 2920/723/866 2741/721/866
f 309/501/867 317/608/867 307/673/867
f 2764/609/868 2825/674/868 2920/723/868
f 311/724/869 312/725/869 308/611/869
f 546/610/870 561/726/870 545/519/870
f 308/611/871 312/725/871 313/675/871
f 2825/674/872 2859/678/872 2860/677/872
f 561/726/873 560/681/873 545/519/873
f 1075/682/874 1076/727/874 1074/680/874
f 2828/614/875 2833/685/875 2834/619/875
f 1083/684/876 1076/727/876 1075/682/876
f 2834/619/877 2833/685/877 2835/683/877
f 635/572/878 666/574/878 634/405/878
f 635/572/879 665/728/879 666/574/879
f 155/729/880 152/692/880 150/730/880
f 684/731/881 672/629/881 669/628/881
f 148/632/882 153/642/882 144/732/882
f 674/633/883 446/733/883 677/635/883
f 377/637/884 366/695/884 376/734/884
f 354/639/885 355/735/885 350/696/885
f 156/641/886 146/736/886 153/642/886
f 153/642/887 146/736/887 144/732/887
f 365/737/888 364/738/888 366/695/888
f 676/590/889 449/739/889 681/701/889
f 367/740/890 361/741/890 365/737/890
f 156/641/891 162/742/891 160/743/891
f 173/744/892 162/742/892 156/641/892
f 382/745/893 368/746/893 367/740/893
f 368/746/894 360/747/894 367/740/894
f 348/645/895 349/699/895 338/748/895
f 348/645/896 338/748/896 340/749/896
f 173/744/897 175/750/897 162/742/897
f 338/748/898 329/751/898 340/749/898
f 340/749/899 329/751/899 356/752/899
f 917/649/900 920/753/900 916/648/900
f 728/754/901 725/755/901 729/756/901
f 729/756/902 725/755/902 779/757/902
f 500/758/903 724/759/903 728/754/903
f 728/754/904 724/759/904 725/755/904
f 725/755/905 723/705/905 779/757/905
f 723/705/906 783/760/906 779/757/906
f 724/759/907 723/705/907 725/755/907
f 500/758/908 496/761/908 497/762/908
f 497/762/909 584/763/909 500/758/909
f 500/758/910 584/763/910 724/759/910
f 724/759/911 718/703/911 723/705/911
f 584/763/912 718/703/912 724/759/912
f 723/705/913 782/709/913 783/760/913
f 497/762/914 498/764/914 584/763/914
f 2657/765/915 2655/766/915 2656/767/915
f 581/768/916 583/706/916 498/764/916
f 498/764/917 583/706/917 584/763/917
f 584/763/918 583/706/918 718/703/918
f 2657/765/919 2672/711/919 2655/766/919
f 581/768/920 582/710/920 583/706/920
f 581/768/921 579/769/921 582/710/921
f 2672/711/922 2665/654/922 2655/766/922
f 2655/766/923 2665/654/923 2664/656/923
f 578/603/924 582/710/924 579/769/924
f 579/769/925 570/712/925 578/603/925
f 579/769/926 566/770/926 570/712/926
f 2664/656/927 2873/713/927 2654/771/927
f 527/772/928 552/655/928 566/770/928
f 566/770/929 552/655/929 570/712/929
f 527/772/930 541/657/930 552/655/930
f 528/714/931 541/657/931 527/772/931
f 2871/773/932 2717/662/932 2719/774/932
f 2717/662/933 2713/717/933 2719/774/933
f 2717/662/934 2716/715/934 2713/717/934
f 528/714/935 530/667/935 536/661/935
f 2923/669/936 2924/775/936 2925/719/936
f 2742/722/937 2741/721/937 2762/776/937
f 2741/721/938 2920/723/938 2762/776/938
f 307/673/939 311/724/939 308/611/939
f 2920/723/940 2825/674/940 2861/777/940
f 546/610/941 569/778/941 561/726/941
f 1404/779/942 1403/780/942 1405/781/942
f 2825/674/943 2860/677/943 2861/777/943
f 2860/677/944 2862/782/944 2861/777/944
f 637/783/945 560/681/945 561/726/945
f 1076/727/946 1084/784/946 1074/680/946
f 2855/686/947 2913/687/947 2835/683/947
f 637/783/948 639/785/948 560/681/948
f 639/785/949 635/572/949 560/681/949
f 150/730/950 124/786/950 151/787/950
f 639/785/951 664/788/951 635/572/951
f 639/785/952 651/789/952 664/788/952
f 664/788/953 665/728/953 635/572/953
f 150/730/954 137/790/954 124/786/954
f 150/730/955 152/692/955 137/790/955
f 665/728/956 667/626/956 666/574/956
f 665/728/957 460/791/957 667/626/957
f 460/791/958 668/627/958 667/626/958
f 460/791/959 455/792/959 668/627/959
f 668/627/960 455/792/960 669/628/960
f 149/691/961 147/693/961 130/793/961
f 669/628/962 455/792/962 684/731/962
f 147/693/963 132/794/963 130/793/963
f 684/731/964 452/795/964 672/629/964
f 452/795/965 450/796/965 672/629/965
f 672/629/966 450/796/966 673/694/966
f 132/794/967 148/632/967 134/797/967
f 148/632/968 144/732/968 134/797/968
f 673/694/969 450/796/969 674/633/969
f 674/633/970 450/796/970 446/733/970
f 350/696/971 355/735/971 336/798/971
f 350/696/972 336/798/972 341/799/972
f 677/635/973 446/733/973 449/739/973
f 677/635/974 449/739/974 676/590/974
f 449/739/975 685/800/975 681/701/975
f 685/800/976 686/801/976 681/701/976
f 681/701/977 686/801/977 680/700/977
f 391/802/978 384/803/978 382/745/978
f 384/803/979 368/746/979 382/745/979
f 731/804/980 730/805/980 732/806/980
f 733/807/981 750/808/981 776/809/981
f 731/804/982 728/754/982 730/805/982
f 730/805/983 750/808/983 733/807/983
f 499/810/984 728/754/984 731/804/984
f 728/754/985 729/756/985 730/805/985
f 730/805/986 729/756/986 750/808/986
f 2671/811/987 2663/812/987 2674/813/987
f 2671/811/988 2660/814/988 2663/812/988
f 729/756/989 779/757/989 750/808/989
f 499/810/990 500/758/990 728/754/990
f 496/761/991 500/758/991 499/810/991
f 2660/814/992 2658/815/992 2659/816/992
f 2660/814/993 2659/816/993 2663/812/993
f 496/761/994 487/817/994 497/762/994
f 2658/815/995 2656/767/995 2659/816/995
f 487/817/996 493/818/996 497/762/996
f 493/818/997 498/764/997 497/762/997
f 493/818/998 587/819/998 498/764/998
f 587/819/999 581/768/999 498/764/999
f 2655/766/1000 2653/820/1000 2656/767/1000
f 587/819/1001 580/821/1001 581/768/1001
f 580/821/1002 579/769/1002 581/768/1002
f 2653/820/1003 2655/766/1003 2654/771/1003
f 2655/766/1004 2664/656/1004 2654/771/1004
f 580/821/1005 572/822/1005 579/769/1005
f 572/822/1006 566/770/1006 579/769/1006
f 571/823/1007 566/770/1007 572/822/1007
f 571/823/1008 524/824/1008 527/772/1008
f 571/823/1009 527/772/1009 566/770/1009
f 524/824/1010 523/825/1010 527/772/1010
f 523/825/1011 528/714/1011 527/772/1011
f 2964/826/1012 2965/827/1012 2966/828/1012
f 523/825/1013 508/829/1013 528/714/1013
f 508/829/1014 525/830/1014 528/714/1014
f 525/830/1015 530/667/1015 528/714/1015
f 2713/717/1016 2715/716/1016 2714/831/1016
f 516/832/1017 530/667/1017 525/830/1017
f 516/832/1018 532/607/1018 530/667/1018
f 516/832/1019 519/833/1019 532/607/1019
f 2742/722/1020 2762/776/1020 2744/834/1020
f 519/833/1021 531/672/1021 532/607/1021
f 519/833/1022 529/835/1022 531/672/1022
f 529/835/1023 546/610/1023 531/672/1023
f 529/835/1024 569/778/1024 546/610/1024
f 307/673/1025 323/836/1025 311/724/1025
f 2920/723/1026 2861/777/1026 2864/837/1026
f 2861/777/1027 2862/782/1027 2863/838/1027
f 659/839/1028 662/840/1028 569/778/1028
f 569/778/1029 662/840/1029 561/726/1029
f 662/840/1030 637/783/1030 561/726/1030
f 662/840/1031 653/841/1031 637/783/1031
f 653/841/1032 639/785/1032 637/783/1032
f 639/785/1033 653/841/1033 650/842/1033
f 650/842/1034 651/789/1034 639/785/1034
f 650/842/1035 466/843/1035 651/789/1035
f 651/789/1036 465/844/1036 664/788/1036
f 664/788/1037 468/845/1037 665/728/1037
f 664/788/1038 465/844/1038 468/845/1038
f 468/845/1039 461/846/1039 665/728/1039
f 665/728/1040 461/846/1040 460/791/1040
f 460/791/1041 458/847/1041 455/792/1041
f 684/731/1042 455/792/1042 452/795/1042
f 366/695/1043 371/848/1043 376/734/1043
f 371/848/1044 380/849/1044 376/734/1044
f 376/734/1045 380/849/1045 387/850/1045
f 329/751/1046 331/851/1046 356/752/1046
f 827/852/1047 784/853/1047 746/854/1047
f 761/855/1048 773/856/1048 758/857/1048
f 777/858/1049 734/859/1049 778/860/1049
f 778/860/1050 734/859/1050 737/861/1050
f 737/861/1051 734/859/1051 735/862/1051
f 756/863/1052 734/859/1052 777/858/1052
f 756/863/1053 732/806/1053 734/859/1053
f 773/856/1054 769/864/1054 758/857/1054
f 757/865/1055 758/857/1055 736/866/1055
f 757/865/1056 736/866/1056 756/863/1056
f 734/859/1057 733/807/1057 735/862/1057
f 733/807/1058 748/867/1058 735/862/1058
f 735/862/1059 748/867/1059 746/854/1059
f 758/857/1060 769/864/1060 736/866/1060
f 756/863/1061 736/866/1061 732/806/1061
f 732/806/1062 733/807/1062 734/859/1062
f 746/854/1063 828/868/1063 827/852/1063
f 746/854/1064 748/867/1064 828/868/1064
f 773/856/1065 502/869/1065 769/864/1065
f 769/864/1066 770/870/1066 736/866/1066
f 748/867/1067 832/871/1067 828/868/1067
f 502/869/1068 501/872/1068 769/864/1068
f 770/870/1069 731/804/1069 736/866/1069
f 736/866/1070 731/804/1070 732/806/1070
f 501/872/1071 770/870/1071 769/864/1071
f 748/867/1072 776/809/1072 832/871/1072
f 2678/873/1073 2677/874/1073 2683/875/1073
f 2674/813/1074 2677/874/1074 2678/873/1074
f 502/869/1075 495/876/1075 501/872/1075
f 501/872/1076 499/810/1076 770/870/1076
f 770/870/1077 499/810/1077 731/804/1077
f 2674/813/1078 2676/877/1078 2677/874/1078
f 501/872/1079 495/876/1079 499/810/1079
f 2674/813/1080 2675/878/1080 2676/877/1080
f 495/876/1081 494/879/1081 491/880/1081
f 491/880/1082 499/810/1082 495/876/1082
f 491/880/1083 489/881/1083 496/761/1083
f 491/880/1084 496/761/1084 499/810/1084
f 2674/813/1085 2663/812/1085 2675/878/1085
f 435/882/1086 425/883/1086 430/884/1086
f 489/881/1087 487/817/1087 496/761/1087
f 435/882/1088 428/885/1088 425/883/1088
f 435/882/1089 436/886/1089 428/885/1089
f 436/886/1090 437/887/1090 428/885/1090
f 493/818/1091 492/888/1091 643/889/1091
f 2661/890/1092 2656/767/1092 2653/820/1092
f 643/889/1093 587/819/1093 493/818/1093
f 640/891/1094 580/821/1094 587/819/1094
f 641/892/1095 580/821/1095 640/891/1095
f 2653/820/1096 2654/771/1096 2652/893/1096
f 641/892/1097 617/894/1097 642/895/1097
f 642/895/1098 580/821/1098 641/892/1098
f 642/895/1099 572/822/1099 580/821/1099
f 642/895/1100 601/896/1100 571/823/1100
f 642/895/1101 571/823/1101 572/822/1101
f 2654/771/1102 2873/713/1102 2662/897/1102
f 2699/898/1103 2701/899/1103 2700/900/1103
f 522/901/1104 523/825/1104 524/824/1104
f 522/901/1105 517/902/1105 523/825/1105
f 522/901/1106 521/903/1106 517/902/1106
f 2725/904/1107 2870/905/1107 2723/906/1107
f 517/902/1108 508/829/1108 523/825/1108
f 517/902/1109 505/907/1109 508/829/1109
f 2937/908/1110 2934/909/1110 2936/910/1110
f 509/911/1111 525/830/1111 508/829/1111
f 509/911/1112 511/912/1112 525/830/1112
f 2928/718/1113 2925/719/1113 2932/913/1113
f 511/912/1114 516/832/1114 525/830/1114
f 2751/914/1115 2752/915/1115 2753/916/1115
f 516/832/1116 511/912/1116 514/917/1116
f 2925/719/1117 2926/918/1117 2932/913/1117
f 2752/915/1118 2751/914/1118 2750/919/1118
f 2925/719/1119 2924/775/1119 2926/918/1119
f 2743/720/1120 2745/920/1120 2746/921/1120
f 514/917/1121 518/922/1121 516/832/1121
f 2745/920/1122 2744/834/1122 2747/923/1122
f 518/922/1123 519/833/1123 516/832/1123
f 2743/720/1124 2744/834/1124 2745/920/1124
f 518/922/1125 526/924/1125 519/833/1125
f 526/924/1126 529/835/1126 519/833/1126
f 526/924/1127 661/925/1127 529/835/1127
f 661/925/1128 569/778/1128 529/835/1128
f 661/925/1129 659/839/1129 569/778/1129
f 2864/837/1130 2861/777/1130 2863/838/1130
f 311/724/1131 314/926/1131 312/725/1131
f 659/839/1132 656/927/1132 662/840/1132
f 662/840/1133 656/927/1133 653/841/1133
f 652/928/1134 650/842/1134 653/841/1134
f 652/928/1135 466/843/1135 650/842/1135
f 465/844/1136 463/929/1136 468/845/1136
f 468/845/1137 463/929/1137 461/846/1137
f 146/736/1138 145/930/1138 144/732/1138
f 364/738/1139 362/931/1139 366/695/1139
f 366/695/1140 362/931/1140 371/848/1140
f 446/733/1141 448/932/1141 449/739/1141
f 359/933/1142 362/931/1142 361/741/1142
f 336/798/1143 334/934/1143 329/751/1143
f 401/935/1144 400/936/1144 395/937/1144
f 368/746/1145 357/938/1145 360/747/1145
f 175/750/1146 174/939/1146 162/742/1146
f 384/803/1147 388/940/1147 372/941/1147
f 384/803/1148 372/941/1148 368/746/1148
f 372/941/1149 357/938/1149 368/746/1149
f 766/942/1150 765/943/1150 764/944/1150
f 766/942/1151 764/944/1151 767/945/1151
f 767/945/1152 764/944/1152 768/946/1152
f 741/947/1153 740/948/1153 742/949/1153
f 739/950/1154 740/948/1154 741/947/1154
f 740/948/1155 743/951/1155 742/949/1155
f 742/949/1156 743/951/1156 744/952/1156
f 743/951/1157 747/953/1157 744/952/1157
f 763/954/1158 765/943/1158 772/955/1158
f 765/943/1159 763/954/1159 764/944/1159
f 764/944/1160 760/956/1160 768/946/1160
f 743/951/1161 749/957/1161 747/953/1161
f 763/954/1162 760/956/1162 764/944/1162
f 760/956/1163 759/958/1163 768/946/1163
f 772/955/1164 786/959/1164 763/954/1164
f 759/958/1165 793/960/1165 781/961/1165
f 739/950/1166 738/962/1166 740/948/1166
f 763/954/1167 762/963/1167 760/956/1167
f 768/946/1168 759/958/1168 781/961/1168
f 743/951/1169 751/964/1169 749/957/1169
f 786/959/1170 762/963/1170 763/954/1170
f 760/956/1171 758/857/1171 759/958/1171
f 791/965/1172 737/861/1172 785/966/1172
f 785/966/1173 737/861/1173 739/950/1173
f 739/950/1174 737/861/1174 738/962/1174
f 740/948/1175 738/962/1175 743/951/1175
f 759/958/1176 794/967/1176 793/960/1176
f 791/965/1177 778/860/1177 737/861/1177
f 738/962/1178 745/968/1178 743/951/1178
f 743/951/1179 745/968/1179 751/964/1179
f 751/964/1180 829/969/1180 749/957/1180
f 762/963/1181 761/855/1181 760/956/1181
f 760/956/1182 761/855/1182 758/857/1182
f 786/959/1183 792/970/1183 762/963/1183
f 737/861/1184 735/862/1184 738/962/1184
f 830/971/1185 883/972/1185 829/969/1185
f 751/964/1186 830/971/1186 829/969/1186
f 786/959/1187 482/973/1187 792/970/1187
f 786/959/1188 891/974/1188 482/973/1188
f 762/963/1189 792/970/1189 761/855/1189
f 759/958/1190 771/975/1190 794/967/1190
f 794/967/1191 771/975/1191 842/976/1191
f 878/977/1192 778/860/1192 791/965/1192
f 784/853/1193 830/971/1193 751/964/1193
f 745/968/1194 784/853/1194 751/964/1194
f 830/971/1195 887/978/1195 883/972/1195
f 758/857/1196 757/865/1196 759/958/1196
f 759/958/1197 757/865/1197 771/975/1197
f 842/976/1198 771/975/1198 843/979/1198
f 843/979/1199 777/858/1199 878/977/1199
f 878/977/1200 777/858/1200 778/860/1200
f 735/862/1201 746/854/1201 738/962/1201
f 738/962/1202 746/854/1202 745/968/1202
f 746/854/1203 784/853/1203 745/968/1203
f 2007/980/1204 2004/981/1204 2003/982/1204
f 843/979/1205 771/975/1205 777/858/1205
f 830/971/1206 888/983/1206 887/978/1206
f 792/970/1207 773/856/1207 761/855/1207
f 482/973/1208 504/984/1208 792/970/1208
f 504/984/1209 773/856/1209 792/970/1209
f 757/865/1210 756/863/1210 771/975/1210
f 771/975/1211 756/863/1211 777/858/1211
f 482/973/1212 478/985/1212 475/986/1212
f 482/973/1213 475/986/1213 504/984/1213
f 827/852/1214 882/987/1214 784/853/1214
f 882/987/1215 888/983/1215 830/971/1215
f 784/853/1216 882/987/1216 830/971/1216
f 827/852/1217 897/988/1217 882/987/1217
f 475/986/1218 472/989/1218 469/990/1218
f 827/852/1219 828/868/1219 897/988/1219
f 475/986/1220 469/990/1220 504/984/1220
f 469/990/1221 503/991/1221 504/984/1221
f 504/984/1222 503/991/1222 773/856/1222
f 442/992/1223 443/993/1223 444/994/1223
f 503/991/1224 502/869/1224 773/856/1224
f 469/990/1225 473/995/1225 503/991/1225
f 469/990/1226 471/996/1226 473/995/1226
f 442/992/1227 434/997/1227 439/998/1227
f 442/992/1228 439/998/1228 443/993/1228
f 473/995/1229 480/999/1229 503/991/1229
f 503/991/1230 480/999/1230 502/869/1230
f 434/997/1231 433/1000/1231 439/998/1231
f 473/995/1232 479/1001/1232 480/999/1232
f 432/1002/1233 433/1000/1233 434/997/1233
f 480/999/1234 495/876/1234 502/869/1234
f 480/999/1235 481/1003/1235 495/876/1235
f 481/1003/1236 494/879/1236 495/876/1236
f 494/879/1237 490/1004/1237 491/880/1237
f 432/1002/1238 430/884/1238 431/1005/1238
f 430/884/1239 429/1006/1239 431/1005/1239
f 490/1004/1240 489/881/1240 491/880/1240
f 490/1004/1241 488/1007/1241 489/881/1241
f 425/883/1242 428/885/1242 426/1008/1242
f 425/883/1243 426/1008/1243 427/1009/1243
f 488/1007/1244 485/1010/1244 487/817/1244
f 489/881/1245 488/1007/1245 487/817/1245
f 485/1010/1246 486/1011/1246 487/817/1246
f 2727/1012/1247 2643/1013/1247 2646/1014/1247
f 2727/1012/1248 2646/1014/1248 2681/1015/1248
f 2681/1015/1249 2646/1014/1249 2680/1016/1249
f 2643/1013/1250 2645/1017/1250 2646/1014/1250
f 2680/1016/1251 2646/1014/1251 2679/1018/1251
f 487/817/1252 486/1011/1252 492/888/1252
f 487/817/1253 492/888/1253 493/818/1253
f 2643/1013/1254 2644/1019/1254 2645/1017/1254
f 2680/1016/1255 2679/1018/1255 2682/1020/1255
f 2646/1014/1256 2648/1021/1256 2679/1018/1256
f 2644/1019/1257 2885/1022/1257 2645/1017/1257
f 2645/1017/1258 2647/1023/1258 2646/1014/1258
f 2646/1014/1259 2647/1023/1259 2648/1021/1259
f 2679/1018/1260 2684/1024/1260 2682/1020/1260
f 440/1025/1261 437/887/1261 441/1026/1261
f 2645/1017/1262 2649/1027/1262 2647/1023/1262
f 2648/1021/1263 2874/1028/1263 2679/1018/1263
f 492/888/1264 645/1029/1264 643/889/1264
f 2885/1022/1265 2649/1027/1265 2645/1017/1265
f 2679/1018/1266 2874/1028/1266 2685/1030/1266
f 2685/1030/1267 2686/1031/1267 2684/1024/1267
f 2679/1018/1268 2685/1030/1268 2684/1024/1268
f 645/1029/1269 644/1032/1269 643/889/1269
f 2661/890/1270 2653/820/1270 2885/1022/1270
f 644/1032/1271 640/891/1271 643/889/1271
f 2885/1022/1272 2651/1033/1272 2649/1027/1272
f 2885/1022/1273 2653/820/1273 2651/1033/1273
f 2647/1023/1274 2673/1034/1274 2648/1021/1274
f 2648/1021/1275 2673/1034/1275 2874/1028/1275
f 2685/1030/1276 2687/1035/1276 2686/1031/1276
f 2686/1031/1277 2687/1035/1277 2688/1036/1277
f 2874/1028/1278 2689/1037/1278 2685/1030/1278
f 648/1038/1279 619/1039/1279 640/891/1279
f 2685/1030/1280 2689/1037/1280 2687/1035/1280
f 2651/1033/1281 2650/1040/1281 2649/1027/1281
f 2649/1027/1282 2650/1040/1282 2647/1023/1282
f 2687/1035/1283 2690/1041/1283 2688/1036/1283
f 617/894/1284 641/892/1284 640/891/1284
f 2979/1042/1285 2977/1043/1285 2978/1044/1285
f 2647/1023/1286 2650/1040/1286 2673/1034/1286
f 2978/1044/1287 2977/1043/1287 2974/1045/1287
f 2652/893/1288 2650/1040/1288 2651/1033/1288
f 2687/1035/1289 2691/1046/1289 2690/1041/1289
f 2979/1042/1290 2980/1047/1290 2977/1043/1290
f 2689/1037/1291 2726/1048/1291 2687/1035/1291
f 2687/1035/1292 2726/1048/1292 2692/1049/1292
f 2687/1035/1293 2692/1049/1293 2691/1046/1293
f 2977/1043/1294 2975/1050/1294 2974/1045/1294
f 2974/1045/1295 2975/1050/1295 2976/1051/1295
f 2691/1046/1296 2692/1049/1296 2693/1052/1296
f 2650/1040/1297 2894/1053/1297 2673/1034/1297
f 2652/893/1298 2662/897/1298 2650/1040/1298
f 2650/1040/1299 2662/897/1299 2894/1053/1299
f 2894/1053/1300 2702/1054/1300 2703/1055/1300
f 2703/1055/1301 2702/1054/1301 2699/898/1301
f 2708/1056/1302 2702/1054/1302 2894/1053/1302
f 2971/1057/1303 2972/1058/1303 2969/1059/1303
f 2969/1059/1304 2972/1058/1304 2973/1060/1304
f 2699/898/1305 2696/1061/1305 2726/1048/1305
f 2692/1049/1306 2694/1062/1306 2693/1052/1306
f 601/896/1307 618/1063/1307 571/823/1307
f 2702/1054/1308 2701/899/1308 2699/898/1308
f 2726/1048/1309 2696/1061/1309 2692/1049/1309
f 618/1063/1310 524/824/1310 571/823/1310
f 2692/1049/1311 2696/1061/1311 2695/1064/1311
f 2692/1049/1312 2695/1064/1312 2694/1062/1312
f 2724/1065/1313 2723/906/1313 2708/1056/1313
f 524/824/1314 618/1063/1314 522/901/1314
f 2699/898/1315 2697/1066/1315 2696/1061/1315
f 618/1063/1316 521/903/1316 522/901/1316
f 2700/900/1317 2697/1066/1317 2699/898/1317
f 2702/1054/1318 2708/1056/1318 2701/899/1318
f 2696/1061/1319 2697/1066/1319 2695/1064/1319
f 2694/1062/1320 2695/1064/1320 2707/1067/1320
f 2695/1064/1321 2697/1066/1321 2698/1068/1321
f 2695/1064/1322 2704/1069/1322 2707/1067/1322
f 2723/906/1323 2711/1070/1323 2708/1056/1323
f 2695/1064/1324 2698/1068/1324 2704/1069/1324
f 2698/1068/1325 2705/1071/1325 2704/1069/1325
f 520/1072/1326 517/902/1326 521/903/1326
f 2708/1056/1327 2710/1073/1327 2701/899/1327
f 2697/1066/1328 2706/1074/1328 2698/1068/1328
f 2870/905/1329 2711/1070/1329 2723/906/1329
f 2708/1056/1330 2711/1070/1330 2710/1073/1330
f 2698/1068/1331 2706/1074/1331 2705/1071/1331
f 2700/900/1332 2709/1075/1332 2697/1066/1332
f 2705/1071/1333 2706/1074/1333 2892/1076/1333
f 520/1072/1334 505/907/1334 517/902/1334
f 2700/900/1335 2701/899/1335 2709/1075/1335
f 2697/1066/1336 2872/1077/1336 2706/1074/1336
f 2706/1074/1337 2918/1078/1337 2892/1076/1337
f 2981/1079/1338 2982/1080/1338 2983/1081/1338
f 505/907/1339 507/1082/1339 508/829/1339
f 2697/1066/1340 2709/1075/1340 2872/1077/1340
f 2706/1074/1341 2872/1077/1341 2918/1078/1341
f 2918/1078/1342 2761/1083/1342 2889/1084/1342
f 2918/1078/1343 2889/1084/1343 2919/1085/1343
f 508/829/1344 507/1082/1344 509/911/1344
f 2872/1077/1345 2761/1083/1345 2918/1078/1345
f 2711/1070/1346 2712/1086/1346 2710/1073/1346
f 2761/1083/1347 2888/1087/1347 2889/1084/1347
f 507/1082/1348 510/1088/1348 509/911/1348
f 2938/1089/1349 2934/909/1349 2937/908/1349
f 2936/910/1350 2941/1090/1350 2942/1091/1350
f 2872/1077/1351 2760/1092/1351 2761/1083/1351
f 2756/1093/1352 2765/1094/1352 2761/1083/1352
f 2761/1083/1353 2765/1094/1353 2888/1087/1353
f 2938/1089/1354 2939/1095/1354 2934/909/1354
f 2760/1092/1355 2756/1093/1355 2761/1083/1355
f 510/1088/1356 511/912/1356 509/911/1356
f 1101/1096/1357 1091/1097/1357 1106/1098/1357
f 510/1088/1358 512/1099/1358 511/912/1358
f 2939/1095/1359 2943/1100/1359 2934/909/1359
f 2760/1092/1360 2753/916/1360 2756/1093/1360
f 2936/910/1361 2940/1101/1361 2941/1090/1361
f 2755/1102/1362 2759/1103/1362 2765/1094/1362
f 2756/1093/1363 2755/1102/1363 2765/1094/1363
f 2765/1094/1364 2759/1103/1364 2876/1104/1364
f 2935/1105/1365 2940/1101/1365 2936/910/1365
f 2753/916/1366 2755/1102/1366 2756/1093/1366
f 2943/1100/1367 2932/913/1367 2934/909/1367
f 2934/909/1368 2932/913/1368 2933/1106/1368
f 2934/909/1369 2935/1105/1369 2936/910/1369
f 511/912/1370 512/1099/1370 513/1107/1370
f 2933/1106/1371 2935/1105/1371 2934/909/1371
f 2755/1102/1372 2757/1108/1372 2759/1103/1372
f 2932/913/1373 2926/918/1373 2933/1106/1373
f 2753/916/1374 2752/915/1374 2755/1102/1374
f 2755/1102/1375 2752/915/1375 2757/1108/1375
f 511/912/1376 513/1107/1376 514/917/1376
f 2752/915/1377 2891/1109/1377 2757/1108/1377
f 1093/1110/1378 1094/1111/1378 1095/1112/1378
f 2746/921/1379 2745/920/1379 2758/1113/1379
f 2758/1113/1380 2745/920/1380 2751/914/1380
f 2745/920/1381 2750/919/1381 2751/914/1381
f 514/917/1382 513/1107/1382 515/1114/1382
f 2745/920/1383 2747/923/1383 2750/919/1383
f 2750/919/1384 2747/923/1384 2754/1115/1384
f 2750/919/1385 2754/1115/1385 2891/1109/1385
f 2747/923/1386 2748/1116/1386 2754/1115/1386
f 2744/834/1387 2748/1116/1387 2747/923/1387
f 2744/834/1388 2749/1117/1388 2748/1116/1388
f 1104/1118/1389 1099/1119/1389 1107/1120/1389
f 515/1114/1390 518/922/1390 514/917/1390
f 1108/1121/1391 1104/1118/1391 1107/1120/1391
f 518/922/1392 515/1114/1392 663/1122/1392
f 518/922/1393 663/1122/1393 526/924/1393
f 526/924/1394 663/1122/1394 661/925/1394
f 663/1122/1395 660/1123/1395 661/925/1395
f 661/925/1396 660/1123/1396 659/839/1396
f 659/839/1397 660/1123/1397 658/1124/1397
f 659/839/1398 658/1124/1398 656/927/1398
f 658/1124/1399 654/1125/1399 656/927/1399
f 656/927/1400 654/1125/1400 653/841/1400
f 654/1125/1401 655/1126/1401 652/928/1401
f 653/841/1402 654/1125/1402 652/928/1402
f 652/928/1403 657/1127/1403 466/843/1403
f 466/843/1404 657/1127/1404 467/1128/1404
f 121/1129/1405 122/1130/1405 123/1131/1405
f 466/843/1406 465/844/1406 651/789/1406
f 466/843/1407 467/1128/1407 465/844/1407
f 467/1128/1408 464/1132/1408 465/844/1408
f 465/844/1409 464/1132/1409 463/929/1409
f 464/1132/1410 462/1133/1410 463/929/1410
f 463/929/1411 462/1133/1411 461/846/1411
f 462/1133/1412 459/1134/1412 461/846/1412
f 461/846/1413 459/1134/1413 460/791/1413
f 460/791/1414 459/1134/1414 458/847/1414
f 459/1134/1415 457/1135/1415 458/847/1415
f 458/847/1416 457/1135/1416 455/792/1416
f 455/792/1417 457/1135/1417 456/1136/1417
f 456/1136/1418 454/1137/1418 455/792/1418
f 455/792/1419 454/1137/1419 452/795/1419
f 454/1137/1420 453/1138/1420 452/795/1420
f 452/795/1421 453/1138/1421 451/1139/1421
f 452/795/1422 451/1139/1422 450/796/1422
f 134/797/1423 143/1140/1423 133/1141/1423
f 451/1139/1424 447/1142/1424 450/796/1424
f 450/796/1425 447/1142/1425 446/733/1425
f 446/733/1426 447/1142/1426 448/932/1426
f 334/934/1427 330/1143/1427 329/751/1427
f 395/937/1428 400/936/1428 392/1144/1428
f 395/937/1429 392/1144/1429 384/803/1429
f 357/938/1430 359/933/1430 360/747/1430
f 384/803/1431 392/1144/1431 388/940/1431
f 329/751/1432 330/1143/1432 331/851/1432
f 175/750/1433 176/1145/1433 174/939/1433
f 874/1146/1434 765/943/1434 766/942/1434
f 766/942/1435 767/945/1435 901/1147/1435
f 845/1148/1436 795/1149/1436 741/947/1436
f 845/1148/1437 741/947/1437 742/949/1437
f 876/1150/1438 765/943/1438 874/1146/1438
f 767/945/1439 768/946/1439 893/1151/1439
f 742/949/1440 744/952/1440 841/1152/1440
f 876/1150/1441 875/1153/1441 765/943/1441
f 795/1149/1442 739/950/1442 741/947/1442
f 744/952/1443 881/1154/1443 841/1152/1443
f 768/946/1444 781/961/1444 893/1151/1444
f 896/1155/1445 739/950/1445 795/1149/1445
f 744/952/1446 747/953/1446 881/1154/1446
f 875/1153/1447 772/955/1447 765/943/1447
f 895/1156/1448 739/950/1448 896/1155/1448
f 747/953/1449 861/1157/1449 881/1154/1449
f 918/1158/1450 772/955/1450 875/1153/1450
f 2088/1159/1451 2089/1160/1451 2090/1161/1451
f 895/1156/1452 785/966/1452 739/950/1452
f 918/1158/1453 880/1162/1453 772/955/1453
f 772/955/1454 880/1162/1454 786/959/1454
f 1998/1163/1455 1999/1164/1455 2000/1165/1455
f 829/969/1456 859/1166/1456 747/953/1456
f 749/957/1457 829/969/1457 747/953/1457
f 747/953/1458 859/1166/1458 861/1157/1458
f 904/1167/1459 785/966/1459 912/1168/1459
f 829/969/1460 883/972/1460 859/1166/1460
f 1541/1169/1461 1542/1170/1461 1543/1171/1461
f 904/1167/1462 791/965/1462 785/966/1462
f 880/1162/1463 891/974/1463 786/959/1463
f 904/1167/1464 878/977/1464 791/965/1464
f 887/978/1465 914/1172/1465 883/972/1465
f 2003/982/1466 2002/1173/1466 2005/1174/1466
f 891/974/1467 484/1175/1467 482/973/1467
f 2007/980/1468 2006/1176/1468 2004/981/1468
f 484/1175/1469 483/1177/1469 482/973/1469
f 482/973/1470 483/1177/1470 478/985/1470
f 478/985/1471 477/1178/1471 475/986/1471
f 2140/1179/1472 2142/1180/1472 2143/1181/1472
f 990/1182/1473 989/1183/1473 991/1184/1473
f 477/1178/1474 476/1185/1474 475/986/1474
f 475/986/1475 476/1185/1475 472/989/1475
f 984/1186/1476 989/1183/1476 988/1187/1476
f 472/989/1477 470/1188/1477 469/990/1477
f 469/990/1478 470/1188/1478 471/996/1478
f 471/996/1479 474/1189/1479 473/995/1479
f 473/995/1480 474/1189/1480 479/1001/1480
f 480/999/1481 479/1001/1481 481/1003/1481
f 2214/1190/1482 2207/1191/1482 2211/1192/1482
f 2211/1192/1483 2207/1191/1483 2202/1193/1483
f 1133/1194/1484 1129/1195/1484 1131/1196/1484
f 2727/1012/1485 2641/1197/1485 2643/1013/1485
f 2145/1198/1486 2146/1199/1486 2147/1200/1486
f 2641/1197/1487 2642/1201/1487 2643/1013/1487
f 616/1202/1488 604/1203/1488 615/1204/1488
f 615/1204/1489 604/1203/1489 605/1205/1489
f 2642/1201/1490 2644/1019/1490 2643/1013/1490
f 1134/1206/1491 1136/1207/1491 1135/1208/1491
f 616/1202/1492 649/1209/1492 604/1203/1492
f 605/1205/1493 603/1210/1493 620/1211/1493
f 2104/1212/1494 2105/1213/1494 2106/1214/1494
f 614/1215/1495 604/1203/1495 633/1216/1495
f 604/1203/1496 603/1210/1496 605/1205/1496
f 2101/1217/1497 2103/1218/1497 2102/1219/1497
f 2106/1214/1498 2105/1213/1498 2108/1220/1498
f 646/1221/1499 614/1215/1499 633/1216/1499
f 620/1211/1500 603/1210/1500 619/1039/1500
f 1125/1222/1501 1121/1223/1501 1124/1224/1501
f 647/1225/1502 614/1215/1502 646/1221/1502
f 604/1203/1503 600/1226/1503 603/1210/1503
f 647/1225/1504 612/1227/1504 614/1215/1504
f 614/1215/1505 600/1226/1505 604/1203/1505
f 2162/1228/1506 2163/1229/1506 2164/1230/1506
f 600/1226/1507 602/1231/1507 603/1210/1507
f 1121/1223/1508 1122/1232/1508 1123/1233/1508
f 612/1227/1509 600/1226/1509 614/1215/1509
f 603/1210/1510 602/1231/1510 617/894/1510
f 603/1210/1511 617/894/1511 619/1039/1511
f 1122/1232/1512 1127/1234/1512 1126/1235/1512
f 613/1236/1513 609/1237/1513 612/1227/1513
f 606/1238/1514 600/1226/1514 612/1227/1514
f 600/1226/1515 601/896/1515 602/1231/1515
f 2150/1239/1516 2151/1240/1516 2152/1241/1516
f 612/1227/1517 609/1237/1517 606/1238/1517
f 1445/1242/1518 1444/1243/1518 1443/1244/1518
f 609/1237/1519 608/1245/1519 606/1238/1519
f 600/1226/1520 599/1246/1520 601/896/1520
f 600/1226/1521 598/1247/1521 599/1246/1521
f 1444/1243/1522 1441/1248/1522 1442/1249/1522
f 606/1238/1523 607/1250/1523 598/1247/1523
f 606/1238/1521 598/1247/1521 600/1226/1521
f 609/1237/1524 611/1251/1524 608/1245/1524
f 606/1238/1525 608/1245/1525 607/1250/1525
f 599/1246/1526 618/1063/1526 601/896/1526
f 598/1247/1527 607/1250/1527 610/1252/1527
f 608/1245/1528 636/1253/1528 607/1250/1528
f 607/1250/1529 636/1253/1529 622/1254/1529
f 599/1246/1530 521/903/1530 618/1063/1530
f 607/1250/1531 622/1254/1531 610/1252/1531
f 598/1247/1532 521/903/1532 599/1246/1532
f 1113/1255/1533 1111/1256/1533 1110/1257/1533
f 622/1254/1534 638/1258/1534 610/1252/1534
f 598/1247/1535 610/1252/1535 505/907/1535
f 598/1247/1536 505/907/1536 521/903/1536
f 610/1252/1537 638/1258/1537 505/907/1537
f 521/903/1538 505/907/1538 520/1072/1538
f 2705/1071/1539 2892/1076/1539 2893/1259/1539
f 505/907/1540 638/1258/1540 506/1260/1540
f 505/907/1541 506/1260/1541 507/1082/1541
f 1090/1261/1542 1089/1262/1542 1092/1263/1542
f 1101/1096/1543 1105/1264/1543 1091/1097/1543
f 1098/1265/1544 1096/1266/1544 1100/1267/1544
f 1098/1265/1545 1095/1112/1545 1096/1266/1545
f 1093/1110/1546 1097/1268/1546 1094/1111/1546
f 1104/1118/1547 1103/1269/1547 1099/1119/1547
f 956/1270/1548 950/1271/1548 952/1272/1548
f 1108/1121/1549 1109/1273/1549 1104/1118/1549
f 950/1271/1550 951/1274/1550 952/1272/1550
f 952/1272/1551 951/1274/1551 957/1275/1551
f 2134/1276/1552 2131/1277/1552 2125/1278/1552
f 2177/1279/1553 2178/1280/1553 2179/1281/1553
f 983/1282/1554 966/1283/1554 961/1284/1554
f 958/1285/1555 960/1286/1555 962/1287/1555
f 380/849/1556 386/1288/1556 387/850/1556
f 989/1183/1557 1000/1289/1557 991/1184/1557
f 2199/1290/1558 2200/1291/1558 2201/1292/1558
f 2216/1293/1559 2207/1191/1559 2214/1190/1559
f 2207/1191/1560 2203/1294/1560 2202/1193/1560
f 2203/1294/1561 2205/1295/1561 2204/1296/1561
f 2202/1193/1562 2203/1294/1562 2204/1296/1562
f 1537/1297/1563 1518/1298/1563 1533/1299/1563
f 2206/1300/1564 2205/1295/1564 2209/1301/1564
f 2205/1295/1565 2210/1302/1565 2209/1301/1565
f 2307/1303/1566 2305/1304/1566 2308/1305/1566
f 2224/1306/1567 2225/1307/1567 2226/1308/1567
f 1539/1309/1568 1528/1310/1568 1538/1311/1568
f 2227/1312/1569 2412/1313/1569 2419/1314/1569
f 1536/1315/1570 1529/1316/1570 1528/1310/1570
f 1536/1315/1571 1528/1310/1571 1540/1317/1571
f 2419/1314/1572 2329/1318/1572 2420/1319/1572
f 955/1320/1573 953/1321/1573 950/1271/1573
f 950/1271/1574 953/1321/1574 951/1274/1574
f 951/1274/1575 954/1322/1575 957/1275/1575
f 957/1275/1576 954/1322/1576 976/1323/1576
f 976/1323/1577 975/1324/1577 974/1325/1577
f 974/1325/1578 975/1324/1578 973/1326/1578
f 974/1325/1579 973/1326/1579 972/1327/1579
f 966/1283/1580 972/1327/1580 971/1328/1580
f 961/1284/1581 966/1283/1581 959/1329/1581
f 961/1284/1582 959/1329/1582 958/1285/1582
f 958/1285/1583 959/1329/1583 960/1286/1583
f 962/1287/1584 960/1286/1584 963/1330/1584
f 962/1287/1585 963/1330/1585 964/1331/1585
f 964/1331/1586 963/1330/1586 968/1332/1586
f 964/1331/1587 968/1332/1587 969/1333/1587
f 969/1333/1588 970/1334/1588 977/1335/1588
f 977/1335/1589 978/1336/1589 979/1337/1589
f 979/1337/1590 978/1336/1590 980/1338/1590
f 979/1337/1591 980/1338/1591 981/1339/1591
f 981/1339/1592 980/1338/1592 982/1340/1592
f 2396/1341/1593 2394/1342/1593 2395/1343/1593
f 2393/1344/1594 2395/1343/1594 2394/1342/1594
f 2393/1344/1595 2394/1342/1595 2388/1345/1595
f 2393/1344/1596 2388/1345/1596 2392/1346/1596
f 380/849/1597 385/1347/1597 386/1288/1597
f 2392/1346/1598 2388/1345/1598 2390/1348/1598
f 2392/1346/1599 2390/1348/1599 2397/1349/1599
f 334/934/1600 335/1350/1600 333/1351/1600
f 1939/1352/1601 1937/1353/1601 1944/1354/1601
f 334/934/1602 333/1351/1602 330/1143/1602
f 392/1144/1603 383/1355/1603 388/940/1603
f 388/940/1604 383/1355/1604 372/941/1604
f 1933/1356/1605 1934/1357/1605 1935/1358/1605
f 997/1359/1606 996/1360/1606 993/1361/1606
f 2208/1362/1607 2215/1363/1607 2203/1294/1607
f 2408/1364/1608 2415/1365/1608 2407/1366/1608
f 951/1274/1609 953/1321/1609 954/1322/1609
f 2273/1367/1610 2272/1368/1610 2274/1369/1610
f 973/1326/1611 971/1328/1611 972/1327/1611
f 966/1283/1612 971/1328/1612 967/1370/1612
f 967/1370/1613 965/1371/1613 959/1329/1613
f 959/1329/1614 965/1371/1614 960/1286/1614
f 960/1286/1615 965/1371/1615 963/1330/1615
f 2340/1372/1616 2338/1373/1616 2339/1374/1616
f 977/1335/1617 970/1334/1617 978/1336/1617
f 362/931/1618 363/1375/1618 369/1376/1618
f 362/931/1619 369/1376/1619 371/848/1619
f 371/848/1620 369/1376/1620 379/1377/1620
f 371/848/1621 379/1377/1621 380/849/1621
f 392/1144/1622 394/1378/1622 383/1355/1622
f 357/938/1623 358/1379/1623 359/933/1623
f 383/1355/1624 370/1380/1624 372/941/1624
f 372/941/1625 370/1380/1625 357/938/1625
f 330/1143/1626 332/1381/1626 331/851/1626
f 1933/1356/1627 1936/1382/1627 1934/1357/1627
f 278/1383/1628 304/1384/1628 280/1385/1628
f 411/1386/1629 407/1387/1629 409/1388/1629
f 300/1389/1630 281/1390/1630 280/1385/1630
f 2273/1367/1631 2266/1391/1631 2272/1368/1631
f 2274/1369/1632 2328/1392/1632 2331/1393/1632
f 2332/1394/1633 2328/1392/1633 2333/1395/1633
f 2338/1373/1634 2336/1396/1634 2339/1374/1634
f 2340/1372/1635 2339/1374/1635 2341/1397/1635
f 2341/1397/1636 2342/1398/1636 2343/1399/1636
f 380/849/1637 379/1377/1637 385/1347/1637
f 357/938/1638 370/1380/1638 358/1379/1638
f 333/1351/1639 332/1381/1639 330/1143/1639
f 2424/1400/1640 2298/1401/1640 2423/1402/1640
f 2298/1401/1641 2290/1403/1641 2289/1404/1641
f 2263/1405/1642 2262/1406/1642 2264/1407/1642
f 408/1408/1643 402/1409/1643 407/1387/1643
f 277/1410/1644 304/1384/1644 278/1383/1644
f 278/1383/1645 280/1385/1645 279/1411/1645
f 280/1385/1646 281/1390/1646 279/1411/1646
f 409/1388/1647 410/1412/1647 417/1413/1647
f 281/1390/1648 286/1414/1648 279/1411/1648
f 281/1390/1649 289/1415/1649 286/1414/1649
f 289/1415/1650 293/1416/1650 286/1414/1650
f 2341/1397/1651 2339/1374/1651 2342/1398/1651
f 2342/1398/1652 2344/1417/1652 2343/1399/1652
f 2343/1399/1653 2344/1417/1653 2347/1418/1653
f 2347/1418/1654 2344/1417/1654 2346/1419/1654
f 2347/1418/1655 2346/1419/1655 2409/1420/1655
f 2409/1420/1656 2346/1419/1656 2432/1421/1656
f 2476/1422/1657 2477/1423/1657 2478/1424/1657
f 2388/1345/1658 2386/1425/1658 2390/1348/1658
f 379/1377/1659 390/1426/1659 385/1347/1659
f 2390/1348/1660 2386/1425/1660 2391/1427/1660
f 335/1350/1661 342/1428/1661 337/1429/1661
f 337/1429/1662 333/1351/1662 335/1350/1662
f 2391/1427/1663 2386/1425/1663 2422/1430/1663
f 337/1429/1664 339/1431/1664 333/1351/1664
f 1934/1357/1665 1936/1382/1665 1937/1353/1665
f 2422/1430/1666 2387/1432/1666 2435/1433/1666
f 2422/1430/1667 2435/1433/1667 2437/1434/1667
f 2435/1433/1668 2436/1435/1668 2437/1434/1668
f 383/1355/1669 378/1436/1669 370/1380/1669
f 370/1380/1670 378/1436/1670 358/1379/1670
f 333/1351/1671 339/1431/1671 332/1381/1671
f 277/1410/1672 278/1383/1672 272/1437/1672
f 278/1383/1673 279/1411/1673 272/1437/1673
f 407/1387/1674 402/1409/1674 404/1438/1674
f 407/1387/1675 404/1438/1675 409/1388/1675
f 404/1438/1676 410/1412/1676 409/1388/1676
f 421/1439/1677 410/1412/1677 420/1440/1677
f 937/1441/1678 933/1442/1678 941/1443/1678
f 949/1444/1679 937/1441/1679 943/1445/1679
f 944/1446/1680 943/1445/1680 941/1443/1680
f 2346/1419/1681 2349/1447/1681 2432/1421/1681
f 2394/1342/1682 2432/1421/1682 2398/1448/1682
f 2394/1342/1683 2398/1448/1683 2388/1345/1683
f 2398/1448/1684 2381/1449/1684 2388/1345/1684
f 2381/1449/1685 2386/1425/1685 2388/1345/1685
f 369/1376/1686 375/1450/1686 379/1377/1686
f 347/1451/1687 344/1452/1687 342/1428/1687
f 363/1375/1688 374/1453/1688 369/1376/1688
f 2386/1425/1689 2387/1432/1689 2422/1430/1689
f 343/1454/1690 339/1431/1690 337/1429/1690
f 1936/1382/1691 1938/1455/1691 1937/1353/1691
f 295/1456/1692 277/1410/1692 271/1457/1692
f 408/1408/1693 405/1458/1693 402/1409/1693
f 271/1457/1694 277/1410/1694 272/1437/1694
f 402/1409/1695 403/1459/1695 404/1438/1695
f 279/1411/1696 286/1414/1696 287/1460/1696
f 410/1412/1697 404/1438/1697 416/1461/1697
f 410/1412/1698 416/1461/1698 420/1440/1698
f 420/1440/1699 416/1461/1699 422/1462/1699
f 286/1414/1700 293/1416/1700 292/1463/1700
f 1375/1464/1701 1355/1465/1701 1369/1466/1701
f 293/1416/1702 297/1467/1702 292/1463/1702
f 2342/1398/1703 2348/1468/1703 2345/1469/1703
f 2432/1421/1704 2349/1447/1704 2431/1470/1704
f 346/1471/1705 344/1452/1705 347/1451/1705
f 375/1450/1706 393/1472/1706 379/1377/1706
f 342/1428/1707 343/1454/1707 337/1429/1707
f 342/1428/1708 344/1452/1708 343/1454/1708
f 2387/1432/1709 2384/1473/1709 2435/1433/1709
f 2435/1433/1710 2389/1474/1710 2436/1435/1710
f 1924/1475/1711 1899/1476/1711 1918/1477/1711
f 343/1454/1712 345/1478/1712 339/1431/1712
f 414/1479/1713 405/1458/1713 415/1480/1713
f 271/1457/1714 272/1437/1714 273/1481/1714
f 405/1458/1715 403/1459/1715 402/1409/1715
f 273/1481/1716 279/1411/1716 282/1482/1716
f 403/1459/1717 418/1483/1717 404/1438/1717
f 279/1411/1718 287/1460/1718 282/1482/1718
f 404/1438/1719 419/1484/1719 416/1461/1719
f 286/1414/1720 292/1463/1720 287/1460/1720
f 292/1463/1721 294/1485/1721 287/1460/1721
f 1372/1486/1722 1355/1465/1722 1375/1464/1722
f 928/1487/1723 930/1488/1723 947/1489/1723
f 945/1490/1724 928/1487/1724 947/1489/1724
f 945/1490/1725 933/1442/1725 928/1487/1725
f 1376/1491/1726 1366/1492/1726 1373/1493/1726
f 937/1441/1727 932/1494/1727 933/1442/1727
f 2431/1470/1728 2374/1495/1728 2398/1448/1728
f 2431/1470/1729 2398/1448/1729 2432/1421/1729
f 2381/1449/1730 2382/1496/1730 2386/1425/1730
f 398/1497/1731 397/1498/1731 396/1499/1731
f 396/1499/1732 397/1498/1732 375/1450/1732
f 397/1498/1733 393/1472/1733 375/1450/1733
f 344/1452/1734 346/1471/1734 345/1478/1734
f 2387/1432/1735 2382/1496/1735 2384/1473/1735
f 344/1452/1736 345/1478/1736 343/1454/1736
f 295/1456/1737 299/1500/1737 302/1501/1737
f 414/1479/1738 413/1502/1738 405/1458/1738
f 295/1456/1739 271/1457/1739 299/1500/1739
f 271/1457/1740 273/1481/1740 274/1503/1740
f 405/1458/1741 406/1504/1741 403/1459/1741
f 274/1503/1742 273/1481/1742 275/1505/1742
f 273/1481/1743 282/1482/1743 275/1505/1743
f 282/1482/1744 283/1506/1744 275/1505/1744
f 282/1482/1745 287/1460/1745 290/1507/1745
f 287/1460/1746 294/1485/1746 290/1507/1746
f 2417/1508/1747 2371/1509/1747 2355/1510/1747
f 2417/1508/1748 2353/1511/1748 2351/1512/1748
f 2374/1495/1749 2378/1513/1749 2398/1448/1749
f 2381/1449/1750 2378/1513/1750 2380/1514/1750
f 1560/1515/1751 1559/1516/1751 1579/1517/1751
f 2256/1518/1752 2253/1519/1752 2255/1520/1752
f 405/1458/1753 412/1521/1753 406/1504/1753
f 299/1500/1754 271/1457/1754 296/1522/1754
f 271/1457/1755 274/1503/1755 296/1522/1755
f 1371/1523/1756 1362/1524/1756 1374/1525/1756
f 1362/1524/1757 1348/1526/1757 1363/1527/1757
f 928/1487/1758 929/1528/1758 930/1488/1758
f 1856/1529/1759 1846/1530/1759 1897/1531/1759
f 1856/1529/1760 1897/1531/1760 1971/1532/1760
f 2375/1533/1761 2377/1534/1761 2376/1535/1761
f 1838/1536/1762 1909/1537/1762 1914/1538/1762
f 1836/1539/1763 1907/1540/1763 1801/1541/1763
f 1837/1542/1764 1908/1543/1764 1836/1539/1764
f 1801/1541/1765 1799/1544/1765 1836/1539/1765
f 423/1545/1766 413/1502/1766 424/1546/1766
f 1195/1547/1767 1196/1548/1767 1197/1549/1767
f 274/1503/1768 275/1505/1768 276/1550/1768
f 283/1506/1769 284/1551/1769 276/1550/1769
f 283/1506/1770 290/1507/1770 284/1551/1770
f 290/1507/1771 294/1485/1771 284/1551/1771
f 931/1552/1772 936/1553/1772 946/1554/1772
f 930/1488/1773 929/1528/1773 931/1552/1773
f 2445/1555/1774 2447/1556/1774 2446/1557/1774
f 2353/1511/1775 2354/1558/1775 2352/1559/1775
f 1898/1560/1776 1820/1561/1776 1844/1562/1776
f 2402/1563/1777 2377/1534/1777 2375/1533/1777
f 1914/1538/1778 1908/1543/1778 1837/1542/1778
f 1908/1543/1779 1907/1540/1779 1836/1539/1779
f 2248/1564/1780 2250/1565/1780 2249/1566/1780
f 303/1567/1781 299/1500/1781 301/1568/1781
f 1191/1569/1782 1193/1570/1782 1195/1547/1782
f 299/1500/1783 296/1522/1783 301/1568/1783
f 936/1553/1784 939/1571/1784 948/1572/1784
f 931/1552/1785 935/1573/1785 936/1553/1785
f 931/1552/1786 934/1574/1786 935/1573/1786
f 2355/1510/1787 2359/1575/1787 2356/1576/1787
f 1908/1543/1788 1904/1577/1788 1903/1578/1788
f 296/1522/1789 274/1503/1789 298/1579/1789
f 274/1503/1790 276/1550/1790 291/1580/1790
f 276/1550/1791 284/1551/1791 285/1581/1791
f 276/1550/1792 285/1581/1792 288/1582/1792
f 2114/1583/1793 2115/1584/1793 2116/1585/1793
f 2607/1586/1794 2608/1587/1794 2609/1588/1794
f 2454/1589/1795 2455/1590/1795 2456/1591/1795
f 2462/1592/1796 2463/1593/1796 2464/1594/1796
f 938/1595/1797 940/1596/1797 939/1571/1797
f 2519/1597/1798 2559/1598/1798 2594/1599/1798
f 2634/1600/1799 2635/1601/1799 2636/1602/1799
f 2636/1602/1800 2635/1601/1800 2637/1603/1800
f 2519/1597/1801 2524/1604/1801 2550/1605/1801
f 2519/1597/1802 2550/1605/1802 2559/1598/1802
f 2550/1605/1803 2552/1606/1803 2559/1598/1803
f 2559/1598/1804 2552/1606/1804 2592/1607/1804
f 2559/1598/1805 2592/1607/1805 2593/1608/1805
f 2524/1604/1806 2549/1609/1806 2550/1605/1806
f 2157/1610/1807 2159/1611/1807 2160/1612/1807
f 2157/1610/1808 2158/1613/1808 2159/1611/1808
f 2550/1605/1809 2551/1614/1809 2552/1606/1809
f 2549/1609/1810 2554/1615/1810 2553/1616/1810
f 2549/1609/1811 2553/1616/1811 2551/1614/1811
f 2549/1609/1812 2551/1614/1812 2550/1605/1812
f 2555/1617/1813 2553/1616/1813 2554/1615/1813
f 2555/1617/1814 2558/1618/1814 2557/1619/1814
f 2555/1617/1815 2557/1619/1815 2553/1616/1815
f 1689/1620/1816 1715/1621/1816 1743/1622/1816
f 2633/1623/1817 2631/1624/1817 2632/1625/1817
f 2529/1626/1818 2547/1627/1818 2561/1628/1818
f 1053/1629/1819 1054/1630/1819 1052/1631/1819
f 2510/1632/1820 2594/1599/1820 2577/1633/1820
f 2510/1632/1821 2577/1633/1821 2576/1634/1821
f 2519/1597/1822 2594/1599/1822 2510/1632/1822
f 2519/1597/1823 2523/1635/1823 2524/1604/1823
f 2523/1635/1824 2591/1636/1824 2549/1609/1824
f 2523/1635/1825 2549/1609/1825 2524/1604/1825
f 2591/1636/1826 2554/1615/1826 2549/1609/1826
f 2525/1637/1827 2548/1638/1827 2591/1636/1827
f 2628/1639/1828 2629/1640/1828 2630/1641/1828
f 2548/1638/1829 2525/1637/1829 2527/1642/1829
f 2629/1640/1830 2631/1624/1830 2630/1641/1830
f 2527/1642/1831 2529/1626/1831 2548/1638/1831
f 2548/1638/1832 2529/1626/1832 2560/1643/1832
f 2629/1640/1833 2632/1625/1833 2631/1624/1833
f 2527/1642/1834 2528/1644/1834 2529/1626/1834
f 2528/1644/1835 2547/1627/1835 2529/1626/1835
f 1425/1645/1836 1429/1646/1836 1430/1647/1836
f 2547/1627/1837 2536/1648/1837 2561/1628/1837
f 1425/1645/1838 1426/1649/1838 1427/1650/1838
f 1429/1646/1839 1425/1645/1839 1427/1650/1839
f 1426/1649/1840 1422/1651/1840 1428/1652/1840
f 1428/1652/1841 1422/1651/1841 1431/1653/1841
f 1431/1653/1842 1422/1651/1842 1420/1654/1842
f 2510/1632/1843 2576/1634/1843 2575/1655/1843
f 2509/1656/1844 2519/1597/1844 2510/1632/1844
f 1012/1657/1845 1013/1658/1845 1014/1659/1845
f 2518/1660/1846 2520/1661/1846 2519/1597/1846
f 2518/1660/1847 2519/1597/1847 2509/1656/1847
f 2520/1661/1848 2523/1635/1848 2519/1597/1848
f 2518/1660/1849 2521/1662/1849 2520/1661/1849
f 1258/1663/1850 1259/1664/1850 1284/1665/1850
f 2521/1662/1851 2518/1660/1851 2522/1666/1851
f 2521/1662/1852 2591/1636/1852 2520/1661/1852
f 2520/1661/1853 2591/1636/1853 2523/1635/1853
f 2522/1666/1854 2525/1637/1854 2521/1662/1854
f 2521/1662/1855 2525/1637/1855 2591/1636/1855
f 2525/1637/1856 2522/1666/1856 2526/1667/1856
f 2526/1667/1857 2527/1642/1857 2525/1637/1857
f 2526/1667/1858 2528/1644/1858 2527/1642/1858
f 2526/1667/1859 2530/1668/1859 2528/1644/1859
f 2530/1668/1860 2531/1669/1860 2528/1644/1860
f 2528/1644/1861 2531/1669/1861 2547/1627/1861
f 2531/1669/1862 2536/1648/1862 2547/1627/1862
f 2531/1669/1863 2534/1670/1863 2536/1648/1863
f 2534/1670/1864 2537/1671/1864 2536/1648/1864
f 2537/1671/1865 2534/1670/1865 2538/1672/1865
f 1426/1649/1866 1423/1673/1866 1422/1651/1866
f 1423/1673/1867 1421/1674/1867 1422/1651/1867
f 1421/1674/1868 1415/1675/1868 1420/1654/1868
f 1422/1651/1869 1421/1674/1869 1420/1654/1869
f 1420/1654/1870 1415/1675/1870 1419/1676/1870
f 1419/1676/1871 1415/1675/1871 1417/1677/1871
f 1060/1678/1872 1057/1679/1872 1059/1680/1872
f 2362/1681/1873 2363/1682/1873 2361/1683/1873
f 2508/1684/1874 2575/1655/1874 2580/1685/1874
f 2510/1632/1875 2575/1655/1875 2508/1684/1875
f 2507/1686/1876 2509/1656/1876 2508/1684/1876
f 2508/1684/1877 2509/1656/1877 2510/1632/1877
f 1314/1687/1878 1259/1664/1878 1290/1688/1878
f 1331/1689/1879 1328/1690/1879 1330/1691/1879
f 2507/1686/1880 2511/1692/1880 2509/1656/1880
f 2511/1692/1881 2518/1660/1881 2509/1656/1881
f 2511/1692/1882 2578/1693/1882 2518/1660/1882
f 2578/1693/1883 2522/1666/1883 2518/1660/1883
f 2578/1693/1884 2526/1667/1884 2522/1666/1884
f 2578/1693/1885 2532/1694/1885 2526/1667/1885
f 2532/1694/1886 2530/1668/1886 2526/1667/1886
f 2532/1694/1887 2531/1669/1887 2530/1668/1887
f 2532/1694/1888 2533/1695/1888 2531/1669/1888
f 2533/1695/1889 2534/1670/1889 2531/1669/1889
f 2533/1695/1890 2535/1696/1890 2534/1670/1890
f 2535/1696/1891 2545/1697/1891 2534/1670/1891
f 2534/1670/1892 2545/1697/1892 2538/1672/1892
f 2538/1672/1893 2545/1697/1893 2602/1698/1893
f 1423/1673/1894 1424/1699/1894 1421/1674/1894
f 1421/1674/1895 1424/1699/1895 1415/1675/1895
f 1415/1675/1896 1416/1700/1896 1417/1677/1896
f 1060/1678/1897 1058/1701/1897 1057/1679/1897
f 2512/1702/1898 2580/1685/1898 2515/1703/1898
f 2506/1704/1899 2508/1684/1899 2512/1702/1899
f 2512/1702/1900 2508/1684/1900 2580/1685/1900
f 2506/1704/1901 2507/1686/1901 2508/1684/1901
f 2615/1705/1902 2613/1706/1902 2614/1707/1902
f 2613/1706/1903 2612/1708/1903 2614/1707/1903
f 2613/1706/1904 2616/1709/1904 2610/1710/1904
f 2613/1706/1905 2610/1710/1905 2612/1708/1905
f 2610/1710/1906 2611/1711/1906 2612/1708/1906
f 2569/1712/1907 2568/1713/1907 2570/1714/1907
f 1022/1715/1908 1021/1716/1908 1018/1717/1908
f 2571/1718/1909 2567/1719/1909 2569/1712/1909
f 2569/1712/1910 2567/1719/1910 2568/1713/1910
f 2570/1714/1911 2568/1713/1911 2578/1693/1911
f 1021/1716/1912 1019/1720/1912 1018/1717/1912
f 1018/1717/1913 1019/1720/1913 1020/1721/1913
f 2567/1719/1914 2564/1722/1914 2568/1713/1914
f 2568/1713/1915 2564/1722/1915 2606/1723/1915
f 2568/1713/1916 2606/1723/1916 2578/1693/1916
f 2578/1693/1917 2606/1723/1917 2532/1694/1917
f 1019/1720/1918 1024/1724/1918 1020/1721/1918
f 2566/1725/1919 2564/1722/1919 2567/1719/1919
f 1024/1724/1920 1025/1726/1920 1020/1721/1920
f 2566/1725/1921 2565/1727/1921 2564/1722/1921
f 1020/1721/1922 1025/1726/1922 1026/1728/1922
f 2564/1722/1923 2546/1729/1923 2606/1723/1923
f 2565/1727/1924 2563/1730/1924 2564/1722/1924
f 2564/1722/1925 2563/1730/1925 2546/1729/1925
f 2606/1723/1926 2546/1729/1926 2532/1694/1926
f 2532/1694/1927 2546/1729/1927 2533/1695/1927
f 2563/1730/1928 2562/1731/1928 2546/1729/1928
f 2546/1729/1929 2540/1732/1929 2533/1695/1929
f 2540/1732/1930 2539/1733/1930 2533/1695/1930
f 2539/1733/1931 2535/1696/1931 2533/1695/1931
f 2535/1696/1932 2600/1734/1932 2545/1697/1932
f 2600/1734/1933 2602/1698/1933 2545/1697/1933
f 1117/1735/1934 1118/1736/1934 1119/1737/1934
f 1418/1738/1935 1415/1675/1935 1424/1699/1935
f 1418/1738/1936 1416/1700/1936 1415/1675/1936
f 2513/1739/1937 2506/1704/1937 2512/1702/1937
f 2512/1702/1938 2515/1703/1938 2514/1740/1938
f 2513/1739/1939 2512/1702/1939 2514/1740/1939
f 2504/1741/1940 2505/1742/1940 2506/1704/1940
f 2505/1742/1941 2507/1686/1941 2506/1704/1941
f 2503/1743/1942 2505/1742/1942 2504/1741/1942
f 2620/1744/1943 2613/1706/1943 2615/1705/1943
f 2581/1745/1944 2583/1746/1944 2502/1747/1944
f 2502/1747/1945 2583/1746/1945 2588/1748/1945
f 2617/1749/1946 2613/1706/1946 2618/1750/1946
f 2618/1750/1947 2613/1706/1947 2620/1744/1947
f 2622/1751/1948 2621/1752/1948 2619/1753/1948
f 2619/1753/1949 2616/1709/1949 2617/1749/1949
f 2617/1749/1950 2616/1709/1950 2613/1706/1950
f 2621/1752/1951 2616/1709/1951 2619/1753/1951
f 2573/1754/1952 2572/1755/1952 2569/1712/1952
f 1227/1756/1953 1230/1757/1953 1232/1758/1953
f 2572/1755/1954 2571/1718/1954 2569/1712/1954
f 1022/1715/1955 1023/1759/1955 1021/1716/1955
f 1209/1760/1956 1208/1761/1956 1204/1762/1956
f 1204/1762/1957 1208/1761/1957 1205/1763/1957
f 1204/1762/1958 1205/1763/1958 1206/1764/1958
f 2563/1730/1959 2574/1765/1959 2562/1731/1959
f 1206/1764/1960 1205/1763/1960 1207/1766/1960
f 2574/1765/1961 2542/1767/1961 2562/1731/1961
f 2542/1767/1962 2540/1732/1962 2546/1729/1962
f 2562/1731/1963 2542/1767/1963 2546/1729/1963
f 1393/1768/1964 1392/1769/1964 1390/1770/1964
f 1390/1770/1965 1388/1771/1965 1387/1772/1965
f 2542/1767/1966 2541/1773/1966 2540/1732/1966
f 2541/1773/1967 2539/1733/1967 2540/1732/1967
f 2539/1733/1968 2600/1734/1968 2535/1696/1968
f 1432/1774/1969 1433/1775/1969 1434/1776/1969
f 2544/1777/1970 2601/1778/1970 2600/1734/1970
f 1434/1776/1971 1433/1775/1971 1436/1779/1971
f 2600/1734/1972 2601/1778/1972 2602/1698/1972
f 1120/1780/1973 1118/1736/1973 1117/1735/1973
f 2579/1781/1974 2517/1782/1974 2513/1739/1974
f 2579/1781/1975 2513/1739/1975 2516/1783/1975
f 2513/1739/1976 2514/1740/1976 2516/1783/1976
f 2517/1782/1977 2506/1704/1977 2513/1739/1977
f 2517/1782/1978 2504/1741/1978 2506/1704/1978
f 2501/1784/1979 2502/1747/1979 2500/1785/1979
f 2500/1785/1980 2503/1743/1980 2504/1741/1980
f 2586/1786/1981 2581/1745/1981 2501/1784/1981
f 2502/1747/1982 2503/1743/1982 2500/1785/1982
f 1228/1787/1983 1225/1788/1983 1224/1789/1983
f 2581/1745/1984 2502/1747/1984 2501/1784/1984
f 1224/1789/1985 1225/1788/1985 1226/1790/1985
f 1226/1790/1986 1225/1788/1986 1227/1756/1986
f 1227/1756/1987 1225/1788/1987 1230/1757/1987
f 1392/1769/1988 1388/1771/1988 1390/1770/1988
f 1387/1772/1989 1388/1771/1989 1389/1791/1989
f 2543/1792/1990 2544/1777/1990 2539/1733/1990
f 2541/1773/1991 2543/1792/1991 2539/1733/1991
f 1435/1793/1992 1432/1774/1992 1434/1776/1992
f 2595/1794/1993 2517/1782/1993 2579/1781/1993
f 2595/1794/1994 2579/1781/1994 2596/1795/1994
f 2587/1796/1995 2500/1785/1995 2504/1741/1995
f 2587/1796/1996 2504/1741/1996 2517/1782/1996
f 2582/1797/1997 2585/1798/1997 2590/1799/1997
f 2582/1797/1998 2590/1799/1998 2501/1784/1998
f 1228/1787/1999 1222/1800/1999 1229/1801/1999
f 2590/1799/2000 2586/1786/2000 2501/1784/2000
f 1229/1801/2001 1225/1788/2001 1228/1787/2001
f 2598/1802/2002 2595/1794/2002 2597/1803/2002
f 2499/1804/2003 2587/1796/2003 2497/1805/2003
f 2623/1806/2004 2625/1807/2004 2626/1808/2004
f 2623/1806/2005 2624/1809/2005 2625/1807/2005
f 2584/1810/2006 2585/1798/2006 2582/1797/2006
f 2582/1797/2007 2501/1784/2007 2496/1811/2007
f 2584/1810/2008 2582/1797/2008 2496/1811/2008
f 2496/1811/2009 2501/1784/2009 2500/1785/2009
f 2496/1811/2010 2500/1785/2010 2499/1804/2010
f 2499/1804/2011 2500/1785/2011 2587/1796/2011
f 1231/1812/2012 1229/1801/2012 1222/1800/2012
f 1241/1813/2013 1248/1814/2013 1252/1815/2013
f 2494/1816/2014 2497/1805/2014 2605/1817/2014
f 2623/1806/2015 2626/1808/2015 2627/1818/2015
f 2605/1817/2016 2595/1794/2016 2599/1819/2016
f 2599/1819/2017 2595/1794/2017 2598/1802/2017
f 1065/1820/2018 1062/1821/2018 1061/1822/2018
f 2496/1811/2019 2497/1805/2019 2494/1816/2019
f 2496/1811/2020 2499/1804/2020 2497/1805/2020
f 1223/1823/2021 1221/1824/2021 1220/1825/2021
f 2498/1826/2022 2584/1810/2022 2496/1811/2022
f 1220/1825/2023 1221/1824/2023 1222/1800/2023
f 1222/1800/2024 1221/1824/2024 1231/1812/2024
f 2491/1827/2025 2494/1816/2025 2488/1828/2025
f 2488/1828/2026 2494/1816/2026 2492/1829/2026
f 2491/1827/2027 2495/1830/2027 2494/1816/2027
f 2492/1829/2028 2494/1816/2028 2605/1817/2028
f 2638/1831/2029 2639/1832/2029 2640/1833/2029
f 2603/1834/2030 2495/1830/2030 2491/1827/2030
f 2603/1834/2031 2589/1835/2031 2495/1830/2031
f 2589/1835/2032 2498/1826/2032 2495/1830/2032
f 2498/1826/2033 2496/1811/2033 2495/1830/2033
f 2493/1836/2034 2491/1827/2034 2490/1837/2034
f 2490/1837/2035 2491/1827/2035 2488/1828/2035
f 2604/1838/2036 2603/1834/2036 2493/1836/2036
f 211/1839/2037 270/1840/2037 210/1841/2037
f 210/1841/2038 270/1840/2038 258/1842/2038
f 209/1843/2039 210/1841/2039 258/1842/2039
f 209/1843/2040 258/1842/2040 216/1844/2040
f 233/1845/2041 216/1844/2041 262/1846/2041
f 211/1839/2042 210/1841/2042 203/1847/2042
f 210/1841/2043 209/1843/2043 201/1848/2043
f 203/1847/2044 210/1841/2044 201/1848/2044
f 212/1849/2045 211/1839/2045 203/1847/2045
f 94/1850/2046 57/13/2046 66/21/2046
f 209/1843/2047 216/1844/2047 208/1851/2047
f 208/1851/2048 216/1844/2048 233/1845/2048
f 201/1848/2049 209/1843/2049 208/1851/2049
f 201/1848/2050 208/1851/2050 202/1852/2050
f 1414/1853/2051 1412/1854/2051 1411/1855/2051
f 203/1847/2052 201/1848/2052 200/1856/2052
f 200/1856/2053 201/1848/2053 202/1852/2053
f 246/22/2054 212/1849/2054 213/23/2054
f 213/23/2055 212/1849/2055 203/1847/2055
f 213/23/2056 203/1847/2056 188/1857/2056
f 233/1845/2057 262/1846/2057 234/1858/2057
f 202/1852/2058 208/1851/2058 204/1859/2058
f 208/1851/2059 233/1845/2059 204/1859/2059
f 204/1859/2060 233/1845/2060 234/1858/2060
f 1411/1855/2061 1412/1854/2061 1413/1860/2061
f 1412/1854/2062 1408/1861/2062 1409/1862/2062
f 1413/1860/2063 1412/1854/2063 1409/1862/2063
f 188/1857/2064 261/24/2064 213/23/2064
f 188/1857/2065 203/1847/2065 184/1863/2065
f 184/1863/2066 203/1847/2066 200/1856/2066
f 199/1864/2067 200/1856/2067 202/1852/2067
f 199/1864/2068 202/1852/2068 204/1859/2068
f 184/1863/2069 200/1856/2069 199/1864/2069
f 89/33/2070 22/28/2070 60/48/2070
f 204/1859/2071 234/1858/2071 231/1865/2071
f 231/1865/2072 234/1858/2072 267/1866/2072
f 231/1865/2073 267/1866/2073 237/1867/2073
f 204/1859/2074 231/1865/2074 195/1868/2074
f 1409/1862/2075 1408/1861/2075 1407/1869/2075
f 199/1864/2076 204/1859/2076 195/1868/2076
f 2153/36/2077 2156/1870/2077 2154/37/2077
f 188/1857/2078 184/1863/2078 187/1871/2078
f 184/1863/2079 199/1864/2079 181/1872/2079
f 231/1865/2080 237/1867/2080 229/75/2080
f 229/75/2081 237/1867/2081 238/1873/2081
f 231/1865/2082 229/75/2082 195/1868/2082
f 199/1864/2083 195/1868/2083 182/81/2083
f 105/79/2084 89/33/2084 60/48/2084
f 181/1872/2085 199/1864/2085 182/81/2085
f 60/48/2086 37/47/2086 69/78/2086
f 183/1874/2087 184/1863/2087 181/1872/2087
f 187/1871/2088 184/1863/2088 183/1874/2088
f 186/1875/2089 187/1871/2089 183/1874/2089
f 2026/43/2090 2027/1876/2090 2025/44/2090
f 77/103/2091 76/59/2091 82/69/2091
f 229/75/2092 238/1873/2092 230/76/2092
f 1406/1877/2093 1407/1869/2093 1408/1861/2093
f 194/77/2094 195/1868/2094 229/75/2094
f 1406/1877/2095 1408/1861/2095 1410/1878/2095
f 190/82/2096 182/81/2096 195/1868/2096
f 190/82/2097 195/1868/2097 194/77/2097
f 181/1872/2098 182/81/2098 178/83/2098
f 183/1874/2099 181/1872/2099 180/1879/2099
f 180/1879/2100 181/1872/2100 178/83/2100
f 185/1880/2101 183/1874/2101 180/1879/2101
f 186/1875/2102 183/1874/2102 185/1880/2102
f 2021/45/2103 2025/44/2103 2019/84/2103
f 186/1875/2104 185/1880/2104 189/1881/2104
f 2018/52/2105 2021/45/2105 2019/84/2105
f 2077/1882/2106 2084/1883/2106 2075/1884/2106
f 2077/1882/2107 2075/1884/2107 2076/1885/2107
f 2078/1886/2108 2077/1882/2108 2076/1885/2108
f 2078/1886/2109 2076/1885/2109 2079/1887/2109
f 194/77/102 230/76/102 232/112/102
f 232/112/2110 230/76/2110 263/1888/2110
f 232/112/2111 263/1888/2111 235/1889/2111
f 118/1890/2112 105/79/2112 69/78/2112
f 118/1890/2113 69/78/2113 116/1891/2113
f 190/82/2114 194/77/2114 192/1892/2114
f 69/78/2115 46/80/2115 116/1891/2115
f 190/82/2116 192/1892/2116 191/1893/2116
f 178/83/2117 190/82/2117 191/1893/2117
f 177/1894/2118 180/1879/2118 178/83/2118
f 189/1881/2119 185/1880/2119 196/1895/2119
f 196/1895/2120 185/1880/2120 180/1879/2120
f 196/1895/2121 180/1879/2121 197/1896/2121
f 197/1896/2122 180/1879/2122 177/1894/2122
f 259/1897/2123 189/1881/2123 196/1895/2123
f 259/1897/2124 196/1895/2124 198/1898/2124
f 2022/54/2125 2020/53/2125 2023/118/2125
f 196/1895/2126 197/1896/2126 198/1898/2126
f 64/134/2127 71/100/2127 77/103/2127
f 2082/1899/2128 2083/1900/2128 2087/1901/2128
f 2083/1900/2129 2082/1899/2129 2074/1902/2129
f 2086/1903/2130 2087/1901/2130 2083/1900/2130
f 2083/1900/2131 2074/1902/2131 2075/1884/2131
f 2085/1904/2132 2086/1903/2132 2083/1900/2132
f 2085/1904/2133 2083/1900/2133 2084/1883/2133
f 2084/1883/2134 2083/1900/2134 2075/1884/2134
f 2075/1884/2135 2074/1902/2135 2072/1905/2135
f 77/103/2136 82/69/2136 91/122/2136
f 2076/1885/2137 2075/1884/2137 2072/1905/2137
f 2076/1885/2138 2072/1905/2138 2079/1887/2138
f 2079/1887/2139 2072/1905/2139 2080/124/2139
f 2081/123/2140 2079/1887/2140 2080/124/2140
f 2051/109/2141 2081/123/2141 2050/110/2141
f 218/113/2142 232/112/2142 235/1889/2142
f 218/113/2143 235/1889/2143 264/1906/2143
f 218/113/2144 264/1906/2144 247/1907/2144
f 192/1892/2145 194/77/2145 205/1908/2145
f 205/1908/2146 194/77/2146 218/113/2146
f 116/1891/2147 46/80/2147 117/1909/2147
f 247/1907/2148 264/1906/2148 248/1910/2148
f 178/83/2149 191/1893/2149 193/1911/2149
f 193/1911/2150 191/1893/2150 192/1892/2150
f 46/80/2151 43/114/2151 95/1912/2151
f 177/1894/2152 178/83/2152 179/1913/2152
f 179/1913/2153 178/83/2153 193/1911/2153
f 197/1896/2154 177/1894/2154 179/1913/2154
f 198/1898/2155 197/1896/2155 244/1914/2155
f 244/1914/2156 197/1896/2156 243/1915/2156
f 243/1915/2157 197/1896/2157 179/1913/2157
f 249/1916/2158 198/1898/2158 244/1914/2158
f 244/1914/2159 243/1915/2159 250/1917/2159
f 249/1916/2160 244/1914/2160 256/1918/2160
f 256/1918/2161 244/1914/2161 251/1919/2161
f 251/1919/2162 244/1914/2162 250/1917/2162
f 254/1920/2163 250/1917/2163 260/1921/2163
f 253/1922/2164 251/1919/2164 250/1917/2164
f 253/1922/2165 250/1917/2165 254/1920/2165
f 257/1923/2166 254/1920/2166 260/1921/2166
f 2014/95/2167 2015/94/2167 2016/121/2167
f 253/1922/2168 254/1920/2168 255/1924/2168
f 255/1924/2169 254/1920/2169 257/1923/2169
f 2074/1902/2170 2082/1899/2170 2070/1925/2170
f 2074/1902/2171 2070/1925/2171 2069/135/2171
f 2074/1902/2172 2069/135/2172 2072/1905/2172
f 2072/1905/2173 2069/135/2173 2068/137/2173
f 2072/1905/2174 2068/137/2174 2067/140/2174
f 2080/124/2175 2072/1905/2175 2067/140/2175
f 91/122/2176 92/139/2176 100/205/2176
f 100/205/2177 92/139/2177 101/168/2177
f 2080/124/2178 2067/140/2178 2050/110/2178
f 2050/110/2179 2067/140/2179 2073/142/2179
f 2050/110/2180 2073/142/2180 2040/125/2180
f 2040/125/2181 2073/142/2181 2041/128/2181
f 103/167/2182 92/139/2182 93/146/2182
f 2042/129/2183 2041/128/2183 2043/143/2183
f 2042/129/2184 2043/143/2184 2044/145/2184
f 205/1908/2185 218/113/2185 219/1926/2185
f 218/113/2186 247/1907/2186 219/1926/2186
f 219/1926/2187 247/1907/2187 248/1910/2187
f 206/1927/2188 192/1892/2188 205/1908/2188
f 193/1911/2189 192/1892/2189 206/1927/2189
f 46/80/2190 95/1912/2190 117/1909/2190
f 95/1912/2191 43/114/2191 59/188/2191
f 179/1913/2192 193/1911/2192 207/1928/2192
f 207/1928/2193 193/1911/2193 206/1927/2193
f 207/1928/2194 206/1927/2194 228/1929/2194
f 214/1930/2195 179/1913/2195 207/1928/2195
f 215/1931/2196 179/1913/2196 214/1930/2196
f 243/1915/2197 179/1913/2197 242/1932/2197
f 179/1913/2198 215/1931/2198 242/1932/2198
f 250/1917/2199 243/1915/2199 242/1932/2199
f 250/1917/2200 242/1932/2200 252/1933/2200
f 260/1921/2201 250/1917/2201 252/1933/2201
f 2070/1925/2202 2071/1934/2202 2066/159/2202
f 2070/1925/2203 2066/159/2203 2064/161/2203
f 2069/135/2204 2070/1925/2204 2064/161/2204
f 2069/135/2205 2064/161/2205 2062/201/2205
f 2060/136/2206 2069/135/2206 2062/201/2206
f 2067/140/2207 2068/137/2207 2060/136/2207
f 2067/140/2208 2060/136/2208 2055/163/2208
f 2067/140/2209 2055/163/2209 2053/141/2209
f 72/164/2210 91/122/2210 100/205/2210
f 2073/142/2211 2053/141/2211 2043/143/2211
f 101/168/2212 103/167/2212 108/1935/2212
f 1210/1936/2213 1211/1937/2213 1212/1938/2213
f 2850/251/2214 2849/182/2214 2846/184/2214
f 220/1939/2215 219/1926/2215 248/1910/2215
f 206/1927/2216 205/1908/2216 217/1940/2216
f 205/1908/2217 219/1926/2217 217/1940/2217
f 217/1940/2218 219/1926/2218 220/1939/2218
f 1216/1941/2219 1218/1942/2219 1219/1943/2219
f 221/1944/2220 206/1927/2220 217/1940/2220
f 1216/1941/2221 1214/1945/2221 1213/1946/2221
f 1218/1942/2222 1216/1941/2222 1213/1946/2222
f 228/1929/2223 206/1927/2223 221/1944/2223
f 1213/1946/2224 1214/1945/2224 1215/1947/2224
f 268/1948/2225 207/1928/2225 265/1949/2225
f 705/187/2226 910/186/2226 752/270/2226
f 265/1949/2227 207/1928/2227 228/1929/2227
f 59/188/2228 40/148/2228 56/276/2228
f 1396/157/2229 1399/198/2229 1400/1950/2229
f 2062/201/2230 2064/161/2230 2063/199/2230
f 2062/201/2231 2061/200/2231 2060/136/2231
f 2060/136/2232 2058/202/2232 2057/162/2232
f 2055/163/2233 2057/162/2233 2056/203/2233
f 98/1951/2234 72/164/2234 100/205/2234
f 808/211/2235 884/213/2235 807/298/2235
f 806/300/2236 805/208/2236 808/211/2236
f 106/1952/2237 102/204/2237 101/168/2237
f 106/1952/2238 101/168/2238 107/1953/2238
f 107/1953/2239 101/168/2239 108/1935/2239
f 2808/171/2240 2809/220/2240 2807/305/2240
f 2186/1954/2241 2187/241/2241 2188/242/2241
f 1151/1955/2242 1155/1956/2242 1152/1957/2242
f 1155/1956/2243 1156/1958/2243 1152/1957/2243
f 1156/1958/2244 1177/1959/2244 1181/1960/2244
f 2875/332/2245 2899/258/2245 2786/265/2245
f 217/1940/2246 220/1939/2246 245/1961/2246
f 236/1962/2247 228/1929/2247 221/1944/2247
f 2780/269/2248 2784/274/2248 2785/347/2248
f 236/1962/2249 221/1944/2249 222/1963/2249
f 221/1944/2250 217/1940/2250 222/1963/2250
f 1214/1945/2251 1217/1964/2251 1215/1947/2251
f 236/1962/2252 222/1963/2252 225/1965/2252
f 239/1966/2253 236/1962/2253 225/1965/2253
f 99/277/2254 56/276/2254 110/1967/2254
f 110/1967/2255 56/276/2255 111/352/2255
f 56/276/2256 42/197/2256 68/351/2256
f 52/282/2257 65/289/2257 96/354/2257
f 65/289/2258 72/164/2258 98/1951/2258
f 2798/1968/2259 2799/1969/2259 2796/404/2259
f 2796/404/2260 2799/1969/2260 2800/1970/2260
f 114/1971/2261 102/204/2261 106/1952/2261
f 114/1971/2262 106/1952/2262 109/1972/2262
f 106/1952/2263 107/1953/2263 109/1972/2263
f 2802/408/2264 2820/303/2264 2806/302/2264
f 708/317/2265 689/231/2265 726/319/2265
f 2733/371/2266 2734/322/2266 2732/324/2266
f 2768/323/2267 2734/322/2267 2769/329/2267
f 2186/1954/2268 2185/240/2268 2187/241/2268
f 1150/1973/2269 1151/1955/2269 1152/1957/2269
f 1152/1957/2270 1156/1958/2270 1181/1960/2270
f 241/1974/2271 217/1940/2271 245/1961/2271
f 222/1963/2272 217/1940/2272 223/1975/2272
f 223/1975/2273 217/1940/2273 241/1974/2273
f 224/1976/2274 222/1963/2274 223/1975/2274
f 225/1965/2275 222/1963/2275 224/1976/2275
f 224/1976/2276 223/1975/2276 226/1977/2276
f 223/1975/2277 241/1974/2277 266/1978/2277
f 226/1977/2278 223/1975/2278 266/1978/2278
f 240/1979/2279 239/1966/2279 225/1965/2279
f 2961/1980/2280 2962/1981/2280 2963/1982/2280
f 1199/349/2281 1200/348/2281 1201/394/2281
f 226/1977/2282 266/1978/2282 269/1983/2282
f 2033/1984/2283 2034/1985/2283 2035/1986/2283
f 240/1979/2284 225/1965/2284 227/1987/2284
f 227/1987/2285 225/1965/2285 224/1976/2285
f 2221/1988/2286 2222/1989/2286 2223/1990/2286
f 113/400/2287 111/352/2287 68/351/2287
f 112/399/2288 68/351/2288 96/354/2288
f 2857/449/2289 2803/1991/2289 2793/403/2289
f 2793/403/2290 2803/1991/2290 2795/401/2290
f 96/354/2291 65/289/2291 115/1992/2291
f 65/289/2292 98/1951/2292 115/1992/2292
f 2795/401/2293 2798/1968/2293 2796/404/2293
f 2796/404/2294 2800/1970/2294 2797/406/2294
f 2805/409/2295 2806/302/2295 2807/305/2295
f 1143/1993/2296 1144/1994/2296 1145/1995/2296
f 1145/1995/2297 1144/1994/2297 1146/1996/2297
f 1145/1995/2298 1146/1996/2298 1150/1973/2298
f 1150/1973/2299 1146/1996/2299 1151/1955/2299
f 1150/1973/2300 1152/1957/2300 1180/1997/2300
f 1180/1997/2301 1152/1957/2301 1181/1960/2301
f 2770/373/2302 2771/337/2302 2774/432/2302
f 1165/1998/2303 1180/1997/2303 1181/1960/2303
f 1165/1998/2304 1181/1960/2304 1177/1959/2304
f 1165/1998/2305 1177/1959/2305 1176/1999/2305
f 1165/1998/2306 1176/1999/2306 1169/2000/2306
f 2777/389/2307 2911/390/2307 2866/393/2307
f 2866/393/2308 2867/397/2308 2829/445/2308
f 120/2001/2309 111/352/2309 119/2002/2309
f 119/2002/2310 111/352/2310 113/400/2310
f 2791/510/2311 2877/428/2311 2774/432/2311
f 1159/2003/2312 1180/1997/2312 1165/1998/2312
f 1161/2004/2313 1159/2003/2313 1165/1998/2313
f 1161/2004/2314 1165/1998/2314 1169/2000/2314
f 1170/562/2315 1161/2004/2315 1169/2000/2315
f 1081/2005/2316 1068/335/2316 1067/338/2316
f 1081/2005/2317 1067/338/2317 1080/438/2317
f 2817/415/2318 2910/460/2318 2886/528/2318
f 908/470/2319 907/465/2319 892/462/2319
f 890/471/2320 908/470/2320 892/462/2320
f 906/466/2321 909/475/2321 873/467/2321
f 898/463/2322 906/466/2322 873/467/2322
f 873/467/2323 909/475/2323 915/480/2323
f 2670/490/2324 2728/422/2324 2865/425/2324
f 319/500/2325 320/430/2325 322/429/2325
f 1148/2006/2326 1143/1993/2326 1147/2007/2326
f 1147/2007/2327 1143/1993/2327 1145/1995/2327
f 1178/2008/2328 1180/1997/2328 1159/2003/2328
f 2953/550/2329 2952/498/2329 2955/552/2329
f 1168/561/2330 1161/2004/2330 1170/562/2330
f 1081/2005/2331 1080/438/2331 1078/516/2331
f 2897/527/2332 2912/451/2332 2900/452/2332
f 865/533/2333 915/480/2333 871/482/2333
f 2887/605/2334 2865/425/2334 2766/546/2334
f 2930/665/2335 2929/668/2335 2927/666/2335
f 1147/2007/2336 1145/1995/2336 1149/2009/2336
f 1149/2009/2337 1145/1995/2337 1150/1973/2337
f 1178/2008/2338 1150/1973/2338 1180/1997/2338
f 1157/2010/2339 1159/2003/2339 1161/2004/2339
f 1157/2010/2340 1161/2004/2340 1168/561/2340
f 1073/442/2341 1078/516/2341 1079/387/2341
f 1078/516/2342 1073/442/2342 1077/564/2342
f 2884/570/2343 2880/573/2343 2883/625/2343
f 870/478/2344 868/584/2344 869/536/2344
f 1148/2006/2345 1147/2007/2345 1149/2009/2345
f 1153/2011/2346 1148/2006/2346 1149/2009/2346
f 1149/2009/2347 1150/1973/2347 1179/2012/2347
f 1179/2012/2348 1150/1973/2348 1178/2008/2348
f 1158/2013/2349 1178/2008/2349 1159/2003/2349
f 1157/2010/2350 1158/2013/2350 1159/2003/2350
f 1167/2014/2351 1157/2010/2351 1168/561/2351
f 1172/560/2352 1183/559/2352 1175/2015/2352
f 2832/622/2353 2917/623/2353 2855/686/2353
f 2960/2016/2354 2957/658/2354 2959/660/2354
f 2741/721/2355 2740/549/2355 2764/609/2355
f 1179/2012/2356 1178/2008/2356 1158/2013/2356
f 310/504/2357 306/502/2357 308/611/2357
f 315/554/2358 308/611/2358 313/675/2358
f 316/612/2359 315/554/2359 313/675/2359
f 1167/2014/2360 1168/561/2360 1172/560/2360
f 321/676/2361 324/615/2361 316/612/2361
f 2825/674/2362 2828/614/2362 2859/678/2362
f 1072/563/2363 1071/566/2363 1074/680/2363
f 150/730/2364 151/787/2364 155/729/2364
f 366/695/2365 381/636/2365 365/737/2365
f 723/705/2366 717/704/2366 782/709/2366
f 2873/713/2367 2717/662/2367 2871/773/2367
f 2743/720/2368 2739/670/2368 2742/722/2368
f 1154/2017/2369 1153/2011/2369 1149/2009/2369
f 1154/2017/2370 1149/2009/2370 1179/2012/2370
f 1154/2017/2371 1179/2012/2371 1158/2013/2371
f 306/502/2372 309/501/2372 307/673/2372
f 1160/2018/2373 1158/2013/2373 1157/2010/2373
f 1160/2018/2374 1157/2010/2374 1167/2014/2374
f 1167/2014/2375 1172/560/2375 1175/2015/2375
f 1171/2019/2376 1167/2014/2376 1175/2015/2376
f 1182/2020/2377 1171/2019/2377 1175/2015/2377
f 1071/566/2378 1075/682/2378 1074/680/2378
f 2835/683/2379 2833/685/2379 2855/686/2379
f 137/790/2380 152/692/2380 149/691/2380
f 132/794/2381 147/693/2381 148/632/2381
f 364/738/2382 365/737/2382 361/741/2382
f 146/736/2383 156/641/2383 160/743/2383
f 361/741/2384 367/740/2384 360/747/2384
f 2658/815/2385 2657/765/2385 2656/767/2385
f 2966/828/2386 2968/2021/2386 2964/826/2386
f 2762/776/2387 2920/723/2387 2921/2022/2387
f 2921/2022/2388 2920/723/2388 2864/837/2388
f 1162/2023/2389 1154/2017/2389 1158/2013/2389
f 1158/2013/2390 1160/2018/2390 1162/2023/2390
f 1163/2024/2391 1167/2014/2391 1171/2019/2391
f 1174/2025/2392 1171/2019/2392 1182/2020/2392
f 142/2026/2393 154/2027/2393 135/2028/2393
f 154/2027/2394 151/787/2394 135/2028/2394
f 135/2028/2395 151/787/2395 121/1129/2395
f 121/1129/2396 151/787/2396 124/786/2396
f 137/790/2397 149/691/2397 128/2029/2397
f 128/2029/2398 149/691/2398 130/793/2398
f 349/699/2399 350/696/2399 341/799/2399
f 349/699/2400 341/799/2400 338/748/2400
f 732/806/2401 730/805/2401 733/807/2401
f 748/867/2402 733/807/2402 776/809/2402
f 2659/816/2403 2656/767/2403 2661/890/2403
f 2873/713/2404 2725/904/2404 2724/1065/2404
f 2967/2030/2405 2966/828/2405 2965/827/2405
f 2711/1070/2406 2719/774/2406 2713/717/2406
f 2712/1086/2407 2713/717/2407 2714/831/2407
f 2714/831/2408 2715/716/2408 2720/2031/2408
f 2743/720/2409 2742/722/2409 2744/834/2409
f 2744/834/2410 2762/776/2410 2749/1117/2410
f 2138/2032/2411 2139/2033/2411 2137/2034/2411
f 2137/2034/2412 2139/2033/2412 2136/2035/2412
f 1186/2036/2413 1154/2017/2413 1162/2023/2413
f 1164/2037/2414 1186/2036/2414 1162/2023/2414
f 1164/2037/2415 1162/2023/2415 1160/2018/2415
f 1163/2024/2416 1164/2037/2416 1160/2018/2416
f 1163/2024/2417 1160/2018/2417 1167/2014/2417
f 1173/2038/2418 1163/2024/2418 1171/2019/2418
f 1174/2025/2419 1173/2038/2419 1171/2019/2419
f 1084/784/2420 1076/727/2420 1085/2039/2420
f 139/2040/2421 142/2026/2421 135/2028/2421
f 124/786/2422 137/790/2422 125/2041/2422
f 125/2041/2423 137/790/2423 128/2029/2423
f 362/931/2424 364/738/2424 361/741/2424
f 338/748/2425 341/799/2425 336/798/2425
f 338/748/2426 336/798/2426 329/751/2426
f 428/885/2427 437/887/2427 438/2042/2427
f 438/2042/2428 437/887/2428 440/1025/2428
f 640/891/2429 587/819/2429 643/889/2429
f 2651/1033/2430 2653/820/2430 2652/893/2430
f 2652/893/2431 2654/771/2431 2662/897/2431
f 2969/1059/2432 2970/2043/2432 2971/1057/2432
f 2724/1065/2433 2725/904/2433 2723/906/2433
f 2870/905/2434 2719/774/2434 2711/1070/2434
f 2711/1070/2435 2713/717/2435 2712/1086/2435
f 2752/915/2436 2750/919/2436 2891/1109/2436
f 2137/2034/2437 2136/2035/2437 2134/1276/2437
f 2134/1276/2438 2136/2035/2438 2135/2044/2438
f 2180/2045/2439 2181/2046/2439 2182/2047/2439
f 1402/2048/2440 1403/780/2440 1404/779/2440
f 2131/1277/2441 2132/2049/2441 2133/2050/2441
f 1166/2051/2442 1164/2037/2442 1163/2024/2442
f 1185/2052/2443 1166/2051/2443 1163/2024/2443
f 1163/2024/2444 1173/2038/2444 1184/2053/2444
f 1185/2052/2445 1163/2024/2445 1184/2053/2445
f 1174/2025/2446 1184/2053/2446 1173/2038/2446
f 140/2054/2447 172/2055/2447 139/2040/2447
f 139/2040/2448 135/2028/2448 138/2056/2448
f 138/2056/2449 135/2028/2449 136/2057/2449
f 136/2057/2450 135/2028/2450 123/1131/2450
f 135/2028/2451 121/1129/2451 123/1131/2451
f 121/1129/2452 124/786/2452 122/1130/2452
f 122/1130/2453 124/786/2453 125/2041/2453
f 125/2041/2454 128/2029/2454 127/2058/2454
f 129/2059/2455 128/2029/2455 130/793/2455
f 131/2060/2456 130/793/2456 132/794/2456
f 132/794/2457 134/797/2457 133/1141/2457
f 134/797/2458 144/732/2458 143/1140/2458
f 146/736/2459 160/743/2459 145/930/2459
f 359/933/2460 361/741/2460 360/747/2460
f 145/930/2461 160/743/2461 163/2061/2461
f 163/2061/2462 160/743/2462 162/742/2462
f 2008/2062/2463 2007/980/2463 2009/2063/2463
f 433/1000/2464 432/1002/2464 431/1005/2464
f 429/1006/2465 430/884/2465 425/883/2465
f 429/1006/2466 425/883/2466 427/1009/2466
f 426/1008/2467 428/885/2467 438/2042/2467
f 1130/2064/2468 1134/1206/2468 1132/2065/2468
f 648/1038/2469 640/891/2469 644/1032/2469
f 617/894/2470 640/891/2470 619/1039/2470
f 602/1231/2471 642/895/2471 617/894/2471
f 601/896/2472 642/895/2472 602/1231/2472
f 1445/1242/2473 1441/1248/2473 1444/1243/2473
f 2693/1052/2474 2694/1062/2474 2721/2066/2474
f 2722/2067/2475 2693/1052/2475 2721/2066/2475
f 2721/2066/2476 2694/1062/2476 2895/2068/2476
f 2895/2068/2477 2694/1062/2477 2707/1067/2477
f 1111/1256/2478 1115/2069/2478 1114/2070/2478
f 2889/1084/2479 2888/1087/2479 2890/2071/2479
f 1090/1261/2480 1106/1098/2480 1091/1097/2480
f 1101/1096/2481 1098/1265/2481 1100/1267/2481
f 2138/2032/2482 2137/2034/2482 2128/2072/2482
f 2128/2072/2483 2137/2034/2483 2126/2073/2483
f 2126/2073/2484 2137/2034/2484 2134/1276/2484
f 2126/2073/2485 2134/1276/2485 2125/1278/2485
f 2134/1276/2486 2135/2044/2486 2131/1277/2486
f 140/2054/2487 139/2040/2487 138/2056/2487
f 122/1130/2488 125/2041/2488 126/2074/2488
f 126/2074/2489 125/2041/2489 127/2058/2489
f 127/2058/2490 128/2029/2490 129/2059/2490
f 129/2059/2491 130/793/2491 131/2060/2491
f 131/2060/2492 132/794/2492 133/1141/2492
f 143/1140/2493 144/732/2493 145/930/2493
f 163/2061/2494 162/742/2494 174/939/2494
f 1381/2075/2495 1380/4/2495 1379/6/2495
f 1378/7/2496 1377/5/2496 1382/2076/2496
f 845/1148/2497 742/949/2497 921/2077/2497
f 1627/2078/2498 1925/2079/2498 1825/2080/2498
f 2093/2081/2499 2088/1159/2499 2092/2082/2499
f 2090/1161/2500 2089/1160/2500 2091/2083/2500
f 2036/2084/2501 2037/2085/2501 2038/2086/2501
f 2001/2087/2502 2000/1165/2502 1999/1164/2502
f 1542/1170/2503 1541/1169/2503 1544/2088/2503
f 2002/1173/2504 2003/982/2504 2004/981/2504
f 2006/1176/2505 2007/980/2505 2008/2062/2505
f 990/1182/2506 988/1187/2506 989/1183/2506
f 984/1186/2507 988/1187/2507 985/2089/2507
f 985/2089/2508 987/2090/2508 986/2091/2508
f 984/1186/2509 985/2089/2509 986/2091/2509
f 986/2091/2510 987/2090/2510 992/2092/2510
f 986/2091/2511 992/2092/2511 993/1361/2511
f 992/2092/2512 994/2093/2512 993/1361/2512
f 1128/2094/2513 1129/1195/2513 1130/2064/2513
f 1128/2094/2514 1130/2064/2514 1132/2065/2514
f 438/2042/2515 440/1025/2515 445/2095/2515
f 1132/2065/2516 1134/1206/2516 1135/1208/2516
f 2100/2096/2517 2101/1217/2517 2102/1219/2517
f 2104/1212/2518 2107/2097/2518 2105/1213/2518
f 633/1216/2519 604/1203/2519 649/1209/2519
f 1137/2098/2520 1136/1207/2520 1125/1222/2520
f 2109/2099/2521 2106/1214/2521 2108/1220/2521
f 2469/2100/2522 2470/2101/2522 2468/2102/2522
f 1124/1224/2523 1121/1223/2523 1123/1233/2523
f 1123/1233/2524 1122/1232/2524 1126/1235/2524
f 1441/1248/2525 1437/2103/2525 1440/2104/2525
f 1437/2103/2526 1438/2105/2526 1439/2106/2526
f 1447/2107/2527 1450/2108/2527 1449/2109/2527
f 1449/2109/2528 1450/2108/2528 1451/2110/2528
f 1111/1256/2529 1114/2070/2529 1112/2111/2529
f 1110/1257/2530 1111/1256/2530 1112/2111/2530
f 1114/2070/2531 1115/2069/2531 1112/2111/2531
f 1112/2111/2532 1115/2069/2532 1116/2112/2532
f 1455/2113/2533 1453/2114/2533 1452/2115/2533
f 1453/2114/2534 1456/2116/2534 1454/2117/2534
f 1139/2118/2535 1140/2119/2535 1141/2120/2535
f 1141/2120/2536 1140/2119/2536 1142/2121/2536
f 1089/1262/2537 1090/1261/2537 1091/1097/2537
f 1105/1264/2538 1101/1096/2538 1100/1267/2538
f 1096/1266/2539 1095/1112/2539 1094/1111/2539
f 1093/1110/2540 1099/1119/2540 1097/1268/2540
f 1097/1268/2541 1099/1119/2541 1102/2122/2541
f 1102/2122/2542 1099/1119/2542 1103/1269/2542
f 2129/2123/2543 2130/2124/2543 2128/2072/2543
f 2125/1278/2544 2131/1277/2544 2121/2125/2544
f 2131/1277/2545 2133/2050/2545 2121/2125/2545
f 170/2126/2546 140/2054/2546 169/2127/2546
f 136/2057/2547 123/1131/2547 141/2128/2547
f 141/2128/2548 123/1131/2548 122/1130/2548
f 363/1375/2549 359/933/2549 358/1379/2549
f 1617/2129/2550 1665/2130/2550 1610/2131/2550
f 1665/2130/2551 1672/2132/2551 1613/2133/2551
f 1610/2131/2552 1665/2130/2552 1613/2133/2552
f 1613/2133/2553 1672/2132/2553 1641/2134/2553
f 1672/2132/2554 1839/2135/2554 1641/2134/2554
f 1841/2136/2555 1911/2137/2555 1626/2138/2555
f 1626/2138/2556 1911/2137/2556 1627/2078/2556
f 1626/2138/2557 1627/2078/2557 1625/2139/2557
f 1625/2139/2558 1627/2078/2558 1825/2080/2558
f 1840/2140/2559 1841/2136/2559 1626/2138/2559
f 1611/2141/2560 1617/2129/2560 1610/2131/2560
f 1613/2133/2561 1641/2134/2561 1616/2142/2561
f 1625/2139/2562 1825/2080/2562 1650/2143/2562
f 1647/2144/2563 1922/2145/2563 1611/2141/2563
f 1616/2142/2564 1641/2134/2564 1642/2146/2564
f 1638/2147/2565 1840/2140/2565 1626/2138/2565
f 2092/2082/2566 2088/1159/2566 2090/1161/2566
f 1888/2148/2567 1840/2140/2567 1638/2147/2567
f 1625/2139/2568 1650/2143/2568 1632/2149/2568
f 1632/2149/2569 1650/2143/2569 1785/2150/2569
f 1719/2151/2570 1888/2148/2570 1638/2147/2570
f 1543/1171/2571 1632/2149/2571 1785/2150/2571
f 1886/2152/2572 1923/2153/2572 1719/2151/2572
f 1542/1170/2573 1632/2149/2573 1543/1171/2573
f 1916/2154/2574 1647/2144/2574 1915/2155/2574
f 1915/2155/2575 1647/2144/2575 1830/2156/2575
f 2036/2084/2576 2038/2086/2576 2039/2157/2576
f 1831/2158/2577 1886/2152/2577 1719/2151/2577
f 1872/2159/2578 1886/2152/2578 1831/2158/2578
f 1545/2160/2579 1542/1170/2579 1544/2088/2579
f 1917/2161/2580 1915/2155/2580 1830/2156/2580
f 1917/2161/2581 1830/2156/2581 1864/2162/2581
f 2004/981/2582 2006/1176/2582 2002/1173/2582
f 2140/1179/2583 2141/2163/2583 2142/1180/2583
f 2143/1181/2584 2142/1180/2584 2144/2164/2584
f 1896/2165/2585 1912/2166/2585 1932/2167/2585
f 993/1361/2586 994/2093/2586 998/2168/2586
f 1930/2169/2587 1931/2170/2587 1929/2171/2587
f 1928/2172/2588 1929/2171/2588 1926/2173/2588
f 1926/2173/2589 1927/2174/2589 1893/2175/2589
f 1537/1297/2590 1519/2176/2590 1518/1298/2590
f 2302/2177/2591 2321/2178/2591 2322/2179/2591
f 1131/1196/2592 1129/1195/2592 1128/2094/2592
f 2148/2180/2593 2145/1198/2593 2147/1200/2593
f 1893/2175/2594 1927/2174/2594 1921/2181/2594
f 1532/2182/2595 1533/1299/2595 1518/1298/2595
f 1128/2094/2596 1132/2065/2596 1138/2183/2596
f 2320/2184/2597 2321/2178/2597 2302/2177/2597
f 1921/2181/2598 1532/2182/2598 1516/2185/2598
f 1532/2182/2599 1518/1298/2599 1516/2185/2599
f 1138/2183/2600 1132/2065/2600 1135/1208/2600
f 2320/2184/2601 2302/2177/2601 2301/2186/2601
f 2301/2186/2602 2302/2177/2602 2299/2187/2602
f 2148/2180/2603 2147/1200/2603 2149/2188/2603
f 2467/2189/2604 2471/2190/2604 2469/2100/2604
f 1137/2098/2605 1135/1208/2605 1136/1207/2605
f 2300/2191/2606 2323/2192/2606 2301/2186/2606
f 2467/2189/2607 2469/2100/2607 2468/2102/2607
f 1137/2098/2608 1125/1222/2608 1124/1224/2608
f 2300/2191/2609 2301/2186/2609 2299/2187/2609
f 1137/2098/2610 1124/1224/2610 1123/1233/2610
f 2303/2193/2611 2299/2187/2611 2302/2177/2611
f 2466/2194/2612 2467/2189/2612 2468/2102/2612
f 2313/2195/2613 2326/2196/2613 2317/2197/2613
f 2300/2191/2614 2299/2187/2614 2294/2198/2614
f 2304/2199/2615 2303/2193/2615 2324/2200/2615
f 2313/2195/2616 2317/2197/2616 2294/2198/2616
f 2294/2198/2617 2317/2197/2617 2300/2191/2617
f 2299/2187/2618 2303/2193/2618 2304/2199/2618
f 2312/2201/2619 2313/2195/2619 2294/2198/2619
f 2296/2202/2620 2299/2187/2620 2304/2199/2620
f 1443/1244/2621 1446/2203/2621 1445/1242/2621
f 1446/2203/2622 1443/1244/2622 1471/2204/2622
f 2314/2205/2623 2319/2206/2623 2312/2201/2623
f 2314/2205/2624 2312/2201/2624 2295/2207/2624
f 2295/2207/2625 2312/2201/2625 2294/2198/2625
f 2294/2198/2626 2299/2187/2626 2296/2202/2626
f 1442/1249/2627 1443/1244/2627 1444/1243/2627
f 2296/2202/2628 2304/2199/2628 2325/2208/2628
f 2325/2208/2629 2304/2199/2629 2416/2209/2629
f 1443/1244/2630 1442/1249/2630 1440/2104/2630
f 1440/2104/2631 1442/1249/2631 1441/1248/2631
f 2315/2210/2632 2314/2205/2632 2295/2207/2632
f 2296/2202/2633 2325/2208/2633 2407/1366/2633
f 2295/2207/2634 2294/2198/2634 2293/2211/2634
f 2294/2198/2635 2243/2212/2635 2293/2211/2635
f 1439/2106/2636 1440/2104/2636 1437/2103/2636
f 2315/2210/2637 2295/2207/2637 2318/2213/2637
f 2243/2212/2638 2294/2198/2638 2296/2202/2638
f 2297/2214/2639 2296/2202/2639 2407/1366/2639
f 1439/2106/2640 1438/2105/2640 1447/2107/2640
f 2318/2213/2641 2295/2207/2641 2293/2211/2641
f 2243/2212/2642 2296/2202/2642 2297/2214/2642
f 1439/2106/2643 1447/2107/2643 1448/2215/2643
f 1448/2215/2644 1447/2107/2644 1449/2109/2644
f 2418/2216/2645 2318/2213/2645 2293/2211/2645
f 2282/2217/2646 2293/2211/2646 2243/2212/2646
f 1449/2109/2647 1451/2110/2647 1461/2218/2647
f 1451/2110/2648 1458/2219/2648 1461/2218/2648
f 2418/2216/2649 2293/2211/2649 2421/2220/2649
f 2421/2220/2650 2293/2211/2650 2282/2217/2650
f 2231/2221/2651 2282/2217/2651 2243/2212/2651
f 1458/2219/2652 1455/2113/2652 1452/2115/2652
f 2421/2220/2653 2282/2217/2653 2287/2222/2653
f 2282/2217/2654 2231/2221/2654 2287/2222/2654
f 1452/2115/2655 1453/2114/2655 1454/2117/2655
f 1457/2223/2656 1454/2117/2656 1456/2116/2656
f 1522/2224/2657 1457/2223/2657 1535/2225/2657
f 1515/2226/2658 1522/2224/2658 1534/2227/2658
f 1523/2228/2659 1538/1311/2659 1528/1310/2659
f 1528/1310/2660 1539/1309/2660 1540/1317/2660
f 1529/1316/2661 1536/1315/2661 1531/2229/2661
f 1531/2229/2662 1996/2230/2662 1525/2231/2662
f 1525/2231/2663 1996/2230/2663 1526/2232/2663
f 2129/2123/2664 2128/2072/2664 2127/2233/2664
f 2128/2072/2665 2126/2073/2665 2127/2233/2665
f 2127/2233/2666 2126/2073/2666 2124/2234/2666
f 2124/2234/2667 2126/2073/2667 2125/1278/2667
f 165/2235/2668 169/2127/2668 140/2054/2668
f 165/2235/2669 140/2054/2669 164/2236/2669
f 164/2236/2670 140/2054/2670 138/2056/2670
f 1960/2237/2671 1956/2238/2671 1959/2239/2671
f 1959/2239/2672 1956/2238/2672 1958/2240/2672
f 1956/2238/2673 1955/2241/2673 1954/2242/2673
f 1954/2242/2674 1955/2241/2674 1953/2243/2674
f 1951/2244/2675 1950/2245/2675 1949/2246/2675
f 1950/2245/2676 1947/2247/2676 1945/2248/2676
f 362/931/2677 359/933/2677 363/1375/2677
f 1620/2249/2678 1626/2138/2678 1625/2139/2678
f 1620/2249/2679 1625/2139/2679 1624/2250/2679
f 1610/2131/2680 1613/2133/2680 1608/2251/2680
f 1608/2251/2681 1613/2133/2681 1616/2142/2681
f 1609/2252/2682 1611/2141/2682 1610/2131/2682
f 1624/2250/2683 1625/2139/2683 1632/2149/2683
f 1647/2144/2684 1611/2141/2684 1609/2252/2684
f 1619/2253/2685 1638/2147/2685 1626/2138/2685
f 1609/2252/2686 1610/2131/2686 1608/2251/2686
f 1615/2254/2687 1616/2142/2687 1642/2146/2687
f 1619/2253/2688 1626/2138/2688 1620/2249/2688
f 1647/2144/2689 1609/2252/2689 1646/2255/2689
f 1609/2252/2690 1608/2251/2690 1607/2256/2690
f 1608/2251/2691 1616/2142/2691 1605/2257/2691
f 1615/2254/2692 1642/2146/2692 1718/2258/2692
f 1719/2151/2693 1638/2147/2693 1619/2253/2693
f 1620/2249/2694 1624/2250/2694 1621/2259/2694
f 1621/2259/2695 1624/2250/2695 1633/2260/2695
f 1624/2250/2696 1632/2149/2696 1633/2260/2696
f 1633/2260/2697 1632/2149/2697 1542/1170/2697
f 1830/2156/2698 1647/2144/2698 1646/2255/2698
f 1646/2255/2699 1609/2252/2699 1607/2256/2699
f 1605/2257/2700 1616/2142/2700 1615/2254/2700
f 1615/2254/2701 1718/2258/2701 1746/2261/2701
f 1618/2262/2702 1619/2253/2702 1620/2249/2702
f 1830/2156/2703 1646/2255/2703 1664/2263/2703
f 1664/2263/2704 1646/2255/2704 1607/2256/2704
f 1615/2254/2705 1746/2261/2705 1747/2264/2705
f 1831/2158/2706 1719/2151/2706 1614/2265/2706
f 1614/2265/2707 1719/2151/2707 1619/2253/2707
f 1621/2259/2708 1618/2262/2708 1620/2249/2708
f 1674/2266/2709 1615/2254/2709 1747/2264/2709
f 1864/2162/2710 1830/2156/2710 1664/2263/2710
f 1667/2267/2711 1633/2260/2711 1542/1170/2711
f 1667/2267/2712 1542/1170/2712 1545/2160/2712
f 1605/2257/2713 1607/2256/2713 1608/2251/2713
f 1674/2266/2714 1747/2264/2714 1673/2268/2714
f 1673/2268/2715 1747/2264/2715 1812/2269/2715
f 1621/2259/2716 1633/2260/2716 1667/2267/2716
f 1864/2162/2717 1664/2263/2717 1669/2270/2717
f 1664/2263/2718 1607/2256/2718 1669/2270/2718
f 1615/2254/2719 1674/2266/2719 1590/2271/2719
f 1605/2257/2720 1615/2254/2720 1590/2271/2720
f 1812/2269/2721 1872/2159/2721 1673/2268/2721
f 1872/2159/2722 1831/2158/2722 1673/2268/2722
f 1673/2268/2723 1831/2158/2723 1614/2265/2723
f 1590/2271/2724 1674/2266/2724 1673/2268/2724
f 1001/2272/2725 1002/2273/2725 1000/1289/2725
f 1864/2162/2726 1669/2270/2726 1895/2274/2726
f 1669/2270/2727 1607/2256/2727 1670/2275/2727
f 989/1183/2728 1001/2272/2728 1000/1289/2728
f 1896/2165/2729 1895/2274/2729 1669/2270/2729
f 1896/2165/2730 1669/2270/2730 1670/2275/2730
f 995/2276/2731 1001/2272/2731 989/1183/2731
f 1912/2166/2732 1896/2165/2732 1670/2275/2732
f 995/2276/2733 989/1183/2733 984/1186/2733
f 1912/2166/2734 1670/2275/2734 1671/2277/2734
f 2200/1291/2735 2220/2278/2735 2219/2279/2735
f 996/1360/2736 995/2276/2736 984/1186/2736
f 2201/1292/2737 2200/1291/2737 2219/2279/2737
f 996/1360/2738 984/1186/2738 986/2091/2738
f 996/1360/2739 986/2091/2739 993/1361/2739
f 2201/1292/2740 2219/2279/2740 2217/2280/2740
f 2218/2281/2741 2201/1292/2741 2217/2280/2741
f 2216/1293/2742 2218/2281/2742 2217/2280/2742
f 2216/1293/2743 2217/2280/2743 2212/2282/2743
f 997/1359/2744 993/1361/2744 998/2168/2744
f 2207/1191/2745 2216/1293/2745 2212/2282/2745
f 2207/1191/2746 2212/2282/2746 2208/1362/2746
f 1928/2172/2747 1930/2169/2747 1929/2171/2747
f 2207/1191/2748 2208/1362/2748 2203/1294/2748
f 1894/2283/2749 1928/2172/2749 1926/2173/2749
f 1893/2175/2750 1894/2283/2750 1926/2173/2750
f 2206/1300/2751 2204/1296/2751 2205/1295/2751
f 1497/2284/2752 1518/1298/2752 1519/2176/2752
f 1497/2284/2753 1519/2176/2753 1520/2285/2753
f 1497/2284/2754 1520/2285/2754 1475/2286/2754
f 1893/2175/2755 1921/2181/2755 1892/2287/2755
f 1508/2288/2756 1518/1298/2756 1497/2284/2756
f 1475/2286/2757 1520/2285/2757 1521/2289/2757
f 1892/2287/2758 1921/2181/2758 1516/2185/2758
f 1516/2185/2759 1518/1298/2759 1508/2288/2759
f 1476/2290/2760 1497/2284/2760 1475/2286/2760
f 1475/2286/2761 1521/2289/2761 1477/2291/2761
f 1508/2288/2762 1497/2284/2762 1476/2290/2762
f 1516/2185/2763 1508/2288/2763 1506/2292/2763
f 1506/2292/2764 1508/2288/2764 1476/2290/2764
f 1477/2291/2765 1521/2289/2765 1530/2293/2765
f 2306/2294/2766 2311/2295/2766 2291/2296/2766
f 1892/2287/2767 1516/2185/2767 1517/2297/2767
f 1517/2297/2768 1516/2185/2768 1506/2292/2768
f 1477/2291/2769 1530/2293/2769 1527/2298/2769
f 1506/2292/2770 1476/2290/2770 1496/2299/2770
f 1475/2286/2771 1477/2291/2771 1472/2300/2771
f 1891/2301/2772 1892/2287/2772 1517/2297/2772
f 1472/2300/2773 1477/2291/2773 1478/2302/2773
f 1478/2302/2774 1477/2291/2774 1527/2298/2774
f 2306/2294/2775 2291/2296/2775 2305/1304/2775
f 2307/1303/2776 2306/2294/2776 2305/1304/2776
f 1891/2301/2777 1517/2297/2777 1509/2303/2777
f 1496/2299/2778 1476/2290/2778 1474/2304/2778
f 1478/2302/2779 1527/2298/2779 1524/2305/2779
f 1509/2303/2780 1517/2297/2780 1506/2292/2780
f 2308/1305/2781 2305/1304/2781 2309/2306/2781
f 1506/2292/2782 1496/2299/2782 1501/2307/2782
f 1509/2303/2783 1506/2292/2783 1501/2307/2783
f 1496/2299/2784 1474/2304/2784 1482/2308/2784
f 1478/2302/2785 1524/2305/2785 1446/2203/2785
f 1472/2300/2786 1478/2302/2786 1471/2204/2786
f 1471/2204/2787 1478/2302/2787 1446/2203/2787
f 2324/2200/2788 2309/2306/2788 2310/2309/2788
f 2310/2309/2789 2309/2306/2789 2305/1304/2789
f 1510/2310/2790 1509/2303/2790 1501/2307/2790
f 1470/2311/2791 1472/2300/2791 1471/2204/2791
f 2473/2312/2792 2475/2313/2792 2474/2314/2792
f 1470/2311/2793 1471/2204/2793 1466/2315/2793
f 1510/2310/2794 1501/2307/2794 1514/2316/2794
f 1496/2299/2795 1482/2308/2795 1501/2307/2795
f 2472/2317/2796 2473/2312/2796 2474/2314/2796
f 1466/2315/2797 1471/2204/2797 1443/1244/2797
f 1468/2318/2798 1470/2311/2798 1466/2315/2798
f 1466/2315/2799 1443/1244/2799 1440/2104/2799
f 1514/2316/2800 1501/2307/2800 1502/2319/2800
f 2408/1364/2801 2325/2208/2801 2416/2209/2801
f 1510/2310/2802 1514/2316/2802 1858/2320/2802
f 1466/2315/2803 1440/2104/2803 1465/2321/2803
f 1513/2322/2804 1514/2316/2804 1502/2319/2804
f 1502/2319/2805 1501/2307/2805 1482/2308/2805
f 1502/2319/2806 1482/2308/2806 1499/2323/2806
f 1499/2323/2807 1482/2308/2807 1483/2324/2807
f 1466/2315/2808 1465/2321/2808 1467/2325/2808
f 1468/2318/2809 1466/2315/2809 1467/2325/2809
f 1465/2321/2810 1440/2104/2810 1439/2106/2810
f 2407/1366/2811 2325/2208/2811 2408/1364/2811
f 1514/2316/2812 1513/2322/2812 1889/2326/2812
f 1465/2321/2813 1439/2106/2813 1448/2215/2813
f 1467/2325/2814 1465/2321/2814 1464/2327/2814
f 2297/2214/2815 2407/1366/2815 2415/1365/2815
f 1889/2326/2816 1513/2322/2816 1511/2328/2816
f 1513/2322/2817 1502/2319/2817 1511/2328/2817
f 1511/2328/2818 1502/2319/2818 1499/2323/2818
f 1465/2321/2819 1448/2215/2819 1464/2327/2819
f 1464/2327/2820 1448/2215/2820 1449/2109/2820
f 2230/2329/2821 2297/2214/2821 2415/1365/2821
f 1511/2328/2822 1499/2323/2822 1512/2330/2822
f 1464/2327/2823 1449/2109/2823 1461/2218/2823
f 2243/2212/2824 2297/2214/2824 2230/2329/2824
f 1512/2330/2825 1499/2323/2825 1503/2331/2825
f 1463/2332/2826 1464/2327/2826 1461/2218/2826
f 2231/2221/2827 2243/2212/2827 2230/2329/2827
f 1994/2333/2828 1512/2330/2828 1503/2331/2828
f 1467/2325/2829 1464/2327/2829 1463/2332/2829
f 1463/2332/2830 1461/2218/2830 1460/2334/2830
f 1461/2218/2831 1458/2219/2831 1460/2334/2831
f 1503/2331/2832 1499/2323/2832 1500/2335/2832
f 1500/2335/2833 1499/2323/2833 1483/2324/2833
f 1469/2336/2834 1467/2325/2834 1463/2332/2834
f 1460/2334/2835 1458/2219/2835 1452/2115/2835
f 2231/2221/2836 2230/2329/2836 2228/2337/2836
f 2287/2222/2837 2231/2221/2837 2228/2337/2837
f 1460/2334/2838 1452/2115/2838 1459/2338/2838
f 1459/2338/2839 1452/2115/2839 1454/2117/2839
f 1469/2336/2840 1463/2332/2840 1460/2334/2840
f 2224/1306/2841 2287/2222/2841 2228/2337/2841
f 1469/2336/2842 1460/2334/2842 1480/2339/2842
f 1459/2338/2843 1454/2117/2843 1457/2223/2843
f 1462/2340/2844 1459/2338/2844 1457/2223/2844
f 1500/2335/2845 1483/2324/2845 1488/2341/2845
f 1479/2342/2846 1460/2334/2846 1459/2338/2846
f 1479/2342/2847 1459/2338/2847 1462/2340/2847
f 2224/1306/2848 2228/2337/2848 2225/1307/2848
f 1462/2340/2849 1457/2223/2849 1522/2224/2849
f 1479/2342/2850 1462/2340/2850 1515/2226/2850
f 1515/2226/2851 1462/2340/2851 1522/2224/2851
f 1480/2339/2852 1479/2342/2852 1484/2343/2852
f 1495/2344/2853 1479/2342/2853 1515/2226/2853
f 1484/2343/2854 1479/2342/2854 1495/2344/2854
f 1523/2228/2855 1495/2344/2855 1515/2226/2855
f 1523/2228/2856 1515/2226/2856 1534/2227/2856
f 2227/1312/2857 2226/1308/2857 2225/1307/2857
f 1505/2345/2858 1488/2341/2858 1487/2346/2858
f 2412/1313/2859 2227/1312/2859 2225/1307/2859
f 1484/2343/2860 1495/2344/2860 1498/2347/2860
f 1498/2347/2861 1495/2344/2861 1523/2228/2861
f 1486/2348/2862 1484/2343/2862 1498/2347/2862
f 1505/2345/2863 1487/2346/2863 1507/2349/2863
f 1498/2347/2864 1523/2228/2864 1528/1310/2864
f 1493/2350/2865 1486/2348/2865 1498/2347/2865
f 1507/2349/2866 1487/2346/2866 1489/2351/2866
f 1493/2350/2867 1498/2347/2867 1528/1310/2867
f 1507/2349/2868 1489/2351/2868 1491/2352/2868
f 1529/1316/2869 1493/2350/2869 1528/1310/2869
f 1507/2349/2870 1491/2352/2870 1992/2353/2870
f 1494/2354/2871 1493/2350/2871 1529/1316/2871
f 2419/1314/2872 2412/1313/2872 2329/1318/2872
f 1504/2355/2873 1492/2356/2873 1494/2354/2873
f 1504/2355/2874 1494/2354/2874 1529/1316/2874
f 1504/2355/2875 1529/1316/2875 1531/2229/2875
f 1525/2231/2876 1504/2355/2876 1531/2229/2876
f 950/1271/2877 956/1270/2877 955/1320/2877
f 1490/2357/2878 1504/2355/2878 1525/2231/2878
f 1526/2232/2879 1490/2357/2879 1525/2231/2879
f 1526/2232/2880 1996/2230/2880 1995/2358/2880
f 2124/2234/2881 2125/1278/2881 2121/2125/2881
f 2124/2234/2882 2121/2125/2882 2120/2359/2882
f 2120/2359/2883 2121/2125/2883 2122/2360/2883
f 2122/2360/2884 2121/2125/2884 2123/2361/2884
f 976/1323/2885 954/1322/2885 975/1324/2885
f 1970/2362/2886 1969/2363/2886 1966/2364/2886
f 1966/2364/2887 1969/2363/2887 1964/2365/2887
f 1966/2364/2888 1964/2365/2888 1963/2366/2888
f 1963/2366/2889 1964/2365/2889 1961/2367/2889
f 1963/2366/2890 1961/2367/2890 1962/2368/2890
f 959/1329/2891 966/1283/2891 967/1370/2891
f 1959/2239/2892 1961/2367/2892 1960/2237/2892
f 1962/2368/2893 1961/2367/2893 1959/2239/2893
f 969/1333/2894 968/1332/2894 970/1334/2894
f 1958/2240/2895 1956/2238/2895 1954/2242/2895
f 1954/2242/2896 1953/2243/2896 1952/2369/2896
f 1952/2369/2897 1953/2243/2897 1951/2244/2897
f 1951/2244/2898 1949/2246/2898 1952/2369/2898
f 1950/2245/2899 1945/2248/2899 1949/2246/2899
f 1947/2247/2900 1944/1354/2900 1943/2370/2900
f 1945/2248/2901 1947/2247/2901 1943/2370/2901
f 1943/2370/2902 1944/1354/2902 1937/1353/2902
f 2397/1349/2903 2390/1348/2903 2391/1427/2903
f 2397/1349/2904 2391/1427/2904 2422/1430/2904
f 2397/1349/2905 2422/1430/2905 2433/2371/2905
f 1937/1353/2906 1939/1352/2906 1935/1358/2906
f 1937/1353/2907 1935/1358/2907 1934/1357/2907
f 1614/2265/2908 1619/2253/2908 1618/2262/2908
f 1618/2262/2909 1621/2259/2909 1622/2372/2909
f 1622/2372/2910 1621/2259/2910 1667/2267/2910
f 1607/2256/2911 1605/2257/2911 1606/2373/2911
f 1673/2268/2912 1614/2265/2912 1589/2374/2912
f 1670/2275/2913 1607/2256/2913 1606/2373/2913
f 1588/2375/2914 1614/2265/2914 1618/2262/2914
f 1588/2375/2915 1618/2262/2915 1622/2372/2915
f 1590/2271/2916 1673/2268/2916 1589/2374/2916
f 1589/2374/2917 1614/2265/2917 1588/2375/2917
f 1725/2376/2918 1622/2372/2918 1667/2267/2918
f 1606/2373/2919 1605/2257/2919 1591/2377/2919
f 1591/2377/2920 1605/2257/2920 1590/2271/2920
f 1586/2378/2921 1590/2271/2921 1589/2374/2921
f 1623/2379/2922 1588/2375/2922 1622/2372/2922
f 1707/2380/2923 1622/2372/2923 1725/2376/2923
f 1671/2277/2924 1670/2275/2924 1606/2373/2924
f 1586/2378/2925 1589/2374/2925 1585/2381/2925
f 1585/2381/2926 1589/2374/2926 1588/2375/2926
f 1623/2379/2927 1622/2372/2927 1707/2380/2927
f 1606/2373/2928 1591/2377/2928 1671/2277/2928
f 1591/2377/2929 1590/2271/2929 1586/2378/2929
f 1671/2277/2930 1591/2377/2930 1592/2382/2930
f 1585/2381/2931 1588/2375/2931 1587/2383/2931
f 1823/2384/2932 1707/2380/2932 1725/2376/2932
f 1586/2378/2933 1585/2381/2933 1584/2385/2933
f 1706/2386/2934 1623/2379/2934 1707/2380/2934
f 1818/2387/2935 1671/2277/2935 1592/2382/2935
f 1592/2382/2936 1591/2377/2936 1586/2378/2936
f 1706/2386/2937 1707/2380/2937 1823/2384/2937
f 2219/2279/2938 2220/2278/2938 2217/2280/2938
f 1592/2382/2939 1586/2378/2939 1584/2385/2939
f 1706/2386/2940 1823/2384/2940 1860/2388/2940
f 1818/2387/2941 1592/2382/2941 1583/2389/2941
f 1592/2382/2942 1584/2385/2942 1583/2389/2942
f 1809/2390/2943 1706/2386/2943 1860/2388/2943
f 2428/2391/2944 2429/2392/2944 2427/2393/2944
f 999/2394/2945 997/1359/2945 998/2168/2945
f 2428/2391/2946 2427/2393/2946 2425/2395/2946
f 2430/2396/2947 2428/2391/2947 2425/2395/2947
f 999/2394/2948 998/2168/2948 1003/2397/2948
f 2430/2396/2949 2425/2395/2949 2423/1402/2949
f 1004/2398/2950 999/2394/2950 1003/2397/2950
f 1004/2398/2951 1003/2397/2951 1005/2399/2951
f 2203/1294/2952 2215/1363/2952 2213/2400/2952
f 1810/2401/2953 1894/2283/2953 1893/2175/2953
f 2205/1295/2954 2203/1294/2954 2213/2400/2954
f 1826/2402/2955 1810/2401/2955 1893/2175/2955
f 1826/2402/2956 1893/2175/2956 1892/2287/2956
f 1754/2403/2957 1826/2402/2957 1835/2404/2957
f 1835/2404/2958 1826/2402/2958 1892/2287/2958
f 2210/1302/2959 2205/1295/2959 2213/2400/2959
f 1476/2290/2960 1475/2286/2960 1474/2304/2960
f 1835/2404/2961 1892/2287/2961 1891/2301/2961
f 1474/2304/2962 1475/2286/2962 1472/2300/2962
f 1474/2304/2963 1472/2300/2963 1473/2405/2963
f 1474/2304/2964 1473/2405/2964 1482/2308/2964
f 1473/2405/2965 1472/2300/2965 1470/2311/2965
f 1835/2404/2966 1891/2301/2966 1509/2303/2966
f 2316/2406/2967 2310/2309/2967 2305/1304/2967
f 1835/2404/2968 1509/2303/2968 1858/2320/2968
f 1858/2320/2969 1509/2303/2969 1510/2310/2969
f 1468/2318/2970 1473/2405/2970 1470/2311/2970
f 1482/2308/2971 1473/2405/2971 1468/2318/2971
f 2416/2209/2972 2310/2309/2972 2316/2406/2972
f 1889/2326/2973 1858/2320/2973 1514/2316/2973
f 1483/2324/2974 1482/2308/2974 1468/2318/2974
f 1483/2324/2975 1468/2318/2975 1469/2336/2975
f 1889/2326/2976 1511/2328/2976 1849/2407/2976
f 1469/2336/2977 1468/2318/2977 1467/2325/2977
f 1849/2407/2978 1511/2328/2978 1512/2330/2978
f 1849/2407/2979 1512/2330/2979 1994/2333/2979
f 1481/2408/2980 1483/2324/2980 1469/2336/2980
f 1481/2408/2981 1469/2336/2981 1480/2339/2981
f 2228/2337/2982 2230/2329/2982 2229/2409/2982
f 1994/2333/2983 1503/2331/2983 1500/2335/2983
f 1483/2324/2984 1481/2408/2984 1488/2341/2984
f 1480/2339/2985 1460/2334/2985 1479/2342/2985
f 2225/1307/2986 2228/2337/2986 2229/2409/2986
f 1487/2346/2987 1488/2341/2987 1481/2408/2987
f 2225/1307/2988 2229/2409/2988 2286/2410/2988
f 1994/2333/2989 1500/2335/2989 1993/2411/2989
f 1487/2346/2990 1481/2408/2990 1480/2339/2990
f 1993/2411/2991 1500/2335/2991 1488/2341/2991
f 1993/2411/2992 1488/2341/2992 1890/2412/2992
f 1486/2348/2993 1480/2339/2993 1484/2343/2993
f 1890/2412/2994 1488/2341/2994 1505/2345/2994
f 1485/2413/2995 1480/2339/2995 1486/2348/2995
f 2412/1313/2996 2225/1307/2996 2286/2410/2996
f 1487/2346/2997 1480/2339/2997 1485/2413/2997
f 1890/2412/2998 1505/2345/2998 1992/2353/2998
f 1489/2351/2999 1487/2346/2999 1485/2413/2999
f 1485/2413/3000 1486/2348/3000 1493/2350/3000
f 2438/2414/3001 2439/2415/3001 2440/2416/3001
f 1992/2353/3002 1505/2345/3002 1507/2349/3002
f 1492/2356/3003 1489/2351/3003 1485/2413/3003
f 1491/2352/3004 1489/2351/3004 1492/2356/3004
f 1492/2356/3005 1485/2413/3005 1494/2354/3005
f 1494/2354/3006 1485/2413/3006 1493/2350/3006
f 2329/1318/3007 2412/1313/3007 2265/2417/3007
f 1992/2353/3008 1491/2352/3008 1490/2357/3008
f 2329/1318/3009 2265/2417/3009 2263/1405/3009
f 1490/2357/3010 1491/2352/3010 1492/2356/3010
f 1490/2357/3011 1492/2356/3011 1504/2355/3011
f 1490/2357/3012 1526/2232/3012 1985/2418/3012
f 2281/2419/3013 2329/1318/3013 2263/1405/3013
f 1985/2418/3014 1526/2232/3014 1995/2358/3014
f 2281/2419/3015 2263/1405/3015 2264/1407/3015
f 1985/2418/3016 1995/2358/3016 1987/2420/3016
f 1995/2358/3017 1997/2421/3017 1987/2420/3017
f 1987/2420/3018 1997/2421/3018 1988/2422/3018
f 2281/2419/3019 2264/1407/3019 2266/1391/3019
f 2273/1367/3020 2281/2419/3020 2266/1391/3020
f 1988/2422/3021 1997/2421/3021 1990/2423/3021
f 1988/2422/3022 1990/2423/3022 1989/2424/3022
f 300/1389/3023 280/1385/3023 304/1384/3023
f 417/1413/3024 411/1386/3024 409/1388/3024
f 165/2235/3025 164/2236/3025 166/2425/3025
f 164/2236/3026 167/2426/3026 166/2425/3026
f 973/1326/3027 975/1324/3027 971/1328/3027
f 1587/2383/3028 1588/2375/3028 1623/2379/3028
f 1582/2427/3029 1585/2381/3029 1587/2383/3029
f 1587/2383/3030 1623/2379/3030 1645/2428/3030
f 1645/2428/3031 1623/2379/3031 1706/2386/3031
f 1584/2385/3032 1585/2381/3032 1582/2427/3032
f 1583/2389/3033 1584/2385/3033 1582/2427/3033
f 1643/2429/3034 1587/2383/3034 1645/2428/3034
f 1645/2428/3035 1706/2386/3035 1809/2390/3035
f 1582/2427/3036 1587/2383/3036 1643/2429/3036
f 2425/2395/3037 2427/2393/3037 2426/2430/3037
f 1581/2431/3038 1583/2389/3038 1582/2427/3038
f 1643/2429/3039 1645/2428/3039 1644/2432/3039
f 1645/2428/3040 1809/2390/3040 1810/2401/3040
f 2423/1402/3041 2425/2395/3041 2424/1400/3041
f 2424/1400/3042 2425/2395/3042 2426/2430/3042
f 1644/2432/3043 1645/2428/3043 1826/2402/3043
f 1826/2402/3044 1645/2428/3044 1810/2401/3044
f 1661/2433/3045 1644/2432/3045 1826/2402/3045
f 2292/2434/3046 2423/1402/3046 2298/1401/3046
f 1661/2433/3047 1826/2402/3047 1754/2403/3047
f 2292/2434/3048 2298/1401/3048 2289/1404/3048
f 2291/2296/3049 2292/2434/3049 2289/1404/3049
f 1783/2435/3050 1754/2403/3050 1835/2404/3050
f 2291/2296/3051 2289/1404/3051 2245/2436/3051
f 2305/1304/3052 2291/2296/3052 2245/2436/3052
f 1752/2437/3053 1783/2435/3053 1835/2404/3053
f 2316/2406/3054 2305/1304/3054 2245/2436/3054
f 2414/2438/3055 2316/2406/3055 2245/2436/3055
f 1752/2437/3056 1835/2404/3056 1858/2320/3056
f 2416/2209/3057 2316/2406/3057 2414/2438/3057
f 1752/2437/3058 1858/2320/3058 1848/2439/3058
f 2458/2440/3059 2459/2441/3059 2460/2442/3059
f 2285/2443/3060 2416/2209/3060 2414/2438/3060
f 1848/2439/3061 1858/2320/3061 1889/2326/3061
f 2461/2444/3062 2458/2440/3062 2460/2442/3062
f 2230/2329/3063 2415/1365/3063 2285/2443/3063
f 2230/2329/3064 2285/2443/3064 2232/2445/3064
f 2229/2409/3065 2230/2329/3065 2232/2445/3065
f 2229/2409/3066 2232/2445/3066 2233/2446/3066
f 2286/2410/3067 2229/2409/3067 2233/2446/3067
f 2439/2415/3068 2441/2447/3068 2440/2416/3068
f 1986/2448/3069 1992/2353/3069 1490/2357/3069
f 2263/1405/3070 2265/2417/3070 2261/2449/3070
f 1985/2418/3071 1986/2448/3071 1490/2357/3071
f 1985/2418/3072 1987/2420/3072 1984/2450/3072
f 2266/1391/3073 2264/1407/3073 2262/1406/3073
f 1987/2420/3074 1988/2422/3074 1983/2451/3074
f 421/1439/3075 417/1413/3075 410/1412/3075
f 297/1467/3076 293/1416/3076 289/1415/3076
f 171/2452/3077 166/2425/3077 168/2453/3077
f 168/2453/3078 166/2425/3078 167/2426/3078
f 2274/1369/3079 2272/1368/3079 2328/1392/3079
f 1974/2454/3080 1966/2364/3080 1963/2366/3080
f 1974/2454/3081 1963/2366/3081 1973/2455/3081
f 2332/1394/3082 2331/1393/3082 2328/1392/3082
f 1973/2455/3083 1963/2366/3083 1962/2368/3083
f 2332/1394/3084 2333/1395/3084 2336/1396/3084
f 1962/2368/3085 1959/2239/3085 1968/2456/3085
f 2338/1373/3086 2332/1394/3086 2336/1396/3086
f 1967/2457/3087 1959/2239/3087 1958/2240/3087
f 1958/2240/3088 1954/2242/3088 1967/2457/3088
f 1954/2242/3089 1952/2369/3089 1957/2458/3089
f 1952/2369/3090 1949/2246/3090 1948/2459/3090
f 1948/2459/3091 1949/2246/3091 1945/2248/3091
f 1943/2370/3092 1937/1353/3092 1942/2460/3092
f 1582/2427/3093 1643/2429/3093 1644/2432/3093
f 1581/2431/3094 1582/2427/3094 1577/2461/3094
f 1577/2461/3095 1582/2427/3095 1644/2432/3095
f 1580/2462/3096 1581/2431/3096 1577/2461/3096
f 1577/2461/3097 1644/2432/3097 1574/2463/3097
f 1580/2462/3098 1577/2461/3098 1576/2464/3098
f 1574/2463/3099 1644/2432/3099 1661/2433/3099
f 1576/2464/3100 1577/2461/3100 1574/2463/3100
f 2298/1401/3101 2424/1400/3101 2290/1403/3101
f 1660/2465/3102 1574/2463/3102 1661/2433/3102
f 1570/2466/3103 1576/2464/3103 1574/2463/3103
f 1660/2465/3104 1661/2433/3104 1754/2403/3104
f 2289/1404/3105 2290/1403/3105 2246/2467/3105
f 1659/2468/3106 1660/2465/3106 1754/2403/3106
f 2245/2436/3107 2289/1404/3107 2246/2467/3107
f 2244/2469/3108 2245/2436/3108 2246/2467/3108
f 1659/2468/3109 1754/2403/3109 1783/2435/3109
f 1659/2468/3110 1783/2435/3110 1752/2437/3110
f 2245/2436/3111 2244/2469/3111 2242/2470/3111
f 2414/2438/3112 2245/2436/3112 2242/2470/3112
f 2414/2438/3113 2242/2470/3113 2240/2471/3113
f 1758/2472/3114 1752/2437/3114 1848/2439/3114
f 2285/2443/3115 2414/2438/3115 2240/2471/3115
f 2285/2443/3116 2240/2471/3116 2238/2473/3116
f 2232/2445/3117 2285/2443/3117 2234/2474/3117
f 2234/2474/3118 2285/2443/3118 2238/2473/3118
f 1848/2439/3119 1889/2326/3119 1849/2407/3119
f 1849/2407/3120 1994/2333/3120 1861/2475/3120
f 2233/2446/3121 2232/2445/3121 2234/2474/3121
f 1861/2475/3122 1994/2333/3122 1993/2411/3122
f 1861/2475/3123 1993/2411/3123 1890/2412/3123
f 2440/2416/3124 2441/2447/3124 2442/2476/3124
f 1986/2448/3125 1890/2412/3125 1992/2353/3125
f 2265/2417/3126 2330/2477/3126 2261/2449/3126
f 2262/1406/3127 2263/1405/3127 2261/2449/3127
f 1984/2450/3128 1987/2420/3128 1983/2451/3128
f 273/1481/3129 272/1437/3129 279/1411/3129
f 2266/1391/3130 2262/1406/3130 2268/2478/3130
f 1983/2451/3131 1988/2422/3131 1989/2424/3131
f 1991/2479/3132 1983/2451/3132 1989/2424/3132
f 2272/1368/3133 2266/1391/3133 2268/2478/3133
f 945/1490/3134 941/1443/3134 933/1442/3134
f 937/1441/3135 941/1443/3135 943/1445/3135
f 2272/1368/3136 2268/2478/3136 2288/2480/3136
f 2328/1392/3137 2272/1368/3137 2288/2480/3137
f 2333/1395/3138 2328/1392/3138 2334/2481/3138
f 1968/2456/3139 1973/2455/3139 1962/2368/3139
f 2333/1395/3140 2334/2481/3140 2336/1396/3140
f 2339/1374/3141 2336/1396/3141 2410/2482/3141
f 1968/2456/3142 1959/2239/3142 1967/2457/3142
f 2339/1374/3143 2410/2482/3143 2348/1468/3143
f 2342/1398/3144 2339/1374/3144 2348/1468/3144
f 1957/2458/3145 1967/2457/3145 1954/2242/3145
f 1948/2459/3146 1957/2458/3146 1952/2369/3146
f 1945/2248/3147 1943/2370/3147 1942/2460/3147
f 375/1450/3148 369/1376/3148 374/1453/3148
f 1942/2460/3149 1937/1353/3149 1938/1455/3149
f 1569/2483/3150 1574/2463/3150 1660/2465/3150
f 1570/2466/3151 1574/2463/3151 1569/2483/3151
f 1569/2483/3152 1660/2465/3152 1659/2468/3152
f 2244/2469/3153 2246/2467/3153 2284/2484/3153
f 1568/2485/3154 1570/2466/3154 1569/2483/3154
f 1567/2486/3155 1568/2485/3155 1569/2483/3155
f 1573/2487/3156 1569/2483/3156 1659/2468/3156
f 2241/2488/3157 2244/2469/3157 2284/2484/3157
f 1567/2486/3158 1569/2483/3158 1573/2487/3158
f 1649/2489/3159 1659/2468/3159 1752/2437/3159
f 1575/2490/3160 1568/2485/3160 1566/2491/3160
f 1566/2491/3161 1568/2485/3161 1567/2486/3161
f 1573/2487/3162 1659/2468/3162 1649/2489/3162
f 2242/2470/3163 2244/2469/3163 2241/2488/3163
f 1649/2489/3164 1752/2437/3164 1744/2492/3164
f 1744/2492/3165 1752/2437/3165 1758/2472/3165
f 2240/2471/3166 2242/2470/3166 2241/2488/3166
f 1745/2493/3167 1744/2492/3167 1758/2472/3167
f 1766/2494/3168 1758/2472/3168 1848/2439/3168
f 1766/2494/3169 1848/2439/3169 1849/2407/3169
f 1827/2495/3170 1766/2494/3170 1849/2407/3170
f 1827/2495/3171 1849/2407/3171 1861/2475/3171
f 2233/2446/3172 2234/2474/3172 2235/2496/3172
f 1850/2497/3173 1827/2495/3173 1861/2475/3173
f 1850/2497/3174 1861/2475/3174 1890/2412/3174
f 2233/2446/3175 2235/2496/3175 2330/2477/3175
f 2330/2477/3176 2235/2496/3176 2337/2498/3176
f 1850/2497/3177 1890/2412/3177 1868/2499/3177
f 1868/2499/3178 1890/2412/3178 1986/2448/3178
f 1868/2499/3179 1986/2448/3179 1871/2500/3179
f 2261/2449/3180 2330/2477/3180 2267/2501/3180
f 2261/2449/3181 2267/2501/3181 2256/1518/3181
f 1871/2500/3182 1986/2448/3182 1985/2418/3182
f 1879/2502/3183 1871/2500/3183 1985/2418/3183
f 1879/2502/3184 1985/2418/3184 1984/2450/3184
f 2262/1406/3185 2261/2449/3185 2260/2503/3185
f 1885/2504/3186 1879/2502/3186 1984/2450/3186
f 1885/2504/3187 1984/2450/3187 1983/2451/3187
f 405/1458/3188 408/1408/3188 415/1480/3188
f 2268/2478/3189 2262/1406/3189 2269/2505/3189
f 1982/2506/3190 1983/2451/3190 1991/2479/3190
f 2168/2507/3191 2169/2508/3191 2170/2509/3191
f 1881/2510/3192 1979/2511/3192 1974/2454/3192
f 1881/2510/3193 1974/2454/3193 1973/2455/3193
f 2328/1392/3194 2288/2480/3194 2413/2512/3194
f 2328/1392/3195 2413/2512/3195 2335/2513/3195
f 2334/2481/3196 2328/1392/3196 2335/2513/3196
f 1978/2514/3197 1973/2455/3197 1968/2456/3197
f 1975/2515/3198 1978/2514/3198 1968/2456/3198
f 1975/2515/3199 1968/2456/3199 1967/2457/3199
f 1977/2516/3200 1975/2515/3200 1967/2457/3200
f 2483/2517/3201 2484/2518/3201 2485/2519/3201
f 2344/1417/3202 2342/1398/3202 2345/1469/3202
f 1977/2516/3203 1967/2457/3203 1957/2458/3203
f 2344/1417/3204 2345/1469/3204 2346/1419/3204
f 1946/2520/3205 1948/2459/3205 1945/2248/3205
f 1965/2521/3206 1948/2459/3206 1946/2520/3206
f 1946/2520/3207 1945/2248/3207 1942/2460/3207
f 396/1499/3208 375/1450/3208 374/1453/3208
f 374/1453/3209 363/1375/3209 373/2522/3209
f 1878/2523/3210 1942/2460/3210 1938/1455/3210
f 363/1375/3211 358/1379/3211 373/2522/3211
f 378/1436/3212 373/2522/3212 358/1379/3212
f 1936/1382/3213 1940/2524/3213 1938/1455/3213
f 1936/1382/3214 1941/2525/3214 1940/2524/3214
f 1567/2486/3215 1573/2487/3215 1572/2526/3215
f 1572/2526/3216 1573/2487/3216 1649/2489/3216
f 1565/2527/3217 1575/2490/3217 1566/2491/3217
f 1572/2526/3218 1649/2489/3218 1648/2528/3218
f 1649/2489/3219 1744/2492/3219 1648/2528/3219
f 1565/2527/3220 1566/2491/3220 1564/2529/3220
f 1564/2529/3221 1566/2491/3221 1567/2486/3221
f 1567/2486/3222 1572/2526/3222 1564/2529/3222
f 1648/2528/3223 1744/2492/3223 1745/2493/3223
f 2240/2471/3224 2241/2488/3224 2239/2530/3224
f 2238/2473/3225 2240/2471/3225 2239/2530/3225
f 1648/2528/3226 1745/2493/3226 1639/2531/3226
f 1766/2494/3227 1745/2493/3227 1758/2472/3227
f 2237/2532/3228 2238/2473/3228 2239/2530/3228
f 2234/2474/3229 2238/2473/3229 2237/2532/3229
f 1745/2493/3230 1766/2494/3230 1712/2533/3230
f 2234/2474/3231 2237/2532/3231 2236/2534/3231
f 2235/2496/3232 2234/2474/3232 2236/2534/3232
f 2267/2501/3233 2330/2477/3233 2337/2498/3233
f 2261/2449/3234 2256/1518/3234 2260/2503/3234
f 2262/1406/3235 2260/2503/3235 2280/2535/3235
f 2269/2505/3236 2262/1406/3236 2280/2535/3236
f 1882/2536/3237 1885/2504/3237 1983/2451/3237
f 1882/2536/3238 1983/2451/3238 1982/2506/3238
f 419/1484/3239 404/1438/3239 418/1483/3239
f 2268/2478/3240 2269/2505/3240 2270/2537/3240
f 1882/2536/3241 1982/2506/3241 1981/2538/3241
f 2268/2478/3242 2270/2537/3242 2271/2539/3242
f 1369/1466/3243 1355/1465/3243 1360/2540/3243
f 1881/2510/3244 1882/2536/3244 1981/2538/3244
f 1360/2540/3245 1355/1465/3245 1359/2541/3245
f 1361/2542/3246 1360/2540/3246 1359/2541/3246
f 1361/2542/3247 1359/2541/3247 1366/1492/3247
f 1361/2542/3248 1366/1492/3248 1376/1491/3248
f 1881/2510/3244 1981/2538/3244 1979/2511/3244
f 2288/2480/3249 2268/2478/3249 2271/2539/3249
f 1875/2543/3250 1881/2510/3250 1973/2455/3250
f 1973/2455/3251 1978/2514/3251 1875/2543/3251
f 2483/2517/3252 2485/2519/3252 2486/2544/3252
f 2348/1468/3253 2417/1508/3253 2345/1469/3253
f 1976/2545/3254 1977/2516/3254 1957/2458/3254
f 1972/2546/3255 1976/2545/3255 1957/2458/3255
f 2346/1419/3256 2345/1469/3256 2349/1447/3256
f 1972/2546/3257 1957/2458/3257 1948/2459/3257
f 1971/1532/3258 1972/2546/3258 1948/2459/3258
f 1971/1532/3259 1948/2459/3259 1965/2521/3259
f 1878/2523/3260 1946/2520/3260 1942/2460/3260
f 399/2547/3261 398/1497/3261 374/1453/3261
f 374/1453/3262 398/1497/3262 396/1499/3262
f 2386/1425/3263 2382/1496/3263 2387/1432/3263
f 1867/2548/3264 1866/2549/3264 1913/2550/3264
f 1867/2548/3265 1913/2550/3265 1918/1477/3265
f 2435/1433/3266 2384/1473/3266 2389/1474/3266
f 1899/1476/3267 1867/2548/3267 1918/1477/3267
f 1940/2524/3268 1878/2523/3268 1938/1455/3268
f 1941/2525/3269 1920/2551/3269 1940/2524/3269
f 1575/2490/3270 1565/2527/3270 1560/1515/3270
f 1571/2552/3271 1572/2526/3271 1648/2528/3271
f 1578/2553/3272 1575/2490/3272 1560/1515/3272
f 1571/2552/3273 1564/2529/3273 1572/2526/3273
f 1571/2552/3274 1648/2528/3274 1639/2531/3274
f 1560/1515/3275 1565/2527/3275 1564/2529/3275
f 2237/2532/3276 2239/2530/3276 2283/2554/3276
f 1712/2533/3277 1639/2531/3277 1745/2493/3277
f 1712/2533/3278 1766/2494/3278 1764/2555/3278
f 1764/2555/3279 1766/2494/3279 1827/2495/3279
f 1784/2556/3280 1827/2495/3280 1850/2497/3280
f 1793/2557/3281 1784/2556/3281 1850/2497/3281
f 1793/2557/3282 1850/2497/3282 1868/2499/3282
f 1793/2557/3283 1868/2499/3283 1819/2558/3283
f 1819/2558/3284 1868/2499/3284 1871/2500/3284
f 1853/2559/3285 1871/2500/3285 1879/2502/3285
f 1853/2559/3286 1879/2502/3286 1885/2504/3286
f 1852/2560/3287 1853/2559/3287 1885/2504/3287
f 1852/2560/3288 1885/2504/3288 1882/2536/3288
f 283/1506/3289 282/1482/3289 290/1507/3289
f 946/1554/3290 947/1489/3290 931/1552/3290
f 1355/1465/3291 1372/1486/3291 1351/2561/3291
f 1355/1465/3292 1351/2561/3292 1350/2562/3292
f 931/1552/3293 947/1489/3293 930/1488/3293
f 1355/1465/3294 1350/2562/3294 1359/2541/3294
f 1359/2541/3295 1350/2562/3295 1352/2563/3295
f 1851/2564/3296 1852/2560/3296 1882/2536/3296
f 1851/2564/3296 1882/2536/3296 1881/2510/3296
f 1359/2541/3297 1352/2563/3297 1366/1492/3297
f 932/1494/3298 928/1487/3298 933/1442/3298
f 1834/2565/3299 1851/2564/3299 1881/2510/3299
f 1834/2565/3300 1881/2510/3300 1875/2543/3300
f 1862/2566/3301 1834/2565/3301 1875/2543/3301
f 2334/2481/3302 2335/2513/3302 2411/2567/3302
f 1862/2566/3303 1875/2543/3303 1978/2514/3303
f 2336/1396/3304 2334/2481/3304 2411/2567/3304
f 2479/2568/3305 2480/2569/3305 2481/2570/3305
f 1975/2515/3306 1862/2566/3306 1978/2514/3306
f 2482/2571/3307 2479/2568/3307 2481/2570/3307
f 1862/2566/3308 1975/2515/3308 1977/2516/3308
f 1870/2572/3309 1862/2566/3309 1977/2516/3309
f 1976/2545/3310 1870/2572/3310 1977/2516/3310
f 2345/1469/3311 2417/1508/3311 2351/1512/3311
f 1897/1531/3312 1976/2545/3312 1972/2546/3312
f 2345/1469/3313 2351/1512/3313 2350/2573/3313
f 2349/1447/3314 2345/1469/3314 2350/2573/3314
f 2349/1447/3315 2350/2573/3315 2431/1470/3315
f 2398/1448/3316 2378/1513/3316 2381/1449/3316
f 1832/2574/3317 1965/2521/3317 1946/2520/3317
f 2382/1496/3318 2381/1449/3318 2380/1514/3318
f 1832/2574/3319 1946/2520/3319 1878/2523/3319
f 2382/1496/3320 2380/1514/3320 2383/2575/3320
f 2382/1496/3321 2383/2575/3321 2384/1473/3321
f 2383/2575/3322 2385/2576/3322 2384/1473/3322
f 1845/2577/3323 1866/2549/3323 1867/2548/3323
f 2384/1473/3324 2385/2576/3324 2389/1474/3324
f 1899/1476/3325 1845/2577/3325 1867/2548/3325
f 1920/2551/3326 1854/2578/3326 1940/2524/3326
f 1854/2578/3327 1878/2523/3327 1940/2524/3327
f 1560/1515/3328 1564/2529/3328 1563/2579/3328
f 1578/2553/3329 1560/1515/3329 1579/1517/3329
f 2236/2534/3330 2237/2532/3330 2283/2554/3330
f 2235/2496/3331 2236/2534/3331 2247/2580/3331
f 1764/2555/3332 1827/2495/3332 1784/2556/3332
f 2337/2498/3333 2235/2496/3333 2247/2580/3333
f 2337/2498/3334 2247/2580/3334 2249/1566/3334
f 2267/2501/3335 2337/2498/3335 2251/2581/3335
f 1816/2582/3336 1819/2558/3336 1871/2500/3336
f 1816/2582/3337 1871/2500/3337 1853/2559/3337
f 2260/2503/3338 2256/1518/3338 2255/1520/3338
f 412/1521/3339 413/1502/3339 423/1545/3339
f 305/2583/3340 302/1501/3340 303/1567/3340
f 303/1567/3341 302/1501/3341 299/1500/3341
f 2280/2535/3342 2260/2503/3342 2255/1520/3342
f 1756/2584/3343 1816/2582/3343 1853/2559/3343
f 405/1458/3344 413/1502/3344 412/1521/3344
f 1756/2584/3345 1853/2559/3345 1852/2560/3345
f 276/1550/3346 275/1505/3346 283/1506/3346
f 1374/1525/3347 1362/1524/3347 1363/1527/3347
f 1750/2585/3348 1756/2584/3348 1852/2560/3348
f 1351/2561/3349 1363/1527/3349 1348/1526/3349
f 1351/2561/3350 1348/1526/3350 1350/2562/3350
f 1366/1492/3351 1352/2563/3351 1357/2586/3351
f 1373/1493/3352 1357/2586/3352 1370/2587/3352
f 932/1494/3353 929/1528/3353 928/1487/3353
f 1749/2588/3354 1750/2585/3354 1852/2560/3354
f 1366/1492/3355 1357/2586/3355 1373/1493/3355
f 1749/2588/3356 1852/2560/3356 1851/2564/3356
f 1749/2588/3357 1851/2564/3357 1834/2565/3357
f 2413/2512/3358 2288/2480/3358 2271/2539/3358
f 1748/2589/3359 1749/2588/3359 1834/2565/3359
f 1771/2590/3360 1748/2589/3360 1834/2565/3360
f 1771/2590/3361 1834/2565/3361 1862/2566/3361
f 1815/2591/3362 1771/2590/3362 1862/2566/3362
f 2410/2482/3363 2369/2592/3363 2371/1509/3363
f 1815/2591/3364 1862/2566/3364 1870/2572/3364
f 2417/1508/3365 2355/1510/3365 2353/1511/3365
f 1897/1531/3366 1972/2546/3366 1971/1532/3366
f 2350/2573/3367 2372/2593/3367 2431/1470/3367
f 2431/1470/3368 2372/2593/3368 2374/1495/3368
f 2374/1495/3369 2375/1533/3369 2376/1535/3369
f 2378/1513/3370 2374/1495/3370 2376/1535/3370
f 1838/1536/3371 1914/1538/3371 1837/1542/3371
f 1821/2594/3372 1856/1529/3372 1965/2521/3372
f 1965/2521/3373 1856/1529/3373 1971/1532/3373
f 2378/1513/3374 2376/1535/3374 2379/2595/3374
f 1817/2596/3375 1838/1536/3375 1837/1542/3375
f 2378/1513/3376 2379/2595/3376 2380/1514/3376
f 1817/2596/3377 1837/1542/3377 1836/1539/3377
f 1817/2596/3378 1836/1539/3378 1799/1544/3378
f 1821/2594/3379 1965/2521/3379 1832/2574/3379
f 2380/1514/3380 2379/2595/3380 2401/2597/3380
f 1817/2596/3381 1799/1544/3381 1803/2598/3381
f 1800/2599/3382 1802/2600/3382 1877/2601/3382
f 1877/2601/3383 1802/2600/3383 1855/2602/3383
f 2380/1514/3384 2401/2597/3384 2383/2575/3384
f 1800/2599/3385 1877/2601/3385 1866/2549/3385
f 4/2603/3386 5/2604/3386 6/2605/3386
f 1919/2606/3387 1877/2601/3387 1855/2602/3387
f 1919/2606/3388 1855/2602/3388 1854/2578/3388
f 1803/2598/3389 1798/2607/3389 1887/2608/3389
f 1798/2607/3390 1800/2599/3390 1845/2577/3390
f 1845/2577/3391 1800/2599/3391 1866/2549/3391
f 1854/2578/3392 1832/2574/3392 1878/2523/3392
f 1887/2608/3393 1798/2607/3393 1845/2577/3393
f 1920/2551/3394 1919/2606/3394 1854/2578/3394
f 1563/2579/3395 1564/2529/3395 1571/2552/3395
f 1556/2609/3396 1563/2579/3396 1571/2552/3396
f 1571/2552/3397 1639/2531/3397 1557/2610/3397
f 1560/1515/3398 1563/2579/3398 1556/2609/3398
f 1559/1516/3399 1560/1515/3399 1556/2609/3399
f 1556/2609/3400 1571/2552/3400 1557/2610/3400
f 1557/2610/3401 1639/2531/3401 1640/2611/3401
f 1640/2611/3402 1639/2531/3402 1712/2533/3402
f 1561/2612/3403 1579/1517/3403 1559/1516/3403
f 2236/2534/3404 2283/2554/3404 2248/1564/3404
f 1713/2613/3405 1640/2611/3405 1712/2533/3405
f 1713/2613/3406 1712/2533/3406 1764/2555/3406
f 2247/2580/3407 2236/2534/3407 2248/1564/3407
f 1713/2613/3408 1764/2555/3408 1784/2556/3408
f 1714/2614/3409 1713/2613/3409 1784/2556/3409
f 1714/2614/3410 1784/2556/3410 1793/2557/3410
f 2337/2498/3411 2249/1566/3411 2251/2581/3411
f 1751/2615/3412 1714/2614/3412 1793/2557/3412
f 1751/2615/3413 1793/2557/3413 1819/2558/3413
f 2256/1518/3414 2267/2501/3414 2253/1519/3414
f 1751/2615/3415 1819/2558/3415 1816/2582/3415
f 1765/2616/3416 1751/2615/3416 1816/2582/3416
f 1710/2617/3417 1765/2616/3417 1816/2582/3417
f 1710/2617/3418 1816/2582/3418 1756/2584/3418
f 1710/2617/3419 1756/2584/3419 1708/2618/3419
f 1362/1524/3420 1371/1523/3420 1347/2619/3420
f 1362/1524/3421 1347/2619/3421 1348/1526/3421
f 2280/2535/3422 2255/1520/3422 2257/2620/3422
f 2443/2621/3423 2444/2622/3423 2445/1555/3423
f 1708/2618/3424 1756/2584/3424 1750/2585/3424
f 2446/1557/3425 2443/2621/3425 2445/1555/3425
f 936/1553/3426 948/1572/3426 946/1554/3426
f 1350/2562/3427 1348/1526/3427 1338/2623/3427
f 2271/2539/3428 2270/2537/3428 2327/2624/3428
f 1708/2618/3429 1750/2585/3429 1721/2625/3429
f 1721/2625/3430 1750/2585/3430 1749/2588/3430
f 2448/2626/3431 2449/2627/3431 2450/2628/3431
f 1721/2625/3432 1728/2629/3432 1727/2630/3432
f 1728/2629/3433 1721/2625/3433 1749/2588/3433
f 1728/2629/3434 1749/2588/3434 1748/2589/3434
f 2451/2631/3435 2448/2626/3435 2450/2628/3435
f 2452/2632/3436 2451/2631/3436 2450/2628/3436
f 1728/2629/3437 1748/2589/3437 1731/2633/3437
f 1731/2633/3438 1748/2589/3438 1771/2590/3438
f 1731/2633/3439 1771/2590/3439 1740/2634/3439
f 1732/2635/3440 1731/2633/3440 1740/2634/3440
f 1740/2634/3441 1771/2590/3441 1815/2591/3441
f 1763/2636/3442 1740/2634/3442 1815/2591/3442
f 1824/2637/3443 1763/2636/3443 1815/2591/3443
f 1870/2572/3444 1824/2637/3444 1815/2591/3444
f 1980/2638/3445 1824/2637/3445 1870/2572/3445
f 1865/2639/3446 1870/2572/3446 1976/2545/3446
f 1865/2639/3447 1976/2545/3447 1897/1531/3447
f 1846/1530/3448 1865/2639/3448 1897/1531/3448
f 2351/1512/3449 2353/1511/3449 2352/1559/3449
f 2350/2573/3450 2351/1512/3450 2352/1559/3450
f 2350/2573/3451 2352/1559/3451 2372/2593/3451
f 2372/2593/3452 2352/1559/3452 2373/2640/3452
f 1786/2641/3453 1846/1530/3453 1856/1529/3453
f 2374/1495/3454 2372/2593/3454 2373/2640/3454
f 2375/1533/3455 2373/2640/3455 2404/2642/3455
f 1906/2643/3456 1910/2644/3456 1900/2645/3456
f 2374/1495/3457 2373/2640/3457 2375/1533/3457
f 2375/1533/3458 2404/2642/3458 2402/1563/3458
f 1902/2646/3459 1898/1560/3459 1844/1562/3459
f 1902/2646/3460 1844/1562/3460 1905/2647/3460
f 1844/1562/3461 1820/1561/3461 1796/2648/3461
f 1844/1562/3462 1801/1541/3462 1905/2647/3462
f 1801/1541/3463 1844/1562/3463 1796/2648/3463
f 1774/2649/3464 1786/2641/3464 1776/2650/3464
f 1786/2641/3465 1856/1529/3465 1821/2594/3465
f 1907/1540/3466 1905/2647/3466 1801/1541/3466
f 1797/2651/3467 1796/2648/3467 1782/2652/3467
f 1776/2650/3468 1786/2641/3468 1821/2594/3468
f 1799/1544/3469 1801/1541/3469 1797/2651/3469
f 1801/1541/3470 1796/2648/3470 1797/2651/3470
f 1782/2652/3471 1775/2653/3471 1780/2654/3471
f 1780/2654/3472 1775/2653/3472 1776/2650/3472
f 1798/2607/3473 1797/2651/3473 1782/2652/3473
f 1782/2652/3474 1780/2654/3474 1802/2600/3474
f 1802/2600/3475 1780/2654/3475 1781/2655/3475
f 1780/2654/3476 1776/2650/3476 1781/2655/3476
f 1781/2655/3477 1776/2650/3477 1832/2574/3477
f 1776/2650/3478 1821/2594/3478 1832/2574/3478
f 1803/2598/3479 1799/1544/3479 1798/2607/3479
f 1799/1544/3480 1797/2651/3480 1798/2607/3480
f 1798/2607/3481 1782/2652/3481 1800/2599/3481
f 1800/2599/3482 1782/2652/3482 1802/2600/3482
f 1802/2600/3483 1781/2655/3483 1855/2602/3483
f 1855/2602/3484 1781/2655/3484 1854/2578/3484
f 1854/2578/3485 1781/2655/3485 1832/2574/3485
f 1559/1516/3486 1556/2609/3486 1554/2656/3486
f 1557/2610/3487 1640/2611/3487 1636/2657/3487
f 1561/2612/3488 1559/1516/3488 1554/2656/3488
f 1640/2611/3489 1713/2613/3489 1636/2657/3489
f 2249/1566/3490 2247/2580/3490 2248/1564/3490
f 1636/2657/3491 1713/2613/3491 1714/2614/3491
f 1666/2658/3492 1714/2614/3492 1751/2615/3492
f 2267/2501/3493 2251/2581/3493 2253/1519/3493
f 1722/2659/3494 1751/2615/3494 1765/2616/3494
f 1722/2659/3495 1765/2616/3495 1710/2617/3495
f 1191/1569/3496 1187/2660/3496 1190/2661/3496
f 301/1568/3497 296/1522/3497 298/1579/3497
f 1663/2662/3498 1722/2659/3498 1716/2663/3498
f 1716/2663/3499 1722/2659/3499 1710/2617/3499
f 1196/1548/3500 1195/1547/3500 1193/1570/3500
f 1663/2662/3501 1716/2663/3501 1654/2664/3501
f 1347/2619/3502 1344/2665/3502 1346/2666/3502
f 1654/2664/3503 1716/2663/3503 1709/2667/3503
f 1709/2667/3504 1716/2663/3504 1710/2617/3504
f 1709/2667/3505 1710/2617/3505 1708/2618/3505
f 1348/1526/3506 1347/2619/3506 1339/2668/3506
f 1653/2669/3507 1654/2664/3507 1709/2667/3507
f 942/2670/3508 948/1572/3508 939/1571/3508
f 1348/1526/3509 1339/2668/3509 1338/2623/3509
f 1653/2669/3510 1709/2667/3510 1708/2618/3510
f 1350/2562/3511 1338/2623/3511 1342/2671/3511
f 1352/2563/3512 1350/2562/3512 1342/2671/3512
f 1352/2563/3513 1342/2671/3513 1357/2586/3513
f 1357/2586/3514 1342/2671/3514 1370/2587/3514
f 1370/2587/3515 1342/2671/3515 1368/2672/3515
f 929/1528/3516 934/1574/3516 931/1552/3516
f 1652/2673/3517 1653/2669/3517 1708/2618/3517
f 2327/2624/3518 2257/2620/3518 2259/2674/3518
f 1652/2673/3519 1708/2618/3519 1711/2675/3519
f 1723/2676/3520 1652/2673/3520 1711/2675/3520
f 1711/2675/3521 1708/2618/3521 1721/2625/3521
f 1711/2675/3522 1721/2625/3522 1727/2630/3522
f 1737/2677/3523 1711/2675/3523 1727/2630/3523
f 1730/2678/3524 1737/2677/3524 1727/2630/3524
f 1857/2679/3525 1737/2677/3525 1730/2678/3525
f 2095/2680/3526 2099/2681/3526 2098/2682/3526
f 1730/2678/3527 1727/2630/3527 1729/2683/3527
f 1027/2684/3528 1028/2685/3528 1029/2686/3528
f 1028/2685/3529 1031/2687/3529 1029/2686/3529
f 1729/2683/3530 1727/2630/3530 1728/2629/3530
f 1029/2686/3531 1031/2687/3531 1033/2688/3531
f 1733/2689/3532 1883/2690/3532 1729/2683/3532
f 1884/2691/3533 1883/2690/3533 1733/2689/3533
f 1729/2683/3534 1728/2629/3534 1731/2633/3534
f 1036/2692/3535 1042/2693/3535 1037/2694/3535
f 1733/2689/3536 1729/2683/3536 1732/2635/3536
f 1732/2635/3537 1729/2683/3537 1731/2633/3537
f 1037/2694/3538 1042/2693/3538 1041/2695/3538
f 2452/2632/3539 2450/2628/3539 2453/2696/3539
f 1734/2697/3540 1733/2689/3540 1732/2635/3540
f 1734/2697/3541 1732/2635/3541 1735/2698/3541
f 1735/2698/3542 1732/2635/3542 1736/2699/3542
f 1736/2699/3543 1732/2635/3543 1740/2634/3543
f 1813/2700/3544 1736/2699/3544 1741/2701/3544
f 1736/2699/3545 1740/2634/3545 1741/2701/3545
f 1741/2701/3546 1740/2634/3546 1763/2636/3546
f 2371/1509/3547 2369/2592/3547 2359/1575/3547
f 1741/2701/3548 1763/2636/3548 1843/2702/3548
f 2355/1510/3549 2371/1509/3549 2359/1575/3549
f 1980/2638/3550 1763/2636/3550 1824/2637/3550
f 2355/1510/3551 2356/1576/3551 2354/1558/3551
f 2353/1511/3552 2355/1510/3552 2354/1558/3552
f 1865/2639/3553 1980/2638/3553 1870/2572/3553
f 2354/1558/3554 2357/2703/3554 2405/2704/3554
f 2354/1558/3555 2405/2704/3555 2352/1559/3555
f 2352/1559/3556 2405/2704/3556 2399/2705/3556
f 1773/2706/3557 1846/1530/3557 1786/2641/3557
f 2352/1559/3558 2399/2705/3558 2373/2640/3558
f 1774/2649/3559 1773/2706/3559 1786/2641/3559
f 2373/2640/3560 2434/2707/3560 2404/2642/3560
f 1910/2644/3561 1795/2708/3561 1900/2645/3561
f 1900/2645/3562 1795/2708/3562 1898/1560/3562
f 1774/2649/3563 1762/2709/3563 1773/2706/3563
f 1898/1560/3564 1795/2708/3564 1820/1561/3564
f 1901/2710/3565 1900/2645/3565 1898/1560/3565
f 1901/2710/3566 1898/1560/3566 1902/2646/3566
f 1820/1561/3567 1778/2711/3567 1796/2648/3567
f 1778/2711/3568 1762/2709/3568 1775/2653/3568
f 1775/2653/3569 1762/2709/3569 1774/2649/3569
f 1906/2643/3570 1900/2645/3570 1901/2710/3570
f 1904/1577/3571 1906/2643/3571 1901/2710/3571
f 1901/2710/3572 1902/2646/3572 1903/1578/3572
f 1909/1537/3573 1906/2643/3573 1904/1577/3573
f 1903/1578/3574 1902/2646/3574 1905/2647/3574
f 1775/2653/3575 1774/2649/3575 1776/2650/3575
f 1796/2648/3576 1778/2711/3576 1782/2652/3576
f 1778/2711/3577 1775/2653/3577 1782/2652/3577
f 1914/1538/3578 1909/1537/3578 1904/1577/3578
f 1914/1538/3579 1904/1577/3579 1908/1543/3579
f 1908/1543/3580 1903/1578/3580 1907/1540/3580
f 1903/1578/3581 1905/2647/3581 1907/1540/3581
f 1553/2712/3582 1554/2656/3582 1556/2609/3582
f 1553/2712/3583 1556/2609/3583 1557/2610/3583
f 1553/2712/3584 1557/2610/3584 1552/2713/3584
f 1557/2610/3585 1636/2657/3585 1552/2713/3585
f 1561/2612/3586 1554/2656/3586 1551/2714/3586
f 1551/2714/3587 1554/2656/3587 1553/2712/3587
f 1562/2715/3588 1561/2612/3588 1551/2714/3588
f 1666/2658/3589 1636/2657/3589 1714/2614/3589
f 1637/2716/3590 1636/2657/3590 1666/2658/3590
f 2251/2581/3591 2249/1566/3591 2250/1565/3591
f 2251/2581/3592 2250/1565/3592 2252/2717/3592
f 2253/1519/3593 2251/2581/3593 2252/2717/3593
f 1662/2718/3594 1666/2658/3594 1722/2659/3594
f 1666/2658/3595 1751/2615/3595 1722/2659/3595
f 2253/1519/3596 2252/2717/3596 2254/2719/3596
f 1663/2662/3597 1662/2718/3597 1722/2659/3597
f 2255/1520/3598 2253/1519/3598 2254/2719/3598
f 1190/2661/3599 1187/2660/3599 1189/2720/3599
f 1187/2660/3600 1188/2721/3600 1189/2720/3600
f 1191/1569/3601 1190/2661/3601 1193/1570/3601
f 298/1579/3602 274/1503/3602 291/1580/3602
f 1655/2722/3603 1663/2662/3603 1654/2664/3603
f 2257/2620/3604 2255/1520/3604 2254/2719/3604
f 1651/2723/3605 1655/2722/3605 1654/2664/3605
f 1347/2619/3606 1346/2666/3606 1339/2668/3606
f 291/1580/3607 276/1550/3607 288/1582/3607
f 1332/2724/3608 1333/2725/3608 1334/2726/3608
f 940/1596/3609 942/2670/3609 939/1571/3609
f 1651/2723/3610 1654/2664/3610 1653/2669/3610
f 2257/2620/3611 2254/2719/3611 2258/2727/3611
f 1652/2673/3612 1651/2723/3612 1653/2669/3612
f 1338/2623/3613 1339/2668/3613 1340/2728/3613
f 1338/2623/3614 1340/2728/3614 1341/2729/3614
f 1342/2671/3615 1338/2623/3615 1341/2729/3615
f 1368/2672/3616 1341/2729/3616 1367/2730/3616
f 2259/2674/3617 2257/2620/3617 2258/2727/3617
f 1342/2671/3618 1341/2729/3618 1368/2672/3618
f 1657/2731/3619 1652/2673/3619 1723/2676/3619
f 1724/2732/3620 1723/2676/3620 1711/2675/3620
f 1724/2732/3621 1711/2675/3621 1738/2733/3621
f 1738/2733/3622 1711/2675/3622 1737/2677/3622
f 2279/2734/3623 2327/2624/3623 2259/2674/3623
f 2279/2734/3624 2259/2674/3624 2276/2735/3624
f 1739/2736/3625 1738/2733/3625 1737/2677/3625
f 1829/2737/3626 1739/2736/3626 1737/2677/3626
f 1829/2737/3627 1737/2677/3627 1857/2679/3627
f 2094/2738/3628 2095/2680/3628 2096/2739/3628
f 2095/2680/3629 2098/2682/3629 2097/2740/3629
f 2096/2739/3630 2095/2680/3630 2097/2740/3630
f 1788/2741/3631 1738/2733/3631 1739/2736/3631
f 1739/2736/3632 1829/2737/3632 1828/2742/3632
f 1030/2743/3633 1027/2684/3633 1029/2686/3633
f 1788/2741/3634 1739/2736/3634 1789/2/3634
f 1789/2/3635 1739/2736/3635 1790/2744/3635
f 1790/2744/3636 1739/2736/3636 1828/2742/3636
f 1787/2745/3637 1788/2741/3637 1789/2/3637
f 2165/2746/3638 2166/2747/3638 2167/2748/3638
f 1787/2745/3639 1789/2/3639 1874/1/3639
f 1029/2686/3640 1033/2688/3640 1034/2749/3640
f 1035/2750/3641 1029/2686/3641 1034/2749/3641
f 1792/3/3642 1789/2/3642 1791/2751/3642
f 1791/2751/3643 1789/2/3643 1790/2744/3643
f 1034/2749/3644 1033/2688/3644 1036/2692/3644
f 1034/2749/3645 1036/2692/3645 1037/2694/3645
f 1040/2752/3646 1037/2694/3646 1041/2695/3646
f 1037/2694/3647 1040/2752/3647 1039/2753/3647
f 2411/2567/3648 2279/2734/3648 2278/2754/3648
f 1039/2753/3649 1040/2752/3649 1043/2755/3649
f 1876/2756/3650 1734/2697/3650 1735/2698/3650
f 1880/2757/3651 1876/2756/3651 1735/2698/3651
f 1880/2757/3652 1735/2698/3652 1847/2758/3652
f 1045/2759/3653 1040/2752/3653 1047/2760/3653
f 1047/2760/3654 1051/2761/3654 1045/2759/3654
f 1045/2759/3655 1051/2761/3655 1050/2762/3655
f 1847/2758/3656 1735/2698/3656 1736/2699/3656
f 1050/2762/3657 1051/2761/3657 1052/1631/3657
f 2369/2592/3658 2411/2567/3658 2368/2763/3658
f 1814/2764/3659 1847/2758/3659 1736/2699/3659
f 1814/2764/3660 1736/2699/3660 1813/2700/3660
f 1052/1631/3661 1051/2761/3661 1053/1629/3661
f 1859/2765/3662 1813/2700/3662 1741/2701/3662
f 1859/2765/3663 1741/2701/3663 1843/2702/3663
f 1842/2766/3664 1843/2702/3664 1763/2636/3664
f 1842/2766/3665 1763/2636/3665 1980/2638/3665
f 2354/1558/3666 2356/1576/3666 2357/2703/3666
f 1842/2766/3667 1980/2638/3667 1865/2639/3667
f 2399/2705/3668 2405/2704/3668 2400/2767/3668
f 1777/2768/3669 1865/2639/3669 1846/1530/3669
f 1773/2706/3670 1777/2768/3670 1846/1530/3670
f 2399/2705/3671 2400/2767/3671 2373/2640/3671
f 2373/2640/3672 2400/2767/3672 2403/2769/3672
f 1761/2770/3673 1773/2706/3673 1762/2709/3673
f 2373/2640/3674 2403/2769/3674 2434/2707/3674
f 1794/2771/3675 1779/2772/3675 1778/2711/3675
f 1795/2708/3676 1794/2771/3676 1778/2711/3676
f 1779/2772/3677 1767/2773/3677 1762/2709/3677
f 1820/1561/3678 1795/2708/3678 1778/2711/3678
f 1778/2711/3679 1779/2772/3679 1762/2709/3679
f 1904/1577/3680 1901/2710/3680 1903/1578/3680
f 1551/2714/3681 1553/2712/3681 1550/2774/3681
f 1550/2774/3682 1553/2712/3682 1552/2713/3682
f 1637/2716/3683 1552/2713/3683 1636/2657/3683
f 1558/2775/3684 1562/2715/3684 1551/2714/3684
f 1558/2775/3685 1551/2714/3685 1555/2776/3685
f 1662/2718/3686 1637/2716/3686 1666/2658/3686
f 1558/2775/3687 1555/2776/3687 1593/2777/3687
f 1548/2778/3688 1662/2718/3688 1655/2722/3688
f 1655/2722/3689 1662/2718/3689 1663/2662/3689
f 1188/2721/3690 1192/2779/3690 1189/2720/3690
f 1595/2780/3691 1558/2775/3691 1593/2777/3691
f 1344/2665/3692 1356/2781/3692 1345/2782/3692
f 1356/2781/3693 1365/2783/3693 1345/2782/3693
f 2010/2784/3694 2011/2785/3694 2012/2786/3694
f 2013/2787/3695 2010/2784/3695 2012/2786/3695
f 1344/2665/3696 1345/2782/3696 1346/2666/3696
f 1346/2666/3697 1345/2782/3697 1343/2788/3697
f 1631/2789/3698 1655/2722/3698 1651/2723/3698
f 1339/2668/3699 1346/2666/3699 1343/2788/3699
f 1629/2790/3700 1631/2789/3700 1651/2723/3700
f 1594/2791/3701 1595/2780/3701 1593/2777/3701
f 1339/2668/3702 1343/2788/3702 1340/2728/3702
f 1594/2791/3703 1593/2777/3703 1596/2792/3703
f 1630/2793/3704 1629/2790/3704 1651/2723/3704
f 1341/2729/3705 1340/2728/3705 1358/2794/3705
f 936/1553/3706 938/1595/3706 939/1571/3706
f 1630/2793/3707 1651/2723/3707 1652/2673/3707
f 1367/2730/3708 1341/2729/3708 1358/2794/3708
f 935/1573/3709 938/1595/3709 936/1553/3709
f 1630/2793/3710 1652/2673/3710 1656/2795/3710
f 1656/2795/3711 1652/2673/3711 1657/2731/3711
f 2259/2674/3712 2258/2727/3712 2275/2796/3712
f 1597/2797/3713 1594/2791/3713 1596/2792/3713
f 1724/2732/3714 1657/2731/3714 1723/2676/3714
f 1657/2731/3715 1724/2732/3715 1658/2798/3715
f 1658/2798/3716 1724/2732/3716 1738/2733/3716
f 1717/2799/3717 1658/2798/3717 1738/2733/3717
f 2276/2735/3718 2259/2674/3718 2275/2796/3718
f 2276/2735/3719 2275/2796/3719 2277/2800/3719
f 1759/2801/3720 1717/2799/3720 1788/2741/3720
f 1717/2799/3721 1738/2733/3721 1788/2741/3721
f 1787/2745/3722 1759/2801/3722 1788/2741/3722
f 1032/2802/3723 1030/2743/3723 1029/2686/3723
f 1032/2802/3724 1029/2686/3724 1035/2750/3724
f 1743/1622/3725 1759/2801/3725 1787/2745/3725
f 1743/1622/3726 1787/2745/3726 1869/2803/3726
f 1869/2803/3727 1787/2745/3727 1874/1/3727
f 2556/2804/3728 2555/1617/3728 2554/1615/3728
f 1715/1621/3729 1759/2801/3729 1743/1622/3729
f 1743/1622/3730 1869/2803/3730 1808/2805/3730
f 1035/2750/3731 1034/2749/3731 1048/2806/3731
f 1743/1622/3732 1808/2805/3732 1807/2807/3732
f 1806/2808/3733 1743/1622/3733 1807/2807/3733
f 1743/1622/3734 1690/2809/3734 1689/1620/3734
f 1690/2809/3735 1743/1622/3735 1806/2808/3735
f 1038/2810/3736 1048/2806/3736 1034/2749/3736
f 1690/2809/3737 1806/2808/3737 1805/2811/3737
f 1038/2810/3738 1034/2749/3738 1037/2694/3738
f 2276/2735/3739 2277/2800/3739 2278/2754/3739
f 2279/2734/3740 2276/2735/3740 2278/2754/3740
f 1685/2812/3741 1690/2809/3741 1804/2813/3741
f 1038/2810/3742 1037/2694/3742 1039/2753/3742
f 1690/2809/3743 1805/2811/3743 1804/2813/3743
f 1043/2755/3744 1040/2752/3744 1045/2759/3744
f 2369/2592/3745 2368/2763/3745 2359/1575/3745
f 1054/1630/3746 1053/1629/3746 1055/2814/3746
f 1873/2815/3747 1814/2764/3747 1813/2700/3747
f 1859/2765/3748 1873/2815/3748 1813/2700/3748
f 2359/1575/3749 2358/2816/3749 2356/1576/3749
f 2357/2703/3750 2356/1576/3750 2358/2816/3750
f 2357/2703/3751 2358/2816/3751 2405/2704/3751
f 1772/2817/3752 1842/2766/3752 1865/2639/3752
f 1777/2768/3753 1772/2817/3753 1865/2639/3753
f 2464/1594/3754 2463/1593/3754 2465/2818/3754
f 1761/2770/3755 1755/2819/3755 1777/2768/3755
f 1761/2770/3756 1777/2768/3756 1773/2706/3756
f 2403/2769/3757 2400/2767/3757 2406/2820/3757
f 1762/2709/3758 1767/2773/3758 1760/2821/3758
f 1762/2709/3759 1760/2821/3759 1761/2770/3759
f 1794/2771/3760 1770/2822/3760 1779/2772/3760
f 1547/2823/3761 1550/2774/3761 1552/2713/3761
f 1547/2823/3762 1552/2713/3762 1637/2716/3762
f 1551/2714/3763 1550/2774/3763 1546/2824/3763
f 1546/2824/3764 1550/2774/3764 1547/2823/3764
f 1546/2824/3765 1547/2823/3765 1548/2778/3765
f 1548/2778/3766 1547/2823/3766 1637/2716/3766
f 1555/2776/3767 1551/2714/3767 1546/2824/3767
f 1548/2778/3768 1637/2716/3768 1662/2718/3768
f 1555/2776/3769 1546/2824/3769 1549/2825/3769
f 1549/2825/3770 1546/2824/3770 1548/2778/3770
f 1593/2777/3771 1555/2776/3771 1549/2825/3771
f 1549/2825/3772 1548/2778/3772 1631/2789/3772
f 1631/2789/3773 1548/2778/3773 1655/2722/3773
f 1189/2720/3774 1192/2779/3774 1194/2826/3774
f 1194/2826/3775 1192/2779/3775 1198/2827/3775
f 1602/2828/3776 1549/2825/3776 1631/2789/3776
f 1345/2782/3777 1364/2829/3777 1349/2830/3777
f 1593/2777/3778 1549/2825/3778 1602/2828/3778
f 1343/2788/3779 1345/2782/3779 1349/2830/3779
f 1335/2831/3780 1337/2832/3780 1336/2833/3780
f 1343/2788/3781 1349/2830/3781 1354/2834/3781
f 1335/2831/3782 1336/2833/3782 1332/2724/3782
f 1602/2828/3783 1631/2789/3783 1629/2790/3783
f 1343/2788/3784 1354/2834/3784 1353/2835/3784
f 1335/2831/3785 1332/2724/3785 1334/2726/3785
f 1604/2836/3786 1602/2828/3786 1629/2790/3786
f 1353/2835/3787 1354/2834/3787 1335/2831/3787
f 1340/2728/3788 1343/2788/3788 1353/2835/3788
f 1353/2835/3789 1335/2831/3789 1334/2726/3789
f 1596/2792/3790 1593/2777/3790 1602/2828/3790
f 1340/2728/3791 1353/2835/3791 1358/2794/3791
f 1358/2794/3792 1353/2835/3792 1334/2726/3792
f 1604/2836/3793 1629/2790/3793 1630/2793/3793
f 1596/2792/3794 1602/2828/3794 1599/2837/3794
f 1599/2837/3795 1602/2828/3795 1604/2836/3795
f 1603/2838/3796 1604/2836/3796 1630/2793/3796
f 1599/2837/3797 1604/2836/3797 1603/2838/3797
f 1628/2839/3798 1603/2838/3798 1630/2793/3798
f 1630/2793/3799 1656/2795/3799 1628/2839/3799
f 1596/2792/3800 1599/2837/3800 1598/2840/3800
f 1598/2840/3801 1599/2837/3801 1600/2841/3801
f 1599/2837/3802 1603/2838/3802 1600/2841/3802
f 1603/2838/3803 1628/2839/3803 1600/2841/3803
f 1597/2797/3804 1596/2792/3804 1598/2840/3804
f 1634/2842/3805 1656/2795/3805 1657/2731/3805
f 1628/2839/3806 1656/2795/3806 1634/2842/3806
f 1634/2842/3807 1657/2731/3807 1658/2798/3807
f 1598/2840/3808 1600/2841/3808 1601/2843/3808
f 1013/1658/3809 1012/1657/3809 1015/2844/3809
f 1013/1658/3810 1015/2844/3810 1016/2845/3810
f 1600/2841/3811 1628/2839/3811 1612/2846/3811
f 1612/2846/3812 1628/2839/3812 1634/2842/3812
f 1612/2846/3813 1634/2842/3813 1658/2798/3813
f 1016/2845/3814 1015/2844/3814 1017/2847/3814
f 1668/2848/3815 1598/2840/3815 1601/2843/3815
f 1612/2846/3816 1658/2798/3816 1717/2799/3816
f 1597/2797/3817 1598/2840/3817 1668/2848/3817
f 1675/2849/3818 1668/2848/3818 1601/2843/3818
f 1612/2846/3819 1717/2799/3819 1726/2850/3819
f 1700/2851/3820 1612/2846/3820 1726/2850/3820
f 1726/2850/3821 1717/2799/3821 1759/2801/3821
f 2161/2852/3822 2160/1612/3822 2159/1611/3822
f 1284/1665/3823 1316/2853/3823 1317/2854/3823
f 1676/2855/3824 1668/2848/3824 1675/2849/3824
f 1675/2849/3825 1700/2851/3825 1688/2856/3825
f 1700/2851/3826 1726/2850/3826 1759/2801/3826
f 1258/1663/3827 1284/1665/3827 1288/2857/3827
f 1676/2855/3828 1675/2849/3828 1679/2858/3828
f 1675/2849/3829 1688/2856/3829 1679/2858/3829
f 1689/1620/3830 1688/2856/3830 1700/2851/3830
f 1689/1620/3831 1700/2851/3831 1715/1621/3831
f 1700/2851/3832 1759/2801/3832 1715/1621/3832
f 1258/1663/3833 1288/2857/3833 1273/2859/3833
f 1269/2860/3834 1273/2859/3834 1283/2861/3834
f 1677/2862/3835 1668/2848/3835 1676/2855/3835
f 1684/2863/3836 1679/2858/3836 1688/2856/3836
f 1684/2863/3837 1688/2856/3837 1689/1620/3837
f 1684/2863/3838 1689/1620/3838 1690/2809/3838
f 1705/2864/3839 1668/2848/3839 1677/2862/3839
f 1677/2862/3840 1676/2855/3840 1678/2865/3840
f 1678/2865/3841 1676/2855/3841 1679/2858/3841
f 1678/2865/3842 1679/2858/3842 1684/2863/3842
f 1292/2866/3843 1269/2860/3843 1283/2861/3843
f 1677/2862/3844 1678/2865/3844 1680/2867/3844
f 1682/2868/3845 1705/2864/3845 1677/2862/3845
f 1678/2865/3846 1684/2863/3846 1685/2812/3846
f 1684/2863/3847 1690/2809/3847 1685/2812/3847
f 1678/2865/3848 1685/2812/3848 1686/2869/3848
f 1686/2869/3849 1685/2812/3849 1687/2870/3849
f 1685/2812/3850 1804/2813/3850 1822/2871/3850
f 1687/2870/3851 1685/2812/3851 1822/2871/3851
f 1039/2753/3852 1043/2755/3852 1044/2872/3852
f 1682/2868/3853 1677/2862/3853 1680/2867/3853
f 1681/2873/3854 1678/2865/3854 1686/2869/3854
f 1044/2872/3855 1043/2755/3855 1045/2759/3855
f 1705/2864/3856 1682/2868/3856 1683/2874/3856
f 1680/2867/3857 1678/2865/3857 1681/2873/3857
f 1427/1650/3858 1426/1649/3858 1428/1652/3858
f 1687/2870/3859 1822/2871/3859 1863/2875/3859
f 1046/2876/3860 1045/2759/3860 1050/2762/3860
f 1044/2872/3861 1045/2759/3861 1046/2876/3861
f 2456/1591/3862 2455/1590/3862 2457/2877/3862
f 1683/2874/3863 1682/2868/3863 1680/2867/3863
f 2117/2878/3864 2118/2879/3864 2119/2880/3864
f 1680/2867/3865 1681/2873/3865 1811/2881/3865
f 1811/2881/3866 1681/2873/3866 1703/2882/3866
f 1703/2882/3867 1681/2873/3867 1686/2869/3867
f 1686/2869/3868 1687/2870/3868 1702/2883/3868
f 1703/2882/3869 1686/2869/3869 1702/2883/3869
f 1702/2883/3870 1687/2870/3870 1863/2875/3870
f 1312/2884/3871 1310/2885/3871 1313/2886/3871
f 1811/2881/3872 1703/2882/3872 1720/2887/3872
f 1720/2887/3873 1703/2882/3873 1702/2883/3873
f 2360/2888/3874 2368/2763/3874 2370/2889/3874
f 2359/1575/3875 2368/2763/3875 2360/2888/3875
f 1833/2890/3876 1873/2815/3876 1859/2765/3876
f 1833/2890/3877 1859/2765/3877 1843/2702/3877
f 1833/2890/3878 1843/2702/3878 1753/2891/3878
f 2359/1575/3879 2360/2888/3879 2358/2816/3879
f 2358/2816/3880 2360/2888/3880 2361/1683/3880
f 1753/2891/3881 1843/2702/3881 1842/2766/3881
f 1742/2892/3882 1753/2891/3882 1772/2817/3882
f 1753/2891/3883 1842/2766/3883 1772/2817/3883
f 2358/2816/3884 2361/1683/3884 2405/2704/3884
f 1755/2819/3885 1742/2892/3885 1772/2817/3885
f 2405/2704/3886 2361/1683/3886 2365/2893/3886
f 2365/2893/3887 2361/1683/3887 2364/2894/3887
f 2365/2893/3888 2364/2894/3888 2366/2895/3888
f 1755/2819/3889 1772/2817/3889 1777/2768/3889
f 1760/2821/3890 1704/2896/3890 1755/2819/3890
f 2365/2893/3891 2366/2895/3891 2406/2820/3891
f 1767/2773/3892 1769/2897/3892 1768/2898/3892
f 1767/2773/3893 1768/2898/3893 1760/2821/3893
f 1770/2822/3894 1769/2897/3894 1767/2773/3894
f 1760/2821/3895 1755/2819/3895 1761/2770/3895
f 1770/2822/3896 1767/2773/3896 1779/2772/3896
f 1349/2830/3897 1364/2829/3897 1337/2832/3897
f 1354/2834/3898 1349/2830/3898 1337/2832/3898
f 1354/2834/3899 1337/2832/3899 1335/2831/3899
f 1314/1687/3900 1316/2853/3900 1259/1664/3900
f 1601/2843/3901 1600/2841/3901 1612/2846/3901
f 1635/2899/3902 1601/2843/3902 1612/2846/3902
f 1675/2849/3903 1601/2843/3903 1635/2899/3903
f 1635/2899/3904 1612/2846/3904 1700/2851/3904
f 1259/1664/3905 1316/2853/3905 1284/1665/3905
f 1675/2849/3906 1635/2899/3906 1700/2851/3906
f 1264/2900/3907 1258/1663/3907 1273/2859/3907
f 1264/2900/3908 1273/2859/3908 1269/2860/3908
f 1285/2901/3909 1269/2860/3909 1292/2866/3909
f 1285/2901/3910 1292/2866/3910 1308/2902/3910
f 1683/2874/3911 1680/2867/3911 1691/2903/3911
f 1311/2904/3912 1310/2885/3912 1312/2884/3912
f 1691/2903/3913 1680/2867/3913 1692/2905/3913
f 1692/2905/3914 1811/2881/3914 1720/2887/3914
f 1054/1630/3915 1055/2814/3915 1056/2906/3915
f 1693/2907/3916 1691/2903/3916 1692/2905/3916
f 1694/2908/3917 1692/2905/3917 1720/2887/3917
f 1694/2908/3918 1720/2887/3918 1702/2883/3918
f 1431/1653/3919 1420/1654/3919 1419/1676/3919
f 1694/2908/3920 1702/2883/3920 1757/2909/3920
f 1056/2906/3921 1055/2814/3921 1057/1679/3921
f 2360/2888/3922 2370/2889/3922 2367/2910/3922
f 1693/2907/3923 1692/2905/3923 1694/2908/3923
f 1055/2814/3924 1059/1680/3924 1057/1679/3924
f 2360/2888/3925 2367/2910/3925 2362/1681/3925
f 1698/2911/3926 1691/2903/3926 1693/2907/3926
f 1694/2908/3927 1757/2909/3927 1701/2912/3927
f 1696/2913/3928 1694/2908/3928 1701/2912/3928
f 1701/2912/3929 1833/2890/3929 1753/2891/3929
f 2360/2888/3930 2362/1681/3930 2361/1683/3930
f 1696/2913/3931 1701/2912/3931 1753/2891/3931
f 2364/2894/3932 2361/1683/3932 2363/1682/3932
f 1696/2913/3933 1753/2891/3933 1742/2892/3933
f 1697/2914/3934 1696/2913/3934 1742/2892/3934
f 2364/2894/3935 2363/1682/3935 2366/2895/3935
f 1699/2915/3936 1704/2896/3936 1768/2898/3936
f 1704/2896/3937 1697/2914/3937 1755/2819/3937
f 1755/2819/3938 1697/2914/3938 1742/2892/3938
f 1769/2897/3939 1699/2915/3939 1768/2898/3939
f 1768/2898/3940 1704/2896/3940 1760/2821/3940
f 1329/2916/3941 1330/1691/3941 1328/1690/3941
f 1258/1663/3942 1256/2917/3942 1259/1664/3942
f 1254/2918/3943 1256/2917/3943 1258/1663/3943
f 1263/2919/3944 1254/2918/3944 1264/2900/3944
f 1254/2918/3945 1258/1663/3945 1264/2900/3945
f 1263/2919/3946 1264/2900/3946 1269/2860/3946
f 1046/2876/3947 1049/2920/3947 1044/2872/3947
f 1297/2921/3948 1310/2885/3948 1311/2904/3948
f 1315/2922/3949 1297/2921/3949 1311/2904/3949
f 1693/2907/3950 1694/2908/3950 1695/2923/3950
f 1695/2923/3951 1694/2908/3951 1696/2913/3951
f 1697/2914/3952 1695/2923/3952 1696/2913/3952
f 1699/2915/3953 1698/2911/3953 1693/2907/3953
f 1693/2907/3954 1695/2923/3954 1699/2915/3954
f 1699/2915/3955 1695/2923/3955 1697/2914/3955
f 1699/2915/3956 1697/2914/3956 1704/2896/3956
f 1326/2924/3957 1329/2916/3957 1328/1690/3957
f 1290/1688/3958 1259/1664/3958 1257/2925/3958
f 1256/2917/3959 1257/2925/3959 1259/1664/3959
f 1254/2918/3960 1253/2926/3960 1256/2917/3960
f 1262/2927/3961 1254/2918/3961 1261/2928/3961
f 1261/2928/3962 1254/2918/3962 1263/2919/3962
f 1276/2929/3963 1263/2919/3963 1269/2860/3963
f 1276/2929/3964 1269/2860/3964 1285/2901/3964
f 1282/2930/3965 1276/2929/3965 1285/2901/3965
f 1297/2921/3966 1285/2901/3966 1310/2885/3966
f 1304/2931/3967 1297/2921/3967 1315/2922/3967
f 1058/1701/3968 1056/2906/3968 1057/1679/3968
f 1325/2932/3969 1321/2933/3969 1326/2924/3969
f 1325/2932/3970 1326/2924/3970 1327/2934/3970
f 1327/2934/3971 1326/2924/3971 1328/1690/3971
f 1275/2935/3972 1290/1688/3972 1257/2925/3972
f 1257/2925/3973 1256/2917/3973 1252/1815/3973
f 1253/2926/3974 1252/1815/3974 1256/2917/3974
f 1236/2936/3975 1253/2926/3975 1254/2918/3975
f 1262/2927/3976 1236/2936/3976 1254/2918/3976
f 1260/2937/3977 1236/2936/3977 1261/2928/3977
f 1236/2936/3978 1262/2927/3978 1261/2928/3978
f 1267/2938/3979 1260/2937/3979 1261/2928/3979
f 1267/2938/3980 1261/2928/3980 1266/2939/3980
f 1266/2939/3981 1261/2928/3981 1263/2919/3981
f 1272/2940/3982 1266/2939/3982 1263/2919/3982
f 1276/2929/3983 1272/2940/3983 1263/2919/3983
f 1282/2930/3984 1272/2940/3984 1276/2929/3984
f 1295/2941/3985 1282/2930/3985 1285/2901/3985
f 1295/2941/3986 1285/2901/3986 1297/2921/3986
f 2544/1777/3987 2600/1734/3987 2539/1733/3987
f 1297/2921/3988 1303/2942/3988 1301/2943/3988
f 1303/2942/3989 1297/2921/3989 1304/2931/3989
f 2579/1781/3990 2516/1783/3990 2596/1795/3990
f 1323/2944/3991 1320/2945/3991 1322/2946/3991
f 1320/2945/3992 1321/2933/3992 1322/2946/3992
f 1322/2946/3993 1321/2933/3993 1325/2932/3993
f 1235/2947/3994 1252/1815/3994 1253/2926/3994
f 1234/2948/3995 1241/1813/3995 1235/2947/3995
f 1237/2949/3996 1234/2948/3996 1236/2936/3996
f 1234/2948/3997 1235/2947/3997 1236/2936/3997
f 1236/2936/3998 1235/2947/3998 1253/2926/3998
f 1238/2950/3999 1237/2949/3999 1236/2936/3999
f 1230/1757/4000 1238/2950/4000 1233/2951/4000
f 1233/2951/4001 1238/2950/4001 1260/2937/4001
f 1238/2950/4002 1236/2936/4002 1260/2937/4002
f 1232/1758/4003 1230/1757/4003 1233/2951/4003
f 1/2952/4004 2/2953/4004 3/2954/4004
f 1233/2951/4005 1260/2937/4005 1267/2938/4005
f 1268/2955/4006 1233/2951/4006 1267/2938/4006
f 1268/2955/4007 1267/2938/4007 1271/2956/4007
f 1272/2940/4008 1267/2938/4008 1266/2939/4008
f 1318/2957/4009 1268/2955/4009 1271/2956/4009
f 1271/2956/4010 1267/2938/4010 1272/2940/4010
f 1271/2956/4011 1272/2940/4011 1277/2958/4011
f 1272/2940/4012 1282/2930/4012 1279/2959/4012
f 1296/2960/4013 1271/2956/4013 1277/2958/4013
f 1277/2958/4014 1272/2940/4014 1279/2959/4014
f 1279/2959/4015 1282/2930/4015 1295/2941/4015
f 1309/2961/4016 1296/2960/4016 1277/2958/4016
f 1309/2961/4017 1277/2958/4017 1278/2962/4017
f 1298/2963/4018 1295/2941/4018 1297/2921/4018
f 1300/2964/4019 1299/2965/4019 1298/2963/4019
f 1301/2943/4020 1298/2963/4020 1297/2921/4020
f 1300/2964/4021 1298/2963/4021 1301/2943/4021
f 2595/1794/4022 2596/1795/4022 2597/1803/4022
f 1324/2966/4023 1323/2944/4023 1322/2946/4023
f 1291/2967/4024 1289/2968/4024 1255/2969/4024
f 1255/2969/4025 1289/2968/4025 1275/2935/4025
f 1255/2969/4026 1275/2935/4026 1257/2925/4026
f 1235/2947/4027 1241/1813/4027 1252/1815/4027
f 1237/2949/4028 1239/2970/4028 1240/2971/4028
f 1240/2971/4029 1241/1813/4029 1234/2948/4029
f 1230/1757/4030 1225/1788/4030 1239/2970/4030
f 1239/2970/4031 1237/2949/4031 1230/1757/4031
f 1237/2949/4032 1240/2971/4032 1234/2948/4032
f 1238/2950/4033 1230/1757/4033 1237/2949/4033
f 1278/2962/4034 1277/2958/4034 1279/2959/4034
f 1279/2959/4035 1295/2941/4035 1293/2972/4035
f 1278/2962/4036 1279/2959/4036 1293/2972/4036
f 1294/2973/4037 1278/2962/4037 1293/2972/4037
f 1293/2972/4038 1295/2941/4038 1298/2963/4038
f 1294/2973/4039 1293/2972/4039 1302/2974/4039
f 1389/1791/4040 1388/1771/4040 1391/2975/4040
f 1302/2974/4041 1293/2972/4041 1299/2965/4041
f 1299/2965/4042 1293/2972/4042 1298/2963/4042
f 1063/2976/4043 1062/1821/4043 1064/2977/4043
f 1063/2976/4044 1064/2977/4044 1066/2978/4044
f 1270/2979/4045 1291/2967/4045 1255/2969/4045
f 1252/1815/4046 1255/2969/4046 1257/2925/4046
f 1229/1801/4047 1242/2980/4047 1225/1788/4047
f 1225/1788/4048 1242/2980/4048 1239/2970/4048
f 1239/2970/4049 1242/2980/4049 1240/2971/4049
f 2495/1830/4050 2496/1811/4050 2494/1816/4050
f 1061/1822/4051 1062/1821/4051 1063/2976/4051
f 1252/1815/4052 1248/1814/4052 1255/2969/4052
f 1229/1801/4053 1231/1812/4053 1242/2980/4053
f 1247/2981/4054 1248/1814/4054 1241/1813/4054
f 1242/2980/4055 1243/2982/4055 1240/2971/4055
f 1243/2982/4056 1247/2981/4056 1240/2971/4056
f 1240/2971/4057 1247/2981/4057 1241/1813/4057
f 2489/2983/4058 2488/1828/4058 2492/1829/4058
f 2603/1834/4059 2491/1827/4059 2493/1836/4059
f 1274/2984/4060 1319/2985/4060 1306/2986/4060
f 1249/2987/4061 1270/2979/4061 1255/2969/4061
f 1247/2981/4062 1249/2987/4062 1248/1814/4062
f 1248/1814/4063 1249/2987/4063 1255/2969/4063
f 1221/1824/4064 1250/2988/4064 1231/1812/4064
f 1231/1812/4065 1250/2988/4065 1242/2980/4065
f 2493/1836/4066 2490/1837/4066 2487/2989/4066
f 2490/1837/4067 2488/1828/4067 2487/2989/4067
f 2487/2989/4068 2488/1828/4068 2489/2983/4068
f 1305/2990/4069 1319/2985/4069 1274/2984/4069
f 1249/2987/4070 1274/2984/4070 1306/2986/4070
f 1249/2987/4071 1306/2986/4071 1286/2991/4071
f 1307/2992/4072 1287/2993/4072 1250/2988/4072
f 1221/1824/4073 1307/2992/4073 1250/2988/4073
f 1249/2987/4074 1286/2991/4074 1270/2979/4074
f 1250/2988/4075 1244/2994/4075 1242/2980/4075
f 1243/2982/4076 1244/2994/4076 1245/2995/4076
f 1243/2982/4077 1245/2995/4077 1247/2981/4077
f 1242/2980/4078 1244/2994/4078 1243/2982/4078
f 1265/2996/4079 1280/2997/4079 1305/2990/4079
f 1251/2998/4080 1287/2993/4080 1281/2999/4080
f 1251/2998/4081 1281/2999/4081 1246/3000/4081
f 1246/3000/4082 1281/2999/4082 1280/2997/4082
f 1280/2997/4083 1265/2996/4083 1246/3000/4083
f 1265/2996/4084 1305/2990/4084 1274/2984/4084
f 1246/3000/4085 1265/2996/4085 1245/2995/4085
f 1265/2996/4086 1274/2984/4086 1245/2995/4086
f 1245/2995/4087 1274/2984/4087 1249/2987/4087
f 1250/2988/4088 1287/2993/4088 1251/2998/4088
f 1244/2994/4089 1251/2998/4089 1246/3000/4089
f 1244/2994/4090 1246/3000/4090 1245/2995/4090
f 1250/2988/4091 1251/2998/4091 1244/2994/4091
f 1247/2981/4092 1245/2995/4092 1249/2987/4092
