# Blender 4.2.0
# www.blender.org
mtllib Campylomormyrus_numenius_3D_OBJ.mtl
o geometry_0
v -0.000922 0.143213 0.033944
v -0.008655 0.140439 0.012417
v -0.012194 0.137946 0.087124
v -0.000955 0.141704 0.125912
v -0.013004 0.137558 0.119728
v -0.013512 0.134824 0.161047
v -0.000918 0.139497 0.155510
v -0.000934 0.142337 -0.077783
v -0.009646 0.138723 -0.053059
v -0.000855 0.137090 0.175029
v -0.013332 0.131089 0.186606
v -0.000630 0.132174 0.206903
v -0.000790 0.128451 0.229334
v 0.001398 0.143365 0.027180
v -0.014125 0.123242 0.228669
v -0.014348 0.117772 0.254469
v -0.000951 0.123069 0.257296
v -0.011784 0.138552 0.003676
v -0.007187 0.138022 -0.084536
v -0.000808 0.138557 -0.116348
v -0.001204 0.118551 0.271108
v 0.000814 0.141829 0.100466
v -0.018075 0.125764 0.199289
v -0.014927 0.110484 0.274054
v -0.015095 0.134451 0.145337
v 0.000894 0.142277 -0.078630
v 0.000133 0.140772 -0.105811
v 0.000911 0.138527 -0.117047
v -0.001144 0.110809 0.288502
v 0.002334 0.122538 0.255563
v 0.013610 0.133150 0.173160
v 0.013706 0.135402 0.152743
v -0.009020 0.133823 -0.102935
v 0.012308 0.137448 0.124871
v 0.014607 0.128063 0.199168
v 0.014052 0.124818 0.220460
v 0.011217 0.137868 0.080851
v 0.007682 0.140391 0.000425
v 0.014235 0.121151 0.237998
v 0.014419 0.117554 0.254442
v 0.009511 0.138407 -0.044056
v -0.006981 0.130713 -0.124353
v -0.000981 0.134673 -0.128593
v -0.001569 0.129827 -0.141644
v -0.017808 -0.111335 0.070254
v -0.014775 -0.111724 0.090038
v -0.020478 -0.126701 0.076952
v -0.013688 -0.104256 0.083002
v -0.021221 -0.140036 0.098895
v -0.024427 -0.150971 0.091344
v -0.026022 -0.143169 0.072904
v -0.022570 -0.119936 0.058865
v -0.027148 -0.160750 0.088168
v -0.030994 -0.163327 0.073878
v -0.009759 -0.095039 0.088897
v -0.031818 -0.150104 0.061517
v -0.013396 -0.108467 0.107672
v -0.008294 -0.092765 0.098710
v -0.016616 -0.120655 0.105569
v -0.026123 -0.156276 0.092467
v -0.010341 -0.097749 0.111311
v -0.006078 -0.086644 0.112617
v -0.015584 -0.101772 0.076800
v -0.029600 -0.136238 0.056889
v -0.013961 -0.097030 0.085762
v -0.030093 -0.163974 0.084516
v -0.020749 -0.109243 0.064463
v -0.005206 -0.087991 0.102254
v -0.027363 -0.127013 0.055910
v -0.018610 -0.106436 0.071264
v -0.023973 -0.117373 0.058185
v -0.033247 -0.159192 0.068574
v -0.030916 -0.136659 0.056384
v -0.010770 -0.068057 0.406615
v -0.000198 -0.052156 0.385286
v -0.000945 -0.074588 0.407201
v -0.009813 -0.057174 0.396084
v -0.009617 -0.047556 0.386535
v -0.006516 -0.037902 0.372421
v 0.000122 -0.040959 0.371324
v -0.010947 -0.082873 0.417745
v -0.000586 -0.091056 0.420113
v -0.010904 -0.097471 0.427600
v -0.000165 -0.110474 0.432374
v -0.013908 -0.095940 0.429294
v -0.010022 -0.123243 0.442201
v -0.013687 -0.111446 0.438031
v -0.013690 -0.128931 0.447697
v -0.011540 -0.144942 0.454770
v -0.000045 -0.146309 0.452123
v -0.000462 -0.132106 0.444351
v -0.011299 -0.161751 0.466271
v -0.014236 -0.151833 0.461049
v -0.000302 -0.157999 0.459337
v -0.000186 -0.166593 0.466685
v -0.014589 -0.066285 0.410513
v -0.010801 -0.037298 0.377236
v -0.015786 -0.158541 0.469098
v -0.014613 -0.165893 0.474405
v -0.010113 -0.170483 0.478266
v 0.000158 -0.173379 0.475659
v -0.009699 -0.031758 0.364603
v -0.000108 -0.030218 0.353146
v -0.014230 -0.040042 0.388477
v -0.017118 -0.135509 0.457093
v -0.016362 -0.083302 0.426372
v -0.016918 -0.144420 0.461776
v -0.016619 -0.151251 0.465914
v -0.017119 -0.097035 0.436162
v -0.017282 -0.108065 0.443124
v -0.017179 -0.124030 0.451600
v -0.016752 -0.164479 0.477992
v -0.014059 -0.032202 0.380637
v -0.015323 -0.020653 0.369064
v -0.016720 -0.068330 0.418539
v -0.015654 -0.050046 0.401695
v -0.010200 -0.026392 0.355520
v -0.017709 -0.004815 0.350236
v -0.016872 -0.011653 0.359610
v -0.010384 -0.019610 0.339505
v -0.013228 -0.010337 0.327652
v -0.019385 0.004328 0.330742
v -0.010012 -0.014772 0.323931
v -0.015793 -0.004177 0.309433
v -0.020770 0.009678 0.322089
v -0.023395 0.011055 0.291254
v -0.016110 -0.005300 0.295728
v -0.017687 -0.005735 0.282590
v -0.023796 0.004083 0.268048
v -0.018088 -0.012104 0.263605
v -0.010186 -0.020028 0.278982
v -0.009215 -0.026094 0.266834
v -0.009941 -0.015708 0.293024
v -0.009921 -0.031177 0.256081
v -0.010157 -0.013288 0.315761
v -0.010167 -0.013209 0.300247
v -0.000338 -0.014713 0.400926
v -0.000366 -0.023727 0.409068
v 0.011294 -0.034013 0.409729
v 0.012397 -0.020610 0.395867
v 0.001555 0.004135 0.381855
v 0.011014 -0.001305 0.379004
v 0.010501 -0.046168 0.421620
v 0.009879 0.014307 0.364650
v 0.000664 -0.048153 0.430339
v 0.008976 -0.062613 0.436826
v -0.000526 -0.056759 0.438536
v 0.001000 0.036979 0.352488
v -0.000454 -0.068311 0.447298
v 0.001587 -0.080155 0.454964
v 0.011247 0.021433 0.356165
v 0.009822 0.043024 0.338180
v 0.009473 0.055192 0.327775
v 0.001155 0.062888 0.327492
v 0.011025 0.066967 0.319118
v -0.000188 0.075665 0.319856
v 0.014406 -0.053729 0.423604
v 0.014613 -0.079600 0.442858
v 0.011073 -0.092642 0.456241
v 0.000989 -0.099244 0.469490
v 0.011442 -0.107244 0.465783
v 0.001252 -0.120326 0.484231
v 0.007671 -0.127042 0.483323
v 0.001638 -0.144116 0.499182
v 0.012370 0.079606 0.310871
v -0.000795 0.086686 0.312601
v 0.012650 0.092075 0.301249
v 0.022080 0.083187 0.301314
v 0.025111 0.071409 0.307306
v -0.001220 0.100733 0.301051
v 0.013065 0.103839 0.287498
v -0.001193 0.045584 0.345182
v -0.001144 0.110809 0.288502
v 0.030063 0.078501 0.301055
v 0.030039 0.073868 0.303602
v 0.030643 0.084593 0.292201
v 0.023686 0.091726 0.288687
v 0.015735 0.063184 0.317106
v 0.007589 -0.150662 0.497797
v 0.014930 0.006819 0.365457
v 0.014261 -0.014072 0.387120
v -0.001453 -0.041877 0.425156
v 0.014043 0.048301 0.326940
v 0.015955 -0.067826 0.432109
v -0.001454 0.007653 0.379216
v -0.001147 -0.114383 0.480637
v 0.014565 -0.103449 0.459134
v 0.012123 0.113073 0.270990
v 0.016039 0.111116 0.269807
v 0.032586 0.078547 0.296780
v 0.014208 0.032493 0.339763
v -0.001937 0.063735 0.327109
v -0.001139 -0.100507 0.470670
v -0.000978 -0.126985 0.488925
v -0.001505 -0.145368 0.500412
v -0.001157 -0.081092 0.455648
v -0.001196 0.030407 0.358362
v 0.015350 -0.036919 0.405349
v -0.001204 0.118551 0.271108
v 0.028308 0.068069 0.305998
v 0.021287 0.060163 0.312591
v 0.019373 0.047577 0.318490
v 0.014419 0.117554 0.254442
v 0.002334 0.122538 0.255563
v -0.000951 0.123069 0.257296
v 0.001638 -0.155345 0.500855
v 0.002696 -0.160750 0.498666
v 0.011254 -0.048686 0.224517
v 0.009784 -0.041288 0.240120
v -0.000046 -0.048261 0.235306
v 0.009551 -0.034263 0.252983
v 0.000589 -0.030692 0.265871
v 0.009817 -0.027212 0.264872
v -0.000037 -0.022750 0.282078
v 0.011222 -0.018313 0.282394
v -0.000174 -0.057737 0.212769
v 0.010443 -0.054575 0.210582
v 0.000198 -0.018383 0.293180
v 0.010513 -0.058913 0.197583
v -0.000661 -0.064380 0.191963
v 0.011474 -0.015720 0.290831
v 0.011503 -0.012973 0.296385
v -0.000990 -0.016354 0.296725
v 0.011624 -0.063862 0.178339
v 0.000011 -0.071350 0.163636
v 0.011902 -0.066967 0.164649
v 0.010609 -0.071680 0.142375
v 0.000111 -0.075782 0.140479
v 0.007683 -0.076713 0.126958
v 0.000616 -0.080130 0.122011
v 0.010617 -0.076226 0.123203
v -0.000806 -0.014959 0.305515
v 0.008386 -0.082451 0.114615
v 0.009920 -0.083404 0.111174
v 0.002581 -0.084788 0.111039
v 0.009484 -0.012683 0.308909
v -0.002217 -0.084459 0.111385
v 0.004582 -0.088245 0.102222
v -0.005206 -0.087991 0.102254
v 0.002347 -0.093266 0.092077
v -0.006417 -0.092978 0.093261
v -0.006078 -0.086644 0.112617
v -0.007339 -0.082162 0.115118
v -0.003025 -0.078925 0.125479
v -0.002418 -0.095640 0.089785
v -0.007956 -0.096469 0.087133
v -0.009759 -0.095039 0.088897
v -0.008294 -0.092765 0.098710
v -0.009941 -0.015708 0.293024
v -0.010167 -0.013209 0.300247
v -0.009634 -0.075465 0.129037
v -0.007804 -0.065494 0.178704
v 0.006626 -0.090846 0.098692
v 0.008180 -0.091736 0.091589
v -0.009795 -0.070826 0.150357
v -0.010722 -0.066624 0.168180
v -0.009780 -0.059000 0.198689
v -0.009856 -0.051515 0.219096
v 0.005190 -0.102416 0.080628
v -0.010186 -0.020028 0.278982
v -0.009215 -0.026094 0.266834
v -0.007619 -0.035849 0.251478
v -0.009319 -0.045898 0.231744
v 0.002140 -0.104492 0.081485
v -0.000311 -0.016000 0.314946
v -0.010157 -0.013288 0.315761
v 0.010634 -0.014276 0.324764
v -0.001307 -0.106188 0.081308
v 0.006065 -0.087639 0.109016
v 0.008900 -0.088096 0.113878
v 0.000298 -0.020516 0.330899
v 0.010513 -0.017871 0.336352
v -0.010012 -0.014772 0.323931
v -0.010652 -0.080122 0.113199
v -0.009921 -0.031177 0.256081
v -0.010384 -0.019610 0.339505
v -0.010199 -0.084342 0.106581
v 0.007422 -0.026120 0.352684
v -0.000108 -0.030218 0.353146
v 0.000196 -0.111833 0.078725
v 0.021211 -0.105975 0.069186
v 0.022856 -0.110672 0.073289
v 0.024381 -0.113956 0.062577
v 0.018614 -0.101255 0.077840
v 0.017847 -0.101664 0.087489
v 0.030620 -0.132700 0.058026
v 0.032648 -0.140758 0.061005
v 0.022384 -0.116218 0.087676
v 0.033466 -0.154225 0.073137
v 0.026621 -0.140313 0.098909
v 0.031577 -0.156747 0.088330
v 0.020658 -0.114966 0.094261
v 0.020368 -0.119383 0.104651
v 0.013787 -0.099156 0.110339
v 0.013727 -0.092303 0.093076
v 0.011387 -0.086673 0.097921
v 0.009920 -0.083404 0.111174
v 0.033896 -0.149873 0.062607
v 0.033977 -0.161611 0.074960
v 0.015204 -0.096453 0.084561
v 0.021479 -0.128051 0.105110
v 0.008900 -0.088096 0.113878
v 0.008386 -0.082451 0.114615
v 0.025593 -0.120670 0.058486
v 0.016225 -0.113884 0.108589
v 0.030328 -0.160466 0.088782
v 0.030787 -0.164542 0.083004
v 0.027659 -0.153400 0.094819
v 0.011253 -0.089670 0.091652
v 0.024466 -0.141939 0.100440
v -0.000795 0.086686 0.312601
v -0.013617 0.080701 0.310615
v -0.000188 0.075665 0.319856
v -0.001937 0.063735 0.327109
v -0.014770 0.094227 0.300009
v -0.001220 0.100733 0.301051
v -0.011979 0.062292 0.321497
v -0.010669 0.049331 0.331734
v -0.024648 0.083822 0.299765
v -0.022266 0.069296 0.310320
v -0.029824 0.071136 0.304960
v -0.032183 0.079273 0.299091
v -0.001144 0.110809 0.288502
v -0.016224 0.101341 0.289140
v -0.026561 0.089719 0.287149
v -0.014927 0.110484 0.274054
v -0.018877 0.108214 0.269528
v -0.018258 0.113474 0.257200
v -0.014348 0.117772 0.254469
v -0.017894 0.118715 0.233207
v -0.014125 0.123242 0.228669
v -0.018075 0.125764 0.199289
v -0.001629 -0.118520 -0.011233
v 0.006424 -0.118142 -0.021561
v 0.000636 -0.115481 0.016567
v -0.000500 -0.122040 -0.041414
v 0.007502 -0.120763 -0.050892
v 0.001462 -0.123029 -0.064166
v 0.006298 -0.113473 0.013153
v 0.004331 -0.112516 0.043546
v -0.001847 -0.123132 -0.065427
v 0.003883 -0.120646 -0.083923
v 0.007347 -0.119154 -0.078207
v 0.007030 -0.111054 0.035420
v 0.000380 -0.115702 0.037554
v -0.000310 -0.124875 -0.068587
v 0.005336 -0.108572 0.057433
v 0.007985 -0.106153 0.057953
v 0.004524 -0.106968 0.074817
v 0.004366 -0.116226 -0.095073
v 0.011606 -0.113604 -0.080623
v 0.004772 -0.111221 -0.106738
v 0.004216 -0.118873 0.051399
v 0.005438 -0.115453 0.058325
v 0.003152 -0.117894 0.069152
v 0.003762 -0.112536 0.073945
v 0.000707 -0.121973 0.061705
v 0.000366 -0.121106 0.047580
v -0.002462 -0.117449 0.070200
v 0.000196 -0.111833 0.078725
v -0.002617 -0.116907 0.039932
v -0.004750 -0.107971 0.066245
v -0.005334 -0.109277 0.051969
v -0.003295 -0.113689 0.072976
v -0.004541 -0.104791 0.079447
v -0.005732 -0.115055 0.048114
v -0.004219 -0.119320 0.051963
v -0.002462 -0.117449 0.070200
v -0.004874 -0.112498 0.041483
v -0.002617 -0.116907 0.039932
v -0.001433 -0.114872 0.035149
v -0.010551 -0.098419 0.074216
v -0.007459 -0.106448 0.055918
v -0.009722 -0.095440 0.084945
v -0.002033 -0.121477 0.054540
v 0.000707 -0.121973 0.061705
v 0.000196 -0.111833 0.078725
v -0.001307 -0.106188 0.081308
v -0.007956 -0.096469 0.087133
v -0.009759 -0.095039 0.088897
v -0.004309 -0.114583 0.013054
v 0.000366 -0.121106 0.047580
v -0.006497 -0.114015 0.005597
v -0.001629 -0.118520 -0.011233
v -0.006245 -0.120823 -0.043439
v 0.000636 -0.115481 0.016567
v 0.000380 -0.115702 0.037554
v -0.000500 -0.122040 -0.041414
v -0.001847 -0.123132 -0.065427
v 0.035896 0.068737 0.290087
v 0.034820 0.062718 0.294882
v 0.035508 0.057962 0.281120
v 0.035773 0.067631 0.279312
v 0.033095 0.052077 0.288423
v 0.031992 0.056672 0.298326
v 0.031691 0.052787 0.294070
v 0.033234 0.066387 0.299637
v 0.032458 0.052866 0.278724
v 0.033157 0.056771 0.275397
v 0.032619 0.067784 0.271612
v 0.028312 0.056690 0.271256
v 0.026292 0.049459 0.279776
v 0.026163 0.049814 0.293406
v 0.001992 -0.119315 -0.428797
v 0.002002 -0.104437 -0.413636
v -0.000173 -0.113681 -0.419622
v 0.000482 -0.119065 -0.426580
v 0.004013 -0.103755 -0.420935
v 0.004419 -0.092659 -0.409913
v 0.001481 -0.095615 -0.404217
v 0.002741 -0.082892 -0.393847
v -0.000083 -0.090519 -0.398452
v -0.000231 -0.102287 -0.409879
v -0.001915 -0.105197 -0.414106
v -0.001800 -0.119316 -0.428084
v -0.000124 -0.125985 -0.433444
v 0.042480 -0.003327 0.148408
v 0.038105 -0.010022 0.149311
v 0.044399 -0.009534 0.146228
v 0.037276 -0.014426 0.144521
v 0.042084 -0.012994 0.144394
v 0.045018 -0.010408 0.144371
v 0.044492 -0.025401 0.139073
v 0.039222 -0.015079 0.139386
v 0.000273 -0.158847 0.479085
v 0.003434 -0.160082 0.491063
v -0.005661 -0.158219 0.486176
v 0.002696 -0.160750 0.498666
v 0.007336 -0.159458 0.486115
v -0.003868 -0.157677 0.498255
v -0.008194 -0.153562 0.494269
v -0.009795 -0.155465 0.484237
v 0.008556 -0.156622 0.492372
v -0.003938 -0.161132 0.479755
v -0.009470 -0.159910 0.482983
v -0.021221 -0.140036 0.098895
v -0.025517 -0.138209 0.100078
v -0.025970 -0.149101 0.096467
v -0.019932 -0.126772 0.104947
v -0.026123 -0.156276 0.092467
v -0.030262 -0.159510 0.089285
v -0.027148 -0.160750 0.088168
v -0.030093 -0.163974 0.084516
v -0.020239 -0.118685 0.105892
v -0.017106 -0.112848 0.108498
v -0.030282 -0.153425 0.090493
v -0.013374 -0.098807 0.110748
v -0.032854 -0.161266 0.081352
v -0.030994 -0.163327 0.073878
v 0.001638 -0.155345 0.500855
v -0.006767 -0.151232 0.498846
v -0.003868 -0.157677 0.498255
v 0.002696 -0.160750 0.498666
v -0.001505 -0.145368 0.500412
v -0.000526 -0.056759 0.438536
v -0.001947 -0.061885 0.441804
v -0.000454 -0.068311 0.447298
v -0.014912 -0.060006 0.429037
v -0.001453 -0.041877 0.425156
v -0.011344 -0.043534 0.418116
v -0.014339 -0.080430 0.444700
v -0.001157 -0.081092 0.455648
v -0.013914 -0.095763 0.455868
v -0.001139 -0.100507 0.470670
v -0.010169 -0.112192 0.470649
v -0.001147 -0.114383 0.480637
v -0.006395 -0.138722 0.492190
v -0.000978 -0.126985 0.488925
v -0.000366 -0.023727 0.409068
v -0.012108 -0.027164 0.402328
v -0.013623 -0.016192 0.390030
v -0.000338 -0.014713 0.400926
v -0.001454 0.007653 0.379216
v -0.011164 -0.003377 0.380767
v -0.010924 0.023733 0.354118
v -0.001196 0.030407 0.358362
v -0.010669 0.049331 0.331734
v -0.014915 -0.031169 0.401948
v -0.014873 0.004117 0.369410
v -0.001193 0.045584 0.345182
v -0.001937 0.063735 0.327109
v -0.013781 0.031198 0.342087
v -0.014514 -0.108472 0.462985
v -0.017059 -0.072639 0.434184
v -0.016576 0.040235 0.328023
v -0.021108 0.048344 0.316452
v -0.017268 -0.094098 0.448592
v -0.016665 0.013612 0.354701
v -0.010532 -0.124512 0.476906
v -0.015495 -0.119142 0.465666
v -0.016670 -0.108755 0.457207
v -0.009177 -0.139101 0.487168
v -0.018504 0.026857 0.333950
v -0.018687 0.058455 0.316756
v -0.011979 0.062292 0.321497
v -0.023157 0.055768 0.311565
v -0.022266 0.069296 0.310320
v -0.029824 0.071136 0.304960
v 0.001866 -0.156346 -0.480225
v 0.001023 -0.160683 -0.476581
v -0.000532 -0.161595 -0.477507
v -0.000418 -0.150796 -0.491613
v -0.000039 -0.159511 -0.468151
v 0.000297 0.092271 -0.492350
v 0.000644 0.081154 -0.499611
v -0.000916 0.082101 -0.499555
v 0.000654 0.062036 -0.500082
v 0.015420 0.031887 -0.226679
v 0.018857 0.030743 -0.214560
v 0.020166 0.012141 -0.247285
v 0.015825 0.017327 -0.253014
v 0.012696 0.044046 -0.215271
v 0.017076 0.043450 -0.199963
v 0.023708 0.036299 -0.179820
v 0.022635 0.020101 -0.214343
v 0.010743 0.059575 -0.202209
v 0.024255 0.022760 -0.196221
v 0.015521 0.056894 -0.191629
v 0.026467 0.029269 -0.172952
v 0.024238 0.007587 -0.225418
v 0.022131 0.003759 -0.248933
v 0.019948 0.003450 -0.266071
v 0.016203 0.007519 -0.277689
v 0.015825 0.000556 -0.302719
v 0.025136 0.052115 -0.154595
v 0.018717 0.066479 -0.173067
v 0.014465 0.074320 -0.181259
v 0.014854 0.098451 -0.161866
v 0.019801 0.083662 -0.156695
v 0.025570 0.007769 -0.209916
v 0.028193 0.011088 -0.182275
v 0.031625 0.034327 -0.129054
v 0.031055 0.018571 -0.150305
v 0.023540 0.086886 -0.130143
v 0.020888 0.091488 -0.144886
v 0.021317 0.099938 -0.127068
v 0.016109 0.110950 -0.143833
v 0.018334 0.112569 -0.124533
v 0.025393 0.085612 -0.112511
v 0.032780 0.042496 -0.106337
v 0.033513 0.022041 -0.124791
v 0.033738 0.047993 -0.083064
v 0.032451 0.071752 -0.058322
v 0.034346 0.068467 -0.045741
v 0.036847 0.050182 -0.049630
v 0.028667 0.080327 -0.083941
v 0.038878 0.030558 -0.051674
v 0.036116 0.027868 -0.080952
v 0.038200 0.065521 -0.000104
v 0.039725 0.048870 -0.011208
v 0.040769 0.033496 -0.019968
v 0.015569 -0.006517 -0.309765
v 0.011850 0.000586 -0.335019
v 0.013132 -0.005761 -0.336351
v 0.039870 0.066651 0.039377
v 0.010547 -0.000920 -0.372041
v 0.011033 -0.005236 -0.383520
v 0.041607 0.051527 0.043798
v 0.041592 0.065801 0.079289
v 0.041516 0.035298 0.003525
v 0.022927 -0.000926 -0.241944
v 0.042736 0.036037 0.053679
v 0.012258 -0.018604 -0.375707
v 0.010215 -0.009021 -0.398045
v 0.012188 -0.029372 -0.382484
v 0.008323 0.004911 -0.383765
v 0.007156 0.009650 -0.407406
v 0.005427 -0.000213 -0.422981
v 0.042789 0.047595 0.095278
v 0.044038 0.064367 0.132092
v 0.044211 0.056299 0.126679
v 0.044263 0.048511 0.115972
v 0.045079 0.050993 0.126478
v 0.045084 0.045046 0.142207
v 0.013744 -0.022978 -0.331193
v 0.015613 -0.018219 -0.308337
v 0.009831 -0.029122 -0.403209
v 0.005334 0.022062 -0.426298
v 0.005273 0.031281 -0.422182
v 0.004745 0.050685 -0.442488
v 0.003715 0.057459 -0.463540
v 0.003384 0.075203 -0.457286
v 0.002297 0.081197 -0.474264
v 0.001644 0.091931 -0.461942
v 0.043480 0.032581 0.108713
v 0.042766 0.034880 0.085916
v 0.044446 0.035348 0.116270
v 0.044947 0.029970 0.119995
v 0.012666 -0.029713 -0.356579
v 0.002827 0.042931 -0.468778
v 0.000470 0.052221 -0.498523
v 0.002933 0.010554 -0.443734
v 0.000118 0.098545 -0.469193
v 0.002382 0.077651 -0.439662
v 0.043816 0.047209 0.160311
v 0.046216 0.033608 0.141958
v 0.043179 0.063446 0.168423
v 0.044397 0.046883 0.173119
v 0.043701 0.035811 0.158947
v 0.043893 0.035493 0.172258
v 0.000556 0.028748 -0.480811
v 0.003220 -0.034896 -0.434855
v 0.002095 -0.013572 -0.439099
v 0.000248 0.001544 -0.457699
v 0.005676 -0.050243 -0.425120
v 0.008734 -0.046676 -0.399884
v 0.006138 -0.062312 -0.421930
v 0.002511 -0.060660 -0.447292
v 0.003839 -0.095715 -0.453949
v 0.000612 -0.077518 -0.469630
v 0.005703 -0.085183 -0.427645
v 0.007264 -0.062643 -0.403121
v 0.009199 -0.048329 -0.387271
v 0.010232 -0.043536 -0.369239
v 0.004384 -0.109265 -0.452491
v 0.002564 -0.130494 -0.478492
v 0.001084 -0.110193 -0.488374
v 0.000416 -0.096456 -0.482899
v 0.003962 -0.126728 -0.451902
v 0.000254 -0.139670 -0.496241
v -0.000200 -0.115656 -0.496844
v 0.004508 -0.111511 -0.435669
v 0.005502 -0.093473 -0.419028
v 0.006482 -0.075065 -0.402363
v 0.000326 0.016928 -0.471416
v 0.000352 -0.048847 -0.453576
v 0.000515 -0.025164 -0.444470
v 0.006728 -0.066946 -0.391374
v 0.042686 0.011081 0.116430
v 0.002496 0.060791 -0.420905
v 0.003757 0.033167 -0.405017
v 0.001966 -0.148111 -0.459536
v 0.042396 0.024443 0.176380
v 0.041862 0.011113 0.157880
v 0.040577 0.065251 0.194832
v 0.003775 0.022078 -0.386652
v 0.007786 -0.056804 -0.381653
v 0.041719 0.036108 0.192050
v 0.040473 0.050350 0.201836
v 0.035042 0.064872 0.229809
v 0.034602 0.076112 0.227356
v 0.032236 0.079445 0.248955
v 0.002072 -0.129037 -0.439924
v 0.000186 0.092642 -0.448504
v 0.004013 -0.103755 -0.420935
v 0.004419 -0.092659 -0.409913
v 0.000065 -0.009689 -0.449724
v -0.000200 -0.019882 -0.445517
v 0.000110 0.086643 -0.437794
v 0.001992 -0.119315 -0.428797
v 0.005760 0.006884 -0.357329
v 0.002014 0.037377 -0.399526
v 0.000215 0.071752 -0.421911
v 0.002741 -0.082892 -0.393847
v 0.009125 0.002499 -0.368677
v 0.043902 0.008346 0.118981
v 0.000088 0.059432 -0.412228
v 0.003721 0.016115 -0.369453
v 0.001689 0.012183 -0.333584
v 0.010886 0.082533 -0.182885
v 0.000511 0.032356 -0.388480
v 0.000092 0.024909 -0.376084
v -0.000062 0.040366 -0.396610
v -0.000025 0.049093 -0.404740
v 0.007034 0.067709 -0.201398
v -0.000040 -0.150354 -0.456670
v 0.006435 0.047998 -0.223496
v 0.008953 0.037868 -0.232742
v 0.000723 0.019106 -0.364049
v 0.012436 0.004657 -0.307202
v 0.010910 0.011438 -0.283597
v 0.009891 0.026882 -0.248197
v 0.000212 0.016788 -0.352102
v 0.005198 0.007684 -0.334252
v 0.010100 0.018329 -0.265125
v -0.000617 -0.027104 -0.445454
v -0.000078 -0.133766 -0.441175
v -0.000124 -0.125985 -0.433444
v -0.001730 -0.130669 -0.439683
v 0.000080 -0.065608 -0.463758
v -0.000845 0.095085 -0.485209
v -0.000299 0.038187 -0.488905
v 0.039154 -0.000485 0.120581
v 0.020916 0.108916 0.256222
v 0.023295 0.100073 0.272368
v 0.027274 0.096950 0.255320
v 0.029059 0.088344 0.277896
v 0.023222 0.107317 0.239404
v 0.017883 0.117773 0.230555
v 0.023020 0.110802 0.213944
v 0.018692 0.124540 0.189732
v 0.023009 0.115172 0.194146
v 0.020939 0.124763 0.164847
v 0.026803 0.100776 0.225500
v 0.029018 0.092400 0.241561
v 0.028048 0.106661 0.156768
v 0.029594 0.100300 0.175250
v 0.037473 0.081266 0.168570
v 0.029612 0.095042 0.202449
v 0.033932 0.082691 0.207879
v 0.038500 0.074032 0.189345
v 0.021451 0.125664 0.127361
v 0.035131 0.088239 0.132168
v 0.039851 0.076525 0.127140
v 0.029463 0.102405 0.127191
v 0.032066 0.080286 0.262950
v 0.032335 0.080767 0.283736
v 0.030643 0.084593 0.292201
v 0.032586 0.078547 0.296780
v 0.036179 0.083246 0.098433
v 0.020061 0.125850 0.058630
v 0.038831 0.073115 0.073199
v 0.030364 0.093326 0.064266
v 0.024946 0.111004 0.055805
v 0.024026 0.112166 -0.012557
v 0.019492 0.126618 0.008797
v 0.018623 0.126458 -0.040205
v 0.034416 0.078301 0.005503
v 0.030262 0.090190 0.000968
v 0.023774 0.109132 -0.055191
v 0.030403 0.085465 -0.038645
v 0.020551 0.112696 -0.091391
v 0.015894 0.126709 -0.078820
v 0.015366 0.119944 -0.120982
v 0.023206 0.103006 -0.094400
v 0.010593 0.131202 -0.104353
v 0.011111 0.125087 -0.126842
v 0.013706 0.135402 0.152743
v 0.013610 0.133150 0.173160
v 0.007826 0.138036 -0.076188
v 0.009511 0.138407 -0.044056
v 0.010882 0.138301 0.012104
v 0.011217 0.137868 0.080851
v 0.012308 0.137448 0.124871
v 0.014052 0.124818 0.220460
v 0.014235 0.121151 0.237998
v 0.006385 0.134592 -0.113383
v 0.008997 0.123170 -0.139348
v 0.014607 0.128063 0.199168
v 0.023686 0.091726 0.288687
v 0.016039 0.111116 0.269807
v 0.014419 0.117554 0.254442
v 0.010364 0.111990 -0.154379
v 0.010119 0.104344 -0.164914
v 0.001086 0.134636 -0.127883
v 0.001149 0.129253 -0.142834
v 0.000911 0.138527 -0.117047
v 0.000133 0.140772 -0.105811
v 0.006733 0.093792 -0.179087
v 0.007682 0.140391 0.000425
v 0.001019 0.111814 -0.167374
v 0.000894 0.142277 -0.078630
v 0.000998 0.096753 -0.182610
v 0.001281 0.080987 -0.196269
v 0.001464 0.067877 -0.208380
v 0.001997 0.054325 -0.222153
v 0.002357 0.039458 -0.238164
v -0.000451 0.101999 -0.226014
v 0.000146 0.118141 -0.222196
v 0.001078 0.096175 -0.224134
v -0.000075 0.089068 -0.233227
v 0.000111 0.066275 -0.252553
v 0.071679 0.070192 0.027682
v 0.068194 0.068525 0.029234
v 0.066034 0.065966 0.045687
v 0.064132 0.064792 0.044288
v 0.073137 0.070256 0.021285
v 0.063681 0.062433 0.054302
v 0.072292 0.068075 0.016797
v 0.076093 0.067648 0.012266
v 0.075810 0.063935 0.008511
v 0.084077 0.048317 -0.002651
v 0.079585 0.053330 0.000636
v 0.082606 0.051397 -0.000893
v 0.078565 0.062313 0.005373
v 0.082522 0.041082 -0.003310
v 0.085705 0.036305 -0.003094
v 0.064151 0.035340 0.041905
v 0.062035 -0.001296 0.050934
v 0.059207 0.024491 0.062032
v 0.060475 0.057096 0.061757
v 0.062571 0.058301 0.053465
v 0.058192 0.050578 0.072458
v 0.056223 0.009666 0.073857
v 0.056605 0.051764 0.079799
v 0.053223 0.005825 0.089122
v 0.053130 0.046283 0.096122
v 0.048775 0.014656 0.108080
v 0.048604 0.040508 0.114559
v 0.057574 -0.005517 0.061456
v 0.053560 -0.018857 0.083972
v 0.047918 -0.000491 0.107600
v 0.048567 -0.022605 0.100396
v 0.069981 0.035510 0.023962
v 0.045170 -0.018164 0.111770
v 0.044633 -0.009301 0.116922
v 0.044848 0.000664 0.119177
v 0.042263 -0.017402 0.124833
v 0.044947 0.029970 0.119995
v 0.044959 -0.040753 0.115000
v 0.048510 -0.046604 0.103375
v 0.046454 0.036405 0.115926
v 0.067453 0.020286 0.033290
v 0.065584 0.003745 0.041992
v 0.058476 -0.017538 0.061957
v 0.056125 -0.046374 0.081536
v 0.052852 -0.047130 0.092059
v 0.060348 0.057628 0.068113
v 0.042211 -0.029930 0.130705
v 0.039782 -0.013995 0.132852
v 0.074426 0.031598 0.013495
v 0.071760 0.007651 0.024927
v 0.065413 -0.005935 0.044117
v 0.042465 -0.001552 0.120810
v 0.052530 0.048516 0.101519
v 0.075694 0.011153 0.015546
v 0.039978 -0.006133 0.126996
v 0.038795 -0.009311 0.130173
v 0.083314 0.028402 -0.001951
v 0.065115 -0.038478 0.055796
v 0.060460 -0.043261 0.067467
v 0.058642 -0.045640 0.075526
v 0.049878 0.045665 0.116294
v 0.080039 -0.012290 0.018865
v 0.080488 0.001753 0.010928
v 0.075892 -0.024601 0.032190
v 0.073285 -0.029411 0.038797
v 0.068380 -0.037372 0.049850
v 0.044708 -0.040062 0.122144
v 0.056371 0.051029 0.091525
v 0.042036 -0.020294 0.138837
v 0.039222 -0.015079 0.139386
v 0.045825 0.046197 0.117800
v 0.064948 -0.041582 0.059187
v 0.039641 -0.002398 0.123914
v 0.044492 -0.025401 0.139073
v 0.062446 0.058556 0.064839
v 0.044632 -0.032560 0.132218
v 0.042084 -0.012994 0.144394
v 0.058594 0.053561 0.077854
v 0.047967 -0.043133 0.113318
v -0.044962 0.027146 0.120373
v -0.043518 0.024624 0.120189
v -0.045205 0.006980 0.117564
v -0.045172 0.044380 0.120103
v -0.044344 0.054166 0.120894
v -0.042400 0.005103 0.116013
v -0.011215 -0.090052 0.090251
v -0.013961 -0.097030 0.085762
v -0.013224 -0.093158 0.094757
v -0.010199 -0.084342 0.106581
v -0.011887 -0.091182 0.110535
v -0.016385 -0.099850 0.084835
v -0.015584 -0.101772 0.076800
v -0.020239 -0.118685 0.105892
v -0.020953 -0.116638 0.093315
v -0.023516 -0.119418 0.076551
v -0.020247 -0.106321 0.072038
v -0.028284 -0.126964 0.057468
v -0.025517 -0.138209 0.100078
v -0.026147 -0.134518 0.083669
v -0.030282 -0.153425 0.090493
v -0.033327 -0.147268 0.060596
v -0.030916 -0.136659 0.056384
v -0.033845 -0.160777 0.075540
v -0.007339 -0.082162 0.115118
v -0.032854 -0.161266 0.081352
v -0.023973 -0.117373 0.058185
v -0.020749 -0.109243 0.064463
v -0.013374 -0.098807 0.110748
v -0.030262 -0.159510 0.089285
v -0.033247 -0.159192 0.068574
v -0.008744 -0.088418 0.114529
v -0.027363 -0.127013 0.055910
v -0.030994 -0.163327 0.073878
v -0.018610 -0.106436 0.071264
v 0.075892 -0.024601 0.032190
v 0.078987 -0.022595 0.030739
v 0.074247 -0.032123 0.041528
v 0.081101 -0.018365 0.025285
v 0.078542 -0.018959 0.026001
v 0.080039 -0.012290 0.018865
v 0.084172 -0.004238 0.012443
v 0.073285 -0.029411 0.038797
v 0.071563 -0.034358 0.044470
v 0.068380 -0.037372 0.049850
v 0.068836 -0.038276 0.053926
v 0.064948 -0.041582 0.059187
v -0.000046 0.188470 -0.176444
v -0.000623 0.179265 -0.160695
v 0.000765 0.180046 -0.163232
v -0.000340 0.162882 -0.138951
v 0.000780 0.161775 -0.139505
v -0.000016 0.143166 -0.118863
v -0.000165 0.193932 -0.188670
v 0.001256 0.165139 -0.187824
v 0.000917 0.195406 -0.206269
v 0.000911 0.138527 -0.117047
v 0.001086 0.134636 -0.127883
v 0.001241 0.134642 -0.150376
v 0.001199 0.122626 -0.210013
v 0.000800 0.185965 -0.224518
v 0.001078 0.096175 -0.224134
v 0.001286 0.106094 -0.190870
v 0.001464 0.067877 -0.208380
v 0.001281 0.080987 -0.196269
v 0.000998 0.096753 -0.182610
v 0.001019 0.111814 -0.167374
v 0.001149 0.129253 -0.142834
v 0.001997 0.054325 -0.222153
v 0.001161 0.073971 -0.239822
v 0.002357 0.039458 -0.238164
v 0.000602 0.149595 -0.223192
v 0.001274 0.052565 -0.260903
v 0.002319 0.026991 -0.258952
v 0.001438 0.040605 -0.273933
v 0.002330 0.028641 -0.297788
v 0.002775 0.020352 -0.271583
v 0.002075 0.015931 -0.284660
v 0.000111 0.066275 -0.252553
v -0.000046 0.192675 -0.219470
v 0.000274 0.021350 -0.302255
v -0.000230 0.013079 -0.299606
v 0.000472 0.027427 -0.302896
v -0.000339 0.180578 -0.227229
v -0.000171 0.053290 -0.264968
v -0.000186 0.044989 -0.273546
v 0.000008 0.038798 -0.282906
v 0.000134 0.033300 -0.293410
v -0.000527 0.195780 -0.204650
v 0.013787 -0.099156 0.110339
v 0.010633 -0.098190 0.111083
v 0.016225 -0.113884 0.108589
v 0.008900 -0.088096 0.113878
v -0.001142 -0.045917 -0.343822
v 0.001658 -0.045826 -0.345273
v 0.000546 -0.040554 -0.330097
v -0.001441 -0.039586 -0.327373
v 0.001384 -0.037543 -0.319809
v 0.007016 -0.032679 -0.325296
v 0.001882 -0.034161 -0.302575
v 0.009403 -0.028238 -0.304349
v 0.002193 -0.034630 -0.291075
v 0.011860 -0.027828 -0.264805
v 0.005653 -0.033524 -0.256645
v 0.005562 -0.035435 -0.238275
v 0.001079 -0.040291 -0.307528
v 0.002265 -0.043716 -0.301219
v -0.000487 -0.040980 -0.307924
v -0.002329 -0.045015 -0.300059
v 0.000110 -0.050113 -0.295125
v -0.000123 -0.039280 -0.318255
v 0.000055 -0.054802 -0.285866
v -0.000086 -0.135135 -0.207482
v 0.000459 -0.121914 -0.213435
v 0.000192 -0.154147 -0.198689
v -0.000145 -0.118651 -0.216359
v 0.000462 -0.099161 -0.230114
v 0.004656 -0.096746 -0.132654
v 0.004834 -0.104640 -0.119087
v 0.004026 -0.109586 -0.143491
v 0.003218 -0.109122 -0.175302
v 0.002874 -0.132819 -0.164885
v 0.002814 -0.149859 -0.152557
v 0.001652 -0.175903 -0.177769
v 0.004312 -0.078542 -0.161699
v 0.002990 -0.081830 -0.210536
v 0.003291 -0.061522 -0.226521
v 0.001168 -0.135169 -0.199409
v 0.004568 -0.058663 -0.190149
v 0.001611 -0.071426 -0.252154
v 0.001622 -0.091270 -0.227843
v 0.001960 -0.175715 -0.152438
v 0.001311 -0.193814 -0.168614
v 0.000746 -0.200994 -0.184517
v 0.003536 -0.131960 -0.116803
v 0.004772 -0.111221 -0.106738
v 0.000590 -0.184957 -0.191483
v 0.004912 -0.046205 -0.208464
v 0.004091 -0.037380 -0.262091
v 0.004366 -0.116226 -0.095073
v 0.001963 -0.054048 -0.274703
v 0.002847 -0.044460 -0.284852
v 0.003065 -0.130609 -0.096472
v 0.001377 -0.157155 -0.119054
v 0.003883 -0.120646 -0.083923
v 0.000294 -0.088268 -0.241125
v 0.000176 -0.182698 -0.142268
v -0.000236 -0.189513 -0.152209
v 0.000095 -0.200140 -0.165986
v 0.004748 -0.071078 -0.170127
v -0.000078 -0.152998 -0.104153
v -0.000101 -0.164809 -0.119129
v -0.000268 -0.176784 -0.134616
v -0.000010 -0.135167 -0.079618
v -0.000442 -0.145182 -0.093357
v 0.000453 -0.068355 -0.263234
v 0.000339 -0.075779 -0.253269
v -0.000310 -0.124875 -0.068587
v -0.000390 -0.130258 -0.071384
v 0.005377 -0.084682 -0.147946
v -0.000045 -0.059567 -0.275802
v 0.006536 -0.037250 -0.224145
v 0.006659 -0.054132 -0.190015
v -0.000813 -0.201341 -0.174584
v 0.001521 -0.069544 -0.377951
v 0.001600 -0.060933 -0.367599
v -0.000882 -0.066291 -0.373988
v -0.000734 -0.059885 -0.365437
v 0.000755 -0.055508 -0.358032
v -0.000910 -0.052359 -0.352703
v 0.001658 -0.045826 -0.345273
v -0.001142 -0.045917 -0.343822
v -0.002202 -0.071921 -0.382619
v -0.000266 -0.075510 -0.383964
v 0.001989 -0.075484 -0.385120
v 0.000182 -0.082333 -0.390579
v 0.002741 -0.082892 -0.393847
v -0.001672 -0.085417 -0.394851
v -0.000083 -0.090519 -0.398452
v -0.001711 -0.095613 -0.404710
v 0.001481 -0.095615 -0.404217
v -0.000231 -0.102287 -0.409879
v 0.040769 0.033496 -0.019968
v 0.041516 0.035298 0.003525
v 0.039536 0.013934 -0.020823
v 0.038878 0.030558 -0.051674
v 0.036354 -0.001921 -0.052084
v 0.036736 -0.006649 -0.030374
v 0.033831 0.004563 -0.080161
v 0.035414 0.018223 -0.080385
v 0.036116 0.027868 -0.080952
v 0.033513 0.022041 -0.124791
v 0.031828 -0.000142 -0.125343
v 0.028785 0.003372 -0.166681
v 0.031055 0.018571 -0.150305
v 0.028193 0.011088 -0.182275
v 0.025570 0.007769 -0.209916
v 0.024238 0.007587 -0.225418
v 0.024677 -0.006198 -0.206000
v 0.022927 -0.000926 -0.241944
v 0.022813 -0.012670 -0.229566
v 0.020928 -0.015275 -0.253987
v 0.015613 -0.018219 -0.308337
v 0.027600 -0.004788 -0.167747
v 0.028342 -0.015372 -0.136553
v 0.031917 -0.032575 -0.057081
v 0.039822 0.016043 0.006618
v 0.039751 0.013999 0.041925
v 0.042736 0.036037 0.053679
v 0.040696 0.012975 0.071541
v 0.042766 0.034880 0.085916
v 0.041368 0.012350 0.111188
v 0.043480 0.032581 0.108713
v 0.036475 -0.007684 0.003896
v 0.038508 0.007616 0.022461
v 0.028598 -0.027462 -0.086052
v 0.024903 -0.042328 -0.110081
v 0.023665 -0.058202 -0.091183
v 0.031790 -0.036788 -0.023975
v 0.027007 -0.061971 -0.059570
v 0.031872 -0.034537 0.000573
v 0.019029 -0.075904 -0.107734
v 0.018890 -0.087456 -0.087300
v 0.038154 0.002601 0.058536
v 0.038965 -0.000144 0.086858
v 0.040991 0.009926 0.087665
v 0.020340 -0.057252 -0.127428
v 0.025899 -0.067218 -0.035255
v 0.034417 -0.012074 0.054265
v 0.022999 -0.013796 -0.206548
v 0.023385 -0.016890 -0.188116
v 0.025037 -0.023672 -0.151201
v 0.024265 -0.017086 -0.172126
v 0.015531 -0.103914 -0.079647
v 0.038574 0.000930 0.108402
v 0.039154 -0.000485 0.120581
v 0.014861 -0.093980 -0.108456
v 0.015286 -0.079322 -0.129109
v 0.020343 -0.042759 -0.148608
v 0.016096 -0.043896 -0.173558
v 0.013033 -0.066475 -0.156327
v 0.018727 -0.027445 -0.201971
v 0.015385 -0.041413 -0.185134
v 0.018305 -0.023038 -0.232955
v 0.011974 -0.050245 -0.183141
v 0.042686 0.011081 0.116430
v 0.012783 -0.098630 -0.110704
v 0.012329 -0.081934 -0.136887
v 0.016876 -0.021643 -0.266260
v 0.014040 -0.023103 -0.295703
v 0.013770 -0.023484 -0.314358
v 0.013744 -0.022978 -0.331193
v 0.011916 -0.028441 -0.332184
v 0.012375 -0.028592 -0.340492
v 0.012666 -0.029713 -0.356579
v 0.007205 -0.041331 -0.349164
v 0.013615 -0.038353 -0.200391
v 0.010232 -0.043536 -0.369239
v 0.016473 -0.029390 -0.213908
v 0.005529 -0.056452 -0.370779
v 0.007786 -0.056804 -0.381653
v 0.006728 -0.066946 -0.391374
v 0.007016 -0.032679 -0.325296
v 0.004748 -0.071078 -0.170127
v 0.009403 -0.028238 -0.304349
v 0.006659 -0.054132 -0.190015
v 0.004656 -0.096746 -0.132654
v 0.004912 -0.046205 -0.208464
v 0.011802 -0.033834 -0.218605
v 0.012583 -0.029423 -0.237002
v 0.011860 -0.027828 -0.264805
v 0.005377 -0.084682 -0.147946
v 0.006536 -0.037250 -0.224145
v 0.005562 -0.035435 -0.238275
v 0.025029 -0.154133 0.093233
v 0.027658 -0.161240 0.088226
v 0.027659 -0.153400 0.094819
v 0.024466 -0.141939 0.100440
v 0.021639 -0.140514 0.099179
v 0.021479 -0.128051 0.105110
v 0.018182 -0.128269 0.100894
v 0.017370 -0.123609 0.105432
v 0.030328 -0.160466 0.088782
v 0.030787 -0.164542 0.083004
v -0.060347 0.057669 0.066217
v -0.059332 0.053959 0.080121
v -0.056429 0.052884 0.081991
v -0.056635 0.049841 0.093079
v -0.061902 0.056581 0.068702
v -0.063856 0.061360 0.059114
v 0.015204 -0.096453 0.084561
v 0.009837 -0.093646 0.093335
v 0.013727 -0.092303 0.093076
v -0.013374 -0.098807 0.110748
v -0.017106 -0.112848 0.108498
v -0.010341 -0.097749 0.111311
v -0.008744 -0.088418 0.114529
v -0.013396 -0.108467 0.107672
v -0.016616 -0.120655 0.105569
v -0.019932 -0.126772 0.104947
v -0.021221 -0.140036 0.098895
v -0.006078 -0.086644 0.112617
v -0.007339 -0.082162 0.115118
v 0.016225 -0.113884 0.108589
v 0.017370 -0.123609 0.105432
v 0.021479 -0.128051 0.105110
v 0.083314 0.028402 -0.001951
v 0.086185 0.026873 -0.001898
v 0.083737 0.016215 0.001555
v 0.085706 0.014385 0.002196
v 0.084208 0.004614 0.006797
v 0.085705 0.036305 -0.003094
v 0.082522 0.041082 -0.003310
v 0.080488 0.001753 0.010928
v 0.084172 -0.004238 0.012443
v 0.080039 -0.012290 0.018865
v 0.025887 -0.126380 0.058068
v 0.030620 -0.132700 0.058026
v 0.029756 -0.139162 0.058933
v 0.025593 -0.120670 0.058486
v 0.032031 -0.147373 0.060674
v 0.021264 -0.114342 0.061803
v 0.016380 -0.116674 0.088700
v 0.021639 -0.130250 0.080044
v 0.018182 -0.128269 0.100894
v 0.021639 -0.140514 0.099179
v 0.017904 -0.107594 0.071477
v 0.013727 -0.102375 0.083551
v 0.013206 -0.104788 0.089747
v 0.009837 -0.093646 0.093335
v 0.025737 -0.140570 0.073424
v 0.025029 -0.154133 0.093233
v 0.030008 -0.158749 0.073367
v 0.027658 -0.161240 0.088226
v 0.031627 -0.162300 0.072183
v 0.012516 -0.106415 0.106457
v 0.008931 -0.094230 0.103302
v 0.015673 -0.100910 0.077357
v 0.010633 -0.098190 0.111083
v 0.006065 -0.087639 0.109016
v 0.017370 -0.123609 0.105432
v 0.030787 -0.164542 0.083004
v 0.006626 -0.090846 0.098692
v 0.016225 -0.113884 0.108589
v 0.008180 -0.091736 0.091589
v 0.015204 -0.096453 0.084561
v 0.008900 -0.088096 0.113878
v 0.021211 -0.105975 0.069186
v 0.032031 -0.147373 0.060674
v 0.033896 -0.149873 0.062607
v 0.031627 -0.162300 0.072183
v 0.033977 -0.161611 0.074960
v 0.030620 -0.132700 0.058026
v -0.082019 0.049634 -0.001998
v -0.080721 0.044091 -0.002682
v -0.084135 0.031361 -0.003746
v -0.077730 0.061535 0.003627
v -0.042400 0.005103 0.116013
v -0.041471 -0.003020 0.117932
v -0.045126 -0.003908 0.115021
v -0.063848 0.019692 0.045288
v -0.060400 0.021889 0.057757
v -0.061781 -0.002258 0.050557
v -0.063676 0.038793 0.046101
v -0.060585 0.051640 0.060771
v -0.064645 0.064425 0.045174
v -0.056518 0.049625 0.076186
v -0.053910 0.028483 0.084223
v -0.057057 0.022763 0.071464
v -0.068099 0.043194 0.032034
v -0.068127 0.071015 0.032617
v -0.072741 0.069557 0.015158
v -0.054651 -0.003047 0.075417
v -0.057185 -0.008561 0.062398
v -0.052656 0.048737 0.094294
v -0.049579 0.044360 0.109031
v -0.048552 0.025612 0.107057
v -0.049296 0.010127 0.104494
v -0.053052 0.009403 0.088372
v -0.052517 -0.004027 0.086988
v -0.048640 -0.012892 0.100839
v -0.049026 -0.035585 0.098767
v -0.045205 0.006980 0.117564
v -0.045172 0.044380 0.120103
v -0.043891 -0.011590 0.115864
v -0.044597 -0.039774 0.111576
v -0.042500 -0.021089 0.121534
v -0.043320 -0.038178 0.118081
v -0.044962 0.027146 0.120373
v -0.054202 -0.019474 0.079977
v -0.053227 -0.038924 0.087013
v -0.058933 -0.032982 0.066485
v -0.056343 -0.045172 0.077497
v -0.052945 -0.047021 0.087735
v -0.048666 -0.046655 0.099376
v -0.046329 -0.043384 0.109155
v -0.073736 0.033633 0.016380
v -0.069248 0.011031 0.032744
v -0.060347 0.057669 0.066217
v -0.063191 -0.021461 0.051659
v -0.064602 -0.037878 0.052063
v -0.060532 -0.043653 0.064387
v -0.058951 -0.044760 0.070692
v -0.080160 0.003377 0.009167
v -0.079929 -0.004749 0.012452
v -0.071555 -0.028752 0.037161
v -0.068017 -0.033983 0.044632
v -0.039393 -0.008598 0.124005
v -0.039296 -0.013942 0.128149
v -0.044970 -0.044218 0.114979
v -0.063856 0.061360 0.059114
v -0.042661 -0.030783 0.130096
v -0.040395 -0.019187 0.132321
v -0.056429 0.052884 0.081991
v -0.054464 0.049633 0.091331
v -0.064486 0.065360 0.051313
v -0.075145 0.068686 0.011114
v -0.083284 0.014146 0.002234
v -0.083269 0.025080 -0.002142
v -0.075915 -0.019853 0.026319
v -0.064274 -0.041572 0.055987
v -0.044814 -0.042364 0.120100
v -0.079320 -0.013008 0.017983
v -0.049535 0.047328 0.113459
v -0.046520 0.050153 0.121805
v -0.041831 -0.019484 0.139689
v -0.044576 -0.037792 0.125760
v -0.067430 0.068558 0.041264
v -0.051629 0.048216 0.111847
v -0.071634 0.072758 0.026630
v -0.071342 -0.033288 0.040801
v -0.044628 -0.030361 0.135423
v -0.082079 0.001833 0.008563
v -0.068915 -0.037361 0.047795
v -0.074856 -0.026028 0.032754
v -0.055815 0.050501 0.095404
v -0.077632 -0.019385 0.025021
v 0.021211 -0.105975 0.069186
v 0.024381 -0.113956 0.062577
v 0.021264 -0.114342 0.061803
v 0.025593 -0.120670 0.058486
v 0.039154 -0.000485 0.120581
v 0.043902 0.008346 0.118981
v 0.042465 -0.001552 0.120810
v 0.044848 0.000664 0.119177
v 0.044947 0.029970 0.119995
v 0.039641 -0.002398 0.123914
v 0.065602 -0.041707 0.062057
v 0.060275 -0.045024 0.076266
v 0.058642 -0.045640 0.075526
v 0.052852 -0.047130 0.092059
v 0.053279 -0.046062 0.096050
v 0.056125 -0.046374 0.081536
v 0.048510 -0.046604 0.103375
v 0.047967 -0.043133 0.113318
v 0.060460 -0.043261 0.067467
v 0.064948 -0.041582 0.059187
v 0.068836 -0.038276 0.053926
v 0.000134 0.033300 -0.293410
v 0.000472 0.027427 -0.302896
v -0.002203 0.028023 -0.300270
v -0.002353 0.032116 -0.292028
v -0.001883 0.040069 -0.276598
v 0.000008 0.038798 -0.282906
v -0.000186 0.044989 -0.273546
v -0.001662 0.050918 -0.263383
v -0.000171 0.053290 -0.264968
v -0.000681 0.064225 -0.253598
v -0.001498 0.082744 -0.232949
v -0.000075 0.089068 -0.233227
v -0.000451 0.101999 -0.226014
v -0.001468 0.105465 -0.219935
v -0.002120 0.074544 -0.215078
v 0.000146 0.118141 -0.222196
v 0.000274 0.021350 -0.302255
v 0.000111 0.066275 -0.252553
v 0.021211 -0.105975 0.069186
v 0.015673 -0.100910 0.077357
v 0.018614 -0.101255 0.077840
v 0.015204 -0.096453 0.084561
v -0.011215 -0.090052 0.090251
v -0.009759 -0.095039 0.088897
v -0.013961 -0.097030 0.085762
v -0.013688 -0.104256 0.083002
v -0.000229 -0.085679 -0.476563
v 0.000612 -0.077518 -0.469630
v 0.000416 -0.096456 -0.482899
v -0.000324 -0.103501 -0.488529
v 0.001084 -0.110193 -0.488374
v -0.000200 -0.115656 -0.496844
v -0.039296 -0.013942 0.128149
v -0.036674 -0.019553 0.134212
v -0.040395 -0.019187 0.132321
v -0.041831 -0.019484 0.139689
v -0.037974 -0.018879 0.141152
v 0.049878 0.045665 0.116294
v 0.045825 0.046197 0.117800
v 0.048776 0.043671 0.122978
v 0.051847 0.047288 0.114153
v 0.052530 0.048516 0.101519
v 0.044263 0.048511 0.115972
v 0.046454 0.036405 0.115926
v 0.044446 0.035348 0.116270
v 0.044947 0.029970 0.119995
v 0.045825 0.046197 0.117800
v 0.044263 0.048511 0.115972
v 0.048776 0.043671 0.122978
v 0.045079 0.050993 0.126478
v 0.045084 0.045046 0.142207
v 0.046454 0.036405 0.115926
v -0.041334 -0.014851 0.143500
v -0.044348 -0.009696 0.142848
v -0.044308 -0.017673 0.141828
v -0.041831 -0.019484 0.139689
v -0.037974 -0.018879 0.141152
v -0.039290 -0.011482 0.150138
v -0.045459 -0.018537 0.138868
v -0.044628 -0.030361 0.135423
v -0.033327 -0.147268 0.060596
v -0.030916 -0.136659 0.056384
v -0.031818 -0.150104 0.061517
v -0.033247 -0.159192 0.068574
v -0.007698 -0.173894 0.486070
v -0.011750 -0.169955 0.490174
v -0.014348 -0.171463 0.488361
v -0.016401 -0.167202 0.488932
v -0.072741 0.069557 0.015158
v -0.075145 0.068686 0.011114
v -0.071634 0.072758 0.026630
v 0.000029 -0.178102 0.486615
v 0.000841 -0.177356 0.493922
v -0.002821 -0.177726 0.488936
v -0.007698 -0.173894 0.486070
v -0.010113 -0.170483 0.478266
v -0.014348 -0.171463 0.488361
v -0.014613 -0.165893 0.474405
v 0.000158 -0.173379 0.475659
v -0.016752 -0.164479 0.477992
v 0.004420 -0.172997 0.480319
v -0.000186 -0.166593 0.466685
v 0.015822 -0.160913 0.468035
v 0.016105 -0.166559 0.477518
v -0.000302 -0.157999 0.459337
v 0.010788 -0.143722 0.454022
v -0.000045 -0.146309 0.452123
v -0.000462 -0.132106 0.444351
v 0.011464 -0.130408 0.447277
v 0.010553 -0.115132 0.438487
v -0.000165 -0.110474 0.432374
v 0.010292 -0.094169 0.426022
v -0.000586 -0.091056 0.420113
v 0.010211 -0.082577 0.418090
v -0.000945 -0.074588 0.407201
v 0.001405 -0.068913 0.402549
v -0.000198 -0.052156 0.385286
v 0.015041 -0.169514 0.488444
v 0.004769 -0.173055 0.488810
v -0.044970 -0.044218 0.114979
v -0.044814 -0.042364 0.120100
v -0.049031 -0.045061 0.109790
v -0.046329 -0.043384 0.109155
v -0.048666 -0.046655 0.099376
v -0.058172 -0.045378 0.079219
v -0.052945 -0.047021 0.087735
v -0.052296 -0.046046 0.098093
v -0.051153 -0.047086 0.095503
v -0.056343 -0.045172 0.077497
v -0.058951 -0.044760 0.070692
v 0.085706 0.014385 0.002196
v 0.084172 -0.004238 0.012443
v 0.084208 0.004614 0.006797
v -0.064700 -0.041547 0.059709
v -0.064274 -0.041572 0.055987
v -0.060532 -0.043653 0.064387
v -0.058951 -0.044760 0.070692
v -0.068915 -0.037361 0.047795
v -0.061484 -0.042789 0.068678
v -0.058172 -0.045378 0.079219
v -0.004573 -0.172928 0.487198
v -0.002821 -0.177726 0.488936
v -0.002633 -0.176253 0.491526
v 0.000841 -0.177356 0.493922
v -0.007698 -0.173894 0.486070
v -0.000527 0.195780 -0.204650
v -0.000046 0.192675 -0.219470
v -0.001297 0.193296 -0.213873
v -0.001154 0.153898 -0.223161
v 0.000602 0.149595 -0.223192
v 0.000146 0.118141 -0.222196
v -0.000339 0.180578 -0.227229
v 0.001078 0.096175 -0.224134
v -0.001468 0.105465 -0.219935
v -0.001684 0.116768 -0.168114
v -0.001650 0.089449 -0.188855
v -0.001569 0.129827 -0.141644
v -0.001321 0.184368 -0.171785
v -0.001154 0.161145 -0.140088
v -0.001935 0.073825 -0.202304
v -0.002120 0.074544 -0.215078
v -0.002568 0.058782 -0.217051
v -0.001554 0.117183 -0.159982
v -0.001588 0.104742 -0.174857
v -0.000981 0.134673 -0.128593
v -0.000808 0.138557 -0.116348
v -0.003124 0.050606 -0.225838
v -0.001498 0.082744 -0.232949
v -0.001662 0.050918 -0.263383
v -0.003757 0.035663 -0.243343
v -0.003430 0.026762 -0.259102
v -0.001883 0.040069 -0.276598
v -0.003508 0.021643 -0.268638
v -0.002353 0.032116 -0.292028
v -0.003102 0.017309 -0.280143
v -0.002203 0.028023 -0.300270
v -0.002250 0.014600 -0.290073
v -0.000165 0.193932 -0.188670
v -0.000623 0.179265 -0.160695
v -0.000340 0.162882 -0.138951
v 0.000274 0.021350 -0.302255
v -0.000230 0.013079 -0.299606
v -0.000016 0.143166 -0.118863
v -0.000046 0.188470 -0.176444
v 0.000800 0.185965 -0.224518
v 0.000092 0.024909 -0.376084
v -0.001485 0.030979 -0.388802
v -0.001421 0.018994 -0.365007
v 0.000723 0.019106 -0.364049
v 0.000212 0.016788 -0.352102
v -0.004882 0.014450 -0.371120
v -0.002751 0.014315 -0.349999
v -0.005734 0.007245 -0.344763
v -0.000968 0.013364 -0.335475
v -0.004280 0.024417 -0.392145
v -0.008530 0.004834 -0.381214
v -0.007825 0.009460 -0.396688
v -0.011826 -0.006369 -0.385563
v -0.004687 0.030686 -0.405761
v -0.002066 0.048657 -0.409217
v -0.004794 0.040106 -0.420049
v -0.011549 -0.002735 -0.371350
v -0.010848 0.000323 -0.350504
v -0.013517 -0.004627 -0.327243
v -0.011932 0.000297 -0.334251
v -0.005143 0.008091 -0.330979
v -0.001834 0.010507 -0.319127
v -0.000062 0.040366 -0.396610
v -0.000025 0.049093 -0.404740
v 0.000088 0.059432 -0.412228
v -0.001963 0.073164 -0.429791
v 0.000215 0.071752 -0.421911
v 0.000110 0.086643 -0.437794
v -0.013736 0.002082 -0.308863
v -0.010916 0.005394 -0.308746
v -0.016236 0.002754 -0.293633
v -0.009192 0.008952 -0.298821
v -0.010257 0.014584 -0.275721
v -0.015956 0.008521 -0.274242
v -0.009798 0.020773 -0.261420
v -0.015765 0.018447 -0.250390
v -0.019662 0.008646 -0.258063
v -0.019499 0.018361 -0.237490
v -0.013678 0.032225 -0.230691
v -0.011329 0.044708 -0.218415
v -0.007606 0.040966 -0.231136
v -0.007773 0.057606 -0.210670
v -0.011452 0.055657 -0.204269
v -0.007285 0.072875 -0.196890
v -0.011843 0.071496 -0.189286
v -0.010925 0.089980 -0.175912
v -0.009660 0.027842 -0.248112
v -0.009246 0.101952 -0.167897
v -0.010326 0.112248 -0.153491
v -0.009187 0.122675 -0.139597
v -0.006981 0.130713 -0.124353
v 0.000511 0.032356 -0.388480
v 0.000326 0.016928 -0.471416
v 0.000248 0.001544 -0.457699
v -0.000409 0.009158 -0.464056
v -0.000299 0.038187 -0.488905
v -0.040263 0.032977 -0.025638
v -0.039054 0.012315 -0.022707
v -0.040845 0.035681 0.004198
v -0.039638 0.020468 0.003953
v -0.038115 0.012909 -0.050124
v -0.038973 0.030388 -0.051654
v -0.038996 0.017687 0.018293
v -0.036615 -0.005099 -0.000380
v -0.036263 -0.010592 -0.028402
v -0.032337 -0.032821 -0.055663
v -0.041416 0.035017 0.044768
v -0.039075 0.017758 0.037874
v -0.039333 0.012206 0.063053
v -0.041037 0.028066 0.081238
v -0.033349 -0.027986 -0.040568
v -0.040046 0.005048 0.087415
v -0.041401 0.019687 0.113925
v -0.040880 0.007035 0.112648
v -0.033904 -0.014124 0.027381
v -0.036080 -0.002256 0.051821
v -0.031668 -0.035476 -0.000529
v -0.028174 -0.056895 -0.031804
v -0.023955 -0.076010 -0.060106
v -0.031932 -0.023053 0.044490
v -0.030074 -0.032694 0.037530
v -0.033490 -0.015276 0.067619
v -0.038321 -0.001722 0.089800
v -0.023190 -0.079328 -0.041419
v -0.029879 -0.042006 -0.065102
v -0.023387 -0.072054 0.000194
v -0.024763 -0.063151 0.015117
v -0.023827 -0.056448 0.051830
v -0.037700 -0.005282 0.112980
v -0.019612 -0.078541 0.031257
v -0.018360 -0.080093 0.050958
v -0.020576 -0.064709 0.079426
v -0.028725 -0.030646 0.081086
v -0.026092 -0.041126 0.102752
v -0.030145 -0.025427 0.098099
v -0.025553 -0.044446 0.122371
v -0.016766 -0.102760 -0.062397
v -0.019731 -0.084365 0.000570
v -0.019339 -0.089096 -0.079497
v -0.014719 -0.106520 -0.079558
v -0.019227 -0.064123 0.107194
v -0.033726 -0.012947 0.102715
v -0.033723 -0.017077 0.120935
v -0.031767 -0.028570 0.136830
v -0.016214 -0.099814 -0.028146
v -0.014219 -0.108214 -0.043995
v -0.014312 -0.090884 0.063655
v -0.014905 -0.095571 0.019875
v -0.014644 -0.080656 0.092363
v -0.025838 -0.036523 -0.108726
v -0.021550 -0.051850 -0.123648
v -0.020894 -0.072225 -0.094235
v -0.017528 -0.077524 -0.117556
v -0.023448 -0.056361 -0.093569
v -0.030255 -0.017522 -0.083349
v -0.032407 0.000651 -0.113306
v -0.030211 -0.008135 -0.129754
v -0.034082 0.006208 -0.078790
v -0.035483 0.019821 -0.081520
v -0.036091 0.028278 -0.080951
v -0.032445 0.006703 -0.126652
v -0.022832 -0.032581 -0.146807
v -0.028221 -0.010559 -0.145615
v -0.026847 -0.005524 -0.174878
v -0.028086 0.003437 -0.175902
v -0.024710 -0.005424 -0.210231
v -0.023737 -0.011934 -0.202245
v -0.021425 -0.014655 -0.247572
v -0.018966 -0.034095 -0.175107
v -0.018398 -0.049030 -0.151627
v -0.014828 -0.091916 -0.111571
v -0.024191 0.004254 -0.230244
v -0.027428 0.010399 -0.190171
v -0.021375 -0.003952 -0.256425
v -0.033160 0.022576 -0.127411
v -0.029797 0.017275 -0.162073
v -0.014771 -0.081414 -0.128693
v -0.019600 -0.025918 -0.197790
v -0.020020 -0.021448 -0.214627
v -0.041583 0.053543 0.082819
v -0.042694 0.056050 0.105522
v -0.044344 0.054166 0.120894
v -0.041437 0.066501 0.090106
v -0.020197 0.001526 -0.266585
v -0.015690 -0.017490 -0.307759
v -0.013961 -0.052233 -0.170396
v -0.012253 -0.103165 -0.103705
v -0.041066 0.053347 0.049270
v -0.016501 -0.001211 -0.299790
v -0.039779 0.051753 0.008891
v -0.039308 0.051343 -0.010444
v -0.021969 0.004756 -0.248288
v -0.011346 -0.101005 0.049426
v -0.021825 -0.054140 0.125572
v -0.029074 -0.034319 0.152589
v -0.011088 -0.116879 -0.067437
v -0.017600 -0.065311 0.120801
v -0.010551 -0.098419 0.074216
v -0.012672 -0.048153 -0.183119
v -0.012218 -0.074480 -0.148192
v -0.033848 -0.019440 0.127818
v -0.034433 -0.023592 0.142016
v -0.009730 -0.109650 0.005771
v -0.012342 -0.089963 -0.126447
v -0.018716 -0.057259 0.154239
v -0.030270 -0.029821 0.165170
v -0.025937 -0.037158 0.181578
v -0.035529 -0.018024 0.158456
v -0.011364 -0.114060 -0.080992
v -0.039587 -0.002615 0.117353
v -0.013628 -0.017704 -0.337986
v -0.013724 -0.022936 -0.320307
v -0.014232 -0.022257 -0.302598
v -0.013376 -0.024529 -0.346025
v -0.012972 -0.027952 -0.382071
v -0.011940 -0.034271 -0.361549
v -0.011512 -0.039071 -0.381473
v -0.011457 -0.038112 -0.396916
v -0.008946 -0.054242 -0.399319
v -0.009323 -0.048249 -0.406839
v -0.007221 -0.062091 -0.386412
v -0.009208 -0.049569 -0.375818
v -0.007667 -0.063174 -0.415489
v -0.006791 -0.077241 -0.406305
v -0.006685 -0.069689 -0.393744
v -0.006408 -0.090473 -0.433166
v -0.005433 -0.100316 -0.423378
v -0.004669 -0.118909 -0.442928
v -0.004927 -0.115676 -0.457534
v -0.003894 -0.137143 -0.462440
v -0.002144 -0.140543 -0.450615
v -0.003528 -0.129707 -0.474176
v -0.001497 -0.141890 -0.492825
v -0.002008 -0.155933 -0.468187
v -0.001854 -0.154804 -0.482995
v -0.000532 -0.161595 -0.477507
v -0.004690 -0.089585 -0.407282
v -0.011067 -0.029104 -0.403247
v -0.007050 -0.045558 -0.422645
v -0.005080 -0.062187 -0.435775
v -0.011324 -0.010635 -0.398593
v -0.005855 -0.073557 -0.435871
v -0.004157 -0.099947 -0.460416
v -0.000999 -0.115276 -0.494372
v -0.017173 -0.021494 -0.253581
v -0.010546 -0.033463 -0.345821
v -0.011349 -0.028597 -0.331977
v -0.000418 -0.150796 -0.491613
v -0.001800 -0.119316 -0.428084
v -0.001730 -0.130669 -0.439683
v -0.039599 0.066893 0.038329
v -0.043861 0.064389 0.129296
v -0.037829 0.065466 -0.005174
v -0.006508 -0.009643 -0.422177
v -0.001071 -0.076650 -0.467478
v -0.037261 0.047658 -0.049935
v -0.031856 0.040546 -0.120554
v -0.033989 0.047468 -0.083086
v -0.007402 -0.044232 -0.354907
v -0.030705 -0.023252 0.197530
v -0.008062 0.007249 -0.407641
v -0.006976 0.013184 -0.415735
v -0.004157 0.007389 -0.435661
v -0.005734 0.030499 -0.432446
v -0.003010 0.041015 -0.466371
v -0.004262 0.055678 -0.460358
v -0.001382 0.062207 -0.494617
v -0.001650 -0.007938 -0.444221
v -0.004258 0.072964 -0.456698
v -0.003130 0.080838 -0.470906
v -0.000916 0.082101 -0.499555
v 0.000470 0.052221 -0.498523
v -0.000200 -0.019882 -0.445517
v -0.000845 0.095085 -0.485209
v -0.003421 0.069878 -0.437798
v -0.001330 0.095664 -0.472051
v -0.027637 0.027994 -0.167110
v 0.000065 -0.009689 -0.449724
v -0.000810 -0.049422 -0.452755
v -0.000617 -0.027104 -0.445454
v -0.002238 0.087697 -0.451357
v -0.034719 0.065483 -0.048901
v -0.027182 0.086331 -0.088948
v -0.030370 0.075596 -0.073849
v -0.025667 0.081350 -0.119795
v -0.026634 0.066405 -0.130813
v -0.021578 0.088897 -0.144331
v -0.019364 0.088773 -0.155500
v -0.026078 0.047388 -0.153922
v -0.021463 0.101649 -0.125899
v -0.024214 0.020637 -0.202571
v -0.022901 0.018808 -0.216519
v -0.025430 0.027892 -0.182787
v -0.043518 0.024624 0.120189
v -0.030682 0.082206 -0.052061
v -0.000200 -0.115656 -0.496844
v -0.019553 0.057877 -0.177774
v -0.042400 0.005103 0.116013
v 0.000654 0.062036 -0.500082
v -0.022501 0.106984 -0.087168
v -0.032366 0.078976 -0.034059
v -0.001915 -0.105197 -0.414106
v -0.013358 -0.039802 -0.196855
v -0.000229 -0.085679 -0.476563
v -0.000324 -0.103501 -0.488529
v -0.005944 -0.056615 -0.372406
v -0.018704 0.047524 -0.190166
v -0.018416 0.036637 -0.207135
v -0.011215 -0.090052 0.090251
v -0.009988 -0.117229 -0.044818
v -0.016539 -0.027383 -0.218785
v -0.025604 -0.032635 0.203782
v -0.033569 -0.013816 0.202487
v -0.024924 -0.025198 0.221675
v -0.026961 -0.009481 0.234603
v -0.022050 -0.006877 0.257333
v -0.010199 -0.084342 0.106581
v -0.010652 -0.080122 0.113199
v -0.014056 -0.070250 0.128849
v -0.036322 0.075563 0.033752
v -0.002202 -0.071921 -0.382619
v -0.015454 0.091258 -0.164948
v -0.006423 -0.036362 -0.332937
v 0.000297 0.092271 -0.492350
v -0.009722 -0.095440 0.084945
v -0.009759 -0.095039 0.088897
v -0.016721 -0.051351 0.194464
v 0.000254 -0.139670 -0.496241
v -0.001711 -0.095613 -0.404710
v -0.001672 -0.085417 -0.394851
v -0.016931 -0.022877 0.251317
v -0.018088 -0.012104 0.263605
v -0.023796 0.004083 0.268048
v -0.000039 -0.159511 -0.468151
v 0.000118 0.098545 -0.469193
v -0.017942 -0.037455 0.224376
v -0.016869 -0.046664 0.208260
v -0.007459 -0.106448 0.055918
v -0.004874 -0.112498 0.041483
v 0.000186 0.092642 -0.448504
v 0.000080 -0.065608 -0.463758
v -0.039393 -0.008598 0.124005
v -0.000040 -0.150354 -0.456670
v -0.010722 -0.066624 0.168180
v -0.005907 -0.057543 -0.185821
v -0.004316 -0.068942 -0.173373
v -0.004714 -0.055254 -0.195315
v -0.005438 -0.045682 -0.208263
v -0.002908 -0.068470 -0.233989
v -0.002365 -0.051692 -0.275114
v -0.001367 -0.074027 -0.249346
v -0.000565 -0.092649 -0.233963
v -0.003329 -0.085165 -0.202116
v -0.001347 -0.105407 -0.219375
v -0.005624 -0.035673 -0.236934
v -0.004294 -0.036900 -0.264261
v -0.002581 -0.130599 -0.182915
v -0.000963 -0.149240 -0.195523
v -0.003175 -0.044077 -0.280505
v -0.004133 -0.116289 -0.153651
v -0.003104 -0.154427 -0.157017
v -0.002075 -0.179263 -0.178048
v -0.001148 -0.192276 -0.184849
v -0.000813 -0.201341 -0.174584
v -0.002200 -0.179963 -0.156721
v -0.002823 -0.159810 -0.141010
v -0.002329 -0.045015 -0.300059
v -0.003975 -0.136638 -0.123416
v -0.004767 -0.116464 -0.097627
v -0.004708 -0.104662 -0.119412
v -0.003601 -0.131977 -0.097383
v -0.005180 -0.120155 -0.083592
v -0.002017 -0.149944 -0.109909
v -0.004546 -0.098303 -0.130576
v -0.004195 -0.079819 -0.158290
v -0.002293 -0.039985 -0.298924
v -0.002071 -0.034941 -0.309060
v -0.005051 -0.113390 -0.101434
v -0.000268 -0.176784 -0.134616
v -0.000236 -0.189513 -0.152209
v -0.002215 -0.034875 -0.287518
v -0.001847 -0.033870 -0.302357
v -0.002225 -0.129610 -0.079480
v 0.000746 -0.200994 -0.184517
v -0.005749 -0.032930 -0.261576
v 0.000095 -0.200140 -0.165986
v -0.004576 -0.086859 -0.146411
v -0.000145 -0.118651 -0.216359
v 0.000462 -0.099161 -0.230114
v -0.000086 -0.135135 -0.207482
v 0.000192 -0.154147 -0.198689
v 0.000266 -0.174464 -0.193871
v -0.000442 -0.145182 -0.093357
v -0.006469 -0.038674 -0.221352
v -0.000078 -0.152998 -0.104153
v -0.000101 -0.164809 -0.119129
v 0.000055 -0.054802 -0.285866
v -0.000045 -0.059567 -0.275802
v 0.000453 -0.068355 -0.263234
v 0.000339 -0.075779 -0.253269
v 0.000294 -0.088268 -0.241125
v 0.000590 -0.184957 -0.191483
v -0.002946 -0.122158 -0.077239
v -0.000310 -0.124875 -0.068587
v -0.000390 -0.130258 -0.071384
v -0.000010 -0.135167 -0.079618
v -0.000487 -0.040980 -0.307924
v -0.002544 -0.035576 -0.314694
v -0.000123 -0.039280 -0.318255
v -0.039296 -0.013942 0.128149
v -0.006497 -0.114015 0.005597
v -0.037974 -0.018879 0.141152
v -0.036674 -0.019553 0.134212
v -0.009921 -0.031177 0.256081
v -0.011893 -0.034425 -0.215657
v -0.012355 -0.027834 -0.245441
v -0.008632 -0.119868 -0.067634
v -0.009856 -0.051515 0.219096
v -0.009780 -0.059000 0.198689
v -0.009319 -0.045898 0.231744
v -0.001441 -0.039586 -0.327373
v -0.000910 -0.052359 -0.352703
v -0.008818 -0.028507 -0.302169
v -0.000734 -0.059885 -0.365437
v -0.000882 -0.066291 -0.373988
v -0.001142 -0.045917 -0.343822
v -0.001847 -0.123132 -0.065427
v -0.009634 -0.075465 0.129037
v -0.009795 -0.070826 0.150357
v -0.000173 -0.113681 -0.419622
v -0.006245 -0.120823 -0.043439
v 0.000110 -0.050113 -0.295125
v -0.000078 -0.133766 -0.441175
v 0.000612 -0.077518 -0.469630
v 0.000176 -0.182698 -0.142268
v -0.000124 -0.125985 -0.433444
v -0.000231 -0.102287 -0.409879
v -0.041471 -0.003020 0.117932
v 0.038795 -0.009311 0.130173
v 0.039782 -0.013995 0.132852
v 0.037102 -0.014064 0.132458
v 0.039222 -0.015079 0.139386
v 0.034252 -0.014082 0.121625
v 0.033892 -0.021277 0.139826
v 0.031262 -0.024488 0.118375
v 0.028323 -0.036139 0.134764
v 0.030449 -0.023866 0.093601
v 0.025385 -0.044743 0.108145
v 0.023520 -0.049702 0.128096
v 0.017055 -0.071285 0.102548
v 0.023052 -0.055383 0.083473
v 0.033239 -0.012551 0.100214
v 0.038574 0.000930 0.108402
v 0.025164 -0.049277 0.066582
v 0.018898 -0.074062 0.067110
v 0.034417 -0.012074 0.054265
v 0.030187 -0.033332 0.033622
v 0.034192 -0.012879 0.083110
v 0.024668 -0.058196 0.033881
v 0.020351 -0.072898 0.048263
v 0.021186 -0.078485 0.002466
v 0.036475 -0.007684 0.003896
v 0.012205 -0.096707 0.065857
v 0.020176 -0.089890 -0.041605
v 0.015090 -0.094985 0.018346
v 0.024523 -0.070683 -0.021332
v 0.026621 -0.058227 0.002041
v 0.025899 -0.067218 -0.035255
v 0.022463 -0.082746 -0.057110
v 0.031872 -0.034537 0.000573
v 0.027007 -0.061971 -0.059570
v 0.014201 -0.109046 -0.055290
v 0.015531 -0.103914 -0.079647
v 0.011938 -0.092574 0.081924
v 0.012211 -0.107967 -0.018049
v 0.038965 -0.000144 0.086858
v 0.011263 -0.116438 -0.064912
v 0.010281 -0.104863 0.038893
v 0.010404 -0.109016 0.004637
v 0.010389 -0.117375 -0.050388
v 0.030596 -0.028076 0.166518
v 0.019341 -0.059512 0.129609
v 0.011606 -0.113604 -0.080623
v 0.025426 -0.038134 0.180398
v 0.030290 -0.023110 0.201806
v 0.034697 -0.014041 0.186275
v 0.032522 -0.015351 0.204897
v 0.035838 -0.006447 0.194651
v 0.039589 -0.002472 0.154701
v 0.038105 -0.010022 0.149311
v 0.037276 -0.014426 0.144521
v 0.041862 0.011113 0.157880
v 0.042396 0.024443 0.176380
v 0.039154 -0.000485 0.120581
v 0.018388 -0.054428 0.169189
v 0.021647 -0.040320 0.204609
v 0.009088 -0.100712 0.074611
v 0.012783 -0.098630 -0.110704
v 0.014861 -0.093980 -0.108456
v 0.011253 -0.089670 0.091652
v 0.011387 -0.086673 0.097921
v 0.007985 -0.106153 0.057953
v 0.009920 -0.083404 0.111174
v 0.014734 -0.071027 0.119913
v 0.013300 -0.068139 0.147331
v 0.011902 -0.066967 0.164649
v 0.044071 0.010491 0.148240
v 0.022154 -0.029482 0.224636
v 0.025887 -0.010009 0.239916
v 0.007030 -0.111054 0.035420
v 0.037583 0.009078 0.194423
v 0.041719 0.036108 0.192050
v 0.011624 -0.063862 0.178339
v 0.013624 -0.052776 0.206034
v 0.018598 -0.019001 0.251666
v 0.019898 -0.007706 0.263353
v 0.024725 0.002500 0.259807
v 0.018980 -0.002366 0.283139
v 0.023345 0.007612 0.279435
v 0.022564 0.009243 0.294636
v 0.011474 -0.015720 0.290831
v 0.011222 -0.018313 0.282394
v 0.009817 -0.027212 0.264872
v 0.011503 -0.012973 0.296385
v 0.013103 -0.009252 0.310831
v 0.021321 0.008801 0.310891
v 0.010634 -0.014276 0.324764
v 0.019262 0.003795 0.327713
v 0.018351 -0.001201 0.342235
v 0.014401 -0.011693 0.347445
v 0.010513 -0.017871 0.336352
v 0.010728 -0.026015 0.360271
v 0.016817 -0.010687 0.359091
v 0.013105 -0.034354 0.245246
v 0.011254 -0.048686 0.224517
v 0.010617 -0.076226 0.123203
v 0.010609 -0.071680 0.142375
v 0.004524 -0.106968 0.074817
v 0.006424 -0.118142 -0.021561
v 0.006298 -0.113473 0.013153
v 0.007502 -0.120763 -0.050892
v 0.005190 -0.102416 0.080628
v 0.000196 -0.111833 0.078725
v 0.007347 -0.119154 -0.078207
v 0.008180 -0.091736 0.091589
v 0.039641 -0.002398 0.123914
v 0.039978 -0.006133 0.126996
v 0.042480 -0.003327 0.148408
v 0.010513 -0.058913 0.197583
v 0.010443 -0.054575 0.210582
v 0.009551 -0.034263 0.252983
v 0.009784 -0.041288 0.240120
v 0.004772 -0.111221 -0.106738
v 0.009484 -0.012683 0.308909
v 0.004834 -0.104640 -0.119087
v 0.004656 -0.096746 -0.132654
v 0.003762 -0.112536 0.073945
v 0.003152 -0.117894 0.069152
v 0.007422 -0.026120 0.352684
v 0.010945 -0.033971 0.373935
v 0.006960 -0.035312 0.368184
v 0.010389 -0.042649 0.382613
v 0.002140 -0.104492 0.081485
v -0.000108 -0.030218 0.353146
v 0.000122 -0.040959 0.371324
v 0.006408 -0.057101 0.393890
v 0.010482 -0.056763 0.397175
v 0.010556 -0.069946 0.408957
v 0.001405 -0.068913 0.402549
v -0.000198 -0.052156 0.385286
v 0.010211 -0.082577 0.418090
v 0.014627 -0.097487 0.432010
v 0.010292 -0.094169 0.426022
v 0.010553 -0.115132 0.438487
v 0.015051 -0.072543 0.417061
v 0.014843 -0.050523 0.399120
v 0.014371 -0.032314 0.382531
v 0.016493 -0.093525 0.433217
v 0.016977 -0.111159 0.444205
v 0.014491 -0.128884 0.448891
v 0.017012 -0.127013 0.452405
v 0.016948 -0.142938 0.459938
v 0.017086 -0.151947 0.463669
v 0.016745 -0.076173 0.424534
v 0.016132 -0.058563 0.410737
v 0.015222 -0.022648 0.371347
v 0.015179 -0.038970 0.393410
v 0.017024 -0.078592 0.436423
v 0.015120 -0.026336 0.392174
v 0.015123 -0.014945 0.383582
v 0.015350 -0.036919 0.405349
v 0.016231 -0.058350 0.422914
v 0.016871 -0.091924 0.446819
v 0.016507 -0.105604 0.455715
v 0.016174 0.001135 0.367074
v 0.017490 0.011551 0.350806
v 0.015670 -0.119807 0.464214
v 0.020186 0.023274 0.327938
v 0.020322 0.011872 0.325772
v 0.014261 -0.014072 0.387120
v 0.022340 0.034504 0.315955
v 0.024710 0.022182 0.295000
v 0.026163 0.049814 0.293406
v 0.024225 0.049527 0.306696
v 0.025490 0.018867 0.272067
v 0.025948 0.031363 0.258147
v 0.025307 0.008342 0.258595
v 0.027335 0.017925 0.233634
v 0.027188 0.000660 0.236193
v 0.029123 0.010520 0.221991
v 0.017152 0.018448 0.347130
v 0.019211 0.033529 0.326118
v 0.026890 0.045609 0.272480
v 0.028312 0.056690 0.271256
v 0.028867 0.042521 0.249872
v 0.026292 0.049459 0.279776
v 0.014930 0.006819 0.365457
v 0.031038 0.059492 0.252734
v 0.015955 -0.067826 0.432109
v 0.034447 0.057314 0.232054
v 0.035042 0.064872 0.229809
v 0.032236 0.079445 0.248955
v 0.032066 0.080286 0.262950
v 0.031261 0.068354 0.267093
v 0.040473 0.050350 0.201836
v 0.036157 0.043797 0.217524
v 0.032712 0.075980 0.276423
v 0.032335 0.080767 0.283736
v 0.031824 0.074580 0.293650
v 0.032586 0.078547 0.296780
v 0.034744 0.020993 0.209148
v 0.032443 -0.004080 0.208797
v 0.021287 0.060163 0.312591
v 0.019373 0.047577 0.318490
v 0.027155 0.057856 0.301451
v 0.011349 -0.127902 0.476078
v 0.011701 -0.150072 0.480328
v 0.009473 -0.147598 0.491518
v 0.008556 -0.156622 0.492372
v 0.007589 -0.150662 0.497797
v 0.010651 -0.156044 0.485791
v 0.015408 -0.156775 0.473493
v 0.016105 -0.166559 0.477518
v 0.014643 -0.162770 0.486731
v 0.015041 -0.169514 0.488444
v 0.024444 0.057006 0.307711
v 0.030039 0.073868 0.303602
v 0.029793 0.066511 0.301579
v 0.028308 0.068069 0.305998
v 0.015822 -0.160913 0.468035
v 0.014565 -0.103449 0.459134
v 0.014613 -0.079600 0.442858
v 0.007671 -0.127042 0.483323
v 0.032619 0.067784 0.271612
v 0.014406 -0.053729 0.423604
v 0.014208 0.032493 0.339763
v 0.014043 0.048301 0.326940
v 0.011442 -0.107244 0.465783
v 0.035773 0.067631 0.279312
v 0.034069 0.073198 0.291372
v 0.035896 0.068737 0.290087
v 0.033234 0.066387 0.299637
v 0.002696 -0.160750 0.498666
v 0.007336 -0.159458 0.486115
v 0.031992 0.056672 0.298326
v 0.010788 -0.143722 0.454022
v 0.011464 -0.130408 0.447277
v -0.082079 0.001833 0.008563
v -0.079929 -0.004749 0.012452
v -0.079320 -0.013008 0.017983
v 0.066034 0.065966 0.045687
v 0.063681 0.062433 0.054302
v 0.064741 0.061191 0.056329
v 0.062446 0.058556 0.064839
v 0.058594 0.053561 0.077854
v 0.056371 0.051029 0.091525
v 0.056965 0.048799 0.093747
v 0.052530 0.048516 0.101519
v 0.053698 0.047536 0.105634
v 0.051847 0.047288 0.114153
v 0.060636 0.053985 0.075484
v 0.060348 0.057628 0.068113
v 0.066880 0.016002 0.052028
v 0.065094 -0.015014 0.061327
v 0.069188 -0.001066 0.046465
v 0.059526 -0.002374 0.082010
v 0.060787 0.030079 0.075849
v 0.068442 0.041838 0.041894
v 0.072817 0.011692 0.029382
v 0.072861 0.037915 0.024684
v 0.069575 0.067360 0.035317
v 0.073137 0.070256 0.021285
v 0.054165 0.019263 0.105397
v 0.049119 0.033157 0.125479
v 0.049141 0.011570 0.125129
v 0.049842 -0.011834 0.120196
v 0.045018 -0.010408 0.144371
v 0.044071 0.010491 0.148240
v 0.046216 0.033608 0.141958
v 0.060986 -0.024460 0.075287
v 0.054707 -0.024929 0.096632
v 0.060275 -0.045024 0.076266
v 0.046702 -0.022151 0.132860
v 0.065602 -0.041707 0.062057
v 0.076093 0.067648 0.012266
v 0.076033 0.028920 0.016477
v 0.043701 0.035811 0.158947
v 0.041862 0.011113 0.157880
v 0.043816 0.047209 0.160311
v 0.047856 -0.038625 0.117558
v 0.053279 -0.046062 0.096050
v 0.071679 0.070192 0.027682
v 0.045084 0.045046 0.142207
v 0.048776 0.043671 0.122978
v 0.044492 -0.025401 0.139073
v 0.070685 -0.020232 0.047006
v 0.072643 -0.005258 0.037527
v 0.076865 0.014664 0.017879
v 0.068836 -0.038276 0.053926
v 0.082606 0.051397 -0.000893
v 0.044632 -0.032560 0.132218
v 0.074247 -0.032123 0.041528
v 0.078987 -0.022595 0.030739
v 0.085706 0.014385 0.002196
v 0.085705 0.036305 -0.003094
v 0.086185 0.026873 -0.001898
v 0.078565 0.062313 0.005373
v 0.047967 -0.043133 0.113318
v 0.084172 -0.004238 0.012443
v 0.081101 -0.018365 0.025285
v 0.084077 0.048317 -0.002651
v 0.042480 -0.003327 0.148408
v 0.044399 -0.009534 0.146228
v 0.044708 -0.040062 0.122144
v 0.011253 -0.089670 0.091652
v 0.009837 -0.093646 0.093335
v 0.008180 -0.091736 0.091589
v 0.013727 -0.092303 0.093076
v -0.084135 0.031361 -0.003746
v -0.083269 0.025080 -0.002142
v -0.083284 0.014146 0.002234
v -0.000617 -0.027104 -0.445454
v 0.000515 -0.025164 -0.444470
v 0.000149 -0.035745 -0.448609
v 0.000352 -0.048847 -0.453576
v -0.000810 -0.049422 -0.452755
v 0.000080 -0.065608 -0.463758
v 0.053698 0.047536 0.105634
v 0.051847 0.047288 0.114153
v 0.056965 0.048799 0.093747
v -0.000016 0.143166 -0.118863
v -0.000808 0.138557 -0.116348
v 0.000911 0.138527 -0.117047
v 0.000192 -0.154147 -0.198689
v 0.000590 -0.184957 -0.191483
v 0.000266 -0.174464 -0.193871
v -0.045205 0.006980 0.117564
v -0.042400 0.005103 0.116013
v -0.045126 -0.003908 0.115021
v 0.033977 -0.161611 0.074960
v 0.030787 -0.164542 0.083004
v 0.031627 -0.162300 0.072183
v -0.046520 0.050153 0.121805
v -0.044344 0.054166 0.120894
v -0.045172 0.044380 0.120103
v -0.041471 -0.003020 0.117932
v -0.039587 -0.002615 0.117353
v -0.039393 -0.008598 0.124005
v 0.002072 -0.129037 -0.439924
v -0.001730 -0.130669 -0.439683
v -0.000078 -0.133766 -0.441175
v -0.001433 -0.114872 0.035149
v 0.000380 -0.115702 0.037554
v -0.002617 -0.116907 0.039932
v 0.001920 0.010304 -0.318356
v -0.001834 0.010507 -0.319127
v -0.000285 0.011004 -0.310383
v 0.008221 0.009557 -0.298063
v -0.009192 0.008952 -0.298821
v -0.000230 0.013079 -0.299606
v 0.001689 0.012183 -0.333584
v 0.012436 0.004657 -0.307202
v -0.002250 0.014600 -0.290073
v -0.010257 0.014584 -0.275721
v -0.003102 0.017309 -0.280143
v 0.010910 0.011438 -0.283597
v -0.009798 0.020773 -0.261420
v 0.002075 0.015931 -0.284660
v 0.002775 0.020352 -0.271583
v 0.010100 0.018329 -0.265125
v 0.002319 0.026991 -0.258952
v 0.009891 0.026882 -0.248197
v 0.002357 0.039458 -0.238164
v -0.000968 0.013364 -0.335475
v 0.008953 0.037868 -0.232742
v 0.000212 0.016788 -0.352102
v 0.006435 0.047998 -0.223496
v 0.005198 0.007684 -0.334252
v 0.001229 0.012664 -0.298958
v -0.000230 0.013079 -0.299606
v 0.002075 0.015931 -0.284660
v 0.001229 0.012664 -0.298958
v -0.003508 0.021643 -0.268638
v -0.003102 0.017309 -0.280143
v -0.009798 0.020773 -0.261420
v -0.003430 0.026762 -0.259102
v -0.009660 0.027842 -0.248112
v -0.003757 0.035663 -0.243343
v -0.007606 0.040966 -0.231136
v -0.009795 -0.155465 0.484237
v -0.009470 -0.159910 0.482983
v -0.005661 -0.158219 0.486176
v -0.013623 -0.157505 0.481084
v -0.014443 -0.162521 0.486407
v -0.011750 -0.169955 0.490174
v -0.016401 -0.167202 0.488932
v -0.007831 -0.170365 0.486482
v -0.007698 -0.173894 0.486070
v -0.004573 -0.172928 0.487198
v 0.000847 -0.164487 0.479023
v 0.004479 -0.169544 0.484833
v 0.004769 -0.173055 0.488810
v 0.014643 -0.162770 0.486731
v 0.015041 -0.169514 0.488444
v 0.000841 -0.177356 0.493922
v -0.002633 -0.176253 0.491526
v 0.008638 -0.163113 0.485271
v 0.000273 -0.158847 0.479085
v 0.007336 -0.159458 0.486115
v 0.010651 -0.156044 0.485791
v -0.003938 -0.161132 0.479755
v -0.009470 -0.159910 0.482983
v 0.000847 -0.164487 0.479023
v 0.000273 -0.158847 0.479085
v -0.056429 0.052884 0.081991
v -0.056635 0.049841 0.093079
v -0.055815 0.050501 0.095404
v -0.055460 0.048333 0.098460
v -0.051286 0.042949 0.114129
v -0.054874 0.009650 0.101261
v -0.060020 -0.005984 0.078361
v -0.054337 -0.018964 0.099460
v -0.059804 -0.027075 0.076694
v -0.058172 -0.045378 0.079219
v -0.052296 -0.046046 0.098093
v -0.047271 -0.029389 0.125534
v -0.049031 -0.045061 0.109790
v -0.044814 -0.042364 0.120100
v -0.044576 -0.037792 0.125760
v -0.044628 -0.030361 0.135423
v -0.061484 -0.042789 0.068678
v -0.064700 -0.041547 0.059709
v -0.045459 -0.018537 0.138868
v -0.066623 -0.015480 0.053662
v -0.048087 0.019671 0.129910
v -0.046558 0.041336 0.133862
v -0.046748 0.029750 0.137254
v -0.041638 0.008861 0.159597
v -0.043317 0.000365 0.147309
v -0.043797 0.035566 0.159448
v -0.042074 0.020992 0.170181
v -0.044478 0.040846 0.173966
v -0.038179 0.004938 0.187159
v -0.037892 -0.010789 0.157539
v -0.042518 0.024545 0.177431
v -0.048447 0.048429 0.121340
v -0.049535 0.047328 0.113459
v -0.044534 0.053951 0.138221
v -0.044106 0.050299 0.160124
v -0.059332 0.053959 0.080121
v -0.049954 -0.009127 0.120689
v -0.046520 0.050153 0.121805
v -0.051629 0.048216 0.111847
v -0.064406 0.024428 0.061646
v -0.068915 -0.037361 0.047795
v -0.074856 -0.026028 0.032754
v -0.070844 0.006182 0.039537
v -0.075516 -0.002317 0.026964
v -0.077632 -0.019385 0.025021
v -0.082079 0.001833 0.008563
v -0.079320 -0.013008 0.017983
v -0.083284 0.014146 0.002234
v -0.075757 0.029117 0.019607
v -0.071342 -0.033288 0.040801
v -0.061902 0.056581 0.068702
v -0.068812 0.067518 0.039994
v -0.063856 0.061360 0.059114
v -0.066295 0.065038 0.050271
v -0.064486 0.065360 0.051313
v -0.067430 0.068558 0.041264
v -0.069948 0.034857 0.039750
v -0.037993 0.013922 0.195173
v -0.033569 -0.013816 0.202487
v -0.033546 -0.002463 0.205969
v -0.029339 0.011301 0.221492
v -0.026961 -0.009481 0.234603
v -0.034342 0.018373 0.209584
v -0.032278 0.045447 0.235739
v -0.027298 0.018201 0.235426
v -0.025927 0.027779 0.254508
v -0.025435 0.013274 0.263064
v -0.025979 0.038411 0.289751
v -0.026361 0.039907 0.272701
v -0.026518 0.047841 0.283204
v -0.026332 0.050729 0.294783
v -0.025421 0.045645 0.301058
v -0.024111 0.042222 0.306788
v -0.025929 0.056678 0.306871
v -0.023157 0.055768 0.311565
v -0.021108 0.048344 0.316452
v -0.021389 0.031417 0.320482
v -0.016576 0.040235 0.328023
v -0.028494 0.062258 0.305654
v -0.018504 0.026857 0.333950
v -0.023276 0.024904 0.309571
v -0.031587 0.052683 0.293879
v -0.027829 0.052183 0.272993
v -0.032320 0.051276 0.284214
v -0.035509 0.058509 0.292345
v -0.032084 0.058193 0.298547
v -0.031335 0.066365 0.300565
v -0.036128 0.067757 0.293879
v -0.037226 0.065094 0.285522
v -0.037082 0.072096 0.286942
v -0.036860 0.072208 0.278191
v -0.035899 0.061854 0.275721
v -0.032279 0.070747 0.270835
v -0.033163 0.077798 0.277258
v -0.030504 0.061867 0.268969
v -0.032622 0.078595 0.251588
v -0.033392 0.077617 0.286881
v -0.031915 0.082308 0.261691
v -0.035576 0.057202 0.279601
v -0.038105 0.040659 0.209263
v -0.030489 0.052898 0.251197
v -0.027372 -0.000722 0.236184
v -0.082019 0.049634 -0.001998
v -0.084135 0.031361 -0.003746
v -0.075367 0.063746 0.014105
v -0.077730 0.061535 0.003627
v -0.075145 0.068686 0.011114
v -0.041544 0.037674 0.194138
v -0.041916 0.052428 0.195868
v -0.027701 0.057571 0.301009
v -0.034700 -0.014205 0.187627
v -0.030705 -0.023252 0.197530
v -0.029824 0.071136 0.304960
v -0.031928 0.072847 0.301575
v -0.032183 0.079273 0.299091
v -0.030270 -0.029821 0.165170
v -0.038306 0.057789 0.213602
v -0.041584 0.064902 0.193325
v -0.038522 0.071868 0.208052
v -0.036739 0.081106 0.199590
v -0.043279 0.064832 0.166597
v -0.038990 0.077884 0.170296
v -0.031712 0.095211 0.204156
v -0.025093 0.106419 0.229511
v -0.024429 0.110272 0.218335
v -0.029237 0.093890 0.236167
v -0.024888 0.102534 0.255587
v -0.018258 0.113474 0.257200
v -0.018877 0.108214 0.269528
v -0.028523 0.089402 0.278344
v -0.017894 0.118715 0.233207
v -0.026561 0.089719 0.287149
v -0.026400 0.109830 0.196794
v -0.021178 0.121830 0.191777
v -0.026030 0.113396 0.169497
v -0.031908 0.097324 0.158702
v -0.040341 0.074490 0.129992
v -0.030245 0.099333 0.124532
v -0.029501 0.095417 0.077052
v -0.041437 0.066501 0.090106
v -0.036322 0.075563 0.033752
v -0.030215 0.091720 0.026527
v -0.024200 0.113977 0.027444
v -0.024325 0.114331 0.074524
v -0.020127 0.126810 0.054483
v -0.022160 0.123637 0.111964
v -0.039599 0.066893 0.038329
v -0.019438 0.127027 -0.010069
v -0.011784 0.138552 0.003676
v -0.009646 0.138723 -0.053059
v -0.017945 0.126735 -0.049734
v -0.015994 0.126416 -0.080434
v -0.022700 0.112800 -0.052316
v -0.019076 0.117093 -0.090172
v -0.022501 0.106984 -0.087168
v -0.021463 0.101649 -0.125899
v -0.030682 0.082206 -0.052061
v -0.018416 0.113152 -0.124802
v -0.016930 0.109739 -0.142130
v -0.021578 0.088897 -0.144331
v -0.019364 0.088773 -0.155500
v -0.013770 0.121147 -0.127628
v -0.009187 0.122675 -0.139597
v -0.006981 0.130713 -0.124353
v -0.010326 0.112248 -0.153491
v -0.009246 0.101952 -0.167897
v -0.015454 0.091258 -0.164948
v -0.009020 0.133823 -0.102935
v -0.024048 0.111793 -0.016868
v -0.012194 0.137946 0.087124
v -0.030442 0.088293 -0.012054
v -0.037829 0.065466 -0.005174
v -0.026220 0.111838 0.117415
v -0.021622 0.126117 0.131231
v -0.013004 0.137558 0.119728
v -0.015095 0.134451 0.145337
v -0.020685 0.126305 0.162233
v -0.032366 0.078976 -0.034059
v -0.029122 0.090224 0.267032
v -0.007187 0.138022 -0.084536
v -0.018075 0.125764 0.199289
v -0.013512 0.134824 0.161047
v -0.071634 0.072758 0.026630
v -0.039290 -0.011482 0.150138
v -0.044348 -0.009696 0.142848
v -0.035529 -0.018024 0.158456
v -0.043861 0.064389 0.129296
v -0.024211 0.016314 0.293435
v -0.023395 0.011055 0.291254
v -0.023796 0.004083 0.268048
v -0.044373 0.049222 0.176372
v -0.020770 0.009678 0.322089
v -0.037974 -0.018879 0.141152
v -0.020748 0.019767 0.325915
v -0.025475 0.003170 0.255591
v -0.022050 -0.006877 0.257333
v -0.016665 0.013612 0.354701
v -0.018731 0.011909 0.341833
v -0.010925 0.089980 -0.175912
v -0.016365 -0.000744 0.368797
v -0.014873 0.004117 0.369410
v -0.017709 -0.004815 0.350236
v -0.016872 -0.011653 0.359610
v -0.015256 -0.016404 0.383183
v -0.015323 -0.020653 0.369064
v -0.014059 -0.032202 0.380637
v -0.015546 -0.032079 0.395385
v -0.014230 -0.040042 0.388477
v -0.015654 -0.050046 0.401695
v -0.016246 -0.048822 0.411879
v -0.016720 -0.068330 0.418539
v -0.016536 -0.057289 0.420068
v -0.017059 -0.072639 0.434184
v -0.017520 -0.077309 0.430955
v -0.017268 -0.094098 0.448592
v -0.017119 -0.097035 0.436162
v -0.017282 -0.108065 0.443124
v -0.016670 -0.108755 0.457207
v -0.017547 -0.116663 0.450922
v -0.017179 -0.124030 0.451600
v -0.017118 -0.135509 0.457093
v -0.016561 -0.131878 0.464146
v -0.016918 -0.144420 0.461776
v -0.016619 -0.151251 0.465914
v -0.011838 -0.147345 0.478102
v -0.014493 -0.152995 0.474428
v -0.015786 -0.158541 0.469098
v -0.013623 -0.157505 0.481084
v -0.009795 -0.155465 0.484237
v -0.009177 -0.139101 0.487168
v -0.010532 -0.124512 0.476906
v -0.008194 -0.153562 0.494269
v -0.006767 -0.151232 0.498846
v -0.015495 -0.119142 0.465666
v -0.003868 -0.157677 0.498255
v -0.016752 -0.164479 0.477992
v -0.014912 -0.060006 0.429037
v -0.016362 -0.083302 0.426372
v -0.014915 -0.031169 0.401948
v -0.013623 -0.016192 0.390030
v -0.019385 0.004328 0.330742
v -0.016401 -0.167202 0.488932
v -0.014443 -0.162521 0.486407
v -0.014348 -0.171463 0.488361
v -0.044344 0.054166 0.120894
v -0.031526 0.052770 0.276091
v -0.032167 0.074497 0.294468
v -0.068127 0.071015 0.032617
v -0.034092 0.067280 0.238028
v -0.032640 0.081260 0.242651
v -0.048087 0.019671 0.129910
v -0.049954 -0.009127 0.120689
v -0.045459 -0.018537 0.138868
v -0.043317 0.000365 0.147309
v -0.044348 -0.009696 0.142848
v -0.044308 -0.017673 0.141828
v -0.043279 0.064832 0.166597
v -0.043861 0.064389 0.129296
v -0.044106 0.050299 0.160124
v -0.044373 0.049222 0.176372
v -0.032622 0.078595 0.251588
v -0.032640 0.081260 0.242651
v -0.034092 0.067280 0.238028
v -0.031915 0.082308 0.261691
v -0.029237 0.093890 0.236167
v -0.024888 0.102534 0.255587
v -0.036739 0.081106 0.199590
v -0.029122 0.090224 0.267032
v -0.038522 0.071868 0.208052
v -0.032429 0.082711 0.287748
v -0.033163 0.077798 0.277258
v -0.033392 0.077617 0.286881
v -0.032183 0.079273 0.299091
v -0.031928 0.072847 0.301575
v -0.026561 0.089719 0.287149
v -0.032167 0.074497 0.294468
v -0.031335 0.066365 0.300565
v -0.028494 0.062258 0.305654
v -0.027701 0.057571 0.301009
v -0.028523 0.089402 0.278344
v -0.030504 0.061867 0.268969
v -0.030489 0.052898 0.251197
v -0.027829 0.052183 0.272993
v -0.035899 0.061854 0.275721
v -0.031526 0.052770 0.276091
vn -0.0211 0.0246 -0.9995
vn 0.9097 0.0975 0.4037
vn -0.1807 0.4210 -0.8889
vn 0.8382 0.0938 0.5372
vn 0.8779 0.1124 0.4654
vn 0.8664 0.1132 0.4864
vn 0.6855 -0.3935 -0.6126
vn 0.8562 0.1932 0.4792
vn 0.9516 0.2813 0.1235
vn 0.9152 0.0422 0.4009
vn 0.8830 0.0967 0.4593
vn 0.8727 0.2107 0.4405
vn 0.8406 0.2189 0.4955
vn -0.3374 0.6821 -0.6488
vn 0.9442 0.0341 0.3275
vn 0.9520 0.0239 0.3051
vn 0.9498 0.0536 0.3083
vn 0.9321 0.0889 0.3510
vn 0.9160 0.1662 0.3653
vn 0.9066 0.1829 0.3802
vn 0.8887 0.1565 0.4309
vn 0.8926 0.0616 0.4466
vn -0.3321 0.8715 -0.3609
vn 0.9673 -0.1279 0.2192
vn 0.9680 0.0215 0.2502
vn 0.9694 0.0175 0.2449
vn 0.9700 0.0413 0.2397
vn 0.9684 0.0382 0.2466
vn 0.9438 0.1352 0.3015
vn 0.9684 0.0514 0.2441
vn 0.9420 0.0828 0.3253
vn 0.9005 0.0722 0.4288
vn -0.3969 0.9135 0.0900
vn 0.9050 0.2518 0.3429
vn 0.7716 0.5400 0.3361
vn 0.9734 0.0157 0.2286
vn 0.9382 0.0828 0.3361
vn 0.9551 0.0332 0.2943
vn 0.9345 0.0275 0.3548
vn 0.9196 0.0549 0.3890
vn 0.9540 0.0263 0.2985
vn -0.5998 0.7845 0.1578
vn 0.2242 0.8787 0.4215
vn 0.9726 0.0315 0.2302
vn 0.7127 0.5925 0.3756
vn 0.9770 0.0094 0.2129
vn 0.9740 0.0179 0.2258
vn 0.9700 0.0085 0.2431
vn 0.9683 0.0189 0.2491
vn 0.9625 -0.0187 0.2706
vn 0.9375 -0.0159 0.3478
vn 0.2690 0.8676 0.4183
vn 0.9798 0.0092 0.1996
vn 0.9592 -0.0223 0.2817
vn 0.9593 -0.0198 0.2818
vn 0.1502 0.9427 0.2979
vn 0.9782 0.0014 0.2074
vn 0.9741 -0.0031 0.2262
vn 0.8626 0.4535 0.2243
vn -0.6511 0.7582 0.0345
vn 0.6877 0.5962 0.4142
vn 0.9415 -0.0727 0.3291
vn 0.2266 0.9600 0.1643
vn -0.7917 0.5910 -0.1548
vn 0.9699 0.0041 0.2436
vn 0.9703 -0.0201 0.2411
vn 0.9710 -0.0570 0.2321
vn 0.9609 -0.0723 0.2673
vn 0.9018 -0.2840 0.3256
vn 0.3826 0.9173 0.1099
vn 0.9708 -0.0212 0.2389
vn 0.9629 -0.0962 0.2523
vn -0.5128 0.8422 0.1666
vn 0.9219 0.1179 0.3691
vn 0.9707 0.0052 0.2403
vn 0.9694 -0.0030 0.2456
vn 0.8814 0.3232 -0.3445
vn 0.2372 0.9195 0.3133
vn 0.9805 -0.0120 0.1964
vn 0.9813 -0.0895 0.1704
vn 0.9351 -0.2039 0.2900
vn 0.9802 0.0755 0.1828
vn 0.9848 -0.0018 0.1736
vn 0.9786 -0.0542 0.1985
vn 0.9810 0.0934 0.1703
vn 0.9766 -0.0328 0.2127
vn 0.8384 0.5123 -0.1862
vn 0.9095 0.3890 0.1468
vn 0.9512 -0.2035 0.2318
vn 0.9855 0.1590 0.0599
vn 0.9537 -0.1294 0.2715
vn 0.2956 -0.3274 0.8974
vn 0.9936 0.0971 0.0579
vn 0.9767 0.0046 0.2145
vn 0.7733 -0.0814 0.6288
vn 0.9519 0.2189 0.2144
vn 0.9883 -0.0279 0.1499
vn 0.9870 -0.0501 0.1526
vn 0.9703 -0.0821 0.2276
vn 0.9919 0.1067 -0.0691
vn 0.9967 -0.0605 -0.0539
vn 0.9952 0.0895 -0.0385
vn 0.9977 -0.0617 -0.0270
vn 0.9961 -0.0882 -0.0036
vn 0.9939 0.1027 -0.0390
vn 0.9943 0.1033 -0.0257
vn 0.9961 -0.0881 -0.0031
vn 0.9857 -0.1683 -0.0078
vn 0.9922 -0.1225 -0.0223
vn 0.9981 0.0495 -0.0365
vn 0.9927 -0.1154 -0.0357
vn 0.9939 0.1022 -0.0407
vn 0.9980 0.0581 -0.0230
vn 0.9440 0.3283 -0.0337
vn 0.9985 0.0519 -0.0157
vn 1.0000 -0.0011 -0.0010
vn 0.9958 -0.0913 -0.0042
vn 0.9964 -0.0822 -0.0182
vn 0.9998 0.0078 -0.0168
vn 0.9994 0.0197 -0.0293
vn 0.9932 -0.1088 -0.0421
vn 0.9986 0.0257 -0.0456
vn 0.9960 0.0634 -0.0627
vn 0.9910 0.1103 -0.0754
vn 0.9974 -0.0170 -0.0702
vn 0.9382 0.3439 -0.0395
vn 0.9450 0.3248 -0.0384
vn 0.9914 0.0109 -0.1307
vn 0.9918 0.0036 -0.1281
vn 0.9848 -0.0898 -0.1488
vn 0.9531 -0.1328 -0.2718
vn 0.9493 0.3125 -0.0355
vn 0.8931 -0.0221 -0.4494
vn 0.1867 -0.5547 0.8108
vn 0.9433 0.3315 0.0162
vn 0.9988 0.0398 -0.0273
vn 0.4441 -0.1716 0.8794
vn 0.8992 -0.0983 0.4265
vn 0.9946 0.0850 0.0595
vn 0.9493 -0.2129 0.2313
vn 0.9520 0.3046 0.0302
vn 0.9993 0.0271 0.0243
vn 0.9968 -0.0754 0.0255
vn 0.9990 -0.0047 -0.0454
vn 0.9972 0.0610 -0.0436
vn 0.9990 -0.0430 -0.0154
vn 0.9899 -0.1407 -0.0176
vn 0.9509 0.3040 0.0589
vn 0.9837 -0.1582 0.0856
vn 0.9806 -0.1814 0.0740
vn 0.9587 0.2742 0.0757
vn 0.9910 0.0986 0.0909
vn 0.9925 -0.0522 0.1107
vn 0.9894 -0.0924 0.1116
vn 0.9799 -0.1372 0.1445
vn 0.9796 -0.1076 0.1697
vn 0.9902 0.0536 0.1288
vn 0.9907 -0.0069 0.1362
vn 0.9607 -0.1253 0.2476
vn 0.9960 -0.0744 -0.0491
vn 0.9884 0.1195 -0.0932
vn 0.9923 0.1008 -0.0723
vn 0.9917 0.1101 -0.0668
vn 0.9960 -0.0753 -0.0491
vn 0.9890 0.1060 -0.1030
vn 0.9932 -0.0773 -0.0866
vn 0.9887 0.1127 -0.0993
vn 0.9820 0.1591 -0.1017
vn 0.9908 -0.1160 -0.0697
vn 0.9914 -0.0757 -0.1066
vn 0.9818 0.1570 -0.1069
vn 0.9897 -0.1356 -0.0469
vn 0.9951 -0.0765 -0.0625
vn 0.9914 0.1100 -0.0705
vn 0.9924 -0.1153 -0.0426
vn 0.9657 0.2513 -0.0653
vn 0.9535 0.2990 -0.0382
vn 0.9859 0.1505 -0.0735
vn 0.9882 0.1368 -0.0694
vn 0.9869 -0.1614 0.0026
vn 0.9909 -0.1348 -0.0000
vn 0.9901 -0.1400 0.0033
vn 0.9853 -0.1704 0.0123
vn 0.9916 0.1211 -0.0454
vn 0.9901 -0.1405 0.0074
vn 0.9517 0.3032 -0.0489
vn 0.9863 -0.1627 0.0261
vn 0.9800 -0.1992 0.0027
vn 0.9714 -0.2288 -0.0636
vn 0.9408 0.3371 -0.0355
vn 0.9805 -0.1927 -0.0380
vn 0.9713 -0.2327 -0.0503
vn 0.9932 0.0878 0.0769
vn 0.9820 -0.1832 -0.0458
vn 0.9366 -0.3503 -0.0024
vn 0.9797 -0.1928 -0.0544
vn 0.9288 0.3671 -0.0498
vn 0.9290 -0.3655 0.0587
vn 0.9795 -0.1993 0.0277
vn 0.9216 -0.3865 0.0360
vn 0.9708 -0.2397 0.0092
vn 0.9412 -0.3310 -0.0682
vn 0.9727 -0.2204 -0.0720
vn 0.9353 -0.3437 -0.0845
vn 0.9229 0.3840 -0.0282
vn 0.8813 -0.3427 -0.3253
vn 0.8514 -0.4938 -0.1768
vn 0.8398 -0.2984 -0.4536
vn 0.8766 -0.4228 -0.2299
vn 0.7965 -0.5675 -0.2086
vn 0.7099 -0.6325 -0.3099
vn 0.7225 -0.5965 0.3497
vn 0.9291 0.3696 0.0110
vn 0.9696 -0.2361 0.0637
vn 0.9306 0.3576 0.0786
vn 0.9725 -0.2224 0.0692
vn 0.9328 0.3546 0.0642
vn 0.9413 0.3284 0.0785
vn 0.9569 0.2783 0.0829
vn 0.9691 -0.0765 0.2347
vn 0.9304 -0.1758 0.3217
vn 0.9629 -0.1046 0.2486
vn 0.9854 0.0667 0.1567
vn 0.9850 0.0727 0.1567
vn 0.9797 -0.0179 0.1995
vn 0.9691 -0.1132 0.2193
vn 0.9505 -0.1573 0.2679
vn 0.9874 0.1133 -0.1105
vn 0.9946 -0.0532 -0.0886
vn 0.9941 -0.0735 -0.0794
vn 0.9928 -0.1156 -0.0320
vn 0.9873 -0.1563 -0.0275
vn 0.9839 0.1517 -0.0945
vn 0.9836 -0.1205 -0.1340
vn 0.9861 -0.1655 -0.0173
vn 0.9475 0.3179 -0.0345
vn 0.9806 -0.1953 0.0146
vn 0.9829 -0.1755 0.0565
vn 0.9459 0.3238 -0.0176
vn 0.9764 -0.2148 0.0212
vn 0.9726 -0.2296 0.0371
vn 0.9268 0.3742 -0.0318
vn 0.9722 -0.2324 0.0284
vn 0.8601 0.0282 -0.5093
vn 0.6722 -0.0684 -0.7372
vn 0.9828 0.1527 0.1033
vn 0.9461 -0.3238 -0.0016
vn 0.4372 -0.8868 -0.1498
vn 0.9849 0.1026 0.1395
vn 0.9230 -0.2775 0.2666
vn 0.9240 -0.2740 0.2666
vn 0.9607 -0.2712 0.0587
vn 0.9211 0.3869 -0.0426
vn 0.9635 -0.2649 -0.0383
vn 0.9768 -0.2053 -0.0609
vn 0.9311 0.3638 -0.0249
vn 0.9644 -0.2520 -0.0805
vn 0.9294 0.3689 -0.0086
vn 0.8971 -0.4419 -0.0018
vn 0.9364 0.3508 0.0069
vn 0.9499 -0.2941 0.1060
vn 0.9288 0.3674 0.0487
vn 0.9379 -0.3433 0.0491
vn 0.9333 -0.3543 0.0579
vn 0.9333 0.3527 0.0676
vn 0.9637 -0.2496 0.0950
vn 0.9472 -0.3079 0.0890
vn 0.9442 -0.1423 0.2972
vn 0.9541 -0.0500 0.2954
vn 0.9468 -0.1853 0.2632
vn 0.9592 0.2763 0.0603
vn 0.9708 -0.1078 0.2145
vn 0.9596 0.2742 0.0628
vn 0.9932 0.0606 0.0995
vn 0.9858 -0.0278 0.1657
vn 0.9858 -0.0285 0.1655
vn 0.9722 -0.1541 0.1765
vn 0.9983 -0.0570 0.0155
vn 0.9980 -0.0599 0.0214
vn 0.9070 0.2054 -0.3675
vn 0.9204 -0.0962 -0.3790
vn 0.9278 -0.0799 -0.3644
vn 0.8762 -0.3937 -0.2780
vn 0.9411 0.3373 -0.0227
vn 0.5903 0.8015 0.0956
vn 0.9190 0.3909 -0.0506
vn 0.8734 -0.4775 -0.0962
vn 0.9995 -0.0291 -0.0084
vn 0.9426 0.3318 0.0384
vn 0.9904 -0.1079 0.0868
vn 0.9634 -0.2347 0.1292
vn 0.9053 0.2783 0.3209
vn 0.7549 0.4666 0.4609
vn 0.9586 0.0516 0.2799
vn 0.9246 -0.2957 0.2401
vn 0.8929 -0.3622 0.2675
vn 0.4154 0.5822 0.6989
vn 0.4808 -0.1594 0.8622
vn 0.8874 -0.1712 0.4281
vn 0.5027 -0.1784 0.8459
vn 0.9767 0.1638 -0.1386
vn 0.9798 0.1568 -0.1244
vn 0.9949 -0.0704 -0.0726
vn 0.9773 0.1644 -0.1338
vn 0.9811 0.1421 -0.1317
vn 0.9885 -0.1345 -0.0692
vn 0.9831 -0.1616 -0.0861
vn 0.9783 0.1475 -0.1458
vn 0.9844 0.1495 -0.0926
vn 0.9816 -0.1821 -0.0579
vn 0.9826 0.1533 -0.1051
vn 0.9834 -0.1766 -0.0420
vn 0.9844 0.1575 -0.0777
vn 0.9847 0.1521 -0.0847
vn 0.9815 -0.1348 -0.1362
vn 0.9806 -0.1535 -0.1220
vn 0.9768 0.1995 -0.0775
vn 0.9689 0.2321 -0.0854
vn 0.9693 0.2423 -0.0418
vn 0.9864 -0.1633 -0.0170
vn 0.9659 0.2573 -0.0273
vn 0.9762 -0.2143 0.0328
vn 0.9714 -0.2344 0.0377
vn 0.9754 -0.2126 0.0575
vn 0.9633 0.2682 -0.0084
vn 0.9581 0.2862 -0.0157
vn 0.9754 -0.2160 0.0441
vn 0.8572 0.3718 -0.3562
vn 0.9510 0.3064 0.0415
vn 0.9573 0.2745 0.0908
vn 0.9572 0.2581 0.1309
vn 0.9614 0.2141 0.1729
vn 0.9641 0.2308 0.1314
vn 0.9691 0.1939 0.1527
vn 0.7917 -0.1954 0.5788
vn 0.9730 -0.2308 0.0075
vn 0.8255 -0.1077 0.5540
vn 0.6554 -0.1775 0.7341
vn 0.9543 0.2973 -0.0292
vn 0.9546 -0.2954 -0.0388
vn 0.9673 -0.2522 -0.0252
vn 0.9334 -0.3580 0.0241
vn 0.9312 -0.3635 0.0256
vn 0.9201 -0.3868 0.0624
vn 0.9348 0.3511 0.0547
vn 0.9327 0.3605 0.0074
vn 0.9233 -0.1198 0.3649
vn 0.9877 0.0280 0.1540
vn 0.9429 0.3305 0.0423
vn 0.9580 -0.1971 0.2081
vn 0.9574 0.2874 0.0263
vn 0.9709 0.2396 -0.0027
vn 0.9560 0.2912 0.0354
vn 0.9817 -0.1462 0.1223
vn 0.9722 -0.2058 0.1119
vn 0.8691 0.4812 0.1147
vn 0.9926 -0.0939 -0.0776
vn 0.9234 0.3833 -0.0208
vn 0.9524 0.1463 -0.2676
vn 0.8898 -0.3354 -0.3096
vn 0.9947 0.1016 -0.0152
vn 0.3221 -0.7581 -0.5670
vn 0.9987 -0.0000 0.0515
vn 0.9170 0.3988 0.0030
vn 0.6827 0.7218 0.1136
vn 0.7147 0.5535 0.4277
vn 0.9431 -0.2977 0.1479
vn 0.9821 -0.0797 0.1705
vn 0.8290 0.2661 0.4920
vn 0.3871 0.4427 0.8088
vn 0.5305 0.1835 0.8276
vn 0.9253 -0.1289 0.3565
vn 0.9757 0.2013 -0.0862
vn 0.9749 0.1907 -0.1152
vn 0.9928 -0.0867 -0.0826
vn 0.9748 0.1909 -0.1154
vn 0.9923 -0.0918 -0.0831
vn 0.9884 -0.1343 -0.0706
vn 0.9715 -0.2275 -0.0658
vn 0.9617 0.2263 -0.1547
vn 0.9685 -0.2426 -0.0563
vn 0.9627 0.2013 -0.1807
vn 0.9686 -0.2247 -0.1065
vn 0.9813 0.1387 -0.1332
vn 0.9782 0.1877 -0.0892
vn 0.9756 -0.2041 -0.0810
vn 0.9766 0.2013 -0.0754
vn 0.9768 0.2007 -0.0748
vn 0.9871 -0.1484 -0.0600
vn 0.9765 -0.1759 -0.1242
vn 0.9720 0.2298 -0.0500
vn 0.9769 -0.2139 -0.0016
vn 0.9815 -0.1913 0.0034
vn 0.9669 0.2542 -0.0238
vn 0.9649 -0.2578 0.0508
vn 0.9644 -0.2575 0.0594
vn 0.9699 -0.2390 0.0469
vn 0.9704 -0.2363 0.0497
vn 0.9362 0.3505 0.0259
vn 0.9704 -0.2390 0.0350
vn 0.9453 0.2588 0.1985
vn 0.9590 0.2500 0.1331
vn 0.9512 0.3069 0.0320
vn 0.8784 0.1368 0.4580
vn 0.6338 -0.1206 0.7641
vn 0.9453 0.3257 -0.0182
vn 0.9419 -0.3358 0.0046
vn 0.9455 0.3257 -0.0016
vn 0.9208 -0.3764 0.1025
vn 0.9173 -0.3942 0.0560
vn 0.9368 0.3468 0.0473
vn 0.9332 0.3565 0.0446
vn 0.8956 -0.4334 0.1006
vn 0.9401 0.3348 0.0641
vn 0.9381 0.3383 0.0742
vn 0.8881 -0.4133 0.2012
vn 0.9086 -0.3513 0.2258
vn 0.9152 0.4001 0.0475
vn 0.9797 -0.0519 0.1935
vn 0.9086 -0.3513 0.2257
vn 0.9269 0.3696 0.0649
vn 0.9895 0.0129 0.1438
vn 0.9322 0.3620 -0.0015
vn 0.9784 -0.1528 0.1391
vn 0.9966 0.0037 0.0824
vn 0.9911 -0.0761 0.1093
vn 0.9905 -0.0824 0.1097
vn 0.8829 0.4633 0.0770
vn 0.9971 -0.0264 0.0709
vn 0.9042 -0.3358 0.2641
vn 0.9786 -0.1590 0.1308
vn 0.8803 0.4586 0.1215
vn 0.9911 -0.1211 0.0553
vn 0.9996 -0.0277 0.0081
vn 0.9875 -0.1303 0.0884
vn 0.9840 -0.1110 0.1391
vn 0.8192 0.5183 0.2455
vn 0.9903 -0.1254 0.0596
vn 0.9897 0.1428 0.0057
vn 0.9996 -0.0275 0.0083
vn 0.9979 -0.0501 0.0412
vn 0.4557 0.7094 0.5377
vn 0.4427 0.7249 0.5278
vn 0.9582 -0.2525 0.1342
vn 0.3160 0.4936 0.8103
vn 0.8877 -0.2501 0.3866
vn 0.8947 -0.2779 0.3496
vn 0.9187 -0.0794 0.3870
vn 0.9890 -0.0358 0.1434
vn 0.5423 0.1992 0.8162
vn 0.7714 -0.1746 0.6119
vn 0.9918 -0.0195 -0.1260
vn 0.9599 0.2499 -0.1268
vn 0.9944 -0.0814 -0.0680
vn 0.9599 0.2499 -0.1267
vn 0.9952 0.0290 -0.0939
vn 0.9328 0.3280 -0.1492
vn 0.9626 0.2381 -0.1296
vn 0.9974 -0.0462 -0.0553
vn 0.9957 -0.0719 -0.0590
vn 0.9137 -0.4054 -0.0272
vn 0.9214 -0.3876 -0.0281
vn 0.9766 -0.2143 -0.0184
vn 0.9470 -0.3159 -0.0578
vn 0.9350 0.3292 -0.1319
vn 0.9225 0.3397 -0.1831
vn 0.9533 0.2478 -0.1727
vn 0.9758 -0.2114 -0.0559
vn 0.9445 -0.3203 -0.0735
vn 0.9452 -0.3176 -0.0759
vn 0.9430 0.2471 -0.2227
vn 0.9374 0.2161 -0.2730
vn 0.9559 -0.2883 -0.0561
vn 0.9510 -0.2831 -0.1242
vn 0.9633 0.1995 -0.1797
vn 0.9642 0.1485 -0.2197
vn 0.9550 -0.2554 -0.1509
vn 0.9701 0.1515 -0.1897
vn 0.9600 0.2432 -0.1385
vn 0.9744 0.1931 -0.1150
vn 0.9650 -0.2166 -0.1481
vn 0.9585 0.2528 -0.1317
vn 0.9665 0.2441 -0.0788
vn 0.9785 -0.1784 -0.1038
vn 0.9571 0.2824 -0.0651
vn 0.9805 -0.1775 -0.0848
vn 0.9809 -0.1721 -0.0906
vn 0.9703 -0.2313 -0.0715
vn 0.9441 0.3256 -0.0520
vn 0.9287 0.3653 -0.0633
vn 0.9581 0.2804 -0.0577
vn 0.9708 -0.2229 -0.0892
vn 0.9538 -0.3004 -0.0112
vn 0.9541 -0.2995 0.0027
vn 0.9674 -0.2517 0.0267
vn 0.9669 -0.2532 0.0326
vn 0.9514 0.3066 -0.0274
vn 0.9624 -0.2676 0.0472
vn 0.9462 0.3232 -0.0178
vn 0.9515 0.3076 -0.0061
vn 0.9495 0.3138 -0.0074
vn 0.9524 -0.2999 0.0540
vn 0.9681 -0.2435 0.0596
vn 0.9691 -0.2443 0.0329
vn 0.9216 0.3822 0.0681
vn 0.9586 -0.2758 0.0715
vn 0.8670 0.4901 0.0897
vn 0.9236 0.3730 0.0892
vn 0.9440 0.2962 0.1451
vn 0.9367 0.2944 0.1895
vn 0.9506 -0.3073 0.0426
vn 0.7925 0.6098 -0.0144
vn 0.7692 0.1317 0.6253
vn 0.9532 -0.3021 0.0140
vn 0.8806 -0.4572 0.1245
vn 0.9213 -0.3790 0.0871
vn 0.7914 0.6111 -0.0138
vn 0.9338 0.3572 0.0213
vn 0.8132 0.5814 0.0251
vn 0.8945 -0.4401 0.0781
vn 0.8893 0.4496 0.0843
vn 0.8874 -0.4506 0.0978
vn 0.8849 0.4549 0.0999
vn 0.8927 0.4413 0.0908
vn 0.8672 0.4942 0.0608
vn 0.8883 -0.3766 0.2629
vn 0.8629 0.5004 0.0707
vn 0.8885 -0.3754 0.2639
vn 0.7985 0.5697 0.1944
vn 0.9249 -0.3469 0.1553
vn 0.9130 -0.3813 0.1452
vn 0.7734 0.5717 0.2739
vn 0.9873 -0.1447 0.0663
vn 0.9242 -0.3718 0.0874
vn 0.6145 0.5902 0.5235
vn 0.9846 -0.1649 0.0573
vn 0.5913 0.6311 0.5020
vn 0.9837 -0.1651 0.0707
vn 0.9895 -0.0441 0.1378
vn 0.9860 -0.1373 0.0946
vn 0.6649 0.1204 0.7372
vn 0.8034 -0.1031 0.5864
vn 0.9427 0.0811 0.3235
vn 0.9909 -0.0317 0.1307
vn 0.6849 0.2212 0.6943
vn 0.8637 0.1002 0.4940
vn 0.9901 -0.1085 0.0889
vn 0.9400 0.1543 0.3042
vn 0.9870 -0.0187 0.1599
vn 0.9419 0.1435 0.3037
vn 0.9937 -0.0094 0.1115
vn 0.9919 -0.1255 0.0191
vn 0.9759 0.1246 0.1790
vn 0.9936 -0.0086 0.1127
vn 0.9653 0.1581 0.2080
vn 0.8902 0.4352 -0.1345
vn 0.9921 0.0563 -0.1123
vn 0.9897 0.0815 -0.1178
vn 0.9942 -0.0093 -0.1071
vn 0.9938 -0.0595 -0.0940
vn 0.8927 -0.4463 -0.0631
vn 0.8449 0.5014 -0.1864
vn 0.9199 0.3516 -0.1734
vn 0.8886 -0.4552 -0.0572
vn 0.8580 0.4550 -0.2384
vn 0.8788 0.4291 -0.2088
vn 0.8906 0.4010 -0.2148
vn 0.8643 -0.4961 -0.0823
vn 0.8861 0.3977 -0.2381
vn 0.8956 -0.4339 -0.0984
vn 0.8782 -0.4390 -0.1899
vn 0.9359 0.2203 -0.2749
vn 0.9355 0.2120 -0.2826
vn 0.8692 0.3011 -0.3921
vn 0.9345 0.2128 -0.2853
vn 0.9574 -0.2457 -0.1518
vn 0.9428 0.2314 -0.2401
vn 0.9411 0.2438 -0.2344
vn 0.9541 -0.2326 -0.1888
vn 0.9670 -0.2105 -0.1439
vn 0.8938 0.4265 -0.1388
vn 0.9680 -0.2113 -0.1357
vn 0.9667 -0.2175 -0.1345
vn 0.9687 -0.2187 -0.1171
vn 0.9257 0.3715 -0.0712
vn 0.9150 0.3985 -0.0627
vn 0.9632 -0.2465 -0.1074
vn 0.8074 0.5875 -0.0532
vn 0.8018 0.5956 -0.0489
vn 0.7979 0.6025 -0.0183
vn 0.9363 -0.3475 0.0499
vn 0.9528 -0.2986 0.0554
vn 0.8027 0.5961 -0.0162
vn 0.8050 0.5933 -0.0000
vn 0.9553 -0.2918 0.0474
vn 0.9566 -0.2859 0.0561
vn 0.8053 0.5929 -0.0002
vn 0.1748 0.8855 -0.4305
vn 0.9554 -0.2864 0.0721
vn 0.1824 0.8414 -0.5087
vn 0.9022 0.4282 -0.0522
vn 0.9353 0.2962 0.1934
vn 0.9524 0.2701 0.1414
vn 0.9483 0.2960 0.1142
vn -0.2820 -0.3261 0.9023
vn 0.7123 0.0346 0.7010
vn 0.8950 -0.4362 0.0928
vn 0.7895 0.6137 0.0054
vn 0.8726 -0.4814 0.0828
vn 0.9007 -0.4226 0.1013
vn 0.7851 0.6152 0.0716
vn 0.8609 -0.4921 0.1291
vn 0.7871 0.6120 0.0766
vn 0.7667 0.6350 0.0948
vn 0.8401 -0.5260 0.1322
vn 0.8621 -0.4888 0.1334
vn 0.7858 0.6080 0.1131
vn 0.7946 0.5963 0.1146
vn 0.8314 -0.5104 0.2195
vn 0.8439 -0.4805 0.2387
vn 0.7925 0.5985 0.1169
vn 0.8401 -0.4784 0.2558
vn 0.8617 -0.4245 0.2780
vn 0.7904 0.6019 0.1143
vn 0.7803 0.6127 0.1253
vn 0.8519 -0.4299 0.2991
vn 0.8546 -0.4176 0.3085
vn 0.7688 0.6147 0.1765
vn 0.5034 0.7660 0.3997
vn 0.8848 -0.4379 0.1592
vn 0.6788 0.6319 0.3741
vn 0.8919 -0.4390 0.1083
vn 0.8958 -0.4201 0.1450
vn 0.8826 -0.4233 0.2046
vn 0.8956 -0.4447 0.0154
vn 0.4904 0.5255 0.6952
vn 0.9085 -0.4138 0.0582
vn 0.5127 0.4905 0.7047
vn 0.4746 0.3958 0.7862
vn 0.6075 0.3877 0.6933
vn 0.8305 0.2382 0.5035
vn 0.6620 0.3593 0.6577
vn 0.8263 0.2613 0.4989
vn 0.9034 -0.4286 -0.0170
vn 0.9100 -0.4143 0.0119
vn 0.8905 0.2921 0.3487
vn 0.9044 -0.4177 -0.0869
vn 0.9120 -0.3962 -0.1063
vn 0.8658 0.3624 0.3450
vn 0.8982 -0.4130 -0.1506
vn 0.7477 0.4801 0.4588
vn 0.8727 0.3574 0.3326
vn 0.9956 0.0046 0.0932
vn 0.9143 0.2826 0.2902
vn 0.9766 0.1364 0.1663
vn 0.9968 -0.0002 0.0805
vn 0.9975 0.0068 0.0702
vn 0.7053 0.4992 0.5033
vn 0.8930 0.2927 0.3419
vn 0.9956 -0.0756 0.0557
vn 0.9662 0.1699 0.1937
vn 0.9999 0.0032 -0.0149
vn 0.9731 -0.1241 -0.1939
vn 0.9993 0.0312 -0.0197
vn 0.7861 0.4339 0.4402
vn 0.9570 -0.1777 -0.2292
vn 0.8947 0.3046 0.3268
vn 0.9994 0.0339 -0.0087
vn 0.9996 0.0280 -0.0086
vn 0.9253 -0.2134 -0.3134
vn 0.6428 0.4871 0.5912
vn 0.9995 0.0272 -0.0179
vn 0.9433 -0.1594 -0.2913
vn 0.8596 -0.2733 -0.4317
vn 0.8916 0.3018 0.3377
vn 0.7026 0.4226 0.5725
vn 0.9592 0.1819 0.2163
vn 0.7040 0.4334 0.5626
vn 0.9991 -0.0292 -0.0294
vn 0.8965 0.2386 0.3732
vn 0.9970 -0.0193 -0.0749
vn 0.8830 0.2823 0.3750
vn 0.9998 0.0030 0.0186
vn 0.8503 -0.2613 -0.4568
vn 0.8700 -0.2364 -0.4326
vn 0.8500 0.2958 0.4359
vn 0.7257 0.3868 0.5689
vn 0.9992 -0.0000 0.0408
vn 0.9993 0.0187 0.0318
vn 0.8449 -0.2443 -0.4759
vn 0.9013 0.2191 0.3737
vn 0.9940 0.0066 0.1089
vn 0.9952 0.0384 0.0897
vn 0.8447 -0.2316 -0.4825
vn 0.9089 -0.1476 -0.3899
vn 0.9000 0.1835 0.3954
vn 0.9969 0.0428 0.0665
vn 0.9543 0.1693 0.2463
vn 0.9651 -0.2114 -0.1547
vn 0.9873 0.1153 0.1092
vn 0.9887 0.0889 0.1203
vn 0.9992 0.0263 -0.0308
vn 0.9990 -0.0250 -0.0358
vn 0.9546 -0.2955 0.0379
vn 0.9435 -0.3262 0.0580
vn 0.9733 0.2140 -0.0831
vn 0.9964 0.0104 -0.0836
vn 0.9489 -0.3155 -0.0110
vn 0.9958 -0.0074 -0.0915
vn 0.9477 -0.3190 -0.0111
vn 0.8180 0.5664 -0.1001
vn 0.9889 0.0854 -0.1216
vn 0.9463 -0.3231 -0.0071
vn 0.8211 0.5605 -0.1079
vn 0.5204 0.8291 -0.2045
vn 0.7159 0.6698 -0.1972
vn 0.6767 0.6877 -0.2630
vn 0.7364 0.6074 -0.2978
vn 0.7684 -0.6372 -0.0596
vn 0.7611 -0.6461 -0.0568
vn 0.7199 0.6120 -0.3273
vn 0.7751 -0.6211 -0.1160
vn 0.7912 0.5032 -0.3475
vn 0.7801 -0.5846 -0.2227
vn 0.9129 0.3239 -0.2486
vn 0.8944 0.3058 -0.3264
vn 0.9025 -0.3898 -0.1829
vn 0.8756 0.3079 -0.3722
vn 0.9033 0.2585 -0.3424
vn 0.9130 -0.3838 -0.1384
vn 0.7942 0.4028 -0.4550
vn 0.9341 -0.2878 -0.2111
vn 0.8079 0.4565 -0.3726
vn 0.7827 0.4949 -0.3775
vn 0.7474 0.5639 -0.3514
vn 0.9124 -0.3359 -0.2341
vn 0.8057 0.5498 -0.2205
vn 0.8461 0.5048 -0.1712
vn 0.9267 -0.3151 -0.2046
vn 0.9114 -0.3397 -0.2324
vn 0.7896 0.5965 -0.1440
vn 0.8309 0.5414 -0.1281
vn 0.8615 0.4996 -0.0910
vn 0.9275 -0.3462 -0.1410
vn 0.9223 -0.3592 -0.1427
vn 0.8058 0.5888 -0.0637
vn 0.9275 -0.3710 -0.0466
vn 0.9383 -0.3451 -0.0215
vn 0.9153 -0.4018 0.0291
vn 0.9206 -0.3859 0.0604
vn 0.9289 -0.3660 0.0571
vn 0.9329 -0.3572 0.0467
vn 0.9308 -0.3630 0.0434
vn 0.5399 0.8417 0.0027
vn 0.9417 -0.3217 0.0984
vn 0.9022 -0.3918 0.1806
vn -0.3170 0.8298 -0.4593
vn 0.9086 -0.3840 0.1640
vn 0.7706 0.5684 -0.2882
vn 0.8996 -0.3903 0.1958
vn 0.9706 0.2357 0.0493
vn 0.9484 0.2959 0.1142
vn 0.8914 -0.4354 0.1256
vn 0.4842 -0.7634 0.4275
vn 0.1529 -0.2393 0.9588
vn 0.7947 0.1641 0.5844
vn 0.2049 -0.0820 0.9753
vn 0.8298 -0.4991 0.2497
vn 0.8164 -0.5619 0.1336
vn 0.7108 -0.6946 0.1103
vn 0.7238 -0.6570 0.2107
vn 0.7128 -0.6600 0.2374
vn 0.7251 -0.5987 0.3401
vn 0.3893 0.9007 0.1927
vn 0.4964 0.8181 0.2904
vn 0.8825 -0.4440 0.1548
vn 0.6171 0.4117 0.6706
vn 0.7529 0.4401 0.4894
vn 0.7817 0.3978 0.4803
vn 0.9178 -0.3819 -0.1089
vn 0.9269 -0.3527 -0.1284
vn 0.8145 0.4021 0.4182
vn 0.9136 -0.3750 -0.1571
vn 0.6713 0.5107 0.5371
vn 0.8934 -0.3740 -0.2488
vn 0.8882 -0.3908 -0.2416
vn 0.6869 0.5183 0.5094
vn 0.9983 -0.0455 0.0367
vn 0.8774 -0.3940 -0.2737
vn 0.8926 -0.3462 -0.2890
vn 0.9978 -0.0400 -0.0528
vn 0.6834 0.5074 0.5249
vn 0.9684 0.1500 0.1992
vn 0.9971 -0.0028 -0.0758
vn 0.9871 -0.0931 -0.1303
vn 0.8579 -0.3336 -0.3906
vn 0.8001 -0.4282 -0.4201
vn 0.7737 0.4173 0.4767
vn 0.9939 0.0935 0.0578
vn 0.7885 -0.4074 -0.4608
vn 0.7886 0.4095 0.4587
vn 0.7224 -0.4326 -0.5394
vn 0.6754 0.4927 0.5487
vn 0.7355 -0.4101 -0.5394
vn 0.6723 -0.3889 -0.6299
vn 0.7299 0.3867 0.5636
vn 0.8621 0.2340 0.4494
vn 0.8308 0.2155 0.5132
vn 0.8878 0.1590 0.4318
vn 0.9312 0.0349 0.3629
vn 0.9514 0.0725 0.2994
vn 0.9323 0.2352 0.2749
vn 0.8074 0.5185 0.2815
vn 0.9243 0.1561 0.3482
vn -0.2360 -0.0043 0.9718
vn 0.4371 -0.8781 -0.1949
vn -0.0493 0.2432 0.9687
vn 0.9599 0.2535 -0.1201
vn 0.9936 0.0100 -0.1128
vn 0.9900 -0.0834 -0.1136
vn 0.9955 -0.0820 -0.0475
vn 0.9965 0.0400 -0.0740
vn 0.9914 -0.1310 -0.0027
vn 0.9650 0.2564 -0.0555
vn 0.9963 0.0508 -0.0694
vn 0.9883 -0.1419 -0.0551
vn 0.9895 -0.1397 0.0380
vn 0.9270 0.3750 0.0107
vn 0.9851 -0.1714 -0.0109
vn 0.9883 -0.1517 -0.0163
vn 0.9125 -0.3563 0.2010
vn 0.9998 0.0050 -0.0184
vn 0.9877 -0.1553 -0.0203
vn 0.9294 -0.3246 0.1758
vn 0.9177 -0.3554 0.1774
vn 0.9042 0.4243 -0.0491
vn 0.7908 0.6120 -0.0020
vn 0.7285 0.6848 -0.0201
vn 0.9148 -0.4015 0.0445
vn 0.9775 0.2064 -0.0428
vn 0.9749 0.2187 -0.0409
vn 0.9969 0.0659 -0.0436
vn 0.6936 -0.7185 0.0514
vn 0.7185 0.6858 -0.1155
vn 0.5040 0.8629 -0.0383
vn 0.7062 -0.7046 0.0689
vn 0.5890 0.7934 -0.1537
vn 0.6160 -0.7838 -0.0785
vn 0.6586 -0.7393 -0.1403
vn 0.6455 -0.7485 -0.1521
vn 0.8057 0.4310 -0.4063
vn 0.8308 0.4157 -0.3701
vn 0.7676 -0.5875 -0.2561
vn 0.6922 -0.6813 -0.2379
vn 0.7770 0.4026 -0.4840
vn 0.7845 -0.5429 -0.2997
vn 0.7377 0.4438 -0.5088
vn 0.8012 -0.4913 -0.3417
vn 0.7391 0.4436 -0.5069
vn 0.8117 -0.4849 -0.3255
vn 0.8198 -0.4623 -0.3380
vn 0.7803 -0.5084 -0.3642
vn 0.7101 0.6680 -0.2224
vn 0.7658 -0.5514 -0.3309
vn 0.7575 -0.5777 -0.3041
vn 0.7355 0.6714 -0.0907
vn 0.7771 -0.5750 -0.2558
vn 0.7168 -0.6546 -0.2403
vn 0.5311 0.8465 -0.0376
vn 0.7687 -0.6322 -0.0972
vn 0.7609 -0.6489 0.0039
vn 0.6728 -0.7383 -0.0473
vn 0.7520 -0.6536 0.0860
vn 0.7882 -0.6085 0.0922
vn 0.5785 0.8156 -0.0126
vn 0.8060 -0.5862 0.0818
vn 0.8687 -0.4913 0.0627
vn 0.7745 -0.6311 0.0431
vn 0.8662 -0.4946 0.0709
vn 0.8853 -0.4588 0.0756
vn 0.8963 -0.4257 0.1244
vn 0.8763 -0.4720 0.0961
vn 0.3560 0.9345 0.0001
vn 0.9161 0.0313 0.3998
vn 0.5899 -0.7189 0.3678
vn 0.3073 0.9513 0.0260
vn 0.3090 0.9495 0.0542
vn 0.2867 0.9521 0.1064
vn 0.2751 0.9543 0.1168
vn 0.3356 0.9268 0.1684
vn 0.3796 0.9064 0.1856
vn 0.3877 0.8747 0.2907
vn 0.4228 0.8010 0.4239
vn 0.4184 0.6839 0.5977
vn 0.3950 0.5557 0.7316
vn 0.4133 0.4663 0.7821
vn 0.5988 0.5355 0.5955
vn 0.7721 -0.5438 -0.3289
vn 0.7063 -0.6179 -0.3454
vn 0.5225 0.5818 0.6233
vn 0.5191 0.5934 0.6151
vn 0.6022 0.4371 0.6680
vn 0.5765 0.5037 0.6434
vn 0.8764 0.2427 0.4161
vn 0.9816 0.0509 0.1842
vn 0.7152 -0.6784 0.1681
vn 0.2362 -0.1380 0.9619
vn 0.8954 0.2304 0.3810
vn 0.9742 -0.0790 0.2114
vn 0.9431 0.1183 0.3106
vn 0.9646 -0.0740 0.2533
vn 0.9954 0.0281 -0.0915
vn 0.9877 -0.1468 0.0536
vn 0.9950 0.0951 -0.0302
vn 0.9951 0.0299 -0.0941
vn 0.9985 -0.0237 -0.0491
vn 0.9936 -0.1061 0.0374
vn 0.9980 0.0366 -0.0510
vn 0.9985 -0.0258 -0.0488
vn 0.9987 0.0322 -0.0385
vn 0.9926 0.1145 0.0405
vn 0.9821 -0.1375 0.1285
vn 0.9966 -0.0338 -0.0754
vn 0.9996 -0.0245 -0.0106
vn 0.9956 0.0825 0.0452
vn 0.9986 -0.0087 -0.0517
vn 0.9934 -0.0679 -0.0920
vn 0.9894 0.0624 -0.1312
vn 0.9785 -0.1657 0.1225
vn 0.9864 -0.0634 -0.1514
vn 0.9885 0.0635 -0.1372
vn 0.9961 0.0312 -0.0831
vn 0.9719 -0.1736 0.1587
vn 0.6732 -0.5544 0.4893
vn 0.9953 0.0817 0.0522
vn 0.9848 0.0527 -0.1653
vn 0.9975 -0.0015 -0.0701
vn 0.9991 -0.0395 -0.0147
vn 0.9990 -0.0430 -0.0131
vn 0.9998 0.0128 -0.0137
vn 0.9616 -0.0039 -0.2745
vn 0.9899 0.0005 -0.1415
vn 0.9793 -0.1638 0.1191
vn 0.9716 -0.1944 0.1349
vn 0.9931 0.0902 0.0750
vn 0.9918 -0.0148 -0.1268
vn 0.9929 0.0901 0.0778
vn 0.9946 -0.0112 -0.1033
vn 0.9776 0.0098 -0.2102
vn 0.9881 0.1355 0.0724
vn 0.9777 0.0241 -0.2086
vn 0.9980 -0.0631 -0.0055
vn 0.9982 -0.0041 -0.0598
vn 0.9991 -0.0397 -0.0149
vn 0.9774 -0.1658 0.1310
vn 0.9355 -0.2656 0.2330
vn 0.9410 -0.2419 0.2367
vn 0.9697 0.1536 0.1901
vn 0.9967 0.0383 -0.0709
vn 0.9834 0.0273 -0.1792
vn 0.9785 0.0082 -0.2059
vn 0.9926 0.0060 -0.1211
vn 0.9837 0.0808 -0.1604
vn 0.9907 -0.0825 -0.1084
vn 0.9950 -0.0792 -0.0609
vn 0.9765 -0.1709 0.1313
vn 0.9040 -0.2859 0.3178
vn 0.9652 0.2242 0.1345
vn 0.9876 0.1346 0.0803
vn 0.9978 -0.0614 0.0231
vn 0.9487 -0.2642 0.1740
vn 0.9515 -0.2087 0.2262
vn 0.8982 -0.3278 0.2930
vn 0.9881 0.1528 -0.0181
vn 0.9012 0.3351 0.2750
vn 0.9090 -0.2757 0.3124
vn 0.9665 0.2567 0.0037
vn 0.9344 -0.2925 0.2035
vn 0.7597 -0.4755 0.4436
vn 0.9125 -0.3405 0.2266
vn 0.9159 0.3785 0.1341
vn 0.9609 0.2669 0.0732
vn 0.8128 -0.4509 0.3689
vn 0.8415 0.5387 0.0414
vn 0.8134 -0.4722 0.3396
vn 0.7657 -0.5534 0.3278
vn 0.7286 -0.5695 0.3806
vn 0.9416 0.3248 0.0889
vn 0.7090 0.6955 0.1164
vn 0.7883 0.6153 -0.0022
vn 0.7085 -0.6617 0.2455
vn 0.6435 -0.7072 0.2929
vn 0.7914 0.6080 0.0630
vn 0.7217 -0.6780 0.1396
vn 0.7114 -0.6932 0.1155
vn 0.2076 0.9778 -0.0285
vn 0.4188 0.8891 -0.1847
vn 0.9988 0.0352 -0.0339
vn 0.4196 0.8792 -0.2257
vn 0.4605 0.8331 -0.3063
vn 0.9977 0.0266 -0.0628
vn 0.9935 -0.1121 -0.0194
vn 0.9980 0.0630 0.0030
vn 0.9604 -0.2645 -0.0880
vn 0.5397 0.7530 -0.3764
vn 0.9948 -0.0877 -0.0520
vn 0.5417 0.7529 -0.3737
vn 0.5970 0.6875 -0.4134
vn 0.9407 -0.3378 -0.0305
vn 0.9960 -0.0823 -0.0335
vn 0.5481 0.6971 -0.4622
vn 0.9817 -0.1852 -0.0455
vn 0.9977 -0.0508 -0.0458
vn 0.5810 0.6227 -0.5241
vn 0.9261 -0.3607 -0.1101
vn 0.9969 -0.0733 -0.0273
vn 0.6395 0.5603 -0.5265
vn 0.6576 0.5533 -0.5113
vn 0.8809 -0.3989 -0.2548
vn 0.6823 0.5012 -0.5323
vn 0.9971 -0.0708 -0.0294
vn 0.6432 0.5020 -0.5782
vn 0.9979 -0.0566 -0.0306
vn 0.9991 -0.0343 -0.0247
vn 0.8808 -0.3988 -0.2552
vn 0.9646 -0.2202 -0.1452
vn 0.9994 -0.0245 -0.0254
vn 0.6243 0.5551 -0.5497
vn 0.9995 -0.0211 -0.0243
vn 0.6363 0.6272 -0.4491
vn 0.9408 -0.2765 -0.1962
vn 0.9993 -0.0258 -0.0258
vn 0.6001 0.6407 -0.4790
vn 0.9994 -0.0331 -0.0119
vn 0.9994 -0.0239 -0.0268
vn 0.9993 -0.0272 -0.0258
vn 0.6657 0.6265 -0.4054
vn 0.9168 -0.3335 -0.2199
vn 0.9993 -0.0238 -0.0280
vn 0.9996 -0.0288 -0.0058
vn 0.9935 -0.0912 0.0681
vn 0.9994 -0.0330 -0.0037
vn 0.6603 0.7075 -0.2519
vn 0.6684 0.7033 -0.2421
vn 0.9993 -0.0254 -0.0280
vn 0.9985 -0.0494 -0.0231
vn 0.6679 0.7038 -0.2420
vn 0.9986 -0.0492 -0.0212
vn 0.9980 -0.0632 0.0076
vn 0.9957 -0.0879 0.0289
vn 0.6226 0.7767 -0.0960
vn 0.6605 0.7438 -0.1028
vn 0.9952 -0.0929 0.0292
vn 0.5366 0.8416 -0.0616
vn 0.6905 -0.6822 -0.2405
vn 0.9958 -0.0908 0.0072
vn 0.9674 -0.2251 0.1157
vn 0.4745 0.8801 -0.0197
vn 0.3879 0.9216 -0.0113
vn 0.4552 0.8904 0.0079
vn 0.7472 -0.6515 0.1310
vn 0.9842 -0.1442 -0.1024
vn 0.9973 0.0052 -0.0737
vn 0.6604 -0.7443 0.0995
vn 0.8776 -0.4728 0.0787
vn 0.3924 0.9195 0.0224
vn 0.8024 -0.5809 0.1366
vn 0.9788 -0.1550 0.1340
vn 0.9988 0.0206 0.0448
vn 0.9590 -0.2416 0.1480
vn 0.7648 -0.5468 0.3406
vn 0.8190 -0.4935 0.2927
vn 0.7710 -0.2003 0.6045
vn 0.7573 -0.5628 0.3312
vn 0.7535 -0.5616 0.3417
vn 0.2443 -0.7270 0.6417
vn -0.4717 -0.1562 0.8678
vn 0.2814 0.9570 0.0710
vn 0.3215 -0.9220 0.2157
vn 0.2993 -0.9249 0.2347
vn 0.2774 0.9498 0.1445
vn 0.3307 0.9306 0.1568
vn 0.3192 0.9356 0.1509
vn 0.3329 -0.8754 0.3506
vn 0.3291 0.9288 0.1702
vn 0.3755 -0.8233 0.4257
vn 0.3555 -0.8074 0.4709
vn 0.3655 0.8827 0.2954
vn 0.3215 0.8843 0.3386
vn 0.3547 0.8546 0.3792
vn 0.3368 -0.8786 0.3385
vn 0.3921 0.7162 0.5774
vn 0.3633 0.5982 0.7142
vn 0.3813 0.5229 0.7623
vn 0.4338 0.4954 0.7526
vn 0.4334 0.4961 0.7524
vn 0.5245 0.5895 0.6143
vn 0.6056 0.5271 0.5961
vn 0.6259 0.5446 0.5583
vn 0.4031 -0.7924 -0.4579
vn 0.5767 0.5499 0.6041
vn 0.5257 0.5962 0.6068
vn 0.5421 -0.6047 -0.5835
vn 0.5184 0.5819 0.6266
vn 0.4808 0.5869 0.6514
vn 0.4878 0.5940 0.6397
vn 0.4638 0.5928 0.6583
vn 0.4759 0.5729 0.6673
vn 0.4732 0.5724 0.6696
vn 0.4590 0.5387 0.7065
vn 0.4605 0.5369 0.7069
vn 0.5572 0.4917 0.6691
vn 0.5855 0.4538 0.6718
vn 0.5908 0.4672 0.6577
vn 0.5865 0.4716 0.6585
vn 0.5646 0.4458 0.6947
vn 0.6108 0.4122 0.6761
vn 0.3652 0.1372 0.9208
vn 0.7891 -0.3385 0.5126
vn 0.5722 -0.2092 0.7930
vn 0.6879 -0.4356 -0.5806
vn 0.9442 0.1924 -0.2672
vn 0.9965 0.0026 -0.0832
vn 0.9888 -0.0007 -0.1495
vn 0.9905 0.0153 -0.1368
vn 0.9927 -0.0188 -0.1195
vn 0.9467 -0.1707 -0.2730
vn 0.6161 0.7615 -0.2016
vn 0.9952 0.0735 -0.0650
vn 0.9974 0.0302 -0.0651
vn 0.9955 -0.0328 -0.0891
vn 0.9176 0.1849 -0.3519
vn 0.6409 -0.5629 -0.5219
vn 0.7289 -0.5465 -0.4124
vn 0.9922 -0.0729 -0.1014
vn 0.9882 0.0956 -0.1193
vn 0.9826 0.1813 -0.0415
vn 0.9931 0.1094 -0.0428
vn 0.7985 0.3399 -0.4969
vn 0.9926 -0.0868 -0.0850
vn 0.9902 0.0731 -0.1190
vn 0.9449 -0.2863 0.1589
vn -0.4206 -0.6026 -0.6782
vn 0.8700 -0.3854 0.3075
vn 0.9459 0.3127 0.0861
vn 0.9901 -0.0838 -0.1125
vn 0.9868 -0.1106 -0.1184
vn 0.8521 0.2616 -0.4533
vn 0.9753 0.1991 0.0953
vn 0.9479 -0.1945 -0.2522
vn 0.9830 0.0965 -0.1564
vn 0.8736 -0.3512 0.3368
vn 0.9868 -0.0629 -0.1491
vn 0.7315 -0.4646 0.4991
vn 0.9675 0.2177 0.1288
vn 0.9663 -0.1192 -0.2282
vn 0.1937 0.3516 -0.9159
vn 0.2208 0.3487 -0.9109
vn 0.9239 0.0499 -0.3793
vn 0.9766 0.0712 -0.2027
vn 0.2022 -0.3355 0.9201
vn 0.9621 0.2058 0.1792
vn 0.1485 -0.5966 0.7887
vn 0.9560 0.2171 0.1972
vn 0.6457 -0.5733 0.5044
vn 0.9304 0.2205 0.2928
vn 0.9220 0.2505 0.2952
vn 0.0049 -0.5444 0.8388
vn 0.7424 -0.4784 0.4690
vn 0.7764 0.3641 0.5145
vn 0.4359 -0.6447 0.6280
vn -0.1197 -0.6243 0.7719
vn 0.8951 0.3018 0.3281
vn 0.1240 -0.5462 0.8284
vn 0.8946 0.3483 0.2801
vn -0.5100 0.5945 0.6217
vn 0.3572 -0.6379 0.6823
vn -0.5613 0.7177 0.4122
vn 0.9150 0.3315 0.2301
vn 0.3241 -0.7180 0.6160
vn -0.5110 -0.5295 0.6771
vn 0.8591 0.4827 0.1701
vn 0.8462 0.4960 0.1948
vn 0.8165 0.5592 0.1434
vn -0.1327 0.9741 0.1833
vn 0.3338 -0.7622 0.5547
vn 0.2667 0.9401 0.2125
vn 0.2901 0.9400 0.1796
vn 0.0285 0.9921 0.1220
vn 0.0679 0.9953 -0.0686
vn 0.6800 -0.7189 -0.1440
vn 0.4519 -0.7457 -0.4896
vn 0.9427 -0.0652 -0.3273
vn 0.3417 0.9226 -0.1793
vn 0.6361 0.6660 -0.3896
vn 0.9716 -0.1791 -0.1546
vn 0.9859 -0.1026 -0.1325
vn 0.3584 0.9053 -0.2280
vn 0.8137 -0.5205 -0.2587
vn 0.7012 0.6351 -0.3240
vn 0.9584 -0.2443 -0.1474
vn 0.9655 -0.2562 -0.0460
vn 0.9391 -0.3141 -0.1394
vn 0.9091 0.3559 -0.2166
vn -0.8042 0.4880 -0.3394
vn 0.8124 0.5328 -0.2368
vn 0.9185 0.2834 -0.2758
vn 0.8810 0.3540 -0.3139
vn 0.9977 0.0680 0.0032
vn 0.9990 0.0390 -0.0232
vn 0.9583 -0.2334 -0.1649
vn 0.9267 -0.2897 -0.2393
vn 0.9253 0.2514 -0.2840
vn -0.6580 0.5278 -0.5371
vn 0.9989 0.0389 -0.0252
vn 0.9576 0.2047 -0.2027
vn 0.9572 -0.2373 -0.1659
vn 0.9990 0.0332 -0.0284
vn 0.9495 -0.2204 -0.2232
vn 0.9771 -0.1647 -0.1349
vn 0.8862 0.3039 -0.3498
vn 0.9836 0.1066 -0.1456
vn 0.9863 -0.1095 -0.1233
vn 0.9994 0.0342 -0.0093
vn 0.9342 -0.0181 -0.3564
vn 0.9528 0.1686 -0.2526
vn 0.9995 0.0208 -0.0241
vn 0.8788 0.0788 -0.4706
vn 0.9996 0.0227 0.0164
vn 0.5798 -0.4817 -0.6571
vn 0.9715 0.2081 -0.1139
vn -0.9033 -0.0005 -0.4290
vn 0.9844 -0.1040 -0.1416
vn 0.0246 0.9786 -0.2042
vn 0.9981 -0.0076 -0.0608
vn 0.9996 0.0094 -0.0261
vn 0.9999 0.0087 -0.0089
vn 1.0000 -0.0015 -0.0058
vn 0.9822 -0.1091 -0.1528
vn 0.9999 0.0056 -0.0093
vn 0.9999 0.0040 -0.0102
vn 0.9998 -0.0045 0.0199
vn 0.9983 -0.0423 -0.0392
vn 0.1969 -0.4092 -0.8909
vn 0.9996 -0.0062 0.0278
vn 0.9933 -0.0549 -0.1021
vn 0.3527 0.9304 0.0996
vn -0.3212 -0.2196 -0.9212
vn 0.9903 -0.0557 -0.1271
vn 0.9972 -0.0045 -0.0743
vn 0.9598 0.2597 0.1067
vn 0.9753 0.2068 0.0773
vn 0.9983 -0.0351 -0.0469
vn 0.9977 -0.0185 -0.0650
vn 0.9998 0.0171 0.0096
vn 1.0000 0.0036 -0.0014
vn 0.9997 -0.0171 0.0155
vn 0.9987 -0.0139 -0.0484
vn 1.0000 -0.0011 -0.0005
vn 0.9993 -0.0302 -0.0218
vn 0.9843 -0.1715 0.0425
vn 0.9996 -0.0222 0.0168
vn 0.4208 0.7764 0.4692
vn 0.9998 0.0150 0.0109
vn 0.9999 -0.0123 0.0034
vn 0.9999 0.0127 0.0107
vn 0.9792 -0.1536 0.1326
vn 0.9825 -0.1355 0.1281
vn 0.5382 0.6765 0.5027
vn 0.7353 0.5372 0.4132
vn 0.9856 -0.1557 0.0659
vn 0.9999 0.0137 0.0083
vn 0.9999 -0.0074 0.0069
vn 0.9079 -0.3044 0.2880
vn 0.9883 -0.1256 0.0871
vn 0.9996 0.0257 0.0069
vn 0.7261 0.4966 0.4756
vn 0.9037 0.3000 0.3053
vn 0.9725 -0.1891 0.1358
vn 0.3510 0.4012 0.8461
vn 0.9709 -0.1889 0.1475
vn -0.0640 0.9777 -0.1998
vn 0.9713 -0.1868 0.1470
vn 0.9707 -0.2078 0.1209
vn 0.9652 -0.1952 0.1738
vn 0.0072 0.9984 -0.0555
vn 0.9584 -0.1952 0.2082
vn 0.7168 -0.6972 0.0037
vn 0.9953 -0.0560 0.0793
vn 0.0281 0.9996 -0.0104
vn -0.0880 0.9961 -0.0078
vn 0.5478 -0.8341 -0.0644
vn -0.0045 0.9998 0.0209
vn 0.4978 -0.4176 0.7601
vn 0.1402 -0.3807 0.9140
vn 0.1639 0.9863 0.0162
vn 0.2508 -0.5902 0.7673
vn 0.0632 -0.7559 0.6516
vn 0.2508 0.9503 0.1844
vn 0.0351 0.5154 0.8562
vn 0.1057 0.7038 0.7025
vn 0.3045 0.6604 0.6864
vn 0.0574 0.6546 0.7538
vn -0.0515 0.6751 0.7360
vn 0.1266 0.6624 0.7384
vn 0.1913 0.6886 0.6995
vn 0.1140 0.6552 0.7468
vn 0.1929 0.6627 0.7237
vn -0.3222 0.5708 0.7552
vn 0.0222 0.5459 0.8375
vn 0.0752 0.6103 0.7886
vn -0.0087 0.6057 0.7956
vn 0.1038 0.5802 0.8079
vn 0.1938 0.5638 0.8029
vn 0.1545 0.0048 0.9880
vn -0.0909 0.7223 0.6856
vn 0.1125 0.5471 0.8295
vn -0.1042 0.7418 0.6624
vn 0.2172 0.5128 0.8306
vn 0.1176 0.5298 0.8399
vn -0.0925 0.7958 0.5985
vn 0.3118 0.1400 0.9398
vn -0.9088 0.2704 0.3176
vn -0.5212 -0.5918 0.6149
vn -0.4790 -0.5997 0.6410
vn -0.5357 0.8185 0.2077
vn -0.5824 0.8034 0.1241
vn -0.8719 0.4699 0.1378
vn -0.7496 0.6576 0.0752
vn -0.4244 0.8896 -0.1691
vn -0.9988 0.0477 -0.0129
vn -0.5012 0.8610 -0.0860
vn -0.4246 0.9052 -0.0173
vn -0.3193 0.9476 -0.0074
vn -0.2608 -0.6213 0.7389
vn 0.4528 -0.3337 0.8268
vn -0.3147 0.9377 0.1469
vn -0.4097 0.8329 0.3721
vn -0.2374 -0.8752 0.4216
vn -0.3557 0.5002 0.7895
vn -0.3404 0.5244 0.7805
vn 0.5029 0.5770 0.6435
vn 0.4660 0.3456 0.8145
vn 0.2784 0.5700 0.7731
vn -0.5572 0.4511 0.6972
vn -0.5579 0.4512 0.6965
vn -0.2486 -0.0353 0.9680
vn -0.3326 -0.2334 0.9137
vn -0.2446 -0.4047 0.8811
vn -0.8135 0.5811 0.0240
vn -0.5164 0.8558 -0.0303
vn -0.6214 0.7656 -0.1666
vn -0.4835 0.8331 -0.2688
vn -0.5067 0.7970 -0.3287
vn -0.7869 0.5307 -0.3150
vn -0.5404 0.6961 -0.4727
vn -0.6697 0.5795 -0.4644
vn -0.6283 0.7697 -0.1131
vn -0.5224 0.8506 -0.0597
vn -0.4842 0.8748 -0.0156
vn -0.7994 -0.5881 0.1230
vn -0.3268 0.9451 0.0031
vn 0.7784 -0.6109 0.1448
vn 0.9332 -0.3593 0.0095
vn 0.6866 -0.3392 0.6430
vn 0.6597 -0.2159 0.7199
vn -0.2573 -0.8867 0.3841
vn -0.3511 0.9346 0.0575
vn -0.3195 0.9449 0.0709
vn -0.2996 0.9468 0.1177
vn -0.3214 0.9367 0.1391
vn -0.3237 0.9338 0.1527
vn -0.3661 0.9160 0.1640
vn -0.3655 0.9112 0.1900
vn -0.3933 0.9032 0.1716
vn -0.4034 0.8719 0.2778
vn -0.4335 0.7263 0.5334
vn -0.3896 0.7193 0.5752
vn -0.3401 0.5911 0.7314
vn -0.3733 0.5526 0.7452
vn -0.4890 0.4112 0.7693
vn -0.6157 0.5222 0.5901
vn -0.5225 0.6033 0.6026
vn -0.5638 0.5545 0.6121
vn -0.5270 0.5771 0.6239
vn -0.5353 0.5780 0.6159
vn -0.5446 0.4839 0.6851
vn -0.5482 -0.2639 0.7936
vn -0.3036 -0.1221 0.9449
vn -0.3844 0.1871 0.9040
vn -0.7293 0.6770 -0.0994
vn -0.7541 0.6462 -0.1174
vn -0.8291 0.3542 -0.4327
vn -0.5240 0.8517 0.0036
vn 0.9410 -0.2943 -0.1670
vn -0.8941 0.4371 -0.0972
vn 0.9570 -0.2892 -0.0214
vn 0.9384 -0.3400 -0.0613
vn 0.9570 -0.2870 0.0419
vn -0.8292 0.1765 0.5304
vn -0.0659 -0.3152 0.9467
vn -0.1407 -0.1201 0.9827
vn -0.4338 0.8486 0.3029
vn -0.6002 0.5634 0.5678
vn -0.5659 0.5805 0.5855
vn -0.5758 0.4873 0.6565
vn -0.7241 0.3627 0.5866
vn -0.6975 0.3119 0.6452
vn -0.5242 -0.2664 0.8089
vn 0.0993 0.7164 0.6906
vn 0.6657 0.3286 0.6700
vn 0.2869 0.5137 0.8086
vn 0.6812 -0.0596 0.7297
vn -0.7063 0.6964 -0.1270
vn -0.8477 0.4921 -0.1980
vn -0.8262 0.5622 -0.0352
vn -0.8164 0.5768 -0.0290
vn -0.8147 0.5798 0.0002
vn 0.9542 -0.0174 -0.2987
vn -0.6987 0.6769 -0.2316
vn 0.9616 0.1289 -0.2424
vn -0.6977 0.6770 -0.2342
vn 0.9676 -0.2506 -0.0294
vn 0.5065 -0.2748 0.8173
vn 0.3928 -0.3013 0.8689
vn -0.6217 0.7820 0.0441
vn -0.5792 0.8060 0.1218
vn -0.7775 -0.5979 0.1948
vn -0.5433 0.8271 0.1441
vn -0.8052 -0.4814 0.3463
vn -0.6293 0.7342 0.2546
vn -0.7177 0.6211 0.3147
vn -0.5417 0.3915 0.7439
vn -0.6714 0.4164 0.6131
vn -0.6428 0.5260 0.5570
vn -0.7255 0.4599 0.5120
vn -0.6808 0.5015 0.5339
vn -0.8405 0.2944 0.4549
vn 0.0372 0.4624 0.8859
vn -0.4140 -0.3140 0.8544
vn 0.8996 0.0723 -0.4308
vn 0.8992 0.2246 -0.3756
vn -0.1012 0.9304 -0.3523
vn 0.9456 -0.2533 -0.2041
vn 0.9605 -0.2331 -0.1518
vn -0.8001 0.5998 -0.0102
vn 0.9585 -0.2569 -0.1237
vn 0.9739 -0.2263 -0.0147
vn 0.5751 -0.3852 0.7217
vn -0.8038 0.5945 0.0207
vn -0.7591 0.6480 0.0629
vn -0.6840 0.7148 0.1458
vn -0.6855 0.6814 0.2564
vn -0.7033 0.5480 0.4528
vn -0.5355 0.4924 0.6861
vn -0.5745 0.4174 0.7041
vn -0.9726 0.2254 -0.0571
vn -0.8918 0.4387 -0.1102
vn 0.9413 -0.2657 -0.2083
vn 0.9430 -0.2694 -0.1956
vn 0.9713 -0.2166 -0.0987
vn 0.9543 -0.2895 0.0738
vn 0.9538 -0.2990 0.0280
vn 0.1240 -0.3168 0.9404
vn 0.4479 -0.4427 0.7768
vn -0.5025 -0.1192 0.8563
vn 0.0705 -0.4197 0.9049
vn -0.9185 0.3946 0.0254
vn -0.8576 0.5076 0.0824
vn -0.6708 0.6277 0.3950
vn -0.4238 0.4859 0.7644
vn -0.5564 0.1124 0.8232
vn -0.9650 0.2615 -0.0175
vn 0.8208 -0.2946 -0.4893
vn 0.9111 -0.3038 -0.2787
vn 0.9164 -0.2415 -0.3194
vn 0.9620 -0.2116 -0.1727
vn 0.9467 -0.2437 -0.2109
vn -0.9651 0.2604 -0.0275
vn -0.9240 0.3745 0.0768
vn -0.9382 0.3413 0.0582
vn -0.9187 0.3874 0.0768
vn -0.3589 0.4753 0.8033
vn -0.9856 0.1177 -0.1211
vn -0.9523 0.2638 0.1537
vn 0.7901 -0.6041 -0.1037
vn -0.0158 -0.6909 0.7228
vn -0.9328 -0.1039 0.3450
vn -0.9376 0.3469 -0.0239
vn -0.7408 0.6382 0.2095
vn -0.5006 -0.1641 0.8500
vn -0.7855 0.1957 0.5871
vn -0.9730 0.2253 -0.0506
vn -0.9279 0.3720 -0.0244
vn -0.9306 0.3629 -0.0471
vn -0.9492 0.3016 0.0893
vn -0.8182 -0.1470 0.5558
vn -0.8756 -0.0387 0.4815
vn -0.1955 -0.6104 0.7676
vn -0.9824 0.0552 0.1782
vn 0.9747 0.0095 -0.2232
vn 0.9816 -0.0086 -0.1906
vn 0.9709 -0.1914 -0.1436
vn 0.6208 0.0138 -0.7838
vn 0.9504 -0.3006 0.0799
vn 0.8876 -0.1453 -0.4370
vn 0.8874 -0.1334 -0.4413
vn 0.9195 -0.3553 0.1682
vn 0.9513 -0.2582 0.1685
vn 0.9479 -0.1843 -0.2599
vn 0.9443 -0.3021 -0.1309
vn 0.9739 -0.1592 -0.1619
vn 0.9987 -0.0421 -0.0289
vn 0.8658 -0.3593 0.3483
vn 0.9588 -0.2214 0.1778
vn 0.8312 -0.4385 0.3418
vn -0.2820 -0.2866 0.9156
vn 0.1822 -0.6362 0.7497
vn -0.3989 -0.1183 0.9094
vn 0.9710 0.0184 -0.2383
vn 0.9489 0.0757 -0.3064
vn 0.9473 0.0249 -0.3194
vn 0.9532 0.0114 -0.3022
vn 0.9086 -0.1847 -0.3745
vn 0.5463 -0.8249 0.1454
vn 0.9253 0.0895 -0.3685
vn 0.9546 0.0034 -0.2980
vn 0.9693 0.1331 -0.2066
vn 0.4730 -0.8500 -0.2321
vn 0.9614 0.0178 -0.2747
vn 0.9567 0.0728 -0.2819
vn 0.8507 0.3214 -0.4160
vn 0.8175 0.4746 -0.3263
vn -0.6652 0.7466 -0.0124
vn 0.9880 0.0096 -0.1542
vn -0.8365 -0.3388 0.4308
vn 0.9740 -0.0055 -0.2267
vn 0.9714 0.0623 -0.2291
vn 0.9432 -0.0194 -0.3316
vn 0.9386 0.0019 -0.3450
vn 0.2786 -0.9577 -0.0723
vn 0.4801 0.8768 -0.0276
vn 0.9803 0.0358 -0.1941
vn 0.9642 0.0078 -0.2649
vn 0.9405 0.0118 -0.3395
vn 0.9709 0.0643 -0.2306
vn 0.8711 0.4898 -0.0364
vn -0.9358 0.2270 0.2698
vn 0.4870 0.8734 -0.0026
vn 0.9728 0.0763 -0.2187
vn 0.9733 -0.0088 -0.2295
vn 0.6167 0.6510 -0.4426
vn -0.4889 0.3199 0.8116
vn -0.9219 0.3801 0.0742
vn -0.9720 -0.0121 0.2345
vn 0.9831 -0.0235 -0.1814
vn 0.9674 0.0235 -0.2521
vn 0.9678 0.0256 -0.2502
vn 0.9642 0.0500 -0.2603
vn 0.9905 0.0148 -0.1365
vn 0.9584 -0.0501 -0.2809
vn 0.9693 0.2079 -0.1315
vn 0.9776 0.0421 -0.2064
vn 0.9827 0.0574 -0.1764
vn 0.9828 -0.0240 -0.1833
vn 0.9813 -0.0201 -0.1916
vn 0.9579 -0.0539 -0.2819
vn 0.9494 0.0051 -0.3142
vn 0.7163 0.6919 0.0901
vn -0.8248 0.5490 0.1353
vn 0.5368 0.8405 -0.0732
vn 0.9395 0.0475 -0.3394
vn 0.9114 -0.0900 -0.4016
vn 0.9228 -0.1269 -0.3637
vn 0.9726 0.0294 -0.2307
vn 0.9693 0.0536 -0.2399
vn 0.9733 0.0694 -0.2189
vn 0.9580 0.1704 -0.2305
vn 0.9669 -0.1079 -0.2311
vn 0.9706 0.0302 -0.2387
vn 0.9617 -0.0934 -0.2576
vn 0.1981 0.9506 0.2391
vn 0.9533 0.2570 -0.1588
vn -0.2289 0.9363 0.2665
vn 0.0406 -0.9963 -0.0759
vn 0.1813 0.9475 0.2634
vn 0.9203 -0.0072 -0.3912
vn 0.8655 0.4913 -0.0973
vn 0.9703 0.2340 -0.0608
vn 0.9637 0.0027 -0.2669
vn 0.9624 0.0257 -0.2706
vn 0.9386 0.3320 0.0944
vn -0.3984 0.8027 0.4437
vn 0.9369 -0.0888 -0.3381
vn 0.9132 0.2528 -0.3197
vn 0.9364 -0.0728 -0.3434
vn 0.7899 -0.4123 -0.4541
vn 0.0659 0.8983 0.4344
vn -0.9657 0.0035 0.2597
vn 0.7690 0.6286 0.1167
vn 0.9645 0.0065 -0.2641
vn 0.9559 0.0255 -0.2926
vn 0.9543 0.0041 -0.2988
vn 0.8924 -0.0909 -0.4419
vn 0.8830 -0.1021 -0.4581
vn -0.7407 0.5888 0.3235
vn 0.8797 -0.0756 -0.4695
vn 0.8870 -0.0874 -0.4534
vn -0.3689 0.8490 0.3783
vn 0.4850 -0.6630 -0.5703
vn 0.1219 0.9529 -0.2777
vn 0.9472 -0.0370 -0.3184
vn 0.7355 0.6309 -0.2471
vn 0.9667 0.0063 -0.2560
vn 0.9099 -0.0975 -0.4031
vn -0.2388 0.8859 0.3978
vn 0.9478 -0.0408 -0.3163
vn -0.7163 0.6539 0.2435
vn 0.6213 -0.4725 -0.6251
vn 0.8012 0.2697 -0.5342
vn 0.9150 -0.1011 -0.3906
vn 0.9152 -0.1284 -0.3819
vn 0.7597 -0.3185 -0.5669
vn -0.9626 0.0281 0.2696
vn 0.3728 -0.6381 -0.6736
vn 0.9330 -0.0303 -0.3585
vn 0.9149 -0.1011 -0.3907
vn -0.9701 0.1562 0.1857
vn 0.7465 -0.3313 -0.5770
vn 0.9333 -0.1346 -0.3330
vn 0.7762 -0.1663 -0.6081
vn 0.5242 -0.3482 -0.7771
vn 0.0188 -0.3121 -0.9499
vn -0.0892 -0.4131 -0.9063
vn 0.1527 0.0571 -0.9866
vn -0.0501 -0.1281 -0.9905
vn -0.1015 -0.1123 -0.9885
vn -0.1308 -0.2783 -0.9515
vn -0.4648 -0.4748 -0.7473
vn 0.2584 -0.6800 -0.6862
vn -0.4461 0.1758 -0.8776
vn -0.1605 0.4460 -0.8805
vn -0.7965 -0.1926 -0.5732
vn -0.5547 -0.3612 -0.7496
vn -0.3896 -0.4437 -0.8071
vn -0.0228 -0.7280 -0.6852
vn 0.2811 -0.8081 -0.5177
vn 0.2293 -0.7773 -0.5858
vn -0.6326 0.3038 -0.7124
vn -0.9135 -0.0235 -0.4062
vn -0.8846 -0.0634 -0.4620
vn -0.8712 -0.1057 -0.4794
vn -0.8712 -0.1022 -0.4801
vn -0.8335 -0.1663 -0.5269
vn -0.8672 -0.2237 -0.4449
vn -0.8662 -0.2238 -0.4468
vn -0.0758 -0.7205 -0.6893
vn -0.0192 -0.7348 -0.6781
vn -0.2587 -0.7295 -0.6332
vn -0.1340 -0.7264 -0.6741
vn -0.9237 -0.0194 -0.3825
vn -0.5852 0.5983 -0.5474
vn -0.9498 -0.0014 -0.3129
vn -0.9228 -0.0192 -0.3847
vn -0.9042 -0.0978 -0.4157
vn -0.8667 -0.2244 -0.4455
vn -0.8690 -0.1981 -0.4535
vn -0.8622 -0.1820 -0.4727
vn 0.5212 -0.8381 -0.1611
vn 0.4345 -0.8678 -0.2410
vn -0.6371 0.7336 -0.2364
vn -0.9275 -0.0719 -0.3669
vn -0.4643 0.8803 -0.0970
vn -0.9268 -0.0719 -0.3686
vn -0.9310 -0.0819 -0.3557
vn -0.9340 -0.0608 -0.3520
vn -0.5693 -0.5262 -0.6316
vn -0.8506 -0.1678 -0.4983
vn 0.4187 -0.8756 -0.2410
vn 0.5118 -0.8453 -0.1531
vn -0.9511 -0.0021 -0.3090
vn -0.9505 -0.0315 -0.3091
vn -0.5538 0.8307 0.0565
vn -0.9665 0.0200 -0.2559
vn -0.9562 -0.0441 -0.2893
vn -0.8491 -0.1715 -0.4996
vn -0.7204 -0.4935 -0.4874
vn -0.9202 -0.0428 -0.3892
vn -0.9665 0.2561 0.0168
vn -0.9872 0.0122 -0.1592
vn -0.9124 -0.0723 -0.4028
vn -0.9707 -0.0031 -0.2402
vn -0.9126 -0.0731 -0.4024
vn -0.8844 -0.1505 -0.4418
vn -0.9699 0.0528 -0.2375
vn -0.9748 0.0361 -0.2200
vn 0.3337 0.8714 0.3597
vn -0.9368 0.2909 -0.1945
vn -0.7346 0.6602 0.1568
vn -0.8928 -0.1591 -0.4213
vn -0.7174 -0.4959 -0.4894
vn -0.5076 0.8577 -0.0820
vn 0.2019 -0.9754 -0.0883
vn -0.0105 -0.9584 -0.2853
vn 0.3808 -0.9218 -0.0724
vn -0.9272 0.0576 -0.3701
vn -0.9045 -0.0853 -0.4178
vn -0.9817 0.0366 -0.1871
vn -0.9624 0.2686 -0.0417
vn -0.9826 0.0569 -0.1767
vn -0.9716 -0.0821 -0.2219
vn -0.9797 0.0404 -0.1965
vn -0.9586 -0.1284 -0.2542
vn 0.3013 0.8594 0.4131
vn -0.9609 0.1508 -0.2321
vn -0.4979 0.8285 0.2563
vn -0.8953 -0.1980 -0.3991
vn 0.3393 -0.9401 0.0341
vn 0.4231 -0.9036 0.0667
vn 0.5637 -0.8110 0.1568
vn -0.9822 0.0582 -0.1783
vn -0.9863 0.0207 -0.1636
vn -0.9726 -0.0711 -0.2214
vn -0.9753 0.0395 -0.2172
vn -0.9823 0.0349 -0.1842
vn -0.8166 0.5769 0.0199
vn -0.9797 0.0320 -0.1978
vn -0.8953 0.3675 -0.2517
vn 0.4030 -0.8939 0.1962
vn 0.5517 -0.7776 0.3016
vn -0.9586 0.0456 -0.2810
vn -0.9509 -0.0618 -0.3032
vn -0.9516 -0.0641 -0.3006
vn -0.9684 0.0403 -0.2460
vn -0.9646 0.0557 -0.2579
vn -0.9648 0.0627 -0.2556
vn -0.9335 -0.0420 -0.3562
vn -0.9671 0.1785 -0.1815
vn -0.9735 0.0496 -0.2234
vn -0.6061 0.7941 0.0444
vn -0.9541 0.2753 -0.1181
vn -0.7303 0.1615 -0.6638
vn -0.2810 0.3677 -0.8865
vn -0.6622 0.0996 -0.7427
vn 0.8118 -0.3893 0.4352
vn -0.9473 0.0737 -0.3117
vn -0.9609 -0.0304 -0.2751
vn -0.9603 -0.0321 -0.2771
vn -0.9231 0.0642 -0.3791
vn -0.9615 0.0803 -0.2629
vn -0.9629 0.0896 -0.2546
vn -0.5057 -0.8227 0.2597
vn 0.8387 0.1538 -0.5225
vn -0.1565 -0.0245 -0.9874
vn -0.9457 0.0162 -0.3247
vn -0.9663 0.0104 -0.2572
vn 0.1509 -0.5533 -0.8192
vn 0.3891 0.0244 -0.9209
vn -0.5085 -0.0846 -0.8569
vn -0.6001 -0.7980 0.0560
vn 0.9796 0.1647 -0.1151
vn 0.7792 -0.4999 0.3782
vn 0.5759 -0.6488 0.4974
vn 0.8721 -0.3778 -0.3108
vn 0.5498 -0.4258 -0.7186
vn 0.0092 -0.1831 -0.9831
vn -0.6639 0.1787 -0.7262
vn -0.9296 -0.0795 -0.3599
vn -0.9729 0.0693 -0.2206
vn -0.9762 -0.0218 -0.2160
vn -0.9894 -0.0582 -0.1330
vn -0.9732 -0.2296 -0.0121
vn -0.5246 -0.5696 -0.6327
vn -0.2443 -0.8560 -0.4556
vn -0.8959 -0.0985 -0.4332
vn -0.8962 -0.0987 -0.4325
vn -0.9413 -0.2936 -0.1665
vn 0.1406 -0.4691 -0.8719
vn -0.9617 -0.1130 -0.2496
vn -0.7798 -0.5049 0.3701
vn -0.8766 -0.4570 -0.1509
vn 0.0490 -0.9860 -0.1594
vn -0.9679 -0.1723 0.1832
vn -0.7705 -0.4487 0.4528
vn -0.8223 -0.3757 0.4275
vn -0.6922 -0.4342 0.5765
vn 0.2835 -0.9320 0.2260
vn -0.7981 -0.3616 0.4820
vn 0.3499 -0.7190 0.6005
vn 0.7839 -0.4554 0.4220
vn 0.9830 -0.1385 -0.1203
vn 0.7174 -0.5026 -0.4823
vn 0.9664 -0.0780 0.2450
vn 0.1698 -0.1592 -0.9725
vn 0.0022 -0.6106 -0.7919
vn 0.9416 -0.3303 -0.0660
vn 0.6356 -0.2229 -0.7392
vn 0.5232 -0.6050 -0.6002
vn 0.4677 -0.8780 -0.1021
vn 0.9871 -0.1538 -0.0451
vn 0.4416 -0.8700 0.2192
vn 0.9715 -0.2164 -0.0965
vn 0.9746 -0.2157 0.0600
vn 0.0948 0.0776 -0.9925
vn -0.1632 -0.1157 -0.9798
vn -0.8305 -0.3259 -0.4517
vn -0.8865 -0.2819 -0.3671
vn -0.9147 -0.3494 -0.2033
vn -0.8367 -0.5198 -0.1727
vn 0.1136 -0.8076 0.5787
vn 0.0271 -0.6433 0.7651
vn 0.3282 -0.9442 0.0277
vn 0.3081 -0.7134 0.6294
vn 0.2595 -0.6988 0.6666
vn 0.9926 -0.0872 -0.0843
vn 0.9657 -0.2480 -0.0773
vn 0.1408 0.5336 -0.8340
vn -0.9129 -0.2953 -0.2819
vn -0.9346 -0.2187 -0.2805
vn -0.9563 -0.2241 -0.1876
vn -0.9569 -0.2212 -0.1884
vn -0.2715 -0.6194 0.7367
vn -0.3463 -0.4891 0.8005
vn 0.9927 -0.0801 0.0906
vn 0.9384 -0.3215 -0.1266
vn 0.1034 0.6584 -0.7455
vn -0.5803 0.0297 -0.8139
vn -0.9302 -0.2858 -0.2302
vn -0.9465 -0.2322 -0.2239
vn -0.9478 -0.2464 -0.2026
vn -0.9748 -0.1966 -0.1054
vn -0.5425 -0.4459 0.7120
vn -0.5278 -0.3705 0.7643
vn 0.8904 -0.4508 -0.0634
vn 0.7534 -0.6421 -0.1417
vn 0.9399 -0.3360 0.0600
vn -0.6449 0.5033 -0.5751
vn -0.6448 0.3721 -0.6677
vn -0.9602 -0.2029 -0.1919
vn -0.9501 -0.2445 -0.1937
vn -0.9497 -0.2847 -0.1304
vn -0.9584 -0.2516 -0.1350
vn -0.6127 -0.6036 0.5102
vn -0.7455 -0.2942 0.5980
vn 0.5521 -0.3967 -0.7334
vn 0.5811 -0.3917 -0.7133
vn 0.5453 -0.4279 -0.7208
vn 0.8101 -0.5812 0.0774
vn 0.7397 -0.6730 0.0030
vn 0.7710 -0.6354 -0.0428
vn 0.7754 -0.6300 -0.0416
vn 0.7238 0.6563 -0.2131
vn 0.6556 -0.7527 -0.0602
vn 0.7880 0.5234 -0.3242
vn 0.7835 0.5138 -0.3495
vn 0.7931 -0.5073 -0.3372
vn 0.9259 -0.3735 0.0565
vn -0.9499 -0.0451 -0.3092
vn -0.9428 -0.2531 -0.2168
vn -0.9345 0.2721 -0.2293
vn -0.9551 -0.2398 -0.1738
vn -0.7727 0.2890 -0.5651
vn 0.0822 -0.4131 -0.9070
vn -0.9655 -0.2522 -0.0644
vn -0.9697 -0.2318 -0.0771
vn -0.9545 -0.2762 0.1128
vn -0.8198 -0.2618 0.5093
vn -0.8891 -0.3615 0.2808
vn 0.4155 -0.8850 0.2100
vn 0.7159 -0.6903 0.1045
vn 0.7054 -0.6712 0.2278
vn 0.7146 -0.6036 0.3535
vn 0.7242 -0.6001 0.3397
vn 0.6480 -0.7518 0.1219
vn 0.7160 -0.6875 -0.1210
vn 0.6170 -0.7432 -0.2586
vn 0.5283 -0.6080 -0.5927
vn 0.5495 -0.5550 -0.6245
vn 0.5808 -0.4569 -0.6737
vn 0.6284 -0.3918 -0.6720
vn 0.5769 -0.3812 -0.7223
vn 0.5785 -0.3918 -0.7154
vn 0.3274 -0.8076 -0.4906
vn 0.8637 -0.4715 0.1778
vn 0.6293 -0.7717 0.0919
vn 0.6108 -0.7903 -0.0488
vn 0.4632 0.8638 -0.1984
vn 0.6303 -0.7757 -0.0311
vn 0.4821 0.8276 -0.2876
vn 0.6462 -0.7621 -0.0404
vn 0.7789 -0.5461 -0.3084
vn 0.6104 0.5586 -0.5617
vn 0.7686 -0.5354 -0.3502
vn 0.7280 -0.6389 -0.2488
vn 0.4695 -0.8812 -0.0546
vn 0.6189 -0.7828 0.0647
vn 0.6538 -0.7446 0.1343
vn 0.5325 -0.8000 0.2764
vn 0.3295 -0.4651 -0.8217
vn -0.9570 -0.2340 -0.1717
vn -0.9608 -0.2693 -0.0659
vn -0.9466 -0.3053 -0.1039
vn -0.9617 -0.2631 0.0764
vn 0.3154 -0.9181 0.2399
vn 0.3270 -0.9282 0.1774
vn 0.3249 -0.8535 0.4074
vn 0.2908 -0.8582 0.4229
vn 0.2543 -0.9603 -0.1149
vn 0.3744 -0.8867 -0.2712
vn 0.4054 -0.8446 -0.3498
vn 0.7717 -0.4738 -0.4243
vn 0.3875 -0.6461 -0.6575
vn 0.4442 -0.5329 -0.7202
vn 0.2607 -0.4910 -0.8312
vn 0.2728 -0.4675 -0.8408
vn 0.2726 -0.4458 -0.8526
vn 0.2585 -0.4578 -0.8506
vn 0.3221 -0.5397 -0.7778
vn 0.2821 -0.6212 -0.7311
vn 0.3279 -0.8076 -0.4901
vn 0.3252 -0.9454 -0.0198
vn -0.2401 0.0895 0.9666
vn -0.5225 0.6200 0.5854
vn 0.9958 -0.0295 -0.0871
vn 0.9767 0.0708 -0.2024
vn 0.5025 -0.5756 0.6451
vn 0.5797 -0.5958 0.5558
vn 0.9919 -0.1268 -0.0038
vn 0.9841 0.0143 -0.1771
vn 0.9984 0.0506 -0.0249
vn 0.9979 -0.0557 -0.0346
vn 0.9972 -0.0576 -0.0474
vn 0.6501 0.5640 -0.5091
vn 0.9975 -0.0454 -0.0541
vn 0.6257 0.5172 -0.5840
vn 0.9996 -0.0252 -0.0120
vn 0.4497 -0.8916 -0.0524
vn 0.2284 -0.9716 0.0619
vn 0.2662 -0.9592 0.0955
vn 0.2006 -0.9722 0.1209
vn 0.1662 -0.9816 0.0937
vn 0.3971 -0.9094 0.1237
vn 0.3618 -0.9307 0.0527
vn 0.6282 -0.7781 -0.0005
vn 0.8433 -0.4237 -0.3307
vn 0.7002 -0.6289 -0.3380
vn 0.7827 -0.6171 0.0810
vn 0.6225 -0.5599 0.5467
vn 0.5590 -0.5745 0.5979
vn -0.7203 -0.6901 -0.0710
vn 0.2635 -0.9484 0.1765
vn -0.7484 -0.6546 -0.1063
vn -0.2552 -0.8430 0.4735
vn -0.6174 -0.7601 0.2026
vn -0.5518 -0.8114 0.1928
vn -0.8792 -0.4665 0.0971
vn -0.9176 -0.3975 -0.0017
vn -0.5311 -0.8146 0.2330
vn -0.8419 -0.2733 0.4652
vn 0.1153 -0.9067 0.4056
vn 0.1362 -0.8954 0.4240
vn 0.2907 -0.9295 0.2268
vn 0.3299 -0.9269 0.1788
vn 0.3194 -0.9131 0.2533
vn 0.3027 -0.9100 0.2835
vn 0.3286 -0.8954 0.3006
vn 0.3167 -0.8750 0.3661
vn 0.3578 -0.8168 0.4526
vn 0.3402 -0.8183 0.4633
vn 0.3595 -0.8324 0.4218
vn 0.2749 -0.9213 0.2750
vn 0.2333 -0.8081 0.5409
vn 0.2621 -0.9540 0.1459
vn 0.1984 -0.9786 0.0546
vn 0.2517 -0.9604 -0.1192
vn 0.3779 -0.8869 -0.2656
vn 0.4301 -0.8304 -0.3542
vn 0.4277 -0.7758 -0.4638
vn 0.4109 -0.7695 -0.4889
vn 0.2193 -0.7636 -0.6073
vn 0.3791 -0.6461 -0.6624
vn 0.2132 -0.6707 -0.7105
vn 0.3158 -0.5812 -0.7500
vn 0.2763 -0.5414 -0.7940
vn 0.2957 -0.5054 -0.8106
vn 0.2751 -0.4686 -0.8395
vn 0.2654 -0.5106 -0.8179
vn 0.5998 -0.6270 -0.4971
vn 0.4542 -0.8201 -0.3481
vn -0.6163 -0.0714 0.7842
vn -0.6676 -0.3850 0.6373
vn 0.0218 -0.9939 -0.1082
vn -0.6222 0.3549 0.6978
vn 0.7360 -0.6761 -0.0348
vn 0.4873 -0.8272 0.2800
vn 0.7314 -0.6818 -0.0118
vn 0.5629 -0.8263 -0.0179
vn 0.2928 0.5292 -0.7963
vn 0.4176 -0.8913 0.1766
vn -0.6916 0.2943 -0.6596
vn -0.6400 0.2637 -0.7217
vn 0.6997 -0.0466 -0.7129
vn 0.3689 -0.7864 0.4954
vn 0.0243 -0.9914 0.1286
vn -0.2899 -0.7699 0.5685
vn 0.0980 -0.8376 0.5375
vn -0.1000 -0.7588 0.6436
vn 0.3720 -0.8217 0.4317
vn -0.1800 -0.8111 0.5566
vn 0.0139 -0.7688 0.6394
vn 0.1901 -0.7873 0.5865
vn 0.0722 -0.8648 0.4968
vn 0.3162 -0.7640 0.5624
vn 0.2032 -0.9202 0.3346
vn 0.0391 -0.9323 0.3595
vn -0.0736 -0.9555 0.2856
vn 0.7162 -0.6933 -0.0803
vn 0.4270 -0.8945 -0.1322
vn 0.1456 -0.8937 -0.4243
vn -0.3193 0.8006 -0.5070
vn 0.0134 -0.6920 -0.7217
vn -0.8968 -0.3213 -0.3042
vn -0.5247 0.4686 -0.7107
vn -0.0916 -0.0302 -0.9953
vn 0.8673 -0.2336 -0.4396
vn 0.5529 -0.8312 0.0577
vn -0.1348 -0.8940 0.4273
vn 0.0142 -0.9989 0.0446
vn -0.4001 -0.9164 -0.0145
vn -0.0221 -0.9979 -0.0607
vn 0.0190 -0.8795 0.4755
vn 0.0346 -0.8395 0.5422
vn -0.0081 -0.6862 0.7274
vn -0.0217 -0.8941 0.4473
vn 0.0361 -0.8760 0.4809
vn -0.0229 -0.9299 0.3672
vn -0.0383 -0.9333 0.3571
vn -0.0355 -0.9222 0.3851
vn -0.1062 -0.9685 0.2251
vn 0.2814 -0.6753 -0.6817
vn -0.1712 -0.9836 -0.0562
vn -0.1473 -0.9839 -0.1008
vn -0.0444 -0.9933 0.1063
vn -0.9358 -0.0641 -0.3467
vn -0.9368 -0.0377 -0.3478
vn -0.8819 -0.0285 -0.4705
vn -0.9181 0.2962 -0.2634
vn -0.9715 -0.0954 -0.2168
vn -0.9188 0.2165 -0.3301
vn -0.9516 -0.0001 -0.3074
vn -0.8263 -0.1730 -0.5360
vn -0.9970 0.0043 -0.0768
vn -0.9932 0.0119 -0.1159
vn -0.9936 0.0861 -0.0730
vn -0.9621 -0.1477 -0.2290
vn -0.8311 -0.4383 -0.3423
vn 0.7298 0.3784 -0.5694
vn -0.9408 0.1924 -0.2790
vn -0.8700 0.4902 -0.0536
vn -0.9914 -0.0709 -0.1103
vn 0.4053 -0.5737 -0.7118
vn -0.9414 0.1916 -0.2777
vn -0.9870 0.0905 -0.1327
vn -0.9770 -0.2114 -0.0263
vn -0.6068 -0.5156 -0.6050
vn -0.5043 0.5887 -0.6318
vn -0.8666 -0.4754 0.1516
vn -0.9254 0.3656 0.1001
vn -0.8569 -0.3910 0.3358
vn -0.8199 -0.4476 0.3569
vn -0.9164 0.3842 0.1127
vn -0.8213 -0.4057 -0.4011
vn -0.6524 0.4012 -0.6430
vn -0.8826 0.2301 -0.4099
vn -0.9558 -0.1597 -0.2469
vn -0.7369 -0.4624 0.4932
vn -0.9204 0.3438 0.1861
vn -0.9586 -0.0870 -0.2710
vn -0.3477 0.2942 -0.8902
vn -0.9787 0.0714 -0.1924
vn -0.5975 -0.5837 0.5498
vn -0.9491 0.2554 0.1842
vn -0.5271 -0.6089 0.5928
vn -0.8972 0.3193 0.3053
vn -0.9225 0.2444 0.2988
vn -0.7724 -0.4500 0.4482
vn -0.8832 0.2814 0.3752
vn -0.8675 0.3411 0.3622
vn -0.7627 0.4780 0.4356
vn -0.5121 -0.5961 0.6184
vn -0.6541 -0.5482 0.5212
vn -0.1905 0.8765 0.4420
vn -0.2383 0.8699 0.4319
vn 0.0006 -0.8609 0.5089
vn -0.7670 -0.6280 0.1320
vn -0.8766 -0.4690 -0.1080
vn -0.9665 -0.2333 0.1075
vn -0.8833 -0.2995 -0.3606
vn -0.7054 -0.0516 -0.7069
vn -0.9963 0.0839 0.0199
vn -0.9785 -0.0064 -0.2063
vn -0.9143 -0.2431 -0.3241
vn -0.5603 0.7378 -0.3766
vn -0.9979 0.0612 -0.0206
vn -0.9961 -0.0510 -0.0716
vn -0.6838 -0.6493 -0.3329
vn -0.9233 -0.3707 -0.1005
vn -0.5580 0.7444 -0.3667
vn -0.7020 0.6275 -0.3369
vn -0.9534 -0.2689 -0.1368
vn -0.7538 0.5140 -0.4093
vn -0.8832 0.3379 -0.3254
vn -0.9520 -0.2673 -0.1492
vn -0.8807 0.3210 -0.3483
vn -0.9065 -0.3357 -0.2559
vn -0.9119 -0.3240 -0.2518
vn -0.9177 0.2771 -0.2848
vn -0.9984 0.0420 -0.0385
vn -0.9213 -0.2693 -0.2804
vn -0.9244 -0.2658 -0.2735
vn -0.5489 0.5380 -0.6398
vn -0.9932 -0.0963 -0.0648
vn -0.9535 0.2047 -0.2213
vn -0.9052 0.1867 -0.3819
vn -0.8734 -0.3425 -0.3463
vn -0.3392 -0.1317 -0.9315
vn -0.9860 -0.0957 -0.1365
vn -0.9570 0.1727 -0.2330
vn -0.9960 0.0170 -0.0876
vn -0.6784 -0.0444 -0.7334
vn -0.9735 0.0861 -0.2119
vn -0.9609 0.1385 -0.2397
vn -0.9591 -0.1428 -0.2446
vn -0.4496 0.8712 -0.1971
vn -0.9995 0.0168 -0.0271
vn -0.9995 0.0264 0.0160
vn -0.9580 -0.1435 -0.2483
vn -0.9717 -0.1147 -0.2065
vn -0.9994 0.0043 -0.0334
vn -0.9999 0.0161 0.0025
vn -0.9996 0.0236 0.0158
vn -0.9970 -0.0434 -0.0638
vn -0.9754 -0.1042 -0.1944
vn -0.9870 0.1556 0.0404
vn -0.9814 0.1881 0.0393
vn -1.0000 0.0023 -0.0047
vn -0.9641 -0.0600 -0.2587
vn -0.9531 -0.0731 -0.2936
vn -0.9242 -0.1117 -0.3652
vn -0.9991 -0.0269 0.0338
vn -0.6753 0.4994 -0.5427
vn -0.8670 -0.2056 -0.4539
vn -0.8116 0.5304 0.2449
vn -1.0000 0.0059 0.0014
vn -0.9950 -0.0199 -0.0975
vn -0.9636 -0.2153 -0.1588
vn -1.0000 0.0048 0.0004
vn -0.9980 -0.0603 -0.0207
vn -0.7397 0.5924 0.3191
vn -0.9983 -0.0583 -0.0078
vn -0.9997 -0.0174 0.0168
vn -0.9827 -0.1521 0.1058
vn -0.9712 -0.1993 0.1304
vn -0.9995 -0.0262 0.0173
vn -0.9666 0.2044 0.1548
vn -0.9998 0.0125 0.0145
vn -0.9304 0.2867 0.2282
vn -0.6792 0.6040 -0.4170
vn -0.9826 -0.1512 0.1076
vn -0.9886 -0.1103 0.1022
vn -0.5800 -0.6605 0.4768
vn -0.9991 0.0112 0.0409
vn -0.9282 0.2626 0.2634
vn -0.9999 -0.0004 0.0142
vn -0.9901 -0.1245 0.0652
vn -0.8740 0.3397 0.3475
vn -0.9479 -0.2469 0.2012
vn -0.9511 -0.2417 0.1921
vn -0.7698 0.6349 -0.0648
vn -0.9450 -0.2792 0.1702
vn -0.9528 -0.2553 0.1641
vn -0.8864 -0.3604 0.2906
vn -0.9127 -0.3681 0.1773
vn -0.7381 -0.6746 0.0130
vn -0.9568 -0.1647 0.2397
vn -0.9724 -0.0960 0.2126
vn -0.2261 -0.9724 0.0569
vn -0.2409 -0.9650 0.1035
vn -0.2632 -0.9565 0.1260
vn -0.1865 -0.9824 0.0114
vn -0.4983 -0.8654 0.0535
vn 0.0742 -0.9241 -0.3749
vn -0.0225 -0.8800 -0.4744
vn -0.5389 -0.8092 -0.2341
vn -0.5346 -0.8139 -0.2276
vn -0.6129 -0.7692 0.1811
vn -0.7733 -0.6189 0.1380
vn -0.6588 -0.5007 0.5615
vn -0.5837 -0.4611 0.6683
vn -0.6242 -0.5488 0.5561
vn -0.1189 -0.8496 0.5139
vn 0.7056 -0.6557 0.2686
vn 0.5233 -0.8383 0.1529
vn -0.1154 -0.9088 0.4010
vn -0.0228 -0.9515 0.3068
vn -0.3344 -0.9059 0.2597
vn -0.2920 -0.9396 0.1786
vn -0.2698 -0.9365 0.2240
vn -0.3144 -0.9022 0.2954
vn -0.3199 -0.8727 0.3688
vn -0.3222 -0.8178 0.4768
vn -0.3332 -0.8112 0.4807
vn -0.3566 -0.8443 0.3999
vn -0.3487 -0.8493 0.3963
vn -0.2433 -0.9009 0.3595
vn -0.1270 -0.9866 -0.1022
vn -0.2763 -0.9274 -0.2520
vn -0.3974 -0.9041 -0.1572
vn -0.3095 -0.9060 -0.2888
vn -0.3751 -0.8472 -0.3763
vn -0.4208 -0.7833 -0.4575
vn -0.4188 -0.7037 -0.5739
vn -0.4001 -0.6416 -0.6545
vn -0.2974 -0.5931 -0.7482
vn -0.2452 -0.5429 -0.8032
vn -0.2669 -0.5187 -0.8123
vn -0.2133 -0.4871 -0.8469
vn -0.2422 -0.4674 -0.8502
vn -0.3401 -0.4884 -0.8036
vn -0.2491 -0.5493 -0.7976
vn -0.2479 -0.6315 -0.7347
vn -0.3532 -0.7527 -0.5556
vn -0.3386 -0.8626 -0.3759
vn -0.4519 -0.8603 -0.2361
vn 0.4780 -0.7446 0.4659
vn -0.4207 -0.8222 -0.3834
vn -0.4269 -0.8983 0.1037
vn -0.2219 0.7227 0.6546
vn -0.5354 -0.7169 0.4466
vn -0.9966 0.0106 -0.0817
vn -0.9941 0.0275 -0.1049
vn -0.9958 -0.0601 -0.0692
vn -0.9968 -0.0289 -0.0741
vn -0.9954 -0.0945 -0.0176
vn -0.9922 0.1172 -0.0417
vn -0.9946 -0.0470 -0.0925
vn -0.9974 0.0152 -0.0708
vn -0.9937 0.0288 -0.1079
vn -0.9927 0.1196 -0.0126
vn -0.9911 0.1331 0.0077
vn -0.9902 -0.0887 -0.1080
vn -0.9979 -0.0357 -0.0538
vn -0.9841 0.0828 -0.1570
vn -0.9854 -0.1319 0.1079
vn -0.9866 -0.0904 -0.1359
vn -0.9987 -0.0496 0.0066
vn -0.9832 -0.1511 0.1021
vn -0.9916 0.1133 0.0624
vn -0.9945 -0.0463 -0.0942
vn -0.9802 0.1014 -0.1702
vn -0.9854 0.0684 -0.1558
vn -0.9951 0.0316 -0.0932
vn -0.9980 -0.0623 0.0038
vn -0.9990 0.0096 -0.0441
vn -0.9938 -0.0544 -0.0967
vn -0.9870 -0.0857 -0.1356
vn -0.9959 0.0184 -0.0887
vn -0.9617 -0.1844 0.2029
vn -0.9814 0.1533 0.1158
vn -0.9952 0.0799 0.0571
vn -0.9980 0.0540 0.0338
vn -0.9726 0.0619 -0.2242
vn -0.9647 -0.1911 0.1812
vn -0.9841 0.1223 0.1290
vn -0.9752 -0.0379 -0.2178
vn -0.9707 -0.0939 -0.2212
vn -0.9579 0.0529 -0.2821
vn -0.9971 -0.0707 0.0282
vn -0.9573 -0.2273 0.1788
vn -0.9660 0.0179 -0.2579
vn -0.9965 0.0826 0.0116
vn -0.9908 -0.0502 -0.1256
vn -0.9760 0.0176 -0.2170
vn -0.9901 0.0684 -0.1229
vn -0.9917 -0.0170 -0.1273
vn -0.9951 0.0170 -0.0971
vn -0.9810 0.1272 0.1467
vn -0.9794 0.1652 0.1162
vn -0.9891 0.0209 -0.1460
vn -0.9399 -0.2626 0.2185
vn -0.9430 -0.2379 0.2326
vn -0.9863 0.1343 0.0959
vn -0.9942 0.0670 -0.0843
vn -0.9985 -0.0541 0.0124
vn -0.9969 -0.0757 0.0231
vn -0.9703 -0.1781 0.1636
vn -0.8950 -0.3024 0.3279
vn -0.9810 0.1632 0.1045
vn -0.9897 0.1431 -0.0075
vn -0.9295 0.2653 0.2562
vn -0.9779 -0.1754 0.1137
vn -0.9736 0.1947 0.1188
vn -0.8964 -0.3064 0.3203
vn -0.9046 -0.2981 0.3047
vn -0.8861 -0.3299 0.3257
vn -0.9743 0.2241 0.0226
vn -0.8929 -0.3437 0.2909
vn -0.9344 0.3315 0.1304
vn -0.9000 -0.3718 0.2274
vn -0.8919 0.4030 0.2054
vn -0.9600 0.2625 0.0970
vn -0.7710 -0.4730 0.4264
vn -0.7964 -0.4773 0.3713
vn -0.8463 0.5252 0.0887
vn -0.7706 -0.5532 0.3164
vn -0.8909 0.4446 0.0927
vn -0.9508 0.3054 0.0527
vn -0.7812 -0.5384 0.3159
vn -0.7745 -0.5215 0.3581
vn -0.6731 -0.6862 0.2758
vn -0.7857 0.6185 -0.0043
vn -0.7041 -0.6669 0.2439
vn -0.6638 -0.7278 0.1725
vn -0.6010 -0.7864 0.1427
vn -0.2401 0.9707 -0.0127
vn -0.6761 -0.7237 0.1383
vn -0.9998 0.0109 -0.0165
vn -0.4236 0.8763 -0.2296
vn -0.6094 -0.7899 -0.0686
vn -0.4198 0.8772 -0.2332
vn -0.9989 0.0171 -0.0440
vn -0.9907 -0.1313 -0.0366
vn -0.9992 0.0257 -0.0309
vn -0.9962 0.0813 -0.0296
vn -0.9990 0.0171 -0.0417
vn -0.6553 -0.7547 -0.0327
vn -0.9956 0.0386 -0.0856
vn -0.9965 0.0826 -0.0122
vn -0.4836 0.8133 -0.3234
vn -0.9549 -0.2761 -0.1094
vn -0.9930 -0.1174 -0.0166
vn -0.9971 0.0663 -0.0377
vn -0.9967 0.0742 -0.0317
vn -0.5509 0.7372 -0.3912
vn -0.5534 0.7380 -0.3862
vn -0.9964 0.0630 -0.0562
vn -0.5939 0.6952 -0.4050
vn -0.9451 -0.3252 -0.0314
vn -0.9943 -0.0974 -0.0440
vn -0.9955 0.0867 -0.0381
vn -0.9919 -0.1123 -0.0589
vn -0.9923 -0.1185 -0.0350
vn -0.6797 0.5698 -0.4618
vn -0.9970 -0.0656 -0.0399
vn -0.7120 -0.6813 -0.1698
vn -0.9256 -0.3591 -0.1194
vn -0.9989 0.0232 0.0417
vn -0.6529 0.5747 -0.4934
vn -0.6901 0.5588 -0.4599
vn -0.9954 -0.0945 -0.0142
vn -0.9972 -0.0598 -0.0445
vn -0.7113 0.5071 -0.4868
vn -0.9987 -0.0386 -0.0334
vn -0.6515 0.5196 -0.5527
vn -0.9211 -0.3359 -0.1967
vn -0.9970 -0.0433 -0.0637
vn -0.6590 0.4975 -0.5640
vn -0.9175 -0.3447 -0.1984
vn -0.6806 0.4938 -0.5412
vn -0.9990 -0.0441 -0.0094
vn -0.9988 -0.0322 -0.0372
vn -0.9996 -0.0147 -0.0260
vn -0.9950 -0.0201 -0.0979
vn -0.9994 -0.0137 -0.0328
vn -1.0000 -0.0008 0.0075
vn -0.9989 -0.0233 -0.0416
vn -0.9993 -0.0355 -0.0070
vn -0.6529 0.5817 -0.4851
vn -0.9994 -0.0353 0.0057
vn -0.9999 -0.0036 -0.0151
vn -0.6598 0.6260 -0.4157
vn -0.9519 -0.2492 -0.1782
vn -0.9996 -0.0259 -0.0122
vn -0.9987 -0.0502 0.0007
vn -0.6975 0.6706 -0.2527
vn -0.6470 0.7239 -0.2396
vn -0.9999 -0.0024 -0.0160
vn -0.9998 -0.0160 -0.0114
vn -0.9996 -0.0247 -0.0114
vn -0.9944 -0.0909 0.0546
vn -0.6420 0.7334 -0.2236
vn -0.9932 -0.1114 0.0342
vn -0.6839 0.7099 -0.1682
vn -0.7757 -0.5435 -0.3208
vn -0.7465 -0.5929 -0.3021
vn -0.9491 -0.2757 -0.1520
vn -0.9968 -0.0745 0.0276
vn -0.9959 -0.0756 -0.0492
vn -0.9793 -0.1869 -0.0780
vn -0.9835 -0.1536 0.0959
vn -0.9613 -0.2538 0.1074
vn -0.9448 -0.1748 0.2772
vn -0.5038 -0.8587 -0.0935
vn -0.4240 -0.9050 -0.0352
vn -0.4355 -0.9002 0.0074
vn -0.4098 -0.9038 0.1234
vn -0.5065 -0.8582 0.0832
vn -0.4300 -0.9010 0.0575
vn -0.8769 -0.3241 -0.3549
vn -0.8939 -0.3672 -0.2572
vn -0.6238 -0.7543 0.2045
vn -0.9892 0.1222 -0.0809
vn -0.8456 -0.4903 -0.2109
vn -0.9952 0.0037 0.0974
vn -0.9636 -0.2445 0.1079
vn -0.7303 -0.6770 0.0918
vn -0.9815 -0.1829 0.0568
vn -0.9462 -0.2996 0.1219
vn -0.3705 0.9287 0.0134
vn -0.3638 0.9314 0.0152
vn -0.7798 -0.6057 0.1582
vn -0.9818 -0.1805 0.0590
vn -0.7931 -0.5683 0.2191
vn -0.5739 -0.6274 0.5263
vn -0.7118 -0.6486 0.2696
vn -0.5718 -0.8167 0.0775
vn -0.1590 -0.8401 0.5186
vn 0.3590 -0.9196 0.1595
vn -0.2688 -0.9416 0.2029
vn -0.3221 -0.9251 0.2013
vn -0.3271 -0.9257 0.1901
vn -0.3413 -0.9033 0.2598
vn -0.3548 -0.8782 0.3208
vn -0.3654 -0.8449 0.3907
vn -0.3781 -0.8114 0.4457
vn -0.6454 -0.6733 0.3607
vn -0.3281 -0.9013 0.2830
vn -0.1972 -0.9283 0.3151
vn -0.2660 -0.9512 0.1565
vn -0.2659 -0.9640 -0.0048
vn -0.6023 0.5507 0.5779
vn -0.4031 -0.8443 -0.3530
vn -0.6304 0.5091 0.5861
vn -0.4071 -0.7961 -0.4478
vn -0.4345 -0.7856 -0.4405
vn -0.6590 -0.5455 -0.5179
vn -0.4196 -0.7036 -0.5734
vn -0.5611 0.5620 0.6078
vn -0.4319 -0.6073 -0.6668
vn -0.3846 -0.6385 -0.6667
vn -0.3301 -0.5645 -0.7566
vn -0.5460 0.5411 0.6396
vn -0.5448 0.5422 0.6397
vn -0.5424 0.5534 0.6322
vn -0.5410 0.4704 0.6972
vn -0.5465 0.4789 0.6870
vn -0.2460 -0.4708 -0.8472
vn -0.2508 -0.4720 -0.8452
vn -0.5677 0.5035 0.6513
vn -0.5948 0.4585 0.6603
vn -0.3202 -0.7807 -0.5367
vn -0.6037 0.4653 0.6474
vn -0.6151 0.4424 0.6527
vn 0.0471 -0.9049 0.4230
vn -0.6138 -0.7519 0.2406
vn -0.9395 -0.2639 0.2183
vn -0.7472 -0.6497 0.1400
vn -0.6265 0.3806 0.6802
vn -0.7972 -0.4000 0.4522
vn -0.9864 -0.0613 -0.1523
vn -0.9889 -0.0249 -0.1464
vn -0.9923 0.0143 -0.1228
vn -0.9774 0.0790 -0.1963
vn -0.9951 -0.0953 -0.0261
vn -0.9960 -0.0834 -0.0327
vn -0.9794 0.0363 -0.1985
vn -0.9869 -0.0620 -0.1489
vn -0.9874 -0.1440 -0.0653
vn -0.9901 -0.1166 0.0784
vn -0.9849 0.1728 -0.0136
vn -0.9959 0.0088 -0.0901
vn -0.9959 -0.0191 -0.0885
vn -0.9790 0.1796 -0.0965
vn -0.9906 -0.1245 0.0567
vn -0.9625 0.2689 0.0365
vn -0.9913 -0.1308 -0.0117
vn -0.9883 -0.1519 -0.0130
vn -0.9822 -0.1869 0.0176
vn -0.9513 0.3026 -0.0588
vn -0.9976 0.0444 -0.0529
vn -0.9804 -0.1920 0.0431
vn -0.9219 -0.3248 0.2111
vn -0.9985 0.0488 -0.0262
vn -0.9372 0.3482 -0.0196
vn -0.9915 -0.1296 0.0099
vn -0.9230 -0.3462 0.1681
vn -0.9794 -0.2003 0.0272
vn -0.9343 -0.3178 0.1618
vn -0.9933 0.1154 -0.0101
vn -0.9493 -0.2983 0.0994
vn -0.9290 -0.3562 0.1006
vn -0.9241 0.3814 -0.0249
vn -0.9981 0.0435 -0.0427
vn -0.8878 -0.4193 0.1898
vn -0.9730 0.2215 -0.0645
vn -0.8277 -0.5428 0.1428
vn -0.7825 0.6206 -0.0512
vn -0.7523 0.6587 -0.0082
vn -0.8166 -0.5425 0.1970
vn -0.6905 -0.7207 0.0608
vn -0.7565 -0.6507 0.0662
vn -0.7540 -0.6557 -0.0392
vn -0.6585 -0.7519 -0.0321
vn -0.7157 -0.6945 -0.0737
vn -0.7696 0.5155 -0.3769
vn -0.6623 -0.7337 -0.1521
vn -0.8146 0.4468 -0.3699
vn -0.8311 0.4363 -0.3449
vn -0.7513 -0.6046 -0.2645
vn -0.8503 0.3673 -0.3769
vn -0.7715 -0.5933 -0.2298
vn -0.8220 0.3805 -0.4237
vn -0.8040 -0.5186 -0.2909
vn -0.7622 0.4306 -0.4833
vn -0.8164 -0.5106 -0.2696
vn -0.8068 -0.4835 -0.3397
vn -0.7966 -0.4876 -0.3572
vn -0.7858 -0.5046 -0.3576
vn -0.7781 -0.5290 -0.3385
vn -0.7624 -0.5250 -0.3782
vn -0.7622 -0.5253 -0.3782
vn -0.7609 0.6129 -0.2131
vn -0.7777 0.6074 -0.1622
vn -0.7659 -0.5573 -0.3205
vn -0.7629 -0.5940 -0.2551
vn -0.7310 -0.6363 -0.2466
vn -0.7549 0.6517 -0.0735
vn -0.7248 -0.6736 -0.1447
vn -0.7713 -0.6261 -0.1145
vn -0.7715 -0.6357 0.0277
vn -0.6999 -0.7131 0.0409
vn -0.7073 -0.7006 0.0936
vn -0.7983 -0.5950 0.0932
vn -0.8009 -0.5956 0.0614
vn -0.8466 -0.5272 0.0731
vn -0.8485 -0.5248 0.0680
vn -0.8543 -0.5135 0.0810
vn -0.8835 -0.4294 0.1875
vn 0.4576 0.3323 -0.8247
vn -0.9583 -0.2852 0.0200
vn 0.4459 0.3535 -0.8223
vn -0.6350 -0.6703 0.3840
vn -0.9116 0.3499 0.2160
vn 0.6263 -0.4048 0.6663
vn -0.8214 0.1323 0.5548
vn -0.6107 -0.7482 0.2592
vn -0.4877 -0.8433 0.2258
vn -0.5975 -0.6926 0.4041
vn -0.4674 0.7733 0.4285
vn -0.4732 0.5161 0.7140
vn -0.6182 0.5349 0.5760
vn -0.5322 -0.7573 -0.3785
vn -0.5351 0.5599 0.6326
vn -0.5525 -0.4251 -0.7169
vn -0.4894 -0.4218 -0.7633
vn -0.5108 -0.4039 -0.7589
vn -0.4178 -0.5171 -0.7470
vn -0.3358 -0.7770 -0.5325
vn -0.8395 0.2655 0.4741
vn -0.9722 0.0674 0.2242
vn -0.8565 0.2413 0.4563
vn -0.9551 -0.0169 0.2958
vn -0.4085 -0.8760 -0.2564
vn -0.9877 0.0094 0.1559
vn -0.8517 0.2657 0.4517
vn -0.9616 0.0655 0.2664
vn -0.0391 -0.7400 0.6715
vn -0.9885 -0.1509 0.0032
vn -0.9996 -0.0267 -0.0087
vn -0.9525 -0.3005 0.0504
vn -0.9997 -0.0226 -0.0121
vn -0.9123 -0.4094 0.0130
vn -0.9771 -0.2025 -0.0652
vn -0.9956 0.0646 -0.0684
vn -0.8762 0.4725 -0.0955
vn -0.9824 0.1397 -0.1242
vn -0.9312 -0.3642 -0.0128
vn -0.9513 -0.3078 -0.0155
vn -0.9941 0.0036 -0.1085
vn -0.7499 0.6439 -0.1515
vn -0.7248 0.6609 -0.1945
vn -0.7382 0.6495 -0.1825
vn -0.7725 -0.6339 -0.0365
vn -0.7352 0.6304 -0.2493
vn -0.7267 0.6362 -0.2589
vn -0.7670 0.5699 -0.2947
vn -0.7578 0.5696 -0.3181
vn -0.7245 -0.6817 -0.1022
vn -0.8045 -0.5824 -0.1164
vn -0.8831 0.3673 -0.2919
vn -0.7612 -0.6054 -0.2325
vn -0.8594 0.3271 -0.3931
vn -0.9516 -0.2511 -0.1769
vn -0.8388 0.3793 -0.3907
vn -0.8148 0.4410 -0.3763
vn -0.8443 0.3884 -0.3692
vn -0.9263 -0.3001 -0.2280
vn -0.7781 0.5314 -0.3350
vn -0.8108 0.5328 -0.2424
vn -0.9172 -0.3221 -0.2346
vn -0.9284 -0.3153 -0.1965
vn -0.8737 0.4800 -0.0784
vn -0.9159 -0.3486 -0.1988
vn -0.9396 -0.3125 -0.1394
vn -0.8604 0.4993 -0.1023
vn -0.9139 -0.3789 -0.1459
vn -0.8191 0.5698 -0.0663
vn -0.9162 -0.3956 -0.0636
vn -0.8283 0.5572 -0.0584
vn -0.9312 -0.3632 -0.0315
vn -0.9257 -0.3780 0.0161
vn -0.9033 -0.4273 0.0373
vn -0.9302 -0.3596 0.0735
vn -0.9007 -0.4290 0.0689
vn -0.9159 -0.3968 0.0600
vn -0.9237 -0.3808 0.0412
vn -0.9375 -0.3444 0.0496
vn -0.9275 -0.3675 0.0681
vn -0.2089 0.8012 -0.5608
vn 0.7459 0.2493 -0.6176
vn -0.9405 -0.3233 0.1043
vn -0.9164 -0.3692 0.1547
vn 0.9481 -0.2801 -0.1508
vn -0.9085 -0.3736 0.1872
vn -0.8992 0.4237 -0.1087
vn -0.9629 0.2656 0.0483
vn -0.9048 -0.3844 0.1832
vn -0.8163 -0.5519 0.1705
vn -0.7461 -0.6243 0.2315
vn -0.7583 -0.6382 0.1331
vn -0.7184 -0.6844 0.1240
vn -0.7754 -0.6066 0.1755
vn -0.7620 -0.6089 0.2205
vn -0.7830 -0.5554 0.2799
vn -0.7865 -0.5369 0.3053
vn -0.8067 -0.5066 0.3044
vn -0.8391 -0.4684 0.2765
vn -0.8489 -0.4968 0.1803
vn -0.8507 -0.4927 0.1832
vn -0.8553 -0.4908 0.1659
vn -0.8404 -0.5289 0.1184
vn -0.8307 -0.5336 0.1587
vn -0.8154 -0.5751 0.0660
vn -0.8498 -0.5272 -0.0022
vn -0.8244 -0.5611 -0.0737
vn -0.8386 -0.5384 -0.0829
vn -0.8601 -0.4810 -0.1699
vn -0.8331 0.3751 0.4066
vn -0.9163 -0.3911 -0.0862
vn -0.8137 0.3872 0.4335
vn -0.6979 0.5224 0.4899
vn -0.9240 -0.3558 -0.1401
vn -0.9117 -0.3639 -0.1906
vn -0.9379 -0.3147 -0.1459
vn -0.9048 -0.3866 -0.1784
vn -0.9001 -0.3536 -0.2546
vn -0.8828 -0.3970 -0.2511
vn -0.9911 -0.1259 0.0426
vn -0.9964 -0.0801 0.0288
vn -0.8778 -0.3290 -0.3481
vn -0.9933 -0.0592 -0.0997
vn -0.9426 0.2540 0.2170
vn -0.9930 0.0837 0.0839
vn -0.9920 -0.0778 -0.0994
vn -0.8344 -0.4199 -0.3570
vn -0.7293 0.4634 0.5033
vn -0.8048 -0.3752 -0.4599
vn -0.6443 -0.5322 -0.5493
vn -0.7336 -0.4381 -0.5195
vn -0.7392 -0.3989 -0.5427
vn -0.7714 -0.3889 -0.5036
vn -0.6013 -0.4483 -0.6614
vn -0.8075 -0.2771 -0.5207
vn -0.5963 -0.4005 -0.6957
vn -0.6143 -0.3864 -0.6879
vn -0.6877 -0.4871 -0.5383
vn -0.8016 0.2140 0.5583
vn -0.8236 0.2759 0.4955
vn -0.6882 -0.4936 -0.5318
vn -0.9340 0.0357 0.3556
vn -0.8987 0.0741 0.4322
vn -0.9341 0.0353 0.3552
vn -0.9258 0.2511 0.2827
vn -0.9251 0.2471 0.2883
vn -0.5407 -0.7848 -0.3030
vn -0.9319 0.3218 -0.1672
vn -0.9938 0.0048 -0.1110
vn -0.9382 -0.3422 -0.0510
vn -0.8705 -0.4886 -0.0599
vn -0.8995 0.4221 -0.1125
vn -0.9563 0.2627 -0.1281
vn -0.9214 0.3248 -0.2136
vn -0.9951 -0.0340 -0.0932
vn -0.9672 -0.1593 -0.1980
vn -0.8256 0.5127 -0.2356
vn -0.8715 -0.4864 -0.0631
vn -0.8466 0.4741 -0.2419
vn -0.8796 -0.4713 -0.0637
vn -0.7800 0.5072 -0.3665
vn -0.8686 0.4376 -0.2325
vn -0.8906 -0.4388 -0.1194
vn -0.9064 -0.4133 -0.0871
vn -0.8964 0.3659 -0.2500
vn -0.8871 -0.4127 -0.2065
vn -0.9284 -0.3571 -0.1028
vn -0.9105 0.2720 -0.3114
vn -0.9169 0.2731 -0.2910
vn -0.9135 0.2387 -0.3294
vn -0.9319 -0.3073 -0.1929
vn -0.9184 0.2351 -0.3183
vn -0.9377 -0.3029 -0.1700
vn -0.9077 0.2954 -0.2980
vn -0.9536 -0.2377 -0.1849
vn -0.9618 -0.2216 -0.1607
vn -0.8770 0.4516 -0.1641
vn -0.9580 -0.2430 -0.1523
vn -0.9664 -0.2294 -0.1158
vn -0.9275 0.3690 -0.0597
vn -0.9605 -0.2543 -0.1127
vn -0.9650 -0.2557 -0.0591
vn -0.9536 -0.2982 0.0410
vn -0.9516 -0.3044 0.0415
vn -0.9474 -0.3155 0.0537
vn -0.8291 0.5590 -0.0070
vn -0.9508 -0.3038 0.0614
vn -0.9564 -0.2897 0.0379
vn -0.9517 -0.3036 0.0454
vn 0.7216 0.2207 -0.6562
vn -0.9591 -0.2736 0.0732
vn -0.9551 -0.2826 0.0896
vn -0.5358 0.8075 -0.2466
vn -0.9492 -0.3104 0.0526
vn -0.9196 0.3917 0.0288
vn -0.8049 0.5933 -0.0129
vn -0.9576 0.2784 0.0737
vn -0.8609 0.1812 0.4754
vn -0.7238 0.0826 0.6850
vn -0.9387 -0.3347 0.0830
vn -0.8961 -0.4229 0.1350
vn -0.8713 -0.4830 0.0872
vn -0.7593 0.6479 0.0612
vn -0.8363 -0.5349 0.1202
vn -0.8362 -0.5351 0.1201
vn -0.7901 -0.5534 0.2636
vn -0.6786 0.7184 0.1529
vn -0.6835 0.7152 0.1457
vn -0.6442 0.2219 0.7320
vn -0.8177 0.1793 0.5470
vn -0.7959 0.3031 0.5241
vn -0.9221 -0.3869 -0.0010
vn -0.8869 0.2879 0.3612
vn -0.8760 0.3677 0.3123
vn -0.9249 -0.3686 -0.0934
vn -0.9827 0.1189 0.1420
vn -0.9968 -0.0222 0.0770
vn -0.8454 0.3959 0.3586
vn -0.9969 -0.0177 0.0761
vn -0.9283 0.2505 0.2749
vn -0.9977 -0.0096 0.0665
vn -0.9131 0.2388 0.3304
vn -0.9600 0.1681 0.2238
vn -0.9893 -0.0429 -0.1391
vn -0.9467 -0.1995 -0.2530
vn -0.9983 -0.0138 -0.0564
vn -0.9898 0.1189 0.0787
vn -0.9642 0.1814 0.1932
vn -0.9258 -0.2254 -0.3033
vn -0.9983 0.0043 -0.0585
vn -0.9280 0.2749 0.2514
vn -0.9997 0.0189 -0.0159
vn -0.9334 0.2596 0.2477
vn -0.9392 -0.1765 -0.2944
vn -0.9997 0.0189 -0.0164
vn -0.9955 0.0950 0.0046
vn -0.9873 -0.0916 -0.1298
vn -0.9842 -0.0637 -0.1654
vn -0.8556 -0.2684 -0.4427
vn -0.8577 -0.2616 -0.4426
vn -0.8279 0.3266 0.4561
vn -0.9965 0.0533 0.0650
vn -0.9997 -0.0221 -0.0068
vn -0.9999 0.0063 -0.0135
vn -0.8618 -0.2616 -0.4347
vn -0.8613 -0.2458 -0.4448
vn -0.8328 0.3142 0.4558
vn -0.8484 0.2961 0.4388
vn -0.9990 -0.0157 0.0426
vn -0.9962 0.0732 0.0468
vn -0.8557 -0.2470 -0.4547
vn -0.9934 -0.0587 -0.0984
vn -0.8512 -0.2302 -0.4717
vn -0.8311 -0.2652 -0.4889
vn -0.9272 0.1609 0.3381
vn -0.9834 -0.0327 0.1782
vn -0.9988 0.0165 0.0456
vn -0.9260 0.1698 0.3372
vn -0.9974 0.0164 0.0704
vn -0.9769 0.0572 0.2059
vn -0.9974 0.0150 0.0711
vn -0.8478 -0.2615 -0.4614
vn -0.9958 0.0113 0.0906
vn -0.8754 -0.2779 -0.3956
vn -0.8763 -0.2734 -0.3966
vn -0.9704 -0.0056 0.2413
vn -0.9791 0.2013 0.0281
vn -0.8502 -0.3905 -0.3530
vn -0.9121 0.2741 0.3049
vn -0.9246 0.3617 0.1197
vn -0.7701 -0.5973 -0.2238
vn -0.9022 -0.4244 -0.0767
vn -0.7662 0.5224 0.3743
vn -0.9631 0.2332 -0.1344
vn -0.9945 0.0266 -0.1010
vn -0.9916 0.0454 -0.1209
vn -0.9941 -0.0666 -0.0861
vn -0.9561 0.2679 -0.1190
vn -0.9415 0.2971 -0.1591
vn -0.9742 0.1944 -0.1146
vn -0.9942 -0.0844 -0.0666
vn -0.9803 -0.1936 -0.0384
vn -0.9430 -0.3317 -0.0282
vn -0.9346 0.3185 -0.1584
vn -0.9435 0.3052 -0.1288
vn -0.9524 -0.2996 -0.0558
vn -0.9414 0.2939 -0.1656
vn -0.9493 0.2571 -0.1811
vn -0.9479 -0.3073 -0.0843
vn -0.9403 0.2267 -0.2538
vn -0.9668 -0.2255 -0.1200
vn -0.9535 0.2328 -0.1915
vn -0.9662 -0.2220 -0.1312
vn -0.9609 0.2304 -0.1535
vn -0.9747 -0.1831 -0.1283
vn -0.9547 0.2657 -0.1342
vn -0.9792 -0.1763 -0.1003
vn -0.9790 -0.1773 -0.1010
vn -0.9864 -0.1567 -0.0496
vn -0.9644 0.2600 -0.0480
vn -0.9509 0.3022 -0.0671
vn -0.9788 -0.1782 -0.1008
vn -0.9506 0.3053 -0.0564
vn -0.9653 -0.2545 -0.0581
vn -0.9321 0.3589 -0.0485
vn -0.9409 0.3327 -0.0633
vn -0.9436 0.3289 -0.0379
vn -0.9533 0.3008 -0.0277
vn -0.9545 -0.2946 0.0470
vn -0.9583 -0.2835 0.0351
vn -0.9547 0.2969 -0.0179
vn -0.9562 -0.2815 0.0797
vn -0.9626 -0.2654 0.0541
vn -0.9475 0.3198 -0.0090
vn -0.9730 -0.2266 0.0440
vn -0.9501 0.3118 -0.0049
vn 0.4869 0.0347 -0.8727
vn 0.7457 -0.2465 -0.6190
vn -0.9729 -0.2266 0.0468
vn -0.9479 0.2854 0.1418
vn -0.9476 0.3054 0.0942
vn -0.9559 0.2932 -0.0176
vn -0.9596 -0.2763 0.0524
vn -0.9451 0.3098 0.1041
vn -0.9454 0.3255 -0.0155
vn -0.4939 -0.1194 0.8613
vn -0.9213 -0.3813 0.0769
vn -0.7944 0.6073 0.0088
vn -0.9250 -0.3753 0.0595
vn -0.8417 0.5358 0.0671
vn -0.9136 0.4041 0.0460
vn -0.8768 -0.4675 0.1122
vn -0.8760 -0.4699 0.1089
vn -0.8601 -0.4858 0.1558
vn -0.8683 0.4849 0.1047
vn -0.8678 -0.4463 0.2184
vn -0.8586 -0.4676 0.2100
vn -0.8677 0.4857 0.1056
vn -0.8719 0.4766 0.1126
vn -0.8837 -0.3836 0.2683
vn -0.8616 -0.4322 0.2662
vn -0.8711 0.4823 0.0922
vn -0.8918 -0.3785 0.2480
vn -0.8539 0.4928 0.1674
vn -0.8912 -0.3816 0.2451
vn -0.9208 -0.3635 0.1414
vn -0.7361 0.6015 0.3104
vn -0.9165 -0.3784 0.1295
vn -0.9186 -0.3756 0.1227
vn -0.9175 -0.3941 0.0535
vn -0.9802 -0.1834 0.0752
vn -0.9203 -0.3864 0.0611
vn -0.7804 0.1081 0.6159
vn -0.9449 -0.0476 0.3238
vn -0.9648 0.0759 0.2517
vn -0.9833 -0.0183 0.1810
vn -0.9871 0.0198 0.1589
vn -0.7887 0.1710 0.5905
vn -0.9917 -0.0807 0.1004
vn -0.9893 -0.0499 0.1373
vn -0.9509 -0.3072 -0.0377
vn -0.8938 0.1178 0.4327
vn -0.9226 0.2595 0.2855
vn -0.9728 0.0518 0.2259
vn -0.9935 -0.0384 0.1069
vn -0.9908 -0.0770 0.1110
vn -0.9786 0.1227 0.1650
vn -0.9870 0.0533 0.1514
vn -0.9969 -0.0234 0.0747
vn -0.9734 0.1970 -0.1174
vn -0.9941 -0.0856 -0.0672
vn -0.9782 0.1783 -0.1063
vn -0.9944 -0.0696 -0.0798
vn -0.9878 -0.1434 -0.0601
vn -0.9740 -0.2185 -0.0595
vn -0.9794 0.1624 -0.1198
vn -0.9630 -0.2652 -0.0473
vn -0.9674 0.2126 -0.1376
vn -0.9869 -0.1445 -0.0712
vn -0.9642 0.1977 -0.1768
vn -0.9577 -0.2632 -0.1167
vn -0.9685 0.1495 -0.1992
vn -0.9688 -0.2324 -0.0855
vn -0.9756 0.1024 -0.1944
vn -0.9769 0.1528 -0.1492
vn -0.9817 0.1501 -0.1174
vn -0.9688 -0.2324 -0.0861
vn -0.9793 0.1694 -0.1111
vn -0.9705 -0.2091 -0.1202
vn -0.9807 0.1799 -0.0772
vn -0.9765 -0.2035 -0.0716
vn -0.9859 -0.1590 -0.0526
vn -0.9792 -0.1308 -0.1553
vn -0.9778 -0.1514 -0.1446
vn -0.9766 -0.1853 -0.1091
vn -0.9718 0.2260 -0.0669
vn -0.9767 -0.1859 -0.1070
vn -0.9666 0.2518 -0.0475
vn -0.9659 -0.2590 -0.0064
vn -0.9761 -0.2174 0.0014
vn -0.9672 0.2521 -0.0296
vn -0.9722 -0.2314 0.0358
vn -0.9656 0.2595 -0.0161
vn -0.9658 -0.2496 0.0702
vn -0.9740 -0.2173 0.0645
vn 0.4049 -0.1931 -0.8937
vn -0.9647 0.2634 -0.0045
vn -0.9653 0.2611 -0.0055
vn -0.7874 0.3896 -0.4777
vn -0.9730 -0.2248 0.0516
vn -0.9062 0.4138 -0.0864
vn -0.9730 -0.2258 0.0470
vn -0.9513 0.2810 0.1266
vn -0.9715 -0.2342 0.0365
vn -0.9688 0.2213 0.1114
vn -0.9725 -0.2329 0.0055
vn -0.9678 0.2339 0.0931
vn -0.9684 0.2329 0.0895
vn -0.9486 0.3155 -0.0236
vn -0.9568 -0.2900 -0.0228
vn -0.9378 -0.3429 0.0537
vn -0.9475 0.3193 -0.0146
vn -0.9345 -0.3559 0.0104
vn -0.9115 -0.4077 0.0545
vn -0.9114 -0.4073 0.0590
vn -0.9115 -0.4072 0.0586
vn -0.9097 0.4132 0.0417
vn -0.9028 0.4237 0.0739
vn -0.9205 -0.3123 0.2347
vn -0.9976 0.0067 0.0685
vn -0.9904 -0.0794 0.1127
vn -0.9917 -0.0665 0.1103
vn -0.9321 -0.2773 0.2331
vn -0.9976 0.0065 0.0684
vn -0.9912 -0.1199 0.0563
vn -0.9436 -0.2958 0.1489
vn -0.8466 0.5082 0.1580
vn -0.9995 -0.0296 0.0075
vn -0.9851 -0.0997 0.1401
vn -0.9980 -0.0612 0.0170
vn -0.9898 -0.1202 0.0760
vn -0.9878 -0.1435 0.0602
vn -0.8425 0.5113 0.1693
vn -0.9988 -0.0443 0.0185
vn -0.9963 -0.0718 0.0473
vn -0.9827 -0.1763 0.0572
vn -0.3737 -0.8986 0.2301
vn -0.9989 -0.0392 0.0258
vn -0.9822 -0.1878 -0.0095
vn -0.9937 -0.0657 0.0911
vn -0.9800 -0.1420 0.1392
vn -0.9820 -0.1876 0.0216
vn -0.9929 -0.0293 0.1154
vn -0.9937 -0.0642 0.0917
vn -0.8383 -0.2838 0.4654
vn -0.9809 -0.1242 0.1500
vn -0.7762 -0.0673 0.6269
vn -0.8471 -0.2926 0.4436
vn -0.8650 -0.1116 0.4893
vn -0.9757 0.1699 -0.1385
vn -0.9961 -0.0520 -0.0713
vn -0.9827 0.1427 -0.1178
vn -0.9956 -0.0376 -0.0856
vn -0.9847 -0.1566 -0.0768
vn -0.9864 -0.1267 -0.1044
vn -0.9763 0.1698 -0.1343
vn -0.9798 0.1421 -0.1405
vn -0.9833 -0.1782 -0.0361
vn -0.9814 0.1511 -0.1188
vn -0.9832 -0.1784 -0.0376
vn -0.9859 0.1509 -0.0728
vn -0.9835 0.1594 -0.0854
vn -0.9829 0.1578 -0.0954
vn -0.9799 -0.1287 -0.1525
vn -0.9792 0.1900 -0.0717
vn -0.9802 -0.1822 -0.0779
vn -0.9819 -0.1886 -0.0190
vn -0.9839 -0.1788 -0.0087
vn -0.9630 0.2663 -0.0423
vn -0.9659 0.2578 -0.0247
vn -0.9746 -0.2198 0.0417
vn -0.9747 -0.2198 0.0413
vn -0.9757 -0.2116 0.0563
vn -0.8228 0.2788 -0.4952
vn 0.4308 -0.3470 -0.8331
vn 0.4743 -0.5852 -0.6577
vn -0.9613 -0.2741 0.0274
vn -0.9605 0.2364 0.1465
vn -0.9653 0.2443 0.0920
vn -0.0462 -0.7301 0.6818
vn -0.9574 0.2862 -0.0386
vn -0.9680 -0.2510 -0.0038
vn -0.7264 -0.1888 0.6609
vn -0.7572 -0.1296 0.6402
vn -0.2845 -0.4622 0.8399
vn -0.9669 -0.2545 -0.0165
vn -0.9479 -0.3118 -0.0650
vn -0.9563 0.2910 -0.0294
vn -0.9467 0.3216 -0.0173
vn -0.9249 -0.3797 0.0195
vn -0.9402 0.3406 0.0049
vn -0.9176 -0.3917 0.0672
vn -0.9005 -0.4232 0.0997
vn -0.9098 -0.3725 0.1834
vn -0.9089 -0.3717 0.1890
vn -0.9235 0.3761 0.0749
vn -0.9798 0.0139 0.1997
vn -0.9947 -0.0616 0.0827
vn -0.9221 -0.3100 0.2316
vn -0.9573 -0.1776 0.2282
vn -0.9901 0.0095 0.1403
vn -0.9707 -0.1793 0.1597
vn -0.9376 0.3430 0.0573
vn -0.9625 0.2705 0.0218
vn -0.9708 -0.1519 0.1855
vn -0.9441 0.3296 0.0052
vn -0.9688 -0.2215 0.1110
vn -0.9800 -0.1629 0.1143
vn -0.7810 -0.0250 -0.6241
vn -0.7052 -0.4292 -0.5643
vn -0.6360 -0.3345 -0.6955
vn -0.8035 0.5892 0.0854
vn -0.4004 -0.8607 -0.3145
vn -0.7525 0.6425 0.1445
vn -0.5248 -0.8266 -0.2033
vn -0.4817 -0.8612 0.1619
vn -0.4949 0.7561 0.4284
vn -0.3601 -0.6663 0.6530
vn -0.4550 -0.5992 0.6588
vn -0.9956 -0.0928 0.0120
vn -0.9089 -0.1440 0.3913
vn -0.9068 -0.3641 0.2125
vn -0.8659 -0.0913 0.4919
vn -0.9828 0.1430 -0.1172
vn -0.9948 -0.0491 -0.0890
vn -0.9889 -0.1365 -0.0591
vn -0.9877 -0.1549 -0.0230
vn -0.9813 0.1610 -0.1058
vn -0.9723 0.2195 -0.0805
vn -0.9830 -0.1241 -0.1352
vn -0.9848 -0.1736 0.0089
vn -0.9834 -0.1734 0.0539
vn -0.9388 0.3437 -0.0250
vn -0.9805 -0.1965 0.0104
vn -0.9371 0.3488 -0.0123
vn -0.9640 0.2523 0.0839
vn -0.0888 -0.3501 -0.9325
vn -0.4776 -0.4907 -0.7288
vn -0.9538 0.2601 0.1507
vn -0.9720 0.1901 0.1381
vn -0.7173 -0.6635 -0.2125
vn -0.6504 -0.7581 0.0472
vn -0.7102 -0.7038 0.0174
vn -0.9573 -0.2891 0.0088
vn -0.9776 0.1149 0.1765
vn -0.8306 -0.4209 0.3645
vn -0.9439 -0.0673 0.3233
vn -0.9289 0.3676 -0.0449
vn -0.9600 -0.2799 0.0121
vn -0.9651 -0.2555 -0.0578
vn -0.9259 -0.3684 -0.0834
vn -0.9286 -0.3455 -0.1355
vn -0.9667 -0.2484 -0.0606
vn -0.9262 -0.3498 -0.1404
vn -0.5467 -0.7974 -0.2557
vn -0.8881 -0.4593 -0.0158
vn -0.9143 -0.4011 0.0565
vn -0.9247 -0.3750 0.0654
vn -0.9394 0.3429 0.0010
vn -0.9292 -0.2717 0.2504
vn -0.9387 0.3433 0.0321
vn -0.9347 -0.3505 0.0594
vn -0.9353 -0.3491 0.0583
vn -0.9361 0.3510 0.0216
vn -0.9451 0.3248 0.0369
vn -0.9413 -0.3278 0.0802
vn -0.9469 0.3004 0.1144
vn -0.9366 -0.0943 0.3375
vn -0.9353 0.3469 0.0706
vn -0.9402 -0.1969 0.2780
vn -0.9820 -0.0985 0.1611
vn -0.9952 0.0935 0.0299
vn -0.9807 -0.0841 0.1765
vn -0.9943 0.1014 0.0323
vn -0.9957 -0.0833 0.0412
vn -0.9812 -0.1841 -0.0576
vn -0.9967 0.0671 0.0451
vn -0.9949 -0.0411 -0.0917
vn -0.9807 0.1942 -0.0224
vn -0.7405 0.3995 -0.5404
vn -0.8434 0.0493 -0.5349
vn -0.8105 -0.4073 -0.4210
vn -0.9818 0.1890 -0.0198
vn -0.8348 0.5505 -0.0095
vn -0.7938 -0.5797 -0.1842
vn -0.8314 0.5555 -0.0141
vn -0.8914 -0.4503 0.0509
vn -0.7796 0.5249 0.3417
vn -0.8092 0.4416 0.3875
vn -0.8381 -0.5272 0.1403
vn -0.9821 0.1731 0.0738
vn -0.8093 -0.5776 -0.1069
vn -0.7170 0.3697 0.5909
vn -0.8002 -0.4280 0.4201
vn -0.9951 -0.0013 0.0987
vn -0.9921 0.1005 -0.0749
vn -0.9972 -0.0476 -0.0571
vn -0.9921 0.1003 -0.0750
vn -0.9953 -0.0888 -0.0375
vn -0.9961 -0.0680 -0.0554
vn -0.9936 -0.1084 -0.0308
vn -0.9931 -0.0649 -0.0975
vn -0.9844 0.1460 -0.0980
vn -0.9898 0.0968 -0.1043
vn -0.9862 -0.1235 -0.1099
vn -0.9893 0.1079 -0.0983
vn -0.9940 -0.0570 -0.0937
vn -0.9874 -0.1111 -0.1129
vn -0.9880 -0.1536 -0.0170
vn -0.9927 0.1044 -0.0596
vn -0.9918 -0.1198 -0.0451
vn -0.9870 0.1448 -0.0701
vn -0.9673 0.2442 -0.0687
vn -0.9929 0.1021 -0.0610
vn -0.9930 -0.1119 -0.0365
vn -0.9899 0.1272 -0.0632
vn -0.9542 0.2961 -0.0420
vn -0.9851 -0.1715 0.0093
vn -0.9927 -0.1199 0.0149
vn -0.9922 -0.1238 0.0118
vn -0.9868 -0.1608 0.0191
vn -0.9931 0.1140 -0.0266
vn -0.9924 -0.1209 0.0210
vn -0.9860 -0.1608 0.0440
vn -0.9883 -0.1440 0.0497
vn -0.9541 0.2967 -0.0400
vn -0.9944 0.0967 -0.0436
vn -0.9426 0.3303 -0.0492
vn -0.9873 -0.1590 -0.0034
vn -0.9876 -0.1562 -0.0121
vn -0.9800 -0.1987 0.0092
vn -0.9807 -0.1955 -0.0003
vn -0.9820 -0.1819 -0.0502
vn -0.9403 0.3391 -0.0308
vn -0.9838 -0.1620 -0.0764
vn -0.9646 -0.2580 -0.0545
vn -0.9919 -0.0749 -0.1022
vn -0.9636 -0.2629 -0.0492
vn -0.9974 -0.0551 -0.0454
vn -0.9323 -0.3613 0.0177
vn -0.9078 -0.4174 -0.0398
vn -0.9679 -0.2509 -0.0122
vn -0.9681 -0.2503 -0.0125
vn -0.9353 -0.2482 -0.2521
vn -0.7494 -0.3686 -0.5501
vn -0.2350 -0.2488 -0.9396
vn -0.9040 -0.4023 -0.1446
vn -0.0448 -0.7434 -0.6674
vn -0.8308 -0.4256 -0.3587
vn -0.8058 -0.3720 -0.4607
vn -0.6962 -0.6750 -0.2444
vn -0.6839 -0.6586 -0.3139
vn 0.3011 -0.6314 -0.7146
vn -0.0705 -0.9961 -0.0539
vn -0.9279 0.3720 -0.0233
vn -0.7885 -0.6086 -0.0885
vn 0.1106 -0.9870 0.1165
vn -0.4908 -0.7066 0.5098
vn -0.8038 -0.5777 0.1421
vn -0.9270 -0.3447 0.1480
vn -0.9380 -0.2805 0.2034
vn -0.9391 0.3436 0.0025
vn -0.9808 -0.1762 0.0840
vn -0.9814 -0.1162 0.1530
vn -0.9811 -0.1764 0.0793
vn -0.9590 -0.0813 0.2715
vn -0.9604 -0.1330 0.2447
vn -0.9596 -0.0833 0.2688
vn -0.9451 -0.1554 0.2874
vn -0.9592 0.2679 0.0903
vn -0.9872 0.0451 0.1528
vn -0.9795 -0.0603 0.1924
vn -0.9579 -0.1583 0.2394
vn -0.9868 0.0516 0.1537
vn -0.9671 -0.1047 0.2318
vn -0.9915 -0.0651 -0.1128
vn -0.9862 -0.1409 -0.0870
vn -0.9994 0.0256 -0.0251
vn -0.9740 -0.2248 0.0282
vn -0.9912 -0.0064 0.1323
vn -0.9831 -0.0921 0.1585
vn -0.9976 -0.0529 -0.0442
vn -0.9974 -0.0634 -0.0356
vn -0.9970 0.0734 -0.0261
vn -0.9981 -0.0604 -0.0140
vn -0.9969 -0.0791 0.0024
vn -0.9969 0.0736 -0.0259
vn -0.9964 -0.0795 0.0292
vn -0.9975 0.0699 -0.0129
vn -0.9933 -0.1145 -0.0159
vn -0.9911 -0.1330 -0.0035
vn -0.9962 0.0797 -0.0349
vn -0.9991 0.0272 -0.0329
vn -0.9921 -0.1199 -0.0366
vn -0.9996 0.0229 -0.0155
vn -0.9962 0.0798 -0.0348
vn -0.9952 -0.0975 -0.0082
vn -0.9997 -0.0218 0.0062
vn -0.9997 0.0200 -0.0155
vn -0.9977 0.0412 -0.0534
vn -0.9997 -0.0204 -0.0164
vn -0.9985 -0.0494 -0.0238
vn -0.9980 -0.0456 -0.0438
vn -0.9988 -0.0382 -0.0300
vn -0.9926 -0.0461 -0.1122
vn 0.9273 -0.2735 -0.2555
vn -0.9916 -0.0616 -0.1140
vn -0.9121 0.0038 -0.4099
vn 0.6352 -0.1079 -0.7648
vn -0.3618 0.2095 -0.9084
vn -0.9427 0.3313 -0.0405
vn -0.9940 0.0933 -0.0565
vn -0.5546 0.1136 -0.8243
vn -0.9517 -0.0193 -0.3064
vn 0.4515 0.0339 -0.8916
vn -0.1567 -0.0174 -0.9875
vn -0.9431 0.0170 -0.3321
vn 0.1112 0.1358 -0.9845
vn -0.3859 0.1718 -0.9064
vn -0.9984 0.0556 -0.0103
vn -0.3128 -0.8722 0.3761
vn -0.9444 0.3288 0.0040
vn -0.8291 -0.1535 0.5377
vn -0.7941 -0.4072 0.4512
vn -0.9509 0.3093 0.0112
vn -0.9408 -0.2714 0.2031
vn -0.9396 -0.2076 0.2720
vn -0.9949 0.0942 0.0351
vn -0.9986 0.0502 0.0150
vn -0.9955 -0.0802 0.0509
vn -0.9760 -0.1960 0.0946
vn -0.9980 0.0623 -0.0122
vn -0.9997 0.0169 -0.0153
vn -0.9990 -0.0191 -0.0399
vn -0.9928 -0.1196 -0.0030
vn -0.9928 -0.1198 -0.0021
vn -0.9862 -0.1276 0.1056
vn -0.9921 0.1087 0.0626
vn -0.9526 0.3016 0.0400
vn -0.9794 -0.1983 0.0372
vn -0.9874 -0.0912 0.1292
vn -0.9625 0.2645 0.0603
vn -0.9913 -0.0246 0.1289
vn -0.9897 -0.0411 0.1374
vn -0.9766 -0.1316 0.1703
vn -0.9763 -0.1388 0.1660
vn -0.9919 0.0502 0.1167
vn -0.9630 0.2577 0.0784
vn -0.9815 0.0630 0.1808
vn -0.9757 -0.0496 0.2136
vn -0.9695 -0.0708 0.2345
vn -0.2497 -0.9317 0.2639
vn -0.2121 -0.9671 0.1406
vn -0.2415 -0.9101 0.3369
vn -0.9187 -0.2874 0.2708
vn -0.8794 0.4761 -0.0038
vn -0.9878 0.1273 0.0901
vn -0.6546 0.6112 0.4450
vn -0.9306 -0.2925 0.2199
vn -0.9766 -0.0817 0.1992
vn -0.9601 -0.1382 0.2430
vn -0.9660 -0.0059 0.2583
vn -0.2603 -0.3689 0.8923
vn -0.9724 0.0802 0.2193
vn -0.9255 -0.0526 0.3751
vn -0.9954 0.0897 0.0344
vn -0.9785 -0.0197 0.2054
vn -0.9798 -0.0748 0.1856
vn -0.9900 -0.0271 0.1387
vn -0.9853 -0.0788 0.1517
vn -0.5176 -0.8483 0.1122
vn -0.9447 -0.1734 0.2783
vn -0.9542 0.1748 0.2429
vn -0.9924 0.0494 0.1131
vn -0.9721 -0.0120 0.2342
vn 0.9231 -0.1306 -0.3617
vn -0.0432 -0.9856 -0.1636
vn -0.4589 -0.8814 0.1117
vn -0.9597 0.0567 0.2751
vn -0.9696 -0.0725 0.2338
vn -0.9697 -0.0846 0.2290
vn -0.9758 -0.0319 0.2163
vn -0.9717 0.0258 0.2350
vn -0.9743 0.0182 0.2244
vn -0.9667 -0.0516 0.2505
vn -0.9521 -0.0866 0.2933
vn -0.9373 0.2235 0.2674
vn -0.7962 -0.6050 0.0042
vn -0.9685 0.0082 0.2488
vn -0.9700 -0.0333 0.2408
vn 0.9728 0.0284 -0.2299
vn 0.5275 -0.5962 -0.6052
vn -0.4134 -0.9096 -0.0412
vn -0.3935 -0.9172 -0.0623
vn -0.6758 -0.7232 0.1422
vn -0.6135 -0.7897 -0.0012
vn -0.9562 -0.0453 0.2893
vn -0.9787 0.0052 0.2053
vn -0.9759 0.0016 0.2182
vn -0.9695 -0.0292 0.2432
vn 0.9278 -0.0413 -0.3709
vn 0.5059 -0.6574 -0.5585
vn -0.6062 -0.7927 -0.0640
vn -0.9596 -0.0055 0.2814
vn -0.9663 0.0022 0.2575
vn -0.9739 0.0264 0.2253
vn -0.9625 -0.0312 0.2693
vn -0.9421 -0.0669 0.3286
vn -0.9653 0.0316 0.2594
vn -0.9456 0.0271 0.3241
vn -0.9658 -0.1707 0.1954
vn -0.9021 0.2836 0.3252
vn -0.9700 0.0224 0.2420
vn -0.9689 0.0044 0.2473
vn -0.9418 0.0085 0.3362
vn 0.9266 -0.0384 -0.3741
vn -0.9753 0.0323 0.2186
vn -0.9633 0.0485 0.2640
vn 0.4851 -0.5334 -0.6930
vn -0.9469 0.0511 0.3174
vn -0.9369 0.0437 0.3469
vn -0.9481 -0.2660 0.1741
vn -0.9303 -0.0009 0.3668
vn 0.4940 0.2196 -0.8413
vn -0.9718 0.1527 0.1798
vn 0.3314 -0.6582 -0.6759
vn -0.9665 0.0508 0.2516
vn -0.9489 0.0650 0.3087
vn 0.3366 -0.6512 -0.6802
vn -0.9185 0.0695 0.3893
vn -0.0787 0.1039 -0.9915
vn 0.6369 -0.1071 -0.7634
vn -0.6951 -0.2663 -0.6678
vn 0.5037 -0.3115 -0.8057
vn -0.9504 0.2680 0.1577
vn -0.9408 0.0635 0.3330
vn -0.9368 0.0742 0.3420
vn -0.2480 -0.5516 -0.7964
vn -0.9366 0.0731 0.3428
vn -0.9315 0.0900 0.3525
vn -0.9832 -0.0780 0.1652
vn -0.9336 0.0758 0.3501
vn -0.9343 0.0749 0.3484
vt 0.123928 0.452208
vt 0.127968 0.431276
vt 0.128898 0.432880
vt 0.210245 0.202441
vt 0.220077 0.205135
vt 0.197744 0.196018
vt 0.476963 0.077111
vt 0.481482 0.083700
vt 0.478219 0.081092
vt 0.233031 0.206276
vt 0.236752 0.204544
vt 0.201686 0.177435
vt 0.138743 0.760802
vt 0.161780 0.760802
vt 0.150481 0.758745
vt 0.179737 0.182123
vt 0.249783 0.199039
vt 0.256687 0.192301
vt 0.216553 0.181095
vt 0.167094 0.165913
vt 0.163804 0.158998
vt 0.483251 0.094453
vt 0.487357 0.097050
vt 0.489145 0.102517
vt 0.227643 0.173596
vt 0.261194 0.182879
vt 0.200758 0.164264
vt 0.184061 0.153150
vt 0.169874 0.140456
vt 0.156037 0.144955
vt 0.495448 0.103809
vt 0.498399 0.108396
vt 0.262304 0.176036
vt 0.260787 0.167266
vt 0.234971 0.155803
vt 0.209430 0.140631
vt 0.190265 0.143897
vt 0.152070 0.129768
vt 0.505362 0.110977
vt 0.508771 0.108063
vt 0.526597 0.111625
vt 0.261601 0.155607
vt 0.258113 0.143687
vt 0.178214 0.125336
vt 0.150025 0.120051
vt 0.170792 0.108470
vt 0.525930 0.108890
vt 0.536918 0.109738
vt 0.260163 0.145556
vt 0.228726 0.117443
vt 0.257050 0.134017
vt 0.253993 0.121991
vt 0.195442 0.105171
vt 0.149215 0.103665
vt 0.257745 0.129863
vt 0.251838 0.101637
vt 0.174245 0.085145
vt 0.255262 0.118905
vt 0.222677 0.083932
vt 0.254110 0.104167
vt 0.564631 0.108346
vt 0.567533 0.106308
vt 0.579703 0.109686
vt 0.255070 0.092739
vt 0.151771 0.081609
vt 0.253058 0.088566
vt 0.824520 0.891461
vt 0.834031 0.890432
vt 0.810995 0.890432
vt 0.253977 0.079422
vt 0.192470 0.062359
vt 0.163587 0.059784
vt 0.157959 0.063261
vt 0.218167 0.061314
vt 0.917801 0.198270
vt 0.916520 0.194838
vt 0.917801 0.186728
vt 0.251878 0.069058
vt 0.241114 0.064761
vt 0.830963 0.176941
vt 0.829947 0.173354
vt 0.835304 0.182406
vt 0.912565 0.191885
vt 0.198429 0.036901
vt 0.183908 0.046914
vt 0.172645 0.045181
vt 0.256783 0.048902
vt 0.244560 0.047378
vt 0.221254 0.036441
vt 0.841668 0.174810
vt 0.856021 0.186728
vt 0.181572 0.039497
vt 0.777989 0.628661
vt 0.791368 0.644354
vt 0.776342 0.634161
vt 0.821466 0.772336
vt 0.825251 0.770018
vt 0.823425 0.755658
vt 0.811005 0.646651
vt 0.788112 0.656174
vt 0.206724 0.033072
vt 0.199627 0.034966
vt 0.262304 0.030515
vt 0.249999 0.029872
vt 0.223651 0.026235
vt 0.632197 0.598008
vt 0.618729 0.611345
vt 0.584906 0.605260
vt 0.996801 0.318573
vt 0.976058 0.322281
vt 0.998166 0.352212
vt 0.643701 0.616103
vt 0.995300 0.293725
vt 0.974245 0.293296
vt 0.689815 0.593803
vt 0.690191 0.610622
vt 0.696136 0.629275
vt 0.966837 0.256643
vt 0.962799 0.277968
vt 0.988814 0.241119
vt 0.961524 0.225752
vt 0.731158 0.605747
vt 0.726881 0.596087
vt 0.742746 0.628878
vt 0.729412 0.639343
vt 0.982876 0.207557
vt 0.955124 0.184324
vt 0.955975 0.209303
vt 0.752527 0.648039
vt 0.977178 0.184020
vt 0.785817 0.621798
vt 0.764637 0.633723
vt 0.756052 0.591973
vt 0.784057 0.607280
vt 0.761249 0.647320
vt 0.763645 0.653885
vt 0.754274 0.672280
vt 0.953284 0.178744
vt 0.756514 0.675833
vt 0.822775 0.774263
vt 0.830890 0.768539
vt 0.828716 0.612685
vt 0.824151 0.781379
vt 0.830890 0.775452
vt 0.556454 0.799136
vt 0.564034 0.813154
vt 0.556599 0.813544
vt 0.566925 0.798632
vt 0.823617 0.631872
vt 0.806791 0.658232
vt 0.822546 0.674269
vt 0.799744 0.683833
vt 0.824407 0.650129
vt 0.820784 0.661714
vt 0.848543 0.625523
vt 0.586107 0.784105
vt 0.606741 0.816179
vt 0.851909 0.636233
vt 0.841933 0.665821
vt 0.602517 0.771636
vt 0.606007 0.799974
vt 0.855744 0.653331
vt 0.630125 0.763671
vt 0.999476 0.430067
vt 0.988980 0.384138
vt 0.975883 0.433877
vt 0.505702 0.578596
vt 0.531592 0.576979
vt 0.506518 0.592489
vt 0.553654 0.599393
vt 0.557269 0.578100
vt 0.999361 0.383337
vt 0.592636 0.585658
vt 0.589694 0.560766
vt 0.974300 0.385922
vt 0.963550 0.357295
vt 0.601839 0.567857
vt 0.955384 0.335290
vt 0.931366 0.367060
vt 0.613949 0.551883
vt 0.648422 0.583947
vt 0.657843 0.571743
vt 0.949129 0.299651
vt 0.921936 0.333110
vt 0.920619 0.307135
vt 0.936620 0.247643
vt 0.952103 0.240928
vt 0.945161 0.211648
vt 0.757968 0.386876
vt 0.756753 0.398929
vt 0.749644 0.403049
vt 0.490523 0.815412
vt 0.487420 0.830032
vt 0.456275 0.831075
vt 0.723347 0.571193
vt 0.505804 0.828875
vt 0.943008 0.188981
vt 0.513589 0.813090
vt 0.528877 0.828598
vt 0.939811 0.176440
vt 0.526713 0.813506
vt 0.792656 0.595602
vt 0.530520 0.814998
vt 0.534393 0.818284
vt 0.537819 0.821656
vt 0.540757 0.826595
vt 0.549131 0.834630
vt 0.548323 0.826118
vt 0.553908 0.826466
vt 0.598255 0.824512
vt 0.558783 0.821559
vt 0.841216 0.593269
vt 0.868418 0.605539
vt 0.870593 0.620484
vt 0.889332 0.632341
vt 0.612941 0.756810
vt 0.621861 0.787588
vt 0.622053 0.813706
vt 0.889204 0.644626
vt 0.643040 0.741744
vt 0.645493 0.749561
vt 0.648794 0.790965
vt 0.479023 0.588294
vt 0.999361 0.457347
vt 0.985486 0.476742
vt 0.940652 0.396924
vt 0.565544 0.544476
vt 0.656466 0.557618
vt 0.890656 0.349486
vt 0.399719 0.858374
vt 0.401598 0.829275
vt 0.435418 0.855376
vt 0.472145 0.870875
vt 0.499513 0.841595
vt 0.774813 0.377231
vt 0.767056 0.382632
vt 0.140838 0.181584
vt 0.140337 0.162521
vt 0.138221 0.165943
vt 0.070681 0.747848
vt 0.073822 0.738169
vt 0.073822 0.750514
vt 0.759098 0.415161
vt 0.755439 0.417285
vt 0.749215 0.412806
vt 0.791503 0.578603
vt 0.526203 0.840262
vt 0.823602 0.581739
vt 0.578224 0.840922
vt 0.615318 0.833878
vt 0.618062 0.825385
vt 0.636469 0.798672
vt 0.908846 0.618258
vt 0.665134 0.764943
vt 0.913098 0.633989
vt 0.663271 0.726596
vt 0.667546 0.747133
vt 0.677905 0.725569
vt 0.682354 0.737634
vt 0.691857 0.729742
vt 0.695111 0.738111
vt 0.687175 0.737749
vt 0.352675 0.834891
vt 0.351026 0.844292
vt 0.361447 0.847193
vt 0.363951 0.841297
vt 0.367559 0.845007
vt 0.706450 0.732474
vt 0.709042 0.730434
vt 0.705146 0.736739
vt 0.367799 0.854688
vt 0.349215 0.856372
vt 0.949896 0.641902
vt 0.959891 0.640041
vt 0.962827 0.647831
vt 0.356274 0.861766
vt 0.713630 0.738367
vt 0.352355 0.867798
vt 0.364014 0.865716
vt 0.368023 0.860514
vt 0.717096 0.738077
vt 0.718032 0.747186
vt 0.712325 0.746702
vt 0.458595 0.570308
vt 0.443650 0.586312
vt 0.432415 0.569974
vt 0.996023 0.491923
vt 0.484372 0.552364
vt 0.961022 0.447980
vt 0.976871 0.479127
vt 0.519805 0.524341
vt 0.537553 0.530798
vt 0.928049 0.424346
vt 0.908277 0.406898
vt 0.900043 0.374092
vt 0.561036 0.517903
vt 0.603320 0.522355
vt 0.648462 0.530617
vt 0.363107 0.895944
vt 0.402895 0.884041
vt 0.378439 0.898959
vt 0.719453 0.549944
vt 0.437388 0.882380
vt 0.788503 0.373971
vt 0.796691 0.376518
vt 0.803400 0.386521
vt 0.802050 0.402794
vt 0.779903 0.421185
vt 0.765057 0.421692
vt 0.516703 0.863310
vt 0.490841 0.876558
vt 0.779139 0.424383
vt 0.726581 0.534594
vt 0.544746 0.851810
vt 0.541045 0.878635
vt 0.593825 0.851754
vt 0.885072 0.590949
vt 0.894298 0.605089
vt 0.651662 0.808863
vt 0.924571 0.616846
vt 0.928033 0.636742
vt 0.946078 0.631748
vt 0.687193 0.749767
vt 0.943797 0.616719
vt 0.699055 0.724794
vt 0.366843 0.834877
vt 0.375393 0.845151
vt 0.959367 0.628818
vt 0.757439 0.948974
vt 0.746153 0.949914
vt 0.749595 0.945988
vt 0.711909 0.726419
vt 0.718869 0.730961
vt 0.740728 0.948805
vt 0.735540 0.953681
vt 0.733841 0.948829
vt 0.721679 0.736475
vt 0.397839 0.577457
vt 0.412752 0.567454
vt 0.413981 0.581619
vt 0.996629 0.521404
vt 0.981111 0.519529
vt 0.966678 0.502558
vt 0.453396 0.560725
vt 0.964022 0.485779
vt 0.953977 0.464738
vt 0.506052 0.515196
vt 0.526601 0.511852
vt 0.914202 0.444908
vt 0.876137 0.407281
vt 0.336363 0.891885
vt 0.340530 0.914346
vt 0.404795 0.906288
vt 0.453984 0.897655
vt 0.807481 0.380989
vt 0.805678 0.409205
vt 0.804256 0.421093
vt 0.795395 0.424319
vt 0.798237 0.553347
vt 0.538596 0.867489
vt 0.837222 0.563845
vt 0.865338 0.581504
vt 0.619896 0.853578
vt 0.640651 0.841449
vt 0.910898 0.601159
vt 0.655807 0.820021
vt 0.674414 0.776523
vt 0.675498 0.800513
vt 0.676970 0.806680
vt 0.929211 0.603157
vt 0.681703 0.818253
vt 0.688943 0.761237
vt 0.689554 0.789077
vt 0.697915 0.800749
vt 0.696508 0.757031
vt 0.710801 0.756203
vt 0.713765 0.784708
vt 0.765104 0.957208
vt 0.748894 0.959357
vt 0.724750 0.755681
vt 0.725236 0.747813
vt 0.735491 0.770928
vt 0.721744 0.953999
vt 0.731157 0.744516
vt 0.354377 0.570361
vt 0.372344 0.574786
vt 0.378304 0.581486
vt 0.376229 0.566359
vt 0.992628 0.556223
vt 0.978121 0.545224
vt 0.979331 0.571159
vt 0.415326 0.555729
vt 0.998931 0.537594
vt 0.972902 0.521417
vt 0.966757 0.550821
vt 0.956831 0.519095
vt 0.434082 0.546317
vt 0.938635 0.503789
vt 0.446733 0.534791
vt 0.469298 0.531366
vt 0.934364 0.491912
vt 0.491591 0.519331
vt 0.932613 0.465138
vt 0.512567 0.495439
vt 0.532637 0.499418
vt 0.891403 0.426993
vt 0.566806 0.508434
vt 0.857068 0.401913
vt 0.623698 0.507733
vt 0.583704 0.496512
vt 0.317649 0.939606
vt 0.344446 0.943532
vt 0.357836 0.921249
vt 0.674760 0.520649
vt 0.423257 0.923835
vt 0.474476 0.897950
vt 0.815407 0.388492
vt 0.512686 0.893192
vt 0.823275 0.393953
vt 0.817914 0.398465
vt 0.753753 0.524955
vt 0.812140 0.424383
vt 0.531612 0.892521
vt 0.799612 0.537342
vt 0.828128 0.547333
vt 0.583254 0.871204
vt 0.863528 0.569693
vt 0.904892 0.586644
vt 0.669657 0.830638
vt 0.944971 0.602416
vt 0.702675 0.811889
vt 0.714105 0.798408
vt 0.773960 0.971824
vt 0.754940 0.971763
vt 0.731535 0.798104
vt 0.747285 0.794094
vt 0.720835 0.962297
vt 0.707006 0.951956
vt 0.738258 0.757116
vt 0.749905 0.802544
vt 0.746817 0.771304
vt 0.749011 0.782026
vt 0.765801 0.806826
vt 0.774130 0.792961
vt 0.769914 0.785957
vt 0.343206 0.562379
vt 0.315403 0.563312
vt 0.306187 0.568603
vt 0.304479 0.580887
vt 0.984834 0.628410
vt 0.973844 0.585311
vt 0.371411 0.558277
vt 0.402802 0.550393
vt 0.417917 0.540302
vt 0.956180 0.532148
vt 0.943667 0.519681
vt 0.462909 0.520166
vt 0.490502 0.502208
vt 0.463312 0.510492
vt 0.907470 0.477203
vt 0.890383 0.450132
vt 0.538221 0.492184
vt 0.871800 0.430631
vt 0.589826 0.482779
vt 0.623466 0.491277
vt 0.682011 0.506576
vt 0.384802 0.940510
vt 0.474812 0.923073
vt 0.882199 0.371161
vt 0.870253 0.368827
vt 0.871033 0.371914
vt 0.861257 0.371161
vt 0.830104 0.401574
vt 0.828041 0.421160
vt 0.823560 0.958333
vt 0.812775 0.955247
vt 0.806806 0.958333
vt 0.560986 0.888188
vt 0.579589 0.886398
vt 0.849066 0.554764
vt 0.594130 0.882506
vt 0.874973 0.567013
vt 0.622961 0.868851
vt 0.896632 0.575558
vt 0.642880 0.864416
vt 0.914138 0.583769
vt 0.664138 0.848164
vt 0.930558 0.591576
vt 0.685450 0.841053
vt 0.793884 0.971076
vt 0.793608 0.966204
vt 0.703445 0.830456
vt 0.712180 0.827194
vt 0.717945 0.824147
vt 0.732943 0.818860
vt 0.738340 0.970124
vt 0.722166 0.969080
vt 0.701650 0.961213
vt 0.706304 0.968856
vt 0.748460 0.755199
vt 0.748107 0.823682
vt 0.762170 0.771116
vt 0.772089 0.818242
vt 0.784572 0.815607
vt 0.679990 0.959098
vt 0.659037 0.964009
vt 0.640929 0.958053
vt 0.790175 0.796663
vt 0.792086 0.802628
vt 0.811065 0.817763
vt 0.624337 0.963664
vt 0.608522 0.958387
vt 0.798871 0.827153
vt 0.814731 0.816413
vt 0.821695 0.828485
vt 0.837323 0.837376
vt 0.825000 0.841567
vt 0.833169 0.852770
vt 0.847258 0.858918
vt 0.577197 0.954475
vt 0.575992 0.961572
vt 0.550374 0.955709
vt 0.856704 0.872500
vt 0.860170 0.850921
vt 0.860146 0.856228
vt 0.865727 0.874472
vt 0.557608 0.961806
vt 0.533385 0.962211
vt 0.878907 0.874365
vt 0.878956 0.890706
vt 0.878147 0.895510
vt 0.872003 0.864006
vt 0.532974 0.951469
vt 0.515644 0.952053
vt 0.886409 0.873464
vt 0.894911 0.906573
vt 0.893066 0.885884
vt 0.903632 0.924548
vt 0.909322 0.894629
vt 0.495276 0.955054
vt 0.484620 0.948138
vt 0.905820 0.898003
vt 0.907550 0.921219
vt 0.918418 0.910761
vt 0.919579 0.936044
vt 0.925874 0.944499
vt 0.937635 0.947379
vt 0.943745 0.957174
vt 0.932257 0.953290
vt 0.953155 0.951416
vt 0.956208 0.958333
vt 0.234605 0.563977
vt 0.278724 0.560741
vt 0.279570 0.579644
vt 0.251562 0.580081
vt 0.983077 0.680409
vt 0.984230 0.652906
vt 0.980282 0.663718
vt 0.978450 0.655148
vt 0.281739 0.554411
vt 0.980209 0.635722
vt 0.311700 0.556985
vt 0.976944 0.616336
vt 0.337832 0.554700
vt 0.043515 0.170023
vt 0.048061 0.159014
vt 0.043455 0.143947
vt 0.358677 0.551646
vt 0.378509 0.547393
vt 0.965180 0.585427
vt 0.958587 0.556813
vt 0.950490 0.538484
vt 0.397545 0.540327
vt 0.435963 0.527729
vt 0.928206 0.503350
vt 0.488487 0.493943
vt 0.501554 0.489377
vt 0.519981 0.481892
vt 0.888185 0.459064
vt 0.533517 0.484118
vt 0.866832 0.433907
vt 0.550059 0.476106
vt 0.558497 0.483610
vt 0.284886 0.931969
vt 0.282773 0.937643
vt 0.317350 0.950941
vt 0.334627 0.952620
vt 0.350417 0.952923
vt 0.409532 0.940570
vt 0.446324 0.933917
vt 0.670772 0.499664
vt 0.491955 0.917861
vt 0.502398 0.914426
vt 0.096859 0.821502
vt 0.096859 0.832819
vt 0.092670 0.830889
vt 0.508975 0.910904
vt 0.833363 0.398980
vt 0.837791 0.404930
vt 0.523290 0.907250
vt 0.845197 0.417542
vt 0.017599 0.503277
vt 0.021119 0.492944
vt 0.019551 0.489346
vt 0.726557 0.316358
vt 0.728272 0.327796
vt 0.725131 0.330037
vt 0.841612 0.422208
vt 0.728272 0.346193
vt 0.535881 0.899138
vt 0.556175 0.893378
vt 0.614675 0.876919
vt 0.628449 0.871780
vt 0.673162 0.849029
vt 0.659652 0.856776
vt 0.781204 0.462079
vt 0.799476 0.448259
vt 0.799299 0.462449
vt 0.811468 0.965627
vt 0.689103 0.967473
vt 0.760649 0.826412
vt 0.786834 0.832929
vt 0.647117 0.965631
vt 0.802481 0.839896
vt 0.812119 0.836210
vt 0.813096 0.848173
vt 0.596820 0.960816
vt 0.831132 0.860934
vt 0.846206 0.872782
vt 0.858426 0.884330
vt 0.476606 0.952171
vt 0.918197 0.896417
vt 0.942356 0.912631
vt 0.934014 0.915867
vt 0.944026 0.938155
vt 0.951524 0.943046
vt 0.147120 0.567211
vt 0.140575 0.563365
vt 0.140392 0.569700
vt 0.271876 0.511810
vt 0.259887 0.512860
vt 0.264909 0.499219
vt 0.128795 0.560104
vt 0.133069 0.570473
vt 0.213725 0.548732
vt 0.231915 0.537470
vt 0.229776 0.548357
vt 0.224943 0.573275
vt 0.203460 0.568010
vt 0.202451 0.586732
vt 0.215080 0.591519
vt 0.195069 0.602253
vt 0.206106 0.609543
vt 0.242783 0.546619
vt 0.218680 0.601641
vt 0.247170 0.543575
vt 0.234913 0.591114
vt 0.971906 0.696858
vt 0.958036 0.701803
vt 0.961382 0.712970
vt 0.967938 0.675794
vt 0.260291 0.540455
vt 0.284555 0.544536
vt 0.970366 0.649218
vt 0.056796 0.196305
vt 0.058731 0.179015
vt 0.971438 0.626660
vt 0.100208 0.833544
vt 0.128356 0.822397
vt 0.112761 0.834437
vt 0.945455 0.545747
vt 0.949208 0.560166
vt 0.409684 0.531787
vt 0.438660 0.518512
vt 0.933497 0.530869
vt 0.923439 0.512211
vt 0.469877 0.498778
vt 0.902337 0.494118
vt 0.869710 0.458509
vt 0.884821 0.472740
vt 0.273150 0.948184
vt 0.257068 0.941641
vt 0.287557 0.953739
vt 0.020960 0.126335
vt 0.028632 0.129519
vt 0.029707 0.110626
vt 0.588967 0.473783
vt 0.320415 0.958333
vt 0.350255 0.957729
vt 0.382027 0.953364
vt 0.419328 0.946182
vt 0.443164 0.941627
vt 0.467164 0.934685
vt 0.484715 0.927550
vt 0.610853 0.458649
vt 0.631842 0.446525
vt 0.658155 0.459643
vt 0.847644 0.420893
vt 0.021210 0.506788
vt 0.659078 0.444622
vt 0.688207 0.461139
vt 0.690762 0.444708
vt 0.710311 0.461036
vt 0.711740 0.444803
vt 0.746263 0.445029
vt 0.738781 0.462449
vt 0.761943 0.461765
vt 0.814136 0.979394
vt 0.777776 0.988169
vt 0.760658 0.988169
vt 0.741460 0.985897
vt 0.727624 0.983340
vt 0.673408 0.978557
vt 0.778252 0.835097
vt 0.795608 0.843475
vt 0.626079 0.975735
vt 0.597120 0.976970
vt 0.505669 0.968605
vt 0.955576 0.932685
vt 0.959054 0.941899
vt 0.954013 0.947580
vt 0.144746 0.563724
vt 0.963365 0.934192
vt 0.095296 0.630298
vt 0.134384 0.623743
vt 0.100735 0.653255
vt 0.092780 0.679009
vt 0.115982 0.675693
vt 0.095306 0.684245
vt 0.170342 0.430422
vt 0.171332 0.448598
vt 0.155139 0.438616
vt 0.132669 0.637872
vt 0.129043 0.655737
vt 0.160786 0.465251
vt 0.181042 0.476987
vt 0.190168 0.449990
vt 0.140892 0.661168
vt 0.191242 0.509959
vt 0.151949 0.478845
vt 0.149475 0.644166
vt 0.170245 0.517704
vt 0.149539 0.589556
vt 0.122328 0.601407
vt 0.189447 0.533616
vt 0.169158 0.543442
vt 0.175640 0.597365
vt 0.164162 0.619292
vt 0.154767 0.654039
vt 0.148801 0.660538
vt 0.197665 0.501430
vt 0.168562 0.566222
vt 0.175237 0.584273
vt 0.171029 0.629790
vt 0.160622 0.553944
vt 0.166590 0.639907
vt 0.205777 0.471402
vt 0.216056 0.503188
vt 0.208186 0.527133
vt 0.192768 0.615107
vt 0.180667 0.631305
vt 0.111395 0.584877
vt 0.094552 0.584877
vt 0.106482 0.577997
vt 0.129419 0.578961
vt 0.222870 0.499912
vt 0.092513 0.577227
vt 0.232853 0.518518
vt 0.199836 0.625722
vt 0.074869 0.579405
vt 0.233537 0.507092
vt 0.953838 0.725703
vt 0.942196 0.721694
vt 0.937728 0.732799
vt 0.945608 0.712514
vt 0.249634 0.528173
vt 0.951197 0.699496
vt 0.953593 0.688221
vt 0.959834 0.672690
vt 0.286530 0.538883
vt 0.268418 0.529716
vt 0.057111 0.881622
vt 0.060429 0.893043
vt 0.049738 0.906376
vt 0.061881 0.194986
vt 0.066867 0.883563
vt 0.078483 0.869020
vt 0.059672 0.170266
vt 0.056032 0.158526
vt 0.086562 0.875225
vt 0.099665 0.863810
vt 0.054286 0.143104
vt 0.053061 0.128506
vt 0.087576 0.861068
vt 0.111650 0.841596
vt 0.114655 0.863557
vt 0.758520 0.113662
vt 0.789751 0.140832
vt 0.774689 0.137911
vt 0.054169 0.113415
vt 0.043759 0.123038
vt 0.145005 0.859889
vt 0.044688 0.102959
vt 0.056171 0.087802
vt 0.157105 0.833396
vt 0.048029 0.083104
vt 0.159325 0.808461
vt 0.184667 0.836785
vt 0.053826 0.069444
vt 0.140422 0.813092
vt 0.411990 0.523797
vt 0.430206 0.513930
vt 0.179293 0.800212
vt 0.182739 0.804246
vt 0.446644 0.504172
vt 0.219509 0.798070
vt 0.207414 0.798665
vt 0.232230 0.831118
vt 0.486388 0.481390
vt 0.465679 0.492113
vt 0.258111 0.841170
vt 0.280423 0.844798
vt 0.280855 0.883059
vt 0.517343 0.470999
vt 0.234621 0.792266
vt 0.256893 0.807841
vt 0.300069 0.864122
vt 0.255461 0.790159
vt 0.294217 0.804824
vt 0.311645 0.825449
vt 0.534750 0.469369
vt 0.271791 0.786000
vt 0.547386 0.468351
vt 0.286195 0.781771
vt 0.298896 0.776875
vt 0.308773 0.788728
vt 0.559842 0.468547
vt 0.032917 0.123340
vt 0.310752 0.771905
vt 0.325518 0.779779
vt 0.476903 0.456475
vt 0.439918 0.446004
vt 0.524616 0.454124
vt 0.553308 0.446722
vt 0.025400 0.251915
vt 0.024271 0.275019
vt 0.028681 0.260498
vt 0.031512 0.275835
vt 0.035069 0.268845
vt 0.020419 0.275458
vt 0.023333 0.292924
vt 0.034937 0.286824
vt 0.485819 0.935703
vt 0.029302 0.291885
vt 0.492015 0.930659
vt 0.490815 0.942147
vt 0.484320 0.941587
vt 0.503220 0.918258
vt 0.022121 0.468426
vt 0.028296 0.468218
vt 0.025646 0.453942
vt 0.027244 0.488511
vt 0.019160 0.487880
vt 0.016028 0.547394
vt 0.016280 0.562218
vt 0.029882 0.545423
vt 0.030518 0.575998
vt 0.770627 0.444802
vt 0.017356 0.597881
vt 0.016316 0.614060
vt 0.029891 0.598958
vt 0.017757 0.632568
vt 0.029661 0.624716
vt 0.018046 0.648285
vt 0.017517 0.662940
vt 0.028650 0.662259
vt 0.813125 0.983280
vt 0.797877 0.985909
vt 0.015627 0.683824
vt 0.028727 0.694611
vt 0.029089 0.681729
vt 0.712078 0.979653
vt 0.776968 0.843949
vt 0.826172 0.863708
vt 0.797277 0.853267
vt 0.584025 0.976389
vt 0.549136 0.973450
vt 0.536225 0.974124
vt 0.520595 0.972572
vt 0.479744 0.966706
vt 0.452106 0.963229
vt 0.447713 0.954092
vt 0.422120 0.958683
vt 0.418002 0.949899
vt 0.410514 0.954719
vt 0.969110 0.945000
vt 0.405759 0.950335
vt 0.123233 0.462576
vt 0.136056 0.490541
vt 0.129504 0.479248
vt 0.848267 0.806030
vt 0.854246 0.800926
vt 0.864398 0.806070
vt 0.085145 0.633836
vt 0.080105 0.658389
vt 0.081957 0.670867
vt 0.146930 0.421296
vt 0.164365 0.421870
vt 0.138897 0.423139
vt 0.838417 0.804880
vt 0.093729 0.685700
vt 0.104139 0.617563
vt 0.824752 0.806070
vt 0.813089 0.804349
vt 0.142897 0.504795
vt 0.104297 0.685481
vt 0.743929 0.087808
vt 0.735736 0.108113
vt 0.738979 0.098083
vt 0.118604 0.679181
vt 0.184557 0.432496
vt 0.153406 0.523664
vt 0.145644 0.575927
vt 0.131097 0.590552
vt 0.158860 0.536998
vt 0.138860 0.666377
vt 0.194370 0.441005
vt 0.160641 0.548329
vt 0.750093 0.277988
vt 0.752356 0.279321
vt 0.740158 0.278307
vt 0.725076 0.277859
vt 0.073822 0.570473
vt 0.079058 0.570473
vt 0.078574 0.566358
vt 0.129375 0.574443
vt 0.138743 0.577433
vt 0.207502 0.459771
vt 0.118247 0.574889
vt 0.127483 0.576758
vt 0.214926 0.474436
vt 0.107360 0.573560
vt 0.220568 0.486548
vt 0.101910 0.575263
vt 0.926839 0.746924
vt 0.923778 0.745304
vt 0.920057 0.753601
vt 0.226967 0.497202
vt 0.932164 0.732796
vt 0.930198 0.739315
vt 0.657546 0.090440
vt 0.653337 0.102735
vt 0.651617 0.100797
vt 0.940266 0.719889
vt 0.936272 0.728761
vt 0.641474 0.112064
vt 0.245025 0.516956
vt 0.939492 0.715550
vt 0.256308 0.525282
vt 0.630913 0.121233
vt 0.633056 0.122500
vt 0.620189 0.128061
vt 0.953803 0.681563
vt 0.067539 0.214506
vt 0.065272 0.196609
vt 0.062911 0.179149
vt 0.078955 0.877342
vt 0.069745 0.884266
vt 0.079421 0.879151
vt 0.753275 0.110907
vt 0.749563 0.116508
vt 0.057009 0.158927
vt 0.765474 0.111734
vt 0.760727 0.132813
vt 0.746073 0.125093
vt 0.664398 0.637346
vt 0.647644 0.637346
vt 0.663559 0.635288
vt 0.106791 0.872690
vt 0.096232 0.876136
vt 0.777963 0.114560
vt 0.118074 0.868884
vt 0.789882 0.115905
vt 0.786520 0.119614
vt 0.121291 0.777241
vt 0.126818 0.772672
vt 0.133034 0.774501
vt 0.802632 0.114910
vt 0.805540 0.118541
vt 0.134258 0.865976
vt 0.821821 0.112740
vt 0.145831 0.773592
vt 0.162740 0.772085
vt 0.165143 0.773113
vt 0.815553 0.144547
vt 0.837692 0.115117
vt 0.147463 0.864180
vt 0.166167 0.864490
vt 0.178573 0.856754
vt 0.902094 0.252572
vt 0.896449 0.220321
vt 0.891623 0.208570
vt 0.865909 0.107456
vt 0.182796 0.864451
vt 0.839019 0.143087
vt 0.920696 0.036094
vt 0.926806 0.033627
vt 0.903104 0.064306
vt 0.896836 0.204100
vt 0.902094 0.186728
vt 0.859738 0.141216
vt 0.212735 0.869162
vt 0.207984 0.869126
vt 0.935634 0.031379
vt 0.948407 0.038171
vt 0.455001 0.073408
vt 0.445462 0.041724
vt 0.464615 0.094564
vt 0.950727 0.037937
vt 0.895702 0.095252
vt 0.900377 0.121640
vt 0.233495 0.868614
vt 0.943151 0.075299
vt 0.878765 0.138596
vt 0.227161 0.874978
vt 0.248384 0.882361
vt 0.900893 0.134841
vt 0.962194 0.051058
vt 0.044503 0.709362
vt 0.079058 0.709362
vt 0.067303 0.708333
vt 0.277222 0.900060
vt 0.968652 0.063733
vt 0.973778 0.079556
vt 0.294679 0.906893
vt 0.953567 0.125393
vt 0.923850 0.132712
vt 0.301384 0.889699
vt 0.308275 0.892543
vt 0.976213 0.081632
vt 0.981114 0.110431
vt 0.956181 0.134869
vt 0.310885 0.874353
vt 0.982803 0.109813
vt 0.313267 0.861850
vt 0.983996 0.144547
vt 0.972311 0.140476
vt 0.314810 0.851749
vt 0.985864 0.139504
vt 0.317554 0.831279
vt 0.314660 0.750514
vt 0.320942 0.750514
vt 0.320279 0.748457
vt 0.320128 0.811329
vt 0.398387 0.444170
vt 0.399298 0.442389
vt 0.410707 0.444493
vt 0.322609 0.797486
vt 0.440852 0.444032
vt 0.326433 0.763889
vt 0.036484 0.144819
vt 0.039251 0.139979
vt 0.328272 0.770028
vt 0.560566 0.444269
vt 0.040019 0.279210
vt 0.039340 0.264616
vt 0.494083 0.934150
vt 0.029338 0.453258
vt 0.032966 0.452059
vt 0.032101 0.445988
vt 0.033406 0.465177
vt 0.037309 0.469634
vt 0.801189 0.444558
vt 0.712746 0.983057
vt 0.685428 0.981427
vt 0.663835 0.980499
vt 0.630654 0.979215
vt 0.557799 0.976220
vt 0.085344 0.134111
vt 0.087347 0.127822
vt 0.086223 0.118834
vt 0.504106 0.971440
vt 0.477653 0.968822
vt 0.459247 0.966757
vt 0.076963 0.450103
vt 0.071686 0.448436
vt 0.076516 0.443930
vt 0.141186 0.553046
vt 0.127780 0.550412
vt 0.134171 0.558530
vt 0.443029 0.964468
vt 0.419661 0.961702
vt 0.120942 0.557841
vt 0.666843 0.066162
vt 0.680213 0.046436
vt 0.668102 0.078170
vt 0.717304 0.225230
vt 0.730421 0.231018
vt 0.724648 0.230645
vt 0.619692 0.132607
vt 0.605013 0.137381
vt 0.616979 0.142017
vt 0.602566 0.145467
vt 0.589232 0.144755
vt 0.067539 0.156648
vt 0.477867 0.104725
vt 0.482419 0.138892
vt 0.462982 0.119172
vt 0.433529 0.435904
vt 0.467330 0.433789
vt 0.537524 0.435364
vt 0.039249 0.463036
vt 0.032576 0.489063
vt 0.037766 0.493764
vt 0.037365 0.489034
vt 0.724943 0.430608
vt 0.816784 0.443463
vt 0.821606 0.426630
vt 0.837173 0.441521
vt 0.030009 0.699214
vt 0.040400 0.695482
vt 0.718697 0.883778
vt 0.717528 0.898978
vt 0.704627 0.886038
vt 0.690312 0.891034
vt 0.064398 0.450103
vt 0.141176 0.542333
vt 0.128621 0.545703
vt 0.091524 0.059062
vt 0.101512 0.031751
vt 0.093054 0.043212
vt 0.096303 0.020535
vt 0.104320 0.017041
vt 0.097318 0.009517
vt 0.104459 0.009550
vt 0.099441 0.003601
vt 0.655432 0.132541
vt 0.625868 0.148674
vt 0.581358 0.158093
vt 0.570014 0.157063
vt 0.056794 0.148478
vt 0.062379 0.131931
vt 0.054793 0.137707
vt 0.056609 0.116392
vt 0.512344 0.155864
vt 0.492945 0.159283
vt 0.490649 0.148322
vt 0.106283 0.508982
vt 0.097438 0.500867
vt 0.102377 0.523148
vt 0.392001 0.096744
vt 0.404107 0.112388
vt 0.385979 0.107798
vt 0.413558 0.431957
vt 0.528161 0.431410
vt 0.732959 0.271728
vt 0.713668 0.264917
vt 0.723901 0.261078
vt 0.617662 0.431378
vt 0.652714 0.430766
vt 0.233147 0.765590
vt 0.243643 0.770062
vt 0.231682 0.758604
vt 0.246620 0.757660
vt 0.550843 0.335488
vt 0.551446 0.346120
vt 0.554450 0.333724
vt 0.551869 0.328704
vt 0.033233 0.504782
vt 0.040860 0.509239
vt 0.697196 0.430454
vt 0.770860 0.429332
vt 0.799224 0.428797
vt 0.755404 0.880144
vt 0.749494 0.898096
vt 0.735741 0.896987
vt 0.738102 0.881204
vt 0.694768 0.902636
vt 0.097238 0.292862
vt 0.098635 0.257001
vt 0.085075 0.258999
vt 0.101802 0.200352
vt 0.099562 0.183037
vt 0.084470 0.180804
vt 0.084293 0.193612
vt 0.098700 0.159061
vt 0.085905 0.155237
vt 0.105038 0.111403
vt 0.106164 0.091452
vt 0.088528 0.102869
vt 0.146427 0.543599
vt 0.142356 0.548186
vt 0.124954 0.547600
vt 0.673822 0.874112
vt 0.671734 0.877058
vt 0.668586 0.869552
vt 0.609289 0.154924
vt 0.582766 0.162502
vt 0.444265 0.129637
vt 0.436492 0.135181
vt 0.416251 0.121742
vt 0.222502 0.752499
vt 0.229996 0.735409
vt 0.219955 0.740395
vt 0.581067 0.396320
vt 0.583570 0.402019
vt 0.570507 0.411506
vt 0.246889 0.745186
vt 0.571656 0.421296
vt 0.576628 0.417601
vt 0.584507 0.420316
vt 0.548516 0.348045
vt 0.548168 0.363701
vt 0.103594 0.230853
vt 0.098315 0.216883
vt 0.085598 0.226477
vt 0.103978 0.138501
vt 0.109042 0.076364
vt 0.103219 0.067998
vt 0.042705 0.787168
vt 0.038188 0.796842
vt 0.034232 0.793217
vt 0.144872 0.537698
vt 0.136359 0.536508
vt 0.126720 0.539853
vt 0.567079 0.167910
vt 0.545400 0.168525
vt 0.528854 0.175012
vt 0.517722 0.166682
vt 0.659985 0.644185
vt 0.652341 0.658080
vt 0.611050 0.647467
vt 0.600795 0.629501
vt 0.544012 0.629779
vt 0.514137 0.606631
vt 0.212384 0.740122
vt 0.209542 0.727882
vt 0.597331 0.385669
vt 0.594108 0.393931
vt 0.590012 0.393755
vt 0.219433 0.748605
vt 0.249317 0.731800
vt 0.551707 0.358605
vt 0.550858 0.372192
vt 0.548607 0.379294
vt 0.680390 0.428123
vt 0.739285 0.424383
vt 0.081695 0.408068
vt 0.097283 0.407009
vt 0.096555 0.418784
vt 0.012102 0.398966
vt 0.028973 0.404052
vt 0.027786 0.416563
vt 0.791156 0.899997
vt 0.785919 0.904733
vt 0.768358 0.897141
vt 0.771214 0.903513
vt 0.709969 0.912288
vt 0.096482 0.310264
vt 0.106344 0.311203
vt 0.104068 0.180232
vt 0.112241 0.097773
vt 0.130079 0.534465
vt 0.281152 0.170967
vt 0.276963 0.175412
vt 0.277116 0.170433
vt 0.202099 0.727106
vt 0.201116 0.714218
vt 0.207883 0.733034
vt 0.604436 0.381193
vt 0.610655 0.375838
vt 0.605482 0.382824
vt 0.222234 0.714741
vt 0.464076 0.609430
vt 0.249738 0.709461
vt 0.551869 0.394547
vt 0.452543 0.594644
vt 0.432087 0.600106
vt 0.436326 0.588980
vt 0.393603 0.589341
vt 0.812410 0.910855
vt 0.744507 0.913974
vt 0.729553 0.910974
vt 0.360470 0.130645
vt 0.328811 0.159721
vt 0.319474 0.139286
vt 0.621501 0.371914
vt 0.224195 0.695870
vt 0.246123 0.695355
vt 0.249317 0.690177
vt 0.246569 0.684056
vt 0.886735 0.006725
vt 0.887654 0.012285
vt 0.875813 0.009173
vt 0.867370 0.006891
vt 0.902477 0.010121
vt 0.910729 0.013886
vt 0.420550 0.612445
vt 0.330285 0.584877
vt 0.356535 0.602009
vt 0.328500 0.598347
vt 0.716523 0.919989
vt 0.113867 0.331790
vt 0.114193 0.312898
vt 0.106360 0.325022
vt 0.568194 0.651075
vt 0.601628 0.689073
vt 0.562563 0.674806
vt 0.214806 0.683412
vt 0.204651 0.695605
vt 0.232785 0.675412
vt 0.519474 0.637559
vt 0.511255 0.656815
vt 0.474120 0.628556
vt 0.391280 0.608370
vt 0.379243 0.622116
vt 0.369211 0.601217
vt 0.345886 0.613546
vt 0.312909 0.608300
vt 0.301031 0.605638
vt 0.727554 0.920267
vt 0.429244 0.189237
vt 0.390910 0.209496
vt 0.377405 0.194102
vt 0.632547 0.374243
vt 0.649481 0.416155
vt 0.631617 0.403393
vt 0.244006 0.678540
vt 0.861710 0.010614
vt 0.860573 0.006687
vt 0.332353 0.702169
vt 0.344478 0.721103
vt 0.344252 0.733649
vt 0.621062 0.902369
vt 0.625489 0.911971
vt 0.597670 0.907855
vt 0.598925 0.898232
vt 0.585012 0.909698
vt 0.271463 0.616652
vt 0.272346 0.625540
vt 0.267188 0.627630
vt 0.277946 0.606378
vt 0.273887 0.612438
vt 0.269292 0.613112
vt 0.293127 0.177428
vt 0.296056 0.195614
vt 0.276172 0.187269
vt 0.550128 0.690357
vt 0.488751 0.684975
vt 0.449613 0.665758
vt 0.654602 0.903414
vt 0.691623 0.924093
vt 0.645644 0.916135
vt 0.280437 0.616468
vt 0.279928 0.626383
vt 0.922230 0.158040
vt 0.928927 0.157881
vt 0.927259 0.162037
vt 0.368182 0.645704
vt 0.381255 0.657544
vt 0.357942 0.658080
vt 0.107791 0.934671
vt 0.099294 0.926171
vt 0.105613 0.904552
vt 0.099108 0.907714
vt 0.101128 0.900630
vt 0.111109 0.942289
vt 0.106623 0.944269
vt 0.096027 0.903563
vt 0.098756 0.939979
vt 0.088138 0.917930
vt 0.090947 0.909451
vt 0.093410 0.935333
vt 0.088117 0.930550
vt 0.080105 0.931386
vt 0.082116 0.918925
vt 0.929342 0.153737
vt 0.941885 0.158233
vt 0.926152 0.155082
vt 0.918090 0.152778
vt 0.120838 0.905643
vt 0.107661 0.900070
vt 0.117468 0.894369
vt 0.124105 0.929557
vt 0.126280 0.954107
vt 0.000702 0.724376
vt 0.004252 0.723754
vt 0.000524 0.712980
vt 0.130120 0.990464
vt 0.117562 0.993106
vt 0.127250 0.970662
vt 0.111189 0.954085
vt 0.002376 0.730686
vt 0.126361 0.994715
vt 0.117816 0.999486
vt 0.457551 0.701945
vt 0.449672 0.698437
vt 0.449576 0.695900
vt 0.113097 0.975469
vt 0.418569 0.775133
vt 0.429169 0.796282
vt 0.418469 0.790239
vt 0.152576 0.967928
vt 0.143422 0.949367
vt 0.141403 0.935232
vt 0.133161 0.899242
vt 0.130399 0.891092
vt 0.001357 0.699864
vt 0.001881 0.708274
vt 0.146999 0.991188
vt 0.150737 0.992078
vt 0.147140 0.995112
vt 0.128907 0.995818
vt 0.477896 0.705449
vt 0.474013 0.706590
vt 0.460003 0.702208
vt 0.455610 0.706610
vt 0.431210 0.724561
vt 0.457854 0.744501
vt 0.431069 0.756644
vt 0.153984 0.933441
vt 0.145260 0.917607
vt 0.166472 0.924658
vt 0.166616 0.987644
vt 0.183872 0.985908
vt 0.164956 0.958892
vt 0.156959 0.900308
vt 0.142153 0.890439
vt 0.161586 0.992634
vt 0.492531 0.706679
vt 0.480149 0.706997
vt 0.181230 0.928045
vt 0.179527 0.954575
vt 0.175930 0.908421
vt 0.196396 0.969022
vt 0.179676 0.993433
vt 0.156965 0.888702
vt 0.149881 0.889076
vt 0.859421 0.672909
vt 0.843876 0.675307
vt 0.840996 0.672325
vt 0.856890 0.675307
vt 0.002314 0.688262
vt 0.004712 0.689599
vt 0.003350 0.680556
vt 0.828796 0.675412
vt 0.192558 0.949185
vt 0.204726 0.936966
vt 0.203985 0.995067
vt 0.209561 0.998898
vt 0.197879 0.997669
vt 0.188661 0.995821
vt 0.530152 0.706474
vt 0.519531 0.707061
vt 0.528697 0.704758
vt 0.171966 0.891521
vt 0.167122 0.888375
vt 0.868586 0.675412
vt 0.495075 0.707312
vt 0.504502 0.743355
vt 0.476478 0.768068
vt 0.219261 0.998657
vt 0.212934 0.969969
vt 0.191503 0.896701
vt 0.541793 0.707590
vt 0.540539 0.705192
vt 0.181500 0.893440
vt 0.178239 0.889596
vt 0.552053 0.319444
vt 0.547120 0.321502
vt 0.564921 0.321502
vt 0.237806 0.992766
vt 0.227970 0.956133
vt 0.226912 0.999486
vt 0.224714 0.915101
vt 0.550950 0.705163
vt 0.557009 0.706732
vt 0.186925 0.892478
vt 0.242545 0.990792
vt 0.248932 0.981432
vt 0.229996 0.922753
vt 0.205984 0.902917
vt 0.531006 0.740400
vt 0.550389 0.752960
vt 0.521735 0.769274
vt 0.198070 0.897501
vt 0.251688 0.961898
vt 0.571815 0.715665
vt 0.577619 0.725392
vt 0.567270 0.719831
vt 0.217148 0.907664
vt 0.247765 0.942129
vt 0.240798 0.931748
vt 0.231319 0.920417
vt 0.122119 0.218624
vt 0.136306 0.217593
vt 0.134369 0.219893
vt 0.148021 0.219031
vt 0.480063 0.069751
vt 0.477545 0.064110
vt 0.111985 0.220561
vt 0.120902 0.222011
vt 0.107330 0.224794
vt 0.159317 0.219617
vt 0.152790 0.223904
vt 0.852880 0.759540
vt 0.873976 0.756774
vt 0.865025 0.760802
vt 0.170157 0.224794
vt 0.875775 0.759200
vt 0.881913 0.756687
vt 0.885431 0.759286
vt 0.898520 0.757118
vt 0.502205 0.065594
vt 0.484783 0.056955
vt 0.509741 0.045064
vt 0.506161 0.033339
vt 0.518160 0.020851
vt 0.521299 0.044496
vt 0.894836 0.759446
vt 0.903105 0.758862
vt 0.512789 0.072891
vt 0.546241 0.036431
vt 0.536271 0.012282
vt 0.545097 0.009507
vt 0.910372 0.760500
vt 0.914436 0.758500
vt 0.527234 0.060156
vt 0.541250 0.045770
vt 0.567419 0.006155
vt 0.560077 0.005119
vt 0.921990 0.760802
vt 0.824683 0.485619
vt 0.831937 0.489197
vt 0.821902 0.487359
vt 0.532336 0.078209
vt 0.571659 0.003601
vt 0.552714 0.043448
vt 0.537529 0.105116
vt 0.557035 0.073145
vt 0.569524 0.030294
vt 0.546790 0.106368
vt 0.549016 0.109921
vt 0.581901 0.005072
vt 0.553148 0.108906
vt 0.814576 0.483127
vt 0.805287 0.483643
vt 0.805146 0.485928
vt 0.565744 0.042456
vt 0.560081 0.102917
vt 0.574091 0.061572
vt 0.593323 0.035397
vt 0.591195 0.004964
vt 0.598166 0.006246
vt 0.786267 0.483374
vt 0.798214 0.483025
vt 0.782415 0.485958
vt 0.591373 0.062170
vt 0.586469 0.105611
vt 0.591433 0.109438
vt 0.773146 0.483762
vt 0.762827 0.489197
vt 0.612275 0.036483
vt 0.609816 0.008642
vt 0.608981 0.076884
vt 0.613203 0.061266
vt 0.622223 0.012688
vt 0.607910 0.105291
vt 0.914046 0.212449
vt 0.607573 0.111197
vt 0.611278 0.101413
vt 0.612010 0.111625
vt 0.162438 0.053818
vt 0.623353 0.044429
vt 0.633135 0.022148
vt 0.617581 0.096070
vt 0.625268 0.065926
vt 0.626132 0.055069
vt 0.632371 0.017762
vt 0.825654 0.186728
vt 0.890167 0.506687
vt 0.887435 0.520020
vt 0.890576 0.521110
vt 0.890167 0.528292
vt 0.974850 0.824773
vt 0.977852 0.801955
vt 0.972251 0.832591
vt 0.974788 0.835564
vt 0.640429 0.024704
vt 0.752064 0.685700
vt 0.978534 0.834934
vt 0.628679 0.064257
vt 0.637107 0.048992
vt 0.646613 0.037651
vt 0.633184 0.065066
vt 0.636843 0.061434
vt 0.977852 0.838992
vt 0.641216 0.059177
vt 0.644960 0.054762
vt 0.542262 0.824309
vt 0.649504 0.034710
vt 0.651971 0.055725
vt 0.653058 0.049458
vt 0.655034 0.043715
vt 0.658115 0.057900
vt 0.827147 0.763784
vt 0.140838 0.144547
vt 0.136649 0.146097
vt 0.945634 0.806084
vt 0.940966 0.800704
vt 0.953814 0.810640
vt 0.375393 0.860422
vt 0.927016 0.797840
vt 0.932464 0.800644
vt 0.963874 0.828193
vt 0.959461 0.828146
vt 0.955801 0.844065
vt 0.962050 0.839951
vt 0.677898 0.392490
vt 0.679694 0.385092
vt 0.676537 0.385181
vt 0.680045 0.374730
vt 0.345622 0.529321
vt 0.345607 0.533436
vt 0.354450 0.532786
vt 0.940516 0.821373
vt 0.946281 0.846428
vt 0.676607 0.375444
vt 0.680105 0.360623
vt 0.333508 0.532786
vt 0.918092 0.799787
vt 0.926868 0.824165
vt 0.929841 0.847222
vt 0.676653 0.359102
vt 0.679694 0.344596
vt 0.906406 0.802264
vt 0.906946 0.806865
vt 0.897651 0.810139
vt 0.908936 0.827719
vt 0.916291 0.844319
vt 0.676278 0.338992
vt 0.673822 0.345610
vt 0.887488 0.914041
vt 0.910953 0.940411
vt 0.896119 0.817092
vt 0.889886 0.814703
vt 0.896048 0.824274
vt 0.882909 0.823691
vt 0.083246 0.535936
vt 0.085622 0.532407
vt 0.088482 0.535936
vt 0.891303 0.841686
vt 0.909833 0.847174
vt 0.898740 0.847222
vt 0.881046 0.843296
vt 0.017579 0.523565
vt 0.731296 0.824194
vt 0.869319 0.894884
vt 0.900960 0.927626
vt 0.283576 0.510815
vt 0.070167 0.862891
vt 0.026101 0.097222
vt 0.029087 0.159139
vt 0.027060 0.228313
vt 0.086409 0.538580
vt 0.879481 0.833889
vt 0.029793 0.520771
vt 0.015536 0.693131
vt 0.015183 0.699612
vt 0.017763 0.712972
vt 0.016199 0.730112
vt 0.029503 0.719900
vt 0.029160 0.738359
vt 0.016445 0.743152
vt 0.020509 0.762841
vt 0.835103 0.877652
vt 0.351426 0.498642
vt 0.369200 0.511903
vt 0.342663 0.509904
vt 0.323515 0.509129
vt 0.324689 0.495897
vt 0.307559 0.506756
vt 0.307243 0.494738
vt 0.292597 0.493352
vt 0.280523 0.493094
vt 0.256410 0.502057
vt 0.084213 0.575441
vt 0.391097 0.534394
vt 0.037899 0.169536
vt 0.028957 0.190843
vt 0.037528 0.202188
vt 0.033640 0.231962
vt 0.034005 0.254030
vt 0.479342 0.947528
vt 0.876878 0.827803
vt 0.880882 0.821127
vt 0.023927 0.475070
vt 0.025946 0.479106
vt 0.023630 0.485038
vt 0.870116 0.837160
vt 0.869633 0.843163
vt 0.029248 0.500963
vt 0.017422 0.583254
vt 0.029885 0.709189
vt 0.030022 0.764918
vt 0.813268 0.863876
vt 0.407427 0.503629
vt 0.384553 0.512860
vt 0.399430 0.500815
vt 0.376482 0.500108
vt 0.268601 0.493684
vt 0.256592 0.494804
vt 0.147120 0.553751
vt 0.006831 0.341357
vt 0.017608 0.342078
vt 0.019016 0.335338
vt 0.024607 0.339365
vt 0.249738 0.497628
vt 0.024607 0.329128
vt 0.766479 0.172411
vt 0.777119 0.181619
vt 0.774111 0.182252
vt 0.724875 0.276235
vt 0.158620 0.555537
vt 0.141936 0.665367
vt 0.945478 0.706604
vt 0.949598 0.696366
vt 0.957228 0.670617
vt 0.053063 0.906893
vt 0.063964 0.891827
vt 0.089036 0.879740
vt 0.109136 0.781021
vt 0.097656 0.784465
vt 0.099500 0.780873
vt 0.551205 0.282361
vt 0.544242 0.297093
vt 0.545445 0.289169
vt 0.424607 0.000514
vt 0.432504 0.005018
vt 0.436819 0.009979
vt 0.442385 0.037885
vt 0.303115 0.900242
vt 0.040314 0.143835
vt 0.690531 0.255648
vt 0.669164 0.256528
vt 0.692894 0.252942
vt 0.710738 0.248400
vt 0.703390 0.247206
vt 0.717780 0.245370
vt 0.040314 0.289598
vt 0.034460 0.298868
vt 0.035748 0.479464
vt 0.434031 0.502289
vt 0.008240 0.331439
vt 0.253844 0.492378
vt 0.747832 0.012467
vt 0.756150 0.032228
vt 0.750147 0.034097
vt 0.758042 0.042639
vt 0.818131 0.210334
vt 0.826702 0.234339
vt 0.823573 0.237876
vt 0.736882 0.004669
vt 0.728503 0.004671
vt 0.753357 0.060117
vt 0.815375 0.210941
vt 0.805250 0.201246
vt 0.825911 0.247192
vt 0.719199 0.024169
vt 0.800211 0.232615
vt 0.818431 0.254192
vt 0.815629 0.263108
vt 0.786662 0.187849
vt 0.710830 0.006691
vt 0.714926 0.008876
vt 0.729293 0.065474
vt 0.775345 0.208147
vt 0.804016 0.260748
vt 0.805306 0.264873
vt 0.696873 0.024290
vt 0.780551 0.252151
vt 0.790137 0.260173
vt 0.691815 0.019978
vt 0.725241 0.122333
vt 0.704188 0.279321
vt 0.749282 0.160463
vt 0.731716 0.122093
vt 0.768083 0.249931
vt 0.683120 0.029907
vt 0.731257 0.133664
vt 0.733780 0.140855
vt 0.736436 0.179618
vt 0.765777 0.246592
vt 0.757347 0.245179
vt 0.749821 0.239707
vt 0.672243 0.050418
vt 0.738928 0.237903
vt 0.662865 0.079040
vt 0.618778 0.201947
vt 0.610012 0.205768
vt 0.604727 0.202938
vt 0.600652 0.211363
vt 0.599018 0.204951
vt 0.594067 0.218296
vt 0.091623 0.781890
vt 0.592109 0.206677
vt 0.591036 0.213829
vt 0.559741 0.151336
vt 0.569981 0.140493
vt 0.570075 0.149588
vt 0.565026 0.134497
vt 0.108878 0.777762
vt 0.577875 0.212937
vt 0.548796 0.152230
vt 0.591592 0.225781
vt 0.583779 0.233495
vt 0.571567 0.233980
vt 0.575419 0.241740
vt 0.145036 0.770269
vt 0.566209 0.254952
vt 0.554001 0.265241
vt 0.558898 0.265755
vt 0.192374 0.768535
vt 0.519848 0.125125
vt 0.197281 0.773432
vt 0.536508 0.265220
vt 0.212926 0.776395
vt 0.535359 0.307002
vt 0.418726 0.002272
vt 0.456631 0.086952
vt 0.220039 0.773739
vt 0.228796 0.784465
vt 0.537307 0.321239
vt 0.408516 0.002856
vt 0.198186 0.748457
vt 0.470642 0.133981
vt 0.450464 0.124425
vt 0.527359 0.359011
vt 0.534372 0.340756
vt 0.431261 0.113895
vt 0.507752 0.345052
vt 0.532503 0.362736
vt 0.393066 0.010418
vt 0.379636 0.026029
vt 0.400384 0.094260
vt 0.532267 0.405480
vt 0.535120 0.384587
vt 0.536701 0.395860
vt 0.411525 0.103826
vt 0.535469 0.414339
vt 0.382530 0.020005
vt 0.369037 0.090669
vt 0.520645 0.395052
vt 0.525336 0.418200
vt 0.370221 0.034937
vt 0.499434 0.403454
vt 0.498380 0.414738
vt 0.516202 0.420267
vt 0.356142 0.060247
vt 0.354223 0.058857
vt 0.368598 0.101759
vt 0.475953 0.408507
vt 0.476160 0.389172
vt 0.485784 0.411817
vt 0.354143 0.090515
vt 0.340419 0.091024
vt 0.441148 0.390785
vt 0.341078 0.085480
vt 0.455895 0.402383
vt 0.436452 0.396273
vt 0.422681 0.392623
vt 0.402782 0.382398
vt 0.405103 0.388215
vt 0.395293 0.386818
vt 0.386264 0.382441
vt 0.397360 0.376307
vt 0.390249 0.383259
vt 0.574346 0.271322
vt 0.602074 0.265942
vt 0.600730 0.273148
vt 0.637347 0.262994
vt 0.666034 0.262923
vt 0.698380 0.259085
vt 0.946073 0.872942
vt 0.948515 0.876029
vt 0.952356 0.872942
vt 0.038139 0.255157
vt 0.696230 0.253748
vt 0.708489 0.251453
vt 0.726686 0.250601
vt 0.737653 0.262398
vt 0.729860 0.254234
vt 0.736836 0.253715
vt 0.740096 0.259152
vt 0.039903 0.474567
vt 0.041178 0.531900
vt 0.038809 0.562228
vt 0.041272 0.584449
vt 0.041368 0.607636
vt 0.038511 0.646221
vt 0.040390 0.665571
vt 0.041279 0.679977
vt 0.040895 0.703513
vt 0.041312 0.720147
vt 0.041470 0.729024
vt 0.042408 0.746575
vt 0.775117 0.291070
vt 0.786383 0.302436
vt 0.763849 0.302465
vt 0.744836 0.304006
vt 0.764379 0.294653
vt 0.745680 0.292857
vt 0.731205 0.294961
vt 0.711625 0.308947
vt 0.689947 0.314382
vt 0.695460 0.301264
vt 0.677170 0.306115
vt 0.666432 0.321291
vt 0.647025 0.315829
vt 0.641049 0.328442
vt 0.624650 0.333776
vt 0.610474 0.337405
vt 0.600272 0.327443
vt 0.621014 0.321856
vt 0.598684 0.340049
vt 0.586840 0.342078
vt 0.584817 0.330673
vt 0.266032 0.482862
vt 0.257508 0.486079
vt 0.003262 0.337521
vt 0.018958 0.323668
vt 0.122667 0.553684
vt 0.671707 0.867712
vt 0.671734 0.862654
vt 0.717727 0.053055
vt 0.791170 0.244241
vt 0.707710 0.037162
vt 0.778217 0.224808
vt 0.740704 0.190947
vt 0.710561 0.110219
vt 0.764730 0.233380
vt 0.689641 0.046949
vt 0.698591 0.088281
vt 0.744258 0.208744
vt 0.682446 0.083066
vt 0.716750 0.167950
vt 0.702957 0.132265
vt 0.738106 0.222139
vt 0.687891 0.111740
vt 0.690556 0.158831
vt 0.716095 0.188171
vt 0.671204 0.097551
vt 0.717829 0.217659
vt 0.681738 0.120709
vt 0.712191 0.205602
vt 0.659449 0.108528
vt 0.669667 0.122359
vt 0.696646 0.202934
vt 0.703494 0.219084
vt 0.686071 0.210486
vt 0.686313 0.198187
vt 0.641417 0.125783
vt 0.670066 0.198552
vt 0.675125 0.209032
vt 0.664121 0.206376
vt 0.648592 0.204049
vt 0.647679 0.192911
vt 0.637285 0.201681
vt 0.622669 0.194368
vt 0.588568 0.198184
vt 0.574140 0.224480
vt 0.555301 0.133422
vt 0.535718 0.152091
vt 0.550795 0.219967
vt 0.555151 0.223161
vt 0.536992 0.131075
vt 0.105315 0.478481
vt 0.106283 0.465535
vt 0.096859 0.484979
vt 0.524330 0.150459
vt 0.105741 0.489892
vt 0.505341 0.147366
vt 0.527396 0.231912
vt 0.502380 0.251888
vt 0.504117 0.236254
vt 0.512800 0.240190
vt 0.463850 0.139648
vt 0.492803 0.265934
vt 0.510534 0.293121
vt 0.483788 0.271328
vt 0.475680 0.287292
vt 0.472930 0.341333
vt 0.490327 0.378027
vt 0.464387 0.303430
vt 0.442990 0.331694
vt 0.454920 0.314650
vt 0.449800 0.372525
vt 0.350866 0.096859
vt 0.385742 0.439825
vt 0.371204 0.436261
vt 0.390221 0.432016
vt 0.433932 0.342067
vt 0.416041 0.361807
vt 0.421697 0.377546
vt 0.415263 0.344234
vt 0.418774 0.357288
vt 0.402854 0.370821
vt 0.385503 0.374406
vt 0.362395 0.385655
vt 0.657991 0.266942
vt 0.705048 0.256181
vt 0.709455 0.261554
vt 0.744183 0.272820
vt 0.746417 0.270791
vt 0.748168 0.273148
vt 0.040812 0.465163
vt 0.042408 0.551141
vt 0.040827 0.622526
vt 0.041743 0.652970
vt 0.085216 0.307154
vt 0.084338 0.280167
vt 0.805252 0.292288
vt 0.786582 0.290692
vt 0.760222 0.289070
vt 0.714944 0.296856
vt 0.090056 0.077027
vt 0.002618 0.330504
vt 0.003057 0.328873
vt 0.011480 0.321502
vt 0.020850 0.785192
vt 0.024865 0.788708
vt 0.018325 0.791769
vt 0.701566 0.176528
vt 0.678931 0.142181
vt 0.696273 0.185345
vt 0.687539 0.170101
vt 0.668677 0.165537
vt 0.664113 0.142703
vt 0.672357 0.176853
vt 0.648315 0.144284
vt 0.670767 0.189616
vt 0.619995 0.171832
vt 0.650397 0.179600
vt 0.630828 0.175666
vt 0.634234 0.185140
vt 0.604038 0.162691
vt 0.618232 0.185557
vt 0.585736 0.189874
vt 0.531386 0.218523
vt 0.476090 0.150661
vt 0.457704 0.145029
vt 0.486676 0.248024
vt 0.475837 0.261438
vt 0.449820 0.300011
vt 0.433363 0.323026
vt 0.733448 0.670041
vt 0.746719 0.682987
vt 0.732822 0.682904
vt 0.711119 0.661938
vt 0.396461 0.363343
vt 0.693181 0.652157
vt 0.383904 0.370828
vt 0.361888 0.380046
vt 0.310785 0.397402
vt 0.308655 0.392082
vt 0.274489 0.409898
vt 0.261669 0.399735
vt 0.257552 0.408666
vt 0.235974 0.406838
vt 0.216713 0.404848
vt 0.224131 0.408394
vt 0.914009 0.648663
vt 0.908931 0.644547
vt 0.921990 0.644850
vt 0.220023 0.409465
vt 0.904188 0.648663
vt 0.042207 0.492604
vt 0.040613 0.484819
vt 0.564921 0.419701
vt 0.676963 0.904241
vt 0.658347 0.307801
vt 0.637929 0.313890
vt 0.610748 0.321248
vt 0.590304 0.324835
vt 0.106316 0.053715
vt 0.049671 0.765523
vt 0.035735 0.776794
vt 0.106933 0.034834
vt 0.255492 0.478756
vt 0.281152 0.163066
vt 0.603985 0.183835
vt 0.588961 0.182932
vt 0.574740 0.169686
vt 0.544825 0.159655
vt 0.536123 0.207491
vt 0.528272 0.158148
vt 0.503617 0.226755
vt 0.467162 0.164658
vt 0.404113 0.125633
vt 0.464144 0.269847
vt 0.772446 0.710185
vt 0.778534 0.725329
vt 0.765195 0.722549
vt 0.758804 0.697057
vt 0.744539 0.699010
vt 0.432141 0.313460
vt 0.418695 0.329924
vt 0.727086 0.691435
vt 0.391854 0.355761
vt 0.684441 0.665927
vt 0.373245 0.357959
vt 0.357306 0.370622
vt 0.338244 0.368155
vt 0.288899 0.382536
vt 0.243438 0.394665
vt 0.210797 0.395777
vt 0.198244 0.406231
vt 0.189972 0.404779
vt 0.170341 0.400220
vt 0.172479 0.407123
vt 0.149449 0.410909
vt 0.129922 0.413346
vt 0.073159 0.419988
vt 0.061888 0.405754
vt 0.058214 0.420267
vt 0.883756 0.318808
vt 0.881225 0.342078
vt 0.872496 0.332837
vt 0.863503 0.321454
vt 0.867877 0.304433
vt 0.851645 0.311184
vt 0.854956 0.298433
vt 0.845770 0.305577
vt 0.842102 0.291088
vt 0.830870 0.298283
vt 0.821321 0.288786
vt 0.822382 0.295727
vt 0.108938 0.288611
vt 0.103661 0.271468
vt 0.802803 0.271570
vt 0.776895 0.277170
vt 0.790447 0.273319
vt 0.760004 0.281726
vt 0.189080 0.680259
vt 0.177886 0.687211
vt 0.164797 0.680311
vt 0.164114 0.696175
vt 0.748478 0.283713
vt 0.149528 0.693022
vt 0.157937 0.678575
vt 0.143244 0.690760
vt 0.154768 0.702188
vt 0.712516 0.291242
vt 0.687667 0.293724
vt 0.676496 0.302184
vt 0.599408 0.320987
vt 0.114002 0.065765
vt 0.062167 0.763058
vt 0.060624 0.775396
vt 0.054732 0.793790
vt 0.045704 0.793715
vt 0.270866 0.476896
vt 0.540043 0.179123
vt 0.526865 0.202091
vt 0.531745 0.188265
vt 0.504543 0.172474
vt 0.496633 0.221690
vt 0.481402 0.232624
vt 0.445872 0.159960
vt 0.461582 0.249377
vt 0.429297 0.154485
vt 0.395142 0.132296
vt 0.443299 0.272839
vt 0.753224 0.724014
vt 0.419193 0.313299
vt 0.385035 0.338114
vt 0.691905 0.678582
vt 0.343260 0.342081
vt 0.303612 0.363403
vt 0.270801 0.369418
vt 0.251783 0.378596
vt 0.198429 0.715984
vt 0.217303 0.374149
vt 0.189321 0.384468
vt 0.480145 0.598143
vt 0.607655 0.421253
vt 0.934555 0.014918
vt 0.918469 0.012441
vt 0.176250 0.391279
vt 0.139579 0.396152
vt 0.819574 0.906783
vt 0.849738 0.920267
vt 0.114279 0.303347
vt 0.825978 0.272221
vt 0.114660 0.274108
vt 0.108268 0.248859
vt 0.198709 0.656644
vt 0.211218 0.660799
vt 0.182101 0.667960
vt 0.199671 0.675407
vt 0.182221 0.662908
vt 0.139567 0.709127
vt 0.730655 0.283277
vt 0.129765 0.705854
vt 0.110351 0.712854
vt 0.704375 0.287096
vt 0.119118 0.723375
vt 0.119922 0.712371
vt 0.102794 0.724335
vt 0.104992 0.729542
vt 0.108329 0.736348
vt 0.095657 0.747534
vt 0.670077 0.297196
vt 0.109286 0.124875
vt 0.084043 0.742087
vt 0.086445 0.756741
vt 0.656631 0.300530
vt 0.072417 0.754457
vt 0.076948 0.763449
vt 0.638290 0.306353
vt 0.074693 0.770437
vt 0.625532 0.310906
vt 0.114660 0.079961
vt 0.066821 0.780403
vt 0.060289 0.788048
vt 0.615314 0.314256
vt 0.607047 0.316820
vt 0.049986 0.800202
vt 0.040275 0.804605
vt 0.587778 0.320833
vt 0.029133 0.805548
vt 0.267603 0.473765
vt 0.029004 0.810185
vt 0.032182 0.800913
vt 0.520300 0.182644
vt 0.502166 0.189807
vt 0.483001 0.180060
vt 0.485614 0.206843
vt 0.480136 0.216438
vt 0.468124 0.183374
vt 0.445289 0.183387
vt 0.431905 0.257798
vt 0.741240 0.721477
vt 0.415690 0.285384
vt 0.725042 0.703910
vt 0.394676 0.275273
vt 0.393548 0.316124
vt 0.386928 0.300534
vt 0.685878 0.688705
vt 0.650984 0.673810
vt 0.360517 0.331826
vt 0.613642 0.665658
vt 0.299124 0.350668
vt 0.280802 0.347460
vt 0.241605 0.355052
vt 0.199984 0.704706
vt 0.618037 0.391457
vt 0.609564 0.407756
vt 0.483378 0.617352
vt 0.184579 0.359068
vt 0.166868 0.381262
vt 0.400133 0.596411
vt 0.103910 0.385520
vt 0.080027 0.390082
vt 0.059226 0.390821
vt 0.356549 0.586500
vt 0.015979 0.390118
vt 0.315986 0.586490
vt 0.000524 0.383972
vt 0.887435 0.300357
vt 0.867796 0.283470
vt 0.260833 0.672078
vt 0.261090 0.678129
vt 0.229402 0.668864
vt 0.836932 0.271091
vt 0.255578 0.626438
vt 0.256251 0.641635
vt 0.247788 0.632301
vt 0.238496 0.648267
vt 0.247570 0.658114
vt 0.229291 0.658063
vt 0.232385 0.636427
vt 0.222900 0.648935
vt 0.220077 0.670737
vt 0.459181 0.198438
vt 0.447298 0.210672
vt 0.449752 0.220063
vt 0.421974 0.235819
vt 0.408770 0.174551
vt 0.383732 0.136565
vt 0.378343 0.164254
vt 0.361733 0.153395
vt 0.404916 0.239108
vt 0.361880 0.265520
vt 0.352525 0.296211
vt 0.642246 0.706129
vt 0.325004 0.323204
vt 0.246571 0.325494
vt 0.203727 0.694325
vt 0.632779 0.372327
vt 0.235828 0.318420
vt 0.202198 0.340227
vt 0.630221 0.421296
vt 0.166096 0.369766
vt 0.131561 0.370658
vt 0.117140 0.370936
vt 0.039512 0.381206
vt 0.290476 0.685746
vt 0.320356 0.690518
vt 0.313076 0.709311
vt 0.294191 0.698759
vt 0.311989 0.718914
vt 0.288110 0.708536
vt 0.304341 0.674277
vt 0.294364 0.643384
vt 0.290209 0.655799
vt 0.282049 0.693206
vt 0.272360 0.651326
vt 0.282379 0.644207
vt 0.292098 0.601966
vt 0.271649 0.637277
vt 0.275431 0.632564
vt 0.263417 0.640174
vt 0.265539 0.621839
vt 0.261484 0.627121
vt 0.428023 0.201967
vt 0.396100 0.225470
vt 0.384972 0.236360
vt 0.337088 0.200975
vt 0.317505 0.176127
vt 0.348194 0.243571
vt 0.339524 0.290457
vt 0.322628 0.291204
vt 0.621964 0.704953
vt 0.285615 0.313616
vt 0.643211 0.376089
vt 0.225096 0.676246
vt 0.209569 0.319268
vt 0.854767 0.008984
vt 0.462966 0.640004
vt 0.183061 0.341299
vt 0.867781 0.013674
vt 0.144957 0.358376
vt 0.426834 0.632902
vt 0.082162 0.377170
vt 0.073115 0.369520
vt 0.330491 0.662991
vt 0.635278 0.890432
vt 0.319852 0.646805
vt 0.032027 0.831790
vt 0.010995 0.827420
vt 0.033634 0.820473
vt 0.306812 0.618600
vt 0.307564 0.628343
vt 0.298458 0.626491
vt 0.041361 0.831790
vt 0.038788 0.821441
vt 0.608642 0.900752
vt 0.294091 0.639622
vt 0.284752 0.637390
vt 0.581288 0.916019
vt 0.589156 0.915607
vt 0.581125 0.922994
vt 0.574346 0.926567
vt 0.578021 0.932613
vt 0.249519 0.302998
vt 0.653145 0.383651
vt 0.910511 0.867798
vt 0.897906 0.865743
vt 0.913653 0.865741
vt 0.926178 0.867798
vt 0.662111 0.403121
vt 0.662917 0.395560
vt 0.666492 0.402490
vt 0.660844 0.409261
vt 0.853191 0.014574
vt 0.844503 0.014918
vt 0.656112 0.417134
vt 0.173486 0.330230
vt 0.156626 0.340921
vt 0.159888 0.325642
vt 0.150562 0.345785
vt 0.137519 0.354759
vt 0.143254 0.347057
vt 0.118833 0.355684
vt 0.408889 0.650699
vt 0.391093 0.745911
vt 0.387284 0.753024
vt 0.375811 0.763244
vt 0.359258 0.739047
vt 0.345621 0.745190
vt 0.379672 0.638605
vt 0.347863 0.698993
vt 0.338366 0.638952
vt 0.635675 0.917504
vt 0.648325 0.931585
vt 0.328453 0.613049
vt 0.319016 0.608728
vt 0.302360 0.609470
vt 0.608149 0.914592
vt 0.298011 0.615206
vt 0.292839 0.631320
vt 0.597827 0.913420
vt 0.291738 0.605730
vt 0.288759 0.613469
vt 0.280043 0.607025
vt 0.341967 0.220884
vt 0.345742 0.229058
vt 0.316681 0.247284
vt 0.303626 0.213049
vt 0.311670 0.229549
vt 0.303849 0.278433
vt 0.284668 0.236505
vt 0.252112 0.211786
vt 0.262640 0.223914
vt 0.289483 0.257906
vt 0.587631 0.711567
vt 0.259756 0.259735
vt 0.273803 0.283446
vt 0.243081 0.230597
vt 0.246438 0.267845
vt 0.207866 0.226430
vt 0.209161 0.215612
vt 0.226750 0.275025
vt 0.220381 0.300215
vt 0.203457 0.289744
vt 0.542732 0.698506
vt 0.181529 0.305671
vt 0.181792 0.313436
vt 0.179195 0.280619
vt 0.155352 0.312949
vt 0.154270 0.324253
vt 0.152131 0.315975
vt 0.152199 0.324593
vt 0.468586 0.697286
vt 0.466492 0.698045
vt 0.466492 0.687757
vt 0.149411 0.332269
vt 0.146584 0.338710
vt 0.313439 0.132202
vt 0.317801 0.123494
vt 0.312670 0.124807
vt 0.312565 0.116597
vt 0.136032 0.348648
vt 0.317801 0.115741
vt 0.914660 0.162037
vt 0.398495 0.749085
vt 0.404524 0.759747
vt 0.366780 0.719895
vt 0.361679 0.708200
vt 0.356564 0.676687
vt 0.371379 0.684645
vt 0.681080 0.932613
vt 0.339065 0.624460
vt 0.288743 0.621021
vt 0.253785 0.244786
vt 0.213284 0.260357
vt 0.201916 0.243890
vt 0.168113 0.255993
vt 0.155986 0.245835
vt 0.144317 0.261798
vt 0.149404 0.300829
vt 0.129455 0.269250
vt 0.110536 0.951871
vt 0.650785 0.995370
vt 0.648313 0.991255
vt 0.638220 0.995370
vt 0.447021 0.677529
vt 0.117274 0.262116
vt 0.128872 0.746399
vt 0.124084 0.749486
vt 0.135602 0.749486
vt 0.141004 0.298238
vt 0.860209 0.392490
vt 0.859380 0.361186
vt 0.858196 0.382165
vt 0.857471 0.363917
vt 0.856021 0.342379
vt 0.860209 0.340021
vt 0.452921 0.691458
vt 0.433902 0.687137
vt 0.406253 0.737995
vt 0.408154 0.749437
vt 0.408762 0.665689
vt 0.396488 0.725310
vt 0.410484 0.683673
vt 0.369376 0.472737
vt 0.409948 0.476007
vt 0.375358 0.489197
vt 0.406123 0.698594
vt 0.390000 0.709510
vt 0.357592 0.489197
vt 0.393778 0.678886
vt 0.393248 0.688216
vt 0.383918 0.703387
vt 0.374663 0.669296
vt 0.004106 0.710622
vt 0.004712 0.736111
vt 0.414523 0.783584
vt 0.434334 0.701411
vt 0.407826 0.772493
vt 0.408939 0.759481
vt 0.822513 0.361626
vt 0.799418 0.325617
vt 0.796727 0.347883
vt 0.798033 0.336044
vt 0.426996 0.711955
vt 0.796335 0.327538
vt 0.441256 0.801303
vt 0.822513 0.328993
vt 0.449726 0.773765
vt 0.470868 0.789761
vt 0.461697 0.807193
vt 0.311472 0.988265
vt 0.307855 0.985905
vt 0.318232 0.985082
vt 0.325469 0.986000
vt 0.322039 0.988838
vt 0.334555 0.989198
vt 0.473872 0.808273
vt 0.296859 0.989198
vt 0.499357 0.786133
vt 0.484038 0.810175
vt 0.507917 0.708617
vt 0.498367 0.810185
vt 0.532566 0.782258
vt 0.518731 0.804205
vt 0.507320 0.808616
vt 0.253927 0.967472
vt 0.208286 0.902367
vt 0.529381 0.800286
vt 0.251532 0.948038
vt 0.851832 0.467593
vt 0.852880 0.474549
vt 0.851832 0.487140
vt 0.580266 0.739787
vt 0.564609 0.774297
vt 0.900000 0.697016
vt 0.901047 0.705675
vt 0.900000 0.716564
vt 0.553932 0.784586
vt 0.538926 0.796274
vt 0.576482 0.758950
s 0
usemtl Material_0
f 507/1/1 506/2/1 505/3/1
f 2150/4/2 2149/5/2 2148/6/2
f 772/7/3 773/8/3 774/9/3
f 2155/10/4 2144/11/4 2149/5/4
f 2144/11/5 2148/6/5 2149/5/5
f 2144/11/6 2142/12/6 2148/6/6
f 1410/13/7 1411/14/7 1412/15/7
f 2142/12/8 2153/16/8 2148/6/8
f 2151/17/9 2129/18/9 2144/11/9
f 2129/18/10 2130/19/10 2144/11/10
f 2144/11/11 2130/19/11 2142/12/11
f 2153/16/12 2142/12/12 2154/20/12
f 2142/12/13 2147/21/13 2154/20/13
f 775/22/14 771/23/14 770/24/14
f 2130/19/15 2129/18/15 2114/25/15
f 2116/26/16 2114/25/16 2129/18/16
f 2114/25/17 2113/27/17 2130/19/17
f 2130/19/18 2113/27/18 2142/12/18
f 2113/27/19 2141/28/19 2142/12/19
f 2142/12/20 2141/28/20 2147/21/20
f 2141/28/21 2140/29/21 2147/21/21
f 2140/29/22 2146/30/22 2147/21/22
f 770/24/23 769/31/23 767/32/23
f 2136/33/24 2115/34/24 2116/26/24
f 2116/26/25 2115/34/25 2112/35/25
f 2116/26/26 2112/35/26 2114/25/26
f 2114/25/27 2112/35/27 2113/27/27
f 2113/27/28 2112/35/28 2107/36/28
f 2113/27/29 2109/37/29 2141/28/29
f 2113/27/30 2107/36/30 2109/37/30
f 2141/28/31 2109/37/31 2140/29/31
f 2146/30/32 2140/29/32 2143/38/32
f 763/39/33 764/40/33 765/41/33
f 2136/33/34 2095/42/34 2115/34/34
f 2095/42/35 2097/43/35 2115/34/35
f 2115/34/36 2097/43/36 2112/35/36
f 2109/37/37 2108/44/37 2140/29/37
f 2107/36/38 2108/44/38 2109/37/38
f 2140/29/39 2108/44/39 2128/45/39
f 2140/29/40 2128/45/40 2143/38/40
f 2108/44/41 2124/46/41 2128/45/41
f 766/47/42 768/48/42 765/41/42
f 2095/42/43 2096/49/43 2097/43/43
f 2112/35/44 2111/50/44 2107/36/44
f 2098/51/45 2105/52/45 2097/43/45
f 2097/43/46 2105/52/46 2111/50/46
f 2097/43/47 2111/50/47 2112/35/47
f 2111/50/48 2110/53/48 2107/36/48
f 2107/36/49 2110/53/49 2108/44/49
f 2110/53/50 2124/46/50 2108/44/50
f 2128/45/51 2124/46/51 2126/54/51
f 2098/51/52 2106/55/52 2105/52/52
f 2105/52/53 2101/56/53 2111/50/53
f 2124/46/54 2110/53/54 2125/57/54
f 2124/46/55 2125/57/55 2126/54/55
f 2105/52/56 2099/58/56 2101/56/56
f 2101/56/57 2110/53/57 2111/50/57
f 2101/56/58 2117/59/58 2110/53/58
f 2099/58/59 2100/60/59 2101/56/59
f 840/61/60 785/62/60 830/63/60
f 2101/56/61 2100/60/61 2102/64/61
f 2125/57/62 2135/65/62 2126/54/62
f 2101/56/63 2102/64/63 2103/66/63
f 2172/67/64 2173/68/64 2174/69/64
f 2101/56/65 2104/70/65 2117/59/65
f 2117/59/66 2120/71/66 2110/53/66
f 2110/53/67 2120/71/67 2125/57/67
f 2125/57/68 2134/72/68 2135/65/68
f 2135/65/69 2134/72/69 2152/73/69
f 2103/66/70 2102/64/70 2104/70/70
f 2117/59/71 2119/74/71 2120/71/71
f 2125/57/72 2120/71/72 2134/72/72
f 1340/75/73 1337/76/73 1339/77/73
f 2138/78/74 2118/79/74 2104/70/74
f 2104/70/75 2118/79/75 2117/59/75
f 2118/79/76 2119/74/76 2117/59/76
f 1346/80/77 1347/81/77 1348/82/77
f 1337/76/78 1338/83/78 1339/77/78
f 2119/74/79 2121/84/79 2120/71/79
f 2120/71/80 2127/85/80 2134/72/80
f 2127/85/81 2145/86/81 2134/72/81
f 2138/78/82 2137/87/82 2118/79/82
f 2118/79/83 2123/88/83 2119/74/83
f 2120/71/84 2121/84/84 2127/85/84
f 2118/79/85 2137/87/85 2123/88/85
f 2123/88/86 2122/89/86 2119/74/86
f 1347/81/87 1349/90/87 1348/82/87
f 1349/90/88 1350/91/88 1348/82/88
f 2127/85/89 2139/92/89 2145/86/89
f 571/93/90 574/94/90 573/95/90
f 2127/85/91 2121/84/91 2139/92/91
f 422/96/92 421/97/92 423/98/92
f 574/94/93 595/99/93 596/100/93
f 2119/74/94 2122/89/94 2121/84/94
f 2122/89/95 2156/101/95 2121/84/95
f 2121/84/96 2156/101/96 2157/102/96
f 2123/88/97 2133/103/97 2131/104/97
f 2123/88/98 2131/104/98 2122/89/98
f 2122/89/99 2131/104/99 2132/105/99
f 550/106/100 551/107/100 547/108/100
f 1024/109/101 1026/110/101 1027/111/101
f 550/106/102 560/112/102 551/107/102
f 1024/109/103 1025/113/103 1026/110/103
f 1025/113/104 1048/114/104 1026/110/104
f 550/106/105 555/115/105 558/116/105
f 550/106/106 562/117/106 560/112/106
f 1025/113/107 1049/118/107 1048/114/107
f 1048/114/108 1049/118/108 1056/119/108
f 1050/120/109 1049/118/109 1025/113/109
f 550/106/110 558/116/110 562/117/110
f 1050/120/111 1051/121/111 1049/118/111
f 555/115/112 559/122/112 558/116/112
f 558/116/113 559/122/113 562/117/113
f 712/123/114 559/122/114 555/115/114
f 559/122/115 569/124/115 562/117/115
f 562/117/116 569/124/116 586/125/116
f 1050/120/117 1052/126/117 1051/121/117
f 1052/126/118 1053/127/118 1051/121/118
f 1051/121/119 1053/127/119 1067/128/119
f 569/124/120 585/129/120 586/125/120
f 1052/126/121 1054/130/121 1053/127/121
f 559/122/122 570/131/122 569/124/122
f 569/124/123 570/131/123 571/93/123
f 571/93/124 572/132/124 569/124/124
f 569/124/125 572/132/125 585/129/125
f 710/133/126 704/134/126 712/123/126
f 712/123/127 704/134/127 559/122/127
f 572/132/128 587/135/128 585/129/128
f 587/135/129 588/136/129 585/129/129
f 585/129/130 588/136/130 629/137/130
f 1054/130/131 1087/138/131 1053/127/131
f 704/134/132 570/131/132 559/122/132
f 588/136/133 656/139/133 629/137/133
f 419/140/134 420/141/134 421/97/134
f 704/134/135 698/142/135 570/131/135
f 570/131/136 574/94/136 571/93/136
f 417/143/137 418/144/137 419/140/137
f 1931/145/138 1913/146/138 1972/147/138
f 574/94/139 570/131/139 595/99/139
f 1931/145/140 1916/148/140 1913/146/140
f 698/142/141 597/149/141 570/131/141
f 570/131/142 597/149/142 595/99/142
f 599/150/143 633/151/143 634/152/143
f 595/99/144 598/153/144 599/150/144
f 597/149/145 598/153/145 595/99/145
f 598/153/146 600/154/146 599/150/146
f 599/150/147 600/154/147 633/151/147
f 698/142/148 701/155/148 597/149/148
f 1917/156/149 1912/157/149 1916/148/149
f 1916/148/150 1912/157/150 1913/146/150
f 701/155/151 635/158/151 597/149/151
f 597/149/152 635/158/152 598/153/152
f 598/153/153 638/159/153 600/154/153
f 600/154/154 638/159/154 633/151/154
f 1936/160/155 1935/161/155 1917/156/155
f 1917/156/156 1935/161/156 1912/157/156
f 635/158/157 639/162/157 598/153/157
f 639/162/158 638/159/158 598/153/158
f 1936/160/159 2050/163/159 1935/161/159
f 1033/164/160 1031/165/160 1034/166/160
f 532/167/161 540/168/161 541/169/161
f 541/169/162 540/168/162 548/170/162
f 540/168/163 542/171/163 548/170/163
f 1033/164/164 1032/172/164 1031/165/164
f 542/171/165 547/108/165 548/170/165
f 1032/172/166 1027/111/166 1031/165/166
f 542/171/167 545/173/167 547/108/167
f 543/174/168 545/173/168 542/171/168
f 1031/165/169 1027/111/169 1030/175/169
f 1027/111/170 1028/176/170 1030/175/170
f 543/174/171 544/177/171 545/173/171
f 1028/176/172 1029/178/172 1047/179/172
f 1027/111/173 1026/110/173 1028/176/173
f 545/173/174 550/106/174 547/108/174
f 1026/110/175 1029/178/175 1028/176/175
f 721/180/176 549/181/176 544/177/176
f 721/180/177 718/182/177 549/181/177
f 544/177/178 549/181/178 545/173/178
f 549/181/179 550/106/179 545/173/179
f 1029/178/180 1055/183/180 1060/184/180
f 1026/110/181 1048/114/181 1029/178/181
f 1029/178/182 1048/114/182 1055/183/182
f 1055/183/183 1062/185/183 1060/184/183
f 549/181/184 555/115/184 550/106/184
f 1048/114/185 1056/119/185 1055/183/185
f 718/182/186 555/115/186 549/181/186
f 1056/119/187 1070/186/187 1055/183/187
f 1049/118/188 1070/186/188 1056/119/188
f 1049/118/189 1065/187/189 1070/186/189
f 718/182/190 712/123/190 555/115/190
f 1049/118/191 1051/121/191 1065/187/191
f 1065/187/192 1066/188/192 1070/186/192
f 298/189/193 289/190/193 299/191/193
f 1051/121/194 1066/188/194 1065/187/194
f 1900/192/195 1882/193/195 1880/194/195
f 1051/121/196 1067/128/196 1066/188/196
f 713/195/197 710/133/197 712/123/197
f 1900/192/198 1876/196/198 1882/193/198
f 1067/128/199 1076/197/199 1066/188/199
f 1900/192/200 1877/198/200 1876/196/200
f 1067/128/201 1053/127/201 1076/197/201
f 1877/198/202 1867/199/202 1876/196/202
f 1053/127/203 1077/200/203 1076/197/203
f 1877/198/204 1918/201/204 1867/199/204
f 703/202/205 704/134/205 710/133/205
f 1970/203/206 1867/199/206 1918/201/206
f 1971/204/207 1863/205/207 1867/199/207
f 1970/203/208 1971/204/208 1867/199/208
f 1863/205/209 1865/206/209 1867/199/209
f 1865/206/210 1868/207/210 1867/199/210
f 1865/206/211 1866/208/211 1868/207/211
f 1866/208/212 1915/209/212 1868/207/212
f 703/202/213 698/142/213 704/134/213
f 1913/146/214 1910/210/214 1914/211/214
f 698/142/215 697/212/215 701/155/215
f 1913/146/216 1912/157/216 1910/210/216
f 699/213/217 700/214/217 701/155/217
f 700/214/218 641/215/218 701/155/218
f 701/155/219 641/215/219 635/158/219
f 2049/216/220 2050/163/220 1936/160/220
f 1935/161/221 2050/163/221 2055/217/221
f 1935/161/222 2056/218/222 1912/157/222
f 635/158/223 640/219/223 639/162/223
f 635/158/224 641/215/224 640/219/224
f 2049/216/225 2045/220/225 2044/221/225
f 2049/216/226 2044/221/226 2050/163/226
f 2050/163/227 2032/222/227 2055/217/227
f 532/167/228 541/169/228 533/223/228
f 1036/224/229 1033/164/229 1035/225/229
f 1033/164/230 1034/166/230 1035/225/230
f 1031/165/231 1030/175/231 1034/166/231
f 1034/166/232 1030/175/232 1057/226/232
f 546/227/233 543/174/233 542/171/233
f 1028/176/234 1047/179/234 1057/226/234
f 1029/178/235 1060/184/235 1047/179/235
f 721/180/236 719/228/236 718/182/236
f 1060/184/237 1062/185/237 1069/229/237
f 1894/230/238 1886/231/238 1881/232/238
f 719/228/239 713/195/239 718/182/239
f 1886/231/240 1880/194/240 1881/232/240
f 1880/194/241 1878/233/241 1881/232/241
f 713/195/242 712/123/242 718/182/242
f 1880/194/243 1871/234/243 1878/233/243
f 286/235/244 287/236/244 298/189/244
f 1194/237/245 1191/238/245 1190/239/245
f 298/189/246 287/236/246 289/190/246
f 1880/194/247 1882/193/247 1871/234/247
f 2184/240/248 2185/241/248 2186/242/248
f 289/190/249 291/243/249 299/191/249
f 291/243/250 306/244/250 299/191/250
f 299/191/251 306/244/251 307/245/251
f 1882/193/252 1876/196/252 1871/234/252
f 713/195/253 705/246/253 710/133/253
f 1867/199/254 1869/247/254 1871/234/254
f 1876/196/255 1867/199/255 1871/234/255
f 710/133/256 705/246/256 703/202/256
f 1867/199/257 1868/207/257 1869/247/257
f 705/246/258 696/248/258 703/202/258
f 1915/209/259 1905/249/259 1868/207/259
f 696/248/260 698/142/260 703/202/260
f 1915/209/261 1914/211/261 1905/249/261
f 696/248/262 697/212/262 698/142/262
f 1914/211/263 1910/210/263 1905/249/263
f 1910/210/264 1909/250/264 1905/249/264
f 697/212/265 699/213/265 701/155/265
f 1912/157/266 1911/251/266 1910/210/266
f 1910/210/267 1911/251/267 1909/250/267
f 2055/217/268 2034/252/268 1935/161/268
f 1935/161/269 2034/252/269 2056/218/269
f 2055/217/270 2032/222/270 2034/252/270
f 695/253/271 641/215/271 700/214/271
f 2044/221/272 2039/254/272 2050/163/272
f 695/253/273 642/255/273 641/215/273
f 641/215/274 642/255/274 640/219/274
f 2045/220/275 2046/256/275 2042/257/275
f 2045/220/276 2042/257/276 2044/221/276
f 2042/257/277 2039/254/277 2044/221/277
f 2046/256/278 2047/258/278 2042/257/278
f 2047/258/279 2048/259/279 2042/257/279
f 2051/260/280 2083/261/280 2078/262/280
f 400/263/281 393/264/281 392/265/281
f 400/263/282 392/265/282 399/266/282
f 392/265/283 398/267/283 399/266/283
f 2051/260/284 2084/268/284 2083/261/284
f 2051/260/285 2053/269/285 2084/268/285
f 2083/261/286 2084/268/286 2085/270/286
f 392/265/287 394/271/287 398/267/287
f 393/264/288 390/272/288 392/265/288
f 707/273/289 708/274/289 709/275/289
f 390/272/290 391/276/290 392/265/290
f 392/265/291 391/276/291 394/271/291
f 2084/268/292 2086/277/292 2085/270/292
f 2084/268/293 2053/269/293 2086/277/293
f 390/272/294 397/278/294 391/276/294
f 391/276/295 395/279/295 394/271/295
f 394/271/296 395/279/296 396/280/296
f 2053/269/297 2072/281/297 2086/277/297
f 2072/281/298 2059/282/298 2086/277/298
f 391/276/299 397/278/299 395/279/299
f 2086/277/300 2059/282/300 2089/283/300
f 519/284/301 531/285/301 517/286/301
f 519/284/302 533/223/302 531/285/302
f 1037/287/303 1036/224/303 1035/225/303
f 525/288/304 532/167/304 519/284/304
f 519/284/305 532/167/305 533/223/305
f 1035/225/306 1046/289/306 1045/290/306
f 1035/225/307 1034/166/307 1046/289/307
f 525/288/308 534/291/308 532/167/308
f 534/291/309 539/292/309 532/167/309
f 1034/166/310 1058/293/310 1046/289/310
f 539/292/311 540/168/311 532/167/311
f 1034/166/312 1057/226/312 1058/293/312
f 539/292/313 542/171/313 540/168/313
f 546/227/314 542/171/314 539/292/314
f 1057/226/315 1047/179/315 1059/294/315
f 1047/179/316 1061/295/316 1059/294/316
f 725/296/317 543/174/317 546/227/317
f 720/297/318 544/177/318 543/174/318
f 720/297/319 721/180/319 544/177/319
f 1047/179/320 1060/184/320 1061/295/320
f 715/298/321 719/228/321 721/180/321
f 1892/299/322 1894/230/322 1891/300/322
f 1892/299/323 1891/300/323 1890/301/323
f 1894/230/324 1881/232/324 1891/300/324
f 719/228/325 715/298/325 714/302/325
f 714/302/326 713/195/326 719/228/326
f 1883/303/327 1881/232/327 1878/233/327
f 304/304/328 283/305/328 286/235/328
f 283/305/329 282/306/329 286/235/329
f 286/235/330 282/306/330 287/236/330
f 282/306/331 288/307/331 287/236/331
f 288/307/332 289/190/332 287/236/332
f 288/307/333 290/308/333 289/190/333
f 289/190/334 290/308/334 291/243/334
f 291/243/335 308/309/335 306/244/335
f 1871/234/336 1872/310/336 1875/311/336
f 290/308/337 308/309/337 291/243/337
f 290/308/338 310/312/338 308/309/338
f 713/195/339 711/313/339 705/246/339
f 1869/247/340 1870/314/340 1871/234/340
f 1871/234/341 1870/314/341 1872/310/341
f 1868/207/342 1905/249/342 1870/314/342
f 1905/249/343 1906/315/343 1870/314/343
f 1905/249/344 1909/250/344 1908/316/344
f 699/213/345 690/317/345 700/214/345
f 690/317/346 694/318/346 700/214/346
f 2056/218/347 2034/252/347 1911/251/347
f 2034/252/348 2033/319/348 1911/251/348
f 694/318/349 695/253/349 700/214/349
f 2050/163/350 2039/254/350 2032/222/350
f 686/320/351 706/321/351 695/253/351
f 695/253/352 706/321/352 642/255/352
f 686/320/353 687/322/353 706/321/353
f 2042/257/354 2038/323/354 2039/254/354
f 2048/259/355 2038/323/355 2042/257/355
f 686/320/356 685/324/356 687/322/356
f 2047/258/357 2051/260/357 2048/259/357
f 687/322/358 707/273/358 706/321/358
f 2048/259/359 2051/260/359 2078/262/359
f 2078/262/360 2038/323/360 2048/259/360
f 2047/258/361 2052/325/361 2051/260/361
f 401/326/362 398/267/362 402/327/362
f 2052/325/363 2053/269/363 2051/260/363
f 687/322/364 708/274/364 707/273/364
f 687/322/365 740/328/365 708/274/365
f 176/329/366 174/330/366 190/331/366
f 2054/332/367 2071/333/367 2053/269/367
f 2053/269/368 2071/333/368 2072/281/368
f 174/330/369 175/334/369 190/331/369
f 174/330/370 169/335/370 175/334/370
f 175/334/371 169/335/371 200/336/371
f 2071/333/372 2073/337/372 2072/281/372
f 520/338/373 515/339/373 530/340/373
f 517/286/374 530/340/374 515/339/374
f 1038/341/375 1035/225/375 1040/342/375
f 530/340/376 517/286/376 531/285/376
f 1038/341/377 1037/287/377 1035/225/377
f 1035/225/378 1045/290/378 1040/342/378
f 1040/342/379 1045/290/379 1072/343/379
f 514/344/380 519/284/380 517/286/380
f 1045/290/381 1074/345/381 1072/343/381
f 514/344/382 525/288/382 519/284/382
f 1074/345/383 1045/290/383 1073/346/383
f 535/347/384 534/291/384 525/288/384
f 534/291/385 536/348/385 539/292/385
f 1046/289/386 1058/293/386 1068/349/386
f 536/348/387 725/296/387 539/292/387
f 725/296/388 546/227/388 539/292/388
f 1058/293/389 1057/226/389 1059/294/389
f 1059/294/390 1061/295/390 1064/350/390
f 725/296/391 720/297/391 543/174/391
f 1895/351/392 1892/299/392 1893/352/392
f 1061/295/393 1060/184/393 1069/229/393
f 720/297/394 715/298/394 721/180/394
f 1890/301/395 1891/300/395 1885/353/395
f 1891/300/396 1883/303/396 1885/353/396
f 1885/353/397 1883/303/397 1884/354/397
f 1878/233/398 1884/354/398 1883/303/398
f 281/355/399 282/306/399 283/305/399
f 1878/233/400 1871/234/400 1875/311/400
f 292/356/401 290/308/401 288/307/401
f 292/356/402 293/357/402 290/308/402
f 714/302/403 711/313/403 713/195/403
f 293/357/404 301/358/404 290/308/404
f 301/358/405 310/312/405 290/308/405
f 702/359/406 705/246/406 711/313/406
f 1872/310/407 1870/314/407 1873/360/407
f 702/359/408 696/248/408 705/246/408
f 1870/314/409 1906/315/409 1873/360/409
f 1905/249/410 1908/316/410 1906/315/410
f 693/361/411 692/362/411 696/248/411
f 692/362/412 697/212/412 696/248/412
f 1908/316/413 1909/250/413 1920/363/413
f 692/362/414 699/213/414 697/212/414
f 692/362/415 690/317/415 699/213/415
f 1909/250/416 1932/364/416 1920/363/416
f 1909/250/417 1911/251/417 1932/364/417
f 690/317/418 688/365/418 694/318/418
f 2033/319/419 1933/366/419 1911/251/419
f 1911/251/420 1933/366/420 1932/364/420
f 694/318/421 688/365/421 695/253/421
f 2034/252/422 2032/222/422 2033/319/422
f 688/365/423 686/320/423 695/253/423
f 2039/254/424 2030/367/424 2032/222/424
f 2032/222/425 2031/368/425 2033/319/425
f 2031/368/426 1941/369/426 2033/319/426
f 2033/319/427 1941/369/427 1933/366/427
f 688/365/428 684/370/428 686/320/428
f 2030/367/429 2031/368/429 2032/222/429
f 1941/369/430 1940/371/430 1933/366/430
f 2038/323/431 2030/367/431 2039/254/431
f 684/370/432 685/324/432 686/320/432
f 2038/323/433 2037/372/433 2030/367/433
f 2031/368/434 2030/367/434 2029/373/434
f 2031/368/435 2029/373/435 1943/374/435
f 2038/323/436 2040/375/436 2037/372/436
f 685/324/437 740/328/437 687/322/437
f 2037/372/438 2027/376/438 2030/367/438
f 2040/375/439 2027/376/439 2037/372/439
f 2030/367/440 2027/376/440 2029/373/440
f 2029/373/441 2027/376/441 2026/377/441
f 177/378/442 168/379/442 176/329/442
f 176/329/443 168/379/443 174/330/443
f 2059/282/444 2028/380/444 2027/376/444
f 174/330/445 168/379/445 169/335/445
f 2073/337/446 2070/381/446 2072/281/446
f 2072/281/447 2070/381/447 2059/282/447
f 2059/282/448 2070/381/448 2028/380/448
f 2028/380/449 2025/382/449 2027/376/449
f 200/336/450 169/335/450 201/383/450
f 2073/337/451 2057/384/451 2070/381/451
f 522/385/452 521/386/452 561/387/452
f 510/388/453 521/386/453 522/385/453
f 1041/389/454 1042/390/454 1043/391/454
f 510/388/455 520/338/455 521/386/455
f 521/386/456 520/338/456 561/387/456
f 509/392/457 515/339/457 510/388/457
f 515/339/458 520/338/458 510/388/458
f 1039/393/459 1040/342/459 1041/389/459
f 1041/389/460 1040/342/460 1042/390/460
f 1042/390/461 1071/394/461 1043/391/461
f 1043/391/462 1071/394/462 1085/395/462
f 1042/390/463 1040/342/463 1071/394/463
f 1071/394/464 1083/396/464 1085/395/464
f 509/392/465 517/286/465 515/339/465
f 513/397/466 514/344/466 509/392/466
f 509/392/467 514/344/467 517/286/467
f 1071/394/468 1040/342/468 1072/343/468
f 1071/394/469 1072/343/469 1083/396/469
f 1072/343/470 1084/398/470 1083/396/470
f 518/399/471 514/344/471 513/397/471
f 518/399/472 526/400/472 514/344/472
f 1072/343/473 1074/345/473 1081/401/473
f 1074/345/474 1073/346/474 1081/401/474
f 526/400/475 525/288/475 514/344/475
f 529/402/476 525/288/476 526/400/476
f 1073/346/477 1080/403/477 1081/401/477
f 529/402/478 535/347/478 525/288/478
f 537/404/479 536/348/479 535/347/479
f 535/347/480 536/348/480 534/291/480
f 1046/289/481 1068/349/481 1080/403/481
f 537/404/482 538/405/482 536/348/482
f 538/405/483 725/296/483 536/348/483
f 1068/349/484 1058/293/484 1063/406/484
f 538/405/485 722/407/485 725/296/485
f 1058/293/486 1059/294/486 1063/406/486
f 1063/406/487 1059/294/487 1064/350/487
f 1064/350/488 1061/295/488 1075/408/488
f 717/409/489 720/297/489 722/407/489
f 723/410/490 717/409/490 722/407/490
f 722/407/491 720/297/491 725/296/491
f 1895/351/492 1893/352/492 1897/411/492
f 1893/352/493 1896/412/493 1897/411/493
f 1893/352/494 1888/413/494 1896/412/494
f 1893/352/495 1892/299/495 1888/413/495
f 1892/299/496 1890/301/496 1888/413/496
f 717/409/497 715/298/497 720/297/497
f 1890/301/498 1885/353/498 1888/413/498
f 717/409/499 716/414/499 715/298/499
f 716/414/500 711/313/500 715/298/500
f 711/313/501 714/302/501 715/298/501
f 1885/353/502 1884/354/502 1889/415/502
f 1884/354/503 1878/233/503 1879/416/503
f 1878/233/504 1875/311/504 1879/416/504
f 284/417/505 282/306/505 281/355/505
f 1875/311/506 1874/418/506 1879/416/506
f 284/417/507 300/419/507 285/420/507
f 284/417/508 285/420/508 282/306/508
f 285/420/509 288/307/509 282/306/509
f 285/420/510 292/356/510 288/307/510
f 1875/311/511 1872/310/511 1874/418/511
f 711/313/512 733/421/512 702/359/512
f 293/357/513 305/422/513 301/358/513
f 1872/310/514 1873/360/514 1874/418/514
f 1874/418/515 1906/315/515 1928/423/515
f 1873/360/516 1906/315/516 1874/418/516
f 702/359/517 733/421/517 734/424/517
f 702/359/518 693/361/518 696/248/518
f 702/359/519 728/425/519 693/361/519
f 1906/315/520 1908/316/520 1919/426/520
f 691/427/521 692/362/521 693/361/521
f 1908/316/522 1920/363/522 1919/426/522
f 691/427/523 690/317/523 692/362/523
f 691/427/524 689/428/524 690/317/524
f 689/428/525 688/365/525 690/317/525
f 1933/366/526 1939/429/526 1932/364/526
f 689/428/527 684/370/527 688/365/527
f 1933/366/528 1940/371/528 1939/429/528
f 741/430/529 685/324/529 684/370/529
f 1941/369/530 1943/374/530 1942/431/530
f 1941/369/531 1942/431/531 1940/371/531
f 741/430/532 740/328/532 685/324/532
f 2029/373/533 1944/432/533 1943/374/533
f 1943/374/534 1944/432/534 1942/431/534
f 177/378/535 171/433/535 167/434/535
f 2026/377/536 1944/432/536 2029/373/536
f 177/378/537 167/434/537 168/379/537
f 2026/377/538 1950/435/538 1944/432/538
f 2027/376/539 2025/382/539 2026/377/539
f 2026/377/540 2023/436/540 1950/435/540
f 169/335/541 178/437/541 201/383/541
f 2070/381/542 2057/384/542 2028/380/542
f 2057/384/543 2025/382/543 2028/380/543
f 2026/377/544 2025/382/544 2023/436/544
f 201/383/545 178/437/545 202/438/545
f 2057/384/546 2058/439/546 2025/382/546
f 2023/436/547 1952/440/547 1950/435/547
f 2058/439/548 2036/441/548 2025/382/548
f 2025/382/549 2022/442/549 2023/436/549
f 2025/382/550 2036/441/550 2022/442/550
f 2022/442/551 1953/443/551 2023/436/551
f 1952/440/552 2023/436/552 1953/443/552
f 2036/441/553 2020/444/553 2022/442/553
f 2022/442/554 2020/444/554 1953/443/554
f 2036/441/555 2035/445/555 2020/444/555
f 523/446/556 522/385/556 524/447/556
f 522/385/557 561/387/557 552/448/557
f 524/447/558 522/385/558 552/448/558
f 552/448/559 561/387/559 576/449/559
f 1044/450/560 1041/389/560 1043/391/560
f 1044/450/561 1043/391/561 1090/451/561
f 511/452/562 510/388/562 523/446/562
f 523/446/563 510/388/563 522/385/563
f 1043/391/564 1085/395/564 1090/451/564
f 508/453/565 510/388/565 511/452/565
f 508/453/566 509/392/566 510/388/566
f 508/453/567 512/454/567 509/392/567
f 1085/395/568 1083/396/568 1100/455/568
f 512/454/569 513/397/569 509/392/569
f 1083/396/570 1098/456/570 1100/455/570
f 1083/396/571 1084/398/571 1098/456/571
f 527/457/572 526/400/572 518/399/572
f 527/457/573 528/458/573 526/400/573
f 527/457/574 660/459/574 528/458/574
f 528/458/575 529/402/575 526/400/575
f 1081/401/576 1080/403/576 1082/460/576
f 528/458/577 535/347/577 529/402/577
f 528/458/578 537/404/578 535/347/578
f 1082/460/579 1080/403/579 1079/461/579
f 1080/403/580 1068/349/580 1079/461/580
f 724/462/581 538/405/581 537/404/581
f 1068/349/582 1063/406/582 1079/461/582
f 1079/461/583 1063/406/583 1078/463/583
f 1063/406/584 1064/350/584 1078/463/584
f 724/462/585 723/410/585 722/407/585
f 724/462/586 722/407/586 538/405/586
f 1064/350/587 1075/408/587 1078/463/587
f 723/410/588 730/464/588 717/409/588
f 717/409/589 730/464/589 731/465/589
f 717/409/590 731/465/590 732/466/590
f 1888/413/591 1889/415/591 1899/467/591
f 1888/413/592 1885/353/592 1889/415/592
f 732/466/593 716/414/593 717/409/593
f 732/466/594 711/313/594 716/414/594
f 1884/354/595 1887/468/595 1889/415/595
f 1884/354/596 1879/416/596 1887/468/596
f 732/466/597 733/421/597 711/313/597
f 1318/469/598 1319/470/598 1320/471/598
f 1879/416/599 1874/418/599 1887/468/599
f 1320/471/600 1319/470/600 1321/472/600
f 300/419/601 295/473/601 285/420/601
f 295/473/602 292/356/602 285/420/602
f 294/474/603 293/357/603 292/356/603
f 295/473/604 294/474/604 292/356/604
f 1145/475/605 1146/476/605 1147/477/605
f 293/357/606 294/474/606 305/422/606
f 1906/315/607 1929/478/607 1928/423/607
f 734/424/608 728/425/608 702/359/608
f 1919/426/609 1930/479/609 1906/315/609
f 1906/315/610 1930/479/610 1929/478/610
f 729/480/611 693/361/611 728/425/611
f 1919/426/612 1937/481/612 1930/479/612
f 729/480/613 691/427/613 693/361/613
f 729/480/614 739/482/614 691/427/614
f 1919/426/615 1920/363/615 1938/483/615
f 1919/426/616 1938/483/616 1937/481/616
f 739/482/617 735/484/617 691/427/617
f 691/427/618 735/484/618 689/428/618
f 1920/363/619 1959/485/619 1938/483/619
f 1920/363/620 1932/364/620 1959/485/620
f 735/484/621 736/486/621 689/428/621
f 1932/364/622 1958/487/622 1959/485/622
f 1939/429/623 1958/487/623 1932/364/623
f 736/486/624 684/370/624 689/428/624
f 736/486/625 742/488/625 684/370/625
f 1939/429/626 1947/489/626 1958/487/626
f 1940/371/627 1947/489/627 1939/429/627
f 742/488/628 741/430/628 684/370/628
f 188/490/629 171/433/629 189/491/629
f 1940/371/630 1942/431/630 1946/492/630
f 189/491/631 171/433/631 177/378/631
f 1942/431/632 1945/493/632 1946/492/632
f 1942/431/633 1944/432/633 1945/493/633
f 1944/432/634 1948/494/634 1945/493/634
f 1944/432/635 1949/495/635 1948/494/635
f 167/434/636 165/496/636 168/379/636
f 1944/432/637 1950/435/637 1949/495/637
f 168/379/638 165/496/638 169/335/638
f 169/335/639 165/496/639 178/437/639
f 165/496/640 155/497/640 178/437/640
f 178/437/641 183/498/641 202/438/641
f 178/437/642 153/499/642 183/498/642
f 2058/439/643 2081/500/643 2036/441/643
f 1952/440/644 1951/501/644 1950/435/644
f 1950/435/645 1951/501/645 1949/495/645
f 2081/500/646 2080/502/646 2036/441/646
f 1952/440/647 1953/443/647 1951/501/647
f 1953/443/648 1954/503/648 1951/501/648
f 2080/502/649 2035/445/649 2036/441/649
f 1953/443/650 1957/504/650 1954/503/650
f 191/505/651 151/506/651 180/507/651
f 2080/502/652 2041/508/652 2035/445/652
f 1953/443/653 2020/444/653 1957/504/653
f 2035/445/654 2041/508/654 2019/509/654
f 2035/445/655 2019/509/655 2020/444/655
f 2020/444/656 2019/509/656 1957/504/656
f 2019/509/657 2014/510/657 1957/504/657
f 180/507/658 142/511/658 181/512/658
f 2019/509/659 2041/508/659 2014/510/659
f 1957/504/660 2014/510/660 2010/513/660
f 2041/508/661 2024/514/661 2014/510/661
f 2013/515/662 2015/516/662 2011/517/662
f 2000/518/663 2011/517/663 2009/519/663
f 2011/517/664 2015/516/664 2009/519/664
f 198/520/665 139/521/665 157/522/665
f 2000/518/666 2009/519/666 1999/523/666
f 2015/516/667 2079/524/667 2016/525/667
f 2015/516/668 2016/525/668 2009/519/668
f 2009/519/669 2016/525/669 2008/526/669
f 2009/519/670 2008/526/670 1999/523/670
f 157/522/671 143/527/671 146/528/671
f 2016/525/672 2012/529/672 2008/526/672
f 1999/523/673 2008/526/673 2002/530/673
f 1999/523/674 2002/530/674 1996/531/674
f 2079/524/675 2043/532/675 2016/525/675
f 157/522/676 146/528/676 184/533/676
f 2016/525/677 2043/532/677 2012/529/677
f 184/533/678 146/528/678 158/534/678
f 2008/526/679 2012/529/679 2002/530/679
f 2043/532/680 2076/535/680 2012/529/680
f 2002/530/681 2012/529/681 2003/536/681
f 2012/529/682 2076/535/682 2017/537/682
f 2012/529/683 2017/537/683 2003/536/683
f 2002/530/684 2003/536/684 1996/531/684
f 2003/536/685 2004/538/685 1996/531/685
f 2076/535/686 2075/539/686 2017/537/686
f 158/534/687 159/540/687 187/541/687
f 2017/537/688 2018/542/688 2003/536/688
f 2003/536/689 2018/542/689 2005/543/689
f 2003/536/690 2005/543/690 2004/538/690
f 2017/537/691 2075/539/691 2018/542/691
f 2018/542/692 2021/544/692 2005/543/692
f 2021/544/693 2006/545/693 2005/543/693
f 2005/543/694 2006/545/694 2004/538/694
f 2004/538/695 2006/545/695 2007/546/695
f 2018/542/696 2075/539/696 2021/544/696
f 2021/544/697 2007/546/697 2006/545/697
f 2007/546/698 2066/547/698 2067/548/698
f 2007/546/699 2067/548/699 2074/549/699
f 2066/547/700 2068/550/700 2067/548/700
f 2068/550/701 2069/551/701 2067/548/701
f 563/552/702 554/553/702 575/554/702
f 563/552/703 575/554/703 589/555/703
f 1096/556/704 1093/557/704 1095/558/704
f 1093/557/705 1094/559/705 1095/558/705
f 553/560/706 552/448/706 554/553/706
f 554/553/707 576/449/707 575/554/707
f 1093/557/708 1092/561/708 1094/559/708
f 552/448/709 576/449/709 554/553/709
f 1044/450/710 1092/561/710 1093/557/710
f 670/562/711 524/447/711 553/560/711
f 553/560/712 524/447/712 552/448/712
f 1044/450/713 1091/563/713 1092/561/713
f 670/562/714 671/564/714 524/447/714
f 2206/565/715 2202/566/715 2210/567/715
f 671/564/716 523/446/716 524/447/716
f 675/568/717 511/452/717 523/446/717
f 675/568/718 672/569/718 511/452/718
f 1090/451/719 1085/395/719 1112/570/719
f 1085/395/720 1111/571/720 1112/570/720
f 672/569/721 508/453/721 511/452/721
f 1085/395/722 1110/572/722 1111/571/722
f 668/573/723 512/454/723 508/453/723
f 1100/455/724 1098/456/724 1110/572/724
f 516/574/725 513/397/725 512/454/725
f 516/574/726 518/399/726 513/397/726
f 1084/398/727 1086/575/727 1098/456/727
f 660/459/728 527/457/728 516/574/728
f 516/574/729 527/457/729 518/399/729
f 1084/398/730 1081/401/730 1086/575/730
f 744/576/731 528/458/731 660/459/731
f 1086/575/732 1081/401/732 1082/460/732
f 744/576/733 537/404/733 528/458/733
f 744/576/734 743/577/734 537/404/734
f 743/577/735 738/578/735 537/404/735
f 1082/460/736 1079/461/736 1089/579/736
f 727/580/737 537/404/737 738/578/737
f 727/580/738 724/462/738 537/404/738
f 1079/461/739 1078/463/739 1088/581/739
f 1079/461/740 1088/581/740 1089/579/740
f 727/580/741 737/582/741 726/583/741
f 727/580/742 726/583/742 724/462/742
f 726/583/743 723/410/743 724/462/743
f 1923/584/744 1897/411/744 1922/585/744
f 1922/585/745 1897/411/745 1907/586/745
f 726/583/746 730/464/746 723/410/746
f 1897/411/747 1901/587/747 1907/586/747
f 1897/411/748 1896/412/748 1901/587/748
f 1896/412/749 1904/588/749 1901/587/749
f 1896/412/750 1899/467/750 1904/588/750
f 1889/415/751 1903/589/751 1899/467/751
f 1889/415/752 1902/590/752 1903/589/752
f 1889/415/753 1887/468/753 1902/590/753
f 732/466/754 750/591/754 733/421/754
f 1874/418/755 1898/592/755 1887/468/755
f 1874/418/756 1924/593/756 1898/592/756
f 1132/594/757 1133/595/757 1134/596/757
f 1874/418/758 1925/597/758 1924/593/758
f 295/473/759 309/598/759 296/599/759
f 1874/418/760 1927/600/760 1925/597/760
f 296/599/761 297/601/761 294/474/761
f 296/599/762 294/474/762 295/473/762
f 1874/418/763 1928/423/763 1927/600/763
f 231/602/764 233/603/764 234/604/764
f 934/605/765 932/606/765 931/607/765
f 297/601/766 302/608/766 294/474/766
f 931/607/767 932/606/767 933/609/767
f 1928/423/768 1960/610/768 1927/600/768
f 1928/423/769 1961/611/769 1960/610/769
f 1928/423/770 1929/478/770 1961/611/770
f 1938/483/771 1973/612/771 1937/481/771
f 1938/483/772 1959/485/772 1974/613/772
f 1958/487/773 1975/614/773 1976/615/773
f 39/616/774 30/617/774 40/618/774
f 203/619/775 188/490/775 189/491/775
f 1940/371/776 1946/492/776 1947/489/776
f 155/497/777 153/499/777 178/437/777
f 183/498/778 153/499/778 152/620/778
f 183/498/779 152/620/779 191/505/779
f 1951/501/780 1954/503/780 1955/621/780
f 1954/503/781 1956/622/781 1955/621/781
f 152/620/782 151/506/782 191/505/782
f 1954/503/783 1957/504/783 1956/622/783
f 151/506/784 144/623/784 180/507/784
f 1957/504/785 2010/513/785 1956/622/785
f 2010/513/786 1984/624/786 1956/622/786
f 180/507/787 144/623/787 142/511/787
f 2010/513/788 2014/510/788 2001/625/788
f 2010/513/789 2001/625/789 1984/624/789
f 1984/624/790 2001/625/790 1986/626/790
f 2014/510/791 2013/515/791 2001/625/791
f 142/511/792 140/627/792 181/512/792
f 2014/510/793 2024/514/793 2013/515/793
f 2001/625/794 2013/515/794 2011/517/794
f 2001/625/795 2011/517/795 2000/518/795
f 2001/625/796 2000/518/796 1986/626/796
f 1986/626/797 2000/518/797 1991/628/797
f 181/512/798 140/627/798 198/520/798
f 2024/514/799 2015/516/799 2013/515/799
f 1991/628/800 2000/518/800 1992/629/800
f 140/627/801 139/521/801 198/520/801
f 2000/518/802 1999/523/802 1992/629/802
f 139/521/803 143/527/803 157/522/803
f 1992/629/804 1999/523/804 1995/630/804
f 1999/523/805 1996/531/805 1995/630/805
f 159/540/806 161/631/806 187/541/806
f 2082/632/807 2077/633/807 2021/544/807
f 2075/539/808 2082/632/808 2021/544/808
f 2021/544/809 2077/633/809 2060/634/809
f 2021/544/810 2060/634/810 2007/546/810
f 2060/634/811 2061/635/811 2007/546/811
f 2007/546/812 2061/635/812 2066/547/812
f 2065/636/813 2068/550/813 2066/547/813
f 2061/635/814 2065/636/814 2066/547/814
f 2254/637/815 2251/638/815 2247/639/815
f 1383/640/816 1397/641/816 1380/642/816
f 2247/639/817 2246/643/817 2248/644/817
f 564/645/818 566/646/818 557/647/818
f 564/645/819 565/648/819 577/649/819
f 577/649/820 565/648/820 606/650/820
f 606/650/821 613/651/821 612/652/821
f 564/645/822 563/552/822 565/648/822
f 612/652/823 613/651/823 628/653/823
f 566/646/824 556/654/824 557/647/824
f 557/647/825 563/552/825 564/645/825
f 606/650/826 565/648/826 613/651/826
f 613/651/827 637/655/827 628/653/827
f 566/646/828 655/656/828 556/654/828
f 613/651/829 614/657/829 637/655/829
f 565/648/830 614/657/830 613/651/830
f 1099/658/831 1101/659/831 1102/660/831
f 563/552/832 589/555/832 565/648/832
f 565/648/833 589/555/833 614/657/833
f 1096/556/834 1097/661/834 1099/658/834
f 1099/658/835 1097/661/835 1101/659/835
f 655/656/836 553/560/836 556/654/836
f 655/656/837 651/662/837 674/663/837
f 655/656/838 674/663/838 553/560/838
f 1096/556/839 1095/558/839 1097/661/839
f 556/654/840 553/560/840 554/553/840
f 556/654/841 554/553/841 557/647/841
f 557/647/842 554/553/842 563/552/842
f 1094/559/843 1104/664/843 1095/558/843
f 674/663/844 670/562/844 553/560/844
f 2222/665/845 2199/666/845 2206/565/845
f 1094/559/846 1106/667/846 1104/664/846
f 2206/565/847 2199/666/847 2202/566/847
f 944/668/848 946/669/848 945/670/848
f 1111/571/849 1114/671/849 1115/672/849
f 1111/571/850 1110/572/850 1114/671/850
f 667/673/851 665/674/851 512/454/851
f 665/674/852 516/574/852 512/454/852
f 1098/456/853 1109/675/853 1114/671/853
f 1110/572/854 1098/456/854 1114/671/854
f 665/674/855 660/459/855 516/574/855
f 1098/456/856 1086/575/856 1107/676/856
f 749/677/857 660/459/857 665/674/857
f 1086/575/858 1105/678/858 1107/676/858
f 749/677/859 744/576/859 660/459/859
f 1086/575/860 1082/460/860 1105/678/860
f 1082/460/861 1089/579/861 1105/678/861
f 1089/579/862 1108/679/862 1113/680/862
f 738/578/863 737/582/863 727/580/863
f 1922/585/864 1979/681/864 1980/682/864
f 1922/585/865 1977/683/865 1979/681/865
f 737/582/866 730/464/866 726/583/866
f 1922/585/867 1907/586/867 1977/683/867
f 351/684/868 343/685/868 350/686/868
f 730/464/869 752/687/869 731/465/869
f 1907/586/870 1901/587/870 1968/688/870
f 1901/587/871 1904/588/871 1965/689/871
f 1901/587/872 1965/689/872 1968/688/872
f 1904/588/873 1963/690/873 1965/689/873
f 1904/588/874 1903/589/874 1963/690/874
f 750/591/875 732/466/875 731/465/875
f 1903/589/876 1964/691/876 1963/690/876
f 1902/590/877 1934/692/877 1903/589/877
f 1903/589/878 1934/692/878 1964/691/878
f 1902/590/879 1926/693/879 1934/692/879
f 1902/590/880 1887/468/880 1926/693/880
f 1887/468/881 1898/592/881 1921/694/881
f 1887/468/882 1921/694/882 1926/693/882
f 37/695/883 22/696/883 34/697/883
f 303/698/884 302/608/884 297/601/884
f 231/602/885 229/699/885 233/603/885
f 22/696/886 4/700/886 34/697/886
f 34/697/887 4/700/887 32/701/887
f 32/701/888 7/702/888 31/703/888
f 7/702/889 10/704/889 31/703/889
f 31/703/890 12/705/890 35/706/890
f 36/707/891 30/617/891 39/616/891
f 203/619/892 204/708/892 188/490/892
f 188/490/893 173/709/893 171/433/893
f 171/433/894 170/710/894 167/434/894
f 167/434/895 166/711/895 165/496/895
f 165/496/896 156/712/896 155/497/896
f 152/620/897 148/713/897 151/506/897
f 1956/622/898 1984/624/898 1983/714/898
f 1983/714/899 1984/624/899 1985/715/899
f 142/511/900 141/716/900 140/627/900
f 140/627/901 137/717/901 139/521/901
f 146/528/902 150/718/902 158/534/902
f 158/534/903 150/718/903 159/540/903
f 2060/634/904 2077/633/904 2062/719/904
f 2060/634/905 2062/719/905 2061/635/905
f 2065/636/906 2063/720/906 2088/721/906
f 2254/637/907 2253/722/907 2251/638/907
f 2062/719/908 2077/633/908 2064/723/908
f 2061/635/909 2062/719/909 2063/720/909
f 2061/635/910 2063/720/910 2065/636/910
f 2062/719/911 2064/723/911 2063/720/911
f 617/724/912 609/725/912 616/726/912
f 499/727/913 632/728/913 500/729/913
f 584/730/914 582/731/914 583/732/914
f 609/725/915 615/733/915 616/726/915
f 616/726/916 619/734/916 499/727/916
f 499/727/917 619/734/917 632/728/917
f 582/731/918 581/735/918 583/732/918
f 615/733/919 619/734/919 616/726/919
f 581/735/920 582/731/920 580/736/920
f 584/730/921 594/737/921 582/731/921
f 619/734/922 643/738/922 632/728/922
f 581/735/923 578/739/923 590/740/923
f 615/733/924 622/741/924 619/734/924
f 582/731/925 594/737/925 580/736/925
f 580/736/926 578/739/926 581/735/926
f 578/739/927 592/742/927 590/740/927
f 608/743/928 609/725/928 610/744/928
f 619/734/929 622/741/929 643/738/929
f 568/745/930 603/746/930 592/742/930
f 608/743/931 607/747/931 609/725/931
f 609/725/932 611/748/932 615/733/932
f 622/741/933 650/749/933 643/738/933
f 650/749/934 678/750/934 643/738/934
f 594/737/935 579/751/935 580/736/935
f 602/752/936 605/753/936 608/743/936
f 607/747/937 611/748/937 609/725/937
f 611/748/938 623/754/938 615/733/938
f 615/733/939 623/754/939 622/741/939
f 580/736/940 579/751/940 578/739/940
f 627/755/941 603/746/941 602/752/941
f 605/753/942 607/747/942 608/743/942
f 623/754/943 645/756/943 622/741/943
f 622/741/944 645/756/944 650/749/944
f 594/737/945 630/757/945 579/751/945
f 592/742/946 578/739/946 568/745/946
f 630/757/947 631/758/947 579/751/947
f 578/739/948 567/759/948 568/745/948
f 568/745/949 602/752/949 603/746/949
f 579/751/950 631/758/950 567/759/950
f 602/752/951 577/649/951 605/753/951
f 612/652/952 624/760/952 611/748/952
f 607/747/953 612/652/953 611/748/953
f 611/748/954 624/760/954 623/754/954
f 623/754/955 646/761/955 645/756/955
f 408/762/956 409/763/956 405/764/956
f 408/762/957 405/764/957 404/765/957
f 630/757/958 652/766/958 631/758/958
f 579/751/959 567/759/959 578/739/959
f 568/745/960 564/645/960 577/649/960
f 568/745/961 577/649/961 602/752/961
f 605/753/962 606/650/962 607/747/962
f 568/745/963 567/759/963 564/645/963
f 605/753/964 577/649/964 606/650/964
f 607/747/965 606/650/965 612/652/965
f 623/754/966 624/760/966 646/761/966
f 409/763/967 410/767/967 405/764/967
f 652/766/968 636/768/968 631/758/968
f 631/758/969 636/768/969 567/759/969
f 612/652/970 628/653/970 624/760/970
f 628/653/971 654/769/971 624/760/971
f 624/760/972 654/769/972 646/761/972
f 409/763/973 411/770/973 410/767/973
f 567/759/974 566/646/974 564/645/974
f 652/766/975 661/771/975 636/768/975
f 1103/772/976 1016/773/976 1018/774/976
f 636/768/977 566/646/977 567/759/977
f 1102/660/978 1101/659/978 1103/772/978
f 1101/659/979 1006/775/979 1016/773/979
f 1103/772/980 1101/659/980 1016/773/980
f 658/776/981 651/662/981 636/768/981
f 636/768/982 651/662/982 566/646/982
f 1101/659/983 1007/777/983 1006/775/983
f 566/646/984 651/662/984 655/656/984
f 1101/659/985 1010/778/985 1007/777/985
f 1101/659/986 1097/661/986 1010/778/986
f 1097/661/987 1012/779/987 1010/778/987
f 658/776/988 659/780/988 651/662/988
f 658/776/989 673/781/989 659/780/989
f 651/662/990 659/780/990 674/663/990
f 1097/661/991 1104/664/991 1012/779/991
f 940/782/992 937/783/992 936/784/992
f 2205/785/993 2199/666/993 2222/665/993
f 940/782/994 939/786/994 937/783/994
f 940/782/995 941/787/995 939/786/995
f 2201/788/996 2202/566/996 2199/666/996
f 2202/566/997 2201/788/997 2223/789/997
f 948/790/998 941/787/998 983/791/998
f 2223/789/999 2212/792/999 2202/566/999
f 2212/792/1000 2213/793/1000 2210/567/1000
f 943/794/1001 980/795/1001 983/791/1001
f 983/791/1002 980/795/1002 982/796/1002
f 917/797/1003 915/798/1003 918/799/1003
f 943/794/1004 945/670/1004 980/795/1004
f 2215/800/1005 2214/801/1005 2213/793/1005
f 980/795/1006 971/802/1006 982/796/1006
f 2215/800/1007 2216/803/1007 2214/801/1007
f 2217/804/1008 2216/803/1008 2215/800/1008
f 945/670/1009 946/669/1009 980/795/1009
f 980/795/1010 968/805/1010 971/802/1010
f 2217/804/1011 2219/806/1011 2216/803/1011
f 946/669/1012 979/807/1012 980/795/1012
f 968/805/1013 967/808/1013 971/802/1013
f 2217/804/1014 2221/809/1014 2219/806/1014
f 946/669/1015 1003/810/1015 979/807/1015
f 979/807/1016 968/805/1016 980/795/1016
f 756/811/1017 755/812/1017 667/673/1017
f 755/812/1018 665/674/1018 667/673/1018
f 979/807/1019 1004/813/1019 970/814/1019
f 754/815/1020 665/674/1020 755/812/1020
f 979/807/1021 970/814/1021 968/805/1021
f 754/815/1022 749/677/1022 665/674/1022
f 970/814/1023 966/816/1023 968/805/1023
f 968/805/1024 966/816/1024 967/808/1024
f 1004/813/1025 991/817/1025 970/814/1025
f 970/814/1026 991/817/1026 966/816/1026
f 966/816/1027 962/818/1027 967/808/1027
f 751/819/1028 749/677/1028 753/820/1028
f 963/821/1029 964/822/1029 965/823/1029
f 751/819/1030 746/824/1030 744/576/1030
f 991/817/1031 1001/825/1031 966/816/1031
f 962/818/1032 961/826/1032 963/821/1032
f 746/824/1033 743/577/1033 744/576/1033
f 964/822/1034 973/827/1034 965/823/1034
f 966/816/1035 959/828/1035 962/818/1035
f 962/818/1036 959/828/1036 961/826/1036
f 746/824/1037 738/578/1037 743/577/1037
f 1001/825/1038 959/828/1038 966/816/1038
f 963/821/1039 961/826/1039 964/822/1039
f 961/826/1040 976/829/1040 964/822/1040
f 976/829/1041 985/830/1041 973/827/1041
f 964/822/1042 976/829/1042 973/827/1042
f 746/824/1043 745/831/1043 738/578/1043
f 745/831/1044 737/582/1044 738/578/1044
f 959/828/1045 960/832/1045 961/826/1045
f 960/832/1046 976/829/1046 961/826/1046
f 745/831/1047 747/833/1047 737/582/1047
f 960/832/1048 977/834/1048 976/829/1048
f 977/834/1049 981/835/1049 976/829/1049
f 976/829/1050 984/836/1050 985/830/1050
f 747/833/1051 730/464/1051 737/582/1051
f 747/833/1052 748/837/1052 730/464/1052
f 981/835/1053 984/836/1053 976/829/1053
f 730/464/1054 748/837/1054 752/687/1054
f 350/686/1055 343/685/1055 342/838/1055
f 981/835/1056 986/839/1056 984/836/1056
f 986/839/1057 995/840/1057 984/836/1057
f 41/841/1058 26/842/1058 38/843/1058
f 38/843/1059 26/842/1059 14/844/1059
f 38/843/1060 14/844/1060 37/695/1060
f 344/845/1061 347/846/1061 340/847/1061
f 340/847/1062 354/848/1062 353/849/1062
f 340/847/1063 347/846/1063 354/848/1063
f 348/850/1064 349/851/1064 347/846/1064
f 354/848/1065 355/852/1065 353/849/1065
f 37/695/1066 14/844/1066 22/696/1066
f 1926/693/1067 1921/694/1067 1962/853/1067
f 349/851/1068 356/854/1068 354/848/1068
f 347/846/1069 349/851/1069 354/848/1069
f 354/848/1070 356/854/1070 355/852/1070
f 1921/694/1071 1966/855/1071 1962/853/1071
f 1962/853/1072 1966/855/1072 1967/856/1072
f 1962/853/1073 1967/856/1073 1981/857/1073
f 1921/694/1074 1898/592/1074 1966/855/1074
f 1898/592/1075 1969/858/1075 1966/855/1075
f 254/859/1076 240/860/1076 259/861/1076
f 233/603/1077 235/862/1077 270/863/1077
f 4/700/1078 7/702/1078 32/701/1078
f 226/864/1079 224/865/1079 225/866/1079
f 224/865/1080 220/867/1080 225/866/1080
f 10/704/1081 12/705/1081 31/703/1081
f 12/705/1082 13/868/1082 35/706/1082
f 13/868/1083 36/707/1083 35/706/1083
f 217/869/1084 208/870/1084 216/871/1084
f 36/707/1085 13/868/1085 30/617/1085
f 208/870/1086 209/872/1086 210/873/1086
f 211/874/1087 213/875/1087 212/876/1087
f 205/877/1088 199/878/1088 188/490/1088
f 204/708/1089 205/877/1089 188/490/1089
f 199/878/1090 173/709/1090 188/490/1090
f 215/879/1091 218/880/1091 214/881/1091
f 173/709/1092 170/710/1092 171/433/1092
f 170/710/1093 166/711/1093 167/434/1093
f 166/711/1094 156/712/1094 165/496/1094
f 156/712/1095 154/882/1095 155/497/1095
f 155/497/1096 154/882/1096 153/499/1096
f 154/882/1097 148/713/1097 153/499/1097
f 153/499/1098 148/713/1098 152/620/1098
f 148/713/1099 144/623/1099 151/506/1099
f 1983/714/1100 1985/715/1100 1988/883/1100
f 144/623/1101 148/713/1101 141/716/1101
f 144/623/1102 141/716/1102 142/511/1102
f 1986/626/1103 1990/884/1103 1989/885/1103
f 141/716/1104 137/717/1104 140/627/1104
f 137/717/1105 138/886/1105 139/521/1105
f 138/886/1106 143/527/1106 139/521/1106
f 138/886/1107 145/887/1107 143/527/1107
f 143/527/1108 145/887/1108 146/528/1108
f 145/887/1109 147/888/1109 146/528/1109
f 147/888/1110 149/889/1110 146/528/1110
f 149/889/1111 150/718/1111 146/528/1111
f 150/718/1112 160/890/1112 159/540/1112
f 159/540/1113 160/890/1113 161/631/1113
f 160/890/1114 162/891/1114 161/631/1114
f 161/631/1115 162/891/1115 163/892/1115
f 162/891/1116 164/893/1116 163/892/1116
f 163/892/1117 164/893/1117 179/894/1117
f 179/894/1118 164/893/1118 206/895/1118
f 2063/720/1119 2064/723/1119 2087/896/1119
f 179/894/1120 206/895/1120 207/897/1120
f 591/898/1121 601/899/1121 682/900/1121
f 1329/901/1122 1330/902/1122 1331/903/1122
f 505/3/1123 581/735/1123 507/1/1123
f 621/904/1124 617/724/1124 616/726/1124
f 621/904/1125 616/726/1125 620/905/1125
f 620/905/1126 616/726/1126 499/727/1126
f 620/905/1127 499/727/1127 502/906/1127
f 681/907/1128 593/908/1128 504/909/1128
f 504/909/1129 583/732/1129 505/3/1129
f 505/3/1130 583/732/1130 581/735/1130
f 507/1/1131 590/740/1131 591/898/1131
f 1328/910/1132 1330/902/1132 1329/901/1132
f 499/727/1133 500/729/1133 501/911/1133
f 502/906/1134 499/727/1134 501/911/1134
f 591/898/1135 590/740/1135 601/899/1135
f 618/912/1136 609/725/1136 617/724/1136
f 593/908/1137 584/730/1137 504/909/1137
f 504/909/1138 584/730/1138 583/732/1138
f 1326/913/1139 1327/914/1139 1328/910/1139
f 601/899/1140 590/740/1140 625/915/1140
f 610/744/1141 609/725/1141 618/912/1141
f 632/728/1142 503/916/1142 500/729/1142
f 1517/917/1143 1518/918/1143 1519/919/1143
f 632/728/1144 666/920/1144 503/916/1144
f 593/908/1145 644/921/1145 584/730/1145
f 590/740/1146 592/742/1146 625/915/1146
f 625/915/1147 592/742/1147 604/922/1147
f 626/923/1148 610/744/1148 680/924/1148
f 584/730/1149 644/921/1149 594/737/1149
f 604/922/1150 603/746/1150 647/925/1150
f 626/923/1151 608/743/1151 610/744/1151
f 643/738/1152 666/920/1152 632/728/1152
f 604/922/1153 592/742/1153 603/746/1153
f 643/738/1154 677/926/1154 666/920/1154
f 644/921/1155 649/927/1155 594/737/1155
f 647/925/1156 603/746/1156 648/928/1156
f 2166/929/1157 2167/930/1157 2168/931/1157
f 2168/931/1158 2167/930/1158 2169/932/1158
f 603/746/1159 627/755/1159 648/928/1159
f 627/755/1160 602/752/1160 626/923/1160
f 2193/933/1161 2194/934/1161 2195/935/1161
f 594/737/1162 649/927/1162 630/757/1162
f 404/765/1163 415/936/1163 416/937/1163
f 649/927/1164 653/938/1164 630/757/1164
f 404/765/1165 406/939/1165 407/940/1165
f 653/938/1166 657/941/1166 630/757/1166
f 630/757/1167 657/941/1167 652/766/1167
f 405/764/1168 414/942/1168 406/939/1168
f 404/765/1169 405/764/1169 406/939/1169
f 657/941/1170 664/943/1170 652/766/1170
f 405/764/1171 410/767/1171 413/944/1171
f 1022/945/1172 1021/946/1172 1023/947/1172
f 664/943/1173 663/948/1173 652/766/1173
f 1018/774/1174 1019/949/1174 1020/950/1174
f 663/948/1175 661/771/1175 652/766/1175
f 1487/951/1176 1466/952/1176 1516/953/1176
f 1016/773/1177 1015/954/1177 1017/955/1177
f 1466/952/1178 1465/956/1178 1516/953/1178
f 661/771/1179 662/957/1179 636/768/1179
f 1006/775/1180 1015/954/1180 1016/773/1180
f 1006/775/1181 1014/958/1181 1015/954/1181
f 662/957/1182 658/776/1182 636/768/1182
f 662/957/1183 669/959/1183 658/776/1183
f 669/959/1184 673/781/1184 658/776/1184
f 1468/960/1185 1467/961/1185 1469/962/1185
f 1010/778/1186 1012/779/1186 1011/963/1186
f 2205/785/1187 2220/964/1187 2218/965/1187
f 2218/965/1188 2200/966/1188 2205/785/1188
f 2205/785/1189 2200/966/1189 2199/666/1189
f 2199/666/1190 2200/966/1190 2201/788/1190
f 939/786/1191 947/967/1191 952/968/1191
f 947/967/1192 948/790/1192 949/969/1192
f 924/970/1193 917/797/1193 922/971/1193
f 2201/788/1194 2204/972/1194 2223/789/1194
f 929/973/1195 917/797/1195 924/970/1195
f 917/797/1196 919/974/1196 922/971/1196
f 922/971/1197 919/974/1197 923/975/1197
f 2224/976/1198 2225/977/1198 2226/978/1198
f 948/790/1199 953/979/1199 951/980/1199
f 929/973/1200 928/981/1200 917/797/1200
f 983/791/1201 982/796/1201 953/979/1201
f 948/790/1202 983/791/1202 953/979/1202
f 982/796/1203 1002/982/1203 953/979/1203
f 928/981/1204 927/983/1204 916/984/1204
f 1305/985/1205 1304/986/1205 1306/987/1205
f 928/981/1206 916/984/1206 917/797/1206
f 927/983/1207 926/988/1207 914/989/1207
f 927/983/1208 914/989/1208 916/984/1208
f 916/984/1209 915/798/1209 917/797/1209
f 916/984/1210 914/989/1210 915/798/1210
f 982/796/1211 971/802/1211 997/990/1211
f 982/796/1212 997/990/1212 1002/982/1212
f 926/988/1213 920/991/1213 914/989/1213
f 1308/992/1214 1309/993/1214 1317/994/1214
f 914/989/1215 912/995/1215 915/798/1215
f 920/991/1216 911/996/1216 914/989/1216
f 997/990/1217 971/802/1217 998/997/1217
f 911/996/1218 912/995/1218 914/989/1218
f 998/997/1219 971/802/1219 987/998/1219
f 971/802/1220 972/999/1220 987/998/1220
f 762/1000/1221 761/1001/1221 760/1002/1221
f 903/1003/1222 911/996/1222 920/991/1222
f 972/999/1223 958/1004/1223 987/998/1223
f 911/996/1224 910/1005/1224 912/995/1224
f 925/1006/1225 902/1007/1225 913/1008/1225
f 758/1009/1226 760/1002/1226 761/1001/1226
f 911/996/1227 903/1003/1227 910/1005/1227
f 758/1009/1228 759/1010/1228 760/1002/1228
f 903/1003/1229 905/1011/1229 910/1005/1229
f 958/1004/1230 955/1012/1230 957/1013/1230
f 921/1014/1231 897/1015/1231 902/1007/1231
f 1430/1016/1232 1429/1017/1232 1432/1018/1232
f 958/1004/1233 972/999/1233 955/1012/1233
f 921/1014/1234 930/1019/1234 897/1015/1234
f 902/1007/1235 901/1020/1235 913/1008/1235
f 913/1008/1236 901/1020/1236 903/1003/1236
f 903/1003/1237 904/1021/1237 905/1011/1237
f 901/1020/1238 904/1021/1238 903/1003/1238
f 972/999/1239 969/1022/1239 955/1012/1239
f 897/1015/1240 896/1023/1240 902/1007/1240
f 902/1007/1241 896/1023/1241 901/1020/1241
f 904/1021/1242 906/1024/1242 905/1011/1242
f 967/808/1243 962/818/1243 969/1022/1243
f 954/1025/1244 955/1012/1244 956/1026/1244
f 904/1021/1245 907/1027/1245 906/1024/1245
f 955/1012/1246 969/1022/1246 956/1026/1246
f 897/1015/1247 930/1019/1247 895/1028/1247
f 2178/1029/1248 2179/1030/1248 2180/1031/1248
f 969/1022/1249 965/823/1249 956/1026/1249
f 965/823/1250 978/1032/1250 956/1026/1250
f 895/1028/1251 889/1033/1251 891/1034/1251
f 895/1028/1252 891/1034/1252 897/1015/1252
f 962/818/1253 963/821/1253 969/1022/1253
f 965/823/1254 975/1035/1254 978/1032/1254
f 897/1015/1255 891/1034/1255 896/1023/1255
f 901/1020/1256 900/1036/1256 904/1021/1256
f 904/1021/1257 908/1037/1257 907/1027/1257
f 963/821/1258 965/823/1258 969/1022/1258
f 900/1036/1259 901/1020/1259 896/1023/1259
f 975/1035/1260 965/823/1260 974/1038/1260
f 974/1038/1261 990/1039/1261 975/1035/1261
f 900/1036/1262 908/1037/1262 904/1021/1262
f 889/1033/1263 890/1040/1263 891/1034/1263
f 891/1034/1264 893/1041/1264 896/1023/1264
f 900/1036/1265 909/1042/1265 908/1037/1265
f 896/1023/1266 893/1041/1266 900/1036/1266
f 973/827/1267 989/1043/1267 974/1038/1267
f 974/1038/1268 989/1043/1268 990/1039/1268
f 890/1040/1269 892/1044/1269 891/1034/1269
f 891/1034/1270 892/1044/1270 893/1041/1270
f 973/827/1271 988/1045/1271 989/1043/1271
f 893/1041/1272 898/1046/1272 900/1036/1272
f 900/1036/1273 899/1047/1273 909/1042/1273
f 985/830/1274 994/1048/1274 988/1045/1274
f 973/827/1275 985/830/1275 988/1045/1275
f 898/1046/1276 899/1047/1276 900/1036/1276
f 892/1044/1277 894/1049/1277 893/1041/1277
f 893/1041/1278 894/1049/1278 898/1046/1278
f 985/830/1279 993/1050/1279 994/1048/1279
f 2175/1051/1280 2176/1052/1280 2177/1053/1280
f 985/830/1281 992/1054/1281 993/1050/1281
f 28/1055/1282 20/1056/1282 27/1057/1282
f 984/836/1283 992/1054/1283 985/830/1283
f 984/836/1284 995/840/1284 996/1058/1284
f 984/836/1285 996/1058/1285 992/1054/1285
f 27/1057/1286 8/1059/1286 26/842/1286
f 986/839/1287 999/1060/1287 995/840/1287
f 342/838/1288 338/1061/1288 346/1062/1288
f 999/1060/1289 1000/1063/1289 995/840/1289
f 26/842/1290 8/1059/1290 14/844/1290
f 14/844/1291 8/1059/1291 1/1064/1291
f 353/849/1292 357/1065/1292 358/1066/1292
f 14/844/1293 1/1064/1293 22/696/1293
f 1966/855/1294 1987/1067/1294 1967/856/1294
f 264/1068/1295 268/1069/1295 280/1070/1295
f 22/696/1296 1/1064/1296 4/700/1296
f 264/1068/1297 245/1071/1297 268/1069/1297
f 240/860/1298 241/1072/1298 245/1071/1298
f 30/617/1299 13/868/1299 17/1073/1299
f 156/712/1300 192/1074/1300 154/882/1300
f 192/1074/1301 172/1075/1301 154/882/1301
f 154/882/1302 172/1075/1302 148/713/1302
f 148/713/1303 172/1075/1303 197/1076/1303
f 148/713/1304 197/1076/1304 185/1077/1304
f 148/713/1305 185/1077/1305 141/716/1305
f 141/716/1306 185/1077/1306 137/717/1306
f 138/886/1307 182/1078/1307 145/887/1307
f 145/887/1308 182/1078/1308 147/888/1308
f 455/1079/1309 456/1080/1309 457/1081/1309
f 149/889/1310 196/1082/1310 150/718/1310
f 196/1082/1311 193/1083/1311 160/890/1311
f 150/718/1312 196/1082/1312 160/890/1312
f 160/890/1313 193/1083/1313 186/1084/1313
f 160/890/1314 186/1084/1314 162/891/1314
f 2258/1085/1315 2255/1086/1315 2257/1087/1315
f 2244/1088/1316 2243/1089/1316 2245/1090/1316
f 162/891/1317 186/1084/1317 194/1091/1317
f 2245/1090/1318 2243/1089/1318 2246/643/1318
f 162/891/1319 194/1091/1319 195/1092/1319
f 162/891/1320 195/1092/1320 164/893/1320
f 2246/643/1321 2243/1089/1321 2249/1093/1321
f 164/893/1322 195/1092/1322 206/895/1322
f 1489/1094/1323 1490/1095/1323 1479/1096/1323
f 1753/1097/1324 1726/1098/1324 1861/1099/1324
f 1014/958/1325 1019/949/1325 1017/955/1325
f 1467/961/1326 1471/1100/1326 1469/962/1326
f 1469/962/1327 1471/1100/1327 1473/1101/1327
f 1471/1100/1328 1472/1102/1328 1473/1101/1328
f 1473/1101/1329 1485/1103/1329 1486/1104/1329
f 2201/788/1330 2203/1105/1330 2204/972/1330
f 1447/1106/1331 1446/1107/1331 1440/1108/1331
f 20/1056/1332 19/1109/1332 8/1059/1332
f 9/1110/1333 2/1111/1333 8/1059/1333
f 8/1059/1334 2/1111/1334 1/1064/1334
f 245/1071/1335 246/1112/1335 268/1069/1335
f 237/1113/1336 243/1114/1336 242/1115/1336
f 10/704/1337 11/1116/1337 12/705/1337
f 21/1117/1338 24/1118/1338 29/1119/1338
f 223/1120/1339 249/1121/1339 218/880/1339
f 311/1122/1340 312/1123/1340 313/1124/1340
f 313/1124/1341 312/1123/1341 314/1125/1341
f 2255/1086/1342 2256/1126/1342 2257/1087/1342
f 2244/1088/1343 2235/1127/1343 2241/1128/1343
f 2244/1088/1344 2241/1128/1344 2243/1089/1344
f 466/1129/1345 467/1130/1345 468/1131/1345
f 468/1131/1346 467/1130/1346 454/1132/1346
f 454/1132/1347 451/1133/1347 450/1134/1347
f 450/1134/1348 451/1133/1348 452/1135/1348
f 450/1134/1349 452/1135/1349 453/1136/1349
f 1475/1137/1350 1482/1138/1350 1472/1102/1350
f 1485/1103/1351 1494/1139/1351 1486/1104/1351
f 1486/1104/1352 1494/1139/1352 1496/1140/1352
f 2207/1141/1353 2208/1142/1353 2209/1143/1353
f 2209/1143/1354 2208/1142/1354 2211/1144/1354
f 1511/1145/1355 1503/1146/1355 1505/1147/1355
f 2232/1148/1356 2231/1149/1356 2233/1150/1356
f 1442/1151/1357 1512/1152/1357 1513/1153/1357
f 20/1056/1358 33/1154/1358 19/1109/1358
f 19/1109/1359 9/1110/1359 8/1059/1359
f 9/1110/1360 18/1155/1360 2/1111/1360
f 372/1156/1361 373/1157/1361 362/1158/1361
f 4/700/1362 3/1159/1362 5/1160/1362
f 68/1161/1363 62/1162/1363 58/1163/1363
f 62/1162/1364 61/1164/1364 58/1163/1364
f 1138/1165/1365 1137/1166/1365 1143/1167/1365
f 1144/1168/1366 1138/1165/1366 1143/1167/1366
f 244/1169/1367 251/1170/1367 243/1114/1367
f 4/700/1368 5/1160/1368 6/1171/1368
f 4/700/1369 6/1171/1369 7/702/1369
f 7/702/1370 6/1171/1370 10/704/1370
f 10/704/1371 6/1171/1371 11/1116/1371
f 12/705/1372 11/1116/1372 13/868/1372
f 13/868/1373 11/1116/1373 15/1172/1373
f 15/1172/1374 16/1173/1374 13/868/1374
f 13/868/1375 16/1173/1375 17/1073/1375
f 17/1073/1376 16/1173/1376 21/1117/1376
f 323/1174/1377 324/1175/1377 315/1176/1377
f 323/1174/1378 315/1176/1378 316/1177/1378
f 316/1177/1379 315/1176/1379 311/1122/1379
f 315/1176/1380 312/1123/1380 311/1122/1380
f 312/1123/1381 317/1178/1381 314/1125/1381
f 477/1179/1382 475/1180/1382 476/1181/1382
f 471/1182/1383 470/1183/1383 469/1184/1383
f 471/1182/1384 469/1184/1384 472/1185/1384
f 470/1183/1385 460/1186/1385 469/1184/1385
f 469/1184/1386 460/1186/1386 459/1187/1386
f 461/1188/1387 463/1189/1387 462/1190/1387
f 2234/1191/1388 2235/1127/1388 2236/1192/1388
f 2241/1128/1389 2242/1193/1389 2243/1089/1389
f 1420/1194/1390 1424/1195/1390 1421/1196/1390
f 1484/1197/1391 1493/1198/1391 1485/1103/1391
f 1485/1103/1392 1493/1198/1392 1494/1139/1392
f 1508/1199/1393 1509/1200/1393 1510/1201/1393
f 18/1155/1394 3/1159/1394 2/1111/1394
f 55/1202/1395 46/1203/1395 48/1204/1395
f 848/1205/1396 850/1206/1396 851/1207/1396
f 55/1202/1397 57/1208/1397 46/1203/1397
f 55/1202/1398 58/1163/1398 57/1208/1398
f 58/1163/1399 61/1164/1399 57/1208/1399
f 873/1209/1400 852/1210/1400 870/1211/1400
f 1138/1165/1401 1135/1212/1401 1137/1166/1401
f 1135/1212/1402 1136/1213/1402 1137/1166/1402
f 21/1117/1403 16/1173/1403 24/1118/1403
f 475/1180/1404 479/1214/1404 474/1215/1404
f 473/1216/1405 475/1180/1405 474/1215/1405
f 456/1080/1406 458/1217/1406 461/1188/1406
f 463/1189/1407 483/1218/1407 465/1219/1407
f 2483/1220/1408 2486/1221/1408 2487/1222/1408
f 2234/1191/1409 2237/1223/1409 2235/1127/1409
f 2237/1223/1410 2238/1224/1410 2235/1127/1410
f 2235/1127/1411 2239/1225/1411 2241/1128/1411
f 2235/1127/1412 2238/1224/1412 2239/1225/1412
f 2241/1128/1413 2239/1225/1413 2242/1193/1413
f 1494/1139/1414 1495/1226/1414 1496/1140/1414
f 1498/1227/1415 1501/1228/1415 1500/1229/1415
f 2408/1230/1416 2409/1231/1416 2406/1232/1416
f 2408/1230/1417 2406/1232/1417 2407/1233/1417
f 2407/1233/1418 2403/1234/1418 2428/1235/1418
f 63/1236/1419 48/1204/1419 45/1237/1419
f 854/1238/1420 853/1239/1420 849/1240/1420
f 65/1241/1421 48/1204/1421 63/1236/1421
f 853/1239/1422 850/1206/1422 849/1240/1422
f 57/1208/1423 59/1242/1423 46/1203/1423
f 1139/1243/1424 1136/1213/1424 1140/1244/1424
f 1136/1213/1425 1141/1245/1425 1140/1244/1425
f 5/1160/1426 25/1246/1426 6/1171/1426
f 6/1171/1427 23/1247/1427 11/1116/1427
f 1761/1248/1428 1751/1249/1428 1843/1250/1428
f 11/1116/1429 23/1247/1429 15/1172/1429
f 1756/1251/1430 1755/1252/1430 1838/1253/1430
f 329/1254/1431 328/1255/1431 326/1256/1431
f 326/1256/1432 327/1257/1432 324/1175/1432
f 312/1123/1433 320/1258/1433 317/1178/1433
f 495/1259/1434 494/1260/1434 477/1179/1434
f 479/1214/1435 471/1182/1435 474/1215/1435
f 470/1183/1436 478/1261/1436 460/1186/1436
f 460/1186/1437 478/1261/1437 458/1217/1437
f 463/1189/1438 487/1262/1438 483/1218/1438
f 2238/1224/1439 2240/1263/1439 2239/1225/1439
f 1365/1264/1440 1367/1265/1440 1366/1266/1440
f 67/1267/1441 45/1237/1441 52/1268/1441
f 67/1267/1442 70/1269/1442 45/1237/1442
f 876/1270/1443 869/1271/1443 858/1272/1443
f 45/1237/1444 47/1273/1444 52/1268/1444
f 45/1237/1445 46/1203/1445 47/1273/1445
f 2403/1234/1446 2432/1274/1446 2428/1235/1446
f 46/1203/1447 49/1275/1447 47/1273/1447
f 46/1203/1448 59/1242/1448 49/1275/1448
f 1140/1244/1449 1141/1245/1449 1142/1276/1449
f 2434/1277/1450 2432/1274/1450 2435/1278/1450
f 2440/1279/1451 2435/1278/1451 2439/1280/1451
f 330/1281/1452 328/1255/1452 329/1254/1452
f 328/1255/1453 327/1257/1453 326/1256/1453
f 324/1175/1454 325/1282/1454 315/1176/1454
f 315/1176/1455 319/1283/1455 312/1123/1455
f 312/1123/1456 319/1283/1456 320/1258/1456
f 1714/1284/1457 1707/1285/1457 1724/1286/1457
f 868/1287/1458 858/1272/1458 869/1271/1458
f 52/1268/1459 47/1273/1459 51/1288/1459
f 47/1273/1460 50/1289/1460 51/1288/1460
f 47/1273/1461 49/1275/1461 50/1289/1461
f 50/1289/1462 60/1290/1462 53/1291/1462
f 49/1275/1463 60/1290/1463 50/1289/1463
f 436/1292/1464 437/1293/1464 438/1294/1464
f 436/1292/1465 438/1294/1465 440/1295/1465
f 439/1296/1466 444/1297/1466 437/1293/1466
f 439/1296/1467 437/1293/1467 436/1292/1467
f 2432/1274/1468 2393/1298/1468 2435/1278/1468
f 2386/1299/1469 2382/1300/1469 2385/1301/1469
f 325/1282/1470 319/1283/1470 315/1176/1470
f 319/1283/1471 321/1302/1471 320/1258/1471
f 498/1303/1472 496/1304/1472 497/1305/1472
f 2401/1306/1473 2429/1307/1473 2400/1308/1473
f 52/1268/1474 56/1309/1474 64/1310/1474
f 52/1268/1475 51/1288/1475 56/1309/1475
f 51/1288/1476 54/1311/1476 56/1309/1476
f 51/1288/1477 50/1289/1477 53/1291/1477
f 51/1288/1478 53/1291/1478 54/1311/1478
f 2402/1312/1479 2397/1313/1479 2431/1314/1479
f 2391/1315/1480 2381/1316/1480 2383/1317/1480
f 2382/1300/1481 2384/1318/1481 2385/1301/1481
f 2385/1301/1482 2437/1319/1482 2388/1320/1482
f 319/1283/1483 322/1321/1483 321/1302/1483
f 1701/1322/1484 1599/1323/1484 1681/1324/1484
f 859/1325/1485 862/1326/1485 861/1327/1485
f 53/1291/1486 66/1328/1486 54/1311/1486
f 440/1295/1487 441/1329/1487 442/1330/1487
f 2319/1331/1488 2318/1332/1488 2317/1333/1488
f 2526/1334/1489 2522/1335/1489 2528/1336/1489
f 2533/1337/1490 2528/1336/1490 2531/1338/1490
f 2345/1339/1491 2344/1340/1491 2368/1341/1491
f 2373/1342/1492 2372/1343/1492 2371/1344/1492
f 1719/1345/1493 1706/1346/1493 1725/1347/1493
f 2397/1313/1494 2399/1348/1494 2398/1349/1494
f 2397/1313/1495 2398/1349/1495 2395/1350/1495
f 2523/1351/1496 2525/1352/1496 2520/1353/1496
f 2346/1354/1497 2343/1355/1497 2345/1339/1497
f 2345/1339/1498 2343/1355/1498 2344/1340/1498
f 1352/1356/1499 1355/1357/1499 1356/1358/1499
f 2377/1359/1500 2376/1360/1500 2375/1361/1500
f 1226/1362/1501 1228/1363/1501 1227/1364/1501
f 1227/1364/1502 1228/1363/1502 1229/1365/1502
f 1227/1364/1503 1229/1365/1503 1251/1366/1503
f 1201/1367/1504 1200/1368/1504 1226/1362/1504
f 1229/1365/1505 1263/1369/1505 1251/1366/1505
f 1200/1368/1506 1249/1370/1506 1226/1362/1506
f 1226/1362/1507 1249/1370/1507 1228/1363/1507
f 1253/1371/1508 1268/1372/1508 1229/1365/1508
f 1229/1365/1509 1268/1372/1509 1263/1369/1509
f 1249/1370/1510 1250/1373/1510 1228/1363/1510
f 1228/1363/1511 1250/1373/1511 1254/1374/1511
f 1228/1363/1512 1254/1374/1512 1253/1371/1512
f 1228/1363/1513 1253/1371/1513 1229/1365/1513
f 1267/1375/1514 1273/1376/1514 1253/1371/1514
f 1254/1374/1515 1267/1375/1515 1253/1371/1515
f 1253/1371/1516 1273/1376/1516 1268/1372/1516
f 1355/1357/1517 1358/1377/1517 1359/1378/1517
f 1352/1356/1518 1354/1379/1518 1355/1357/1518
f 1352/1356/1519 1353/1380/1519 1354/1379/1519
f 1223/1381/1520 1237/1382/1520 1236/1383/1520
f 1222/1384/1521 1219/1385/1521 1226/1362/1521
f 1226/1362/1522 1227/1364/1522 1223/1381/1522
f 1222/1384/1523 1226/1362/1523 1223/1381/1523
f 1223/1381/1524 1227/1364/1524 1237/1382/1524
f 1402/1386/1525 1401/1387/1525 1403/1388/1525
f 1217/1389/1526 1225/1390/1526 1218/1391/1526
f 1218/1391/1527 1224/1392/1527 1219/1385/1527
f 1219/1385/1528 1201/1367/1528 1226/1362/1528
f 1402/1386/1529 1399/1393/1529 1401/1387/1529
f 1218/1391/1530 1225/1390/1530 1224/1392/1530
f 1224/1392/1531 1201/1367/1531 1219/1385/1531
f 1265/1394/1532 1266/1395/1532 1225/1390/1532
f 1265/1394/1533 1225/1390/1533 1217/1389/1533
f 2291/1396/1534 2290/1397/1534 2296/1398/1534
f 1225/1390/1535 1230/1399/1535 1224/1392/1535
f 2270/1400/1536 2271/1401/1536 2272/1402/1536
f 1209/1403/1537 1219/1385/1537 1220/1404/1537
f 1220/1404/1538 1219/1385/1538 1221/1405/1538
f 1221/1405/1539 1223/1381/1539 1232/1406/1539
f 1232/1406/1540 1236/1383/1540 1235/1407/1540
f 1405/1408/1541 1403/1388/1541 1407/1409/1541
f 1216/1410/1542 1256/1411/1542 1277/1412/1542
f 1216/1410/1543 1217/1389/1543 1209/1403/1543
f 1221/1405/1544 1222/1384/1544 1223/1381/1544
f 1232/1406/1545 1223/1381/1545 1236/1383/1545
f 1219/1385/1546 1222/1384/1546 1221/1405/1546
f 1216/1410/1547 1270/1413/1547 1217/1389/1547
f 2261/1414/1548 2262/1415/1548 2297/1416/1548
f 1216/1410/1549 1277/1412/1549 1270/1413/1549
f 1209/1403/1550 1217/1389/1550 1218/1391/1550
f 1209/1403/1551 1218/1391/1551 1219/1385/1551
f 1270/1413/1552 1265/1394/1552 1217/1389/1552
f 2297/1416/1553 2263/1417/1553 2291/1396/1553
f 2291/1396/1554 2263/1417/1554 2290/1397/1554
f 2279/1418/1555 2264/1419/1555 2295/1420/1555
f 1214/1421/1556 1231/1422/1556 1215/1423/1556
f 1208/1424/1557 1209/1403/1557 1206/1425/1557
f 1206/1425/1558 1209/1403/1558 1210/1426/1558
f 1210/1426/1559 1209/1403/1559 1214/1421/1559
f 1209/1403/1560 1220/1404/1560 1214/1421/1560
f 1233/1427/1561 1232/1406/1561 1234/1428/1561
f 1255/1429/1562 1256/1411/1562 1208/1424/1562
f 1208/1424/1563 1216/1410/1563 1209/1403/1563
f 1220/1404/1564 1221/1405/1564 1214/1421/1564
f 1214/1421/1565 1221/1405/1565 1231/1422/1565
f 1221/1405/1566 1232/1406/1566 1231/1422/1566
f 1231/1422/1567 1232/1406/1567 1233/1427/1567
f 1232/1406/1568 1235/1407/1568 1234/1428/1568
f 1255/1429/1569 1277/1412/1569 1256/1411/1569
f 2259/1430/1570 2260/1431/1570 2261/1414/1570
f 1256/1411/1571 1216/1410/1571 1208/1424/1571
f 1204/1432/1572 1203/1433/1572 1215/1423/1572
f 1204/1432/1573 1215/1423/1573 1241/1434/1573
f 1241/1434/1574 1215/1423/1574 1233/1427/1574
f 1206/1425/1575 1203/1433/1575 1205/1435/1575
f 1203/1433/1576 1210/1426/1576 1214/1421/1576
f 1203/1433/1577 1214/1421/1577 1215/1423/1577
f 1240/1436/1578 1208/1424/1578 1206/1425/1578
f 1215/1423/1579 1231/1422/1579 1233/1427/1579
f 1206/1425/1580 1210/1426/1580 1203/1433/1580
f 1243/1437/1581 1233/1427/1581 1244/1438/1581
f 1126/1439/1582 1127/1440/1582 1128/1441/1582
f 1240/1436/1583 1255/1429/1583 1208/1424/1583
f 1126/1439/1584 1130/1442/1584 1127/1440/1584
f 1408/1443/1585 1404/1444/1585 1409/1445/1585
f 1128/1441/1586 1127/1440/1586 1129/1446/1586
f 1202/1447/1587 1204/1432/1587 1239/1448/1587
f 1207/1449/1588 1269/1450/1588 1257/1451/1588
f 1207/1449/1589 1257/1451/1589 1206/1425/1589
f 1205/1435/1590 1203/1433/1590 1202/1447/1590
f 1202/1447/1591 1203/1433/1591 1204/1432/1591
f 1257/1451/1592 1252/1452/1592 1206/1425/1592
f 2312/1453/1593 2311/1454/1593 2313/1455/1593
f 1241/1434/1594 1233/1427/1594 1242/1456/1594
f 1252/1452/1595 1240/1436/1595 1206/1425/1595
f 1233/1427/1596 1243/1437/1596 1242/1456/1596
f 1242/1456/1597 1243/1437/1597 1262/1457/1597
f 1131/1458/1598 1130/1442/1598 1126/1439/1598
f 2294/1459/1599 2298/1460/1599 2265/1461/1599
f 1212/1462/1600 1269/1450/1600 1207/1449/1600
f 1212/1462/1601 1207/1449/1601 1211/1463/1601
f 1211/1463/1602 1207/1449/1602 1205/1435/1602
f 1205/1435/1603 1202/1447/1603 1211/1463/1603
f 1204/1432/1604 1241/1434/1604 1239/1448/1604
f 1239/1448/1605 1241/1434/1605 1247/1464/1605
f 2310/1465/1606 2312/1453/1606 2314/1466/1606
f 1247/1464/1607 1241/1434/1607 1248/1467/1607
f 1248/1467/1608 1241/1434/1608 1242/1456/1608
f 2314/1466/1609 2312/1453/1609 2313/1455/1609
f 1248/1467/1610 1242/1456/1610 1275/1468/1610
f 1368/1469/1611 1369/1470/1611 1370/1471/1611
f 1213/1472/1612 1211/1463/1612 1238/1473/1612
f 1271/1474/1613 1212/1462/1613 1213/1472/1613
f 1213/1472/1614 1212/1462/1614 1211/1463/1614
f 1239/1448/1615 1247/1464/1615 1246/1475/1615
f 2506/1476/1616 2441/1477/1616 2310/1465/1616
f 1238/1473/1617 1211/1463/1617 1239/1448/1617
f 2506/1476/1618 2310/1465/1618 2314/1466/1618
f 1247/1464/1619 1248/1467/1619 1272/1478/1619
f 1258/1479/1620 1213/1472/1620 1198/1480/1620
f 1238/1473/1621 1239/1448/1621 1245/1481/1621
f 1245/1481/1622 1239/1448/1622 1246/1475/1622
f 1246/1475/1623 1247/1464/1623 1261/1482/1623
f 2315/1483/1624 2307/1484/1624 2301/1485/1624
f 1261/1482/1625 1247/1464/1625 1276/1486/1625
f 1198/1480/1626 1238/1473/1626 1196/1487/1626
f 1238/1473/1627 1245/1481/1627 1196/1487/1627
f 2365/1488/1628 2364/1489/1628 2363/1490/1628
f 1264/1491/1629 1246/1475/1629 1261/1482/1629
f 1260/1492/1630 1196/1487/1630 1259/1493/1630
f 1196/1487/1631 1245/1481/1631 1259/1493/1631
f 1259/1493/1632 1245/1481/1632 1274/1494/1632
f 1149/1495/1633 1151/1496/1633 1150/1497/1633
f 1150/1497/1634 1151/1496/1634 1152/1498/1634
f 776/1499/1635 772/7/1635 777/1500/1635
f 1153/1501/1636 1149/1495/1636 1148/1502/1636
f 1154/1503/1637 1153/1501/1637 1148/1502/1637
f 1148/1502/1638 1149/1495/1638 1150/1497/1638
f 1152/1498/1639 1156/1504/1639 1155/1505/1639
f 883/1506/1640 880/1507/1640 882/1508/1640
f 772/7/1641 776/1499/1641 773/8/1641
f 775/22/1642 774/9/1642 773/8/1642
f 1148/1502/1643 1150/1497/1643 1155/1505/1643
f 1155/1505/1644 1150/1497/1644 1152/1498/1644
f 1155/1505/1645 1156/1504/1645 1157/1509/1645
f 882/1508/1646 880/1507/1646 881/1510/1646
f 880/1507/1647 878/1511/1647 877/1512/1647
f 877/1512/1648 878/1511/1648 879/1513/1648
f 775/22/1649 773/8/1649 771/23/1649
f 771/23/1650 773/8/1650 811/1514/1650
f 811/1514/1651 773/8/1651 776/1499/1651
f 811/1514/1652 776/1499/1652 819/1515/1652
f 811/1514/1653 819/1515/1653 816/1516/1653
f 816/1516/1654 819/1515/1654 825/1517/1654
f 816/1516/1655 825/1517/1655 824/1518/1655
f 816/1516/1656 824/1518/1656 812/1519/1656
f 882/1508/1657 881/1510/1657 877/1512/1657
f 881/1510/1658 880/1507/1658 877/1512/1658
f 877/1512/1659 879/1513/1659 884/1520/1659
f 884/1520/1660 879/1513/1660 885/1521/1660
f 769/31/1661 771/23/1661 811/1514/1661
f 770/24/1662 771/23/1662 769/31/1662
f 764/40/1663 769/31/1663 794/1522/1663
f 769/31/1664 811/1514/1664 794/1522/1664
f 812/1519/1665 811/1514/1665 816/1516/1665
f 812/1519/1666 824/1518/1666 813/1523/1666
f 813/1523/1667 824/1518/1667 826/1524/1667
f 813/1523/1668 826/1524/1668 827/1525/1668
f 885/1521/1669 879/1513/1669 886/1526/1669
f 886/1526/1670 879/1513/1670 887/1527/1670
f 767/32/1671 769/31/1671 764/40/1671
f 794/1522/1672 811/1514/1672 812/1519/1672
f 763/39/1673 767/32/1673 764/40/1673
f 803/1528/1674 794/1522/1674 812/1519/1674
f 803/1528/1675 812/1519/1675 804/1529/1675
f 804/1529/1676 812/1519/1676 813/1523/1676
f 884/1520/1677 885/1521/1677 886/1526/1677
f 820/1530/1678 827/1525/1678 828/1531/1678
f 886/1526/1679 887/1527/1679 888/1532/1679
f 1298/1533/1680 1299/1534/1680 1289/1535/1680
f 764/40/1681 794/1522/1681 778/1536/1681
f 778/1536/1682 794/1522/1682 803/1528/1682
f 765/41/1683 764/40/1683 766/47/1683
f 766/47/1684 764/40/1684 778/1536/1684
f 778/1536/1685 803/1528/1685 804/1529/1685
f 813/1523/1686 827/1525/1686 820/1530/1686
f 820/1530/1687 828/1531/1687 834/1537/1687
f 779/1538/1688 778/1536/1688 804/1529/1688
f 768/48/1689 766/47/1689 782/1539/1689
f 766/47/1690 778/1536/1690 782/1539/1690
f 779/1538/1691 804/1529/1691 813/1523/1691
f 778/1536/1692 779/1538/1692 780/1540/1692
f 779/1538/1693 813/1523/1693 805/1541/1693
f 805/1541/1694 813/1523/1694 820/1530/1694
f 781/1542/1695 782/1539/1695 778/1536/1695
f 781/1542/1696 778/1536/1696 780/1540/1696
f 2097/43/1697 2096/49/1697 2098/51/1697
f 768/48/1698 782/1539/1698 781/1542/1698
f 837/1543/1699 768/48/1699 781/1542/1699
f 805/1541/1700 820/1530/1700 821/1544/1700
f 821/1544/1701 820/1530/1701 834/1537/1701
f 837/1543/1702 781/1542/1702 808/1545/1702
f 1297/1546/1703 1298/1533/1703 1289/1535/1703
f 1297/1546/1704 1289/1535/1704 1291/1547/1704
f 1289/1535/1705 1290/1548/1705 1291/1547/1705
f 780/1540/1706 779/1538/1706 790/1549/1706
f 790/1549/1707 779/1538/1707 805/1541/1707
f 783/1550/1708 781/1542/1708 780/1540/1708
f 808/1545/1709 781/1542/1709 783/1550/1709
f 784/1551/1710 780/1540/1710 790/1549/1710
f 790/1549/1711 805/1541/1711 791/1552/1711
f 783/1550/1712 780/1540/1712 784/1551/1712
f 805/1541/1713 821/1544/1713 822/1553/1713
f 2105/52/1714 2106/55/1714 2099/58/1714
f 808/1545/1715 783/1550/1715 785/62/1715
f 840/61/1716 808/1545/1716 785/62/1716
f 806/1554/1717 805/1541/1717 822/1553/1717
f 1291/1547/1718 1290/1548/1718 1292/1555/1718
f 1294/1556/1719 1291/1547/1719 1292/1555/1719
f 1290/1548/1720 1293/1557/1720 1292/1555/1720
f 786/1558/1721 784/1551/1721 790/1549/1721
f 786/1558/1722 790/1549/1722 791/1552/1722
f 791/1552/1723 805/1541/1723 806/1554/1723
f 785/62/1724 783/1550/1724 784/1551/1724
f 785/62/1725 784/1551/1725 786/1558/1725
f 830/63/1726 785/62/1726 787/1559/1726
f 785/62/1727 786/1558/1727 787/1559/1727
f 815/1560/1728 830/63/1728 787/1559/1728
f 1292/1555/1729 1293/1557/1729 1295/1561/1729
f 1295/1561/1730 1293/1557/1730 1296/1562/1730
f 786/1558/1731 791/1552/1731 793/1563/1731
f 793/1563/1732 791/1552/1732 806/1554/1732
f 793/1563/1733 806/1554/1733 807/1564/1733
f 788/1565/1734 787/1559/1734 786/1558/1734
f 792/1566/1735 786/1558/1735 793/1563/1735
f 788/1565/1736 786/1558/1736 792/1566/1736
f 793/1563/1737 807/1564/1737 801/1567/1737
f 815/1560/1738 787/1559/1738 789/1568/1738
f 787/1559/1739 788/1565/1739 789/1568/1739
f 1340/75/1740 1341/1569/1740 1337/76/1740
f 823/1570/1741 815/1560/1741 789/1568/1741
f 789/1568/1742 788/1565/1742 802/1571/1742
f 833/1572/1743 823/1570/1743 789/1568/1743
f 833/1572/1744 789/1568/1744 802/1571/1744
f 2152/73/1745 2134/72/1745 2158/1573/1745
f 792/1566/1746 793/1563/1746 795/1574/1746
f 795/1574/1747 793/1563/1747 800/1575/1747
f 793/1563/1748 801/1567/1748 800/1575/1748
f 799/1576/1749 788/1565/1749 792/1566/1749
f 797/1577/1750 792/1566/1750 796/1578/1750
f 796/1578/1751 792/1566/1751 795/1574/1751
f 800/1575/1752 801/1567/1752 841/1579/1752
f 1347/81/1753 1346/80/1753 1351/1580/1753
f 1342/1581/1754 1343/1582/1754 1344/1583/1754
f 802/1571/1755 788/1565/1755 799/1576/1755
f 799/1576/1756 792/1566/1756 797/1577/1756
f 1344/1583/1757 1343/1582/1757 1345/1584/1757
f 1284/1585/1758 1287/1586/1758 1286/1587/1758
f 1284/1585/1759 1286/1587/1759 1285/1588/1759
f 800/1575/1760 841/1579/1760 829/1589/1760
f 571/93/1761 573/95/1761 572/132/1761
f 2134/72/1762 2145/86/1762 2158/1573/1762
f 421/97/1763 422/96/1763 419/140/1763
f 1053/127/1764 1087/138/1764 1077/200/1764
f 629/137/1765 656/139/1765 683/1590/1765
f 1283/1591/1766 1284/1585/1766 1285/1588/1766
f 814/1592/1767 797/1577/1767 796/1578/1767
f 814/1592/1768 796/1578/1768 798/1593/1768
f 796/1578/1769 795/1574/1769 798/1593/1769
f 798/1593/1770 795/1574/1770 800/1575/1770
f 798/1593/1771 800/1575/1771 809/1594/1771
f 809/1594/1772 800/1575/1772 829/1589/1772
f 835/1595/1773 814/1592/1773 817/1596/1773
f 1283/1591/1774 1285/1588/1774 1288/1597/1774
f 817/1596/1775 814/1592/1775 798/1593/1775
f 818/1598/1776 817/1596/1776 798/1593/1776
f 818/1598/1777 798/1593/1777 810/1599/1777
f 1863/205/1778 1864/1600/1778 1865/206/1778
f 810/1599/1779 798/1593/1779 809/1594/1779
f 809/1594/1780 829/1589/1780 838/1601/1780
f 832/1602/1781 810/1599/1781 831/1603/1781
f 1865/206/1782 1864/1600/1782 1866/208/1782
f 810/1599/1783 809/1594/1783 831/1603/1783
f 836/1604/1784 809/1594/1784 838/1601/1784
f 831/1603/1785 809/1594/1785 836/1604/1785
f 839/1605/1786 832/1602/1786 831/1603/1786
f 424/1606/1787 421/97/1787 420/141/1787
f 839/1605/1788 831/1603/1788 836/1604/1788
f 420/141/1789 419/140/1789 418/144/1789
f 1914/211/1790 1972/147/1790 1913/146/1790
f 1057/226/1791 1030/175/1791 1028/176/1791
f 1191/238/1792 1193/1607/1792 1192/1608/1792
f 1911/251/1793 1912/157/1793 2056/218/1793
f 1160/1609/1794 1159/1610/1794 1162/1611/1794
f 1190/239/1795 1191/238/1795 1192/1608/1795
f 1869/247/1796 1868/207/1796 1870/314/1796
f 400/263/1797 399/266/1797 401/326/1797
f 401/326/1798 399/266/1798 398/267/1798
f 398/267/1799 394/271/1799 402/327/1799
f 2052/325/1800 2054/332/1800 2053/269/1800
f 394/271/1801 396/280/1801 403/1612/1801
f 1045/290/1802 1046/289/1802 1073/346/1802
f 1891/300/1803 1881/232/1803 1883/303/1803
f 1161/1613/1804 1159/1610/1804 1158/1614/1804
f 1158/1614/1805 1159/1610/1805 1160/1609/1805
f 1160/1609/1806 1162/1611/1806 1176/1615/1806
f 1160/1609/1807 1176/1615/1807 1174/1616/1807
f 1175/1617/1808 1174/1616/1808 1176/1615/1808
f 1175/1617/1809 1176/1615/1809 1183/1618/1809
f 1125/1619/1810 1124/1620/1810 1117/1621/1810
f 1117/1621/1811 1124/1620/1811 1118/1622/1811
f 402/327/1812 394/271/1812 403/1612/1812
f 403/1612/1813 396/280/1813 395/279/1813
f 2027/376/1814 2089/283/1814 2059/282/1814
f 1039/393/1815 1038/341/1815 1040/342/1815
f 1073/346/1816 1046/289/1816 1080/403/1816
f 1281/1623/1817 1280/1624/1817 1282/1625/1817
f 1172/1626/1818 1158/1614/1818 1160/1609/1818
f 1172/1626/1819 1160/1609/1819 1174/1616/1819
f 1172/1626/1820 1174/1616/1820 1173/1627/1820
f 1173/1627/1821 1174/1616/1821 1175/1617/1821
f 1116/1628/1822 1117/1621/1822 1118/1622/1822
f 1116/1628/1823 1118/1622/1823 1119/1629/1823
f 1941/369/1824 2031/368/1824 1943/374/1824
f 1084/398/1825 1072/343/1825 1081/401/1825
f 1279/1630/1826 1280/1624/1826 1281/1623/1826
f 1163/1631/1827 1161/1613/1827 1158/1614/1827
f 1165/1632/1828 1163/1631/1828 1158/1614/1828
f 1165/1632/1829 1158/1614/1829 1172/1626/1829
f 1165/1632/1830 1172/1626/1830 1173/1627/1830
f 1167/1633/1831 1165/1632/1831 1173/1627/1831
f 1120/1634/1832 1116/1628/1832 1119/1629/1832
f 1121/1635/1833 1120/1634/1833 1119/1629/1833
f 1091/563/1834 1044/450/1834 1090/451/1834
f 1085/395/1835 1100/455/1835 1110/572/1835
f 1896/412/1836 1888/413/1836 1899/467/1836
f 1189/1636/1837 1163/1631/1837 1168/1637/1837
f 1179/1638/1838 1189/1636/1838 1168/1637/1838
f 1168/1637/1839 1163/1631/1839 1164/1639/1839
f 1164/1639/1840 1163/1631/1840 1165/1632/1840
f 1164/1639/1841 1165/1632/1841 1166/1640/1841
f 1166/1640/1842 1165/1632/1842 1167/1633/1842
f 1123/1641/1843 1122/1642/1843 1121/1635/1843
f 1121/1635/1844 1122/1642/1844 1120/1634/1844
f 1996/531/1845 2004/538/1845 1998/1643/1845
f 2004/538/1846 2007/546/1846 2090/1644/1846
f 2090/1644/1847 2007/546/1847 2074/549/1847
f 1094/559/1848 1092/561/1848 1106/667/1848
f 1092/561/1849 1091/563/1849 1106/667/1849
f 1091/563/1850 1090/451/1850 1112/570/1850
f 1106/667/1851 1091/563/1851 1112/570/1851
f 675/568/1852 523/446/1852 671/564/1852
f 1112/570/1853 1111/571/1853 1115/672/1853
f 668/573/1854 508/453/1854 672/569/1854
f 667/673/1855 512/454/1855 668/573/1855
f 1108/679/1856 1089/579/1856 1088/581/1856
f 1904/588/1857 1899/467/1857 1903/589/1857
f 1179/1638/1858 1168/1637/1858 1169/1645/1858
f 1169/1645/1859 1168/1637/1859 1164/1639/1859
f 1187/1646/1860 1179/1638/1860 1169/1645/1860
f 1170/1647/1861 1169/1645/1861 1164/1639/1861
f 1171/1648/1862 1187/1646/1862 1169/1645/1862
f 2159/1649/1863 2162/1650/1863 2160/1651/1863
f 1170/1647/1864 1164/1639/1864 1177/1652/1864
f 1177/1652/1865 1164/1639/1865 1166/1640/1865
f 1182/1653/1866 1177/1652/1866 1166/1640/1866
f 1177/1652/1867 1182/1653/1867 1185/1654/1867
f 1177/1652/1868 1185/1654/1868 1180/1655/1868
f 231/602/1869 227/1656/1869 229/699/1869
f 1961/611/1870 1929/478/1870 1930/479/1870
f 1974/613/1871 1973/612/1871 1938/483/1871
f 1959/485/1872 1958/487/1872 1976/615/1872
f 1975/614/1873 1958/487/1873 1947/489/1873
f 1948/494/1874 1949/495/1874 1978/1657/1874
f 1978/1657/1875 1949/495/1875 1951/501/1875
f 1955/621/1876 1956/622/1876 1983/714/1876
f 1986/626/1877 1991/628/1877 1990/884/1877
f 1990/884/1878 1991/628/1878 1992/629/1878
f 1995/630/1879 1996/531/1879 1997/1658/1879
f 1997/1658/1880 1996/531/1880 1998/1643/1880
f 1998/1643/1881 2004/538/1881 2091/1659/1881
f 2090/1644/1882 2091/1659/1882 2004/538/1882
f 1382/1660/1883 1383/640/1883 1380/642/1883
f 1097/661/1884 1095/558/1884 1104/664/1884
f 941/787/1885 940/782/1885 942/1661/1885
f 941/787/1886 942/1661/1886 943/794/1886
f 2212/792/1887 2210/567/1887 2202/566/1887
f 942/1661/1888 944/668/1888 943/794/1888
f 2213/793/1889 2214/801/1889 2210/567/1889
f 943/794/1890 944/668/1890 945/670/1890
f 1109/675/1891 1098/456/1891 1107/676/1891
f 751/819/1892 744/576/1892 749/677/1892
f 1113/680/1893 1105/678/1893 1089/579/1893
f 352/1662/1894 351/684/1894 350/686/1894
f 342/838/1895 343/685/1895 337/1663/1895
f 339/1664/1896 344/845/1896 340/847/1896
f 344/845/1897 348/850/1897 347/846/1897
f 1898/592/1898 1924/593/1898 1969/858/1898
f 2159/1649/1899 2160/1651/1899 2161/1665/1899
f 1171/1648/1900 1169/1645/1900 1170/1647/1900
f 1177/1652/1901 1171/1648/1901 1170/1647/1901
f 1178/1666/1902 1171/1648/1902 1177/1652/1902
f 1180/1655/1903 1178/1666/1903 1177/1652/1903
f 228/1667/1904 229/699/1904 227/1656/1904
f 227/1656/1905 226/864/1905 225/866/1905
f 213/875/1906 215/879/1906 214/881/1906
f 221/1668/1907 222/1669/1907 218/880/1907
f 236/1670/1908 267/1671/1908 265/1672/1908
f 271/1673/1909 267/1671/1909 272/1674/1909
f 271/1673/1910 272/1674/1910 278/1675/1910
f 1985/715/1911 1984/624/1911 1986/626/1911
f 1990/884/1912 1992/629/1912 1993/1676/1912
f 1993/1676/1913 1992/629/1913 1995/630/1913
f 1390/1677/1914 1391/1678/1914 1389/1679/1914
f 1389/1679/1915 1388/1680/1915 1387/1681/1915
f 1387/1681/1916 1388/1680/1916 1385/1682/1916
f 1387/1681/1917 1385/1682/1917 1386/1683/1917
f 1385/1682/1918 1382/1660/1918 1384/1684/1918
f 1384/1684/1919 1382/1660/1919 1381/1685/1919
f 1381/1685/1920 1382/1660/1920 1380/642/1920
f 1380/642/1921 1397/641/1921 1398/1686/1921
f 2247/639/1922 2251/638/1922 2245/1090/1922
f 2247/639/1923 2245/1090/1923 2246/643/1923
f 581/735/1924 590/740/1924 507/1/1924
f 626/923/1925 602/752/1925 608/743/1925
f 412/1687/1926 410/767/1926 411/770/1926
f 1017/955/1927 1018/774/1927 1016/773/1927
f 939/786/1928 941/787/1928 947/967/1928
f 941/787/1929 948/790/1929 947/967/1929
f 943/794/1930 983/791/1930 941/787/1930
f 919/974/1931 917/797/1931 918/799/1931
f 971/802/1932 967/808/1932 972/999/1932
f 756/811/1933 667/673/1933 757/1688/1933
f 972/999/1934 967/808/1934 969/1022/1934
f 753/820/1935 749/677/1935 754/815/1935
f 965/823/1936 973/827/1936 974/1038/1936
f 342/838/1937 337/1663/1937 338/1061/1937
f 338/1061/1938 337/1663/1938 336/1689/1938
f 336/1689/1939 337/1663/1939 334/1690/1939
f 336/1689/1940 334/1690/1940 333/1691/1940
f 333/1691/1941 334/1690/1941 335/1692/1941
f 335/1692/1942 334/1690/1942 339/1664/1942
f 335/1692/1943 339/1664/1943 340/847/1943
f 335/1692/1944 340/847/1944 345/1693/1944
f 345/1693/1945 340/847/1945 353/849/1945
f 345/1693/1946 353/849/1946 358/1066/1946
f 357/1065/1947 353/849/1947 355/852/1947
f 1982/1694/1948 1981/857/1948 1967/856/1948
f 264/1068/1949 259/861/1949 240/860/1949
f 1184/1695/1950 1186/1696/1950 1171/1648/1950
f 240/860/1951 254/859/1951 253/1697/1951
f 1184/1695/1952 1171/1648/1952 1178/1666/1952
f 240/860/1953 253/1697/1953 238/1698/1953
f 269/1699/1954 238/1698/1954 253/1697/1954
f 238/1698/1955 269/1699/1955 235/862/1955
f 1181/1700/1956 1184/1695/1956 1178/1666/1956
f 1181/1700/1957 1178/1666/1957 1180/1655/1957
f 269/1699/1958 270/863/1958 235/862/1958
f 1181/1700/1959 1180/1655/1959 1188/1701/1959
f 235/862/1960 233/603/1960 230/1702/1960
f 230/1702/1961 233/603/1961 229/699/1961
f 230/1702/1962 229/699/1962 228/1667/1962
f 225/866/1963 228/1667/1963 227/1656/1963
f 220/867/1964 224/865/1964 219/1703/1964
f 220/867/1965 219/1703/1965 216/871/1965
f 216/871/1966 219/1703/1966 217/869/1966
f 216/871/1967 208/870/1967 210/873/1967
f 210/873/1968 209/872/1968 211/874/1968
f 210/873/1969 211/874/1969 212/876/1969
f 212/876/1970 213/875/1970 214/881/1970
f 218/880/1971 215/879/1971 221/1668/1971
f 223/1120/1972 218/880/1972 222/1669/1972
f 223/1120/1973 222/1669/1973 232/1704/1973
f 232/1704/1974 222/1669/1974 236/1670/1974
f 232/1704/1975 236/1670/1975 265/1672/1975
f 265/1672/1976 267/1671/1976 271/1673/1976
f 271/1673/1977 278/1675/1977 279/1705/1977
f 1988/883/1978 1985/715/1978 1989/885/1978
f 1985/715/1979 1986/626/1979 1989/885/1979
f 1989/885/1980 1990/884/1980 1994/1706/1980
f 1994/1706/1981 1990/884/1981 1993/1676/1981
f 1395/1707/1982 1393/1708/1982 1394/1709/1982
f 1394/1709/1983 1393/1708/1983 1392/1710/1983
f 1392/1710/1984 1393/1708/1984 1391/1678/1984
f 1392/1710/1985 1391/1678/1985 1390/1677/1985
f 1390/1677/1986 1389/1679/1986 1387/1681/1986
f 1386/1683/1987 1385/1682/1987 1384/1684/1987
f 1381/1685/1988 1380/642/1988 1378/1711/1988
f 1378/1711/1989 1380/642/1989 1371/1712/1989
f 2252/1713/1990 2244/1088/1990 2251/638/1990
f 2253/722/1991 2252/1713/1991 2251/638/1991
f 425/1714/1992 429/1715/1992 426/1716/1992
f 2251/638/1993 2244/1088/1993 2245/1090/1993
f 1380/642/1994 1398/1686/1994 1371/1712/1994
f 429/1715/1995 433/1717/1995 426/1716/1995
f 1371/1712/1996 1398/1686/1996 1372/1718/1996
f 426/1716/1997 433/1717/1997 428/1719/1997
f 504/909/1998 505/3/1998 506/2/1998
f 501/911/1999 500/729/1999 503/916/1999
f 1765/1720/2000 1858/1721/2000 1679/1722/2000
f 2168/931/2001 2169/932/2001 2170/1723/2001
f 648/928/2002 627/755/2002 676/1724/2002
f 679/1725/2003 643/738/2003 678/750/2003
f 415/936/2004 404/765/2004 407/940/2004
f 415/936/2005 407/940/2005 406/939/2005
f 414/942/2006 405/764/2006 413/944/2006
f 1021/946/2007 1022/945/2007 1020/950/2007
f 1019/949/2008 1018/774/2008 1017/955/2008
f 1014/958/2009 1006/775/2009 1008/1726/2009
f 1006/775/2010 1007/777/2010 1008/1726/2010
f 1008/1726/2011 1007/777/2011 1009/1727/2011
f 1009/1727/2012 1007/777/2012 1010/778/2012
f 1011/963/2013 1012/779/2013 1013/1728/2013
f 935/1729/2014 936/784/2014 937/783/2014
f 935/1729/2015 937/783/2015 938/1730/2015
f 938/1730/2016 937/783/2016 939/786/2016
f 938/1730/2017 939/786/2017 952/968/2017
f 952/968/2018 947/967/2018 949/969/2018
f 949/969/2019 948/790/2019 950/1731/2019
f 1300/1732/2020 1301/1733/2020 1302/1734/2020
f 950/1731/2021 948/790/2021 951/980/2021
f 1825/1735/2022 1813/1736/2022 1776/1737/2022
f 1426/1738/2023 1464/1739/2023 1431/1740/2023
f 1428/1741/2024 1429/1017/2024 1430/1016/2024
f 957/1013/2025 955/1012/2025 954/1025/2025
f 1005/1742/2026 975/1035/2026 990/1039/2026
f 341/1743/2027 346/1062/2027 338/1061/2027
f 341/1743/2028 338/1061/2028 336/1689/2028
f 371/1744/2029 386/1745/2029 387/1746/2029
f 375/1747/2030 382/1748/2030 376/1749/2030
f 359/1750/2031 357/1065/2031 355/852/2031
f 359/1750/2032 355/852/2032 360/1751/2032
f 264/1068/2033 240/860/2033 245/1071/2033
f 240/860/2034 238/1698/2034 239/1752/2034
f 241/1072/2035 240/860/2035 239/1752/2035
f 239/1752/2036 238/1698/2036 237/1113/2036
f 237/1113/2037 238/1698/2037 235/862/2037
f 237/1113/2038 235/862/2038 230/1702/2038
f 244/1169/2039 230/1702/2039 228/1667/2039
f 1396/1753/2040 1395/1707/2040 1394/1709/2040
f 425/1714/2041 426/1716/2041 427/1754/2041
f 427/1754/2042 426/1716/2042 428/1719/2042
f 1371/1712/2043 1372/1718/2043 1373/1755/2043
f 1695/1756/2044 1723/1757/2044 1691/1758/2044
f 1691/1758/2045 1723/1757/2045 1696/1759/2045
f 1720/1760/2046 1752/1761/2046 1657/1762/2046
f 1748/1763/2047 1695/1756/2047 1698/1764/2047
f 1691/1758/2048 1696/1759/2048 1520/1765/2048
f 1668/1766/2049 1729/1767/2049 1720/1760/2049
f 1668/1766/2050 1720/1760/2050 1657/1762/2050
f 1657/1762/2051 1752/1761/2051 1672/1768/2051
f 1694/1769/2052 1695/1756/2052 1691/1758/2052
f 1668/1766/2053 1657/1762/2053 1656/1770/2053
f 1698/1764/2054 1695/1756/2054 1694/1769/2054
f 1657/1762/2055 1672/1768/2055 1659/1771/2055
f 1659/1771/2056 1672/1768/2056 1660/1772/2056
f 1326/913/2057 1328/910/2057 1329/901/2057
f 1728/1773/2058 1729/1767/2058 1668/1766/2058
f 1759/1774/2059 1698/1764/2059 1700/1775/2059
f 1691/1758/2060 1520/1765/2060 1689/1776/2060
f 682/900/2061 601/899/2061 625/915/2061
f 1679/1722/2062 1728/1773/2062 1668/1766/2062
f 1679/1722/2063 1668/1766/2063 1667/1777/2063
f 1658/1778/2064 1659/1771/2064 1660/1772/2064
f 1520/1765/2065 1517/917/2065 1519/919/2065
f 1679/1722/2066 1858/1721/2066 1728/1773/2066
f 1658/1778/2067 1660/1772/2067 1758/1779/2067
f 1759/1774/2068 1700/1775/2068 1705/1780/2068
f 1655/1781/2069 1658/1778/2069 1767/1782/2069
f 1658/1778/2070 1758/1779/2070 1767/1782/2070
f 1759/1774/2071 1705/1780/2071 1764/1783/2071
f 1519/919/2072 1518/918/2072 1692/1784/2072
f 2170/1723/2073 2169/932/2073 2171/1785/2073
f 1703/1786/2074 1765/1720/2074 1679/1722/2074
f 1518/918/2075 1702/1787/2075 1692/1784/2075
f 1655/1781/2076 1767/1782/2076 1857/1788/2076
f 1492/1789/2077 1764/1783/2077 1705/1780/2077
f 1692/1784/2078 1702/1787/2078 1697/1790/2078
f 2166/929/2079 2168/931/2079 2170/1723/2079
f 1704/1791/2080 1703/1786/2080 1664/1792/2080
f 1674/1793/2081 1655/1781/2081 1857/1788/2081
f 1492/1789/2082 1705/1780/2082 1490/1095/2082
f 1860/1794/2083 1673/1795/2083 1674/1793/2083
f 1492/1789/2084 1490/1095/2084 1491/1796/2084
f 1491/1796/2085 1490/1095/2085 1489/1094/2085
f 1726/1098/2086 1673/1795/2086 1854/1797/2086
f 1489/1094/2087 1479/1096/2087 1488/1798/2087
f 1487/951/2088 1488/1798/2088 1479/1096/2088
f 1487/951/2089 1479/1096/2089 1466/952/2089
f 1021/946/2090 1020/950/2090 1019/949/2090
f 1015/954/2091 1014/958/2091 1017/955/2091
f 1465/956/2092 1466/952/2092 1467/961/2092
f 1468/960/2093 1465/956/2093 1467/961/2093
f 1011/963/2094 1009/1727/2094 1010/778/2094
f 1845/1799/2095 1833/1800/2095 1832/1801/2095
f 1832/1801/2096 1833/1800/2096 1831/1802/2096
f 1801/1803/2097 1832/1801/2097 1831/1802/2097
f 1801/1803/2098 1831/1802/2098 1791/1804/2098
f 1302/1734/2099 1301/1733/2099 1316/1805/2099
f 1806/1806/2100 1801/1803/2100 1800/1807/2100
f 1456/1808/2101 1460/1809/2101 1461/1810/2101
f 1455/1811/2102 1460/1809/2102 1456/1808/2102
f 1303/1812/2103 1300/1732/2103 1302/1734/2103
f 1806/1806/2104 1800/1807/2104 1805/1813/2104
f 1455/1811/2105 1456/1808/2105 1454/1814/2105
f 1791/1804/2106 1856/1815/2106 1821/1816/2106
f 1774/1817/2107 1791/1804/2107 1821/1816/2107
f 1300/1732/2108 1303/1812/2108 1304/986/2108
f 1305/985/2109 1300/1732/2109 1304/986/2109
f 1774/1817/2110 1821/1816/2110 1822/1818/2110
f 1307/1819/2111 1306/987/2111 1304/986/2111
f 1308/992/2112 1306/987/2112 1307/1819/2112
f 1774/1817/2113 1822/1818/2113 1823/1820/2113
f 1309/993/2114 1308/992/2114 1307/1819/2114
f 1774/1817/2115 1823/1820/2115 1775/1821/2115
f 1775/1821/2116 1823/1820/2116 1824/1822/2116
f 1310/1823/2117 1309/993/2117 1307/1819/2117
f 1447/1106/2118 1448/1824/2118 1446/1107/2118
f 1775/1821/2119 1824/1822/2119 1825/1735/2119
f 1775/1821/2120 1825/1735/2120 1776/1737/2120
f 1311/1825/2121 1317/994/2121 1309/993/2121
f 1773/1826/2122 1775/1821/2122 1776/1737/2122
f 1310/1823/2123 1311/1825/2123 1309/993/2123
f 1312/1827/2124 1311/1825/2124 1310/1823/2124
f 1778/1828/2125 1776/1737/2125 1813/1736/2125
f 1428/1741/2126 1431/1740/2126 1429/1017/2126
f 1773/1826/2127 1776/1737/2127 1778/1828/2127
f 1427/1829/2128 1426/1738/2128 1431/1740/2128
f 1427/1829/2129 1431/1740/2129 1428/1741/2129
f 1428/1741/2130 1430/1016/2130 1433/1830/2130
f 1313/1831/2131 1315/1832/2131 1312/1827/2131
f 1313/1831/2132 1312/1827/2132 1310/1823/2132
f 1778/1828/2133 1813/1736/2133 1812/1833/2133
f 1425/1834/2134 1426/1738/2134 1427/1829/2134
f 1313/1831/2135 1310/1823/2135 1314/1835/2135
f 1440/1108/2136 1441/1836/2136 1439/1837/2136
f 1778/1828/2137 1812/1833/2137 1782/1838/2137
f 1782/1838/2138 1812/1833/2138 1814/1839/2138
f 1427/1829/2139 1428/1741/2139 1433/1830/2139
f 1435/1840/2140 1433/1830/2140 1439/1837/2140
f 1439/1837/2141 1433/1830/2141 1440/1108/2141
f 1781/1841/2142 1778/1828/2142 1782/1838/2142
f 1814/1839/2143 1815/1842/2143 1782/1838/2143
f 1425/1834/2144 1427/1829/2144 1457/1843/2144
f 1457/1843/2145 1427/1829/2145 1437/1844/2145
f 1434/1845/2146 1433/1830/2146 1435/1840/2146
f 1434/1845/2146 1427/1829/2146 1433/1830/2146
f 1782/1838/2147 1815/1842/2147 1787/1846/2147
f 1815/1842/2148 1816/1847/2148 1787/1846/2148
f 1787/1846/2149 1816/1847/2149 1826/1848/2149
f 1434/1845/2150 1435/1840/2150 1443/1849/2150
f 1443/1849/2151 1435/1840/2151 1512/1152/2151
f 1787/1846/2152 1826/1848/2152 1808/1850/2152
f 1463/1851/2153 1457/1843/2153 1437/1844/2153
f 1436/1852/2154 1427/1829/2154 1434/1845/2154
f 1786/1853/2155 1782/1838/2155 1787/1846/2155
f 1787/1846/2156 1808/1850/2156 1788/1854/2156
f 1437/1844/2157 1427/1829/2157 1436/1852/2157
f 1786/1853/2158 1787/1846/2158 1788/1854/2158
f 1463/1851/2159 1437/1844/2159 1458/1855/2159
f 1789/1856/2160 1786/1853/2160 1788/1854/2160
f 1434/1845/2161 1443/1849/2161 1442/1151/2161
f 1789/1856/2162 1788/1854/2162 1804/1857/2162
f 1804/1857/2163 1788/1854/2163 1810/1858/2163
f 1436/1852/2164 1434/1845/2164 1442/1151/2164
f 1458/1855/2165 1437/1844/2165 1438/1859/2165
f 1438/1859/2166 1437/1844/2166 1436/1852/2166
f 1458/1855/2167 1438/1859/2167 1459/1860/2167
f 1436/1852/2168 1442/1151/2168 1514/1861/2168
f 1803/1862/2169 1789/1856/2169 1804/1857/2169
f 1790/1863/2170 1789/1856/2170 1803/1862/2170
f 1803/1862/2171 1804/1857/2171 1859/1864/2171
f 1438/1859/2172 1436/1852/2172 1444/1865/2172
f 1459/1860/2173 1438/1859/2173 1445/1866/2173
f 1445/1866/2174 1438/1859/2174 1444/1865/2174
f 1797/1867/2175 1790/1863/2175 1803/1862/2175
f 1462/1868/2176 1459/1860/2176 1445/1866/2176
f 1797/1867/2177 1803/1862/2177 1820/1869/2177
f 1819/1870/2178 1797/1867/2178 1820/1869/2178
f 8/1059/2179 27/1057/2179 20/1056/2179
f 1817/1871/2180 1797/1867/2180 1819/1870/2180
f 1807/1872/2181 1797/1867/2181 1817/1871/2181
f 1807/1872/2182 1817/1871/2182 1830/1873/2182
f 1807/1872/2183 1830/1873/2183 1829/1874/2183
f 1851/1875/2184 1827/1876/2184 1828/1877/2184
f 1828/1877/2185 1827/1876/2185 1807/1872/2185
f 1828/1877/2186 1807/1872/2186 1829/1874/2186
f 389/1878/2187 388/1879/2187 385/1880/2187
f 385/1880/2188 388/1879/2188 384/1881/2188
f 384/1881/2189 386/1745/2189 381/1882/2189
f 386/1745/2190 371/1744/2190 381/1882/2190
f 381/1882/2191 371/1744/2191 369/1883/2191
f 2196/1884/2192 2197/1885/2192 2198/1886/2192
f 345/1693/2193 358/1066/2193 361/1887/2193
f 370/1888/2194 382/1748/2194 367/1889/2194
f 382/1748/2195 375/1747/2195 367/1889/2195
f 368/1890/2196 375/1747/2196 376/1749/2196
f 367/1889/2197 375/1747/2197 368/1890/2197
f 365/1891/2198 364/1892/2198 377/1893/2198
f 378/1894/2199 365/1891/2199 377/1893/2199
f 364/1892/2200 368/1890/2200 377/1893/2200
f 246/1112/2201 245/1071/2201 241/1072/2201
f 241/1072/2202 239/1752/2202 248/1895/2202
f 239/1752/2203 237/1113/2203 242/1115/2203
f 243/1114/2204 237/1113/2204 230/1702/2204
f 243/1114/2205 230/1702/2205 244/1169/2205
f 244/1169/2206 228/1667/2206 251/1170/2206
f 255/1896/2207 228/1667/2207 225/866/2207
f 252/1897/2208 225/866/2208 220/867/2208
f 257/1898/2209 220/867/2209 216/871/2209
f 258/1899/2210 216/871/2210 210/873/2210
f 210/873/2211 212/876/2211 262/1900/2211
f 262/1900/2212 212/876/2212 261/1901/2212
f 261/1901/2213 212/876/2213 214/881/2213
f 261/1901/2214 214/881/2214 260/1902/2214
f 214/881/2215 218/880/2215 249/1121/2215
f 250/1903/2216 232/1704/2216 265/1672/2216
f 266/1904/2217 265/1672/2217 271/1673/2217
f 266/1904/2218 271/1673/2218 273/1905/2218
f 273/1905/2219 271/1673/2219 276/1906/2219
f 271/1673/2220 279/1705/2220 276/1906/2220
f 102/1907/2221 103/1908/2221 80/1909/2221
f 80/1909/2222 75/1910/2222 79/1911/2222
f 78/1912/2223 75/1910/2223 77/1913/2223
f 76/1914/2224 82/1915/2224 81/1916/2224
f 81/1916/2225 82/1915/2225 83/1917/2225
f 82/1915/2226 84/1918/2226 83/1917/2226
f 83/1917/2227 84/1918/2227 86/1919/2227
f 84/1918/2228 91/1920/2228 86/1919/2228
f 90/1921/2229 94/1922/2229 92/1923/2229
f 89/1924/2230 90/1921/2230 92/1923/2230
f 92/1923/2231 94/1922/2231 95/1925/2231
f 95/1925/2232 101/1926/2232 100/1927/2232
f 1375/1928/2233 1378/1711/2233 1371/1712/2233
f 1375/1928/2234 1371/1712/2234 1374/1929/2234
f 434/1930/2235 425/1714/2235 427/1754/2235
f 1374/1929/2236 1371/1712/2236 1373/1755/2236
f 427/1754/2237 428/1719/2237 430/1931/2237
f 2249/1093/2238 2243/1089/2238 2250/1932/2238
f 1422/1933/2239 1421/1196/2239 1423/1934/2239
f 1690/1935/2240 1694/1769/2240 1691/1758/2240
f 1667/1777/2241 1668/1766/2241 1656/1770/2241
f 1656/1770/2242 1657/1762/2242 1654/1936/2242
f 1657/1762/2243 1659/1771/2243 1654/1936/2243
f 1654/1936/2244 1659/1771/2244 1658/1778/2244
f 1700/1775/2245 1698/1764/2245 1694/1769/2245
f 1690/1935/2246 1691/1758/2246 1689/1776/2246
f 1693/1937/2247 1694/1769/2247 1690/1935/2247
f 1667/1777/2248 1656/1770/2248 1653/1938/2248
f 1700/1775/2249 1694/1769/2249 1693/1937/2249
f 1705/1780/2250 1700/1775/2250 1693/1937/2250
f 1689/1776/2251 1520/1765/2251 1519/919/2251
f 1653/1938/2252 1656/1770/2252 1654/1936/2252
f 1679/1722/2253 1667/1777/2253 1666/1939/2253
f 1654/1936/2254 1658/1778/2254 1655/1781/2254
f 1689/1776/2255 1519/919/2255 1687/1940/2255
f 1652/1941/2256 1653/1938/2256 1654/1936/2256
f 1652/1941/2257 1654/1936/2257 1655/1781/2257
f 1705/1780/2258 1693/1937/2258 1699/1942/2258
f 1690/1935/2259 1689/1776/2259 1688/1943/2259
f 1664/1792/2260 1703/1786/2260 1679/1722/2260
f 1664/1792/2261 1679/1722/2261 1666/1939/2261
f 1650/1944/2262 1667/1777/2262 1653/1938/2262
f 1650/1944/2263 1653/1938/2263 1652/1941/2263
f 1693/1937/2264 1690/1935/2264 1688/1943/2264
f 1689/1776/2265 1687/1940/2265 1688/1943/2265
f 1687/1940/2266 1519/919/2266 1692/1784/2266
f 1666/1939/2267 1667/1777/2267 1650/1944/2267
f 1652/1941/2268 1655/1781/2268 1674/1793/2268
f 1490/1095/2269 1705/1780/2269 1699/1942/2269
f 1699/1942/2270 1693/1937/2270 1480/1945/2270
f 1480/1945/2271 1693/1937/2271 1688/1943/2271
f 1663/1946/2272 1704/1791/2272 1664/1792/2272
f 1652/1941/2273 1674/1793/2273 1673/1795/2273
f 1490/1095/2274 1699/1942/2274 1480/1945/2274
f 1687/1940/2275 1692/1784/2275 1678/1947/2275
f 1678/1947/2276 1692/1784/2276 1697/1790/2276
f 1678/1947/2277 1697/1790/2277 1704/1791/2277
f 1651/1948/2278 1650/1944/2278 1652/1941/2278
f 1651/1948/2279 1652/1941/2279 1673/1795/2279
f 1678/1947/2280 1704/1791/2280 1663/1946/2280
f 1480/1945/2281 1688/1943/2281 1686/1949/2281
f 1688/1943/2282 1687/1940/2282 1686/1949/2282
f 1678/1947/2283 1663/1946/2283 1662/1950/2283
f 1664/1792/2284 1666/1939/2284 1647/1951/2284
f 1663/1946/2285 1664/1792/2285 1647/1951/2285
f 1647/1951/2286 1666/1939/2286 1650/1944/2286
f 1479/1096/2287 1490/1095/2287 1480/1945/2287
f 1479/1096/2288 1480/1945/2288 1478/1952/2288
f 1686/1949/2289 1687/1940/2289 1678/1947/2289
f 1661/1953/2290 1651/1948/2290 1726/1098/2290
f 1651/1948/2291 1673/1795/2291 1726/1098/2291
f 1478/1952/2292 1480/1945/2292 1685/1954/2292
f 1480/1945/2293 1686/1949/2293 1685/1954/2293
f 1647/1951/2294 1650/1944/2294 1648/1955/2294
f 1648/1955/2295 1650/1944/2295 1651/1948/2295
f 1648/1955/2296 1651/1948/2296 1661/1953/2296
f 1661/1953/2297 1726/1098/2297 1753/1097/2297
f 1479/1096/2298 1478/1952/2298 1474/1956/2298
f 1478/1952/2299 1685/1954/2299 1476/1957/2299
f 1466/952/2300 1479/1096/2300 1474/1956/2300
f 1649/1958/2301 1648/1955/2301 1661/1953/2301
f 1474/1956/2302 1478/1952/2302 1476/1957/2302
f 1661/1953/2303 1753/1097/2303 1754/1959/2303
f 1649/1958/2304 1661/1953/2304 1745/1960/2304
f 1745/1960/2305 1661/1953/2305 1754/1959/2305
f 1474/1956/2306 1476/1957/2306 1475/1137/2306
f 1645/1961/2307 1649/1958/2307 1745/1960/2307
f 1466/952/2308 1474/1956/2308 1470/1962/2308
f 1730/1963/2309 1645/1961/2309 1745/1960/2309
f 1467/961/2310 1466/952/2310 1470/1962/2310
f 1470/1962/2311 1474/1956/2311 1475/1137/2311
f 1730/1963/2312 1745/1960/2312 1849/1964/2312
f 1849/1964/2313 1848/1965/2313 1730/1963/2313
f 1467/961/2314 1470/1962/2314 1471/1100/2314
f 1730/1963/2315 1848/1965/2315 1846/1966/2315
f 1471/1100/2316 1470/1962/2316 1472/1102/2316
f 1470/1962/2317 1475/1137/2317 1472/1102/2317
f 1683/1967/2318 1730/1963/2318 1846/1966/2318
f 1683/1967/2319 1846/1966/2319 1850/1968/2319
f 1747/1969/2320 1683/1967/2320 1850/1968/2320
f 1473/1101/2321 1472/1102/2321 1485/1103/2321
f 1747/1969/2322 1850/1968/2322 1845/1799/2322
f 1832/1801/2323 1747/1969/2323 1845/1799/2323
f 1832/1801/2324 1806/1806/2324 1847/1970/2324
f 2201/788/2325 2200/966/2325 2203/1105/2325
f 1806/1806/2326 1832/1801/2326 1801/1803/2326
f 1800/1807/2327 1801/1803/2327 1791/1804/2327
f 2207/1141/2328 2204/972/2328 2203/1105/2328
f 1847/1970/2329 1806/1806/2329 1805/1813/2329
f 2208/1142/2330 2207/1141/2330 2203/1105/2330
f 1800/1807/2331 1791/1804/2331 1783/1971/2331
f 1783/1971/2332 1791/1804/2332 1774/1817/2332
f 1453/1972/2333 1455/1811/2333 1454/1814/2333
f 1805/1813/2334 1800/1807/2334 1783/1971/2334
f 1453/1972/2335 1454/1814/2335 1452/1973/2335
f 1847/1970/2336 1805/1813/2336 1809/1974/2336
f 1780/1975/2337 1805/1813/2337 1783/1971/2337
f 1451/1976/2338 1453/1972/2338 1452/1973/2338
f 2227/1977/2339 2228/1978/2339 2229/1979/2339
f 1809/1974/2340 1805/1813/2340 1780/1975/2340
f 1780/1975/2341 1783/1971/2341 1774/1817/2341
f 1448/1824/2342 1451/1976/2342 1450/1980/2342
f 1450/1980/2343 1451/1976/2343 1452/1973/2343
f 2230/1981/2344 2227/1977/2344 2229/1979/2344
f 2231/1149/2345 2230/1981/2345 2229/1979/2345
f 1448/1824/2346 1450/1980/2346 1449/1982/2346
f 2232/1148/2347 2230/1981/2347 2231/1149/2347
f 1809/1974/2348 1780/1975/2348 1779/1983/2348
f 1779/1983/2349 1780/1975/2349 1774/1817/2349
f 1446/1107/2350 1448/1824/2350 1449/1982/2350
f 1773/1826/2351 1774/1817/2351 1775/1821/2351
f 1772/1984/2352 1779/1983/2352 1774/1817/2352
f 1446/1107/2353 1449/1982/2353 1505/1147/2353
f 1772/1984/2354 1774/1817/2354 1773/1826/2354
f 1839/1985/2355 1779/1983/2355 1818/1986/2355
f 1818/1986/2356 1779/1983/2356 1772/1984/2356
f 1441/1836/2357 1440/1108/2357 1446/1107/2357
f 1441/1836/2358 1446/1107/2358 1505/1147/2358
f 1441/1836/2359 1505/1147/2359 1506/1987/2359
f 1772/1984/2360 1773/1826/2360 1771/1988/2360
f 1777/1989/2361 1773/1826/2361 1778/1828/2361
f 1439/1837/2362 1441/1836/2362 1506/1987/2362
f 1771/1988/2363 1773/1826/2363 1777/1989/2363
f 1439/1837/2364 1506/1987/2364 1508/1199/2364
f 1769/1990/2365 1772/1984/2365 1771/1988/2365
f 1777/1989/2366 1778/1828/2366 1781/1841/2366
f 1435/1840/2367 1439/1837/2367 1508/1199/2367
f 1769/1990/2368 1771/1988/2368 1770/1991/2368
f 1512/1152/2369 1435/1840/2369 1508/1199/2369
f 1770/1991/2370 1771/1988/2370 1777/1989/2370
f 1784/1992/2371 1777/1989/2371 1781/1841/2371
f 1770/1991/2372 1777/1989/2372 1784/1992/2372
f 1781/1841/2373 1782/1838/2373 1786/1853/2373
f 1781/1841/2374 1786/1853/2374 1785/1993/2374
f 1799/1994/2375 1770/1991/2375 1784/1992/2375
f 1784/1992/2376 1781/1841/2376 1785/1993/2376
f 1785/1993/2377 1786/1853/2377 1789/1856/2377
f 1442/1151/2378 1443/1849/2378 1512/1152/2378
f 1785/1993/2379 1789/1856/2379 1790/1863/2379
f 1799/1994/2380 1784/1992/2380 1798/1995/2380
f 1442/1151/2381 1513/1153/2381 1514/1861/2381
f 1811/1996/2382 1799/1994/2382 1798/1995/2382
f 1784/1992/2383 1785/1993/2383 1792/1997/2383
f 1792/1997/2384 1785/1993/2384 1790/1863/2384
f 1436/1852/2385 1514/1861/2385 1515/1998/2385
f 43/1999/2386 44/2000/2386 42/2001/2386
f 1798/1995/2387 1784/1992/2387 1794/2002/2387
f 1794/2002/2388 1784/1992/2388 1793/2003/2388
f 1793/2003/2389 1784/1992/2389 1792/1997/2389
f 1792/1997/2390 1790/1863/2390 1797/1867/2390
f 20/1056/2391 43/1999/2391 42/2001/2391
f 1795/2004/2392 1792/1997/2392 1797/1867/2392
f 20/1056/2393 42/2001/2393 33/1154/2393
f 1798/1995/2394 1794/2002/2394 1611/2005/2394
f 1611/2005/2395 1794/2002/2395 1802/2006/2395
f 1802/2006/2396 1794/2002/2396 1793/2003/2396
f 1793/2003/2397 1792/1997/2397 1795/2004/2397
f 1796/2007/2398 1793/2003/2398 1795/2004/2398
f 1802/2006/2399 1793/2003/2399 1796/2007/2399
f 1795/2004/2400 1797/1867/2400 1807/1872/2400
f 1796/2007/2401 1795/2004/2401 1807/1872/2401
f 1827/1876/2402 1796/2007/2402 1807/1872/2402
f 1796/2007/2403 1827/1876/2403 1841/2008/2403
f 1841/2008/2404 1827/1876/2404 1851/1875/2404
f 1841/2008/2405 1851/1875/2405 1855/2009/2405
f 385/1880/2406 384/1881/2406 383/2010/2406
f 384/1881/2407 381/1882/2407 383/2010/2407
f 383/2010/2408 381/1882/2408 369/1883/2408
f 369/1883/2409 371/1744/2409 370/1888/2409
f 369/1883/2410 370/1888/2410 366/2011/2410
f 369/1883/2411 363/2012/2411 373/1157/2411
f 363/2012/2412 369/1883/2412 366/2011/2412
f 366/2011/2413 370/1888/2413 367/1889/2413
f 363/2012/2414 366/2011/2414 364/1892/2414
f 364/1892/2415 366/2011/2415 367/1889/2415
f 373/1157/2416 363/2012/2416 362/1158/2416
f 362/1158/2417 363/2012/2417 364/1892/2417
f 364/1892/2418 367/1889/2418 368/1890/2418
f 1/1064/2419 2/1111/2419 3/1159/2419
f 4/700/2420 1/1064/2420 3/1159/2420
f 372/1156/2421 362/1158/2421 365/1891/2421
f 365/1891/2422 362/1158/2422 364/1892/2422
f 374/2013/2423 372/1156/2423 365/1891/2423
f 374/2013/2424 365/1891/2424 378/1894/2424
f 379/2014/2425 374/2013/2425 378/1894/2425
f 374/2013/2426 379/2014/2426 380/2015/2426
f 247/2016/2427 246/1112/2427 241/1072/2427
f 247/2016/2428 241/1072/2428 248/1895/2428
f 251/1170/2429 228/1667/2429 255/1896/2429
f 255/1896/2430 225/866/2430 256/2017/2430
f 256/2017/2431 225/866/2431 252/1897/2431
f 252/1897/2432 220/867/2432 257/1898/2432
f 257/1898/2433 216/871/2433 258/1899/2433
f 263/2018/2434 258/1899/2434 210/873/2434
f 262/1900/2435 263/2018/2435 210/873/2435
f 275/2019/2436 262/1900/2436 261/1901/2436
f 260/1902/2437 214/881/2437 249/1121/2437
f 249/1121/2438 223/1120/2438 250/1903/2438
f 223/1120/2439 232/1704/2439 250/1903/2439
f 250/1903/2440 265/1672/2440 266/1904/2440
f 481/2020/2441 477/1179/2441 480/2021/2441
f 120/2022/2442 103/1908/2442 117/2023/2442
f 476/1181/2443 480/2021/2443 477/1179/2443
f 117/2023/2444 103/1908/2444 102/1907/2444
f 79/1911/2445 102/1907/2445 80/1909/2445
f 97/2024/2446 79/1911/2446 78/1912/2446
f 78/1912/2447 79/1911/2447 75/1910/2447
f 472/1185/2448 473/1216/2448 471/1182/2448
f 74/2025/2449 77/1913/2449 75/1910/2449
f 74/2025/2450 75/1910/2450 76/1914/2450
f 74/2025/2451 76/1914/2451 81/1916/2451
f 459/1187/2452 460/1186/2452 455/1079/2452
f 455/1079/2453 460/1186/2453 458/1217/2453
f 455/1079/2454 458/1217/2454 456/1080/2454
f 457/1081/2455 456/1080/2455 461/1188/2455
f 457/1081/2456 461/1188/2456 462/1190/2456
f 86/1919/2457 91/1920/2457 90/1921/2457
f 86/1919/2458 90/1921/2458 89/1924/2458
f 462/1190/2459 463/1189/2459 464/2026/2459
f 464/2026/2460 463/1189/2460 465/1219/2460
f 92/1923/2461 95/1925/2461 100/1927/2461
f 464/2026/2462 465/1219/2462 466/1129/2462
f 466/1129/2463 465/1219/2463 467/1130/2463
f 434/1930/2464 427/1754/2464 435/2027/2464
f 432/2028/2465 427/1754/2465 431/2029/2465
f 1420/1194/2466 1421/1196/2466 1422/1933/2466
f 431/2029/2467 427/1754/2467 430/1931/2467
f 454/1132/2468 467/1130/2468 451/1133/2468
f 2491/2030/2469 2490/2031/2469 2493/2032/2469
f 1662/1950/2470 1663/1946/2470 1644/2033/2470
f 1644/2033/2471 1663/1946/2471 1647/1951/2471
f 1686/1949/2472 1678/1947/2472 1685/1954/2472
f 1685/1954/2473 1678/1947/2473 1665/2034/2473
f 1644/2033/2474 1647/1951/2474 1643/2035/2474
f 1643/2035/2475 1647/1951/2475 1648/1955/2475
f 1665/2034/2476 1678/1947/2476 1662/1950/2476
f 1662/1950/2477 1644/2033/2477 1642/2036/2477
f 1642/2036/2478 1644/2033/2478 1643/2035/2478
f 1649/1958/2479 1643/2035/2479 1648/1955/2479
f 1476/1957/2480 1685/1954/2480 1665/2034/2480
f 1665/2034/2481 1662/1950/2481 1639/2037/2481
f 1639/2037/2482 1662/1950/2482 1642/2036/2482
f 1476/1957/2483 1665/2034/2483 1477/2038/2483
f 1643/2035/2484 1649/1958/2484 1645/1961/2484
f 1475/1137/2485 1476/1957/2485 1477/2038/2485
f 1639/2037/2486 1642/2036/2486 1641/2039/2486
f 1641/2039/2487 1642/2036/2487 1643/2035/2487
f 1641/2039/2488 1643/2035/2488 1645/1961/2488
f 1475/1137/2489 1477/2038/2489 1481/2040/2489
f 1477/2038/2490 1665/2034/2490 1639/2037/2490
f 1641/2039/2491 1645/1961/2491 1646/2041/2491
f 1646/2041/2492 1645/1961/2492 1730/1963/2492
f 1635/2042/2493 1477/2038/2493 1639/2037/2493
f 1475/1137/2494 1481/2040/2494 1482/1138/2494
f 1639/2037/2495 1641/2039/2495 1640/2043/2495
f 1683/1967/2496 1646/2041/2496 1730/1963/2496
f 1640/2043/2497 1641/2039/2497 1646/2041/2497
f 1640/2043/2498 1646/2041/2498 1683/1967/2498
f 1481/2040/2499 1477/2038/2499 1635/2042/2499
f 1638/2044/2500 1640/2043/2500 1670/2045/2500
f 1670/2045/2501 1640/2043/2501 1683/1967/2501
f 1482/1138/2502 1481/2040/2502 1483/2046/2502
f 1483/2046/2503 1481/2040/2503 1635/2042/2503
f 1747/1969/2504 1670/2045/2504 1683/1967/2504
f 1484/1197/2505 1482/1138/2505 1483/2046/2505
f 1671/2047/2506 1670/2045/2506 1747/1969/2506
f 1472/1102/2507 1482/1138/2507 1484/1197/2507
f 1485/1103/2508 1472/1102/2508 1484/1197/2508
f 1671/2047/2509 1747/1969/2509 1832/1801/2509
f 1671/2047/2510 1832/1801/2510 1847/1970/2510
f 1637/2048/2511 1671/2047/2511 1847/1970/2511
f 1637/2048/2512 1847/1970/2512 1840/2049/2512
f 1840/2049/2513 1847/1970/2513 1809/1974/2513
f 1779/1983/2514 1840/2049/2514 1809/1974/2514
f 1504/2050/2515 1505/1147/2515 1503/1146/2515
f 1840/2049/2516 1779/1983/2516 1839/1985/2516
f 1506/1987/2517 1505/1147/2517 1504/2050/2517
f 1506/1987/2518 1504/2050/2518 1507/2051/2518
f 1839/1985/2519 1818/1986/2519 1772/1984/2519
f 1508/1199/2520 1506/1987/2520 1507/2051/2520
f 1727/2052/2521 1839/1985/2521 1772/1984/2521
f 1509/1200/2522 1508/1199/2522 1507/2051/2522
f 1727/2052/2523 1772/1984/2523 1769/1990/2523
f 1512/1152/2524 1508/1199/2524 1510/1201/2524
f 1623/2053/2525 1727/2052/2525 1769/1990/2525
f 1623/2053/2526 1769/1990/2526 1770/1991/2526
f 1623/2053/2527 1770/1991/2527 1624/2054/2527
f 1624/2054/2528 1770/1991/2528 1799/1994/2528
f 1624/2054/2529 1799/1994/2529 1811/1996/2529
f 1624/2054/2530 1811/1996/2530 1628/2055/2530
f 1628/2055/2531 1811/1996/2531 1798/1995/2531
f 2422/2056/2532 2421/2057/2532 2420/2058/2532
f 2426/2059/2533 2422/2056/2533 2420/2058/2533
f 1611/2005/2534 1628/2055/2534 1798/1995/2534
f 1611/2005/2535 1802/2006/2535 1633/2060/2535
f 1633/2060/2536 1802/2006/2536 1796/2007/2536
f 2438/2061/2537 2426/2059/2537 2408/1230/2537
f 1633/2060/2538 1796/2007/2538 1841/2008/2538
f 1633/2060/2539 1841/2008/2539 1620/2062/2539
f 1734/2063/2540 1620/2062/2540 1841/2008/2540
f 1734/2063/2541 1841/2008/2541 1855/2009/2541
f 1734/2063/2542 1855/2009/2542 1835/2064/2542
f 1627/2065/2543 1734/2063/2543 1835/2064/2543
f 1627/2065/2544 1835/2064/2544 1763/2066/2544
f 1617/2067/2545 1627/2065/2545 1763/2066/2545
f 1762/2068/2546 1617/2067/2546 1763/2066/2546
f 1622/2069/2547 1617/2067/2547 1762/2068/2547
f 1733/2070/2548 1622/2069/2548 1749/2071/2548
f 1324/2072/2549 1323/2073/2549 1325/2074/2549
f 1733/2070/2550 1749/2071/2550 1750/2075/2550
f 1322/2076/2551 1323/2073/2551 1324/2072/2551
f 274/2077/2552 277/2078/2552 243/1114/2552
f 866/2079/2553 851/1207/2553 852/1210/2553
f 1139/1243/2554 1137/1166/2554 1136/1213/2554
f 866/2079/2555 852/1210/2555 873/1209/2555
f 251/1170/2556 274/2077/2556 243/1114/2556
f 256/2017/2557 252/1897/2557 257/1898/2557
f 263/2018/2558 262/1900/2558 275/2019/2558
f 323/1174/2559 326/1256/2559 324/1175/2559
f 314/1125/2560 317/1178/2560 318/2080/2560
f 476/1181/2561 475/1180/2561 473/1216/2561
f 102/1907/2562 79/1911/2562 97/2024/2562
f 473/1216/2563 474/1215/2563 471/1182/2563
f 83/1917/2564 86/1919/2564 87/2081/2564
f 87/2081/2565 86/1919/2565 88/2082/2565
f 88/2082/2566 86/1919/2566 89/1924/2566
f 89/1924/2567 92/1923/2567 93/2083/2567
f 99/2084/2568 92/1923/2568 100/1927/2568
f 465/1219/2569 489/2085/2569 467/1130/2569
f 2489/2086/2570 2483/1220/2570 2488/2087/2570
f 467/1130/2571 489/2085/2571 492/2088/2571
f 2488/2087/2572 2483/1220/2572 2487/1222/2572
f 1375/1928/2573 1374/1929/2573 1376/2089/2573
f 2488/2087/2574 2487/1222/2574 2490/2031/2574
f 467/1130/2575 492/2088/2575 451/1133/2575
f 2491/2030/2576 2488/2087/2576 2490/2031/2576
f 1364/2090/2577 1365/1264/2577 1366/1266/2577
f 1638/2044/2578 1639/2037/2578 1640/2043/2578
f 1635/2042/2579 1639/2037/2579 1638/2044/2579
f 1638/2044/2580 1670/2045/2580 1671/2047/2580
f 1635/2042/2581 1638/2044/2581 1636/2091/2581
f 1636/2091/2582 1638/2044/2582 1671/2047/2582
f 1609/2092/2583 1635/2042/2583 1636/2091/2583
f 1483/2046/2584 1635/2042/2584 1609/2092/2584
f 1493/1198/2585 1484/1197/2585 1613/2093/2585
f 1613/2093/2586 1484/1197/2586 1483/2046/2586
f 1636/2091/2587 1671/2047/2587 1637/2048/2587
f 1609/2092/2588 1636/2091/2588 1637/2048/2588
f 1613/2093/2589 1483/2046/2589 1609/2092/2589
f 1494/1139/2590 1493/1198/2590 1495/1226/2590
f 1497/2094/2591 1496/1140/2591 1495/1226/2591
f 1497/2094/2592 1495/1226/2592 1498/1227/2592
f 1669/2095/2593 1637/2048/2593 1840/2049/2593
f 1499/2096/2594 1497/2094/2594 1498/1227/2594
f 1499/2096/2595 1498/1227/2595 1500/1229/2595
f 1511/1145/2596 1499/2096/2596 1500/1229/2596
f 1511/1145/2597 1500/1229/2597 1503/1146/2597
f 1735/2097/2598 1669/2095/2598 1840/2049/2598
f 1735/2097/2599 1840/2049/2599 1839/1985/2599
f 1507/2051/2600 1504/2050/2600 1732/2098/2600
f 1727/2052/2601 1735/2097/2601 1839/1985/2601
f 1510/1201/2602 1509/1200/2602 1746/2099/2602
f 1610/2100/2603 1623/2053/2603 1624/2054/2603
f 2424/2101/2604 2457/2102/2604 2425/2103/2604
f 2423/2104/2605 2424/2101/2605 2417/2105/2605
f 2417/2105/2606 2424/2101/2606 2425/2103/2606
f 1610/2100/2607 1624/2054/2607 1601/2106/2607
f 2421/2057/2608 2423/2104/2608 2417/2105/2608
f 2420/2058/2609 2421/2057/2609 2417/2105/2609
f 1601/2106/2610 1624/2054/2610 1628/2055/2610
f 1595/2107/2611 1601/2106/2611 1628/2055/2611
f 2426/2059/2612 2420/2058/2612 2416/2108/2612
f 1595/2107/2613 1628/2055/2613 1611/2005/2613
f 1595/2107/2614 1611/2005/2614 1564/2109/2614
f 2426/2059/2615 2416/2108/2615 2410/2110/2615
f 1564/2109/2616 1611/2005/2616 1633/2060/2616
f 2408/1230/2617 2426/2059/2617 2410/2110/2617
f 1564/2109/2618 1633/2060/2618 1620/2062/2618
f 2408/1230/2619 2410/2110/2619 2409/1231/2619
f 1561/2111/2620 1564/2109/2620 1620/2062/2620
f 1561/2111/2621 1620/2062/2621 1570/2112/2621
f 1570/2112/2622 1620/2062/2622 1734/2063/2622
f 1569/2113/2623 1570/2112/2623 1627/2065/2623
f 1627/2065/2624 1570/2112/2624 1734/2063/2624
f 1572/2114/2625 1569/2113/2625 1627/2065/2625
f 1617/2067/2626 1572/2114/2626 1627/2065/2626
f 1571/2115/2627 1572/2114/2627 1617/2067/2627
f 1571/2115/2628 1617/2067/2628 1622/2069/2628
f 858/1272/2629 854/1238/2629 876/1270/2629
f 70/1269/2630 63/1236/2630 45/1237/2630
f 1573/2116/2631 1571/2115/2631 1622/2069/2631
f 1573/2116/2632 1622/2069/2632 1733/2070/2632
f 45/1237/2633 48/1204/2633 46/1203/2633
f 1741/2117/2634 1573/2116/2634 1733/2070/2634
f 848/1205/2635 849/1240/2635 850/1206/2635
f 851/1207/2636 850/1206/2636 852/1210/2636
f 1573/2116/2637 1741/2117/2637 1742/2118/2637
f 1743/2119/2638 1573/2116/2638 1742/2118/2638
f 1743/2119/2639 1742/2118/2639 1852/2120/2639
f 1743/2119/2640 1852/2120/2640 1853/2121/2640
f 1743/2119/2641 1853/2121/2641 1768/2122/2641
f 1751/1249/2642 1768/2122/2642 1843/1250/2642
f 1761/1248/2643 1843/1250/2643 1842/2123/2643
f 1760/2124/2644 1842/2123/2644 1844/2125/2644
f 1760/2124/2645 1844/2125/2645 1838/1253/2645
f 1760/2124/2646 1838/1253/2646 1755/1252/2646
f 130/2126/2647 134/2127/2647 132/2128/2647
f 130/2126/2648 132/2128/2648 131/2129/2648
f 128/2130/2649 130/2126/2649 131/2129/2649
f 128/2130/2650 131/2129/2650 133/2131/2650
f 127/2132/2651 128/2130/2651 133/2131/2651
f 127/2132/2652 133/2131/2652 136/2133/2652
f 124/2134/2653 127/2132/2653 136/2133/2653
f 124/2134/2654 136/2133/2654 135/2135/2654
f 124/2134/2655 135/2135/2655 121/2136/2655
f 121/2136/2656 135/2135/2656 123/2137/2656
f 121/2136/2657 123/2137/2657 120/2022/2657
f 477/1179/2658 485/2138/2658 482/2139/2658
f 118/2140/2659 121/2136/2659 120/2022/2659
f 475/1180/2660 477/1179/2660 482/2139/2660
f 475/1180/2661 482/2139/2661 479/1214/2661
f 118/2140/2662 120/2022/2662 117/2023/2662
f 114/2141/2663 118/2140/2663 117/2023/2663
f 119/2142/2664 118/2140/2664 114/2141/2664
f 114/2141/2665 117/2023/2665 102/1907/2665
f 114/2141/2666 102/1907/2666 113/2143/2666
f 113/2143/2667 102/1907/2667 97/2024/2667
f 2461/2144/2668 2463/2145/2668 2462/2146/2668
f 2462/2146/2669 2463/2145/2669 2464/2147/2669
f 113/2143/2670 97/2024/2670 104/2148/2670
f 2462/2146/2671 2464/2147/2671 2465/2149/2671
f 2498/2150/2672 2462/2146/2672 2497/2151/2672
f 2497/2151/2673 2462/2146/2673 2465/2149/2673
f 2465/2149/2674 2464/2147/2674 2466/2152/2674
f 104/2148/2675 97/2024/2675 78/1912/2675
f 471/1182/2676 478/1261/2676 470/1183/2676
f 104/2148/2677 78/1912/2677 96/2153/2677
f 96/2153/2678 78/1912/2678 77/1913/2678
f 96/2153/2679 77/1913/2679 74/2025/2679
f 96/2153/2680 74/2025/2680 81/1916/2680
f 96/2153/2681 81/1916/2681 106/2154/2681
f 85/2155/2682 81/1916/2682 83/1917/2682
f 106/2154/2683 81/1916/2683 85/2155/2683
f 85/2155/2684 83/1917/2684 87/2081/2684
f 88/2082/2685 89/1924/2685 93/2083/2685
f 93/2083/2686 92/1923/2686 98/2156/2686
f 465/1219/2687 483/1218/2687 490/2157/2687
f 465/1219/2688 490/2157/2688 489/2085/2688
f 98/2156/2689 92/1923/2689 99/2084/2689
f 2492/2158/2690 2480/2159/2690 2483/1220/2690
f 2489/2086/2691 2492/2158/2691 2483/1220/2691
f 2483/1220/2692 2480/2159/2692 2482/2160/2692
f 2483/1220/2693 2482/2160/2693 2484/2161/2693
f 2483/1220/2694 2484/2161/2694 2486/1221/2694
f 1377/2162/2695 1375/1928/2695 1376/2089/2695
f 1495/1226/2696 1493/1198/2696 1613/2093/2696
f 1608/2163/2697 1613/2093/2697 1609/2092/2697
f 1609/2092/2698 1637/2048/2698 1669/2095/2698
f 1592/2164/2699 1609/2092/2699 1669/2095/2699
f 1498/1227/2700 1495/1226/2700 1608/2163/2700
f 1608/2163/2701 1495/1226/2701 1613/2093/2701
f 1501/1228/2702 1498/1227/2702 1608/2163/2702
f 1608/2163/2703 1609/2092/2703 1592/2164/2703
f 1598/2165/2704 1608/2163/2704 1592/2164/2704
f 1500/1229/2705 1501/1228/2705 1502/2166/2705
f 1592/2164/2706 1669/2095/2706 1603/2167/2706
f 1503/1146/2707 1500/1229/2707 1502/2166/2707
f 1603/2167/2708 1669/2095/2708 1735/2097/2708
f 1504/2050/2709 1503/1146/2709 1502/2166/2709
f 1732/2098/2710 1504/2050/2710 1502/2166/2710
f 1603/2167/2711 1735/2097/2711 1727/2052/2711
f 1602/2168/2712 1603/2167/2712 1727/2052/2712
f 1507/2051/2713 1732/2098/2713 1731/2169/2713
f 1602/2168/2714 1727/2052/2714 1623/2053/2714
f 1593/2170/2715 1602/2168/2715 1623/2053/2715
f 1509/1200/2716 1507/2051/2716 1731/2169/2716
f 1509/1200/2717 1731/2169/2717 1721/2171/2717
f 1746/2099/2718 1509/1200/2718 1721/2171/2718
f 1593/2170/2719 1623/2053/2719 1610/2100/2719
f 1712/2172/2720 1746/2099/2720 1721/2171/2720
f 1593/2170/2721 1610/2100/2721 1594/2173/2721
f 2417/2105/2722 2425/2103/2722 2419/2174/2722
f 1594/2173/2723 1610/2100/2723 1601/2106/2723
f 1577/2175/2724 1594/2173/2724 1601/2106/2724
f 2420/2058/2725 2417/2105/2725 2416/2108/2725
f 1577/2175/2726 1601/2106/2726 1595/2107/2726
f 1577/2175/2727 1595/2107/2727 1563/2176/2727
f 2410/2110/2728 2416/2108/2728 2412/2177/2728
f 1563/2176/2729 1595/2107/2729 1564/2109/2729
f 1563/2176/2730 1564/2109/2730 1561/2111/2730
f 1561/2111/2731 1569/2113/2731 1548/2178/2731
f 1569/2113/2732 1561/2111/2732 1570/2112/2732
f 1562/2179/2733 1569/2113/2733 1572/2114/2733
f 2407/1233/2734 2406/1232/2734 2403/1234/2734
f 1554/2180/2735 1562/2179/2735 1572/2114/2735
f 1554/2180/2736 1572/2114/2736 1555/2181/2736
f 1555/2181/2737 1572/2114/2737 1571/2115/2737
f 67/1267/2738 52/1268/2738 71/2182/2738
f 1556/2183/2739 1555/2181/2739 1571/2115/2739
f 1556/2183/2740 1571/2115/2740 1573/2116/2740
f 853/1239/2741 854/1238/2741 858/1272/2741
f 1565/2184/2742 1556/2183/2742 1573/2116/2742
f 850/1206/2743 853/1239/2743 852/1210/2743
f 2433/2185/2744 2428/1235/2744 2432/1274/2744
f 852/1210/2745 853/1239/2745 855/2186/2745
f 870/1211/2746 852/1210/2746 855/2186/2746
f 447/2187/2747 444/1297/2747 445/2188/2747
f 1621/2189/2748 1565/2184/2748 1573/2116/2748
f 1621/2189/2749 1573/2116/2749 1743/2119/2749
f 1629/2190/2750 1621/2189/2750 1743/2119/2750
f 2440/1279/2751 2434/1277/2751 2435/1278/2751
f 1629/2190/2752 1743/2119/2752 1768/2122/2752
f 1751/1249/2753 1629/2190/2753 1768/2122/2753
f 1760/2124/2754 1761/1248/2754 1842/2123/2754
f 331/2191/2755 332/2192/2755 330/1281/2755
f 329/1254/2756 331/2191/2756 330/1281/2756
f 495/1259/2757 497/1305/2757 494/1260/2757
f 494/1260/2758 486/2193/2758 477/1179/2758
f 477/1179/2759 486/2193/2759 485/2138/2759
f 124/2134/2760 121/2136/2760 122/2194/2760
f 482/2139/2761 485/2138/2761 493/2195/2761
f 482/2139/2762 493/2195/2762 488/2196/2762
f 122/2194/2763 121/2136/2763 118/2140/2763
f 2455/2197/2764 2456/2198/2764 2458/2199/2764
f 2458/2199/2765 2456/2198/2765 2460/2200/2765
f 479/1214/2766 482/2139/2766 488/2196/2766
f 2458/2199/2767 2460/2200/2767 2461/2144/2767
f 2459/2201/2768 2455/2197/2768 2458/2199/2768
f 2458/2199/2769 2461/2144/2769 2462/2146/2769
f 2459/2201/2770 2458/2199/2770 2462/2146/2770
f 2459/2201/2771 2462/2146/2771 2498/2150/2771
f 2465/2149/2772 2466/2152/2772 2467/2202/2772
f 116/2203/2773 104/2148/2773 96/2153/2773
f 2465/2149/2774 2467/2202/2774 2468/2204/2774
f 2497/2151/2775 2465/2149/2775 2468/2204/2775
f 2497/2151/2776 2468/2204/2776 2495/2205/2776
f 116/2203/2777 96/2153/2777 115/2206/2777
f 2468/2204/2778 2467/2202/2778 2469/2207/2778
f 2495/2205/2779 2468/2204/2779 2470/2208/2779
f 2470/2208/2780 2468/2204/2780 2469/2207/2780
f 2495/2205/2781 2470/2208/2781 2471/2209/2781
f 115/2206/2782 96/2153/2782 106/2154/2782
f 2471/2209/2783 2470/2208/2783 2469/2207/2783
f 2471/2209/2784 2469/2207/2784 2472/2210/2784
f 2472/2210/2785 2469/2207/2785 2496/2211/2785
f 2472/2210/2786 2496/2211/2786 2474/2212/2786
f 106/2154/2787 85/2155/2787 109/2213/2787
f 109/2213/2788 85/2155/2788 87/2081/2788
f 461/1188/2789 458/1217/2789 484/2214/2789
f 2471/2209/2790 2472/2210/2790 2473/2215/2790
f 2472/2210/2791 2474/2212/2791 2473/2215/2791
f 2473/2215/2792 2474/2212/2792 2475/2216/2792
f 109/2213/2793 87/2081/2793 110/2217/2793
f 110/2217/2794 87/2081/2794 88/2082/2794
f 484/2214/2795 487/1262/2795 463/1189/2795
f 461/1188/2796 484/2214/2796 463/1189/2796
f 2476/2218/2797 2473/2215/2797 2475/2216/2797
f 2476/2218/2798 2475/2216/2798 2477/2219/2798
f 110/2217/2799 88/2082/2799 111/2220/2799
f 2477/2219/2800 2475/2216/2800 2478/2221/2800
f 111/2220/2801 88/2082/2801 105/2222/2801
f 105/2222/2802 88/2082/2802 93/2083/2802
f 483/1218/2803 487/1262/2803 491/2223/2803
f 2476/2218/2804 2477/2219/2804 2478/2221/2804
f 2476/2218/2805 2478/2221/2805 2479/2224/2805
f 483/1218/2806 491/2223/2806 490/2157/2806
f 2476/2218/2807 2479/2224/2807 2480/2159/2807
f 2492/2158/2808 2476/2218/2808 2480/2159/2808
f 2480/2159/2809 2479/2224/2809 2481/2225/2809
f 105/2222/2810 93/2083/2810 107/2226/2810
f 2480/2159/2811 2481/2225/2811 2482/2160/2811
f 107/2226/2812 93/2083/2812 108/2227/2812
f 108/2227/2813 93/2083/2813 98/2156/2813
f 2484/2161/2814 2482/2160/2814 2485/2228/2814
f 2484/2161/2815 2485/2228/2815 2494/2229/2815
f 112/2230/2816 98/2156/2816 99/2084/2816
f 2484/2161/2817 2494/2229/2817 2486/1221/2817
f 2486/1221/2818 2494/2229/2818 2500/2231/2818
f 1379/2232/2819 1377/2162/2819 1376/2089/2819
f 2500/2231/2820 2494/2229/2820 2502/2233/2820
f 2501/2234/2821 2486/1221/2821 2500/2231/2821
f 1501/1228/2822 1608/2163/2822 1616/2235/2822
f 1616/2235/2823 1608/2163/2823 1598/2165/2823
f 1616/2235/2824 1598/2165/2824 1596/2236/2824
f 1596/2236/2825 1598/2165/2825 1592/2164/2825
f 1502/2166/2826 1501/1228/2826 1616/2235/2826
f 1716/2237/2827 1502/2166/2827 1616/2235/2827
f 1716/2237/2828 1616/2235/2828 1596/2236/2828
f 1590/2238/2829 1596/2236/2829 1592/2164/2829
f 1590/2238/2830 1592/2164/2830 1591/2239/2830
f 1591/2239/2831 1592/2164/2831 1603/2167/2831
f 1732/2098/2832 1502/2166/2832 1716/2237/2832
f 1732/2098/2833 1716/2237/2833 1715/2240/2833
f 1591/2239/2834 1603/2167/2834 1602/2168/2834
f 1732/2098/2835 1715/2240/2835 1717/2241/2835
f 1731/2169/2836 1732/2098/2836 1717/2241/2836
f 1591/2239/2837 1602/2168/2837 1593/2170/2837
f 1721/2171/2838 1731/2169/2838 1717/2241/2838
f 1586/2242/2839 1593/2170/2839 1594/2173/2839
f 2417/2105/2840 2419/2174/2840 2418/2243/2840
f 1586/2242/2841 1594/2173/2841 1575/2244/2841
f 2414/2245/2842 2417/2105/2842 2418/2243/2842
f 1575/2244/2843 1594/2173/2843 1577/2175/2843
f 2416/2108/2844 2417/2105/2844 2414/2245/2844
f 1574/2246/2845 1575/2244/2845 1576/2247/2845
f 1576/2247/2846 1575/2244/2846 1577/2175/2846
f 1578/2248/2847 1574/2246/2847 1576/2247/2847
f 2412/2177/2848 2416/2108/2848 2414/2245/2848
f 2413/2249/2849 2412/2177/2849 2414/2245/2849
f 1576/2247/2850 1577/2175/2850 1563/2176/2850
f 2412/2177/2851 2413/2249/2851 2411/2250/2851
f 1543/2251/2852 1563/2176/2852 1561/2111/2852
f 2410/2110/2853 2412/2177/2853 2411/2250/2853
f 2409/1231/2854 2410/2110/2854 2411/2250/2854
f 2406/1232/2855 2409/1231/2855 2411/2250/2855
f 2406/1232/2856 2411/2250/2856 2427/2252/2856
f 1550/2253/2857 1548/2178/2857 1569/2113/2857
f 1550/2253/2858 1569/2113/2858 1562/2179/2858
f 2406/1232/2859 2427/2252/2859 2401/1306/2859
f 1551/2254/2860 1550/2253/2860 1562/2179/2860
f 1554/2180/2861 1551/2254/2861 1562/2179/2861
f 2403/1234/2862 2406/1232/2862 2401/1306/2862
f 1552/2255/2863 1554/2180/2863 1555/2181/2863
f 2403/1234/2864 2401/1306/2864 2402/1312/2864
f 71/2182/2865 52/1268/2865 69/2256/2865
f 69/2256/2866 52/1268/2866 64/1310/2866
f 1552/2255/2867 1555/2181/2867 1556/2183/2867
f 853/1239/2868 858/1272/2868 857/2257/2868
f 853/1239/2869 857/2257/2869 856/2258/2869
f 2403/1234/2870 2402/1312/2870 2404/2259/2870
f 1558/2260/2871 1556/2183/2871 1565/2184/2871
f 855/2186/2872 853/1239/2872 856/2258/2872
f 2432/1274/2873 2403/1234/2873 2404/2259/2873
f 445/2188/2874 444/1297/2874 439/1296/2874
f 1618/2261/2875 1565/2184/2875 1621/2189/2875
f 2434/1277/2876 2433/2185/2876 2432/1274/2876
f 1629/2190/2877 1618/2261/2877 1621/2189/2877
f 2439/1280/2878 2435/1278/2878 2392/2262/2878
f 2392/2262/2879 2435/1278/2879 2393/1298/2879
f 1631/2263/2880 1629/2190/2880 1751/1249/2880
f 1736/2264/2881 1631/2263/2881 1751/1249/2881
f 1736/2264/2882 1751/1249/2882 1761/1248/2882
f 2439/1280/2883 2392/2262/2883 2383/1317/2883
f 1738/2265/2884 1736/2264/2884 1760/2124/2884
f 1736/2264/2885 1761/1248/2885 1760/2124/2885
f 2389/2266/2886 2439/1280/2886 2383/1317/2886
f 2389/2266/2887 2383/1317/2887 2382/1300/2887
f 1738/2265/2888 1755/1252/2888 1740/2267/2888
f 1755/1252/2889 1738/2265/2889 1760/2124/2889
f 2389/2266/2890 2382/1300/2890 2386/1299/2890
f 1740/2267/2891 1755/1252/2891 1756/1251/2891
f 2387/2268/2892 2386/1299/2892 2385/1301/2892
f 1757/2269/2893 1740/2267/2893 1756/1251/2893
f 128/2130/2894 129/2270/2894 130/2126/2894
f 324/1175/2895 327/1257/2895 325/1282/2895
f 126/2271/2896 129/2270/2896 128/2130/2896
f 126/2271/2897 128/2130/2897 127/2132/2897
f 124/2134/2898 126/2271/2898 127/2132/2898
f 2446/2272/2899 2447/2273/2899 2450/2274/2899
f 125/2275/2900 126/2271/2900 124/2134/2900
f 497/1305/2901 496/1304/2901 494/1260/2901
f 2333/2276/2902 2331/2277/2902 2334/2278/2902
f 2334/2278/2903 2331/2277/2903 2335/2279/2903
f 2335/2279/2904 2331/2277/2904 2339/2280/2904
f 2335/2279/2905 2339/2280/2905 2452/2281/2905
f 494/1260/2906 496/1304/2906 486/2193/2906
f 2339/2280/2907 2446/2272/2907 2450/2274/2907
f 2452/2281/2908 2339/2280/2908 2450/2274/2908
f 122/2194/2909 125/2275/2909 124/2134/2909
f 2336/2282/2910 2334/2278/2910 2335/2279/2910
f 2336/2282/2911 2335/2279/2911 2338/2283/2911
f 2335/2279/2912 2452/2281/2912 2338/2283/2912
f 2456/2198/2913 2452/2281/2913 2450/2274/2913
f 2456/2198/2914 2450/2274/2914 2499/2284/2914
f 2338/2283/2915 2452/2281/2915 2455/2197/2915
f 2455/2197/2916 2452/2281/2916 2456/2198/2916
f 2456/2198/2917 2499/2284/2917 2460/2200/2917
f 1715/2240/2918 1716/2237/2918 1596/2236/2918
f 1596/2236/2919 1590/2238/2919 1597/2285/2919
f 1715/2240/2920 1596/2236/2920 1597/2285/2920
f 1597/2285/2921 1590/2238/2921 1589/2286/2921
f 1589/2286/2922 1590/2238/2922 1588/2287/2922
f 1588/2287/2923 1590/2238/2923 1591/2239/2923
f 1717/2241/2924 1715/2240/2924 1597/2285/2924
f 1588/2287/2925 1591/2239/2925 1593/2170/2925
f 1721/2171/2926 1717/2241/2926 1701/1322/2926
f 1589/2286/2927 1588/2287/2927 1587/2288/2927
f 1713/2289/2928 1721/2171/2928 1701/1322/2928
f 1588/2287/2929 1593/2170/2929 1586/2242/2929
f 1712/2172/2930 1721/2171/2930 1713/2289/2930
f 1587/2288/2931 1588/2287/2931 1586/2242/2931
f 1711/2290/2932 1712/2172/2932 1710/2291/2932
f 1710/2291/2933 1712/2172/2933 1713/2289/2933
f 1709/2292/2934 1711/2290/2934 1710/2291/2934
f 1581/2293/2935 1587/2288/2935 1586/2242/2935
f 1714/1284/2936 1711/2290/2936 1709/2292/2936
f 1581/2293/2937 1586/2242/2937 1575/2244/2937
f 1714/1284/2938 1709/2292/2938 1707/1285/2938
f 1574/2246/2939 1581/2293/2939 1575/2244/2939
f 1579/2294/2940 1574/2246/2940 1578/2248/2940
f 1579/2294/2941 1578/2248/2941 1549/2295/2941
f 1549/2295/2942 1578/2248/2942 1576/2247/2942
f 1549/2295/2943 1576/2247/2943 1563/2176/2943
f 1724/1286/2944 1707/1285/2944 1719/1345/2944
f 1549/2295/2945 1563/2176/2945 1543/2251/2945
f 2411/2250/2946 2413/2249/2946 2415/2296/2946
f 1543/2251/2947 1561/2111/2947 1548/2178/2947
f 1542/2297/2948 1543/2251/2948 1548/2178/2948
f 2411/2250/2949 2415/2296/2949 2427/2252/2949
f 1550/2253/2950 1542/2297/2950 1548/2178/2950
f 2427/2252/2951 2429/1307/2951 2401/1306/2951
f 1552/2255/2952 1551/2254/2952 1554/2180/2952
f 1545/2298/2953 1551/2254/2953 1552/2255/2953
f 69/2256/2954 64/1310/2954 73/2299/2954
f 2402/1312/2955 2401/1306/2955 2397/1313/2955
f 2401/1306/2956 2400/1308/2956 2397/1313/2956
f 859/1325/2957 868/1287/2957 874/2300/2957
f 1544/2301/2958 1545/2298/2958 1552/2255/2958
f 858/1272/2959 868/1287/2959 859/1325/2959
f 1544/2301/2960 1552/2255/2960 1556/2183/2960
f 857/2257/2961 858/1272/2961 859/1325/2961
f 1557/2302/2962 1544/2301/2962 1556/2183/2962
f 857/2257/2963 861/1327/2963 856/2258/2963
f 1558/2260/2964 1557/2302/2964 1556/2183/2964
f 855/2186/2965 856/2258/2965 860/2303/2965
f 856/2258/2966 861/1327/2966 860/2303/2966
f 2404/2259/2967 2402/1312/2967 2431/1314/2967
f 1560/2304/2968 1558/2260/2968 1565/2184/2968
f 1560/2304/2969 1565/2184/2969 1618/2261/2969
f 2432/1274/2970 2404/2259/2970 2431/1314/2970
f 1619/2305/2971 1560/2304/2971 1618/2261/2971
f 1619/2305/2972 1618/2261/2972 1629/2190/2972
f 1630/2306/2973 1619/2305/2973 1629/2190/2973
f 1630/2306/2974 1629/2190/2974 1631/2263/2974
f 2392/2262/2975 2393/1298/2975 2391/1315/2975
f 2392/2262/2976 2391/1315/2976 2383/1317/2976
f 1739/2307/2977 1738/2265/2977 1740/2267/2977
f 2325/2308/2978 2323/2309/2978 2360/2310/2978
f 2325/2308/2979 2360/2310/2979 2453/2311/2979
f 2453/2311/2980 2360/2310/2980 2320/2312/2980
f 2453/2311/2981 2320/2312/2981 2454/2313/2981
f 2324/2314/2982 2323/2309/2982 2325/2308/2982
f 2341/2315/2983 2324/2314/2983 2327/2316/2983
f 2453/2311/2984 2454/2313/2984 2448/2317/2984
f 2387/2268/2985 2385/1301/2985 2388/1320/2985
f 2324/2314/2986 2325/2308/2986 2326/2318/2986
f 2325/2308/2987 2453/2311/2987 2448/2317/2987
f 2327/2316/2988 2324/2314/2988 2326/2318/2988
f 2328/2319/2989 2341/2315/2989 2327/2316/2989
f 2325/2308/2990 2448/2317/2990 2447/2273/2990
f 2390/2320/2991 2387/2268/2991 2388/1320/2991
f 2328/2319/2992 2327/2316/2992 2326/2318/2992
f 2446/2272/2993 2326/2318/2993 2325/2308/2993
f 2446/2272/2994 2325/2308/2994 2447/2273/2994
f 2328/2319/2995 2329/2321/2995 2340/2322/2995
f 2329/2321/2996 2328/2319/2996 2326/2318/2996
f 2368/1341/2997 2329/2321/2997 2330/2323/2997
f 2329/2321/2998 2326/2318/2998 2330/2323/2998
f 2330/2323/2999 2326/2318/2999 2331/2277/2999
f 2337/2324/3000 2368/1341/3000 2330/2323/3000
f 2331/2277/3001 2326/2318/3001 2339/2280/3001
f 2326/2318/3002 2446/2272/3002 2339/2280/3002
f 2332/2325/3003 2337/2324/3003 2330/2323/3003
f 2332/2325/3004 2330/2323/3004 2331/2277/3004
f 2371/1344/3005 2337/2324/3005 2333/2276/3005
f 2337/2324/3006 2332/2325/3006 2333/2276/3006
f 2333/2276/3007 2332/2325/3007 2331/2277/3007
f 1701/1322/3008 1717/2241/3008 1597/2285/3008
f 1600/2326/3009 1597/2285/3009 1589/2286/3009
f 1701/1322/3010 1597/2285/3010 1600/2326/3010
f 1600/2326/3011 1589/2286/3011 1585/2327/3011
f 1585/2327/3012 1589/2286/3012 1587/2288/3012
f 1585/2327/3013 1587/2288/3013 1581/2293/3013
f 1713/2289/3014 1701/1322/3014 1681/1324/3014
f 1710/2291/3015 1713/2289/3015 1681/1324/3015
f 1580/2328/3016 1581/2293/3016 1574/2246/3016
f 1709/2292/3017 1710/2291/3017 1681/1324/3017
f 1579/2294/3018 1580/2328/3018 1574/2246/3018
f 1707/1285/3019 1709/2292/3019 1681/1324/3019
f 1707/1285/3020 1681/1324/3020 1682/2329/3020
f 1707/1285/3021 1682/2329/3021 1708/2330/3021
f 1582/2331/3022 1579/2294/3022 1549/2295/3022
f 1719/1345/3023 1707/1285/3023 1708/2330/3023
f 1530/2332/3024 1549/2295/3024 1543/2251/3024
f 1530/2332/3025 1543/2251/3025 1542/2297/3025
f 1535/2333/3026 1530/2332/3026 1542/2297/3026
f 2427/2252/3027 2415/2296/3027 2436/2334/3027
f 2429/1307/3028 2427/2252/3028 2436/2334/3028
f 1541/2335/3029 1542/2297/3029 1550/2253/3029
f 1551/2254/3030 1541/2335/3030 1550/2253/3030
f 1545/2298/3031 1541/2335/3031 1551/2254/3031
f 859/1325/3032 874/2300/3032 864/2336/3032
f 73/2299/3033 64/1310/3033 56/1309/3033
f 72/2337/3034 56/1309/3034 54/1311/3034
f 1546/2338/3035 1544/2301/3035 1557/2302/3035
f 861/1327/3036 857/2257/3036 859/1325/3036
f 861/1327/3037 862/1326/3037 860/2303/3037
f 443/2339/3038 442/1330/3038 441/1329/3038
f 2396/2340/3039 2431/1314/3039 2397/1313/3039
f 1559/2341/3040 1557/2302/3040 1558/2260/3040
f 437/1293/3041 446/2342/3041 438/1294/3041
f 438/1294/3042 446/2342/3042 441/1329/3042
f 438/1294/3043 441/1329/3043 440/1295/3043
f 1559/2341/3044 1558/2260/3044 1560/2304/3044
f 1568/2343/3045 1559/2341/3045 1560/2304/3045
f 2431/1314/3046 2396/2340/3046 2394/2344/3046
f 2432/1274/3047 2431/1314/3047 2394/2344/3047
f 1619/2305/3048 1568/2343/3048 1560/2304/3048
f 2393/1298/3049 2432/1274/3049 2394/2344/3049
f 1684/2345/3050 1630/2306/3050 1631/2263/3050
f 1684/2345/3051 1631/2263/3051 1736/2264/3051
f 1737/2346/3052 1684/2345/3052 1736/2264/3052
f 1737/2346/3053 1736/2264/3053 1738/2265/3053
f 2383/1317/3054 2381/1316/3054 2382/1300/3054
f 2319/1331/3055 2317/1333/3055 2320/2312/3055
f 2360/2310/3056 2319/1331/3056 2320/2312/3056
f 1737/2346/3057 1738/2265/3057 1739/2307/3057
f 2322/2347/3058 2319/1331/3058 2323/2309/3058
f 2323/2309/3059 2319/1331/3059 2360/2310/3059
f 2322/2347/3060 2323/2309/3060 2324/2314/3060
f 2524/2348/3061 2523/1351/3061 2522/1335/3061
f 2522/1335/3062 2523/1351/3062 2520/1353/3062
f 2359/2349/3063 2322/2347/3063 2324/2314/3063
f 2524/2348/3064 2522/1335/3064 2526/1334/3064
f 2539/2350/3065 2540/2351/3065 2541/2352/3065
f 2341/2315/3066 2359/2349/3066 2324/2314/3066
f 2351/2353/3067 2353/2354/3067 2350/2355/3067
f 2542/2356/3068 2539/2350/3068 2541/2352/3068
f 2542/2356/3069 2541/2352/3069 2543/2357/3069
f 2538/2358/3070 2526/1334/3070 2528/1336/3070
f 2341/2315/3071 2328/2319/3071 2504/2359/3071
f 2533/1337/3072 2538/2358/3072 2528/1336/3072
f 2504/2359/3073 2328/2319/3073 2342/2360/3073
f 2342/2360/3074 2328/2319/3074 2340/2322/3074
f 319/1283/3075 325/1282/3075 322/1321/3075
f 2368/1341/3076 2340/2322/3076 2329/2321/3076
f 2340/2322/3077 2368/1341/3077 2344/1340/3077
f 2532/2361/3078 2534/2362/3078 2535/2363/3078
f 2532/2361/3079 2535/2363/3079 2536/2364/3079
f 2536/2364/3080 2535/2363/3080 2537/2365/3080
f 2371/1344/3081 2372/1343/3081 2337/2324/3081
f 1701/1322/3082 1600/2326/3082 1599/1323/3082
f 1599/1323/3083 1600/2326/3083 1585/2327/3083
f 1585/2327/3084 1581/2293/3084 1580/2328/3084
f 1582/2331/3085 1580/2328/3085 1579/2294/3085
f 1708/2330/3086 1682/2329/3086 1706/1346/3086
f 1719/1345/3087 1708/2330/3087 1706/1346/3087
f 1530/2332/3088 1582/2331/3088 1549/2295/3088
f 1541/2335/3089 1535/2333/3089 1542/2297/3089
f 1545/2298/3090 1539/2366/3090 1541/2335/3090
f 2400/1308/3091 2429/1307/3091 2399/1348/3091
f 1539/2366/3092 1545/2298/3092 1544/2301/3092
f 2400/1308/3093 2399/1348/3093 2397/1313/3093
f 859/1325/3094 864/2336/3094 863/2367/3094
f 1360/2368/3095 1361/2369/3095 1362/2370/3095
f 1360/2368/3096 1362/2370/3096 1363/2371/3096
f 859/1325/3097 863/2367/3097 862/1326/3097
f 862/1326/3098 863/2367/3098 865/2372/3098
f 865/2372/3099 872/2373/3099 875/2374/3099
f 867/2375/3100 865/2372/3100 875/2374/3100
f 448/2376/3101 449/2377/3101 443/2339/3101
f 1559/2341/3102 1546/2338/3102 1557/2302/3102
f 862/1326/3103 865/2372/3103 867/2375/3103
f 441/1329/3104 448/2376/3104 443/2339/3104
f 862/1326/3105 867/2375/3105 871/2378/3105
f 2396/2340/3106 2397/1313/3106 2395/1350/3106
f 1566/2379/3107 1546/2338/3107 1559/2341/3107
f 1567/2380/3108 1566/2379/3108 1559/2341/3108
f 1553/2381/3109 1566/2379/3109 1567/2380/3109
f 1625/2382/3110 1567/2380/3110 1568/2343/3110
f 1567/2380/3111 1559/2341/3111 1568/2343/3111
f 1625/2382/3112 1568/2343/3112 1626/2383/3112
f 1837/2384/3113 1625/2382/3113 1626/2383/3113
f 1626/2383/3114 1568/2343/3114 1619/2305/3114
f 1626/2383/3115 1619/2305/3115 1630/2306/3115
f 1632/2385/3116 1626/2383/3116 1630/2306/3116
f 2380/2386/3117 2393/1298/3117 2394/2344/3117
f 2288/2387/3118 2444/2388/3118 2374/2389/3118
f 2391/1315/3119 2393/1298/3119 2380/2386/3119
f 2369/2390/3120 2288/2387/3120 2374/2389/3120
f 2370/2391/3121 2369/2390/3121 2374/2389/3121
f 2381/1316/3122 2391/1315/3122 2380/2386/3122
f 2381/1316/3123 2380/2386/3123 2378/2392/3123
f 2317/1333/3124 2369/2390/3124 2370/2391/3124
f 2382/1300/3125 2381/1316/3125 2378/2392/3125
f 2319/1331/3126 2321/2393/3126 2318/1332/3126
f 2382/1300/3127 2378/2392/3127 2384/1318/3127
f 2322/2347/3128 2321/2393/3128 2319/1331/3128
f 2359/2349/3129 2507/2394/3129 2322/2347/3129
f 2519/2395/3130 2520/1353/3130 2521/2396/3130
f 2354/2397/3131 2507/2394/3131 2359/2349/3131
f 2522/1335/3132 2520/1353/3132 2519/2395/3132
f 2353/2354/3133 2354/2397/3133 2359/2349/3133
f 2354/2397/3134 2353/2354/3134 2351/2353/3134
f 2356/2398/3135 2354/2397/3135 2351/2353/3135
f 2356/2398/3136 2351/2353/3136 2352/2399/3136
f 2528/1336/3137 2522/1335/3137 2529/2400/3137
f 2352/2399/3138 2351/2353/3138 2349/2401/3138
f 2349/2401/3139 2351/2353/3139 2350/2355/3139
f 2357/2402/3140 2350/2355/3140 2504/2359/3140
f 2528/1336/3141 2529/2400/3141 2530/2403/3141
f 2355/2404/3142 2352/2399/3142 2349/2401/3142
f 2357/2402/3143 2504/2359/3143 2342/2360/3143
f 2355/2404/3144 2349/2401/3144 2348/2405/3144
f 2343/1355/3145 2357/2402/3145 2342/2360/3145
f 2505/2406/3146 2355/2404/3146 2348/2405/3146
f 2505/2406/3147 2348/2405/3147 2346/1354/3147
f 2343/1355/3148 2342/2360/3148 2340/2322/3148
f 2531/1338/3149 2528/1336/3149 2530/2403/3149
f 2530/2403/3150 2534/2362/3150 2532/2361/3150
f 2505/2406/3151 2346/1354/3151 2345/1339/3151
f 2343/1355/3152 2340/2322/3152 2344/1340/3152
f 2531/1338/3153 2530/2403/3153 2532/2361/3153
f 1681/1324/3154 1599/1323/3154 1584/2407/3154
f 1584/2407/3155 1599/1323/3155 1585/2327/3155
f 1682/2329/3156 1681/1324/3156 1584/2407/3156
f 1584/2407/3157 1585/2327/3157 1580/2328/3157
f 1583/2408/3158 1584/2407/3158 1580/2328/3158
f 1583/2408/3159 1580/2328/3159 1582/2331/3159
f 1584/2407/3160 1583/2408/3160 1525/2409/3160
f 1706/1346/3161 1682/2329/3161 1680/2410/3161
f 1682/2329/3162 1584/2407/3162 1526/2411/3162
f 1525/2409/3163 1583/2408/3163 1582/2331/3163
f 1680/2410/3164 1682/2329/3164 1526/2411/3164
f 1526/2411/3165 1584/2407/3165 1525/2409/3165
f 1525/2409/3166 1582/2331/3166 1530/2332/3166
f 1529/2412/3167 1530/2332/3167 1535/2333/3167
f 1680/2410/3168 1526/2411/3168 1521/2413/3168
f 1525/2409/3169 1530/2332/3169 1529/2412/3169
f 1677/2414/3170 1706/1346/3170 1680/2410/3170
f 1725/1347/3171 1706/1346/3171 1677/2414/3171
f 1615/2415/3172 1680/2410/3172 1521/2413/3172
f 1522/2416/3173 1525/2409/3173 1529/2412/3173
f 1677/2414/3174 1680/2410/3174 1615/2415/3174
f 2429/1307/3175 2436/2334/3175 2430/2417/3175
f 1529/2412/3176 1535/2333/3176 1541/2335/3176
f 1524/2418/3177 1522/2416/3177 1528/2419/3177
f 1528/2419/3178 1522/2416/3178 1529/2412/3178
f 1528/2419/3179 1529/2412/3179 1541/2335/3179
f 1677/2414/3180 1615/2415/3180 1614/2420/3180
f 1524/2418/3181 1528/2419/3181 1527/2421/3181
f 1528/2419/3182 1541/2335/3182 1539/2366/3182
f 1527/2421/3183 1528/2419/3183 1539/2366/3183
f 2399/1348/3184 2429/1307/3184 2430/2417/3184
f 1675/2422/3185 1677/2414/3185 1614/2420/3185
f 1744/2423/3186 1677/2414/3186 1675/2422/3186
f 1532/2424/3187 1527/2421/3187 1539/2366/3187
f 1540/2425/3188 1532/2424/3188 1539/2366/3188
f 1540/2425/3189 1539/2366/3189 1544/2301/3189
f 1540/2425/3190 1544/2301/3190 1546/2338/3190
f 1533/2426/3191 1532/2424/3191 1540/2425/3191
f 2399/1348/3192 2405/2427/3192 2398/1349/3192
f 1536/2428/3193 1533/2426/3193 1540/2425/3193
f 1536/2428/3194 1540/2425/3194 1546/2338/3194
f 863/2367/3195 872/2373/3195 865/2372/3195
f 1536/2428/3196 1546/2338/3196 1547/2429/3196
f 1534/2430/3197 1533/2426/3197 1536/2428/3197
f 1547/2429/3198 1546/2338/3198 1566/2379/3198
f 1547/2429/3199 1566/2379/3199 1553/2381/3199
f 1536/2428/3200 1547/2429/3200 1538/2431/3200
f 1538/2431/3201 1547/2429/3201 1553/2381/3201
f 1634/2432/3202 1538/2431/3202 1553/2381/3202
f 1538/2431/3203 1634/2432/3203 1722/2433/3203
f 1722/2433/3204 1634/2432/3204 1862/2434/3204
f 1634/2432/3205 1553/2381/3205 1567/2380/3205
f 2190/2435/3206 2191/2436/3206 2192/2437/3206
f 1766/2438/3207 1634/2432/3207 1567/2380/3207
f 1766/2438/3208 1567/2380/3208 1834/2439/3208
f 1834/2439/3209 1567/2380/3209 1625/2382/3209
f 1834/2439/3210 1625/2382/3210 1837/2384/3210
f 1332/2440/3211 1333/2441/3211 1334/2442/3211
f 1334/2442/3212 1333/2441/3212 1335/2443/3212
f 2394/2344/3213 2396/2340/3213 2395/1350/3213
f 1836/2444/3214 1837/2384/3214 1626/2383/3214
f 1335/2443/3215 1333/2441/3215 1336/2445/3215
f 1352/1356/3216 1356/1358/3216 1357/2446/3216
f 1836/2444/3217 1626/2383/3217 1632/2385/3217
f 2442/2447/3218 2451/2448/3218 2444/2388/3218
f 2288/2387/3219 2442/2447/3219 2444/2388/3219
f 2394/2344/3220 2395/1350/3220 2380/2386/3220
f 2369/2390/3221 2287/2449/3221 2288/2387/3221
f 2316/2450/3222 2287/2449/3222 2317/1333/3222
f 2287/2449/3223 2369/2390/3223 2317/1333/3223
f 2316/2450/3224 2317/1333/3224 2318/1332/3224
f 2358/2451/3225 2366/2452/3225 2316/2450/3225
f 2321/2393/3226 2316/2450/3226 2318/1332/3226
f 2358/2451/3227 2316/2450/3227 2321/2393/3227
f 2520/1353/3228 2525/1352/3228 2527/2453/3228
f 2507/2394/3229 2377/1359/3229 2375/1361/3229
f 2507/2394/3230 2375/1361/3230 2358/2451/3230
f 2322/2347/3231 2358/2451/3231 2321/2393/3231
f 2508/2454/3232 2377/1359/3232 2507/2394/3232
f 2507/2394/3233 2358/2451/3233 2322/2347/3233
f 2349/2401/3234 2350/2355/3234 2347/2455/3234
f 2347/2455/3235 2350/2355/3235 2357/2402/3235
f 2348/2405/3236 2349/2401/3236 2347/2455/3236
f 2347/2455/3237 2357/2402/3237 2343/1355/3237
f 2346/1354/3238 2348/2405/3238 2347/2455/3238
f 2346/1354/3239 2347/2455/3239 2343/1355/3239
f 1526/2411/3240 1525/2409/3240 1521/2413/3240
f 1521/2413/3241 1525/2409/3241 1522/2416/3241
f 1615/2415/3242 1521/2413/3242 1523/2456/3242
f 1521/2413/3243 1522/2416/3243 1523/2456/3243
f 1523/2456/3244 1522/2416/3244 1524/2418/3244
f 1614/2420/3245 1615/2415/3245 1523/2456/3245
f 1527/2421/3246 1523/2456/3246 1524/2418/3246
f 1614/2420/3247 1523/2456/3247 1531/2457/3247
f 1531/2457/3248 1523/2456/3248 1527/2421/3248
f 1531/2457/3249 1527/2421/3249 1532/2424/3249
f 1675/2422/3250 1614/2420/3250 1612/2458/3250
f 1612/2458/3251 1614/2420/3251 1531/2457/3251
f 1531/2457/3252 1532/2424/3252 1533/2426/3252
f 1612/2458/3253 1531/2457/3253 1604/2459/3253
f 1607/2460/3254 1675/2422/3254 1612/2458/3254
f 1534/2430/3255 1531/2457/3255 1533/2426/3255
f 1531/2457/3256 1534/2430/3256 1604/2459/3256
f 1607/2460/3257 1612/2458/3257 1604/2459/3257
f 1607/2460/3258 1604/2459/3258 1605/2461/3258
f 1604/2459/3259 1534/2430/3259 1537/2462/3259
f 1534/2430/3260 1536/2428/3260 1537/2462/3260
f 1605/2461/3261 1604/2459/3261 1537/2462/3261
f 1537/2462/3262 1536/2428/3262 1538/2431/3262
f 1607/2460/3263 1605/2461/3263 1606/2463/3263
f 1237/1382/3264 1227/1364/3264 1251/1366/3264
f 1606/2463/3265 1605/2461/3265 1537/2462/3265
f 1537/2462/3266 1538/2431/3266 1722/2433/3266
f 1199/2464/3267 1200/1368/3267 1201/1367/3267
f 2181/2465/3268 2182/2466/3268 2183/2467/3268
f 2395/1350/3269 2398/1349/3269 2445/2468/3269
f 1676/2469/3270 1607/2460/3270 1606/2463/3270
f 2187/2470/3271 2188/2471/3271 2189/2472/3271
f 1606/2463/3272 1537/2462/3272 1718/2473/3272
f 846/2474/3273 843/2475/3273 845/2476/3273
f 845/2476/3274 843/2475/3274 842/2477/3274
f 1718/2473/3275 1537/2462/3275 1722/2433/3275
f 842/2477/3276 843/2475/3276 844/2478/3276
f 843/2475/3277 847/2479/3277 844/2478/3277
f 2445/2468/3278 2503/2480/3278 2292/2481/3278
f 1358/1377/3279 1355/1357/3279 1354/1379/3279
f 2380/2386/3280 2395/1350/3280 2445/2468/3280
f 2283/2482/3281 2443/2483/3281 2442/2447/3281
f 1353/1380/3282 1352/1356/3282 1357/2446/3282
f 2380/2386/3283 2445/2468/3283 2379/2484/3283
f 2288/2387/3284 2283/2482/3284 2442/2447/3284
f 2282/2485/3285 2283/2482/3285 2288/2387/3285
f 2293/2486/3286 2445/2468/3286 2292/2481/3286
f 2515/2487/3287 2516/2488/3287 2517/2489/3287
f 2284/2490/3288 2282/2485/3288 2285/2491/3288
f 2282/2485/3289 2288/2387/3289 2287/2449/3289
f 2515/2487/3290 2517/2489/3290 2518/2492/3290
f 2449/2493/3291 2293/2486/3291 2286/2494/3291
f 2286/2494/3292 2293/2486/3292 2284/2490/3292
f 2286/2494/3293 2284/2490/3293 2285/2491/3293
f 2286/2494/3294 2285/2491/3294 2289/2495/3294
f 2285/2491/3295 2282/2485/3295 2287/2449/3295
f 2379/2484/3296 2449/2493/3296 2376/1360/3296
f 2378/2392/3297 2380/2386/3297 2379/2484/3297
f 2289/2495/3298 2285/2491/3298 2287/2449/3298
f 2286/2494/3299 2289/2495/3299 2366/2452/3299
f 2378/2392/3300 2379/2484/3300 2376/1360/3300
f 2449/2493/3301 2286/2494/3301 2367/2496/3301
f 2367/2496/3302 2286/2494/3302 2366/2452/3302
f 2316/2450/3303 2289/2495/3303 2287/2449/3303
f 2366/2452/3304 2289/2495/3304 2316/2450/3304
f 2376/1360/3305 2449/2493/3305 2367/2496/3305
f 2377/1359/3306 2378/2392/3306 2376/1360/3306
f 2376/1360/3307 2367/2496/3307 2375/1361/3307
f 2375/1361/3308 2367/2496/3308 2366/2452/3308
f 2375/1361/3309 2366/2452/3309 2358/2451/3309
f 1407/1409/3310 1403/1388/3310 1406/2497/3310
f 1406/2497/3311 1403/1388/3311 1401/1387/3311
f 1399/1393/3312 1400/2498/3312 1401/1387/3312
f 2273/2499/3313 2270/1400/3313 2272/1402/3313
f 2292/2481/3314 2503/2480/3314 2296/1398/3314
f 2292/2481/3315 2296/1398/3315 2280/2500/3315
f 2296/1398/3316 2290/1397/3316 2280/2500/3316
f 2274/2501/3317 2270/1400/3317 2273/2499/3317
f 2295/1420/3318 2270/1400/3318 2277/2502/3318
f 2277/2502/3319 2270/1400/3319 2274/2501/3319
f 2509/2503/3320 2511/2504/3320 2512/2505/3320
f 2512/2505/3321 2511/2504/3321 2513/2506/3321
f 2292/2481/3322 2280/2500/3322 2281/2507/3322
f 2513/2506/3323 2511/2504/3323 2514/2508/3323
f 2292/2481/3324 2281/2507/3324 2293/2486/3324
f 2281/2507/3325 2279/1418/3325 2282/2485/3325
f 2282/2485/3326 2279/1418/3326 2283/2482/3326
f 2293/2486/3327 2281/2507/3327 2284/2490/3327
f 2284/2490/3328 2281/2507/3328 2282/2485/3328
f 1405/1408/3329 1407/1409/3329 1406/2497/3329
f 2270/1400/3330 2269/2509/3330 2271/1401/3330
f 2290/1397/3331 2263/1417/3331 2280/2500/3331
f 2280/2500/3332 2279/1418/3332 2281/2507/3332
f 2509/2503/3333 2510/2510/3333 2511/2504/3333
f 1233/1427/3334 1234/1428/3334 1244/1438/3334
f 1404/1444/3335 1408/1443/3335 1405/1408/3335
f 1404/1444/3336 1405/1408/3336 1406/2497/3336
f 2297/1416/3337 2262/1415/3337 2263/1417/3337
f 2295/1420/3338 2266/2511/3338 2270/1400/3338
f 2270/1400/3339 2266/2511/3339 2269/2509/3339
f 2264/1419/3340 2266/2511/3340 2295/1420/3340
f 2280/2500/3341 2263/1417/3341 2279/1418/3341
f 2279/1418/3342 2263/1417/3342 2264/1419/3342
f 2267/2512/3343 2268/2513/3343 2266/2511/3343
f 2266/2511/3344 2268/2513/3344 2269/2509/3344
f 2261/1414/3345 2260/1431/3345 2262/1415/3345
f 2262/1415/3346 2260/1431/3346 2263/1417/3346
f 2263/1417/3347 2260/1431/3347 2264/1419/3347
f 2264/1419/3348 2265/1461/3348 2266/2511/3348
f 1207/1449/3349 1206/1425/3349 1205/1435/3349
f 1275/1468/3350 1242/1456/3350 1262/1457/3350
f 1413/2514/3351 1414/2515/3351 1415/2516/3351
f 1413/2514/3352 1415/2516/3352 1416/2517/3352
f 1413/2514/3353 1416/2517/3353 1418/2518/3353
f 1418/2518/3354 1416/2517/3354 1419/2519/3354
f 2267/2512/3355 2275/2520/3355 2268/2513/3355
f 2260/1431/3356 2294/1459/3356 2265/1461/3356
f 2260/1431/3357 2265/1461/3357 2264/1419/3357
f 2265/1461/3358 2267/2512/3358 2266/2511/3358
f 1211/1463/3359 1202/1447/3359 1239/1448/3359
f 1272/1478/3360 1248/1467/3360 1275/1468/3360
f 1417/2521/3361 1414/2515/3361 1413/2514/3361
f 2267/2512/3362 2278/2522/3362 2276/2523/3362
f 2298/1460/3363 2278/2522/3363 2265/1461/3363
f 2309/2524/3364 2298/1460/3364 2294/1459/3364
f 2265/1461/3365 2278/2522/3365 2267/2512/3365
f 2267/2512/3366 2276/2523/3366 2275/2520/3366
f 2310/1465/3367 2315/1483/3367 2298/1460/3367
f 2278/2522/3368 2315/1483/3368 2301/1485/3368
f 2312/1453/3369 2310/1465/3369 2311/1454/3369
f 2311/1454/3370 2310/1465/3370 2309/2524/3370
f 2309/2524/3371 2310/1465/3371 2298/1460/3371
f 2315/1483/3372 2278/2522/3372 2298/1460/3372
f 2278/2522/3373 2299/2525/3373 2276/2523/3373
f 1198/1480/3374 1213/1472/3374 1238/1473/3374
f 2310/1465/3375 2441/1477/3375 2315/1483/3375
f 2315/1483/3376 2441/1477/3376 2307/1484/3376
f 1276/1486/3377 1247/1464/3377 1272/1478/3377
f 2302/2526/3378 2300/2527/3378 2301/1485/3378
f 2301/1485/3379 2300/2527/3379 2278/2522/3379
f 2300/2527/3380 2308/2528/3380 2299/2525/3380
f 2278/2522/3381 2300/2527/3381 2299/2525/3381
f 1198/1480/3382 1196/1487/3382 1195/2529/3382
f 2441/1477/3383 2365/1488/3383 2363/1490/3383
f 1264/1491/3384 1261/1482/3384 1278/2530/3384
f 2363/1490/3385 2307/1484/3385 2441/1477/3385
f 2301/1485/3386 2307/1484/3386 2302/2526/3386
f 1278/2530/3387 1261/1482/3387 1276/1486/3387
f 2300/2527/3388 2302/2526/3388 2303/2531/3388
f 1195/2529/3389 1196/1487/3389 1197/2532/3389
f 1197/2532/3390 1196/1487/3390 1260/1492/3390
f 2163/2533/3391 2164/2534/3391 2165/2535/3391
f 1245/1481/3392 1246/1475/3392 1274/1494/3392
f 2363/1490/3393 2364/1489/3393 2361/2536/3393
f 2363/1490/3394 2361/2536/3394 2307/1484/3394
f 2307/1484/3395 2361/2536/3395 2306/2537/3395
f 2092/2538/3396 2093/2539/3396 2094/2540/3396
f 2307/1484/3397 2306/2537/3397 2302/2526/3397
f 2302/2526/3398 2306/2537/3398 2304/2541/3398
f 2304/2541/3399 2305/2542/3399 2303/2531/3399
f 2302/2526/3400 2304/2541/3400 2303/2531/3400
f 2361/2536/3401 2362/2543/3401 2306/2537/3401
