# Blender 4.2.0
# www.blender.org
mtllib Campylomormyrus_rhynchophorus_double-nosed_3D.mtl
o geometry_0
v -0.060095 -0.022075 0.105697
v -0.071191 -0.006653 0.072275
v -0.065740 -0.028199 0.079590
v -0.069932 -0.043560 0.054699
v -0.078870 -0.004010 0.044663
v -0.062269 -0.004033 0.108901
v -0.047356 -0.033772 0.150620
v -0.047352 -0.022564 0.156104
v -0.055819 0.000982 0.135175
v -0.073894 -0.033047 0.045564
v -0.044112 -0.050594 0.151426
v -0.079196 -0.016131 0.033776
v -0.061431 0.008256 0.116737
v -0.075817 0.031009 0.070382
v -0.079748 0.046008 0.059955
v -0.083374 0.050039 0.045680
v -0.085293 0.016771 0.022272
v -0.088776 0.040018 0.015194
v -0.082622 -0.000423 0.028432
v -0.071737 0.037216 0.085765
v -0.039771 -0.035038 0.172967
v -0.039382 -0.021937 0.179739
v -0.063563 -0.061496 0.064214
v -0.059058 -0.051273 0.086076
v -0.055002 -0.046018 0.105847
v -0.071084 -0.043241 0.049103
v -0.087104 0.053080 0.027244
v -0.036796 -0.028990 0.191473
v -0.058203 0.012932 0.127751
v -0.061211 0.018935 0.117925
v -0.064707 0.027005 0.107343
v -0.056363 0.009714 0.135164
v -0.088767 0.050484 0.017188
v -0.050695 -0.003386 0.148855
v -0.048012 -0.012325 0.156819
v -0.052286 0.002020 0.146277
v -0.041607 -0.016284 0.172900
v -0.060426 -0.065988 0.070331
v -0.049676 -0.067552 0.103776
v -0.046645 -0.064556 0.120719
v -0.043861 -0.062872 0.135554
v -0.083752 0.004457 0.021817
v -0.052751 0.005796 0.143038
v -0.087182 0.027746 0.014962
v -0.034997 -0.048127 0.173667
v -0.074596 -0.031714 0.041108
v -0.034436 -0.052347 0.167509
v -0.066996 -0.051069 0.054873
v -0.039018 -0.007657 0.175652
v -0.071937 -0.039188 0.044723
v -0.048127 -0.005476 0.154976
v -0.053854 -0.069292 0.086905
v -0.040350 -0.050543 0.158767
v -0.041041 -0.054932 0.153296
v -0.047780 -0.071690 0.102505
v -0.066555 -0.052666 0.059302
v -0.040567 -0.005734 0.165669
v -0.087640 0.034730 0.011562
v -0.044990 -0.071661 0.111003
v -0.044617 -0.068457 0.119852
v -0.084862 0.017655 0.018937
v -0.087883 0.045322 0.009260
v -0.046336 -0.010661 0.159075
v -0.064133 -0.058056 0.059907
v -0.087640 0.038829 0.009284
v -0.039595 -0.059611 0.149412
v -0.075567 -0.027249 0.037242
v -0.056437 -0.069372 0.075980
v -0.083897 0.052551 0.039962
v -0.087792 0.050472 0.013050
v -0.079828 -0.008456 0.028329
v -0.081798 0.000196 0.025722
v -0.045725 -0.070283 0.105635
v -0.033629 -0.057851 0.156643
v -0.044111 -0.065820 0.122134
v -0.043528 -0.004101 0.154751
v -0.051258 -0.070975 0.089049
v -0.079984 0.049354 0.053956
v -0.072800 0.040340 0.079524
v -0.076365 0.045183 0.066886
v -0.052871 -0.070846 0.080647
v -0.016965 -0.162014 0.073559
v -0.017352 -0.175250 0.074724
v -0.017465 -0.174849 0.045955
v -0.016635 -0.145550 0.069599
v -0.017611 -0.159585 0.024208
v -0.017422 -0.147321 0.028672
v -0.016048 -0.132990 0.050071
v -0.015473 -0.128987 0.061122
v -0.017130 -0.163898 0.084987
v -0.018891 -0.189620 0.029842
v -0.018731 -0.189847 0.050488
v -0.019811 -0.193864 0.019398
v -0.016325 -0.154236 0.091436
v -0.018760 -0.185686 0.041214
v -0.013416 -0.126708 0.095345
v -0.014476 -0.126715 0.073512
v -0.014313 -0.124179 0.072614
v -0.017024 -0.138678 0.037084
v -0.020646 -0.197698 0.022216
v -0.018693 -0.182884 0.070880
v -0.020113 -0.190353 0.041250
v -0.020428 -0.193584 0.034189
v -0.016097 -0.144921 0.096095
v -0.014142 -0.128372 0.101254
v -0.019776 -0.189985 0.056070
v -0.010930 -0.123408 0.098057
v -0.011377 -0.125624 0.092123
v -0.019948 -0.165053 0.021466
v -0.014933 -0.123125 0.073123
v -0.018890 -0.154418 0.025051
v -0.012659 -0.126237 0.073263
v -0.013433 -0.120121 0.099018
v 0.064755 0.003554 0.102881
v 0.063947 -0.020372 0.091766
v 0.070329 -0.034952 0.059636
v 0.071081 -0.005354 0.072997
v 0.078326 -0.005309 0.046175
v 0.075536 -0.029586 0.041142
v 0.079445 -0.016197 0.033796
v 0.061435 -0.000433 0.115248
v 0.055268 -0.025589 0.124771
v 0.052757 -0.018044 0.139385
v 0.055256 -0.005007 0.135608
v 0.071021 0.031732 0.089243
v 0.076980 0.043022 0.071265
v 0.082718 0.031028 0.043502
v 0.083803 0.006877 0.027620
v 0.082947 0.049736 0.048749
v 0.087542 0.051332 0.029593
v 0.087050 0.019676 0.017469
v 0.080976 -0.008383 0.030541
v 0.083303 0.001881 0.025172
v 0.064305 0.025935 0.110088
v 0.059118 0.014066 0.126060
v 0.063100 -0.044941 0.078379
v 0.067582 -0.052160 0.057877
v 0.063829 -0.061185 0.065796
v 0.049634 -0.045486 0.130802
v 0.045320 -0.048570 0.147764
v 0.046658 -0.023338 0.158598
v 0.038942 -0.034188 0.177179
v 0.056996 -0.048438 0.096337
v 0.070353 -0.044161 0.050737
v 0.072458 -0.038135 0.045169
v 0.051080 -0.002701 0.148429
v 0.047425 -0.011848 0.157864
v 0.056534 0.009929 0.133765
v 0.058861 -0.061568 0.079258
v 0.061481 -0.054445 0.075771
v 0.043236 -0.016100 0.169857
v 0.037160 -0.029870 0.186824
v 0.088840 0.038337 0.014641
v 0.090154 0.048997 0.013852
v 0.049499 -0.066137 0.104621
v 0.045955 -0.063838 0.122128
v 0.056646 -0.066092 0.082622
v 0.052699 0.002898 0.142932
v 0.039379 -0.039917 0.171039
v 0.040847 -0.049673 0.159661
v 0.043322 -0.052937 0.151410
v 0.043210 -0.064932 0.130732
v 0.047575 -0.003771 0.157327
v 0.035282 -0.047995 0.173433
v 0.038977 -0.014210 0.180448
v 0.051798 -0.069661 0.093152
v 0.048380 -0.071007 0.101991
v 0.034408 -0.054479 0.165156
v 0.070780 0.035207 0.088917
v 0.065802 0.029779 0.103662
v 0.041788 -0.060922 0.142811
v 0.087614 0.027583 0.013712
v 0.089226 0.043932 0.010757
v 0.044543 -0.067468 0.119552
v 0.045839 -0.009699 0.160152
v 0.039099 -0.008383 0.176081
v 0.046952 -0.069934 0.105290
v 0.040036 -0.064286 0.140900
v 0.079089 0.047163 0.061671
v 0.041662 -0.065252 0.128802
v 0.038976 -0.060517 0.148839
v 0.041131 -0.055980 0.152300
v 0.052790 -0.069966 0.087214
v 0.040505 -0.006285 0.167063
v 0.033982 -0.056777 0.159231
v 0.048779 -0.072033 0.095542
v 0.041126 -0.000608 0.158284
v 0.033373 -0.058908 0.154917
v 0.036746 -0.059076 0.150481
v 0.064512 -0.056166 0.059826
v 0.076330 -0.024134 0.037364
v -0.058653 -0.047808 0.078190
v -0.063490 -0.003974 0.088301
v -0.055528 -0.042586 0.091815
v -0.068743 -0.037815 0.052220
v -0.064672 -0.049840 0.058290
v -0.067810 0.001287 0.076308
v -0.073921 -0.003978 0.051739
v -0.053379 -0.061002 0.087013
v -0.068159 -0.044390 0.049472
v -0.072426 -0.030444 0.042225
v -0.076860 -0.015950 0.035763
v -0.058300 -0.064087 0.071361
v -0.061722 -0.053325 0.066604
v -0.079828 -0.008456 0.028329
v -0.054886 -0.011547 0.118058
v -0.050909 -0.037986 0.112201
v -0.061298 0.006716 0.101879
v -0.049212 -0.030881 0.125831
v -0.049005 -0.017258 0.134792
v -0.050033 -0.000612 0.140408
v -0.053488 0.009324 0.131657
v -0.068251 0.034860 0.088193
v -0.072125 0.040240 0.076594
v -0.064466 0.029677 0.099115
v -0.077993 0.016251 0.044086
v -0.076833 0.044872 0.060532
v -0.080295 0.048996 0.047951
v -0.060333 0.021472 0.109609
v -0.056697 0.014746 0.120124
v -0.060473 0.024854 0.112295
v -0.084493 0.028712 0.018341
v -0.083785 0.051258 0.032522
v -0.087792 0.050472 0.013050
v -0.087640 0.038829 0.009284
v -0.083901 0.019630 0.018247
v -0.080441 0.003819 0.027704
v -0.065493 0.031283 0.098946
v -0.043453 -0.048831 0.129013
v -0.044696 -0.057577 0.114934
v -0.041399 -0.061011 0.129660
v -0.043613 -0.063855 0.117799
v -0.040544 -0.054792 0.134407
v -0.040802 -0.045143 0.138378
v -0.048628 -0.070481 0.092053
v -0.052871 -0.070846 0.080647
v -0.045206 -0.066899 0.106514
v -0.044585 -0.038626 0.133973
v -0.044564 -0.029576 0.138383
v -0.038203 -0.058579 0.138035
v -0.064133 -0.058056 0.059907
v -0.044709 -0.021617 0.141963
v -0.044261 -0.009609 0.148248
v -0.044394 -0.014054 0.144997
v -0.052486 0.008038 0.138720
v -0.071937 -0.039188 0.044723
v -0.087883 0.045322 0.009260
v -0.040743 -0.035621 0.142083
v -0.045725 -0.070283 0.105635
v -0.048549 -0.000571 0.146556
v -0.045127 -0.005135 0.151601
v -0.044990 -0.071661 0.111003
v -0.075567 -0.027249 0.037242
v -0.033969 -0.053084 0.145060
v -0.036463 -0.047345 0.143025
v -0.052751 0.005796 0.143038
v -0.083752 0.004457 0.021817
v -0.081798 0.000196 0.025722
v -0.066996 -0.051069 0.054873
v -0.079984 0.049354 0.053956
v -0.076365 0.045183 0.066886
v -0.087182 0.027746 0.014962
v -0.056158 0.013877 0.127059
v -0.058715 0.018415 0.120035
v -0.040886 -0.064383 0.135261
v -0.044111 -0.065820 0.122134
v -0.044617 -0.068457 0.119852
v -0.035446 -0.058024 0.146112
v -0.083897 0.052551 0.039962
v -0.087640 0.034730 0.011562
v -0.043528 -0.004101 0.154751
v -0.047365 -0.002539 0.153275
v -0.079196 -0.016131 0.033776
v -0.056437 -0.069372 0.075980
v -0.087104 0.053080 0.027244
v -0.060426 -0.065988 0.070331
v -0.063563 -0.061496 0.064214
v -0.032955 -0.059328 0.148734
v -0.072800 0.040340 0.079524
v -0.074596 -0.031714 0.041108
v -0.068159 0.033493 0.095208
v -0.071737 0.037216 0.085765
v -0.084862 0.017655 0.018937
v -0.000235 0.133227 0.190826
v -0.010135 0.130061 0.183691
v -0.014891 0.124363 0.211765
v -0.001306 0.129261 0.215111
v -0.000510 0.125902 0.238491
v -0.015620 0.120898 0.233381
v -0.015746 0.117182 0.253054
v -0.000528 0.122979 0.253766
v 0.000035 0.137571 0.163691
v -0.013462 0.130929 0.164959
v -0.000311 0.140749 0.143701
v -0.000623 0.144448 0.116493
v -0.013170 0.135960 0.129264
v -0.010890 0.144214 0.069264
v -0.000346 0.148782 0.078878
v -0.001062 0.151275 0.048682
v -0.019080 0.126127 0.168726
v -0.000662 0.117477 0.271076
v -0.016168 0.112468 0.266791
v -0.015746 0.105846 0.283841
v -0.000415 0.111254 0.286029
v -0.014014 0.098427 0.300593
v -0.000361 0.103691 0.301221
v -0.000181 0.093592 0.315546
v -0.012955 0.093870 0.308188
v -0.012870 0.084621 0.318947
v -0.017676 0.121025 0.213385
v -0.012266 0.075498 0.328625
v 0.000184 0.076793 0.331991
v 0.000314 0.068149 0.339000
v -0.022092 0.072454 0.318131
v -0.022103 0.058366 0.332344
v -0.013298 0.061078 0.340122
v -0.021339 0.043659 0.345210
v -0.013452 0.038697 0.358200
v -0.026793 0.047315 0.333762
v -0.027355 0.052525 0.328811
v -0.027450 0.038424 0.337752
v -0.022892 0.029723 0.352041
v -0.018368 0.012024 0.372115
v -0.013504 0.021413 0.371292
v -0.013707 0.004030 0.385132
v -0.017772 -0.018786 0.397391
v -0.013841 -0.014014 0.400445
v -0.013881 -0.035407 0.420476
v -0.001915 -0.062289 -0.359420
v 0.000295 -0.060334 -0.351503
v -0.006467 -0.055538 -0.348292
v -0.000282 -0.056527 -0.339488
v -0.006427 -0.051636 -0.330032
v 0.000430 -0.052135 -0.318123
v -0.006487 -0.060296 -0.365687
v -0.005423 -0.048253 -0.304783
v -0.000968 -0.050275 -0.300977
v -0.010615 -0.043769 -0.296312
v -0.010144 -0.045476 -0.312596
v -0.009313 -0.050375 -0.345680
v -0.000860 -0.074754 -0.377774
v -0.005942 -0.072823 -0.386357
v -0.011531 -0.044431 -0.333314
v -0.001196 -0.081727 -0.387130
v -0.002633 -0.086975 -0.395247
v -0.006132 -0.084551 -0.402500
v -0.001334 -0.102366 -0.407769
v -0.004414 -0.098518 -0.411108
v -0.001919 -0.115015 -0.420846
v -0.004956 -0.110202 -0.425418
v -0.005139 -0.118969 -0.436907
v -0.001847 -0.137620 -0.445168
v -0.002514 -0.146185 -0.456628
v -0.000075 -0.090754 -0.396042
v -0.000050 -0.143264 -0.449838
v 0.000168 -0.068084 -0.367106
v 0.000189 0.186277 -0.140000
v -0.001241 0.180427 -0.134298
v -0.000049 0.166993 -0.120759
v -0.000343 0.198349 -0.156217
v -0.001897 0.154932 -0.112531
v -0.000373 0.146552 -0.102328
v -0.037872 0.066439 0.140237
v -0.039801 0.067971 0.030825
v -0.038358 0.066633 0.124879
v -0.032925 0.098104 0.036526
v -0.031762 0.098420 0.093814
v -0.039763 0.068669 -0.007330
v -0.032994 0.098453 0.002693
v -0.032396 0.099583 -0.025329
v -0.039272 0.067241 -0.051950
v -0.032534 0.094867 -0.051801
v -0.032165 0.088433 0.152821
v -0.037447 0.061551 0.212542
v -0.031720 0.085886 0.228903
v -0.029876 0.097965 0.160725
v -0.027600 0.103223 0.215485
v -0.027612 0.099523 0.253053
v -0.032746 0.078271 0.255377
v -0.036382 0.058738 0.252066
v -0.027503 0.113676 0.082126
v -0.025518 0.122813 0.000283
v -0.026297 0.120129 0.020195
v -0.031012 0.079015 0.273267
v -0.027870 0.091977 0.272601
v -0.027169 0.113611 -0.050598
v -0.036604 0.064337 -0.112924
v -0.033547 0.076896 -0.113315
v -0.040538 0.040938 -0.108815
v -0.034146 0.056652 0.280701
v -0.030549 0.070652 0.290257
v -0.034754 0.065690 -0.130393
v -0.039575 0.037451 -0.128543
v -0.027943 0.101218 -0.093876
v -0.028748 0.089350 -0.128827
v -0.032486 0.051481 0.298539
v -0.022392 0.130718 -0.023014
v -0.023001 0.126250 -0.051599
v -0.024198 0.117755 0.136510
v -0.019642 0.136456 0.082819
v -0.024785 0.111430 0.179228
v -0.019514 0.139200 0.029587
v -0.018998 0.140764 -0.010502
v -0.026512 0.087766 0.287880
v -0.018534 0.138385 -0.053120
v -0.019350 0.130808 0.136300
v -0.021048 0.116497 0.205252
v -0.016526 0.138085 -0.072088
v -0.023328 0.104549 -0.128186
v -0.021712 0.116919 -0.096927
v -0.029738 0.057329 0.308911
v -0.028422 0.057827 0.316888
v -0.026645 0.078128 0.300231
v -0.034105 0.049978 -0.149538
v -0.035104 0.032775 -0.156397
v -0.028891 0.066748 -0.157686
v -0.026135 0.086563 -0.144899
v -0.028520 0.044839 -0.177731
v -0.027134 0.024470 -0.198258
v -0.022998 0.028013 -0.211620
v -0.023412 0.014900 -0.222062
v -0.018864 0.027622 -0.227166
v -0.019053 0.014031 -0.244781
v -0.021791 -0.000263 -0.243133
v -0.018268 0.006402 -0.259717
v -0.018032 -0.002385 -0.273856
v -0.025983 0.055661 -0.177651
v -0.019716 0.039316 -0.212708
v -0.015829 0.003259 -0.275556
v -0.013779 0.000424 -0.296669
v -0.027880 0.056817 0.321699
v -0.023478 0.084224 0.301382
v -0.022976 0.106994 0.253716
v -0.022732 0.101340 0.271835
v -0.000624 0.143740 -0.081304
v -0.000800 0.147621 -0.056618
v -0.015563 0.141276 -0.050024
v -0.001238 0.151832 -0.014106
v -0.010246 0.146928 0.005880
v -0.000563 0.152662 -0.002311
v -0.000267 0.152511 0.016019
v -0.015861 0.132793 -0.091343
v -0.000438 0.140929 -0.096682
v -0.005387 0.132473 -0.113161
v -0.016615 0.124793 -0.109019
v -0.008968 0.122911 -0.129311
v -0.017193 0.118542 -0.123492
v -0.017631 0.109324 -0.141515
v -0.019995 0.102793 -0.146468
v -0.019942 0.095652 -0.155947
v -0.005047 0.137392 -0.118800
v -0.006111 0.137926 -0.136877
v -0.010212 0.113378 -0.145643
v -0.002057 0.139232 -0.102297
v 0.000090 0.144148 -0.099536
v -0.020586 0.077971 -0.173347
v -0.005851 0.142780 -0.148451
v -0.007149 0.122215 -0.162858
v -0.010760 0.093088 -0.167846
v -0.006127 0.109430 -0.182536
v -0.009296 0.077420 -0.190163
v -0.011266 0.071890 -0.186981
v -0.003263 0.153419 -0.172835
v -0.002712 0.169007 -0.141986
v -0.002140 0.181344 -0.159315
v -0.001144 0.178136 -0.178127
v -0.000875 0.201404 -0.169489
v -0.000922 0.134415 -0.203151
v -0.000599 0.106310 -0.221807
v -0.002446 0.067276 -0.237005
v -0.000401 0.164299 -0.188912
v -0.010656 0.057781 -0.200794
v -0.009411 0.049202 -0.215311
v -0.000516 0.084435 -0.237058
v -0.000584 0.067992 -0.249492
v -0.000146 0.049504 -0.267559
v -0.003006 0.033491 -0.263697
v -0.005941 0.033728 -0.245633
v -0.000864 0.033329 -0.277986
v -0.005705 0.024575 -0.249488
v 0.000383 0.190427 -0.178041
v -0.009560 0.030186 -0.232818
v -0.007352 0.021880 -0.245387
v 0.000075 0.201251 -0.172751
v 0.000151 0.040897 -0.275347
v -0.011152 0.046073 -0.212662
v -0.020331 0.065660 -0.185393
v -0.020386 0.053345 -0.197329
v -0.003419 0.018790 -0.253217
v -0.001687 0.022730 -0.260391
v 0.000204 0.073250 -0.246992
v 0.000165 0.060284 -0.258151
v -0.000091 0.144342 -0.199552
v 0.000251 0.121403 -0.213191
v 0.000244 0.104902 -0.224296
v 0.000321 0.089149 -0.234554
v -0.002052 0.016535 -0.256995
v -0.000225 0.019230 -0.257108
v -0.011493 0.102005 -0.157597
v 0.001426 0.149495 -0.042551
v -0.043311 0.018795 -0.000345
v -0.043439 0.021095 -0.045743
v -0.043039 0.002928 -0.043517
v -0.042434 0.002034 0.004296
v -0.042729 0.017092 0.040480
v -0.042170 0.003256 0.047066
v -0.042083 0.034675 0.070966
v -0.042807 0.039476 0.007010
v -0.042574 0.040513 -0.050509
v -0.042154 0.001439 -0.092375
v -0.041774 0.020404 -0.110223
v -0.041031 0.001844 -0.126188
v -0.042840 0.012794 0.078559
v -0.042882 0.000737 0.086015
v -0.042112 0.021646 0.124708
v -0.042844 -0.009732 0.117628
v -0.042156 -0.018561 0.103558
v -0.040840 0.046776 0.118897
v -0.041230 0.002365 0.145732
v -0.041025 0.005651 0.160271
v -0.039539 0.040049 0.179067
v -0.041446 0.055521 0.018521
v -0.040640 0.052516 0.087296
v -0.039048 0.047502 0.180327
v -0.037848 0.042921 0.227974
v -0.038316 0.009412 0.205143
v -0.040123 0.016639 0.172481
v -0.036565 0.026600 0.256136
v -0.035257 0.041065 0.275141
v -0.042004 -0.013674 0.130771
v -0.036303 0.003997 0.243548
v -0.039120 -0.006077 0.180408
v -0.041900 -0.007205 0.141577
v -0.041861 -0.020348 0.138003
v -0.041619 0.000181 0.156355
v -0.040521 0.017088 -0.130197
v -0.039018 -0.007657 0.175652
v -0.033166 0.019018 0.297814
v -0.033250 0.033466 0.293514
v -0.033198 0.024066 0.297873
v -0.032875 0.017232 0.304516
v -0.032275 0.010441 0.317618
v -0.033442 0.002725 0.288000
v -0.036671 -0.017379 0.203537
v -0.036796 -0.028990 0.191473
v -0.041769 -0.010700 0.078016
v -0.032999 -0.028439 0.247551
v -0.040823 -0.030140 0.118511
v -0.040243 -0.030033 0.134460
v -0.030019 -0.010286 0.321778
v -0.039437 -0.028041 -0.090759
v -0.041035 -0.014147 -0.053706
v -0.028933 0.001314 0.341594
v -0.030869 0.013474 0.331320
v -0.029271 -0.028239 0.297951
v -0.039087 -0.025458 -0.001404
v -0.040029 -0.012540 0.035731
v -0.039266 -0.027664 -0.055906
v -0.040255 -0.015891 0.065403
v -0.040143 -0.032264 0.101196
v -0.033546 -0.039915 0.208101
v -0.031394 -0.050901 0.222268
v -0.030074 -0.049381 0.250845
v -0.027948 -0.045269 0.284856
v -0.037642 -0.036905 -0.106333
v -0.037973 -0.024498 -0.127627
v -0.035631 -0.033698 0.193415
v -0.037529 -0.027506 0.046499
v -0.025379 -0.016796 0.354989
v -0.031736 -0.055232 0.191972
v -0.035879 -0.049796 -0.079068
v -0.034188 -0.053865 -0.030240
v -0.032329 -0.055647 0.044949
v -0.033463 -0.052632 0.076302
v -0.026121 -0.037408 0.315950
v -0.025702 -0.029749 0.331259
v -0.033740 -0.059156 -0.103380
v -0.034143 -0.050976 -0.126835
v -0.025785 -0.001565 0.358352
v -0.022070 -0.022429 0.382120
v -0.023317 -0.025636 0.363944
v -0.021069 -0.032653 0.384895
v -0.020616 -0.025864 0.392270
v -0.019760 -0.044424 0.408295
v -0.018014 -0.061213 0.399663
v -0.019422 -0.063665 0.424648
v -0.018399 -0.050221 0.381404
v -0.022191 -0.036488 0.350704
v -0.017587 -0.070459 0.410866
v -0.020304 -0.040974 0.362529
v -0.017820 -0.086449 0.427177
v -0.019955 -0.079012 0.442388
v -0.034997 -0.048127 0.173667
v -0.037998 -0.040405 0.134544
v -0.034150 -0.052444 0.107657
v -0.028433 -0.084713 -0.087361
v -0.026801 -0.086509 -0.010147
v -0.028373 -0.074310 0.039393
v -0.026794 -0.088901 -0.052703
v -0.032289 -0.059057 0.084632
v -0.028386 -0.077011 0.070061
v -0.027678 -0.081569 0.085216
v -0.030477 -0.068258 0.120712
v -0.033797 -0.051697 0.129276
v -0.032955 -0.059328 0.148734
v -0.033969 -0.053084 0.145060
v -0.036109 -0.041743 0.142022
v -0.033629 -0.057851 0.156643
v -0.039866 -0.030060 0.139610
v -0.018215 -0.100029 0.437945
v -0.018536 -0.113478 0.446700
v -0.021332 -0.103753 0.465395
v -0.029101 -0.079581 -0.105082
v -0.021498 -0.103482 0.035972
v -0.027313 -0.080229 0.127711
v -0.027765 -0.076173 0.157841
v -0.034436 -0.052347 0.167509
v -0.019105 -0.112111 0.047387
v -0.019860 -0.112541 -0.003768
v -0.022328 -0.043720 0.329120
v -0.028473 -0.075380 -0.125576
v -0.020439 -0.119872 0.463363
v -0.020733 -0.108000 0.468252
v -0.020135 -0.105795 0.477141
v -0.019596 -0.122107 0.466775
v -0.020613 -0.111162 -0.059818
v -0.022340 -0.105524 -0.087815
v -0.023345 -0.094810 -0.115822
v -0.028035 -0.067044 0.199059
v -0.034464 -0.030998 -0.144756
v -0.018300 -0.126630 0.453910
v -0.022892 -0.097272 0.097186
v -0.026766 -0.060240 0.252628
v -0.038148 0.001462 -0.143131
v -0.017001 -0.116795 0.082528
v -0.030678 -0.052545 -0.146209
v -0.026748 -0.048053 -0.172715
v -0.027109 -0.068911 -0.143512
v -0.023075 -0.055365 0.300425
v -0.030599 -0.024027 -0.169620
v -0.031832 0.002039 -0.175880
v -0.026370 -0.025937 -0.195307
v -0.022544 -0.040397 -0.208757
v -0.020583 -0.019533 -0.245362
v -0.016194 -0.039730 -0.256567
v -0.017293 -0.021271 -0.272141
v -0.014859 -0.037205 -0.277545
v -0.013679 -0.037343 -0.301155
v -0.015218 -0.022804 -0.300932
v -0.013054 -0.038239 -0.330075
v -0.015687 -0.009565 -0.305435
v -0.013555 -0.010979 -0.340096
v -0.012269 -0.029258 -0.357336
v -0.011191 -0.045325 -0.353387
v -0.009841 -0.049820 -0.377180
v -0.008342 -0.057591 -0.371989
v -0.008018 -0.065149 -0.391202
v -0.008096 -0.063050 -0.403326
v -0.006539 -0.094291 -0.418433
v -0.007283 -0.075775 -0.418009
v -0.006912 -0.085239 -0.428433
v -0.005628 -0.119980 -0.445322
v -0.004436 -0.135763 -0.465889
v -0.000477 -0.164753 -0.475799
v -0.000556 -0.164733 -0.488039
v -0.005217 -0.123169 -0.467288
v -0.001859 -0.142751 -0.488546
v -0.011312 -0.018684 -0.378228
v -0.007135 -0.058067 -0.419507
v -0.005720 -0.082747 -0.439930
v -0.026220 -0.008994 -0.208350
v -0.027584 0.001898 -0.201859
v 0.000118 -0.150256 -0.498624
v -0.011451 -0.002460 -0.373260
v -0.010081 -0.004548 -0.395808
v -0.008657 -0.018751 -0.406837
v -0.007322 -0.042866 -0.415193
v -0.005204 -0.060048 -0.434845
v -0.004095 -0.082472 -0.451447
v -0.007493 0.009601 -0.420078
v -0.018916 -0.044457 -0.224936
v -0.005967 -0.001286 -0.428812
v -0.006561 0.033371 -0.441564
v -0.005536 0.016939 -0.440563
v -0.004685 0.026638 -0.453523
v -0.005805 0.053933 -0.465061
v -0.004520 0.049914 -0.472725
v -0.005818 0.072410 -0.464604
v -0.003807 0.076613 -0.488301
v -0.007324 0.021254 -0.414249
v -0.006207 0.047982 -0.434831
v -0.005932 -0.019428 -0.424004
v -0.005100 -0.041799 -0.428817
v -0.004328 0.097811 -0.470672
v -0.002285 0.099213 -0.490894
v -0.031008 0.017241 -0.180107
v -0.020714 -0.130101 0.466901
v -0.006165 0.036660 -0.411633
v -0.007671 0.019333 -0.394109
v -0.009792 0.002435 -0.388370
v -0.004133 0.092702 -0.458490
v -0.004373 0.082790 -0.447616
v -0.004530 0.064263 -0.429314
v -0.005131 0.043789 -0.409047
v -0.001841 0.089248 -0.498006
v -0.000024 -0.126725 -0.498843
v -0.002428 -0.121740 -0.482529
v -0.004547 -0.114869 -0.467826
v -0.001413 0.068919 -0.495875
v -0.001994 0.054395 -0.486596
v -0.002129 0.034800 -0.471936
v -0.018561 -0.136556 0.461780
v -0.039298 -0.039666 0.139627
v -0.012834 -0.005029 -0.337271
v -0.000245 -0.111332 -0.490060
v -0.008073 0.013051 -0.375349
v 0.000059 -0.101437 -0.482221
v -0.001894 -0.096246 -0.469244
v -0.006461 0.025457 -0.388182
v -0.000469 0.006663 -0.453521
v -0.022007 -0.145850 0.479655
v -0.021129 -0.133374 0.475565
v -0.022458 -0.145202 0.488215
v -0.021628 -0.140230 0.492908
v -0.019836 -0.062807 -0.186651
v -0.043528 -0.004101 0.154751
v -0.002038 0.104236 -0.484391
v -0.017962 -0.056962 0.430002
v -0.029925 0.020639 0.335137
v -0.014933 -0.123125 0.073123
v -0.000230 -0.006847 -0.445103
v -0.040567 -0.005734 0.165669
v -0.009643 0.006012 -0.366357
v -0.011121 0.000861 -0.350487
v -0.018883 -0.114434 -0.090513
v -0.019730 -0.099290 0.472901
v -0.019758 -0.109211 0.485383
v -0.019920 -0.110758 0.490202
v -0.019606 -0.117504 0.493140
v -0.017128 -0.125664 0.080588
v -0.017849 -0.119171 0.088109
v -0.016755 -0.125684 0.091289
v -0.019911 -0.156934 0.063778
v -0.019240 -0.173152 0.075307
v -0.016556 -0.138329 0.096936
v -0.017566 -0.153594 0.089499
v -0.021022 -0.179967 0.041871
v -0.019170 -0.143915 0.046220
v -0.020708 -0.171399 0.024347
v -0.021904 -0.194854 0.019602
v -0.020679 -0.186718 0.056745
v -0.020113 -0.190353 0.041250
v -0.020428 -0.193584 0.034189
v -0.019948 -0.165053 0.021466
v -0.022136 -0.194638 0.027278
v -0.017954 -0.133554 0.053850
v -0.019776 -0.189985 0.056070
v -0.018890 -0.154418 0.025051
v -0.018693 -0.182884 0.070880
v -0.017982 -0.118149 -0.057929
v -0.017024 -0.138678 0.037084
v -0.019808 -0.128079 0.470501
v -0.019377 -0.107062 -0.109987
v -0.023365 -0.077471 -0.147371
v -0.014199 -0.004551 -0.311260
v 0.000049 -0.059104 -0.453713
v 0.000039 -0.072920 -0.462510
v 0.000250 -0.050077 -0.449115
v -0.000536 -0.084039 -0.467864
v -0.015196 -0.051097 -0.231003
v -0.017530 -0.039859 0.415711
v -0.012073 -0.043247 -0.279342
v -0.016775 -0.114543 0.091408
v 0.000026 -0.013798 -0.442562
v -0.000168 -0.025882 -0.440328
v 0.000093 -0.036304 -0.442521
v -0.018181 -0.095599 0.474708
v -0.001596 0.107821 -0.472982
v -0.027308 0.026926 0.342586
v -0.014740 -0.122166 0.040312
v -0.014877 -0.123227 -0.002101
v -0.014236 -0.125440 -0.074651
v -0.020646 -0.197698 0.022216
v -0.021698 -0.000961 0.373990
v -0.022553 0.015069 0.361799
v -0.038189 -0.036194 0.143475
v -0.038008 -0.030740 0.144932
v -0.002215 0.101630 -0.462117
v -0.011202 0.000104 -0.318419
v -0.017368 -0.066170 0.441678
v -0.017754 -0.084052 0.460948
v -0.000092 -0.093577 -0.473249
v -0.012001 -0.047333 -0.260194
v -0.015372 -0.121608 -0.089790
v -0.016097 -0.144921 0.096095
v -0.000516 0.077835 -0.499214
v -0.019821 -0.095138 -0.128731
v -0.020024 -0.082863 -0.150310
v -0.017806 -0.067250 -0.186219
v -0.013433 -0.120121 0.099018
v -0.014142 -0.128372 0.101254
v -0.018285 -0.115326 0.496215
v -0.029054 0.029406 0.338569
v -0.015929 -0.114347 -0.106364
v -0.014530 -0.078513 0.410782
v -0.013930 -0.071021 0.401067
v -0.018152 -0.144444 0.468372
v -0.002555 0.070915 -0.428768
v -0.004574 0.034245 -0.393157
v -0.006601 0.016338 -0.373513
v 0.000007 0.055428 -0.491420
v -0.042600 -0.025186 0.139359
v -0.014020 -0.089453 0.421006
v -0.033226 0.013781 0.321014
v -0.032877 0.014203 0.310893
v -0.032310 0.017137 0.330412
v -0.044394 -0.014054 0.144997
v -0.044261 -0.009609 0.148248
v -0.002182 0.086298 -0.443430
v -0.000160 0.095276 -0.498536
v -0.040477 -0.026899 0.142641
v -0.017422 -0.147321 0.028672
v -0.018185 -0.151650 0.483209
v -0.000067 0.024816 -0.468098
v 0.000083 0.039178 -0.479256
v -0.013863 -0.107914 0.436159
v -0.000173 -0.155540 -0.462920
v -0.018918 -0.147931 0.493347
v -0.013881 -0.054221 0.438575
v -0.013878 -0.077373 0.463361
v -0.006870 0.009204 -0.361389
v -0.015481 -0.120319 0.499158
v -0.010812 -0.054697 -0.239729
v -0.011768 -0.062951 -0.216246
v -0.011701 -0.069708 -0.198081
v -0.007580 -0.051556 -0.268156
v -0.005993 -0.049639 -0.280029
v -0.002398 -0.051193 -0.296116
v -0.017424 -0.150030 0.475457
v -0.044709 -0.021617 0.141963
v -0.014412 -0.079040 -0.171415
v -0.011919 -0.079462 -0.179185
v -0.012239 -0.085695 -0.164106
v -0.012253 -0.092787 -0.148710
v -0.017260 -0.120441 0.493769
v 0.000778 -0.138056 -0.499636
v -0.018697 -0.130692 0.478171
v -0.000149 -0.148795 -0.455273
v -0.018604 -0.134254 0.487552
v -0.013677 -0.100133 0.488803
v -0.018905 -0.137419 0.495679
v 0.000024 0.103063 -0.489940
v -0.000871 0.056543 -0.410711
v -0.002104 0.039583 -0.393849
v -0.001609 0.024913 -0.376248
v 0.000067 -0.052422 -0.299964
v -0.003846 -0.055470 -0.297916
v -0.016048 -0.132990 0.050071
v -0.000280 -0.057157 -0.303140
v -0.000001 -0.061057 -0.303467
v -0.006006 -0.061770 -0.294949
v -0.002203 -0.066624 -0.297523
v -0.005973 -0.078390 -0.269955
v -0.002341 -0.076399 -0.282150
v -0.001668 -0.089821 -0.264749
v -0.001645 -0.099631 -0.250639
v -0.006267 -0.099080 -0.239094
v -0.001599 -0.112413 -0.234328
v -0.001658 -0.117997 -0.227475
v -0.015473 -0.128987 0.061122
v 0.000684 -0.165536 -0.480425
v 0.000055 0.065554 -0.420300
v -0.009610 -0.095490 0.422663
v -0.000040 -0.094232 0.419056
v 0.000367 -0.112847 0.435870
v 0.000260 -0.080921 0.405524
v -0.009837 -0.078689 0.406454
v -0.009204 -0.067132 0.391529
v -0.000251 -0.067365 0.388233
v -0.009688 -0.059877 0.381070
v -0.009317 -0.110865 0.435336
v -0.009870 -0.132544 0.453691
v -0.013807 -0.130155 0.452109
v -0.013011 -0.144100 0.464254
v 0.001780 -0.125764 0.449232
v 0.009125 -0.121995 0.444939
v 0.013018 -0.133881 0.454747
v 0.008829 -0.104462 0.430377
v 0.010149 -0.084869 0.413071
v 0.010906 -0.073291 0.400429
v 0.010041 -0.061944 0.384599
v 0.013573 -0.113962 0.440522
v 0.000059 -0.130300 0.454821
v 0.007182 -0.131930 0.454610
v 0.013069 -0.140463 0.460382
v -0.002766 -0.132658 0.457870
v 0.000466 -0.060620 0.376954
v 0.011001 -0.054542 0.369120
v 0.013541 -0.096973 0.427205
v 0.018944 -0.143520 0.467110
v 0.013635 -0.148273 0.468390
v -0.012235 -0.053573 0.367563
v 0.007324 -0.136463 0.460225
v 0.017467 -0.152197 0.477350
v 0.012518 -0.152237 0.474866
v -0.018152 -0.144444 0.468372
v -0.017424 -0.150030 0.475457
v -0.013050 -0.152102 0.476298
v -0.007513 -0.144760 0.470192
v -0.004214 -0.138027 0.464788
v -0.013863 -0.107914 0.436159
v 0.000034 -0.055504 0.361334
v -0.014020 -0.089453 0.421006
v -0.014530 -0.078513 0.410782
v -0.013930 -0.071021 0.401067
v -0.013584 -0.058234 0.383686
v -0.018561 -0.136556 0.461780
v -0.011914 -0.051123 0.354417
v -0.018185 -0.151650 0.483209
v 0.008774 -0.052580 0.357406
v 0.004345 -0.132952 0.459452
v 0.001097 -0.130383 0.456918
v -0.018300 -0.126630 0.453910
v 0.018075 -0.131194 0.456680
v 0.016635 -0.152634 0.482912
v 0.013365 -0.050726 0.360283
v 0.014118 -0.055147 0.377373
v 0.014387 -0.062110 0.390800
v 0.014933 -0.084277 0.417790
v 0.015299 -0.073342 0.406966
v 0.012339 -0.152242 0.478975
v 0.006020 -0.136302 0.463003
v 0.008654 -0.142611 0.469011
v 0.009000 -0.145736 0.472427
v 0.017612 -0.104069 0.463800
v 0.016255 -0.104323 0.453150
v 0.017875 -0.112469 0.464848
v 0.016240 -0.092874 0.448927
v 0.013669 -0.097374 0.437902
v 0.015467 -0.079128 0.436726
v 0.013538 -0.080570 0.426491
v 0.014310 -0.071224 0.427737
v 0.013544 -0.071487 0.419348
v 0.013914 -0.063628 0.414685
v 0.013954 -0.115231 0.452807
v 0.015805 -0.124399 0.466054
v 0.013684 -0.105825 0.444773
v 0.009655 -0.070691 0.408995
v 0.012201 -0.126981 0.459254
v 0.009179 -0.076271 0.413765
v 0.009610 -0.084325 0.421891
v 0.009702 -0.092440 0.428487
v 0.016311 -0.091004 0.455701
v 0.017548 -0.099750 0.469505
v 0.015682 -0.083578 0.446238
v 0.013427 -0.058820 0.424224
v 0.013712 -0.069526 0.437736
v 0.020223 -0.106728 0.471489
v 0.020594 -0.113279 0.466191
v 0.013573 -0.081543 0.455694
v 0.014338 -0.091394 0.468543
v 0.018303 -0.104952 0.478424
v 0.009841 -0.102922 0.437117
v 0.009335 -0.116242 0.448612
v 0.009136 -0.056084 0.432573
v 0.009206 -0.069037 0.447337
v 0.014199 -0.102562 0.484975
v 0.018222 -0.108912 0.485163
v 0.008966 -0.080239 0.461927
v 0.009094 -0.087829 0.472474
v 0.009289 -0.095487 0.482429
v 0.015956 -0.110780 0.489856
v 0.020420 -0.106469 0.478853
v -0.000491 0.003147 -0.315879
v -0.011202 0.000104 -0.318419
v -0.000782 0.004165 -0.298721
v -0.011429 0.002171 -0.293708
v -0.000372 0.009444 -0.275944
v -0.010735 0.008115 -0.271280
v -0.012788 0.013759 -0.254765
v -0.002052 0.016535 -0.256995
v 0.001098 0.016951 -0.256074
v -0.015317 0.006951 -0.267031
v -0.000529 0.004667 -0.335720
v -0.007952 0.003129 -0.345111
v -0.013779 0.000424 -0.296669
v -0.015829 0.003259 -0.275556
v -0.011121 0.000861 -0.350487
v -0.000309 0.008372 -0.349749
v -0.018268 0.006402 -0.259717
v -0.019053 0.014031 -0.244781
v -0.007352 0.021880 -0.245387
v -0.016817 0.019716 -0.240494
v -0.009560 0.030186 -0.232818
v -0.018864 0.027622 -0.227166
v 0.009838 0.002491 -0.296574
v 0.010337 0.009241 -0.269292
v 0.011443 0.000122 -0.317114
v 0.002159 0.002994 -0.323154
v 0.006626 0.017388 -0.252390
v 0.010585 0.001163 -0.334383
v 0.010692 0.002543 -0.353505
v 0.007304 0.005558 -0.352701
v 0.015082 0.009732 -0.261958
v 0.016251 0.016009 -0.247371
v 0.013505 0.000780 -0.294595
v 0.015141 0.005024 -0.273746
v 0.007787 0.022058 -0.244939
v 0.016373 0.025110 -0.233366
v -0.006870 0.009204 -0.361389
v 0.011229 0.034352 -0.225518
v 0.019179 0.034243 -0.218555
v 0.011618 0.047447 -0.210376
v -0.001215 0.014045 -0.362055
v 0.000728 0.013735 -0.360890
v 0.001003 0.023428 -0.374223
v -0.006601 0.016338 -0.373513
v -0.001609 0.024913 -0.376248
v 0.000131 0.030855 -0.382721
v -0.002104 0.039583 -0.393849
v 0.001003 0.042168 -0.395428
v -0.000020 0.046898 -0.400448
v -0.010790 -0.084367 0.269388
v -0.000697 -0.088844 0.268325
v -0.010254 -0.077450 0.290105
v -0.000077 -0.082078 0.286795
v -0.000530 -0.074531 0.307311
v -0.010648 -0.071250 0.306750
v -0.000384 -0.097745 0.241526
v -0.011024 -0.064994 0.320089
v -0.000183 -0.067203 0.323857
v -0.010192 -0.091634 0.246276
v -0.000484 -0.102714 0.223828
v -0.006505 -0.101047 0.219817
v -0.000795 -0.107117 0.207155
v -0.011175 -0.054757 0.339914
v -0.000309 -0.061234 0.335011
v -0.000467 -0.055636 0.346490
v -0.011065 -0.052141 0.344654
v -0.006473 -0.110324 0.178535
v -0.000527 -0.110549 0.191254
v -0.000579 -0.114827 0.169267
v -0.000755 -0.118419 0.144642
v -0.010063 -0.115944 0.128895
v -0.010320 -0.105235 0.190064
v -0.010253 -0.111235 0.155678
v -0.009666 -0.118216 0.120182
v -0.010618 -0.097324 0.222748
v -0.000290 -0.122343 0.121194
v -0.010670 -0.121649 0.104151
v -0.000474 -0.126314 0.103590
v -0.010930 -0.123408 0.098057
v -0.003076 -0.127980 0.085440
v -0.011914 -0.051123 0.354417
v -0.017978 -0.093593 0.186697
v -0.014733 -0.110134 0.122190
v -0.018266 -0.102334 0.131943
v -0.016775 -0.114543 0.091408
v -0.018696 -0.082826 0.234523
v -0.018332 -0.076142 0.265210
v -0.023233 -0.069491 0.257260
v -0.018965 -0.067544 0.290014
v -0.013433 -0.120121 0.099018
v -0.018100 -0.058490 0.316618
v -0.023075 -0.055365 0.300425
v -0.018611 -0.044574 0.343089
v -0.022328 -0.043720 0.329120
v -0.022191 -0.036488 0.350704
v -0.023080 -0.082917 0.186381
v -0.022658 -0.092567 0.133648
v -0.022892 -0.097272 0.097186
v -0.017001 -0.116795 0.082528
v -0.027765 -0.076173 0.157841
v -0.028035 -0.067044 0.199059
v -0.020304 -0.040974 0.362529
v -0.018410 -0.045715 0.364729
v -0.026766 -0.060240 0.252628
v -0.027948 -0.045269 0.284856
v -0.027313 -0.080229 0.127711
v -0.018399 -0.050221 0.381404
v -0.012235 -0.053573 0.367563
v -0.013584 -0.058234 0.383686
v -0.018014 -0.061213 0.399663
v -0.013930 -0.071021 0.401067
v 0.000034 -0.055504 0.361334
v -0.011377 -0.125624 0.092123
v -0.050090 0.035622 0.310703
v -0.047708 0.027668 0.310946
v -0.048105 0.029381 0.321732
v -0.050011 0.039518 0.321582
v -0.050251 0.048028 0.310675
v -0.049978 0.048944 0.322115
v -0.046488 0.041317 0.332349
v -0.044127 0.030404 0.333030
v -0.040987 0.018977 0.326617
v -0.041328 0.017115 0.317581
v -0.040015 0.022646 0.332263
v -0.041818 0.018745 0.310141
v -0.045376 0.049630 0.331092
v -0.040618 0.038516 0.337824
v -0.039766 0.030903 0.337194
v -0.047655 0.053935 0.322082
v -0.047712 0.053902 0.311586
v -0.032310 0.017137 0.330412
v -0.033226 0.013781 0.321014
v -0.029925 0.020639 0.335137
v -0.032877 0.014203 0.310893
v -0.029054 0.029406 0.338569
v -0.004943 -0.063908 0.425132
v 0.005759 -0.064569 0.416832
v 0.004167 -0.062054 0.422794
v -0.000799 -0.069035 0.411641
v -0.010062 -0.071259 0.411586
v 0.013427 -0.058820 0.424224
v 0.009136 -0.056084 0.432573
v 0.013914 -0.063628 0.414685
v -0.006250 -0.072219 0.408652
v -0.002008 -0.059671 0.441101
v -0.008997 -0.061727 0.439837
v -0.013902 -0.064382 0.431237
v 0.009655 -0.070691 0.408995
v -0.000124 -0.073187 0.407742
v -0.013469 -0.073117 0.423540
v 0.048909 0.033433 0.310060
v 0.048739 0.033449 0.321699
v 0.043537 0.020004 0.310294
v 0.043661 0.021329 0.323527
v 0.043939 0.027609 0.331735
v 0.040656 0.020413 0.330596
v 0.046276 0.035959 0.331906
v 0.038737 0.014346 0.318420
v 0.043303 0.024719 0.302452
v 0.049432 0.048158 0.308113
v 0.049530 0.049272 0.322062
v 0.047159 0.047476 0.329860
v 0.045899 0.036297 0.299964
v 0.048157 0.052865 0.313048
v 0.043609 0.046911 0.299097
v 0.046779 0.054486 0.321922
v 0.000118 -0.083659 0.470491
v 0.002826 -0.090872 0.479172
v -0.004508 -0.089178 0.476860
v -0.001476 -0.103653 0.493305
v -0.008451 -0.100558 0.488324
v -0.009326 -0.082722 0.465254
v -0.004093 -0.077337 0.460949
v -0.009616 -0.073861 0.453338
v 0.000089 -0.069657 0.452754
v -0.008604 -0.066896 0.445832
v -0.002008 -0.059671 0.441101
v -0.008997 -0.061727 0.439837
v -0.012323 -0.095826 0.479865
v -0.008157 -0.108434 0.494554
v 0.003591 -0.076384 0.459694
v -0.013648 -0.091305 0.470696
v -0.013183 -0.106691 0.489857
v -0.019758 -0.109211 0.485383
v -0.013793 -0.078934 0.451654
v -0.013790 -0.069023 0.438776
v -0.014302 -0.117816 0.493636
v -0.017260 -0.120441 0.493769
v -0.009916 -0.118929 0.497958
v -0.020135 -0.105795 0.477141
v -0.017198 -0.098351 0.470062
v -0.013902 -0.064382 0.431237
v -0.006153 -0.115611 0.497950
v 0.000179 -0.114693 0.498136
v 0.004455 -0.065322 0.446545
v 0.004277 -0.059008 0.439986
v 0.009136 -0.056084 0.432573
v 0.009289 -0.095487 0.482429
v 0.009473 -0.104706 0.491549
v 0.009094 -0.087829 0.472474
v 0.008966 -0.080239 0.461927
v 0.009206 -0.069037 0.447337
v -0.015481 -0.120319 0.499158
v 0.004016 -0.117897 0.498004
v 0.008843 -0.120222 0.497417
v 0.014199 -0.102562 0.484975
v 0.015956 -0.110780 0.489856
v 0.020668 -0.110813 0.487639
v 0.019395 -0.119174 0.493836
v 0.016937 -0.120769 0.497836
v 0.018222 -0.108912 0.485163
v 0.020420 -0.106469 0.478853
v 0.018303 -0.104952 0.478424
v -0.001921 -0.098509 0.431022
v -0.003060 -0.107808 0.437881
v 0.005657 -0.101745 0.433959
v 0.000764 -0.115551 0.443917
v -0.000134 -0.090914 0.424587
v 0.009702 -0.092440 0.428487
v 0.009610 -0.084325 0.421891
v 0.003848 -0.081510 0.416403
v -0.003833 -0.081237 0.416402
v 0.009179 -0.076271 0.413765
v -0.000124 -0.073187 0.407742
v 0.009655 -0.070691 0.408995
v 0.009841 -0.102922 0.437117
v 0.009335 -0.116242 0.448612
v 0.000341 -0.122234 0.449880
v 0.012201 -0.126981 0.459254
v 0.001097 -0.130383 0.456918
v 0.004345 -0.132952 0.459452
v -0.003313 -0.116882 0.445690
v -0.000552 -0.127972 0.455502
v -0.002766 -0.132658 0.457870
v -0.006250 -0.072219 0.408652
v -0.009200 -0.088687 0.425658
v -0.009708 -0.097398 0.432915
v -0.007761 -0.107354 0.439957
v -0.013226 -0.120751 0.455980
v -0.011984 -0.126482 0.459528
v -0.009644 -0.079259 0.418223
v -0.013619 -0.114704 0.451836
v -0.010062 -0.071259 0.411586
v 0.041371 0.057563 0.321810
v 0.027139 0.052069 0.329089
v 0.037580 0.051553 0.332011
v 0.027830 0.056206 0.321341
v 0.042675 0.051143 0.331339
v 0.027881 0.047386 0.333640
v 0.029034 0.057035 0.315410
v 0.037764 0.058304 0.311639
v 0.030169 0.056862 0.308430
v 0.042973 0.057294 0.311089
v 0.046779 0.054486 0.321922
v 0.038661 0.041161 0.338196
v 0.027401 0.039827 0.337614
v 0.047159 0.047476 0.329860
v 0.002456 -0.109480 0.499974
v -0.006153 -0.115611 0.497950
v 0.000179 -0.114693 0.498136
v -0.011656 -0.111922 0.499239
v 0.013490 -0.119082 0.499365
v 0.004016 -0.117897 0.498004
v -0.015481 -0.120319 0.499158
v 0.015008 -0.111778 0.498081
v 0.000563 -0.101886 0.497964
v -0.009916 -0.118929 0.497958
v 0.016937 -0.120769 0.497836
v -0.018285 -0.115326 0.496215
v -0.008967 -0.100156 0.493864
v 0.000583 -0.093568 0.490707
v -0.009035 -0.083126 0.475775
v 0.000108 -0.070033 0.464814
v -0.008973 -0.065145 0.456117
v -0.008939 -0.048654 0.439283
v 0.000063 -0.046124 0.439917
v -0.008619 -0.028093 0.419386
v 0.000080 -0.013535 0.408729
v -0.008859 -0.010688 0.402849
v 0.000070 -0.000949 0.397134
v -0.009291 0.012380 0.382416
v 0.000075 0.020995 0.377918
v -0.009528 0.028364 0.369174
v 0.000677 0.047148 0.357131
v -0.010100 0.050095 0.351700
v 0.000314 0.068149 0.339000
v -0.012266 0.075498 0.328625
v -0.013298 0.061078 0.340122
v -0.013452 0.038697 0.358200
v -0.013504 0.021413 0.371292
v -0.013707 0.004030 0.385132
v -0.013677 -0.100133 0.488803
v -0.013881 -0.035407 0.420476
v -0.013841 -0.014014 0.400445
v -0.013878 -0.077373 0.463361
v -0.013881 -0.054221 0.438575
v -0.019920 -0.110758 0.490202
v 0.009362 -0.013907 0.405641
v 0.009233 -0.026611 0.417893
v 0.009282 -0.041968 0.432548
v 0.009270 -0.056669 0.447158
v 0.009450 0.009845 0.384412
v 0.011014 0.027158 0.369230
v 0.009283 -0.068629 0.459672
v 0.009550 -0.084651 0.477379
v 0.012438 -0.104379 0.495358
v 0.012036 0.062114 0.340161
v 0.012175 0.072151 0.331249
v 0.000184 0.076793 0.331991
v -0.000181 0.093592 0.315546
v 0.012492 0.086593 0.316739
v 0.013538 0.047917 0.351057
v 0.013739 0.097510 0.302286
v -0.000361 0.103691 0.301221
v 0.013437 -0.098946 0.488579
v 0.016353 0.104351 0.286348
v -0.000415 0.111254 0.286029
v 0.013529 0.005111 0.384090
v 0.020094 0.045582 0.345950
v 0.013952 -0.020792 0.406324
v 0.022368 0.056864 0.333169
v 0.014415 -0.041877 0.425780
v 0.014043 -0.057906 0.441959
v 0.014013 -0.079898 0.465534
v 0.018876 0.016233 0.368149
v 0.022267 0.072894 0.317163
v 0.023504 0.042371 0.343875
v 0.022726 0.013689 0.362397
v 0.020201 -0.009606 0.382935
v 0.018659 -0.006855 0.386207
v 0.020668 -0.110813 0.487639
v 0.025529 0.081182 0.300344
v 0.017866 -0.088302 0.465905
v 0.018316 -0.024592 0.401117
v 0.018041 -0.042396 0.417080
v 0.017918 -0.062041 0.436585
v 0.019395 -0.119174 0.493836
v 0.028069 0.033618 0.339046
v -0.000282 -0.056527 -0.339488
v 0.007278 -0.050358 -0.326065
v 0.000430 -0.052135 -0.318123
v 0.006520 -0.055862 -0.348120
v 0.001015 -0.049244 -0.300789
v -0.000968 -0.050275 -0.300977
v 0.011430 -0.042433 -0.298998
v 0.000295 -0.060334 -0.351503
v 0.002066 -0.062825 -0.360373
v 0.011520 -0.043383 -0.283820
v 0.007239 -0.057816 -0.360387
v 0.007599 -0.060855 -0.370559
v 0.011264 -0.044263 -0.314837
v 0.011171 -0.046522 -0.340370
v 0.002483 -0.050788 -0.290424
v 0.008383 -0.049288 -0.269445
v 0.012674 -0.045825 -0.262763
v 0.010653 -0.053827 -0.246232
v 0.016259 -0.044712 -0.242970
v 0.015311 -0.052767 -0.227548
v 0.011978 -0.059364 -0.226345
v 0.000067 -0.052422 -0.299964
v 0.015864 -0.061399 -0.205153
v 0.012230 -0.066425 -0.206562
v 0.012290 -0.072404 -0.192295
v 0.018722 -0.069469 -0.179264
v 0.014430 -0.078100 -0.173178
v 0.019884 -0.082596 -0.150999
v 0.014678 -0.092141 -0.143564
v 0.033188 0.013665 0.311453
v 0.038737 0.014346 0.318420
v 0.032122 0.016347 0.330392
v 0.040656 0.020413 0.330596
v 0.043537 0.020004 0.310294
v 0.033507 0.017145 0.304269
v 0.043303 0.024719 0.302452
v 0.033824 0.025034 0.296644
v 0.040175 0.033134 0.296317
v 0.045899 0.036297 0.299964
v 0.019697 -0.158004 0.030244
v 0.020900 -0.146541 0.033973
v 0.021970 -0.160853 0.029365
v 0.019482 -0.141913 0.033636
v 0.021168 -0.162517 0.024752
v 0.043232 0.019409 0.004660
v 0.041830 0.001759 0.034825
v 0.043140 0.002461 -0.028021
v 0.042340 0.017465 0.052204
v 0.043514 0.023457 -0.049682
v 0.042790 0.037898 0.016701
v 0.041933 0.035444 0.078265
v 0.042929 0.038913 -0.045098
v 0.042329 0.010109 0.101178
v 0.041927 -0.000497 0.075811
v 0.042782 -0.006649 0.118550
v 0.041863 -0.019147 0.100882
v 0.042729 0.002353 -0.081835
v 0.041756 0.022948 -0.106566
v 0.041086 0.040333 -0.100387
v 0.041853 0.017672 0.118813
v 0.040736 0.027874 0.155634
v 0.041798 -0.003122 0.141465
v 0.040881 0.046548 0.120266
v 0.039477 0.046632 0.170824
v 0.042169 -0.013294 0.141355
v 0.041023 0.049962 0.082475
v 0.042030 0.049115 0.013641
v 0.039363 0.021213 0.191117
v 0.040260 0.007058 0.167867
v 0.037570 0.042800 0.245180
v 0.037838 0.061456 0.200725
v 0.036723 0.058709 0.251099
v 0.041126 -0.000608 0.158284
v 0.039877 0.067216 0.048390
v 0.038032 0.063956 0.154287
v 0.038733 0.066399 0.111420
v 0.035487 0.042890 0.281912
v 0.036955 0.027966 0.256820
v 0.036475 0.003904 0.243643
v 0.040082 0.067732 0.004390
v 0.039597 0.067701 -0.045948
v 0.034548 0.057915 0.279314
v 0.033399 0.050756 0.298554
v 0.039827 0.033661 -0.130038
v 0.040648 0.002076 -0.130113
v 0.034236 0.017308 0.294598
v 0.034893 0.004375 0.271092
v 0.034161 0.043142 0.295111
v 0.034321 0.034652 0.294072
v 0.039099 -0.008383 0.176081
v 0.041227 -0.027541 0.126390
v 0.031433 0.001770 0.320162
v 0.036089 -0.013698 0.221942
v 0.036688 -0.025201 0.191280
v 0.033967 -0.015239 0.254294
v 0.031130 -0.012309 0.300419
v 0.041703 -0.010005 -0.041051
v 0.039641 -0.025337 -0.091125
v 0.038352 -0.021097 -0.128599
v 0.031091 -0.050054 0.233350
v 0.029742 -0.048398 0.255768
v 0.034176 -0.042780 0.192761
v 0.039044 -0.029947 -0.062581
v 0.038858 -0.019591 0.036372
v 0.037979 -0.030172 0.001661
v 0.039296 -0.017157 0.053191
v 0.039659 -0.020294 0.070992
v 0.040054 -0.030607 0.094918
v 0.027473 -0.041474 0.295117
v 0.028022 -0.018998 0.323963
v 0.039868 -0.031649 0.136505
v 0.036335 -0.046707 -0.083278
v 0.034833 -0.050333 -0.114340
v 0.029219 -0.002281 0.334971
v 0.025230 -0.022696 0.343531
v 0.025143 -0.036643 0.321888
v 0.030716 0.013805 0.332727
v 0.026028 -0.005078 0.355939
v 0.023170 -0.026497 0.359130
v 0.023373 -0.013367 0.370898
v 0.021607 -0.025716 0.384575
v 0.020115 -0.040100 0.383226
v 0.019938 -0.045976 0.407306
v 0.018165 -0.056732 0.394410
v 0.019667 -0.060726 0.421843
v 0.027701 -0.048474 0.279110
v 0.031034 -0.062462 0.036917
v 0.033830 -0.054736 -0.020634
v 0.031924 -0.057174 0.053057
v 0.025870 -0.088379 0.075091
v 0.017869 -0.066718 0.408906
v 0.031423 -0.059248 0.181395
v 0.033162 -0.053769 0.076361
v 0.033065 -0.054847 -0.129601
v 0.037570 -0.044244 0.131575
v 0.036758 -0.047290 0.121757
v 0.041017 -0.020868 0.140928
v 0.040346 -0.024676 0.145867
v 0.032448 -0.065742 -0.090761
v 0.028478 -0.079623 -0.012251
v 0.023296 -0.097582 0.037042
v 0.028073 -0.084063 -0.059750
v 0.027449 -0.087642 -0.084616
v 0.023906 -0.098038 -0.004153
v 0.020484 -0.039391 0.359339
v 0.018315 -0.049285 0.380009
v 0.032169 -0.060608 0.102072
v 0.027489 -0.081735 0.095120
v 0.022064 -0.039385 0.337083
v 0.030076 -0.074206 -0.106987
v 0.029203 -0.071898 0.140213
v 0.032297 -0.059093 0.124047
v 0.020335 -0.082306 0.443608
v 0.032646 -0.058252 0.143692
v 0.035505 -0.047000 0.139589
v 0.017669 -0.089263 0.429035
v 0.022393 -0.105425 -0.058240
v 0.020064 -0.112156 -0.003959
v 0.019927 -0.110777 0.058337
v 0.024069 -0.094171 0.096281
v 0.023544 -0.090774 0.129979
v 0.033373 -0.058908 0.154917
v 0.035282 -0.047995 0.173433
v 0.037160 -0.029870 0.186824
v 0.038977 -0.014210 0.180448
v 0.031941 -0.046707 -0.146898
v 0.026911 -0.082254 -0.121662
v 0.034408 -0.054479 0.165156
v 0.026849 -0.061126 0.246282
v 0.022555 -0.102970 -0.096761
v 0.020882 -0.109764 -0.082131
v 0.019375 -0.112453 0.451578
v 0.021335 -0.103798 0.463350
v 0.020246 -0.132189 0.462966
v 0.020594 -0.113279 0.466191
v 0.020223 -0.106728 0.471489
v 0.020673 -0.131408 0.469177
v 0.021924 -0.144949 0.480162
v 0.035030 -0.024985 -0.146011
v 0.040353 -0.034148 0.141212
v 0.021929 -0.140497 0.488647
v 0.019633 -0.148942 0.489746
v 0.028019 -0.074943 0.156065
v 0.025542 -0.075470 0.193656
v 0.033982 -0.056777 0.159231
v 0.022296 -0.054049 0.306587
v 0.029888 -0.030413 -0.169530
v 0.026973 -0.047164 -0.173300
v 0.026903 -0.023824 -0.193146
v 0.023012 -0.042724 -0.203185
v 0.018889 -0.033434 -0.242748
v 0.024483 -0.015056 -0.217312
v 0.019652 -0.018021 -0.249935
v 0.015438 -0.033340 -0.275597
v 0.017707 -0.014244 -0.268622
v 0.017895 -0.001951 -0.273984
v 0.013736 -0.036794 -0.298898
v 0.015616 -0.007557 -0.301518
v 0.013467 -0.036738 -0.313556
v 0.014749 -0.038879 -0.269589
v 0.013562 -0.010951 -0.333571
v 0.012121 -0.025212 -0.354116
v 0.011091 -0.046892 -0.352458
v 0.009399 -0.053276 -0.377723
v 0.010669 -0.023968 -0.378181
v 0.008372 -0.053392 -0.396055
v 0.007049 -0.072458 -0.398226
v 0.005711 -0.095449 -0.438781
v 0.005861 -0.097778 -0.422215
v 0.004537 -0.126184 -0.453451
v 0.003604 -0.125497 -0.440950
v 0.001859 -0.148902 -0.459873
v 0.004591 -0.109185 -0.425235
v 0.005486 -0.090429 -0.407068
v 0.003113 -0.142301 -0.470558
v 0.000684 -0.165536 -0.480425
v 0.001040 -0.160974 -0.488529
v 0.003987 -0.127115 -0.470253
v 0.005906 -0.080565 -0.396349
v 0.006005 -0.071633 -0.384581
v 0.001024 -0.151734 -0.497773
v 0.020247 -0.001124 -0.252170
v 0.027344 0.001643 -0.202940
v 0.023042 0.000277 -0.233167
v 0.008357 -0.027226 -0.404781
v 0.010369 -0.007168 -0.385896
v 0.006415 -0.061452 -0.420701
v 0.010971 -0.003132 -0.375474
v 0.032045 0.002264 -0.173924
v 0.012112 -0.004582 -0.349560
v 0.000778 -0.138056 -0.499636
v 0.027768 -0.066097 -0.146258
v 0.007832 0.001098 -0.407725
v 0.005405 -0.001454 -0.428431
v 0.006430 0.012253 -0.424851
v 0.005576 0.022408 -0.440536
v 0.006039 0.041431 -0.449537
v 0.005372 0.057915 -0.467812
v 0.004477 0.045199 -0.469113
v 0.003869 0.013802 -0.445870
v 0.005664 0.070466 -0.461009
v 0.002689 0.066907 -0.493126
v 0.004899 0.082839 -0.473834
v 0.005938 0.048027 -0.434741
v 0.006590 0.027018 -0.415248
v 0.003417 0.097542 -0.487562
v 0.002025 0.089279 -0.499642
v 0.007613 0.016504 -0.397695
v 0.003764 -0.112111 -0.467333
v 0.004787 -0.056047 -0.433231
v 0.004421 0.098866 -0.469742
v 0.004213 0.094791 -0.458294
v 0.004030 -0.087979 -0.451917
v 0.004900 -0.028223 -0.425048
v 0.005648 0.033434 -0.395601
v 0.004688 0.062640 -0.427234
v 0.004454 0.082730 -0.447557
v 0.002414 0.043411 -0.478684
v 0.000535 -0.116537 -0.492421
v 0.027666 0.024206 -0.196000
v 0.022492 0.011361 -0.228568
v 0.035375 0.031574 -0.156279
v 0.031623 0.029283 -0.175585
v 0.008860 0.008922 -0.379649
v 0.017721 -0.109537 0.443338
v 0.001845 0.007182 -0.449016
v 0.000026 -0.013798 -0.442562
v 0.001575 -0.090734 -0.465197
v 0.022703 -0.061559 -0.176433
v 0.036880 0.063545 -0.110085
v 0.036052 0.059665 -0.128766
v 0.038590 0.063069 -0.079646
v 0.001479 0.069768 -0.498008
v 0.009846 0.004797 -0.367033
v 0.010692 0.002543 -0.353505
v 0.018944 -0.143520 0.467110
v 0.018843 -0.116162 -0.060408
v -0.000024 -0.126725 -0.498843
v 0.018041 -0.042396 0.417080
v 0.017918 -0.062041 0.436585
v 0.018855 -0.054058 -0.206749
v 0.044085 -0.009535 0.149005
v 0.023193 -0.093896 -0.119475
v 0.001885 -0.137894 -0.446947
v 0.001936 -0.118755 -0.425081
v 0.016936 -0.115834 0.085530
v 0.015715 -0.122454 0.074932
v 0.030619 0.061105 -0.156881
v 0.028878 0.043647 -0.177570
v 0.011443 0.000122 -0.317114
v 0.017839 0.004548 -0.263839
v 0.018764 0.016086 -0.242276
v 0.014853 -0.123674 0.025622
v 0.022712 -0.072339 0.248575
v 0.000059 -0.101437 -0.482221
v 0.031509 0.078124 0.271577
v 0.015299 -0.073342 0.406966
v 0.022350 -0.062999 0.281511
v 0.006981 0.017231 -0.375487
v 0.000093 -0.036304 -0.442521
v -0.000168 -0.025882 -0.440328
v 0.000662 -0.057211 -0.451609
v 0.000039 -0.072920 -0.462510
v 0.023296 -0.077069 -0.149998
v 0.032627 0.078029 0.254416
v 0.022726 0.013689 0.362397
v 0.031197 0.071080 0.288397
v 0.031938 0.054800 0.303430
v 0.019249 -0.100549 0.126987
v 0.026078 0.012394 0.351968
v 0.029041 0.026581 0.337836
v 0.017866 -0.088302 0.465905
v 0.020420 -0.106469 0.478853
v 0.020668 -0.110813 0.487639
v 0.015624 -0.120844 -0.091981
v 0.014511 -0.125637 -0.068390
v 0.031905 0.086591 0.203314
v 0.030269 0.097160 0.147542
v 0.031224 0.097507 0.113677
v 0.032938 0.096492 0.042305
v 0.032707 0.097716 -0.002536
v 0.032397 0.098163 -0.028922
v 0.018316 -0.024592 0.401117
v 0.020201 -0.009606 0.382935
v 0.034280 0.078984 -0.086833
v 0.032480 0.095965 -0.047536
v 0.014933 -0.084277 0.417790
v 0.002157 0.101730 -0.489836
v 0.018385 -0.109751 -0.107450
v 0.002027 0.107588 -0.473156
v 0.029631 0.086252 -0.128603
v 0.028928 0.100307 -0.082042
v 0.044467 -0.019626 0.146659
v 0.030193 0.077367 -0.139805
v 0.017533 -0.118449 0.085966
v 0.027482 0.098709 0.252352
v 0.027499 0.102500 0.218413
v 0.027663 0.103075 0.199722
v 0.019585 0.025315 -0.227265
v 0.027498 0.092052 0.272887
v 0.027594 0.099650 -0.103745
v 0.022569 0.040805 -0.202131
v 0.028069 0.033618 0.339046
v 0.040505 -0.006285 0.167063
v 0.003267 0.086875 -0.445994
v 0.003768 0.056800 -0.416240
v 0.018075 -0.131194 0.456680
v 0.017428 -0.128252 0.076432
v 0.016467 -0.126099 0.093961
v 0.017630 -0.119456 0.090887
v 0.018688 -0.142456 0.077410
v 0.018222 -0.131638 0.062741
v 0.016507 -0.137305 0.097282
v 0.020015 -0.164625 0.071824
v 0.021884 -0.167193 0.051479
v 0.021657 -0.185358 0.054770
v 0.022328 -0.186484 0.038905
v 0.022129 -0.191203 0.020612
v 0.021742 -0.194704 0.033789
v 0.021391 -0.153526 0.046223
v 0.019707 -0.181912 0.070893
v 0.019084 -0.172122 0.076527
v 0.020348 -0.198591 0.024318
v 0.020367 -0.190608 0.054224
v 0.020109 -0.186056 0.062450
v 0.020665 -0.191670 0.038325
v 0.015052 -0.128335 0.101231
v 0.016436 -0.150780 0.092661
v 0.016202 -0.125370 0.066387
v 0.018634 -0.136923 0.042756
v 0.014484 -0.122323 0.099095
v 0.024943 0.122396 0.009174
v 0.023246 0.125039 -0.046753
v 0.024142 0.058626 -0.181881
v 0.025994 0.108355 0.169959
v 0.024634 0.119763 0.083251
v 0.019951 -0.095382 -0.128041
v 0.000250 -0.050077 -0.449115
v 0.013505 0.000780 -0.294595
v 0.015141 0.005024 -0.273746
v 0.031710 0.019903 0.333949
v 0.008103 0.008277 -0.361986
v -0.000556 -0.164733 -0.488039
v 0.018659 -0.006855 0.386207
v 0.018876 0.016233 0.368149
v -0.000536 -0.084039 -0.467864
v -0.000092 -0.093577 -0.473249
v 0.000007 0.055428 -0.491420
v 0.002326 0.100770 -0.460250
v 0.019346 -0.141116 0.494915
v 0.034825 -0.051206 0.142121
v 0.017467 -0.152197 0.477350
v 0.043236 -0.016100 0.169857
v 0.016244 -0.128663 0.057969
v 0.014387 -0.062110 0.390800
v 0.019236 -0.134589 0.490583
v 0.013541 -0.096973 0.427205
v 0.040301 -0.041236 0.138286
v 0.038068 -0.045858 0.136617
v -0.000067 0.024816 -0.468098
v -0.000469 0.006663 -0.453521
v -0.000230 -0.006847 -0.445103
v -0.000477 -0.164753 -0.475799
v -0.000173 -0.155540 -0.462920
v 0.000049 -0.059104 -0.453713
v 0.014118 -0.055147 0.377373
v 0.015202 -0.117388 0.095090
v 0.020905 -0.193120 0.020063
v -0.000149 -0.148795 -0.455273
v -0.000050 -0.143264 -0.449838
v 0.000083 0.039178 -0.479256
v 0.011141 -0.126892 -0.087577
v 0.015082 0.009732 -0.261958
v 0.013573 -0.113962 0.440522
v 0.018791 -0.130765 0.478240
v 0.019108 -0.126004 0.469844
v 0.012596 -0.103371 -0.130316
v -0.000160 0.095276 -0.498536
v 0.010764 -0.120581 -0.103998
v 0.000266 0.107336 -0.481210
v 0.016635 -0.152634 0.482912
v 0.044280 -0.006651 0.155306
v 0.045839 -0.009699 0.160152
v 0.000118 -0.150256 -0.498624
v -0.000245 -0.111332 -0.490060
v -0.037587 0.057419 0.323148
v -0.036878 0.050891 0.332286
v -0.027355 0.052525 0.328811
v -0.027880 0.056817 0.321699
v -0.026793 0.047315 0.333762
v -0.045376 0.049630 0.331092
v -0.042579 0.057060 0.322498
v -0.036457 0.042141 0.337517
v -0.027450 0.038424 0.337752
v -0.040618 0.038516 0.337824
v -0.047655 0.053935 0.322082
v -0.028422 0.057827 0.316888
v -0.041218 0.058267 0.311371
v -0.029738 0.057329 0.308911
v -0.047712 0.053902 0.311586
v -0.029054 0.029406 0.338569
v -0.039766 0.030903 0.337194
v -0.032486 0.051481 0.298539
v -0.042983 0.050030 0.300766
v -0.032486 0.051481 0.298539
v -0.043902 0.045899 0.299137
v -0.033847 0.039271 0.294009
v -0.044628 0.036374 0.298644
v -0.033250 0.033466 0.293514
v -0.041778 0.054549 0.305117
v -0.042723 0.027507 0.300430
v -0.050251 0.048028 0.310675
v -0.047712 0.053902 0.311586
v -0.050090 0.035622 0.310703
v -0.047708 0.027668 0.310946
v -0.033198 0.024066 0.297873
v -0.041281 0.022091 0.303985
v -0.041818 0.018745 0.310141
v -0.032875 0.017232 0.304516
v -0.032877 0.014203 0.310893
v -0.041218 0.058267 0.311371
v 0.001011 0.051711 -0.406138
v -0.000871 0.056543 -0.410711
v -0.000020 0.046898 -0.400448
v 0.001003 0.042168 -0.395428
v 0.003768 0.056800 -0.416240
v 0.000055 0.065554 -0.420300
v 0.000640 0.072854 -0.427827
v 0.003267 0.086875 -0.445994
v 0.000352 0.089376 -0.444195
v 0.000550 0.080521 -0.435467
v 0.004538 0.034010 -0.392201
v 0.000131 0.030855 -0.382721
v 0.000189 0.101357 -0.458317
v 0.002326 0.100770 -0.460250
v 0.006981 0.017231 -0.375487
v 0.001003 0.023428 -0.374223
v 0.000728 0.013735 -0.360890
v 0.008103 0.008277 -0.361986
v 0.000177 0.107388 -0.469201
v 0.002027 0.107588 -0.473156
v 0.004213 0.094791 -0.458294
v 0.007304 0.005558 -0.352701
v 0.010692 0.002543 -0.353505
v -0.000309 0.008372 -0.349749
v 0.005648 0.033434 -0.395601
v 0.010585 0.001163 -0.334383
v 0.039687 0.029939 0.337515
v 0.029041 0.026581 0.337836
v 0.031710 0.019903 0.333949
v 0.040656 0.020413 0.330596
v 0.032122 0.016347 0.330392
v 0.043939 0.027609 0.331735
v 0.028069 0.033618 0.339046
v 0.038661 0.041161 0.338196
v 0.042427 0.040041 0.336760
v 0.046276 0.035959 0.331906
v 0.047159 0.047476 0.329860
v 0.042675 0.051143 0.331339
v 0.027401 0.039827 0.337614
v 0.041604 0.054368 0.305224
v 0.043609 0.046911 0.299097
v 0.033399 0.050756 0.298554
v 0.031938 0.054800 0.303430
v 0.037764 0.058304 0.311639
v 0.042973 0.057294 0.311089
v 0.030169 0.056862 0.308430
v 0.047541 0.049714 0.305595
v 0.034161 0.043142 0.295111
v 0.048157 0.052865 0.313048
v 0.049432 0.048158 0.308113
v 0.046779 0.054486 0.321922
v 0.040175 0.033134 0.296317
v 0.034321 0.034652 0.294072
v 0.045899 0.036297 0.299964
v 0.033824 0.025034 0.296644
v -0.001919 -0.115015 -0.420846
v 0.001660 -0.112853 -0.418170
v -0.000542 -0.109814 -0.414313
v 0.001936 -0.118755 -0.425081
v -0.000059 -0.121501 -0.425896
v 0.001885 -0.137894 -0.446947
v -0.001847 -0.137620 -0.445168
v -0.000091 -0.136268 -0.441925
v -0.000050 -0.143264 -0.449838
v -0.001334 -0.102366 -0.407769
v 0.000168 -0.068084 -0.367106
v 0.001732 -0.072148 -0.374606
v 0.002066 -0.062825 -0.360373
v -0.000860 -0.074754 -0.377774
v 0.001899 -0.081686 -0.387586
v -0.001196 -0.081727 -0.387130
v -0.001915 -0.062289 -0.359420
v -0.000075 -0.090754 -0.396042
v 0.001976 -0.092868 -0.399495
v -0.000090 -0.097708 -0.402896
v 0.001795 -0.103020 -0.409052
v 0.007599 -0.060855 -0.370559
v 0.006005 -0.071633 -0.384581
v 0.005906 -0.080565 -0.396349
v 0.005486 -0.090429 -0.407068
v 0.004591 -0.109185 -0.425235
v 0.000295 -0.060334 -0.351503
v -0.001738 -0.181339 -0.164858
v 0.001300 -0.180870 -0.164439
v 0.001551 -0.189379 -0.156201
v -0.000578 -0.174792 -0.170715
v -0.001800 -0.189324 -0.156711
v -0.000075 -0.192815 -0.152402
v 0.002354 -0.164676 -0.176000
v -0.000258 -0.165963 -0.178528
v -0.000419 -0.156062 -0.188062
v 0.002042 -0.146644 -0.195266
v -0.002417 -0.160031 -0.181699
v -0.001825 -0.147088 -0.196073
v -0.003183 -0.171401 -0.169354
v -0.003791 -0.188400 -0.147588
v -0.000243 -0.193163 -0.143727
v -0.021904 -0.194854 0.019602
v -0.019811 -0.193864 0.019398
v -0.020646 -0.197698 0.022216
v -0.019948 -0.165053 0.021466
v -0.035446 -0.058024 0.146112
v -0.032955 -0.059328 0.148734
v -0.039595 -0.059611 0.149412
v -0.033629 -0.057851 0.156643
v -0.040914 -0.062457 0.140414
v -0.043861 -0.062872 0.135554
v -0.040886 -0.064383 0.135261
v -0.046645 -0.064556 0.120719
v -0.044111 -0.065820 0.122134
v -0.038203 -0.058579 0.138035
v -0.001757 -0.140304 -0.203198
v 0.000623 -0.143709 -0.199950
v -0.001825 -0.147088 -0.196073
v -0.000186 -0.132244 -0.212777
v 0.002042 -0.146644 -0.195266
v -0.000419 -0.156062 -0.188062
v 0.002324 -0.127088 -0.214581
v 0.000029 -0.121419 -0.224656
v 0.000397 -0.116073 -0.230808
v 0.001504 -0.110747 -0.235945
v -0.001668 -0.089821 -0.264749
v 0.001615 -0.086026 -0.269117
v -0.000303 -0.093957 -0.260195
v -0.000274 -0.083353 -0.274254
v 0.001841 -0.072870 -0.287714
v 0.001154 -0.098916 -0.251579
v -0.001645 -0.099631 -0.250639
v -0.000389 -0.105201 -0.244610
v -0.001599 -0.112413 -0.234328
v -0.002341 -0.076399 -0.282150
v -0.002203 -0.066624 -0.297523
v 0.001179 -0.064900 -0.299865
v -0.000001 -0.061057 -0.303467
v -0.001658 -0.117997 -0.227475
v -0.001883 -0.125726 -0.217994
v 0.007410 -0.115983 0.138311
v 0.007412 -0.110846 0.170881
v -0.000579 -0.114827 0.169267
v -0.000755 -0.118419 0.144642
v -0.000290 -0.122343 0.121194
v 0.009014 -0.120692 0.110235
v -0.000527 -0.110549 0.191254
v 0.007271 -0.106323 0.194810
v -0.000474 -0.126314 0.103590
v 0.011085 -0.122463 0.098231
v 0.004116 -0.126568 0.091831
v -0.000795 -0.107117 0.207155
v 0.007476 -0.101354 0.217657
v -0.000484 -0.102714 0.223828
v 0.008218 -0.093662 0.244144
v -0.000384 -0.097745 0.241526
v -0.000697 -0.088844 0.268325
v 0.009880 -0.083394 0.273611
v -0.000077 -0.082078 0.286795
v 0.009692 -0.073221 0.302195
v 0.011380 -0.090585 0.246684
v -0.000530 -0.074531 0.307311
v 0.009036 -0.065228 0.321234
v -0.000183 -0.067203 0.323857
v 0.013163 -0.064831 0.316108
v 0.012423 -0.054861 0.337843
v -0.000309 -0.061234 0.335011
v -0.000467 -0.055636 0.346490
v 0.009069 -0.052822 0.344992
v 0.013593 -0.050115 0.344955
v 0.012706 -0.076536 0.286085
v 0.010333 -0.104148 0.193442
v 0.008774 -0.052580 0.357406
v 0.000034 -0.055504 0.361334
v 0.013365 -0.050726 0.360283
v 0.011536 -0.095807 0.225607
v -0.003076 -0.127980 0.085440
v -0.004776 -0.130058 0.070825
v 0.002259 -0.131577 0.060810
v 0.018575 -0.083132 0.233542
v 0.011242 -0.125850 0.081942
v 0.014809 -0.103071 0.160868
v 0.013794 -0.125353 0.074752
v 0.007229 -0.130311 0.051297
v 0.020107 -0.090453 0.180276
v 0.025542 -0.075470 0.193656
v 0.022712 -0.072339 0.248575
v 0.019281 -0.070657 0.278472
v 0.010526 -0.114263 0.131442
v 0.012163 -0.127054 0.039981
v 0.018653 -0.059556 0.311152
v 0.015012 -0.110292 0.119370
v 0.019249 -0.100549 0.126987
v 0.016936 -0.115834 0.085530
v 0.015202 -0.117388 0.095090
v 0.019636 -0.043058 0.341497
v 0.022296 -0.054049 0.306587
v 0.022350 -0.062999 0.281511
v 0.015715 -0.122454 0.074932
v 0.014853 -0.123674 0.025622
v 0.010562 -0.130498 -0.001773
v 0.014511 -0.125637 -0.068390
v 0.011055 -0.130899 -0.071843
v 0.023544 -0.090774 0.129979
v 0.024069 -0.094171 0.096281
v 0.022064 -0.039385 0.337083
v 0.020484 -0.039391 0.359339
v 0.018427 -0.044549 0.362863
v 0.018315 -0.049285 0.380009
v 0.011141 -0.126892 -0.087577
v 0.014118 -0.055147 0.377373
v 0.007965 -0.132392 -0.083570
v 0.009951 -0.128047 -0.093816
v 0.005682 -0.159198 -0.109034
v 0.007539 -0.156910 -0.122080
v 0.002247 -0.166176 -0.105959
v 0.004952 -0.177079 -0.129894
v 0.002058 -0.183322 -0.127813
v 0.001929 -0.190959 -0.144419
v 0.004844 -0.182472 -0.145926
v 0.003940 -0.148561 -0.088879
v 0.010764 -0.120581 -0.103998
v 0.007877 -0.158059 -0.141367
v 0.005038 -0.177160 -0.156476
v 0.001551 -0.189379 -0.156201
v 0.011895 -0.110290 -0.120771
v 0.006858 -0.152547 -0.171881
v 0.010039 -0.117592 -0.164790
v 0.007991 -0.127789 -0.192305
v 0.009729 -0.097333 -0.212565
v 0.012290 -0.072404 -0.192295
v 0.011402 -0.104990 -0.156405
v 0.012230 -0.066425 -0.206562
v 0.010557 -0.076516 -0.237986
v 0.012596 -0.103371 -0.130316
v 0.013028 -0.091419 -0.150772
v 0.008493 -0.101993 -0.223610
v 0.012718 -0.082240 -0.172582
v 0.011978 -0.059364 -0.226345
v 0.008726 -0.082368 -0.251442
v 0.008926 -0.067300 -0.273602
v 0.010653 -0.053827 -0.246232
v 0.006123 -0.144249 -0.185590
v 0.006590 -0.120549 -0.210078
v 0.006733 -0.098626 -0.237877
v 0.007831 -0.052064 -0.269072
v 0.008383 -0.049288 -0.269445
v 0.007313 -0.061710 -0.288545
v 0.006522 -0.066315 -0.287033
v 0.006586 -0.082996 -0.260848
v 0.002483 -0.050788 -0.290424
v 0.002354 -0.164676 -0.176000
v 0.001300 -0.180870 -0.164439
v 0.014430 -0.078100 -0.173178
v 0.017533 -0.118449 0.085966
v 0.005606 -0.056046 -0.288703
v 0.003028 -0.058197 -0.300954
v 0.004969 -0.134295 -0.077018
v 0.014678 -0.092141 -0.143564
v -0.000075 -0.192815 -0.152402
v 0.018385 -0.109751 -0.107450
v 0.006782 -0.133217 -0.021734
v 0.001515 -0.135211 -0.016019
v 0.000735 -0.134172 0.010813
v 0.000024 0.103063 -0.489940
v 0.002157 0.101730 -0.489836
v -0.002285 0.099213 -0.490894
v 0.000266 0.107336 -0.481210
v -0.000160 0.095276 -0.498536
v 0.000122 0.032356 -0.278437
v 0.000370 0.022017 -0.260536
v -0.001687 0.022730 -0.260391
v -0.000225 0.019230 -0.257108
v -0.003419 0.018790 -0.253217
v -0.000864 0.033329 -0.277986
v -0.000160 0.095276 -0.498536
v 0.002025 0.089279 -0.499642
v -0.000516 0.077835 -0.499214
v -0.001841 0.089248 -0.498006
v 0.001479 0.069768 -0.498008
v -0.001413 0.068919 -0.495875
v 0.000007 0.055428 -0.491420
v 0.011242 -0.125850 0.081942
v 0.013556 -0.127640 0.091261
v 0.011236 -0.125763 0.091884
v 0.013794 -0.125353 0.074752
v 0.013041 -0.122345 0.098233
v 0.016829 -0.144355 0.072282
v 0.017743 -0.139066 0.040763
v 0.017451 -0.162417 0.063693
v 0.020453 -0.175648 0.028139
v 0.018487 -0.167921 0.051663
v 0.020665 -0.191670 0.038325
v 0.017834 -0.180976 0.068823
v 0.015784 -0.148271 0.088424
v 0.017275 -0.164076 0.083052
v 0.020367 -0.190608 0.054224
v 0.015486 -0.127461 0.065784
v 0.016244 -0.128663 0.057969
v 0.016413 -0.132565 0.049878
v 0.019697 -0.158004 0.030244
v 0.020348 -0.198591 0.024318
v 0.020905 -0.193120 0.020063
v 0.021168 -0.162517 0.024752
v 0.016436 -0.150780 0.092661
v 0.015052 -0.128335 0.101231
v 0.019482 -0.141913 0.033636
v 0.016202 -0.125370 0.066387
v 0.015715 -0.122454 0.074932
v 0.021742 -0.194704 0.033789
v 0.032646 -0.058252 0.143692
v 0.035017 -0.058107 0.143838
v 0.036746 -0.059076 0.150481
v 0.033373 -0.058908 0.154917
v 0.038976 -0.060517 0.148839
v 0.040036 -0.064286 0.140900
v -0.039298 -0.039666 0.139627
v -0.036463 -0.047345 0.143025
v -0.040802 -0.045143 0.138378
v -0.036109 -0.041743 0.142022
v -0.033969 -0.053084 0.145060
v 0.020905 -0.193120 0.020063
v 0.021168 -0.162517 0.024752
v 0.022129 -0.191203 0.020612
v 0.002027 0.107588 -0.473156
v -0.001596 0.107821 -0.472982
v 0.000177 0.107388 -0.469201
v 0.000266 0.107336 -0.481210
v -0.002038 0.104236 -0.484391
v 0.000024 0.103063 -0.489940
v -0.002215 0.101630 -0.462117
v 0.000189 0.101357 -0.458317
v -0.002182 0.086298 -0.443430
v 0.000352 0.089376 -0.444195
v 0.000550 0.080521 -0.435467
v -0.002555 0.070915 -0.428768
v 0.000640 0.072854 -0.427827
v 0.000055 0.065554 -0.420300
v 0.055431 0.013207 0.127937
v 0.052483 0.008639 0.136239
v 0.056534 0.009929 0.133765
v 0.059118 0.014066 0.126060
v 0.052699 0.002898 0.142932
v 0.059963 0.018680 0.121360
v 0.057126 0.016497 0.122041
v 0.060288 0.024493 0.114055
v 0.064305 0.025935 0.110088
v 0.065802 0.029779 0.103662
v 0.090154 0.048997 0.013852
v 0.086256 0.052041 0.030321
v 0.087542 0.051332 0.029593
v 0.087919 0.049093 0.014492
v 0.089226 0.043932 0.010757
v -0.001854 -0.189127 -0.136971
v 0.001929 -0.190959 -0.144419
v 0.000057 -0.187777 -0.131919
v -0.001862 -0.182031 -0.125174
v -0.000243 -0.193163 -0.143727
v -0.000075 -0.192815 -0.152402
v 0.002247 -0.166176 -0.105959
v -0.001822 -0.173020 -0.113033
v 0.000007 -0.177508 -0.117332
v 0.002058 -0.183322 -0.127813
v -0.000179 -0.165904 -0.103108
v -0.000129 -0.155884 -0.091841
v 0.003940 -0.148561 -0.088879
v -0.000500 -0.148760 -0.083563
v 0.001883 -0.142604 -0.078365
v -0.001427 -0.143160 -0.077741
v 0.000065 -0.137770 -0.073533
v 0.004969 -0.134295 -0.077018
v 0.000071 -0.136242 -0.067544
v 0.001515 -0.135211 -0.016019
v 0.017275 -0.164076 0.083052
v 0.017834 -0.180976 0.068823
v 0.019084 -0.172122 0.076527
v 0.016436 -0.150780 0.092661
v 0.019707 -0.181912 0.070893
v 0.020109 -0.186056 0.062450
v 0.020367 -0.190608 0.054224
v -0.019596 -0.122107 0.466775
v -0.019808 -0.128079 0.470501
v -0.016768 -0.130420 0.476171
v -0.043528 -0.004101 0.154751
v -0.048127 -0.005476 0.154976
v -0.046336 -0.010661 0.159075
v -0.017130 -0.163898 0.084987
v -0.019240 -0.173152 0.075307
v -0.017352 -0.175250 0.074724
v -0.018693 -0.182884 0.070880
v -0.017566 -0.153594 0.089499
v -0.016325 -0.154236 0.091436
v -0.016097 -0.144921 0.096095
v 0.044778 -0.069419 0.106577
v 0.048779 -0.072033 0.095542
v 0.046952 -0.069934 0.105290
v 0.044543 -0.067468 0.119552
v 0.048380 -0.071007 0.101991
v 0.052699 0.002898 0.142932
v 0.048822 -0.002678 0.146175
v 0.051080 -0.002701 0.148429
v 0.047575 -0.003771 0.157327
v 0.044280 -0.006651 0.155306
v 0.045839 -0.009699 0.160152
v 0.079089 0.047163 0.061671
v 0.076158 0.044530 0.067307
v 0.076980 0.043022 0.071265
v 0.072225 0.037954 0.079143
v 0.070780 0.035207 0.088917
v 0.079838 0.048385 0.053218
v 0.082736 0.051262 0.043505
v 0.066264 0.029943 0.096305
v 0.065802 0.029779 0.103662
v 0.060288 0.024493 0.114055
v 0.061518 -0.003973 0.096131
v 0.069612 -0.008746 0.065497
v 0.059452 -0.026268 0.089597
v 0.063790 -0.044348 0.068709
v 0.073577 -0.027322 0.042794
v 0.067489 0.013177 0.082567
v 0.081102 0.020998 0.036074
v 0.076611 -0.016857 0.036383
v 0.074380 0.018834 0.059994
v 0.080193 -0.005024 0.028347
v 0.083441 0.007216 0.022555
v 0.061602 0.011214 0.103730
v 0.057126 0.016497 0.122041
v 0.056073 -0.000865 0.120344
v 0.054144 -0.034569 0.105682
v 0.072150 -0.033305 0.044015
v 0.068078 -0.045568 0.051745
v 0.065319 -0.049905 0.060198
v 0.055431 0.013207 0.127937
v 0.052846 -0.012144 0.129615
v 0.052483 0.008639 0.136239
v 0.050734 -0.002369 0.139946
v 0.049686 -0.029932 0.128612
v 0.049279 -0.015911 0.138358
v 0.052803 -0.065625 0.087350
v 0.049098 -0.051531 0.110390
v 0.058748 -0.044849 0.081683
v 0.084029 0.051001 0.036304
v 0.085259 0.030368 0.020543
v 0.084167 0.017914 0.020839
v 0.086256 0.052041 0.030321
v 0.087487 0.037173 0.011964
v 0.087614 0.027583 0.013712
v 0.063829 -0.061185 0.065796
v 0.061481 -0.054445 0.075771
v 0.087919 0.049093 0.014492
v 0.056024 -0.062415 0.081257
v 0.045051 -0.038244 0.134758
v 0.043439 -0.055663 0.124525
v 0.044778 -0.069419 0.106577
v 0.049051 -0.067176 0.095707
v 0.048779 -0.072033 0.095542
v 0.044058 -0.027032 0.143830
v 0.044467 -0.019626 0.146659
v 0.040903 -0.050688 0.134776
v 0.039575 -0.056524 0.134299
v 0.040518 -0.062680 0.129632
v 0.043885 -0.063430 0.118162
v 0.037779 -0.059793 0.138126
v 0.044085 -0.009535 0.149005
v 0.089226 0.043932 0.010757
v 0.064512 -0.056166 0.059826
v 0.058861 -0.061568 0.079258
v 0.076330 -0.024134 0.037364
v 0.034825 -0.051206 0.142121
v 0.035017 -0.058107 0.143838
v 0.044543 -0.067468 0.119552
v 0.041662 -0.065252 0.128802
v 0.042066 -0.042253 0.136563
v 0.087050 0.019676 0.017469
v 0.075536 -0.029586 0.041142
v 0.040036 -0.064286 0.140900
v 0.067582 -0.052160 0.057877
v 0.040301 -0.041236 0.138286
v 0.040353 -0.034148 0.141212
v 0.051798 -0.069661 0.093152
v 0.052790 -0.069966 0.087214
v 0.056646 -0.066092 0.082622
v 0.035505 -0.047000 0.139589
v 0.038068 -0.045858 0.136617
v 0.079445 -0.016197 0.033796
v 0.072458 -0.038135 0.045169
v 0.040346 -0.024676 0.145867
v 0.086256 0.052041 0.030321
v 0.082736 0.051262 0.043505
v 0.082947 0.049736 0.048749
v 0.087542 0.051332 0.029593
v 0.079089 0.047163 0.061671
v -0.052871 -0.070846 0.080647
v -0.048628 -0.070481 0.092053
v -0.051258 -0.070975 0.089049
v -0.047780 -0.071690 0.102505
v -0.045725 -0.070283 0.105635
v -0.033847 0.039271 0.294009
v -0.032486 0.051481 0.298539
v -0.033250 0.033466 0.293514
v 0.016507 -0.137305 0.097282
v 0.015052 -0.128335 0.101231
v 0.016436 -0.150780 0.092661
v -0.071084 -0.043241 0.049103
v -0.068159 -0.044390 0.049472
v -0.066996 -0.051069 0.054873
v -0.071937 -0.039188 0.044723
v -0.048549 -0.000571 0.146556
v -0.050695 -0.003386 0.148855
v -0.047365 -0.002539 0.153275
v -0.048127 -0.005476 0.154976
v -0.000280 -0.057157 -0.303140
v 0.003028 -0.058197 -0.300954
v -0.000001 -0.061057 -0.303467
v 0.000067 -0.052422 -0.299964
v 0.002483 -0.050788 -0.290424
v 0.018791 -0.130765 0.478240
v 0.017125 -0.131576 0.479443
v 0.019236 -0.134589 0.490583
v 0.019108 -0.126004 0.469844
v 0.011126 -0.133618 0.467677
v 0.015805 -0.124399 0.466054
v 0.012201 -0.126981 0.459254
v 0.004345 -0.132952 0.459452
v 0.006020 -0.136302 0.463003
v 0.008654 -0.142611 0.469011
v 0.009000 -0.145736 0.472427
v 0.012272 -0.148272 0.480137
v 0.016786 -0.140254 0.487982
v 0.019346 -0.141116 0.494915
v 0.020594 -0.113279 0.466191
v 0.016730 -0.148992 0.487264
v 0.012339 -0.152242 0.478975
v 0.019633 -0.148942 0.489746
v 0.016635 -0.152634 0.482912
v -0.018185 -0.151650 0.483209
v -0.016358 -0.151628 0.485085
v -0.018918 -0.147931 0.493347
v -0.013050 -0.152102 0.476298
v -0.010570 -0.150303 0.479261
v -0.007513 -0.144760 0.470192
v -0.014101 -0.105449 0.446423
v -0.017836 -0.108228 0.462198
v -0.013619 -0.114704 0.451836
v -0.017765 -0.118551 0.464948
v -0.020733 -0.108000 0.468252
v -0.013226 -0.120751 0.455980
v -0.017978 -0.102021 0.464186
v -0.016042 -0.091191 0.449507
v -0.013470 -0.095535 0.437328
v -0.013787 -0.084072 0.430146
v -0.015468 -0.080211 0.440812
v -0.014277 -0.073122 0.432153
v -0.013469 -0.073117 0.423540
v -0.009644 -0.079259 0.418223
v -0.010062 -0.071259 0.411586
v -0.013902 -0.064382 0.431237
v -0.013790 -0.069023 0.438776
v -0.015542 -0.085647 0.450435
v -0.015699 -0.089492 0.457673
v -0.017198 -0.098351 0.470062
v -0.013793 -0.078934 0.451654
v -0.020135 -0.105795 0.477141
v -0.011984 -0.126482 0.459528
v -0.014612 -0.127328 0.465870
v -0.009200 -0.088687 0.425658
v -0.013648 -0.091305 0.470696
v -0.009708 -0.097398 0.432915
v -0.019596 -0.122107 0.466775
v -0.007761 -0.107354 0.439957
v -0.011068 -0.131992 0.465889
v -0.016768 -0.130420 0.476171
v -0.011854 -0.138934 0.474388
v -0.016402 -0.138807 0.484771
v -0.018604 -0.134254 0.487552
v -0.013565 -0.146430 0.482507
v -0.018905 -0.137419 0.495679
v -0.006385 -0.139443 0.468475
v -0.004214 -0.138027 0.464788
v -0.003585 -0.133635 0.463092
v -0.002766 -0.132658 0.457870
v -0.000552 -0.127972 0.455502
v 0.083441 0.007216 0.022555
v 0.083303 0.001881 0.025172
v 0.080193 -0.005024 0.028347
v 0.080976 -0.008383 0.030541
v 0.087050 0.019676 0.017469
v 0.079445 -0.016197 0.033796
v -0.019808 -0.128079 0.470501
v -0.018697 -0.130692 0.478171
v -0.016768 -0.130420 0.476171
v -0.018604 -0.134254 0.487552
v 0.016413 -0.132565 0.049878
v 0.016244 -0.128663 0.057969
v 0.018634 -0.136923 0.042756
v 0.017743 -0.139066 0.040763
v 0.019482 -0.141913 0.033636
v -0.087792 0.050472 0.013050
v -0.088767 0.050484 0.017188
v -0.087104 0.053080 0.027244
v -0.052486 0.008038 0.138720
v -0.056363 0.009714 0.135164
v -0.052751 0.005796 0.143038
v -0.053488 0.009324 0.131657
v -0.056158 0.013877 0.127059
v -0.060473 0.024854 0.112295
v -0.061211 0.018935 0.117925
v -0.058715 0.018415 0.120035
v -0.064707 0.027005 0.107343
v -0.058203 0.012932 0.127751
v -0.065493 0.031283 0.098946
v -0.068159 0.033493 0.095208
v -0.071737 0.037216 0.085765
v 0.068078 -0.045568 0.051745
v 0.072458 -0.038135 0.045169
v 0.070353 -0.044161 0.050737
v 0.067582 -0.052160 0.057877
v -0.044709 -0.021617 0.141963
v -0.042600 -0.025186 0.139359
v -0.044564 -0.029576 0.138383
v -0.052751 0.005796 0.143038
v -0.052286 0.002020 0.146277
v -0.048549 -0.000571 0.146556
v -0.050695 -0.003386 0.148855
v -0.020113 -0.190353 0.041250
v -0.018731 -0.189847 0.050488
v -0.019776 -0.189985 0.056070
v 0.089226 0.043932 0.010757
v 0.087614 0.027583 0.013712
v 0.087487 0.037173 0.011964
v 0.000118 -0.150256 -0.498624
v 0.001024 -0.151734 -0.497773
v -0.000556 -0.164733 -0.488039
v -0.040743 -0.035621 0.142083
v -0.039298 -0.039666 0.139627
v -0.040802 -0.045143 0.138378
v 0.034825 -0.051206 0.142121
v 0.035017 -0.058107 0.143838
v 0.032646 -0.058252 0.143692
v -0.043528 -0.004101 0.154751
v -0.045127 -0.005135 0.151601
v -0.048127 -0.005476 0.154976
v 0.037570 -0.044244 0.131575
v 0.038068 -0.045858 0.136617
v 0.035505 -0.047000 0.139589
v -0.039298 -0.039666 0.139627
v -0.040743 -0.035621 0.142083
v -0.038189 -0.036194 0.143475
v -0.042600 -0.025186 0.139359
v -0.040477 -0.026899 0.142641
v -0.044564 -0.029576 0.138383
v -0.038008 -0.030740 0.144932
v 0.011085 -0.122463 0.098231
v 0.011236 -0.125763 0.091884
v 0.013041 -0.122345 0.098233
v 0.004116 -0.126568 0.091831
v 0.011242 -0.125850 0.081942
v -0.047365 -0.002539 0.153275
v -0.048127 -0.005476 0.154976
v -0.045127 -0.005135 0.151601
v 0.015202 -0.117388 0.095090
v 0.013041 -0.122345 0.098233
v 0.014484 -0.122323 0.099095
v 0.015052 -0.128335 0.101231
v 0.011085 -0.122463 0.098231
v 0.000151 0.040897 -0.275347
v 0.000122 0.032356 -0.278437
v -0.000864 0.033329 -0.277986
v -0.000225 0.019230 -0.257108
v 0.001098 0.016951 -0.256074
v -0.002052 0.016535 -0.256995
v 0.004256 0.021105 -0.251629
v 0.006626 0.017388 -0.252390
v 0.007787 0.022058 -0.244939
v 0.005345 0.111619 -0.188315
v 0.010054 0.087334 -0.178088
v 0.006358 0.082505 -0.205176
v 0.000251 0.121403 -0.213191
v 0.000244 0.104902 -0.224296
v 0.000321 0.089149 -0.234554
v 0.000204 0.073250 -0.246992
v 0.005731 0.045132 -0.236712
v 0.011318 0.058254 -0.199951
v 0.011303 0.070247 -0.188978
v 0.001334 0.033936 -0.276001
v 0.004858 0.031861 -0.253027
v 0.000368 0.149312 -0.195998
v 0.003267 0.148624 -0.176697
v 0.009697 0.104197 -0.159937
v 0.001058 0.173295 -0.180487
v 0.000383 0.190427 -0.178041
v 0.006994 0.134600 -0.151964
v 0.003941 0.160595 -0.156212
v 0.009752 0.113806 -0.146612
v 0.001119 0.191244 -0.161130
v 0.009533 0.044276 -0.220049
v 0.000075 0.201251 -0.172751
v -0.000401 0.164299 -0.188912
v 0.009298 0.030026 -0.234782
v 0.011423 0.089480 -0.170442
v 0.000165 0.060284 -0.258151
v 0.003485 0.026338 -0.258754
v 0.011229 0.034352 -0.225518
v 0.011618 0.047447 -0.210376
v 0.008220 0.120346 -0.134690
v -0.000343 0.198349 -0.156217
v 0.002932 0.155696 -0.135158
v 0.000189 0.186277 -0.140000
v 0.005531 0.128930 -0.120573
v 0.001282 0.139591 -0.098679
v 0.003018 0.135382 -0.108414
v -0.000146 0.049504 -0.267559
v 0.000151 0.040897 -0.275347
v -0.000049 0.166993 -0.120759
v 0.011230 0.111338 -0.146382
v 0.000122 0.032356 -0.278437
v -0.000091 0.144342 -0.199552
v 0.000370 0.022017 -0.260536
v -0.000875 0.201404 -0.169489
v 0.020542 0.063314 -0.187847
v 0.020277 0.047525 -0.203292
v 0.019179 0.034243 -0.218555
v 0.018445 0.130388 0.142214
v 0.008783 0.139008 0.124449
v 0.009959 0.133892 0.156188
v 0.017074 0.137663 0.089027
v 0.009056 0.145076 0.071611
v 0.012639 0.128133 0.188726
v 0.018435 0.126016 0.172668
v 0.015936 0.124951 0.203697
v -0.000311 0.140749 0.143701
v 0.000035 0.137571 0.163691
v -0.000623 0.144448 0.116493
v -0.000346 0.148782 0.078878
v 0.001159 0.151078 0.049842
v 0.011716 0.145530 0.027294
v -0.000267 0.152511 0.016019
v 0.007060 0.148827 -0.004993
v 0.017581 0.142088 -0.003134
v 0.018581 0.137886 0.066250
v 0.018255 0.140389 0.025534
v 0.016076 0.142483 -0.031704
v -0.000563 0.152662 -0.002311
v 0.001426 0.149495 -0.042551
v 0.017213 0.140438 -0.049675
v -0.000235 0.133227 0.190826
v 0.001594 0.128263 0.220125
v 0.015237 0.121653 0.229381
v -0.000510 0.125902 0.238491
v 0.015132 0.116988 0.253576
v -0.000528 0.122979 0.253766
v 0.015217 0.138411 -0.073749
v -0.000662 0.117477 0.271076
v 0.016388 0.115171 0.257116
v 0.016267 0.110322 0.272079
v -0.000624 0.143740 -0.081304
v -0.000415 0.111254 0.286029
v 0.016353 0.104351 0.286348
v 0.008751 0.138201 -0.086911
v -0.000438 0.140929 -0.096682
v -0.001306 0.129261 0.215111
v -0.001062 0.151275 0.048682
v 0.014434 0.133972 -0.090269
v 0.016462 0.122575 0.214824
v 0.022463 0.114483 0.196449
v -0.000800 0.147621 -0.056618
v 0.010365 0.129310 -0.111673
v 0.025994 0.108355 0.169959
v 0.024634 0.119763 0.083251
v 0.027663 0.103075 0.199722
v 0.027499 0.102500 0.218413
v 0.027482 0.098709 0.252352
v 0.027498 0.092052 0.272887
v 0.018775 0.134455 0.100686
v 0.024943 0.122396 0.009174
v 0.023246 0.125039 -0.046753
v 0.021087 0.121081 -0.083627
v 0.015688 0.127853 -0.101463
v 0.022708 0.106785 -0.126980
v 0.019099 0.114375 -0.125605
v 0.027594 0.099650 -0.103745
v 0.028928 0.100307 -0.082042
v 0.029631 0.086252 -0.128603
v 0.022084 0.099693 -0.143768
v 0.018999 0.107073 -0.142333
v 0.030193 0.077367 -0.139805
v 0.020517 0.094962 -0.155953
v 0.030619 0.061105 -0.156881
v 0.020820 0.080242 -0.170663
v 0.024142 0.058626 -0.181881
v 0.025529 0.081182 0.300344
v 0.031197 0.071080 0.288397
v 0.031938 0.054800 0.303430
v 0.027131 0.068017 0.309184
v 0.030169 0.056862 0.308430
v 0.029034 0.057035 0.315410
v 0.027830 0.056206 0.321341
v 0.022267 0.072894 0.317163
v 0.022569 0.040805 -0.202131
v 0.019585 0.025315 -0.227265
v 0.022368 0.056864 0.333169
v 0.015427 0.119660 -0.124435
v 0.016373 0.025110 -0.233366
v 0.000090 0.144148 -0.099536
v -0.000373 0.146552 -0.102328
v 0.018764 0.016086 -0.242276
v 0.016251 0.016009 -0.247371
v 0.015082 0.009732 -0.261958
v -0.000968 -0.050275 -0.300977
v 0.001015 -0.049244 -0.300789
v 0.000067 -0.052422 -0.299964
v -0.014313 -0.124179 0.072614
v -0.012659 -0.126237 0.073263
v -0.014476 -0.126715 0.073512
v -0.002938 -0.154782 -0.093613
v -0.000500 -0.148760 -0.083563
v -0.001427 -0.143160 -0.077741
v -0.000129 -0.155884 -0.091841
v -0.000179 -0.165904 -0.103108
v -0.002167 -0.165931 -0.104618
v -0.001822 -0.173020 -0.113033
v -0.000243 -0.193163 -0.143727
v -0.001854 -0.189127 -0.136971
v -0.003791 -0.188400 -0.147588
v -0.006678 -0.130594 0.036645
v 0.000735 -0.134172 0.010813
v -0.001128 -0.132143 0.054168
v -0.008719 -0.129207 0.059422
v -0.004776 -0.130058 0.070825
v -0.004498 -0.134063 -0.026259
v -0.000778 -0.135271 -0.023938
v 0.000071 -0.136242 -0.067544
v -0.003612 -0.135099 -0.074399
v -0.012659 -0.126237 0.073263
v -0.009381 -0.130957 -0.009675
v -0.010104 -0.131351 -0.056470
v -0.003076 -0.127980 0.085440
v -0.007529 -0.132652 -0.080666
v -0.011377 -0.125624 0.092123
v -0.011522 -0.126822 0.038520
v 0.000065 -0.137770 -0.073533
v 0.001515 -0.135211 -0.016019
v 0.002259 -0.131577 0.060810
v -0.014236 -0.125440 -0.074651
v -0.010407 -0.126922 -0.091670
v -0.015372 -0.121608 -0.089790
v -0.014877 -0.123227 -0.002101
v -0.014740 -0.122166 0.040312
v -0.014313 -0.124179 0.072614
v -0.015929 -0.114347 -0.106364
v -0.010787 -0.117202 -0.110997
v -0.019821 -0.095138 -0.128731
v -0.019105 -0.112111 0.047387
v -0.014933 -0.123125 0.073123
v -0.012216 -0.100638 -0.134298
v -0.006134 -0.148445 -0.098460
v -0.008227 -0.142604 -0.110737
v -0.004564 -0.169840 -0.118853
v -0.004887 -0.178733 -0.132804
v -0.010032 -0.126753 -0.121621
v -0.006573 -0.169340 -0.145438
v -0.004878 -0.178469 -0.158136
v -0.012253 -0.092787 -0.148710
v -0.009404 -0.118525 -0.166799
v -0.006011 -0.163608 -0.164243
v -0.011919 -0.079462 -0.179185
v -0.008998 -0.101072 -0.215506
v -0.007488 -0.126997 -0.196266
v -0.011701 -0.069708 -0.198081
v -0.010090 -0.081560 -0.229671
v -0.011768 -0.062951 -0.216246
v -0.008421 -0.067549 -0.273861
v -0.010812 -0.054697 -0.239729
v -0.008072 -0.091544 -0.240191
v -0.006150 -0.115522 -0.218125
v -0.006183 -0.134020 -0.196782
v -0.007340 -0.058292 -0.281538
v -0.006006 -0.061770 -0.294949
v -0.006267 -0.099080 -0.239094
v -0.007580 -0.051556 -0.268156
v -0.003183 -0.171401 -0.169354
v -0.002417 -0.160031 -0.181699
v -0.005973 -0.078390 -0.269955
v -0.001800 -0.189324 -0.156711
v -0.001862 -0.182031 -0.125174
v -0.003846 -0.055470 -0.297916
v -0.001738 -0.181339 -0.164858
v -0.012239 -0.085695 -0.164106
v -0.001825 -0.147088 -0.196073
v -0.001757 -0.140304 -0.203198
v -0.001883 -0.125726 -0.217994
v -0.001658 -0.117997 -0.227475
v -0.002398 -0.051193 -0.296116
v 0.001426 0.149495 -0.042551
v -0.001238 0.151832 -0.014106
v -0.000563 0.152662 -0.002311
v -0.000871 0.056543 -0.410711
v -0.002104 0.039583 -0.393849
v -0.000020 0.046898 -0.400448
v 0.013490 -0.119082 0.499365
v 0.004016 -0.117897 0.498004
v 0.008843 -0.120222 0.497417
v 0.016937 -0.120769 0.497836
vn -0.9449 -0.0549 0.3228
vn 0.5034 0.2075 -0.8388
vn 0.2856 -0.8533 0.4362
vn 0.1828 -0.9640 0.1934
vn 0.2792 -0.8761 0.3930
vn 0.7216 -0.6852 0.0991
vn 0.0002 -0.6846 0.7289
vn 0.0377 -0.9378 -0.3452
vn 0.2664 -0.8710 0.4128
vn 0.2415 -0.9480 0.2072
vn 0.2113 -0.8904 0.4033
vn 0.4126 -0.8964 0.1620
vn 0.2569 -0.6955 0.6710
vn 0.1956 -0.8281 0.5254
vn 0.2376 -0.8707 0.4307
vn 0.2429 -0.8779 0.4126
vn 0.0351 -0.7790 0.6260
vn 0.4850 -0.5645 0.6679
vn 0.2180 -0.8670 0.4481
vn 0.0785 -0.6757 0.7330
vn 0.9880 -0.1282 -0.0865
vn 0.9781 -0.1074 0.1782
vn 0.9925 -0.1082 -0.0573
vn 0.9914 -0.1065 -0.0754
vn -0.0105 0.9828 -0.1841
vn 0.9863 -0.0721 0.1483
vn 0.9808 -0.1557 0.1174
vn 0.4573 0.8875 -0.0558
vn 0.9748 -0.0928 0.2027
vn 0.9756 -0.0882 0.2008
vn 0.9798 -0.1581 0.1225
vn 0.9708 -0.1430 0.1927
vn 0.9757 -0.1130 0.1876
vn -0.7280 0.6679 -0.1549
vn 0.9702 -0.1011 0.2200
vn 0.5574 0.8056 0.2009
vn 0.5898 0.7814 0.2037
vn 0.9710 -0.0755 0.2266
vn 0.2529 0.9316 0.2609
vn 0.9692 -0.0774 0.2338
vn 0.6029 -0.5118 -0.6120
vn 0.9616 -0.1572 0.2252
vn 0.9609 -0.0970 0.2594
vn 0.8951 0.3027 0.3275
vn -0.1090 0.9211 0.3737
vn 0.9632 -0.1086 0.2460
vn 0.9616 -0.1572 0.2251
vn 0.9485 -0.2499 0.1945
vn 0.9559 -0.1407 0.2580
vn 0.9620 -0.1083 0.2508
vn -0.6171 0.7766 0.1271
vn 0.9245 0.0985 0.3683
vn 0.9685 -0.1717 0.1803
vn 0.9680 -0.1731 0.1817
vn 0.9606 -0.1342 0.2434
vn 0.9667 -0.1013 0.2348
vn 0.9315 0.0973 0.3504
vn 0.9462 -0.1787 0.2698
vn 0.9504 -0.1626 0.2650
vn 0.9539 -0.1523 0.2586
vn 0.9462 -0.1794 0.2694
vn 0.8989 0.2506 0.3593
vn 0.9550 -0.0733 0.2873
vn 0.9406 -0.1868 0.2834
vn 0.9687 -0.0582 0.2413
vn 0.9671 -0.1333 0.2167
vn 0.7123 0.4326 0.5528
vn 0.9604 -0.0509 0.2740
vn 0.9428 -0.2275 0.2438
vn 0.9352 -0.2239 0.2743
vn 0.9619 -0.1490 0.2294
vn 0.9579 -0.1063 0.2668
vn 0.9600 -0.1446 0.2396
vn 0.9588 -0.0546 0.2787
vn 0.9216 -0.2524 0.2947
vn 0.9257 -0.2298 0.3003
vn 0.9545 -0.2004 0.2210
vn 0.9543 -0.2039 0.2187
vn -0.5401 0.7914 0.2864
vn 0.2001 0.6809 0.7045
vn 0.0426 0.8742 0.4836
vn 0.9542 -0.0452 0.2958
vn 0.1516 0.7527 0.6407
vn 0.9312 -0.0349 0.3627
vn 0.7888 -0.5928 0.1623
vn 0.8884 -0.3575 0.2879
vn -0.9396 0.2031 -0.2754
vn 0.9307 -0.2896 0.2236
vn 0.9468 -0.1892 0.2603
vn 0.9518 0.0247 0.3056
vn 0.9425 -0.0872 0.3226
vn 0.9516 -0.0721 0.2987
vn 0.6836 -0.7130 0.1557
vn 0.7680 -0.4318 0.4729
vn 0.9288 -0.2933 0.2265
vn 0.9418 -0.2781 0.1890
vn 0.9612 -0.1758 0.2125
vn 0.9526 -0.1613 0.2580
vn 0.9301 0.0072 0.3673
vn -0.0783 0.9930 0.0885
vn 0.9557 -0.0452 0.2909
vn 0.8310 0.0216 0.5558
vn 0.8063 0.5180 -0.2856
vn 0.9564 0.2906 -0.0299
vn 0.9988 -0.0499 -0.0030
vn 0.9993 -0.0336 0.0146
vn 0.8827 0.4671 0.0517
vn 0.8236 0.4440 0.3528
vn 0.9676 -0.0540 0.2468
vn 0.6431 0.5890 0.4894
vn 0.9579 -0.0225 0.2862
vn 0.8382 -0.4925 0.2343
vn 0.8266 -0.5142 0.2286
vn 0.8991 -0.3660 0.2403
vn 0.9417 -0.2932 0.1650
vn 0.9305 -0.1448 0.3365
vn 0.9413 -0.1741 0.2892
vn 0.8165 0.3565 0.4541
vn 0.8883 0.2361 0.3940
vn 0.9478 -0.0431 0.3158
vn 0.9368 -0.0850 0.3394
vn 0.8271 0.1151 -0.5501
vn 0.8241 0.1328 -0.5506
vn 0.8971 -0.2754 -0.3456
vn 0.6821 0.6516 -0.3319
vn 0.8986 -0.3637 -0.2455
vn 0.6569 0.7531 -0.0356
vn 0.4930 0.8685 0.0519
vn 0.9235 -0.3825 0.0296
vn 0.9285 -0.3712 0.0140
vn 0.4311 0.7745 0.4629
vn 0.9209 -0.2637 0.2871
vn 0.9088 -0.3456 0.2337
vn 0.5435 0.3585 0.7590
vn 0.8007 0.0448 0.5974
vn 0.9852 0.0260 -0.1692
vn 0.9972 0.0261 -0.0700
vn 0.9968 0.0581 -0.0554
vn 0.9940 -0.1012 -0.0423
vn 0.9944 -0.0958 -0.0450
vn 0.9991 -0.0045 -0.0430
vn 0.9983 0.0496 -0.0313
vn 0.9995 0.0100 -0.0310
vn 0.9867 0.1546 -0.0507
vn 0.9984 0.0473 -0.0321
vn 0.9941 -0.1082 -0.0078
vn 0.9930 0.1140 -0.0302
vn 0.9942 -0.1069 -0.0074
vn 0.9913 -0.1316 -0.0005
vn 0.9996 -0.0256 -0.0076
vn 0.9934 0.1147 -0.0096
vn 0.9999 -0.0135 0.0042
vn 0.9887 -0.1490 0.0159
vn 0.9993 0.0355 0.0078
vn 0.9947 0.1028 -0.0026
vn 0.9997 0.0222 0.0026
vn 0.9976 0.0685 0.0034
vn 0.9908 -0.1342 0.0192
vn 0.9988 -0.0446 0.0203
vn 0.9905 -0.1365 0.0195
vn 0.9895 -0.1433 0.0186
vn 0.9942 0.1070 0.0059
vn 0.9998 0.0114 0.0192
vn 0.9986 -0.0509 0.0167
vn 0.9904 -0.1383 -0.0058
vn 0.9956 0.0926 0.0134
vn 0.9974 0.0713 0.0137
vn 0.9897 -0.1425 -0.0102
vn 0.9996 -0.0281 -0.0039
vn 0.9999 0.0023 0.0140
vn 0.9982 0.0579 0.0162
vn 0.9938 -0.1044 -0.0387
vn 0.9998 0.0183 0.0030
vn 0.9996 -0.0283 -0.0040
vn 0.9944 0.1044 0.0194
vn 0.9929 -0.0968 -0.0695
vn 0.9934 0.1137 0.0140
vn 0.9903 -0.1207 -0.0684
vn 0.9998 0.0074 -0.0189
vn 0.9990 -0.0376 -0.0254
vn 0.9982 0.0599 0.0092
vn 0.9995 0.0289 0.0146
vn 0.9893 -0.1443 -0.0228
vn 0.9928 0.1176 0.0229
vn 0.9973 -0.0741 0.0005
vn 0.9993 0.0328 0.0163
vn 0.9992 0.0381 0.0107
vn 0.9974 -0.0721 0.0058
vn 0.9986 0.0378 0.0371
vn 0.9869 -0.1433 0.0743
vn 0.9987 0.0360 0.0373
vn 0.9797 -0.1561 0.1261
vn 0.9992 0.0326 0.0213
vn 0.9994 0.0233 0.0238
vn 0.7779 -0.5633 0.2786
vn 0.9937 0.1091 0.0274
vn 0.9648 0.0380 -0.2602
vn 0.9518 0.1032 -0.2890
vn 0.8619 -0.1032 -0.4964
vn 0.9986 0.0446 0.0277
vn 0.9458 0.3246 -0.0107
vn 0.8221 -0.5363 0.1912
vn 0.7397 -0.5538 0.3823
vn 0.1405 -0.6418 0.7539
vn 0.7900 0.5479 -0.2752
vn 0.5664 -0.7678 0.2994
vn 0.2971 0.0645 0.9527
vn 0.9985 0.0092 0.0546
vn 0.9966 0.0771 0.0283
vn 0.8874 0.4610 0.0043
vn 0.7913 0.4864 0.3705
vn 0.8945 -0.2934 0.3374
vn 0.9161 -0.2382 0.3224
vn 0.7498 -0.4514 0.4838
vn 0.9225 0.3187 0.2179
vn 0.9993 -0.0001 0.0387
vn 0.9169 0.2268 0.3283
vn 0.9624 -0.1325 0.2372
vn 0.9295 0.0414 0.3665
vn 0.9985 0.0310 0.0445
vn 0.1209 0.8767 -0.4656
vn 0.1908 0.9816 0.0039
vn 0.7975 -0.6010 0.0527
vn 0.1381 0.8300 0.5404
vn 0.7153 -0.6639 0.2181
vn 0.8476 -0.4348 0.3040
vn 0.1527 0.5172 0.8421
vn 0.4271 0.3890 0.8162
vn 0.6539 -0.4000 0.6422
vn 0.7137 -0.1423 0.6858
vn 0.3499 -0.0249 0.9365
vn 0.7412 -0.2205 0.6341
vn 0.9815 0.0036 -0.1912
vn 0.9813 0.0045 -0.1927
vn 0.9772 -0.0899 -0.1923
vn 0.9771 -0.0904 -0.1928
vn 0.9807 -0.1078 -0.1630
vn 0.9727 0.1499 -0.1769
vn 0.9786 -0.1328 -0.1570
vn 0.9796 -0.1495 -0.1340
vn 0.9859 -0.1524 -0.0691
vn 0.9864 0.1468 -0.0742
vn 0.9862 0.1474 -0.0750
vn 0.9884 -0.1435 -0.0502
vn 0.9814 -0.1905 -0.0252
vn 0.9862 -0.1631 -0.0287
vn 0.9695 0.2396 -0.0507
vn 0.9862 0.1566 -0.0530
vn 0.9688 0.2406 -0.0596
vn 0.9701 0.2350 -0.0613
vn 0.9838 -0.1784 0.0157
vn 0.9834 -0.1808 0.0162
vn 0.9698 0.2428 -0.0243
vn 0.9719 0.2350 -0.0095
vn 0.9714 0.2372 -0.0074
vn 0.9822 -0.1865 0.0227
vn 0.9710 0.2392 0.0015
vn 0.9727 0.2321 0.0073
vn 0.9834 -0.1791 0.0297
vn 0.9835 -0.1812 0.0006
vn 0.9785 -0.1987 -0.0550
vn 0.9719 0.2345 0.0200
vn 0.9730 -0.2056 -0.1047
vn 0.9722 0.2332 0.0207
vn 0.9660 -0.2553 -0.0401
vn 0.9760 -0.2173 -0.0152
vn 0.9721 0.2325 0.0298
vn 0.9759 -0.2178 -0.0132
vn 0.9788 -0.1985 0.0508
vn 0.9800 -0.1154 -0.1621
vn 0.8824 0.1740 -0.4371
vn 0.9081 -0.3643 -0.2063
vn 0.9720 0.2332 0.0292
vn 0.9917 -0.1223 0.0405
vn 0.9959 0.0405 -0.0810
vn 0.9943 -0.0189 0.1049
vn 0.9605 0.1976 0.1957
vn 0.9729 0.2308 0.0165
vn 0.8955 -0.3914 0.2120
vn 0.9735 0.2282 0.0147
vn 0.8681 -0.3306 0.3702
vn 0.9957 0.0918 0.0091
vn 0.7150 0.4095 0.5666
vn 0.9863 -0.0504 0.1572
vn 0.9785 -0.1783 0.1041
vn 0.8951 -0.3212 0.3092
vn 0.9986 -0.0174 0.0492
vn 0.9976 -0.0496 0.0478
vn 0.9666 -0.1190 0.2270
vn 0.9995 0.0166 0.0265
vn 0.9735 0.2273 0.0243
vn 0.9982 0.0532 0.0283
vn 0.9941 -0.0933 0.0544
vn 0.9883 -0.1354 0.0701
vn 0.9945 -0.0895 0.0549
vn 0.9789 0.2019 0.0327
vn 0.9985 -0.0299 0.0450
vn 0.9914 -0.1194 0.0539
vn 0.9987 0.0441 0.0245
vn 0.9995 -0.0288 0.0161
vn 0.9935 -0.0965 0.0606
vn 0.9979 0.0321 0.0565
vn 0.9984 0.0030 0.0566
vn 0.9785 0.1967 0.0627
vn 0.9807 0.1784 0.0806
vn 0.9935 -0.0974 0.0589
vn 0.9969 -0.0518 0.0584
vn 0.9940 0.0757 0.0788
vn 0.9931 0.0773 0.0880
vn 0.9976 -0.0153 0.0675
vn 0.9970 -0.0527 0.0569
vn -0.0126 0.9228 -0.3850
vn 0.1252 0.8773 -0.4634
vn -0.1654 0.9849 -0.0513
vn -0.0978 0.9895 0.1068
vn -0.0912 0.8724 0.4801
vn 0.1671 -0.4453 0.8796
vn 0.3232 -0.5344 0.7810
vn -0.0760 0.2163 0.9734
vn 0.1150 -0.0498 0.9921
vn 0.0796 -0.1582 0.9842
vn 0.9816 0.0036 -0.1911
vn 0.9661 0.1513 -0.2090
vn 0.9660 0.1560 -0.2063
vn 0.9744 -0.1311 -0.1828
vn 0.9717 0.1528 -0.1799
vn 0.9621 0.2092 -0.1752
vn 0.9635 -0.2127 -0.1627
vn 0.9627 0.2333 -0.1368
vn 0.9678 0.2343 -0.0915
vn 0.9763 -0.2102 -0.0509
vn 0.9645 0.2566 -0.0629
vn 0.9646 0.2561 -0.0622
vn 0.9779 -0.2058 -0.0356
vn 0.9641 0.2570 -0.0669
vn 0.9776 -0.2102 0.0137
vn 0.9787 -0.2049 0.0129
vn 0.9783 -0.2067 0.0110
vn 0.9788 -0.2037 0.0202
vn 0.9831 -0.1810 -0.0258
vn 0.9602 -0.2768 -0.0366
vn 0.9365 -0.3503 0.0187
vn 0.9376 -0.3404 0.0714
vn 0.9686 -0.2485 -0.0065
vn 0.8739 -0.3464 -0.3410
vn 0.9712 -0.2256 -0.0761
vn 0.9384 -0.3435 0.0373
vn 0.9608 -0.2582 0.1008
vn 0.9340 -0.3505 0.0688
vn 0.9621 -0.2444 0.1210
vn 0.9672 0.2532 0.0196
vn 0.9806 -0.1917 0.0402
vn 0.9913 -0.1176 0.0594
vn 0.9900 -0.1231 0.0687
vn 0.9607 0.2709 0.0611
vn 0.9784 0.1835 0.0950
vn 0.9917 -0.1111 0.0640
vn 0.9922 -0.1048 0.0677
vn 0.9787 0.1616 0.1268
vn 0.9723 0.1943 0.1303
vn 0.9956 -0.0020 0.0941
vn 0.9936 0.0548 0.0987
vn 0.9950 0.0065 0.0998
vn 0.9811 0.0010 0.1935
vn 0.9953 -0.0702 0.0664
vn 0.9966 0.0331 0.0757
vn 0.9956 -0.0577 0.0741
vn 0.9836 -0.1754 -0.0414
vn 0.9087 -0.4031 0.1082
vn 0.9904 -0.0761 0.1156
vn 0.9897 -0.0471 0.1351
vn -0.1682 0.6730 0.7202
vn -0.0723 0.5046 0.8603
vn -0.1009 0.4680 0.8779
vn 0.5439 -0.2492 0.8013
vn 0.9222 -0.2147 0.3215
vn 0.9624 0.1528 -0.2245
vn 0.9864 0.0353 -0.1606
vn 0.9844 -0.0777 -0.1578
vn 0.9778 -0.1339 -0.1609
vn 0.9853 -0.0850 -0.1482
vn 0.9387 0.2205 -0.2651
vn 0.9609 -0.2126 -0.1771
vn 0.9750 -0.1289 -0.1812
vn 0.9580 -0.2537 -0.1333
vn 0.9678 -0.2397 -0.0772
vn 0.9603 0.2708 -0.0672
vn 0.9732 -0.2286 -0.0230
vn 0.9753 -0.2206 0.0072
vn 0.9509 0.3036 -0.0597
vn 0.9524 0.3033 -0.0316
vn 0.9531 0.3027 -0.0061
vn 0.9543 0.2987 0.0032
vn 0.9826 -0.1859 0.0067
vn 0.9515 0.3070 0.0185
vn 0.9784 -0.2053 -0.0220
vn 0.9769 -0.2137 -0.0081
vn 0.9785 -0.2055 -0.0169
vn 0.9755 -0.2196 0.0108
vn 0.9747 -0.2233 0.0097
vn 0.9700 -0.2430 -0.0068
vn 0.9479 0.3174 0.0269
vn 0.9523 0.3036 0.0300
vn 0.9495 -0.3135 0.0107
vn 0.9455 -0.3204 0.0578
vn 0.9395 0.3425 0.0081
vn 0.9547 -0.2870 0.0783
vn 0.9675 0.2525 0.0163
vn 0.9520 -0.3003 0.0592
vn 0.9529 -0.2979 0.0575
vn 0.9698 0.2425 0.0276
vn 0.9694 0.2439 0.0272
vn 0.9580 -0.2759 0.0780
vn 0.9654 0.2481 0.0797
vn 0.9562 0.2633 0.1280
vn 0.9344 0.3031 0.1870
vn 0.9829 -0.1633 0.0854
vn 0.9870 -0.1386 0.0813
vn 0.9392 0.2551 0.2299
vn 0.9450 0.2537 0.2065
vn 0.9420 0.2407 0.2340
vn 0.9860 -0.1401 0.0904
vn 0.9566 0.2504 0.1493
vn 0.9854 -0.1456 0.0887
vn 0.9840 -0.1418 0.1084
vn -0.8593 0.2798 0.4282
vn 0.9874 -0.0723 0.1406
vn 0.9711 0.0327 0.2365
vn 0.9552 0.0832 0.2839
vn 0.9700 0.0512 0.2376
vn 0.9844 0.0388 -0.1717
vn 0.9834 0.1089 -0.1449
vn 0.9891 -0.0502 -0.1385
vn 0.9465 0.2193 -0.2369
vn 0.8774 0.3549 -0.3229
vn 0.9496 0.2036 -0.2382
vn 0.9904 -0.0642 -0.1225
vn 0.9449 0.1923 -0.2650
vn 0.9384 0.2200 -0.2665
vn 0.9812 -0.1232 -0.1483
vn 0.9550 -0.2477 -0.1633
vn 0.9222 0.2801 -0.2667
vn 0.9510 -0.2395 -0.1956
vn 0.9223 0.2824 -0.2636
vn 0.9268 0.2833 -0.2466
vn 0.9265 0.2950 -0.2337
vn 0.9292 0.3269 -0.1727
vn 0.9326 0.3042 -0.1945
vn 0.9310 -0.3191 -0.1772
vn 0.9271 -0.3296 -0.1786
vn 0.9407 0.3249 -0.0980
vn 0.9420 -0.3199 -0.1014
vn 0.9606 -0.2718 -0.0581
vn 0.9287 0.3611 -0.0844
vn 0.9351 0.3477 -0.0680
vn 0.9620 -0.2687 -0.0484
vn 0.9577 -0.2869 -0.0237
vn 0.9583 -0.2855 -0.0088
vn 0.9339 0.3455 -0.0918
vn 0.9666 -0.2561 0.0126
vn 0.9665 -0.2565 0.0080
vn 0.9718 -0.2353 0.0137
vn 0.9493 0.3140 -0.0139
vn 0.9721 -0.2339 0.0170
vn 0.9763 -0.2150 0.0243
vn 0.9795 0.0605 -0.1921
vn 0.9999 0.0090 -0.0132
vn 0.9970 -0.0766 0.0089
vn 0.9973 0.0739 0.0022
vn 0.9998 0.0172 0.0089
vn 0.8514 -0.3195 0.4160
vn 0.9498 0.3124 0.0151
vn 0.9990 0.0422 0.0160
vn 0.9439 0.3299 0.0157
vn 0.9991 -0.0047 0.0426
vn 0.9765 -0.2152 -0.0140
vn 0.9644 -0.2643 0.0097
vn 0.9644 -0.2614 0.0414
vn 0.9529 -0.3018 0.0296
vn 0.9555 -0.2945 0.0148
vn 0.9325 -0.3567 0.0565
vn 0.9071 0.4202 0.0237
vn 0.9075 0.4196 0.0209
vn 0.8825 0.4673 0.0526
vn 0.9404 -0.3333 0.0675
vn 0.9399 -0.3261 0.1013
vn 0.9387 -0.3287 0.1035
vn 0.8381 0.4839 0.2517
vn 0.9532 -0.2717 0.1324
vn 0.9379 -0.3260 0.1184
vn 0.8819 0.3321 0.3347
vn 0.8765 0.3694 0.3086
vn 0.9288 0.2910 0.2294
vn 0.9532 -0.2720 0.1320
vn 0.8491 0.3759 0.3711
vn 0.9495 -0.2800 0.1419
vn 0.7952 0.5026 0.3392
vn 0.9792 -0.1724 0.1071
vn 0.9589 -0.2403 0.1510
vn 0.7938 0.4004 0.4578
vn 0.8592 0.3046 0.4110
vn 0.9830 -0.1447 0.1129
vn 0.8662 0.1989 0.4584
vn 0.9819 -0.1368 0.1312
vn 0.8831 0.2374 0.4046
vn 0.9879 -0.1166 0.1021
vn 0.9514 0.0901 0.2946
vn 0.9524 0.0650 0.2980
vn 0.9701 0.0936 0.2240
vn 0.9871 -0.1151 0.1114
vn 0.9748 0.0877 0.2051
vn 0.9926 -0.0609 -0.1047
vn 0.9766 0.1836 -0.1123
vn 0.9923 -0.0499 -0.1134
vn 0.9796 0.1568 -0.1259
vn 0.9614 0.1946 -0.1944
vn 0.9819 0.1121 -0.1527
vn 0.9885 -0.0535 -0.1414
vn 0.9844 -0.1120 -0.1356
vn 0.9885 -0.0534 -0.1415
vn 0.9583 0.2170 -0.1858
vn 0.9845 -0.1087 -0.1380
vn 0.9823 -0.1315 -0.1332
vn 0.9631 -0.2216 -0.1524
vn 0.9428 -0.3002 -0.1450
vn 0.9189 0.2625 -0.2945
vn 0.9396 -0.2850 -0.1898
vn 0.9029 0.2927 -0.3147
vn 0.9026 0.2993 -0.3094
vn 0.8993 -0.3681 -0.2361
vn 0.8428 -0.4740 -0.2548
vn 0.8676 0.4157 -0.2730
vn 0.8878 0.4113 -0.2068
vn 0.8413 -0.4712 -0.2649
vn 0.8575 -0.4518 -0.2462
vn 0.8698 0.4502 -0.2017
vn 0.8591 -0.4481 -0.2474
vn 0.8875 0.4443 -0.1226
vn 0.9200 -0.3721 -0.1228
vn 0.8964 0.4298 -0.1082
vn 0.9329 0.3481 -0.0920
vn 0.9497 -0.3133 -0.0032
vn 0.9494 -0.3142 0.0018
vn 0.9649 -0.2625 0.0089
vn 0.9322 0.3614 -0.0202
vn 0.9391 0.3434 -0.0122
vn 0.9370 0.3494 -0.0013
vn 0.9648 -0.2623 0.0172
vn 0.2043 0.1465 -0.9679
vn 0.8168 -0.4037 -0.4121
vn 0.9717 -0.2362 0.0074
vn 0.6760 0.6479 -0.3512
vn 0.9411 0.3378 0.0132
vn 0.9552 0.2877 -0.0686
vn -0.6358 0.6508 -0.4151
vn 0.9602 0.2744 -0.0528
vn 0.9922 0.1214 0.0295
vn 0.9680 -0.2440 0.0582
vn 0.9503 -0.3090 0.0385
vn 0.8937 0.4380 -0.0974
vn 0.9673 -0.2536 -0.0041
vn 0.9930 0.1077 0.0479
vn 0.9960 0.0608 0.0647
vn 0.9955 0.0378 0.0867
vn 0.9958 0.0041 0.0909
vn 0.9528 -0.2522 0.1692
vn 0.9529 -0.2519 0.1692
vn 0.9953 0.0907 0.0353
vn 0.9918 -0.0244 0.1252
vn 0.9620 -0.2672 0.0561
vn 0.9944 0.0343 0.1003
vn 0.9877 -0.0259 0.1542
vn 0.9646 -0.2635 0.0100
vn 0.9869 -0.0222 0.1598
vn 0.9488 -0.1069 0.2972
vn 0.4102 -0.5170 0.7513
vn 0.9397 0.3408 0.0287
vn 0.9426 -0.3313 0.0421
vn 0.7541 0.6461 0.1176
vn 0.9355 -0.3453 0.0751
vn 0.9435 0.3291 0.0397
vn 0.9321 0.3607 0.0328
vn 0.9076 -0.4160 0.0561
vn 0.9062 -0.4179 0.0646
vn 0.9293 0.3673 0.0389
vn 0.8936 0.4442 0.0641
vn 0.9180 -0.3913 0.0652
vn 0.8712 0.4832 0.0868
vn 0.9113 -0.4035 0.0817
vn 0.8663 0.4954 0.0648
vn 0.8942 -0.4420 0.0713
vn 0.8647 0.4983 0.0630
vn 0.8380 0.5372 0.0955
vn 0.8546 -0.5036 0.1264
vn 0.8392 0.5153 0.1737
vn 0.8364 0.5216 0.1684
vn 0.9023 -0.4120 0.1267
vn 0.8283 0.5186 0.2120
vn 0.7785 0.5203 0.3511
vn 0.8804 -0.4435 0.1676
vn 0.8953 -0.4190 0.1515
vn 0.7657 0.5056 0.3976
vn 0.6940 0.5109 0.5073
vn 0.9079 -0.3750 0.1872
vn 0.8852 -0.4201 0.1997
vn 0.7316 0.4412 0.5197
vn 0.9749 -0.2117 0.0691
vn 0.8650 -0.4980 0.0613
vn 0.9761 -0.2021 0.0797
vn 0.9350 -0.3536 0.0282
vn 0.7110 0.3678 0.5994
vn 0.8491 0.2958 0.4376
vn 0.8493 0.2944 0.4383
vn 0.9920 -0.1089 0.0643
vn 0.9790 -0.2038 0.0091
vn 0.9807 -0.1955 0.0093
vn 0.8935 -0.4343 -0.1141
vn 0.9405 0.2038 0.2719
vn 0.9642 0.1088 0.2419
vn 0.9954 -0.0722 0.0633
vn 0.9768 0.1043 0.1873
vn 0.9832 -0.1662 -0.0757
vn 0.9406 0.2077 0.2687
vn 0.9947 -0.1015 -0.0174
vn 0.9908 -0.1331 -0.0252
vn 0.9832 0.0943 0.1562
vn 0.9878 -0.1367 -0.0740
vn 0.9717 0.1493 0.1832
vn 0.9942 -0.0840 -0.0667
vn 0.9852 -0.1190 -0.1235
vn 0.9816 0.1247 0.1448
vn 0.9919 -0.0738 -0.1037
vn 0.9845 0.1204 0.1275
vn 0.9781 0.1619 0.1305
vn 0.9866 -0.0703 -0.1470
vn 0.9512 -0.1762 -0.2532
vn 0.9736 0.1693 0.1533
vn 0.9703 -0.0873 -0.2256
vn 0.9161 -0.1994 -0.3479
vn 0.9687 0.1908 0.1586
vn 0.9909 -0.0630 -0.1188
vn 0.9897 -0.0361 -0.1383
vn 0.9074 -0.2323 -0.3502
vn 0.9912 -0.0397 0.1262
vn 0.9977 -0.0068 -0.0676
vn 0.9748 0.2030 0.0926
vn 0.9242 -0.3818 -0.0112
vn 0.9918 -0.0415 0.1206
vn 0.7057 0.1181 0.6986
vn 0.9968 0.0332 -0.0726
vn 0.9506 0.2532 0.1794
vn 0.9510 -0.1965 -0.2386
vn 0.8654 -0.4369 -0.2454
vn 0.9812 0.1824 0.0624
vn 0.8346 0.5340 0.1354
vn 0.9176 0.3796 0.1180
vn 0.9973 0.0643 -0.0344
vn 0.8540 -0.5202 -0.0126
vn -0.2375 0.9254 0.2953
vn 0.9611 -0.2447 0.1278
vn 0.8796 0.2733 0.3894
vn 0.9124 -0.2017 0.3561
vn 0.8473 0.2269 0.4803
vn 0.8117 0.1588 0.5621
vn 0.9183 0.3676 -0.1469
vn 0.9220 0.3572 -0.1490
vn 0.9952 -0.0701 -0.0681
vn 0.9953 -0.0747 -0.0616
vn 0.9893 -0.0709 -0.1278
vn 0.9029 0.3643 -0.2284
vn 0.5285 0.8228 -0.2089
vn 0.4282 0.8400 -0.3333
vn 0.9902 -0.0745 -0.1181
vn 0.8325 0.5160 -0.2019
vn 0.9675 -0.2314 -0.1023
vn 0.6672 0.6633 -0.3389
vn 0.7841 0.5326 -0.3186
vn 0.9897 -0.0976 -0.1043
vn 0.9690 -0.2239 -0.1040
vn 0.7133 0.5789 -0.3950
vn 0.7378 0.5630 -0.3723
vn 0.7828 0.4524 -0.4273
vn 0.8789 -0.4428 -0.1772
vn 0.4809 0.6440 -0.5950
vn 0.8972 -0.4042 -0.1780
vn 0.4990 0.6088 -0.6167
vn 0.4907 0.6051 -0.6270
vn 0.8843 -0.4092 -0.2251
vn 0.5193 0.5914 -0.6170
vn 0.5614 0.5850 -0.5853
vn 0.5654 0.5889 -0.5776
vn 0.7504 -0.5872 -0.3036
vn 0.5266 0.6313 -0.5693
vn 0.6018 0.6289 -0.4922
vn 0.6016 0.7049 -0.3757
vn 0.7646 0.5890 -0.2617
vn 0.7780 0.5889 -0.2189
vn 0.6766 0.6911 -0.2541
vn 0.9159 -0.3853 -0.1128
vn 0.9237 -0.3767 -0.0693
vn 0.9061 0.4057 -0.1203
vn 0.9155 -0.4005 -0.0382
vn 0.9079 0.3921 -0.1484
vn 0.9184 -0.3946 -0.0300
vn 0.9213 0.3736 -0.1079
vn 0.7399 0.6721 -0.0297
vn 0.9077 -0.4196 0.0055
vn 0.9187 -0.3948 0.0081
vn 0.6230 0.7816 0.0317
vn 0.9210 -0.3894 0.0106
vn 0.7857 -0.6186 0.0016
vn 0.6179 0.7850 0.0451
vn 0.6246 0.7798 0.0429
vn 0.3743 0.8383 -0.3964
vn 0.9371 -0.3490 -0.0078
vn 0.9146 0.3781 -0.1434
vn -0.9226 0.3576 -0.1444
vn -0.8040 0.5472 -0.2326
vn 0.9474 0.3192 -0.0240
vn 0.9610 0.2739 -0.0387
vn -0.1224 -0.6416 0.7572
vn -0.7674 -0.3558 0.5334
vn 0.9469 0.2189 -0.2355
vn 0.7799 0.6232 0.0577
vn 0.9576 0.1814 -0.2236
vn 0.9782 -0.1989 -0.0599
vn 0.9954 -0.0724 0.0635
vn 0.9949 0.0912 0.0434
vn 0.9444 0.2511 0.2121
vn 0.8879 0.2050 0.4119
vn -0.4133 0.6093 0.6767
vn 0.9335 0.0026 0.3586
vn 0.9944 0.0333 0.1005
vn 0.9549 0.1754 0.2398
vn 0.4812 -0.2866 0.8284
vn 0.9755 0.0657 0.2101
vn 0.9286 -0.3542 0.1108
vn 0.8691 -0.4778 0.1277
vn 0.7533 0.6539 0.0700
vn 0.5553 0.8258 0.0986
vn 0.8886 -0.4512 0.0828
vn 0.5351 0.8369 0.1151
vn 0.8708 -0.4854 0.0780
vn 0.5241 0.8450 0.1064
vn 0.6030 0.7896 0.1136
vn 0.5086 0.8581 0.0704
vn 0.8581 -0.5049 0.0941
vn 0.7485 0.6549 0.1044
vn 0.6830 0.7193 0.1271
vn 0.8467 0.5218 0.1043
vn 0.8252 -0.5469 0.1416
vn 0.8239 -0.5493 0.1396
vn 0.7683 -0.6107 0.1919
vn 0.7777 -0.5906 0.2156
vn 0.7720 -0.5961 0.2206
vn 0.7166 0.5255 0.4587
vn 0.7846 -0.5530 0.2804
vn 0.6743 0.5160 0.5283
vn 0.6450 0.5024 0.5759
vn 0.7924 -0.5595 0.2431
vn 0.6444 0.5127 0.5673
vn 0.6339 0.5120 0.5797
vn 0.7761 -0.6304 -0.0136
vn 0.7589 -0.6512 -0.0025
vn 0.6419 0.4594 0.6139
vn 0.6756 0.4267 0.6012
vn 0.7025 0.4511 0.5504
vn 0.7965 -0.5759 -0.1841
vn 0.8339 -0.5333 -0.1419
vn 0.7384 0.4111 0.5345
vn 0.8364 -0.4795 -0.2655
vn 0.8620 -0.4539 -0.2258
vn 0.7777 0.4167 0.4706
vn 0.6360 0.5085 0.5804
vn 0.8278 0.3515 0.4372
vn 0.9327 -0.3057 -0.1915
vn 0.8628 -0.3910 -0.3204
vn 0.8272 0.3680 0.4247
vn 0.9243 -0.2837 -0.2554
vn 0.8758 0.3375 0.3449
vn 0.8746 -0.3272 -0.3578
vn 0.8760 0.3371 0.3450
vn 0.8525 -0.3685 -0.3707
vn 0.6809 0.5124 0.5233
vn 0.8671 0.3438 0.3605
vn 0.8204 -0.3282 -0.4682
vn 0.7660 -0.3957 -0.5067
vn 0.7485 -0.3390 -0.5700
vn 0.8654 0.3658 0.3424
vn 0.8414 0.4018 0.3613
vn 0.5326 -0.5245 -0.6643
vn -0.3983 0.1604 0.9031
vn -0.1264 0.8690 0.4783
vn -0.0693 0.8689 0.4901
vn 0.8441 0.4027 0.3539
vn 0.6763 0.5594 0.4793
vn 0.8050 0.4609 0.3736
vn -0.9388 -0.0222 0.3438
vn 0.7731 0.4345 0.4622
vn 0.7730 0.4375 0.4595
vn 0.4324 0.0683 0.8991
vn 0.9964 0.0188 -0.0829
vn 0.9976 -0.0510 -0.0476
vn 0.9732 -0.2300 0.0006
vn -0.2098 0.9753 0.0692
vn 0.9815 0.1915 -0.0075
vn 0.9983 -0.0377 -0.0438
vn 0.9585 -0.2842 0.0217
vn 0.9104 0.4117 -0.0409
vn 0.9962 0.0526 -0.0694
vn 0.9971 -0.0492 -0.0587
vn 0.4514 0.8898 -0.0673
vn 0.9432 0.3183 -0.0957
vn 0.9249 -0.3788 0.0341
vn 0.9604 -0.2779 -0.0187
vn 0.9977 -0.0658 -0.0186
vn 0.9254 -0.3779 -0.0292
vn 0.5061 0.8351 -0.2158
vn 0.9839 -0.1726 -0.0463
vn 0.8941 -0.4435 -0.0625
vn 0.9251 -0.3681 -0.0934
vn 0.4089 0.8539 -0.3218
vn 0.3290 0.8576 -0.3954
vn 0.3856 0.7536 -0.5324
vn 0.8646 -0.4855 -0.1293
vn 0.4032 0.7657 -0.5011
vn 0.8652 -0.4643 -0.1893
vn 0.4638 0.7091 -0.5311
vn 0.8623 -0.4700 -0.1883
vn 0.4704 0.7085 -0.5260
vn 0.5086 0.6448 -0.5706
vn 0.8197 -0.5361 -0.2018
vn 0.8184 -0.5287 -0.2250
vn 0.8901 -0.3998 -0.2188
vn 0.9906 -0.1125 -0.0776
vn 0.9938 -0.0964 -0.0547
vn 0.8994 -0.3981 -0.1803
vn 0.8359 -0.4932 -0.2408
vn 0.8620 -0.4453 -0.2420
vn 0.9939 -0.1029 -0.0391
vn 0.5911 0.7054 -0.3912
vn 0.5684 0.7489 -0.3407
vn 0.7568 -0.5544 -0.3463
vn 0.5367 0.7974 -0.2757
vn 0.7077 0.6503 -0.2762
vn 0.4793 0.8416 -0.2489
vn 0.8641 -0.4889 -0.1198
vn 0.4559 0.8829 -0.1122
vn 0.4724 0.8786 -0.0701
vn 0.8331 -0.5531 0.0090
vn 0.4632 0.8846 -0.0538
vn 0.8306 -0.5568 0.0086
vn 0.5415 0.8406 -0.0169
vn 0.5383 0.8427 0.0084
vn 0.8153 -0.5788 0.0165
vn 0.8339 -0.5518 -0.0121
vn 0.6190 0.7839 0.0486
vn 0.5526 0.8277 0.0979
vn -0.0339 0.5457 0.8373
vn 0.7732 -0.6071 0.1835
vn 0.8197 -0.5291 0.2195
vn 0.8136 -0.5700 0.1148
vn 0.8035 -0.5858 0.1058
vn 0.8215 -0.5624 0.0943
vn 0.3813 0.9178 0.1111
vn 0.8474 -0.5216 0.0992
vn 0.8394 -0.5329 0.1068
vn 0.3605 0.9239 0.1284
vn 0.6901 -0.6887 0.2224
vn 0.6485 -0.7125 0.2679
vn 0.3447 0.5942 0.7267
vn 0.6150 0.4878 0.6196
vn 0.6450 -0.6040 -0.4682
vn 0.6630 0.4975 0.5594
vn 0.6795 0.5057 0.5315
vn 0.6798 0.5054 0.5315
vn 0.6848 0.5043 0.5261
vn 0.6908 0.5094 0.5131
vn -0.7312 0.4295 0.5299
vn -0.6434 0.4864 0.5911
vn 0.6847 0.5272 0.5032
vn 0.6668 0.5445 0.5088
vn 0.6934 0.5395 0.4777
vn -0.8275 0.3247 0.4580
vn 0.5727 0.5964 0.5624
vn 0.1720 0.1358 0.9757
vn 0.9935 0.0716 -0.0883
vn 0.9936 0.0067 -0.1129
vn 0.9929 0.1176 -0.0192
vn 0.9943 0.1031 -0.0254
vn 0.9962 -0.0208 -0.0841
vn 0.9962 -0.0272 -0.0833
vn 0.9965 -0.0629 -0.0554
vn 0.9893 -0.1202 0.0830
vn 0.9801 0.1811 0.0809
vn 0.9849 0.1347 -0.1091
vn 0.9985 -0.0074 -0.0549
vn 0.9820 -0.1802 0.0560
vn 0.9619 -0.2585 0.0893
vn 0.9975 -0.0441 -0.0556
vn 0.9750 0.2223 -0.0036
vn 0.9861 0.1647 -0.0233
vn 0.9981 -0.0066 -0.0606
vn 0.9464 0.2999 0.1202
vn 0.9971 -0.0442 -0.0625
vn 0.9718 -0.2359 -0.0055
vn 0.9026 0.4302 0.0153
vn 0.9834 0.1785 -0.0317
vn 0.9840 0.1753 -0.0335
vn 0.9972 -0.0515 -0.0538
vn 0.8889 -0.4293 0.1597
vn 0.9990 0.0100 -0.0434
vn 0.6758 0.6897 0.2600
vn 0.8925 -0.4510 0.0079
vn 0.9067 -0.4051 0.1177
vn 0.6714 0.7389 0.0570
vn 0.8564 -0.5070 0.0971
vn 0.7900 -0.6109 0.0512
vn 0.2686 0.9622 0.0446
vn 0.2520 0.9651 0.0715
vn 0.2355 0.9674 -0.0932
vn 0.9559 -0.2259 -0.1877
vn 0.9930 0.0930 -0.0724
vn 0.9370 -0.2935 -0.1893
vn 0.9354 -0.2963 -0.1930
vn 0.9879 0.1049 -0.1140
vn 0.9680 -0.2108 -0.1359
vn 0.9886 -0.1287 -0.0786
vn 0.9404 -0.2783 -0.1954
vn 0.9974 -0.0439 -0.0570
vn 0.9979 0.0046 -0.0652
vn 0.9889 -0.1253 -0.0801
vn 0.9567 0.1987 -0.2128
vn 0.9437 0.1771 -0.2794
vn 0.9471 -0.2659 -0.1795
vn 0.9575 0.1995 -0.2083
vn 0.8775 0.3376 -0.3406
vn 0.9914 -0.1154 -0.0622
vn 0.9597 -0.2231 -0.1710
vn 0.9672 0.1542 -0.2020
vn 0.9611 0.1794 -0.2101
vn 0.8999 0.3181 -0.2982
vn 0.9976 -0.0596 -0.0340
vn 0.9968 -0.0751 -0.0290
vn 0.9967 -0.0738 -0.0351
vn 0.9029 0.3111 -0.2965
vn 0.9714 0.1610 -0.1747
vn 0.9617 -0.2189 -0.1650
vn 0.9925 -0.1019 -0.0681
vn 0.9745 -0.1702 -0.1462
vn 0.9955 -0.0851 -0.0426
vn 0.9708 0.1753 -0.1637
vn 0.9967 -0.0722 -0.0371
vn 0.9487 0.2163 -0.2306
vn 0.9960 -0.0774 -0.0456
vn 0.9719 -0.1747 -0.1578
vn 0.9832 0.1429 -0.1134
vn 0.9268 0.2840 -0.2457
vn 0.9957 -0.0817 -0.0438
vn 0.8033 0.4440 -0.3969
vn 0.9557 0.2368 -0.1747
vn 0.9904 0.1099 -0.0833
vn 0.9956 -0.0809 -0.0479
vn 0.9956 -0.0896 -0.0271
vn 0.9885 0.1435 0.0483
vn 0.8531 0.4958 -0.1623
vn 0.9881 -0.1497 -0.0360
vn 0.9970 -0.0708 -0.0303
vn 0.5653 0.7482 -0.3473
vn 0.9959 -0.0892 0.0125
vn 0.9958 -0.0901 0.0135
vn 0.9941 -0.1063 0.0237
vn 0.5176 0.7955 -0.3151
vn 0.9768 -0.1858 0.1064
vn 0.9761 -0.1873 0.1097
vn 0.9511 -0.2803 -0.1296
vn 0.4914 0.8408 -0.2274
vn 0.8439 -0.5328 -0.0624
vn 0.8095 -0.5700 -0.1407
vn 0.4006 0.8916 -0.2110
vn 0.5012 -0.8650 -0.0219
vn 0.6149 -0.7876 0.0414
vn 0.5313 0.8462 0.0405
vn 0.5719 -0.8202 0.0133
vn 0.0962 -0.8822 0.4610
vn 0.7169 -0.6798 0.1550
vn 0.7054 -0.6992 0.1163
vn 0.6643 -0.7384 0.1164
vn 0.4257 0.8964 0.1236
vn 0.3654 0.9212 0.1333
vn 0.6185 -0.7690 0.1617
vn 0.3415 0.9265 0.1582
vn 0.3514 0.9190 0.1787
vn 0.3755 0.8718 0.3145
vn 0.3578 0.8875 0.2904
vn 0.3493 0.8651 0.3599
vn 0.3389 0.8427 0.4183
vn 0.3382 0.8434 0.4175
vn 0.2810 0.6069 0.7434
vn 0.2575 0.6395 0.7243
vn 0.3165 -0.8627 0.3945
vn 0.3051 0.6036 0.7366
vn -0.3188 0.6647 0.6756
vn -0.3768 0.5857 0.7176
vn -0.6935 0.4856 0.5322
vn -0.3151 0.6243 0.7148
vn -0.5210 0.7015 0.4863
vn -0.7250 0.2964 0.6217
vn 0.3393 0.6603 0.6700
vn 0.2903 0.6286 0.7215
vn 0.2079 0.4007 0.8923
vn -0.1866 -0.5866 0.7881
vn -0.0847 -0.7587 0.6459
vn 0.9600 0.1669 -0.2248
vn 0.9623 -0.0493 -0.2674
vn 0.9937 -0.0032 -0.1123
vn 0.5013 0.7716 -0.3915
vn 0.9938 -0.0035 -0.1110
vn 0.9940 0.0030 -0.1097
vn 0.9656 0.2475 -0.0794
vn 0.8009 0.5669 -0.1929
vn 0.9744 -0.1260 -0.1864
vn 0.9889 0.0572 -0.1374
vn 0.9917 0.0386 -0.1227
vn 0.9968 -0.0563 -0.0570
vn 0.9968 -0.0555 -0.0572
vn 0.9687 0.2377 -0.0722
vn 0.9972 0.0449 -0.0595
vn 0.9941 -0.0072 -0.1079
vn 0.9905 -0.0569 -0.1252
vn 0.9994 0.0230 0.0264
vn 0.9384 0.3140 0.1441
vn 0.9308 0.3387 0.1375
vn 0.9985 0.0060 -0.0538
vn 0.9824 0.1153 -0.1468
vn 0.5614 0.7241 0.4006
vn 0.6557 0.6738 0.3407
vn 0.9979 -0.0569 -0.0295
vn 0.9982 0.0597 -0.0019
vn 0.9993 -0.0023 -0.0385
vn 0.9716 -0.1527 -0.1809
vn 0.9578 -0.1909 -0.2147
vn 0.9715 0.1199 -0.2045
vn 0.9911 -0.1275 0.0375
vn 0.9977 0.0551 0.0395
vn 0.9940 -0.0607 -0.0910
vn 0.9849 -0.1150 -0.1296
vn 0.9958 0.0316 -0.0864
vn 0.9869 -0.1394 0.0814
vn 0.8730 0.3768 0.3096
vn 0.6295 0.5768 0.5206
vn 0.9934 -0.0678 -0.0923
vn 0.9939 0.0516 -0.0979
vn 0.9992 -0.0232 -0.0314
vn 0.7255 0.5289 0.4403
vn 0.9592 0.1985 0.2015
vn 0.9999 0.0133 0.0009
vn 0.9753 0.0938 -0.1998
vn 0.9562 -0.2239 0.1887
vn 0.9977 0.0567 0.0380
vn 0.9996 0.0272 0.0001
vn 0.9994 -0.0317 -0.0135
vn 0.7224 0.4936 0.4843
vn 0.9970 0.0605 0.0483
vn 0.9657 0.1218 -0.2292
vn 0.9605 0.2033 0.1898
vn 0.9924 -0.0716 -0.1003
vn 0.9544 -0.1780 -0.2397
vn 0.9607 -0.1543 -0.2309
vn 0.9936 0.0361 -0.1067
vn 0.9929 0.0415 -0.1112
vn 0.9875 -0.1353 0.0812
vn 0.7258 0.4898 0.4830
vn 0.7256 0.4900 0.4831
vn 0.9613 0.2016 0.1876
vn 0.9999 0.0139 0.0006
vn 0.9818 -0.0915 -0.1665
vn 0.9890 -0.1292 0.0720
vn 0.9432 -0.2582 0.2088
vn 0.9948 -0.0515 -0.0875
vn 0.9487 -0.0572 -0.3111
vn 0.9430 -0.0751 -0.3243
vn 0.9495 0.0872 -0.3016
vn 0.9500 0.0845 -0.3005
vn 0.9996 0.0064 -0.0266
vn 0.6338 0.5300 0.5633
vn 0.9329 -0.2546 0.2548
vn 0.9971 0.0684 0.0329
vn 0.9979 0.0579 0.0290
vn 0.9928 -0.0453 -0.1108
vn 0.9853 -0.0396 -0.1661
vn 0.9918 0.0031 -0.1276
vn 0.9843 0.0460 -0.1702
vn 0.9958 0.0259 -0.0876
vn 0.6375 0.5298 0.5594
vn 0.5475 0.6777 0.4908
vn 0.9360 0.2723 0.2230
vn 0.9976 0.0297 -0.0623
vn 0.9931 0.0062 -0.1172
vn 0.9993 -0.0338 -0.0138
vn 0.9879 -0.1287 0.0869
vn 0.9298 -0.2781 0.2413
vn 0.9870 -0.1335 0.0892
vn 0.9975 -0.0700 0.0068
vn 0.8928 -0.3128 0.3241
vn 0.7279 0.5117 0.4564
vn 0.1834 0.7339 0.6540
vn 0.9987 0.0375 -0.0358
vn 0.8963 -0.3123 0.3148
vn 0.7412 0.4988 0.4492
vn 0.9218 0.2957 0.2508
vn 0.9934 0.1140 0.0104
vn 0.9972 -0.0233 -0.0716
vn 0.9897 -0.1224 0.0738
vn 0.8857 -0.3584 0.2950
vn 0.7076 0.5029 0.4963
vn 0.6430 0.5854 0.4938
vn 0.9021 0.3633 0.2329
vn 0.8369 -0.4394 0.3265
vn 0.6909 0.5780 0.4342
vn 0.8333 -0.4403 0.3343
vn 0.7925 -0.5238 0.3125
vn 0.6909 0.5779 0.4344
vn 0.5801 0.7002 0.4162
vn 0.6768 -0.6984 0.2326
vn 0.7863 -0.5252 0.3255
vn 0.5983 0.7537 0.2721
vn 0.6876 -0.7097 0.1534
vn 0.4535 0.7858 0.4205
vn 0.4302 -0.8431 0.3227
vn 0.2765 0.9445 0.1771
vn 0.4166 0.8773 0.2382
vn 0.2931 0.9539 0.0643
vn 0.1664 0.9845 -0.0556
vn 0.1959 0.9545 -0.2247
vn 0.8655 0.4297 -0.2576
vn 0.9304 0.2736 -0.2439
vn 0.8813 -0.2771 -0.3828
vn 0.8673 -0.3034 -0.3946
vn 0.7046 -0.6805 -0.2012
vn 0.7716 -0.5118 -0.3777
vn 0.1670 0.9564 -0.2397
vn 0.6875 -0.7121 -0.1424
vn 0.9429 -0.2211 -0.2493
vn 0.8702 0.4544 -0.1907
vn 0.7773 -0.5180 -0.3570
vn 0.9458 0.2804 -0.1640
vn 0.9841 -0.0806 -0.1582
vn 0.8159 -0.4868 -0.3121
vn 0.2399 0.9021 -0.3586
vn 0.1902 0.9000 -0.3921
vn 0.8224 -0.4685 -0.3227
vn 0.9840 0.1087 -0.1411
vn 0.8333 -0.3987 -0.3830
vn 0.7079 0.5436 -0.4510
vn 0.9792 0.1380 -0.1489
vn 0.9580 0.0538 -0.2816
vn 0.9688 0.1035 -0.2254
vn 0.8445 -0.4178 -0.3351
vn 0.8213 -0.4692 -0.3245
vn 0.9768 0.1273 -0.1719
vn 0.9766 0.1290 -0.1723
vn 0.8379 -0.4175 -0.3515
vn 0.8806 -0.3743 -0.2907
vn 0.9776 0.1182 -0.1741
vn 0.9775 0.1174 -0.1751
vn 0.8780 -0.3427 -0.3341
vn 0.9819 0.0964 -0.1631
vn 0.9807 0.1225 -0.1526
vn 0.9799 0.1244 -0.1559
vn 0.8974 -0.3255 -0.2980
vn 0.9844 0.1006 -0.1443
vn 0.9013 -0.3089 -0.3037
vn 0.9874 0.0952 -0.1266
vn 0.9370 -0.2744 -0.2163
vn 0.9901 0.1107 -0.0864
vn 0.9840 0.0625 -0.1665
vn 0.9952 0.0664 -0.0715
vn 0.9261 -0.2470 -0.2852
vn 0.9953 0.0840 -0.0474
vn 0.9906 0.1013 -0.0918
vn 0.9133 -0.2743 -0.3010
vn 0.9141 -0.2678 -0.3044
vn 0.9930 -0.1062 -0.0523
vn 0.9921 0.1028 0.0715
vn 0.9925 -0.1158 -0.0400
vn 0.9251 -0.3456 -0.1570
vn 0.9590 -0.2752 -0.0677
vn 0.9887 0.1288 0.0774
vn 0.9884 0.1343 0.0703
vn 0.9808 0.1789 0.0780
vn 0.9889 -0.1429 0.0414
vn 0.9915 -0.1278 0.0250
vn 0.9148 -0.3697 0.1629
vn 0.9465 -0.3078 0.0972
vn 0.9801 0.1595 0.1180
vn 0.9796 -0.1683 0.1099
vn 0.9073 -0.3344 0.2549
vn 0.9069 -0.3353 0.2552
vn 0.5156 0.8161 -0.2610
vn 0.4762 0.8632 -0.1679
vn 0.9269 -0.3033 0.2209
vn 0.6397 -0.5659 0.5202
vn 0.4310 0.8886 -0.1572
vn 0.8922 -0.3251 0.3136
vn 0.8461 -0.3755 0.3782
vn 0.6963 -0.3592 0.6214
vn 0.3808 0.9115 -0.1555
vn 0.3602 -0.9329 0.0064
vn 0.4350 0.8991 -0.0493
vn 0.4495 0.8933 0.0001
vn 0.4904 0.8713 0.0183
vn 0.4919 0.8705 0.0161
vn 0.4266 0.8996 0.0932
vn 0.4346 0.8943 0.1062
vn 0.3809 -0.9092 0.1683
vn 0.4297 0.8968 0.1052
vn 0.3919 -0.8980 0.2001
vn 0.4209 0.8995 0.1175
vn 0.3936 -0.9053 0.1593
vn 0.4393 0.8893 0.1271
vn 0.4321 0.8918 0.1343
vn 0.4184 -0.8972 0.1415
vn 0.3848 0.9108 0.1496
vn 0.4076 -0.8968 0.1719
vn 0.3535 0.9187 0.1763
vn 0.3164 -0.9012 0.2962
vn 0.3453 0.8936 0.2867
vn 0.3459 0.8683 0.3556
vn 0.3065 -0.8961 0.3210
vn 0.3011 0.7812 0.5469
vn 0.3498 0.7328 0.5837
vn 0.3072 0.6711 0.6747
vn 0.3015 0.6703 0.6781
vn 0.2544 0.6345 0.7299
vn 0.2275 -0.9524 -0.2028
vn 0.2659 0.5961 0.7576
vn 0.2345 0.6289 0.7413
vn 0.2537 0.6372 0.7277
vn 0.2385 0.6467 0.7245
vn 0.2623 0.6540 0.7096
vn -0.2563 0.6405 0.7239
vn 0.2586 0.6692 0.6966
vn -0.2617 0.6332 0.7284
vn 0.2555 0.6684 0.6986
vn 0.2576 0.6675 0.6986
vn -0.2878 0.6951 0.6588
vn -0.2061 0.6158 0.7605
vn -0.2269 0.5651 0.7932
vn -0.3496 0.6264 0.6967
vn 0.2419 0.6839 0.6883
vn -0.3368 0.6225 0.7065
vn 0.2713 0.6945 0.6664
vn -0.3287 0.6403 0.6943
vn 0.2664 0.6969 0.6658
vn -0.3362 0.5975 0.7280
vn -0.3116 0.4379 0.8433
vn 0.2525 0.7194 0.6471
vn 0.2495 0.7189 0.6488
vn 0.2652 0.3080 0.9137
vn -0.1732 -0.2593 0.9501
vn -0.1674 -0.2398 0.9563
vn 0.9723 0.0841 -0.2181
vn -0.3322 0.7977 -0.5034
vn 0.8890 -0.2634 -0.3747
vn 0.8949 -0.4046 -0.1884
vn 0.8224 -0.4017 -0.4029
vn 0.8706 -0.2650 -0.4145
vn -0.5331 0.7656 -0.3600
vn 0.7877 -0.3669 -0.4950
vn 0.8339 0.3267 -0.4448
vn 0.0620 0.9971 -0.0447
vn 0.7975 -0.3753 -0.4724
vn 0.9707 0.1547 -0.1837
vn 0.9950 -0.0989 -0.0120
vn 0.0679 0.9943 0.0819
vn 0.8734 0.3735 -0.3126
vn 0.9918 -0.1212 0.0414
vn 0.8501 -0.3416 -0.4008
vn 0.9451 0.1930 -0.2637
vn 0.8631 -0.4155 0.2870
vn -0.5554 0.7271 0.4035
vn 0.9143 0.1363 -0.3814
vn 0.8846 -0.3889 0.2574
vn 0.8522 -0.3390 -0.3986
vn 0.8266 -0.4233 0.3708
vn 0.7785 0.3367 -0.5297
vn 0.9675 0.1172 -0.2242
vn 0.7543 -0.5006 0.4248
vn 0.8423 -0.3854 0.3768
vn 0.8734 -0.2463 -0.4202
vn 0.3306 -0.5370 0.7761
vn 0.4050 -0.3007 -0.8635
vn 0.9278 0.1697 -0.3322
vn 0.6091 -0.5975 0.5215
vn 0.7439 -0.4922 0.4520
vn 0.3714 -0.5018 0.7812
vn 0.3207 -0.6464 0.6923
vn 0.1734 -0.6396 0.7489
vn 0.3892 -0.6351 0.6672
vn 0.4283 -0.6348 0.6431
vn -0.2201 0.6872 0.6923
vn 0.3751 -0.6745 0.6359
vn 0.1146 -0.6907 0.7140
vn 0.0981 -0.7996 0.5924
vn -0.0885 0.7455 0.6606
vn 0.0849 -0.8024 0.5907
vn -0.0205 0.7935 0.6082
vn -0.2163 0.7918 0.5712
vn -0.1102 0.8995 0.4228
vn 0.2569 0.9636 0.0734
vn 0.5716 0.1091 -0.8132
vn 0.9289 -0.3238 -0.1799
vn 0.8241 0.1902 -0.5335
vn 0.9702 0.1801 -0.1619
vn 0.9154 -0.3137 -0.2523
vn 0.8292 -0.4789 -0.2881
vn 0.9017 0.2693 -0.3384
vn -0.0208 0.9358 -0.3520
vn 0.7051 -0.6053 -0.3695
vn 0.9470 0.2079 -0.2449
vn -0.7564 0.4065 -0.5125
vn 0.7278 -0.5134 -0.4547
vn 0.6919 0.3766 -0.6160
vn 0.6945 -0.5142 -0.5033
vn 0.8271 0.2744 -0.4905
vn 0.8824 0.2374 -0.4063
vn 0.6007 -0.5788 -0.5515
vn 0.9666 0.0731 -0.2455
vn 0.9871 0.0660 -0.1459
vn 0.7218 -0.4739 -0.5044
vn 0.7220 -0.4730 -0.5050
vn 0.9976 0.0509 -0.0459
vn 0.6346 0.7584 0.1491
vn 0.9848 0.1654 0.0539
vn 0.9858 0.1487 0.0783
vn 0.9928 0.0996 0.0671
vn 0.8546 -0.5104 -0.0959
vn 0.7100 -0.7041 -0.0145
vn 0.6946 -0.5325 0.4838
vn 0.7653 -0.5870 0.2640
vn -0.0703 0.7050 0.7057
vn 0.9906 0.1031 0.0903
vn 0.2149 -0.7124 0.6681
vn 0.9155 0.2784 0.2903
vn 0.9825 0.1497 0.1105
vn -0.0537 -0.7021 0.7101
vn 0.7455 0.4397 0.5008
vn 0.9620 0.2644 0.0681
vn 0.8130 0.3058 0.4954
vn 0.5706 -0.6149 0.5443
vn 0.6431 -0.5660 0.5159
vn 0.2444 -0.6791 0.6921
vn 0.1418 0.9780 -0.1527
vn -0.1978 0.9753 -0.0986
vn 0.0773 0.9942 -0.0744
vn 0.0681 0.9969 0.0394
vn 0.0462 0.9956 0.0811
vn 0.0567 0.9849 0.1634
vn 0.1004 0.9853 0.1382
vn 0.0256 0.7267 0.6865
vn 0.0229 0.6507 0.7590
vn -0.0552 0.5971 0.8003
vn -0.0550 0.5968 0.8005
vn 0.1092 0.6579 0.7451
vn -0.0623 0.4734 0.8786
vn -0.5224 0.5949 0.6108
vn -0.4971 0.6557 0.5683
vn -0.2901 0.6852 0.6680
vn -0.6034 -0.5333 0.5929
vn -0.2855 0.7254 0.6263
vn -0.2129 0.7476 0.6291
vn -0.5764 0.7251 0.3768
vn -0.4572 0.8616 0.2203
vn -0.2887 0.9546 0.0737
vn -0.2592 0.9639 -0.0616
vn -0.6679 0.4693 -0.5777
vn -0.2756 0.9375 -0.2123
vn -0.3027 0.8835 -0.3575
vn -0.9250 0.2141 0.3140
vn -0.4593 -0.6399 0.6161
vn -0.5753 -0.6325 0.5186
vn -0.4999 0.8660 0.0152
vn -0.5038 0.8636 0.0204
vn -0.4253 0.8927 0.1493
vn -0.3926 0.9087 0.1416
vn -0.3652 0.9212 0.1343
vn -0.4045 -0.8823 0.2406
vn -0.3531 0.8924 0.2809
vn -0.3556 0.8608 0.3641
vn -0.3227 0.7717 0.5481
vn -0.2659 0.6047 0.7508
vn -0.2000 0.6383 0.7433
vn -0.2184 0.6080 0.7633
vn -0.2246 0.6095 0.7603
vn -0.2097 0.6219 0.7545
vn -0.2377 0.6399 0.7307
vn -0.2332 0.6423 0.7301
vn -0.2589 0.6544 0.7105
vn -0.2510 0.6649 0.7035
vn 0.4199 0.6536 0.6297
vn 0.2116 0.6690 0.7125
vn 0.2485 0.6791 0.6907
vn -0.2627 0.6672 0.6970
vn 0.2370 0.5950 0.7680
vn 0.2684 0.6073 0.7478
vn 0.2705 0.5498 0.7903
vn 0.1172 0.6459 0.7544
vn 0.3709 0.5998 0.7090
vn -0.2743 0.6872 0.6727
vn -0.2438 0.6993 0.6720
vn 0.1683 0.6764 0.7171
vn 0.2425 -0.7885 -0.5652
vn 0.9150 -0.3974 0.0691
vn 0.3179 0.6946 0.6453
vn 0.9865 -0.0879 0.1382
vn -0.2412 0.7165 0.6546
vn 0.8443 0.0835 0.5293
vn -0.2399 0.7162 0.6554
vn -0.2005 0.6443 0.7381
vn -0.0908 0.2336 0.9681
vn 0.0217 -0.3408 0.9399
vn -0.2899 0.9543 0.0729
vn -0.2212 0.9717 -0.0833
vn -0.2300 0.9424 -0.2427
vn -0.2690 0.9007 -0.3412
vn -0.3132 0.8002 -0.5115
vn -0.6051 0.7367 -0.3020
vn -0.4050 0.9028 -0.1448
vn -0.4337 0.8943 -0.1104
vn -0.5277 0.8489 -0.0296
vn -0.5403 0.8409 0.0305
vn -0.4596 0.8842 0.0839
vn -0.4701 0.8745 0.1194
vn -0.6136 -0.7784 0.1325
vn -0.4295 0.8953 0.1178
vn -0.3807 0.9167 0.1215
vn -0.3669 0.9190 0.1445
vn -0.3576 0.9173 0.1751
vn -0.3661 0.8836 0.2919
vn -0.3733 0.8616 0.3439
vn -0.3549 0.8407 0.4090
vn -0.3433 0.8403 0.4196
vn -0.2833 0.8044 0.5222
vn 0.5968 0.5306 0.6019
vn 0.4165 0.5750 0.7042
vn 0.3746 0.5831 0.7209
vn 0.4980 0.6058 0.6204
vn 0.5181 0.5062 0.6894
vn 0.4006 0.6611 0.6344
vn 0.3406 0.5472 0.7646
vn 0.3748 0.7268 0.5757
vn 0.5256 -0.7219 -0.4502
vn 0.3971 0.5135 0.7607
vn 0.8651 -0.0218 0.5011
vn 0.3876 -0.7174 -0.5789
vn -0.2822 0.4513 0.8466
vn 0.1713 -0.0876 0.9813
vn 0.0063 -0.3215 0.9469
vn 0.2732 -0.3076 0.9115
vn -0.5319 0.8435 -0.0754
vn -0.4264 0.8775 -0.2194
vn -0.5111 0.7919 -0.3342
vn -0.4128 0.7932 -0.4477
vn -0.6133 0.6040 -0.5090
vn -0.5956 0.7126 -0.3706
vn -0.6192 0.7051 -0.3456
vn -0.6111 0.7353 -0.2932
vn -0.6117 0.7302 -0.3044
vn -0.7460 -0.6306 0.2139
vn 0.5450 0.1754 0.8199
vn -0.3527 0.9257 0.1365
vn -0.3613 0.9166 0.1708
vn -0.4753 0.5690 0.6710
vn -0.5399 0.5311 0.6530
vn -0.4979 0.5355 0.6822
vn -0.5352 0.5111 0.6726
vn -0.5689 0.5197 0.6374
vn -0.5781 0.5124 0.6350
vn -0.6288 0.5321 0.5670
vn -0.6236 0.5339 0.5710
vn 0.9042 0.2998 0.3043
vn -0.6378 0.5407 0.5485
vn 0.8930 0.2131 0.3964
vn 0.8135 0.3833 0.4374
vn 0.8140 -0.4891 -0.3132
vn 0.7777 0.3750 0.5046
vn 0.8083 0.3285 0.4886
vn 0.7560 -0.5189 -0.3991
vn 0.7738 0.4007 0.4905
vn 0.6861 0.5048 0.5239
vn -0.6714 0.5301 0.5179
vn -0.6311 0.5668 0.5296
vn 0.7138 0.3809 0.5877
vn 0.7697 -0.5032 -0.3929
vn -0.6469 0.5637 0.5136
vn 0.7357 0.5607 0.3798
vn 0.6244 0.5756 0.5279
vn 0.6672 0.4719 0.5764
vn 0.8277 0.2013 0.5238
vn 0.9608 -0.1238 0.2481
vn 0.7085 -0.6828 -0.1785
vn -0.5920 0.5857 0.5536
vn 0.6170 -0.3345 -0.7123
vn -0.9056 0.4087 -0.1133
vn -0.4494 0.8786 -0.1616
vn -0.4980 0.7101 -0.4977
vn -0.5121 0.6528 -0.5582
vn -0.4990 0.6273 -0.5980
vn -0.5139 0.5887 -0.6240
vn -0.5782 0.6365 -0.5104
vn -0.5965 0.8021 0.0283
vn 0.9943 0.0469 -0.0953
vn 0.9973 -0.0717 -0.0161
vn 0.9998 -0.0085 -0.0189
vn 0.9997 -0.0146 -0.0170
vn -0.6896 0.6810 -0.2464
vn -0.6288 0.7766 0.0385
vn -0.6592 0.7173 -0.2256
vn 0.9997 -0.0219 -0.0079
vn 0.9964 -0.0813 -0.0223
vn 0.7397 0.5909 -0.3220
vn 0.9996 -0.0296 -0.0043
vn 0.9942 -0.0866 -0.0642
vn 0.9930 -0.1011 -0.0614
vn 0.9995 -0.0284 0.0097
vn 0.9934 -0.1039 -0.0482
vn 0.9947 -0.0424 -0.0934
vn 0.9942 -0.1066 0.0108
vn 0.9965 -0.0834 0.0006
vn 0.9665 -0.1333 0.2192
vn 0.9865 -0.1419 0.0813
vn -0.6935 -0.1385 0.7070
vn -0.5795 0.8100 0.0894
vn -0.5868 0.7973 0.1412
vn -0.5172 0.8516 0.0852
vn -0.7332 -0.6428 0.2220
vn -0.7251 0.5193 0.4522
vn -0.7356 0.4272 0.5257
vn -0.6251 0.5078 0.5928
vn 0.9951 -0.0330 0.0933
vn 0.9953 0.0274 0.0934
vn 0.9979 -0.0475 -0.0441
vn 0.9886 0.0168 0.1497
vn 0.9892 -0.1453 0.0171
vn 0.9892 0.0558 0.1357
vn 0.9786 0.1280 0.1610
vn 0.9767 -0.1704 -0.1309
vn 0.9656 -0.2294 -0.1222
vn 0.9957 -0.0832 -0.0394
vn 0.9803 0.0960 0.1727
vn 0.9670 -0.2332 -0.1029
vn 0.9960 -0.0858 -0.0240
vn 0.9835 -0.1809 -0.0037
vn 0.9765 0.0906 0.1957
vn 0.9738 -0.0488 0.2220
vn 0.9448 0.2007 0.2591
vn 0.9426 -0.2767 -0.1869
vn 0.9412 0.0930 0.3249
vn 0.8769 0.3093 0.3680
vn 0.8554 0.3937 0.3365
vn 0.8824 -0.4267 -0.1983
vn 0.9824 -0.1861 -0.0142
vn 0.8491 0.3469 0.3983
vn 0.7100 0.6197 0.3346
vn 0.8568 -0.4026 -0.3223
vn 0.7939 -0.5532 -0.2523
vn 0.7512 0.5723 0.3290
vn 0.8279 0.3944 0.3987
vn -0.6419 0.5690 0.5141
vn 0.8381 0.4079 0.3622
vn 0.8950 0.2174 0.3894
vn 0.4064 -0.8913 0.2010
vn 0.6009 -0.5663 -0.5641
vn 0.6571 0.0207 0.7535
vn 0.7129 -0.0356 0.7004
vn 0.6131 -0.3087 -0.7272
vn -0.6391 0.4850 0.5970
vn -0.5512 0.4476 0.7041
vn -0.4954 0.2175 0.8410
vn -0.9313 0.3022 -0.2034
vn -0.6045 0.7963 0.0233
vn 0.7041 0.0542 -0.7081
vn 0.9771 -0.2127 0.0004
vn 0.9963 -0.0547 -0.0655
vn -0.8880 0.3410 -0.3083
vn 0.9558 -0.2831 0.0798
vn 0.9569 -0.2778 0.0850
vn 0.9978 -0.0504 -0.0421
vn 0.9904 -0.1335 0.0348
vn 0.9572 -0.2769 0.0839
vn 0.9941 -0.0981 -0.0471
vn 0.9524 -0.2771 -0.1273
vn 0.9963 -0.0856 -0.0051
vn 0.9761 -0.2060 0.0686
vn 0.8780 -0.4535 0.1532
vn -0.1866 -0.4154 0.8903
vn -0.4532 -0.5929 0.6656
vn -0.9959 0.0233 0.0873
vn -0.8516 -0.2401 0.4659
vn -0.5761 0.8125 0.0889
vn -0.5976 0.7928 0.1194
vn -0.7398 0.6655 0.0993
vn -0.7456 0.5147 0.4234
vn -0.7179 -0.6218 0.3130
vn 0.8940 -0.1180 0.4322
vn 0.8974 0.1193 0.4248
vn 0.7204 -0.0145 0.6934
vn 0.9279 -0.3589 0.1009
vn 0.4113 0.2401 0.8793
vn -0.7456 0.3716 0.5532
vn 0.9373 -0.3477 0.0233
vn 0.1734 0.9396 0.2950
vn 0.9228 0.2946 0.2481
vn 0.2278 0.9111 0.3436
vn -0.7638 0.5022 0.4056
vn 0.9238 0.3439 0.1682
vn 0.9749 0.0088 0.2226
vn -0.6872 0.4761 0.5487
vn 0.9429 -0.0732 0.3250
vn -0.9443 0.3286 0.0147
vn -0.9364 0.3484 0.0419
vn -0.9170 0.3951 0.0548
vn -0.9907 -0.0241 0.1338
vn -0.7848 0.5837 0.2081
vn -0.9488 0.3140 0.0341
vn -0.8495 0.1955 0.4900
vn -0.9573 0.2892 0.0015
vn -0.9594 0.2816 0.0179
vn 0.1283 0.8532 0.5055
vn 0.0706 0.8143 0.5762
vn 0.1408 0.6900 0.7100
vn 0.0572 0.5143 0.8557
vn 0.1401 0.3967 0.9072
vn 0.0106 0.0884 0.9960
vn -0.9924 0.0279 0.1199
vn -0.0324 0.8742 -0.4844
vn 0.0656 0.9952 -0.0730
vn 0.0038 0.9975 0.0707
vn 0.0896 0.9767 0.1949
vn -0.3272 -0.4772 0.8156
vn -0.1668 -0.3450 0.9237
vn -0.1401 -0.0973 0.9854
vn 0.0012 0.0831 0.9965
vn 0.9010 0.1781 -0.3956
vn 0.9174 -0.2982 -0.2635
vn -0.8373 -0.4541 0.3046
vn 0.4873 0.5739 -0.6582
vn 0.5116 -0.1827 -0.8396
vn 0.7208 -0.0401 -0.6920
vn 0.7642 0.2628 -0.5890
vn 0.8264 0.1687 -0.5371
vn 0.9002 -0.3298 -0.2846
vn 0.8494 0.0199 -0.5274
vn 0.7375 -0.6427 -0.2075
vn 0.8552 -0.4840 0.1854
vn 0.4840 -0.8522 0.1986
vn -0.9905 0.0093 0.1373
vn -0.9810 0.0934 0.1702
vn -0.7979 -0.3907 0.4591
vn -0.0733 0.8601 -0.5048
vn -0.0839 0.9917 0.0973
vn -0.1363 0.7709 0.6222
vn -0.3957 -0.7374 0.5473
vn -0.1987 0.7901 0.5798
vn -0.2872 0.4034 0.8688
vn -0.1926 0.4966 0.8463
vn -0.6114 -0.3920 0.6874
vn 0.9819 0.0945 -0.1641
vn 0.9902 -0.0693 -0.1211
vn 0.9808 -0.1083 -0.1620
vn 0.9793 -0.1999 0.0311
vn 0.9786 -0.2049 0.0196
vn -0.5964 -0.4567 0.6601
vn 0.9712 0.1542 -0.1815
vn 0.9766 0.0769 -0.2007
vn 0.9143 -0.3980 -0.0752
vn 0.9274 0.1380 -0.3477
vn 0.9551 -0.2070 -0.2120
vn 0.8916 0.2741 -0.3604
vn 0.9317 0.1593 -0.3265
vn -0.4042 -0.8575 0.3183
vn 0.8420 0.2347 -0.4858
vn 0.8617 0.1794 -0.4747
vn 0.7679 -0.2088 -0.6056
vn 0.7141 0.0230 -0.6997
vn -0.2900 0.9431 -0.1625
vn -0.1359 0.5851 0.7995
vn -0.5200 0.7538 -0.4016
vn -0.5579 0.8299 0.0004
vn -0.5258 0.8502 0.0279
vn -0.4897 0.7321 0.4736
vn -0.6165 0.1978 0.7621
vn -0.7053 -0.1089 0.7005
vn -0.6760 -0.1357 0.7243
vn 0.9737 -0.0956 -0.2067
vn 0.6937 -0.7069 -0.1380
vn -0.6217 -0.4759 0.6221
vn 0.9430 0.1932 -0.2710
vn 0.9284 0.2570 -0.2683
vn -0.8218 -0.5175 0.2385
vn 0.9335 0.2618 -0.2451
vn 0.9341 0.2554 -0.2495
vn 0.9244 0.2447 -0.2925
vn 0.9066 0.2222 -0.3588
vn 0.9178 0.1722 -0.3578
vn 0.8894 0.2009 -0.4107
vn 0.8968 0.3844 -0.2191
vn 0.8839 0.1976 -0.4239
vn 0.8215 0.3204 -0.4717
vn 0.8848 0.1414 -0.4441
vn 0.2692 0.4780 0.8361
vn 0.8892 0.3719 -0.2666
vn 0.7720 0.6336 0.0495
vn -0.6090 0.7258 0.3198
vn 0.7230 0.1960 0.6625
vn -0.7467 0.4676 0.4730
vn -0.8390 0.1283 0.5288
vn -0.7732 0.4094 -0.4844
vn 0.9000 0.2686 -0.3434
vn 0.2540 -0.9651 -0.0636
vn 0.8788 0.2137 -0.4266
vn 0.9565 0.1925 -0.2194
vn 0.9466 0.1670 -0.2757
vn 0.9599 0.1050 -0.2598
vn 0.9475 0.1532 -0.2807
vn 0.9626 0.2553 -0.0902
vn 0.8654 0.4540 -0.2120
vn 0.9276 0.3050 0.2155
vn 0.3849 0.6278 0.6765
vn 0.9040 0.2642 -0.3362
vn 0.7065 -0.3079 -0.6372
vn 0.9330 0.1562 -0.3241
vn 0.9402 0.1843 -0.2863
vn 0.9450 0.1996 -0.2591
vn -0.1727 0.7974 0.5781
vn 0.8763 0.4817 -0.0077
vn 0.9695 0.0848 -0.2298
vn 0.8646 0.5025 -0.0042
vn 0.5701 0.7248 0.3868
vn -0.2510 0.8636 0.4372
vn 0.2891 0.9482 0.1315
vn -0.0373 0.8877 0.4588
vn -0.9179 -0.0567 0.3928
vn 0.6470 -0.3596 -0.6723
vn 0.9342 0.1551 -0.3213
vn 0.9445 0.1692 -0.2815
vn 0.9616 0.1178 -0.2481
vn 0.9567 0.1762 -0.2318
vn 0.9555 0.0854 -0.2823
vn -0.4098 0.6550 0.6349
vn -0.4023 0.6568 0.6378
vn 0.8562 0.4758 0.2013
vn 0.9584 0.2008 -0.2030
vn 0.9574 0.0876 -0.2751
vn -0.3172 0.7630 0.5632
vn 0.9419 -0.0043 -0.3360
vn 0.9079 0.1099 -0.4045
vn 0.4740 -0.6563 -0.5870
vn 0.9391 0.1660 -0.3010
vn 0.9501 0.0954 -0.2971
vn 0.9387 0.1724 -0.2984
vn 0.9656 0.1046 -0.2383
vn 0.8341 0.5432 0.0963
vn 0.9493 0.0949 -0.2997
vn -0.0871 0.8843 0.4587
vn 0.9420 0.2317 -0.2426
vn 0.9474 0.1914 -0.2564
vn 0.8404 -0.2447 -0.4836
vn 0.9494 0.1480 -0.2770
vn 0.9496 0.1156 -0.2913
vn 0.3223 0.8674 0.3792
vn 0.9542 0.1162 -0.2755
vn 0.4864 0.8588 0.1608
vn 0.4725 0.8662 0.1625
vn 0.8438 0.5353 -0.0384
vn 0.1174 0.8893 0.4420
vn 0.9223 -0.0577 -0.3823
vn 0.8727 0.2523 -0.4180
vn 0.9583 0.1431 -0.2475
vn 0.9530 0.1420 -0.2675
vn 0.9591 0.1082 -0.2617
vn 0.9569 0.1080 -0.2695
vn 0.6562 0.7440 0.1260
vn 0.8541 0.0298 -0.5193
vn 0.6015 -0.4442 -0.6640
vn 0.9432 0.1583 -0.2921
vn 0.9636 0.1002 -0.2479
vn 0.9621 0.1056 -0.2515
vn 0.8351 0.5430 -0.0882
vn 0.6269 0.7701 0.1183
vn 0.9833 0.0401 -0.1774
vn 0.6049 -0.4271 -0.6721
vn 0.9608 0.0948 -0.2606
vn 0.9574 0.1173 -0.2640
vn 0.9673 0.0957 -0.2348
vn 0.8640 0.4980 -0.0745
vn 0.8710 0.4833 -0.0879
vn -0.6430 0.6578 0.3922
vn -0.7169 0.5591 0.4165
vn 0.8614 -0.1083 -0.4962
vn 0.8678 -0.0548 -0.4940
vn 0.9740 0.0980 -0.2044
vn 0.9746 0.0659 -0.2142
vn 0.9736 0.0867 -0.2113
vn 0.6227 0.7724 -0.1249
vn 0.9736 0.0988 -0.2057
vn 0.9751 0.0924 -0.2015
vn 0.7821 0.6183 -0.0774
vn 0.7955 0.5989 -0.0921
vn -0.7016 0.6266 0.3393
vn -0.7386 0.5760 0.3503
vn -0.5321 0.8369 -0.1280
vn 0.9966 0.0370 -0.0742
vn 0.6905 -0.3513 -0.6323
vn 0.7928 -0.2241 -0.5668
vn 0.7732 0.0571 -0.6316
vn 0.9675 0.0891 -0.2366
vn 0.6643 0.7287 -0.1661
vn -0.8995 0.3638 0.2420
vn -0.2106 0.5375 -0.8165
vn -0.8624 0.1347 -0.4880
vn 0.0139 -0.1792 -0.9837
vn 0.2692 -0.4298 -0.8619
vn -0.7439 -0.0563 -0.6659
vn -0.9514 -0.0674 -0.3006
vn -0.9915 0.0604 -0.1154
vn -0.6477 -0.2888 -0.7051
vn -0.9332 0.0734 -0.3518
vn -0.9799 0.1178 -0.1611
vn 0.2372 -0.4920 -0.8377
vn -0.9311 0.1848 -0.3145
vn -0.9745 0.0966 -0.2025
vn -0.9739 0.0803 -0.2122
vn -0.9785 0.0337 -0.2037
vn 0.0651 -0.4409 -0.8952
vn -0.9514 0.1178 -0.2847
vn 0.4390 -0.4174 -0.7956
vn -0.6626 -0.0750 -0.7452
vn -0.9790 0.0969 -0.1793
vn -0.9608 0.1140 -0.2529
vn -0.5848 0.8086 0.0650
vn -0.9583 0.1116 -0.2629
vn -0.5973 -0.3189 -0.7359
vn -0.9593 0.1117 -0.2594
vn -0.9587 0.1177 -0.2588
vn -0.9675 0.1288 -0.2175
vn -0.5978 0.7992 0.0625
vn -0.8847 -0.0287 -0.4654
vn -0.7844 -0.2720 -0.5574
vn -0.6459 -0.0017 -0.7634
vn -0.4671 -0.2336 -0.8528
vn -0.9574 0.1153 -0.2647
vn -0.9587 0.1138 -0.2606
vn -0.2828 0.8753 0.3923
vn -0.6875 -0.2100 -0.6952
vn 0.1160 -0.6956 -0.7090
vn 0.1004 -0.6817 -0.7247
vn -0.9528 0.1311 -0.2737
vn -0.9535 0.1778 -0.2433
vn -0.9546 0.1577 -0.2527
vn 0.5545 -0.6671 -0.4975
vn -0.9578 0.1129 -0.2642
vn -0.9563 0.1393 -0.2571
vn 0.8880 -0.2561 0.3821
vn -0.9601 0.1510 -0.2352
vn -0.9537 0.1459 -0.2631
vn -0.6775 0.7281 0.1045
vn -0.9603 0.1208 -0.2515
vn -0.8182 -0.3573 -0.4504
vn -0.6453 0.1280 -0.7531
vn -0.9437 0.1267 -0.3057
vn -0.9462 0.1686 -0.2763
vn -0.9553 0.1184 -0.2708
vn -0.9575 0.1378 -0.2535
vn -0.7824 0.6218 -0.0353
vn -0.9917 0.1282 -0.0056
vn -0.9799 0.0318 -0.1969
vn -0.9658 0.0420 -0.2557
vn -0.9186 0.1838 -0.3499
vn -0.9308 -0.0412 -0.3633
vn -0.8592 0.0678 -0.5072
vn -0.9580 0.1325 -0.2542
vn -0.7204 0.6930 -0.0298
vn -0.9513 0.1250 -0.2819
vn 0.2431 0.8064 0.5390
vn 0.3272 0.7322 0.5973
vn -0.5946 0.1115 -0.7963
vn -0.4561 -0.3764 -0.8064
vn -0.9591 0.1578 -0.2351
vn -0.9649 0.1218 -0.2326
vn -0.9589 0.1575 -0.2359
vn -0.9573 0.1124 -0.2665
vn -0.9621 0.0837 -0.2594
vn -0.4203 0.7190 0.5535
vn -0.7462 -0.3389 -0.5730
vn -0.7747 0.0222 -0.6319
vn -0.9046 0.1500 -0.3991
vn -0.9276 0.1755 -0.3296
vn -0.9583 0.1748 -0.2261
vn 0.8874 -0.3596 0.2884
vn -0.9751 0.1330 -0.1775
vn -0.9690 0.0816 -0.2330
vn -0.9682 0.0831 -0.2359
vn -0.9522 0.0776 -0.2955
vn -0.9636 0.0658 -0.2592
vn 0.0195 0.8730 0.4873
vn -0.9862 0.0082 -0.1652
vn -0.7920 -0.4282 -0.4351
vn -0.6491 0.0620 -0.7582
vn -0.8851 0.3199 -0.3381
vn -0.9486 0.2187 -0.2286
vn -0.9575 0.1826 -0.2231
vn -0.9353 0.1832 -0.3026
vn -0.9364 0.1384 -0.3224
vn -0.9478 0.2262 0.2247
vn -0.8569 0.4560 -0.2404
vn -0.9490 0.1354 -0.2847
vn -0.5211 0.6699 0.5289
vn 0.9497 -0.0740 -0.3042
vn -0.9332 0.0641 -0.3536
vn -0.1203 -0.9749 0.1873
vn -0.4060 -0.9061 0.1190
vn -0.9109 0.2838 -0.2995
vn -0.9163 0.2819 -0.2844
vn -0.1465 -0.9786 0.1445
vn -0.9207 0.2575 -0.2933
vn 0.7499 -0.5513 0.3656
vn -0.9097 0.2820 -0.3048
vn 0.2524 -0.9667 -0.0425
vn -0.9008 0.2299 -0.3685
vn -0.5023 0.5166 -0.6934
vn -0.8771 0.0770 -0.4740
vn -0.8837 0.2088 -0.4189
vn -0.8942 0.2311 -0.3835
vn 0.8683 -0.4311 0.2454
vn -0.7723 0.3031 -0.5583
vn -0.8428 0.4988 -0.2022
vn -0.6582 0.7528 0.0001
vn -0.7202 0.4588 0.5204
vn 0.5202 0.0425 -0.8530
vn 0.6242 -0.2953 -0.7233
vn 0.5230 0.6206 -0.5842
vn 0.5624 0.6800 -0.4705
vn 0.9880 -0.1544 -0.0043
vn -0.9873 -0.1587 0.0060
vn -0.9966 0.0098 -0.0818
vn -0.9402 0.1819 -0.2879
vn -0.9426 -0.2351 -0.2372
vn -0.9125 -0.3264 -0.2465
vn -0.9262 0.1273 -0.3549
vn -0.8846 0.2943 -0.3618
vn -0.7164 0.2378 -0.6559
vn -0.9108 0.2349 -0.3394
vn -0.4495 0.4874 -0.7485
vn -0.2213 0.2313 -0.9474
vn 0.0908 -0.9917 0.0914
vn -0.6806 0.2839 -0.6755
vn -0.6471 0.1446 -0.7486
vn -0.2081 0.4313 -0.8779
vn -0.2652 0.3568 -0.8957
vn 0.7556 -0.5644 -0.3325
vn 0.7181 -0.5866 0.3745
vn 0.4334 -0.8258 0.3608
vn 0.6317 -0.6372 0.4416
vn 0.6956 -0.6853 0.2157
vn 0.2053 0.4202 -0.8839
vn 0.3527 0.0999 -0.9304
vn 0.3822 0.1192 -0.9164
vn 0.2857 -0.2613 -0.9220
vn 0.4692 -0.3998 -0.7874
vn 0.2834 0.6532 -0.7022
vn 0.3810 -0.6504 -0.6571
vn 0.4879 -0.7416 -0.4604
vn 0.4542 -0.8095 -0.3721
vn 0.4744 -0.8288 -0.2967
vn 0.9838 -0.1795 0.0046
vn 0.8849 -0.4605 0.0697
vn 0.0632 -0.9487 -0.3099
vn -0.9334 0.1148 -0.3400
vn -0.9205 -0.3793 -0.0934
vn -0.8600 -0.4987 -0.1079
vn -0.7159 -0.1612 -0.6794
vn -0.7353 -0.2584 -0.6266
vn -0.7588 0.2226 -0.6121
vn -0.8749 -0.0787 -0.4778
vn -0.9072 -0.1252 -0.4017
vn 0.0743 -0.2389 -0.9682
vn -0.8060 -0.5460 -0.2285
vn -0.7000 -0.6768 0.2279
vn -0.5343 -0.8451 0.0157
vn 0.0703 -0.9843 -0.1619
vn -0.1158 -0.9920 -0.0505
vn 0.1473 0.7826 -0.6049
vn 0.3944 -0.8458 0.3593
vn -0.0508 -0.9892 0.1372
vn 0.2969 -0.6578 0.6922
vn -0.1030 0.9878 0.1171
vn -0.1043 0.8812 0.4611
vn 0.9567 -0.2791 0.0828
vn 0.9780 -0.1733 0.1164
vn 0.9173 0.2609 -0.3008
vn 0.9290 -0.3097 -0.2025
vn 0.9668 -0.2525 -0.0387
vn 0.9016 -0.3792 -0.2083
vn 0.6698 -0.6479 -0.3628
vn 0.6865 0.1587 -0.7096
vn 0.0176 0.3076 -0.9514
vn -0.6710 -0.6777 0.3007
vn 0.7779 -0.5623 0.2805
vn 0.4981 -0.6957 -0.5176
vn -0.5879 -0.8077 0.0441
vn 0.7237 -0.6880 0.0542
vn -0.2481 -0.8712 -0.4237
vn 0.9023 -0.4076 -0.1405
vn 0.8586 -0.4708 -0.2027
vn 0.5127 0.5799 -0.6331
vn 0.7857 -0.5607 -0.2615
vn 0.7808 -0.5695 -0.2571
vn 0.7170 -0.6275 -0.3035
vn 0.7339 -0.5707 -0.3684
vn 0.7370 -0.5793 -0.3482
vn 0.7290 -0.6112 -0.3082
vn 0.7663 -0.6357 -0.0930
vn -0.9682 -0.0117 -0.2499
vn -0.9935 0.0255 -0.1108
vn -0.9945 0.0216 -0.1024
vn -0.9998 0.0009 0.0222
vn -0.9669 0.0402 -0.2520
vn -0.9902 -0.0261 -0.1369
vn -0.5139 -0.7644 0.3893
vn -0.9964 -0.0547 -0.0653
vn -0.4294 0.7044 -0.5651
vn -0.9966 -0.0514 -0.0650
vn -0.9964 -0.0840 -0.0131
vn -0.9900 -0.1314 -0.0507
vn -0.9968 -0.0191 -0.0771
vn -0.9993 -0.0191 -0.0322
vn -0.9895 -0.0943 -0.1094
vn -0.5518 -0.7369 0.3905
vn -0.9969 -0.0393 -0.0678
vn 0.4715 -0.8485 -0.2403
vn 0.5376 -0.7441 -0.3967
vn 0.6646 -0.5955 -0.4513
vn 0.6885 -0.5549 -0.4670
vn 0.6133 -0.5659 -0.5510
vn 0.6377 -0.5028 -0.5836
vn 0.5286 -0.5030 -0.6837
vn 0.4718 -0.5713 -0.6716
vn 0.4135 -0.6370 -0.6506
vn -0.9309 -0.2962 0.2138
vn -0.4166 0.0997 0.9036
vn -0.9409 -0.2435 0.2354
vn -0.6632 0.2770 0.6953
vn -0.9079 -0.3911 -0.1512
vn 0.2452 -0.8452 -0.4749
vn 0.0439 -0.9965 -0.0717
vn -0.4560 -0.7649 -0.4550
vn -0.2177 -0.8662 -0.4498
vn -0.2158 -0.5600 -0.7999
vn -0.3972 -0.3724 -0.8388
vn -0.4760 -0.6693 0.5705
vn -0.9046 0.2251 0.3620
vn -0.5697 -0.4674 0.6760
vn -0.0418 -0.9189 -0.3922
vn 0.7285 -0.6748 -0.1181
vn 0.7802 -0.5951 -0.1927
vn 0.7209 -0.6114 -0.3265
vn 0.6608 -0.6954 -0.2824
vn 0.5533 -0.8329 0.0087
vn -0.9992 -0.0391 -0.0020
vn -0.9909 -0.1092 -0.0792
vn -0.8892 0.3786 -0.2568
vn -0.9979 -0.0032 -0.0654
vn -0.9997 -0.0237 -0.0111
vn -0.9039 -0.4218 -0.0714
vn -0.1976 -0.9706 -0.1373
vn -0.9913 -0.1080 -0.0759
vn -0.9960 -0.0884 -0.0166
vn -0.9916 -0.0950 -0.0873
vn -0.6277 -0.7784 0.0065
vn -0.9894 -0.1208 0.0808
vn -0.9578 -0.2587 0.1256
vn -0.4488 -0.7274 0.5191
vn -0.9824 -0.1251 0.1386
vn -0.9907 -0.0973 0.0949
vn -0.4994 0.2478 0.8302
vn 0.6704 -0.7239 0.1626
vn 0.6438 -0.7416 0.1885
vn 0.5702 -0.7852 0.2414
vn 0.6162 -0.7407 0.2677
vn 0.5083 -0.7876 0.3482
vn 0.5309 -0.7633 0.3682
vn 0.4644 -0.7700 0.4375
vn 0.5135 -0.8576 0.0289
vn 0.3909 -0.9199 -0.0309
vn 0.4864 -0.8420 -0.2335
vn 0.6471 -0.7026 -0.2959
vn 0.5124 -0.5876 -0.6262
vn -0.9971 -0.0748 -0.0133
vn -0.9913 0.0986 0.0875
vn -0.9955 -0.0837 -0.0454
vn -0.9936 0.0702 0.0886
vn 0.4101 -0.5622 -0.7182
vn -0.9838 -0.1768 -0.0288
vn -0.9825 0.0575 0.1771
vn -0.9797 0.1075 0.1695
vn 0.3552 -0.5937 -0.7220
vn -0.9831 -0.1735 -0.0590
vn -0.9770 0.1081 0.1837
vn -0.9981 -0.0618 -0.0063
vn -0.9774 0.0720 0.1986
vn -0.9454 0.2045 0.2536
vn 0.2454 -0.5679 -0.7857
vn -0.9585 -0.2334 -0.1636
vn -0.9493 -0.2748 -0.1526
vn -0.9983 -0.0527 0.0250
vn -0.9473 0.1918 0.2564
vn -0.9911 0.0449 0.1251
vn -0.9963 -0.0792 0.0322
vn -0.9491 -0.2748 -0.1541
vn -0.9454 0.1912 0.2640
vn -0.7084 -0.5798 -0.4024
vn -0.9964 -0.0722 0.0435
vn -0.9167 -0.3696 -0.1520
vn -0.9918 -0.0152 0.1267
vn -0.9454 0.1907 0.2641
vn -0.8818 0.3211 0.3454
vn -0.8401 0.4731 0.2656
vn -0.9193 -0.3689 -0.1373
vn -0.8156 0.4727 0.3338
vn -0.8115 -0.4801 -0.3332
vn -0.0864 -0.9962 -0.0050
vn -0.7983 -0.5150 -0.3122
vn -0.7741 0.5586 0.2978
vn -0.9183 0.2123 0.3342
vn -0.6216 -0.4940 -0.6079
vn -0.7101 -0.4655 -0.5282
vn -0.9270 0.2941 0.2329
vn -0.8489 -0.0379 0.5272
vn -0.8437 -0.1640 0.5112
vn -0.5540 -0.6325 0.5414
vn -0.4879 -0.2913 -0.8229
vn 0.7769 -0.6263 0.0642
vn 0.5196 -0.8382 0.1657
vn 0.5531 -0.8313 -0.0553
vn 0.9062 -0.3293 0.2654
vn 0.4865 -0.8737 0.0011
vn 0.3998 -0.9153 0.0490
vn 0.4022 -0.9143 0.0471
vn 0.3804 -0.9244 0.0272
vn 0.3931 -0.9157 0.0835
vn 0.3985 -0.9138 0.0783
vn 0.1122 -0.9937 0.0088
vn 0.0528 -0.8855 0.4617
vn 0.3674 -0.9136 0.1742
vn 0.6162 -0.7732 0.1498
vn 0.5901 -0.7796 0.2099
vn 0.3154 -0.8326 0.4554
vn 0.3308 -0.8464 0.4173
vn 0.2060 -0.8877 -0.4117
vn 0.2085 -0.7275 -0.6537
vn -0.8988 0.2543 0.3572
vn -0.8586 0.3734 0.3512
vn -0.8597 0.3160 0.4012
vn -0.8337 0.3696 0.4104
vn -0.8588 -0.4102 -0.3069
vn -0.8339 0.3424 0.4328
vn -0.7889 0.3410 0.5112
vn -0.7302 0.4285 0.5323
vn -0.8284 -0.4230 -0.3672
vn -0.4824 -0.6596 -0.5764
vn 0.1306 -0.6322 -0.7637
vn -0.7902 -0.5065 -0.3450
vn -0.1034 -0.6529 -0.7503
vn -0.7276 -0.5383 -0.4252
vn -0.6555 0.4361 0.6166
vn -0.1960 -0.6386 -0.7441
vn -0.4679 -0.6935 -0.5479
vn -0.4413 -0.6578 -0.6104
vn -0.7026 -0.5816 -0.4100
vn -0.7248 0.2918 0.6241
vn -0.5742 -0.6505 -0.4971
vn -0.8636 -0.4651 -0.1947
vn -0.7046 -0.5691 -0.4239
vn -0.6659 -0.6144 -0.4232
vn -0.8843 0.2965 0.3607
vn -0.7167 -0.5492 -0.4299
vn -0.8727 -0.4868 -0.0385
vn -0.9275 -0.1195 0.3543
vn -0.5495 -0.5931 -0.5884
vn -0.2695 -0.3310 -0.9043
vn 0.7867 0.3768 -0.4890
vn 0.9537 -0.2274 0.1968
vn 0.8635 -0.3648 0.3482
vn 0.3795 -0.7780 0.5007
vn 0.4497 -0.8450 0.2893
vn 0.3605 -0.9078 0.2142
vn 0.4261 -0.8888 0.1685
vn 0.3958 -0.9079 0.1381
vn 0.7615 -0.3032 -0.5728
vn 0.8298 0.4756 -0.2918
vn 0.3740 -0.7593 -0.5326
vn 0.8141 -0.4225 -0.3984
vn 0.5532 -0.6781 -0.4839
vn 0.7438 0.1351 -0.6546
vn 0.4690 0.4541 -0.7575
vn 0.4266 -0.7166 -0.5518
vn 0.6405 -0.5979 -0.4819
vn 0.6383 -0.5996 -0.4828
vn 0.6528 -0.5371 -0.5342
vn 0.5597 -0.5053 -0.6568
vn 0.6645 -0.5907 0.4577
vn 0.6026 -0.6381 0.4794
vn 0.6529 -0.7341 0.1866
vn 0.3824 -0.9239 0.0078
vn 0.3171 -0.9476 0.0395
vn 0.2845 -0.9489 0.1362
vn 0.3931 -0.8979 0.1984
vn 0.3754 -0.9175 0.1311
vn 0.4110 -0.8951 0.1732
vn 0.3947 -0.8967 0.2002
vn 0.3841 -0.9029 0.1929
vn 0.3375 -0.9117 0.2344
vn 0.3497 -0.9023 0.2522
vn 0.3516 -0.9018 0.2512
vn 0.3327 -0.8938 0.3007
vn 0.3034 -0.8980 0.3188
vn 0.2836 -0.8980 0.3365
vn 0.3014 -0.8754 0.3779
vn 0.2961 -0.8756 0.3816
vn 0.3078 -0.8374 0.4516
vn 0.3278 -0.9444 0.0262
vn 0.2828 -0.9592 -0.0010
vn 0.2958 -0.9053 -0.3047
vn 0.2692 -0.8340 -0.4816
vn 0.2813 -0.7726 -0.5692
vn 0.1904 -0.7698 -0.6092
vn 0.2401 -0.6947 -0.6780
vn 0.1750 -0.6584 -0.7321
vn 0.1762 -0.6577 -0.7324
vn -0.4130 -0.6617 -0.6258
vn -0.0351 -0.7204 -0.6927
vn -0.3693 -0.6199 -0.6924
vn -0.2961 -0.7552 -0.5847
vn -0.3009 -0.7561 -0.5811
vn -0.2354 -0.7478 -0.6208
vn -0.1872 -0.7337 -0.6531
vn -0.6092 -0.6245 -0.4887
vn -0.3634 -0.8455 -0.3913
vn -0.2205 -0.9728 0.0708
vn -0.6975 -0.6556 -0.2895
vn -0.2887 -0.7484 -0.5971
vn -0.7353 -0.6025 -0.3103
vn -0.2418 -0.7890 -0.5649
vn -0.2361 -0.7823 -0.5764
vn -0.2535 -0.7691 -0.5867
vn -0.1585 -0.7079 -0.6883
vn -0.1786 -0.6938 -0.6977
vn -0.2966 -0.3180 -0.9005
vn -0.1829 -0.4171 -0.8903
vn -0.3533 0.0436 -0.9345
vn 0.2316 -0.0876 -0.9689
vn -0.7744 -0.0106 -0.6326
vn 0.5909 -0.0984 -0.8007
vn -0.5002 -0.3186 -0.8052
vn -0.1879 -0.5740 -0.7970
vn 0.1446 0.1556 -0.9772
vn -0.5530 -0.8332 0.0022
vn 0.8755 0.2037 -0.4382
vn 0.0932 -0.9359 0.3397
vn -0.0254 -0.7607 0.6486
vn 0.0084 -0.7832 0.6217
vn 0.1214 -0.7328 0.6695
vn 0.2286 -0.8352 0.5002
vn 0.0387 -0.7928 0.6083
vn -0.0684 -0.9640 0.2571
vn 0.4475 -0.8844 0.1324
vn 0.2495 -0.3125 -0.9166
vn 0.5885 0.4203 -0.6907
vn 0.0445 -0.8342 -0.5496
vn -0.0018 -0.8438 -0.5366
vn -0.0941 0.3390 -0.9361
vn -0.1850 -0.7610 -0.6218
vn 0.2543 -0.8165 -0.5183
vn -0.3186 -0.8227 -0.4708
vn -0.0278 -0.7441 -0.6675
vn 0.3016 -0.2429 -0.9220
vn -0.8925 0.2957 -0.3405
vn 0.0507 -0.8619 -0.5046
vn -0.0379 -0.7379 -0.6739
vn 0.1493 -0.8177 -0.5559
vn -0.0026 -0.6939 -0.7201
vn -0.3628 -0.6925 -0.6236
vn -0.5851 -0.5941 -0.5520
vn -0.1706 -0.7400 -0.6506
vn -0.0933 -0.7206 -0.6870
vn 0.2095 -0.7988 -0.5640
vn 0.2275 -0.6284 -0.7439
vn 0.2022 -0.6726 -0.7118
vn 0.2023 -0.6781 -0.7066
vn 0.0943 -0.7114 -0.6965
vn 0.0861 -0.7569 -0.6478
vn 0.0233 -0.9680 0.2499
vn 0.0439 -0.8699 0.4912
vn 0.4618 -0.7553 0.4651
vn 0.2447 -0.6378 0.7303
vn -0.0478 -0.9986 0.0213
vn -0.0974 -0.9946 0.0357
vn 0.0692 -0.9964 0.0496
vn -0.0544 -0.9922 0.1123
vn 0.0127 -0.9872 0.1587
vn 0.0773 -0.9883 0.1315
vn 0.1301 -0.9889 0.0721
vn -0.0178 0.6488 0.7607
vn -0.0468 -0.7203 -0.6921
vn -0.1375 -0.7642 -0.6301
vn -0.0230 -0.7236 -0.6898
vn 0.3273 0.6348 0.6999
vn 0.4437 -0.8595 -0.2537
vn 0.0122 -0.8311 -0.5560
vn 0.0262 -0.7648 -0.6437
vn 0.0368 -0.7468 -0.6641
vn -0.4400 0.0439 -0.8969
vn -0.9098 -0.0622 -0.4103
vn -0.5255 -0.2515 -0.8128
vn -0.9823 -0.0077 -0.1869
vn -0.9046 0.2202 -0.3650
vn -0.8806 -0.2296 -0.4145
vn 0.5977 0.4037 -0.6926
vn -0.9871 -0.0619 -0.1475
vn -0.9819 0.0829 -0.1700
vn -0.9885 0.0163 -0.1506
vn -0.7433 0.5428 -0.3911
vn -0.8534 -0.3084 -0.4201
vn -0.6803 0.7063 -0.1956
vn -0.8222 -0.3435 -0.4539
vn -0.9856 0.1225 -0.1164
vn -0.9937 -0.0611 -0.0942
vn -0.9731 0.1222 -0.1953
vn -0.9905 -0.1374 0.0062
vn -0.8217 -0.3443 -0.4542
vn -0.9334 0.2621 -0.2453
vn -0.6092 0.7034 0.3661
vn -0.9346 0.1409 -0.3266
vn -0.8405 -0.4311 0.3282
vn -0.8242 -0.3434 -0.4504
vn -0.7697 -0.4776 0.4236
vn -0.6757 0.5693 0.4683
vn -0.9630 0.1453 -0.2271
vn -0.9793 0.1268 -0.1581
vn -0.7619 -0.4470 0.4688
vn -0.6293 -0.6045 0.4885
vn -0.5866 0.6142 0.5279
vn -0.5311 0.5887 0.6093
vn -0.9433 0.1345 -0.3035
vn -0.5365 0.5925 0.6009
vn -0.5803 -0.5974 0.5535
vn -0.9270 -0.2761 0.2538
vn -0.5661 -0.6057 0.5591
vn -0.5437 0.6232 0.5621
vn -0.5864 -0.5690 0.5766
vn 0.2544 0.7152 0.6510
vn -0.1604 -0.6927 0.7032
vn -0.6757 -0.5587 0.4809
vn -0.2808 -0.8014 0.5281
vn -0.4375 -0.8370 0.3287
vn -0.4815 -0.8419 0.2436
vn -0.4070 -0.8920 0.1969
vn -0.3088 -0.9410 0.1383
vn -0.4542 -0.8889 0.0594
vn -0.6634 0.4498 -0.5980
vn -0.8277 -0.0122 -0.5611
vn -0.8177 0.0092 -0.5756
vn -0.7674 -0.3010 -0.5661
vn -0.7802 -0.5315 -0.3298
vn -0.1307 -0.6990 -0.7030
vn -0.9326 0.2238 -0.2830
vn -0.3645 -0.7441 -0.5598
vn -0.9791 0.1391 -0.1484
vn -0.7323 -0.5676 -0.3762
vn -0.9785 0.1377 -0.1537
vn -0.2932 -0.7164 -0.6331
vn -0.5193 -0.6900 -0.5043
vn -0.5063 -0.7085 -0.4917
vn -0.8242 0.3857 -0.4146
vn -0.9836 0.1136 -0.1401
vn -0.7111 0.4597 -0.5319
vn -0.8371 0.3322 -0.4346
vn -0.4738 -0.6938 -0.5424
vn -0.9839 0.1102 -0.1403
vn -0.2894 -0.7408 -0.6062
vn -0.8454 0.2886 -0.4495
vn -0.6012 0.4555 -0.6566
vn -0.9805 0.1098 -0.1628
vn -0.4423 -0.6900 -0.5730
vn -0.8347 0.3078 -0.4568
vn -0.7545 0.3569 -0.5507
vn -0.5121 -0.6140 -0.6006
vn -0.8989 0.2139 -0.3823
vn -0.8374 0.2470 -0.4877
vn -0.9893 0.0765 -0.1243
vn -0.5938 -0.5856 -0.5518
vn -0.9672 0.1217 -0.2228
vn -0.9888 0.0550 -0.1387
vn -0.6600 -0.5266 -0.5358
vn -0.9528 0.1110 -0.2826
vn -0.9484 0.1199 -0.2935
vn -0.5543 -0.5402 -0.6332
vn -0.7881 -0.4277 -0.4428
vn -0.7541 -0.3585 -0.5502
vn -0.9977 0.0332 -0.0585
vn -0.9881 0.1364 0.0710
vn -0.9958 0.0825 0.0388
vn -0.8212 -0.5573 -0.1228
vn -0.9941 0.1015 0.0394
vn -0.7855 -0.6176 -0.0400
vn -0.6168 0.6215 0.4829
vn -0.8394 -0.5307 0.1168
vn -0.6031 -0.6837 0.4109
vn -0.7093 0.4682 0.5270
vn -0.4916 -0.6985 0.5200
vn -0.7607 0.4413 0.4761
vn -0.4255 -0.7006 0.5728
vn -0.9178 0.2126 0.3353
vn -0.9345 0.3094 0.1759
vn -0.5805 -0.6072 0.5425
vn -0.5725 -0.6346 0.5192
vn -0.4979 -0.4438 0.7451
vn -0.6062 -0.7705 0.1971
vn -0.3334 -0.9418 0.0443
vn -0.3135 -0.9487 0.0415
vn -0.3517 -0.9357 0.0287
vn -0.3301 -0.9345 0.1331
vn -0.3977 -0.8941 0.2058
vn -0.4116 -0.9002 0.1425
vn -0.4581 -0.8789 0.1326
vn -0.4634 -0.8764 0.1311
vn -0.4088 -0.8957 0.1753
vn -0.4268 -0.8854 0.1839
vn -0.4115 -0.8753 0.2540
vn -0.4234 -0.8716 0.2471
vn -0.3624 -0.8858 0.2900
vn -0.2966 -0.8935 0.3373
vn -0.3027 -0.8966 0.3231
vn -0.3226 -0.8525 0.4113
vn -0.3545 -0.9348 0.0203
vn -0.2910 -0.9115 -0.2905
vn -0.2656 -0.8199 -0.5072
vn -0.2229 -0.8058 -0.5486
vn -0.2389 -0.7676 -0.5947
vn -0.1691 -0.7008 -0.6931
vn -0.1871 -0.6607 -0.7270
vn -0.0876 -0.6346 -0.7679
vn 0.3218 -0.7065 -0.6303
vn 0.1434 -0.7039 -0.6957
vn 0.2972 -0.6979 -0.6516
vn 0.2750 -0.7230 -0.6337
vn 0.2983 -0.7677 -0.5672
vn 0.2453 -0.8635 -0.4406
vn 0.2649 -0.7459 -0.6111
vn 0.2204 -0.8107 -0.5425
vn 0.1548 -0.7272 -0.6687
vn 0.2799 -0.5892 -0.7580
vn 0.1150 -0.3984 -0.9100
vn 0.0835 -0.3890 -0.9174
vn -0.9652 -0.0473 -0.2571
vn -0.9897 0.0513 -0.1337
vn -0.9737 -0.0937 -0.2076
vn -0.9730 -0.0964 -0.2097
vn -0.9828 0.1622 -0.0880
vn -0.9938 0.0559 -0.0965
vn -0.9962 0.0399 -0.0774
vn -0.9890 -0.0539 -0.1376
vn -0.9838 0.0242 -0.1777
vn -0.9663 0.2539 -0.0423
vn -0.9599 -0.1637 -0.2277
vn -0.9825 0.0681 -0.1734
vn -0.9933 -0.0717 -0.0909
vn -0.9964 0.0014 -0.0843
vn -0.9724 0.1235 -0.1978
vn -0.9524 0.2849 0.1081
vn -0.9882 -0.1481 0.0384
vn -0.9589 0.2558 0.1227
vn -0.9966 0.0692 0.0450
vn -0.9647 -0.1634 -0.2063
vn -0.9888 -0.0906 -0.1183
vn -0.9967 0.0702 0.0419
vn -0.9995 0.0001 -0.0321
vn -0.9541 -0.2014 -0.2217
vn -0.9692 0.1218 -0.2141
vn -0.9980 -0.0629 -0.0095
vn -0.9194 0.3005 0.2536
vn -0.9611 0.1478 -0.2333
vn -0.9870 0.0832 -0.1373
vn -0.9896 0.0718 -0.1243
vn -0.9891 -0.1387 0.0492
vn -0.9259 0.2913 0.2406
vn -0.9997 0.0220 0.0050
vn -0.9905 -0.0859 -0.1070
vn -0.9908 -0.0689 -0.1166
vn -0.9551 0.1443 -0.2587
vn -0.9945 0.0501 -0.0923
vn -0.9971 0.0575 0.0497
vn -0.9558 -0.2018 -0.2138
vn -0.9859 -0.1496 0.0752
vn -0.9236 -0.2793 0.2626
vn -0.9949 0.0836 0.0556
vn -0.9540 0.1526 -0.2580
vn -0.9994 -0.0300 -0.0143
vn -0.9273 0.2697 0.2594
vn -0.9333 0.2564 0.2516
vn -0.9550 -0.1444 -0.2590
vn -0.9450 -0.1848 -0.2697
vn -0.9509 0.1019 -0.2922
vn -0.9890 0.0534 -0.1382
vn -0.9869 -0.0704 -0.1454
vn -0.9485 -0.0828 -0.3057
vn -0.9246 -0.1603 -0.3455
vn -0.9900 0.0519 -0.1313
vn -0.9088 -0.3245 0.2621
vn -0.9473 -0.0435 -0.3173
vn -0.9402 0.0474 -0.3373
vn -0.9993 -0.0383 0.0027
vn -0.9950 0.0838 0.0551
vn -0.9994 0.0308 -0.0142
vn -0.9372 0.0397 -0.3466
vn -0.9974 0.0022 -0.0718
vn -0.9941 0.0603 -0.0901
vn -0.9915 -0.1091 0.0707
vn -0.9784 -0.1566 0.1350
vn -0.9907 0.1216 0.0611
vn -0.9970 0.0690 0.0354
vn -0.9861 0.0572 -0.1563
vn -0.9915 0.0241 -0.1279
vn -0.9992 -0.0402 0.0010
vn -0.9093 -0.3047 0.2833
vn -0.9371 0.2590 0.2338
vn -0.9896 -0.0253 -0.1413
vn -0.9870 -0.0430 -0.1550
vn -0.9876 -0.0004 -0.1568
vn -0.9869 -0.0020 -0.1611
vn -0.9680 -0.1751 0.1797
vn -0.9642 -0.2146 0.1558
vn -0.8545 -0.3538 0.3804
vn -0.9656 0.2065 0.1578
vn -0.7504 0.4813 0.4531
vn -0.8233 0.4292 0.3715
vn -0.9884 0.1418 0.0553
vn -0.8538 -0.3452 0.3897
vn -0.8880 -0.3329 0.3171
vn -0.9908 0.1264 0.0479
vn -0.9175 0.3260 0.2280
vn -0.8742 -0.3878 0.2921
vn -0.7801 -0.4533 0.4312
vn -0.8196 0.4286 0.3803
vn -0.9362 0.3023 0.1790
vn -0.7137 0.5527 0.4302
vn -0.7593 -0.5652 0.3225
vn -0.8050 -0.4615 0.3729
vn -0.7064 0.5524 0.4426
vn -0.5652 0.7164 0.4090
vn -0.7348 -0.5800 0.3517
vn -0.6165 -0.7593 0.2084
vn -0.4126 0.8620 0.2943
vn -0.4143 -0.8899 0.1911
vn -0.5867 -0.8070 0.0676
vn -0.5061 -0.8510 0.1403
vn -0.6311 -0.7070 -0.3190
vn -0.6673 -0.7407 -0.0776
vn -0.9545 0.2517 -0.1602
vn -0.9204 0.3676 -0.1330
vn -0.8081 -0.4938 -0.3213
vn -0.8210 -0.4759 -0.3154
vn -0.9295 -0.3237 -0.1765
vn -0.9374 0.3039 -0.1698
vn -0.8285 -0.4585 -0.3216
vn -0.9870 0.0618 -0.1487
vn -0.8899 -0.3711 -0.2652
vn -0.8312 -0.4571 -0.3164
vn -0.9861 0.0423 -0.1607
vn -0.9342 -0.1652 -0.3163
vn -0.9766 0.1430 -0.1605
vn -0.9035 -0.0864 -0.4197
vn -0.6931 0.4802 -0.5376
vn -0.8344 -0.4541 -0.3124
vn -0.9449 0.1061 -0.3098
vn -0.9641 0.1098 -0.2419
vn -0.8520 -0.4132 -0.3214
vn -0.9709 0.1493 -0.1873
vn -0.8391 -0.4182 -0.3480
vn -0.9709 0.1604 -0.1781
vn -0.8630 -0.3999 -0.3087
vn -0.8722 -0.3688 -0.3213
vn -0.8723 -0.3688 -0.3210
vn -0.8969 -0.3188 -0.3064
vn -0.9837 0.1037 -0.1467
vn -0.9754 0.1377 -0.1725
vn -0.8970 -0.3159 -0.3093
vn -0.9857 0.0853 -0.1455
vn -0.8932 -0.3153 -0.3207
vn -0.9864 0.0940 -0.1351
vn -0.9901 0.0885 -0.1089
vn -0.9280 -0.2782 -0.2480
vn -0.9529 -0.1914 -0.2354
vn -0.9953 0.0714 -0.0649
vn -0.9945 0.0752 -0.0728
vn -0.9927 0.1045 -0.0598
vn -0.9504 -0.1774 -0.2554
vn -0.9111 -0.2723 -0.3093
vn -0.9076 -0.2964 -0.2973
vn -0.9931 -0.1005 -0.0603
vn -0.9895 -0.1409 -0.0308
vn -0.9407 -0.2899 -0.1760
vn -0.9932 0.1080 0.0441
vn -0.9889 -0.1469 0.0228
vn -0.9933 0.1127 0.0250
vn -0.9920 -0.1187 0.0442
vn -0.9320 -0.3311 0.1474
vn -0.9860 0.1547 0.0626
vn -0.9943 0.0829 0.0671
vn -0.9888 0.1222 0.0858
vn -0.9740 0.2175 0.0638
vn -0.9198 -0.3209 0.2259
vn -0.9126 -0.3506 0.2103
vn -0.9765 0.1881 0.1052
vn -0.9840 -0.1498 0.0964
vn -0.9574 -0.2330 0.1707
vn -0.9105 -0.3305 0.2483
vn -0.9262 -0.2935 0.2365
vn -0.9096 -0.3354 0.2452
vn -0.9794 0.1171 0.1644
vn -0.9605 0.2357 0.1477
vn -0.9637 0.0550 0.2612
vn -0.9283 -0.2918 0.2306
vn -0.9279 -0.3119 0.2041
vn -0.8455 -0.3892 0.3655
vn -0.8428 -0.3845 0.3766
vn -0.5190 -0.8547 -0.0093
vn -0.3211 -0.9469 0.0145
vn -0.3172 -0.9482 0.0150
vn -0.4789 -0.8778 0.0101
vn -0.4281 0.8989 -0.0934
vn -0.4998 -0.8660 0.0150
vn -0.4530 -0.8909 0.0334
vn -0.3448 -0.9383 0.0262
vn -0.3332 -0.9418 0.0449
vn -0.4158 -0.9063 0.0761
vn -0.3855 -0.9062 0.1737
vn -0.2370 -0.9703 0.0476
vn -0.4692 0.8777 0.0976
vn 0.0149 -0.9371 0.3488
vn -0.3881 -0.8809 0.2709
vn -0.4128 -0.8850 0.2154
vn -0.4558 0.8812 0.1251
vn -0.5388 -0.8209 0.1895
vn -0.4832 -0.8543 0.1916
vn -0.5361 -0.8237 0.1847
vn -0.4152 -0.8709 0.2631
vn -0.3594 -0.8823 0.3039
vn -0.3080 -0.8939 0.3257
vn -0.3387 0.7122 0.6149
vn -0.3029 -0.8661 0.3977
vn -0.3122 -0.8662 0.3902
vn -0.3054 0.6833 0.6632
vn -0.2575 0.6731 0.6933
vn -0.3220 -0.8422 0.4324
vn -0.3002 -0.8424 0.4474
vn -0.2261 0.6443 0.7306
vn -0.3489 -0.8170 0.4590
vn -0.3234 -0.9437 0.0703
vn -0.2430 -0.9525 -0.1834
vn -0.2192 -0.8993 -0.3784
vn -0.2247 -0.7658 -0.6025
vn -0.2148 -0.6796 -0.7014
vn -0.2393 0.6771 0.6959
vn 0.7794 -0.4483 -0.4377
vn -0.0895 -0.6422 -0.7613
vn 0.7735 -0.5133 -0.3719
vn 0.3105 -0.7591 -0.5721
vn 0.3634 -0.6804 -0.6364
vn 0.5005 -0.6777 -0.5388
vn 0.5302 -0.6281 -0.5695
vn 0.4757 -0.7597 -0.4433
vn -0.2653 0.7015 0.6614
vn 0.4689 -0.5371 -0.7012
vn 0.2972 -0.3393 -0.8925
vn -0.9996 0.0233 -0.0176
vn -0.9930 -0.0554 -0.1044
vn -0.9935 -0.0119 -0.1129
vn -0.9990 -0.0397 -0.0209
vn -0.9970 0.0767 -0.0099
vn -0.9983 0.0034 -0.0582
vn -0.9930 -0.0877 0.0789
vn -0.9958 0.0523 -0.0757
vn -0.9961 0.0803 -0.0366
vn -0.9958 -0.0913 -0.0094
vn -0.9924 0.1228 -0.0054
vn -0.9955 -0.0232 -0.0923
vn -0.9923 0.0224 -0.1218
vn -0.9953 -0.0281 -0.0923
vn -0.9973 -0.0489 -0.0542
vn -0.9980 -0.0091 -0.0620
vn -0.9942 -0.1071 -0.0122
vn -0.9746 -0.1757 0.1391
vn -0.9861 0.1626 0.0333
vn -0.9906 0.1167 -0.0710
vn -0.9313 0.3134 0.1859
vn -0.9910 0.1322 0.0230
vn -0.9720 0.2330 -0.0313
vn -0.9861 -0.1595 0.0461
vn -0.9732 -0.2192 0.0698
vn -0.9818 0.1883 -0.0239
vn -0.9980 0.0103 -0.0616
vn -0.9441 -0.2924 0.1523
vn -0.9288 0.3525 0.1139
vn -0.9963 -0.0494 -0.0707
vn -0.8813 0.4155 0.2249
vn -0.9961 -0.0771 -0.0419
vn -0.9795 -0.2007 -0.0176
vn -0.9746 0.2231 -0.0184
vn -0.8250 0.5556 0.1035
vn -0.9714 0.2367 -0.0204
vn -0.9981 0.0100 -0.0607
vn -0.9983 -0.0184 -0.0550
vn -0.9564 -0.2887 0.0439
vn -0.9016 -0.4245 0.0832
vn -0.7584 0.6256 0.1830
vn -0.9906 0.1336 -0.0285
vn -0.8330 -0.5335 0.1469
vn -0.9952 -0.0803 -0.0551
vn -0.9371 -0.3490 -0.0003
vn -0.8447 -0.5231 0.1136
vn -0.6013 0.7988 0.0173
vn -0.7348 -0.6734 0.0813
vn -0.9065 -0.4204 0.0395
vn -0.6499 -0.7495 0.1262
vn -0.7262 -0.6863 -0.0413
vn -0.9940 0.0281 -0.1062
vn -0.9423 -0.2792 -0.1844
vn -0.7249 -0.6743 -0.1412
vn -0.8376 -0.5105 -0.1944
vn -0.8136 -0.5606 -0.1544
vn -0.9836 0.1534 -0.0949
vn -0.9953 0.0445 -0.0865
vn -0.9898 -0.1204 -0.0756
vn -0.9381 -0.2835 -0.1990
vn -0.9524 -0.2529 -0.1703
vn -0.4449 0.7093 -0.5468
vn -0.9977 -0.0402 -0.0547
vn -0.9972 -0.0511 -0.0538
vn -0.9901 -0.1144 -0.0813
vn -0.9554 0.2040 -0.2134
vn -0.9196 0.2699 -0.2854
vn -0.9471 -0.2551 -0.1947
vn -0.9792 -0.1742 -0.1040
vn -0.9752 -0.1657 -0.1467
vn -0.9705 0.1632 -0.1773
vn -0.9205 0.2967 -0.2543
vn -0.9741 -0.1701 -0.1489
vn -0.9971 -0.0730 -0.0235
vn -0.9971 -0.0729 -0.0235
vn -0.9494 0.1978 -0.2440
vn -0.9971 -0.0618 -0.0434
vn -0.9954 -0.0874 -0.0396
vn -0.9965 -0.0754 -0.0353
vn -0.9740 -0.1700 -0.1495
vn -0.9781 0.1346 -0.1587
vn -0.9526 0.2161 -0.2142
vn -0.9961 -0.0774 -0.0425
vn -0.9955 -0.0780 -0.0535
vn -0.9784 0.1463 -0.1458
vn -0.9848 0.1398 -0.1035
vn -0.3207 0.7031 -0.6347
vn -0.9851 0.1360 -0.1055
vn -0.9959 -0.0784 -0.0452
vn -0.9956 -0.0891 -0.0300
vn -0.9974 -0.0665 -0.0260
vn -0.9878 0.1504 0.0409
vn -0.9844 0.1739 -0.0266
vn -0.9921 -0.1112 -0.0581
vn -0.9951 -0.0954 0.0261
vn -0.9966 -0.0820 0.0029
vn -0.7083 -0.5951 -0.3796
vn -0.9978 -0.0646 -0.0129
vn -0.9924 -0.1220 -0.0131
vn -0.5196 0.8134 -0.2614
vn -0.6656 -0.6719 -0.3248
vn -0.9747 -0.2138 0.0644
vn -0.9637 -0.2327 0.1310
vn -0.5036 0.8488 -0.1612
vn -0.4502 0.8569 -0.2511
vn -0.7750 -0.6204 -0.1203
vn -0.7497 -0.6603 -0.0443
vn -0.6038 -0.7960 0.0415
vn -0.6161 -0.7876 -0.0072
vn -0.6174 -0.7866 -0.0070
vn -0.8257 -0.5638 -0.0175
vn -0.0421 -0.3312 -0.9426
vn 0.4655 -0.8850 -0.0029
vn 0.2528 -0.9675 -0.0119
vn 0.6926 -0.6912 0.2060
vn 0.8201 -0.5691 -0.0595
vn -0.4848 0.8687 0.1011
vn -0.6213 -0.7721 0.1335
vn -0.5832 -0.7907 0.1861
vn -0.5742 -0.7934 0.2022
vn -0.5251 -0.8048 -0.2766
vn -0.5845 -0.6791 -0.4440
vn -0.4831 -0.7007 -0.5251
vn -0.5325 -0.6581 -0.5322
vn -0.5232 -0.6589 -0.5404
vn -0.5652 -0.5772 -0.5894
vn -0.5671 -0.5758 -0.5889
vn -0.5038 -0.5506 -0.6656
vn -0.4858 -0.5615 -0.6699
vn -0.4654 -0.5166 -0.7187
vn -0.0840 -0.6426 -0.7616
vn -0.0981 -0.6568 -0.7477
vn 0.6948 -0.6007 -0.3955
vn 0.4446 -0.7468 -0.4947
vn 0.5651 -0.5822 -0.5845
vn 0.5884 -0.3125 -0.7457
vn 0.4894 -0.5844 -0.6472
vn 0.2309 -0.9715 -0.0543
vn -0.9718 -0.2359 -0.0060
vn -0.9575 0.2883 0.0044
vn -0.9987 -0.0329 -0.0396
vn -0.9862 0.1513 -0.0668
vn -0.9978 -0.0381 -0.0539
vn -0.8758 0.4796 -0.0548
vn -0.9729 0.2247 -0.0552
vn -0.9726 -0.2320 -0.0138
vn -0.9967 -0.0554 -0.0591
vn -0.9108 -0.4118 0.0299
vn -0.8505 -0.5251 0.0304
vn -0.9943 -0.1050 -0.0182
vn -0.9924 -0.1040 -0.0660
vn -0.9897 -0.1346 -0.0487
vn -0.8822 -0.4669 -0.0614
vn -0.9121 -0.4078 -0.0432
vn -0.9146 -0.3905 -0.1052
vn -0.8899 -0.4468 -0.0920
vn -0.8944 -0.4206 -0.1521
vn -0.7986 -0.5796 -0.1622
vn -0.8364 -0.5055 -0.2117
vn -0.5167 0.6521 -0.5548
vn -0.8708 -0.4618 -0.1686
vn -0.4948 0.6312 -0.5973
vn -0.7523 -0.6045 -0.2619
vn -0.4973 0.6050 -0.6219
vn -0.7716 -0.5719 -0.2786
vn -0.8516 -0.4617 -0.2482
vn -0.5161 0.5936 -0.6175
vn -0.5344 0.5733 -0.6210
vn -0.8186 -0.5244 -0.2342
vn -0.5775 0.5832 -0.5713
vn -0.5635 0.6029 -0.5648
vn -0.9034 -0.3892 -0.1801
vn -0.8077 -0.5352 -0.2472
vn -0.7254 -0.6172 -0.3047
vn -0.7016 -0.6265 -0.3395
vn -0.6923 -0.6026 -0.3971
vn -0.7502 -0.6145 -0.2440
vn -0.7455 -0.6573 -0.1105
vn -0.8331 -0.5531 0.0095
vn -0.8834 -0.4687 0.0065
vn -0.8068 -0.5906 0.0174
vn -0.5337 0.8449 -0.0354
vn -0.5334 0.8452 -0.0331
vn -0.8081 -0.5888 0.0146
vn -0.8195 -0.5728 0.0170
vn 0.5843 0.2696 -0.7654
vn -0.7747 -0.6317 -0.0291
vn -0.7553 -0.6161 0.2232
vn -0.8155 -0.5534 0.1696
vn -0.8307 -0.5468 0.1047
vn -0.8253 -0.5571 0.0921
vn -0.8399 -0.5344 0.0948
vn -0.8438 -0.5289 0.0906
vn -0.8185 -0.5601 0.1281
vn -0.8052 -0.5730 0.1531
vn -0.6118 0.5180 0.5978
vn -0.6624 0.5194 0.5399
vn -0.6168 -0.4598 -0.6389
vn -0.2766 -0.8000 -0.5324
vn 0.7929 -0.5492 -0.2640
vn -0.0313 -0.9986 0.0420
vn 0.3997 -0.4898 -0.7749
vn -0.9719 0.2299 -0.0505
vn -0.9362 0.3248 -0.1345
vn -0.9432 0.3018 -0.1387
vn -0.9959 -0.0586 -0.0686
vn -0.9970 -0.0448 -0.0638
vn -0.7577 0.6142 -0.2205
vn -0.7172 0.6542 -0.2402
vn -0.9891 -0.1246 -0.0779
vn -0.6992 0.6765 -0.2313
vn -0.5924 0.7044 -0.3910
vn -0.9822 -0.1520 -0.1108
vn -0.6731 0.5955 -0.4386
vn -0.9122 -0.3865 -0.1363
vn -0.6539 0.6024 -0.4578
vn -0.9200 -0.3444 -0.1872
vn -0.8827 -0.4232 -0.2041
vn -0.7418 -0.5970 -0.3054
vn -0.6817 0.5825 -0.4427
vn -0.7123 -0.6130 -0.3419
vn -0.7855 -0.5304 -0.3188
vn -0.9134 0.3841 -0.1349
vn -0.8581 -0.4870 -0.1626
vn -0.8790 -0.4469 -0.1662
vn -0.9128 0.3847 -0.1373
vn -0.8955 -0.4428 -0.0449
vn -0.9091 -0.4159 -0.0223
vn -0.6506 0.7551 -0.0808
vn -0.6701 0.7407 -0.0486
vn -0.9070 -0.4210 0.0121
vn -0.9070 -0.4209 0.0135
vn -0.9128 -0.4082 0.0169
vn -0.1296 0.0704 -0.9891
vn 0.4340 0.2487 -0.8659
vn 0.2133 -0.6083 -0.7645
vn 0.2293 -0.9732 0.0190
vn -0.9203 -0.3910 -0.0122
vn -0.8734 -0.4826 -0.0650
vn -0.3927 0.8332 -0.3893
vn -0.8852 0.4529 -0.1063
vn -0.9447 -0.3278 0.0129
vn -0.9632 0.0704 -0.2592
vn -0.9903 0.0430 -0.1321
vn -0.9668 0.2525 -0.0394
vn -0.9882 -0.1494 0.0342
vn -0.9487 -0.0050 0.3161
vn -0.9172 -0.0059 0.3984
vn -0.9300 -0.1095 0.3510
vn -0.8531 -0.2166 0.4747
vn -0.9411 0.1255 0.3141
vn -0.9139 -0.3888 0.1163
vn -0.9664 0.1412 0.2146
vn -0.8300 -0.5418 0.1327
vn -0.5585 0.8220 0.1113
vn -0.8642 -0.4962 0.0838
vn -0.8445 -0.5250 0.1055
vn -0.7456 0.6614 0.0809
vn -0.7979 -0.5870 0.1373
vn -0.7683 -0.6161 0.1738
vn -0.7699 -0.6087 0.1914
vn -0.7313 -0.6410 0.2330
vn -0.7459 0.5202 0.4161
vn -0.7491 -0.6193 0.2351
vn -0.7204 -0.6355 0.2778
vn -0.7007 0.4968 0.5120
vn -0.6968 0.5096 0.5047
vn -0.7214 -0.6176 0.3134
vn -0.6549 0.4992 0.5673
vn -0.6970 -0.6209 0.3588
vn -0.6603 0.4748 0.5819
vn -0.6601 0.4748 0.5821
vn -0.7093 -0.7049 0.0118
vn -0.6698 -0.7418 -0.0329
vn -0.6888 0.4310 0.5829
vn -0.7191 0.4210 0.5529
vn -0.7539 -0.6423 -0.1381
vn -0.7427 -0.6465 -0.1742
vn -0.8053 -0.5482 -0.2259
vn -0.7469 0.4130 0.5211
vn -0.8100 0.3829 0.4442
vn -0.7705 -0.5532 -0.3168
vn -0.8598 -0.4029 -0.3136
vn -0.8133 0.3985 0.4240
vn -0.8648 -0.4030 -0.2996
vn -0.8891 -0.3342 -0.3127
vn -0.8724 0.3149 0.3738
vn -0.8814 -0.3310 -0.3371
vn -0.9925 -0.0801 -0.0927
vn -0.8727 0.3259 0.3636
vn -0.8609 -0.3682 -0.3510
vn -0.8926 0.3126 0.3250
vn -0.8716 -0.2888 -0.3962
vn -0.8282 -0.3598 -0.4298
vn -0.8866 0.3401 0.3133
vn -0.7922 -0.3195 -0.5199
vn -0.8056 -0.2959 -0.5133
vn -0.8845 0.3409 0.3185
vn -0.8624 0.3795 0.3349
vn -0.6225 -0.4761 -0.6212
vn -0.5379 -0.5568 -0.6330
vn -0.4795 -0.5917 -0.6480
vn -0.8676 0.3938 0.3036
vn -0.3875 -0.7429 -0.5458
vn -0.8057 0.4383 0.3984
vn -0.3815 -0.8966 -0.2249
vn -0.5559 -0.5732 -0.6021
vn -0.3058 -0.9008 0.3084
vn -0.7796 -0.5650 0.2703
vn -0.8487 -0.1845 0.4956
vn -0.9736 0.1862 -0.1320
vn -0.9918 -0.0495 -0.1179
vn -0.9755 0.1708 -0.1386
vn -0.9917 -0.0484 -0.1187
vn -0.9894 -0.0461 -0.1376
vn -0.9813 -0.1399 -0.1323
vn -0.9461 0.2614 -0.1915
vn -0.9678 0.1632 -0.1919
vn -0.9374 -0.3235 -0.1290
vn -0.9384 0.2330 -0.2554
vn -0.9349 0.2469 -0.2548
vn -0.9616 -0.2233 -0.1596
vn -0.9435 -0.2895 -0.1614
vn -0.9150 0.2774 -0.2929
vn -0.9368 0.2216 -0.2708
vn -0.9116 0.2883 -0.2932
vn -0.9107 0.2791 -0.3045
vn -0.9168 0.2773 -0.2875
vn -0.8748 -0.4228 -0.2364
vn -0.9149 0.2996 -0.2705
vn -0.8784 -0.4160 -0.2352
vn -0.9160 0.2997 -0.2669
vn -0.9139 0.3218 -0.2476
vn -0.8784 -0.4189 -0.2300
vn -0.8619 0.4651 -0.2018
vn -0.9202 0.3365 -0.2001
vn -0.8677 0.4508 -0.2094
vn -0.8789 -0.4183 -0.2293
vn -0.9236 -0.3362 -0.1842
vn -0.8875 -0.3980 -0.2322
vn -0.9120 0.3886 -0.1314
vn -0.8924 0.4334 -0.1254
vn -0.9290 -0.3533 -0.1102
vn -0.9374 -0.3351 -0.0945
vn -0.9312 0.3495 -0.1033
vn -0.9379 0.3377 -0.0799
vn -0.9337 -0.3578 -0.0145
vn -0.9344 -0.3559 -0.0147
vn -0.9452 0.3019 -0.1243
vn -0.9631 -0.2691 0.0052
vn -0.9375 0.3319 -0.1045
vn -0.9392 0.3420 -0.0293
vn -0.9362 -0.3515 0.0039
vn -0.9321 0.3604 -0.0365
vn -0.9630 -0.2694 0.0063
vn -0.9670 -0.2544 0.0141
vn -0.9423 0.3345 -0.0129
vn -0.9397 0.3421 0.0012
vn -0.9434 0.3317 0.0078
vn -0.9672 -0.2535 0.0179
vn -0.9920 0.0716 -0.1039
vn -0.9689 -0.2471 0.0164
vn -0.9090 -0.4164 -0.0157
vn -0.9987 0.0497 0.0064
vn -0.6179 -0.7400 0.2655
vn -0.9896 0.1234 -0.0743
vn -0.9729 0.2017 -0.1129
vn -0.9461 -0.1894 0.2626
vn -0.9733 0.1987 -0.1147
vn -0.9941 0.0960 -0.0507
vn -0.9920 -0.0920 0.0864
vn -0.9961 -0.0863 -0.0162
vn -0.9619 -0.2719 0.0286
vn -0.9987 0.0505 0.0068
vn -0.9987 0.0518 -0.0038
vn -0.9657 -0.2595 0.0063
vn -0.9706 -0.2394 -0.0267
vn -0.9928 0.1199 -0.0047
vn -0.9967 0.0796 0.0169
vn -0.9985 -0.0031 0.0539
vn -0.9980 0.0459 0.0439
vn -0.9297 -0.3009 0.2122
vn -0.9565 -0.2913 0.0184
vn -0.9758 -0.1336 0.1733
vn -0.9969 0.0700 0.0349
vn -0.9958 0.0221 0.0891
vn -0.9570 -0.2902 0.0019
vn -0.8931 -0.2117 0.3970
vn -0.9961 0.0235 0.0851
vn -0.9233 -0.3660 0.1164
vn -0.9323 -0.3545 0.0725
vn -0.9065 -0.4180 0.0598
vn -0.9356 0.3483 0.0581
vn -0.9200 0.3892 0.0450
vn -0.9052 -0.4192 0.0695
vn -0.9007 -0.4283 0.0731
vn -0.8654 0.4941 0.0837
vn -0.9001 -0.4277 0.0828
vn -0.8924 -0.4437 0.0821
vn -0.8711 0.4822 0.0927
vn -0.8322 0.5494 0.0746
vn -0.8078 0.5801 0.1044
vn -0.8615 -0.4940 0.1178
vn -0.7978 0.5774 0.1736
vn -0.8072 0.5603 0.1857
vn -0.7840 0.5719 0.2415
vn -0.8013 0.5363 0.2650
vn -0.8701 -0.4721 0.1414
vn -0.8949 -0.4232 0.1418
vn -0.7815 0.5365 0.3184
vn -0.7811 0.5381 0.3167
vn -0.8742 -0.4503 0.1817
vn -0.8883 -0.4171 0.1924
vn -0.8796 -0.4278 0.2079
vn -0.8217 -0.5388 0.1857
vn -0.9163 -0.4004 -0.0057
vn -0.8227 0.3215 0.4689
vn -0.9268 -0.3754 -0.0112
vn -0.8636 0.2655 0.4287
vn -0.8571 0.2821 0.4310
vn -0.9938 -0.0752 0.0815
vn -0.9767 -0.1992 0.0803
vn -0.9812 -0.1931 0.0044
vn -0.9041 -0.4126 -0.1109
vn -0.9857 -0.1602 0.0521
vn -0.8888 0.2803 0.3626
vn -0.9595 0.1385 0.2454
vn -0.9424 0.1704 0.2879
vn -0.9907 -0.0644 0.1201
vn -0.9885 -0.1379 -0.0622
vn -0.9945 -0.1049 0.0029
vn -0.9983 0.0038 0.0578
vn -0.9478 0.2029 0.2459
vn -0.9687 0.1350 0.2082
vn -0.9893 -0.1286 -0.0684
vn -0.9673 0.1766 0.1821
vn -0.9955 -0.0711 -0.0631
vn -0.9848 0.1022 0.1406
vn -0.9857 0.1410 0.0924
vn -0.9917 -0.0808 -0.0997
vn -0.9562 0.2042 0.2097
vn -0.9921 -0.0588 -0.1105
vn -0.9643 0.2036 0.1696
vn -0.9909 -0.0561 -0.1225
vn -0.9510 0.2507 0.1808
vn -0.9680 0.1976 0.1545
vn -0.9913 -0.0557 -0.1193
vn -0.9910 -0.0388 -0.1280
vn -0.9835 -0.1004 -0.1508
vn -0.9127 0.4059 -0.0466
vn -0.9804 -0.0404 -0.1930
vn -0.9645 -0.1481 -0.2188
vn -0.9920 -0.0684 0.1064
vn -0.9792 -0.0975 0.1779
vn -0.9374 0.1361 0.3207
vn -0.9760 0.1391 0.1675
vn -0.9505 0.3031 0.0690
vn -0.9929 -0.0816 0.0870
vn -0.9819 0.1425 0.1248
vn -0.8312 0.4783 0.2833
vn -0.9607 -0.1228 -0.2491
vn -0.9978 0.0622 -0.0243
vn -0.8795 -0.3312 -0.3418
vn -0.7835 -0.5246 -0.3331
vn -0.9351 0.3001 0.1886
vn -0.9874 0.1247 0.0970
vn -0.9963 -0.0665 -0.0550
vn -0.8175 0.5356 0.2115
vn -0.7552 -0.6228 -0.2043
vn -0.8344 -0.5512 -0.0023
vn -0.9959 -0.0709 -0.0564
vn -0.7935 0.5764 0.1951
vn -0.7503 -0.6363 0.1792
vn -0.9380 0.1008 0.3318
vn -0.8535 -0.2751 0.4425
vn -0.6106 -0.1708 0.7733
vn -0.9897 -0.0425 -0.1367
vn -0.9853 0.0937 -0.1432
vn -0.9472 0.2175 -0.2355
vn -0.9838 0.0472 -0.1728
vn -0.9882 -0.0879 -0.1255
vn -0.9817 -0.1378 -0.1311
vn -0.9306 0.2439 -0.2728
vn -0.9518 0.1832 -0.2460
vn -0.9816 -0.1280 -0.1417
vn -0.9460 -0.2580 -0.1960
vn -0.9275 -0.3151 -0.2010
vn -0.9215 0.3286 -0.2068
vn -0.9282 -0.3219 -0.1867
vn -0.9509 -0.2960 -0.0898
vn -0.9316 0.3520 -0.0911
vn -0.9366 0.3379 -0.0932
vn -0.9499 -0.3017 -0.0813
vn -0.9590 -0.2798 -0.0449
vn -0.9596 -0.2812 0.0114
vn -0.9500 0.3111 -0.0284
vn -0.9512 0.3076 -0.0260
vn -0.9723 -0.2322 0.0263
vn -0.9936 0.1082 -0.0330
vn -0.9737 -0.2271 -0.0204
vn -0.9453 0.3257 0.0155
vn -0.9451 0.3251 0.0330
vn -0.9600 -0.2796 0.0171
vn -0.9420 -0.3319 0.0489
vn -0.9401 -0.3395 0.0316
vn -0.9233 -0.3791 0.0620
vn -0.9491 0.3131 0.0333
vn -0.9346 -0.3485 0.0711
vn -0.8846 0.4648 0.0365
vn -0.9373 -0.3428 0.0629
vn -0.8812 0.4705 0.0461
vn -0.8504 0.5216 0.0684
vn -0.9425 -0.3280 0.0640
vn -0.8424 0.5064 0.1844
vn -0.8593 0.4848 0.1628
vn -0.9454 -0.3088 0.1045
vn -0.8501 0.4835 0.2088
vn -0.9489 -0.2981 0.1037
vn -0.9550 -0.2694 0.1242
vn -0.8688 0.3949 0.2988
vn -0.8594 0.3822 0.3397
vn -0.8752 0.3504 0.3337
vn -0.9080 0.3775 0.1816
vn -0.9496 -0.2811 0.1388
vn -0.8297 0.3967 0.3926
vn -0.9804 -0.1643 0.1091
vn -0.9550 -0.2541 0.1533
vn -0.7916 0.4956 0.3576
vn -0.7722 0.3920 0.5001
vn -0.7753 0.3926 0.4948
vn -0.8295 0.2785 0.4841
vn -0.9805 -0.1666 0.1043
vn -0.9650 -0.2466 0.0887
vn -0.9121 0.1493 0.3818
vn -0.9767 -0.1827 0.1130
vn -0.8305 0.3170 0.4579
vn -0.9835 -0.1716 0.0571
vn -0.9074 0.2182 0.3592
vn -0.9440 0.1197 0.3075
vn -0.9598 0.1356 0.2456
vn -0.9827 -0.0645 0.1735
vn -0.9926 -0.0509 0.1105
vn -0.9863 -0.1370 0.0918
vn -0.9971 0.0516 -0.0565
vn -0.9898 0.1399 0.0268
vn -0.9806 0.0498 -0.1895
vn -0.9865 -0.0275 -0.1611
vn -0.9858 -0.0970 -0.1374
vn -0.9869 0.0086 -0.1614
vn -0.9842 -0.0840 -0.1558
vn -0.9789 -0.1375 -0.1509
vn -0.9396 0.2222 -0.2602
vn -0.9541 -0.2380 -0.1818
vn -0.9591 -0.2351 -0.1577
vn -0.9450 0.2597 -0.1987
vn -0.9477 0.2534 -0.1938
vn -0.9576 0.2787 -0.0726
vn -0.9756 -0.2185 0.0197
vn -0.9584 0.2784 -0.0626
vn -0.9513 0.3074 -0.0233
vn -0.9562 0.2926 -0.0086
vn -0.9549 0.2965 0.0123
vn -0.9799 -0.1985 -0.0179
vn -0.9795 -0.2010 -0.0147
vn -0.9568 0.2893 0.0289
vn -0.9690 -0.2467 0.0161
vn -0.9965 -0.0248 -0.0802
vn -0.9693 -0.2454 0.0185
vn -0.9525 -0.3046 0.0046
vn -0.9518 -0.3007 0.0604
vn -0.9632 -0.2594 0.0708
vn -0.9379 0.3468 0.0057
vn -0.9697 0.2435 0.0169
vn -0.9612 -0.2714 0.0497
vn -0.9683 0.2488 0.0242
vn -0.9569 -0.2844 0.0593
vn -0.9576 -0.2821 0.0585
vn -0.9708 0.2379 0.0308
vn -0.9665 0.2426 0.0836
vn -0.9566 -0.2761 0.0932
vn -0.9678 0.2387 0.0794
vn -0.9892 -0.1265 0.0737
vn -0.9875 -0.1369 0.0783
vn -0.9588 0.2403 0.1514
vn -0.9579 0.2464 0.1474
vn -0.9505 0.2499 0.1848
vn -0.9514 0.2408 0.1920
vn -0.9722 0.1684 0.1626
vn -0.9766 0.1527 0.1515
vn -0.9840 -0.1501 0.0958
vn -0.9829 -0.1606 0.0902
vn -0.9873 -0.1073 0.1169
vn -0.9800 0.0239 0.1976
vn -0.9273 -0.0529 0.3704
vn -0.9613 0.0924 0.2597
vn -0.9828 -0.0007 0.1845
vn -0.9655 0.1494 -0.2135
vn -0.9802 0.0378 -0.1942
vn -0.9774 -0.0919 -0.1901
vn -0.9656 0.1428 -0.2173
vn -0.9782 -0.1020 -0.1807
vn -0.9732 -0.1318 -0.1882
vn -0.9562 0.1885 -0.2238
vn -0.9723 -0.1593 -0.1712
vn -0.9591 0.2019 -0.1982
vn -0.9738 -0.1602 -0.1612
vn -0.9608 -0.2311 -0.1531
vn -0.9632 0.2509 -0.0965
vn -0.9703 -0.2294 -0.0768
vn -0.9745 -0.2165 -0.0588
vn -0.9601 0.2721 -0.0637
vn -0.9753 -0.2193 -0.0267
vn -0.9783 -0.2071 -0.0063
vn -0.9771 -0.2122 0.0162
vn -0.9597 0.2775 -0.0445
vn -0.9768 -0.2137 0.0119
vn -0.9778 -0.2087 0.0204
vn -0.9769 -0.2128 0.0191
vn -0.9558 0.2939 0.0050
vn -0.9834 -0.1807 -0.0182
vn -0.9791 -0.2028 -0.0159
vn -0.9794 -0.2011 -0.0170
vn -0.9797 -0.2007 -0.0020
vn -0.9785 -0.2051 -0.0202
vn -0.9771 0.2106 0.0290
vn -0.9719 -0.2349 -0.0111
vn -0.9326 -0.3598 0.0277
vn -0.9778 -0.2080 0.0232
vn -0.9003 -0.4070 0.1545
vn -0.9842 -0.1752 -0.0261
vn -0.9829 -0.1821 -0.0289
vn -0.5378 -0.8429 -0.0151
vn -0.9809 -0.1925 -0.0276
vn 0.3266 -0.1866 -0.9266
vn 0.5950 -0.3336 -0.7312
vn -0.0068 -0.8978 -0.4403
vn 0.0610 -0.9802 0.1883
vn -0.9565 -0.2828 0.0722
vn -0.9670 -0.2425 0.0781
vn -0.9747 0.2231 0.0132
vn -0.9814 -0.1817 0.0624
vn -0.9879 -0.1513 0.0328
vn -0.9904 -0.1282 0.0510
vn -0.9901 -0.1300 0.0526
vn -0.9820 0.1669 0.0882
vn -0.9912 -0.1098 0.0737
vn -0.9917 -0.1156 0.0560
vn -0.9782 0.1745 0.1126
vn -0.9952 0.0151 0.0970
vn -0.9779 0.1579 0.1368
vn 0.7928 0.1323 -0.5949
vn -1.0000 -0.0064 -0.0020
vn -0.9991 -0.0069 0.0415
vn -0.9991 -0.0081 0.0415
vn -0.9991 -0.0099 0.0406
vn -0.6470 -0.6887 -0.3273
vn -0.9934 -0.0953 0.0640
vn -0.9716 -0.2328 -0.0432
vn -0.9907 -0.0868 0.1051
vn -0.8778 -0.4408 0.1876
vn -0.9915 -0.0606 0.1152
vn -0.9274 -0.3145 0.2027
vn -0.3368 -0.8759 0.3456
vn -0.8154 -0.1848 0.5486
vn -0.3232 -0.6749 0.6633
vn -0.9823 0.0012 -0.1872
vn -0.9819 0.0075 -0.1892
vn -0.9820 0.0266 -0.1871
vn -0.9757 0.1277 -0.1780
vn -0.9840 0.0594 -0.1679
vn -0.9814 -0.1033 -0.1618
vn -0.9746 0.1558 -0.1610
vn -0.9808 -0.1049 -0.1645
vn -0.9786 -0.1459 -0.1451
vn -0.9688 0.2331 -0.0845
vn -0.9844 0.1493 -0.0926
vn -0.9837 0.1629 -0.0768
vn -0.9870 -0.1448 -0.0690
vn -0.9829 -0.1784 -0.0453
vn -0.9707 0.2346 -0.0525
vn -0.9863 0.1570 -0.0506
vn -0.9844 -0.1751 -0.0192
vn -0.9853 -0.1701 -0.0167
vn -0.9874 -0.1580 0.0065
vn -0.9700 0.2369 -0.0537
vn -0.9850 -0.1715 0.0198
vn -0.9708 0.2370 -0.0372
vn -0.9749 0.2219 -0.0178
vn -0.9836 -0.1803 0.0105
vn -0.9742 0.2253 -0.0117
vn -0.9817 -0.1894 0.0198
vn -0.9828 -0.1830 0.0241
vn -0.9754 0.2202 0.0043
vn -0.9751 0.2219 0.0031
vn -0.9824 -0.1845 -0.0283
vn -0.9756 0.2188 0.0203
vn -0.9816 -0.1890 -0.0254
vn -0.9767 0.2137 0.0187
vn -0.9740 -0.2073 -0.0918
vn -0.9883 -0.1401 -0.0610
vn -0.0962 0.9952 0.0156
vn -0.9932 0.1156 0.0169
vn -0.9567 -0.2903 -0.0192
vn -0.9623 -0.2718 -0.0044
vn -0.9578 -0.2872 -0.0085
vn -0.9718 0.2334 0.0329
vn -0.9768 -0.2111 0.0369
vn -0.9751 -0.2105 0.0702
vn -0.9692 -0.0577 -0.2395
vn -0.4879 0.3192 -0.8125
vn -0.8754 -0.4119 0.2529
vn 0.7000 0.0243 -0.7137
vn -0.9450 -0.0553 0.3223
vn -0.9929 0.1158 0.0276
vn -0.9908 0.1314 0.0330
vn -0.5114 -0.6369 0.5769
vn -0.5113 -0.6376 0.5762
vn -0.6566 -0.6914 0.3014
vn -0.9943 -0.0319 0.1021
vn -0.9322 -0.3324 0.1429
vn -0.9707 0.2394 0.0219
vn -0.9989 -0.0462 -0.0060
vn -0.9552 0.2255 0.1916
vn -0.9752 0.2207 0.0131
vn -0.9962 0.0867 0.0117
vn -0.9017 0.1400 0.4091
vn -0.9819 -0.0630 0.1785
vn -0.9953 -0.0959 0.0106
vn -0.9568 0.1023 0.2723
vn -0.9135 -0.3198 0.2514
vn -0.9745 -0.1951 0.1112
vn -0.9776 -0.1837 0.1028
vn -0.9984 -0.0269 0.0493
vn -0.9952 -0.0655 0.0733
vn -0.9704 -0.1688 0.1725
vn -0.9952 -0.0655 0.0734
vn -0.9888 -0.1189 0.0901
vn -0.9977 0.0604 0.0309
vn -0.9993 -0.0100 0.0351
vn -0.9985 0.0460 0.0296
vn -0.9986 -0.0198 0.0495
vn -0.9906 -0.1271 0.0507
vn -0.9970 -0.0638 0.0433
vn -0.9784 0.2028 0.0408
vn -0.9985 0.0465 0.0302
vn -0.9938 -0.0939 0.0593
vn -0.9992 -0.0279 0.0294
vn -0.9834 0.1808 0.0139
vn -0.9985 0.0123 0.0527
vn -0.9958 0.0421 0.0808
vn -0.9982 0.0131 0.0587
vn -0.9969 -0.0465 0.0628
vn -0.9937 -0.0937 0.0613
vn -0.9818 0.1677 0.0889
vn -0.9968 -0.0134 0.0788
vn -0.9922 0.0302 0.1209
vn -0.9967 -0.0289 0.0760
vn -0.2238 0.3609 -0.9054
vn -0.2429 0.4023 -0.8827
vn -0.4115 0.0783 -0.9080
vn -0.4030 0.0365 -0.9145
vn -0.4521 -0.2684 -0.8506
vn -0.3681 -0.3928 -0.8427
vn -0.2390 0.7058 -0.6669
vn -0.3415 -0.6633 -0.6659
vn -0.3994 -0.5751 -0.7140
vn -0.4222 -0.7805 -0.4611
vn -0.3895 -0.8319 -0.3952
vn -0.4357 -0.8848 -0.1652
vn -0.3614 -0.9310 -0.0512
vn -0.4433 -0.8745 0.1969
vn -0.9858 -0.0111 -0.1675
vn -0.9961 0.0521 -0.0711
vn -0.9977 0.0162 -0.0653
vn -0.9961 0.0641 -0.0600
vn -0.9924 -0.1125 -0.0501
vn -0.9924 -0.1126 -0.0503
vn -0.9994 -0.0113 -0.0333
vn -0.9950 -0.0936 -0.0342
vn -0.9975 0.0624 -0.0344
vn -0.9957 -0.0922 -0.0084
vn -0.9989 0.0381 -0.0262
vn -0.9997 -0.0042 -0.0258
vn -0.9914 -0.1308 0.0063
vn -0.9921 0.1207 -0.0338
vn -0.9996 -0.0241 -0.0174
vn -0.9941 -0.1079 -0.0147
vn -0.9913 -0.1311 0.0086
vn -0.9924 0.1218 -0.0148
vn -0.9998 -0.0218 0.0017
vn -0.9990 0.0437 -0.0033
vn -0.9937 0.1115 -0.0080
vn -0.9997 0.0229 0.0040
vn -0.9987 -0.0490 0.0117
vn -0.9924 -0.1226 0.0103
vn -0.9924 -0.1230 0.0104
vn -0.9963 0.0863 -0.0025
vn -0.9916 0.1296 0.0014
vn -0.9987 -0.0489 0.0122
vn -0.9997 0.0198 0.0128
vn -0.9998 0.0112 0.0147
vn -0.9921 -0.1245 0.0181
vn -0.9889 -0.1466 0.0259
vn -0.9993 -0.0369 0.0072
vn -0.9899 -0.1414 0.0101
vn -0.9972 0.0726 0.0167
vn -0.9933 0.1148 0.0166
vn -0.9926 -0.1194 -0.0210
vn -0.9990 -0.0441 -0.0079
vn -0.9994 0.0349 0.0010
vn -0.9998 -0.0081 -0.0188
vn -0.9976 0.0673 0.0146
vn -0.9965 -0.0806 -0.0234
vn -0.9868 -0.1522 -0.0558
vn -0.9968 -0.0711 -0.0370
vn -0.9892 -0.1355 -0.0567
vn -0.9993 0.0375 0.0086
vn -0.9998 0.0118 0.0135
vn -0.9972 0.0741 0.0072
vn -0.9985 -0.0522 -0.0161
vn -0.9897 -0.1416 -0.0215
vn -0.9927 0.1194 0.0154
vn -0.9985 0.0534 0.0124
vn -0.9997 0.0214 0.0083
vn -0.9951 -0.0980 0.0128
vn -0.9947 -0.0970 0.0344
vn -0.9986 0.0115 0.0524
vn -0.9981 -0.0088 0.0611
vn -0.9944 -0.0988 0.0368
vn -0.5311 -0.8182 0.2200
vn -0.4311 -0.8839 0.1812
vn -0.9951 0.0885 -0.0433
vn -0.9999 -0.0067 0.0137
vn -0.9867 -0.1286 -0.0991
vn -0.9995 -0.0244 0.0196
vn -0.8961 0.0126 -0.4437
vn -0.4080 0.3683 -0.8354
vn -0.8718 -0.4860 0.0613
vn -0.9977 0.0608 0.0284
vn -0.9980 0.0570 0.0280
vn -0.8971 0.1135 -0.4270
vn -0.8229 0.2407 -0.5147
vn -0.8045 -0.0431 -0.5924
vn -0.9424 0.2154 -0.2559
vn -0.4238 -0.8439 0.3291
vn -0.9990 0.0212 0.0401
vn -0.9976 0.0056 0.0687
vn -0.9790 0.1349 -0.1528
vn -0.9188 0.3920 0.0469
vn -0.9146 0.3535 -0.1963
vn 0.6814 0.5188 -0.5163
vn -0.8314 -0.4458 0.3317
vn -0.7634 -0.5356 0.3611
vn -0.9931 0.1168 -0.0124
vn -0.9096 0.2965 0.2911
vn -0.7927 0.5336 0.2948
vn -0.8159 -0.3963 0.4210
vn -0.8290 -0.3606 0.4275
vn -0.8181 0.3778 0.4335
vn -0.9391 -0.1594 0.3043
vn -0.9476 0.0132 0.3192
vn -0.9375 -0.1374 0.3198
vn -0.9983 0.0088 0.0572
vn -0.6019 0.6314 -0.4890
vn -0.7793 -0.4556 0.4302
vn 0.3296 -0.9345 -0.1348
vn -0.6056 -0.7875 0.1147
vn 0.9301 0.2276 -0.2882
vn -0.5151 -0.8446 -0.1463
vn -0.8471 -0.4873 0.2121
vn -0.9347 -0.2881 0.2081
vn -0.9285 -0.1630 0.3337
vn -0.8583 0.3007 0.4159
vn -0.9327 -0.0846 0.3507
vn -0.8652 0.0914 -0.4929
vn -0.8707 -0.2698 -0.4112
vn -0.7829 0.3712 -0.4993
vn -0.9105 -0.0128 -0.4132
vn -0.8708 -0.2732 -0.4086
vn -0.8049 -0.4603 -0.3745
vn -0.7987 -0.4966 -0.3396
vn -0.8355 -0.5457 -0.0646
vn -0.8676 -0.4951 0.0467
vn -0.8464 -0.5143 0.1379
vn -0.9229 -0.1784 0.3411
vn -0.8435 -0.4198 0.3350
vn -0.4637 -0.8828 0.0754
vn -0.6237 -0.7665 0.1531
vn -0.8461 -0.4667 0.2576
vn -0.9433 -0.2539 0.2137
vn -0.9433 -0.2659 0.1987
vn -0.9058 0.0959 0.4128
vn -0.9682 -0.0790 0.2375
vn -0.9580 -0.2866 0.0102
vn -0.9173 0.3981 -0.0100
vn -0.9066 0.4220 0.0036
vn -0.9997 0.0022 0.0237
vn -0.9998 -0.0130 0.0118
vn -0.9804 -0.1833 0.0727
vn -0.8313 0.3896 0.3964
vn -0.9496 -0.0143 0.3131
vn -0.9279 -0.1696 0.3320
vn -0.8803 0.1839 0.4372
vn -0.8666 -0.4268 0.2586
vn -0.9569 -0.2023 0.2083
vn -0.9584 -0.1739 0.2265
vn -0.9481 0.1316 0.2894
vn -0.9591 -0.1242 0.2543
vn -0.9415 -0.1286 0.3116
vn -0.9395 -0.0350 0.3407
vn 0.6633 -0.3990 -0.6331
vn -0.7764 -0.6015 0.1880
vn -0.9311 -0.2226 0.2889
vn -0.9315 -0.2553 0.2590
vn -0.9601 -0.1568 0.2315
vn -0.9746 -0.0605 0.2156
vn -0.9593 -0.1159 0.2576
vn 0.8345 -0.0532 -0.5485
vn -0.9241 -0.2358 0.3007
vn -0.9479 -0.2001 0.2477
vn -0.9582 -0.0121 0.2860
vn -0.9622 -0.0968 0.2547
vn -0.9580 -0.0132 0.2864
vn -0.1552 -0.6373 -0.7548
vn -0.9081 -0.4146 -0.0590
vn -0.8805 -0.4203 -0.2192
vn -0.9395 -0.1924 0.2835
vn -0.9461 -0.2031 0.2522
vn -0.9526 -0.0142 0.3038
vn 0.5394 -0.2034 -0.8171
vn -0.2089 -0.7377 -0.6420
vn -0.9193 -0.3555 0.1690
vn -0.9303 -0.3646 -0.0387
vn -0.7300 -0.5040 -0.4616
vn -0.9427 -0.1887 0.2752
vn -0.9566 -0.1591 0.2442
vn -0.9566 -0.1586 0.2444
vn -0.7318 0.4923 0.4713
vn -0.9668 -0.0872 0.2402
vn -0.9527 -0.0144 0.3036
vn -0.9490 -0.3102 0.0568
vn -0.9526 -0.2920 -0.0848
vn -0.9618 -0.2003 0.1866
vn -0.9559 -0.1523 0.2513
vn -0.9542 -0.1545 0.2560
vn -0.9581 -0.0631 0.2796
vn 0.8154 0.0112 -0.5788
vn 0.6489 -0.0253 -0.7605
vn -0.9170 -0.3556 -0.1806
vn -0.9655 -0.2484 0.0779
vn -0.9592 -0.1571 0.2352
vn -0.9606 -0.1051 0.2571
vn -0.9643 -0.1063 0.2425
vn -0.9589 -0.0582 0.2778
vn -0.6838 0.5992 0.4164
vn -0.2185 -0.2256 -0.9494
vn -0.6840 -0.6379 -0.3538
vn -0.8895 -0.3050 -0.3403
vn -0.8935 -0.3065 -0.3282
vn -0.9704 -0.1464 0.1920
vn -0.9655 -0.1591 0.2060
vn -0.9675 -0.0893 0.2364
vn 0.0576 -0.3544 -0.9333
vn -0.9805 -0.1169 -0.1577
vn -0.9891 -0.1266 0.0755
vn -0.9750 -0.0768 0.2084
vn -0.9759 -0.0851 0.2010
vn -0.9712 -0.0851 0.2227
vn -0.9827 -0.0374 -0.1813
vn -0.9810 -0.0943 -0.1695
vn -0.9567 0.1833 -0.2261
vn -0.9916 0.0250 -0.1268
vn -0.9842 -0.1254 -0.1252
vn -0.9897 -0.1297 0.0611
vn -0.9352 -0.2933 -0.1986
vn -0.9847 -0.0318 0.1711
vn -0.9759 -0.0850 0.2009
vn -0.9805 -0.0499 0.1901
vt 0.349236 0.231871
vt 0.354381 0.231395
vt 0.350190 0.237422
vt 0.586551 0.414834
vt 0.584879 0.417526
vt 0.582057 0.410923
vt 0.967970 0.236387
vt 0.981166 0.233995
vt 0.976946 0.239790
vt 0.957288 0.237086
vt 0.957197 0.248368
vt 0.976521 0.253977
vt 0.961016 0.225753
vt 0.970101 0.218099
vt 0.980299 0.218482
vt 0.978009 0.223850
vt 0.974743 0.216861
vt 0.010488 0.586352
vt 0.016827 0.586417
vt 0.003912 0.579094
vt 0.962564 0.253977
vt 0.989182 0.236592
vt 0.988047 0.225670
vt 0.984214 0.247294
vt 0.208011 0.759444
vt 0.202533 0.749478
vt 0.208373 0.752929
vt 0.195208 0.769445
vt 0.198529 0.738550
vt 0.191787 0.732765
vt 0.077725 0.603924
vt 0.061618 0.603860
vt 0.078598 0.600742
vt 0.177097 0.725352
vt 0.176919 0.719279
vt 0.062571 0.601897
vt 0.173823 0.756596
vt 0.167509 0.711981
vt 0.155131 0.722682
vt 0.161098 0.706015
vt 0.096409 0.019104
vt 0.097738 0.025974
vt 0.100816 0.033140
vt 0.382421 0.417259
vt 0.383873 0.438159
vt 0.384290 0.416225
vt 0.381468 0.432412
vt 0.177436 0.777336
vt 0.384290 0.453340
vt 0.154359 0.781916
vt 0.148330 0.696654
vt 0.154250 0.699556
vt 0.130970 0.735865
vt 0.164651 0.781342
vt 0.104917 0.053315
vt 0.104100 0.060725
vt 0.105833 0.064945
vt 0.129368 0.700579
vt 0.140571 0.690287
vt 0.133129 0.779837
vt 0.103049 0.076018
vt 0.104948 0.086993
vt 0.134799 0.783146
vt 0.132857 0.687221
vt 0.122839 0.683016
vt 0.108286 0.759238
vt 0.118990 0.785260
vt 0.107692 0.700097
vt 0.111488 0.678155
vt 0.107181 0.730545
vt 0.111640 0.784536
vt 0.089671 0.705503
vt 0.095484 0.761475
vt 0.775699 0.681477
vt 0.776862 0.666139
vt 0.775635 0.659014
vt 0.092040 0.780908
vt 0.105371 0.689560
vt 0.098793 0.684343
vt 0.075347 0.741814
vt 0.075072 0.767105
vt 0.065780 0.756346
vt 0.073251 0.692187
vt 0.093494 0.681572
vt 0.060424 0.725470
vt 0.779398 0.663300
vt 0.778599 0.655738
vt 0.775711 0.649042
vt 0.083232 0.780713
vt 0.778820 0.644890
vt 0.776052 0.635737
vt 0.071639 0.778506
vt 0.081874 0.683137
vt 0.086814 0.679682
vt 0.014478 0.133904
vt 0.036015 0.150974
vt 0.049200 0.137663
vt 0.064308 0.775722
vt 0.051665 0.771534
vt 0.073048 0.686066
vt 0.077800 0.681430
vt 0.070227 0.688522
vt 0.058770 0.703095
vt 0.043954 0.730935
vt 0.046038 0.760713
vt 0.055549 0.779176
vt 0.096142 0.165827
vt 0.093345 0.164573
vt 0.097850 0.175615
vt 0.050196 0.774981
vt 0.730704 0.735004
vt 0.732361 0.727422
vt 0.729035 0.726291
vt 0.044030 0.431071
vt 0.036224 0.437405
vt 0.049908 0.435318
vt 0.039841 0.454044
vt 0.050807 0.451449
vt 0.034733 0.431159
vt 0.028692 0.441148
vt 0.029230 0.454243
vt 0.333697 0.425945
vt 0.324108 0.430048
vt 0.323846 0.423648
vt 0.059003 0.698011
vt 0.050480 0.706312
vt 0.038559 0.728484
vt 0.032383 0.735685
vt 0.023989 0.759415
vt 0.044472 0.782834
vt 0.038821 0.773317
vt 0.724904 0.718679
vt 0.060677 0.434601
vt 0.060598 0.446663
vt 0.060677 0.460142
vt 0.723644 0.736060
vt 0.053720 0.466856
vt 0.732361 0.744963
vt 0.344097 0.430422
vt 0.334453 0.432232
vt 0.040580 0.468371
vt 0.031146 0.463780
vt 0.684384 0.540107
vt 0.686309 0.546660
vt 0.694286 0.538304
vt 0.692220 0.530366
vt 0.656578 0.669189
vt 0.631118 0.672596
vt 0.629739 0.638636
vt 0.608184 0.662205
vt 0.603065 0.681228
vt 0.583719 0.641223
vt 0.627502 0.613662
vt 0.591521 0.610854
vt 0.553902 0.665401
vt 0.584309 0.706982
vt 0.552229 0.713407
vt 0.550169 0.682247
vt 0.544308 0.629708
vt 0.532366 0.643809
vt 0.564083 0.607089
vt 0.504097 0.715767
vt 0.501821 0.663559
vt 0.502601 0.609609
vt 0.494475 0.696026
vt 0.491080 0.684051
vt 0.472205 0.645892
vt 0.469803 0.622693
vt 0.462005 0.717283
vt 0.456246 0.663708
vt 0.453791 0.626176
vt 0.428695 0.700252
vt 0.432863 0.645495
vt 0.432101 0.684375
vt 0.436590 0.623757
vt 0.409094 0.658221
vt 0.401720 0.719474
vt 0.408047 0.626781
vt 0.392454 0.698395
vt 0.413218 0.614059
vt 0.391770 0.641094
vt 0.392592 0.667247
vt 0.383439 0.619013
vt 0.360677 0.718899
vt 0.369711 0.634990
vt 0.370049 0.646014
vt 0.373679 0.614903
vt 0.369789 0.626638
vt 0.357923 0.680043
vt 0.041825 0.716167
vt 0.041344 0.711582
vt 0.344209 0.700936
vt 0.362494 0.639386
vt 0.363792 0.628889
vt 0.354234 0.649708
vt 0.036005 0.725525
vt 0.035940 0.719032
vt 0.033160 0.720400
vt 0.356577 0.642341
vt 0.026334 0.727417
vt 0.028165 0.722623
vt 0.345380 0.658328
vt 0.351848 0.639092
vt 0.054322 0.785260
vt 0.026705 0.750775
vt 0.023247 0.733329
vt 0.345673 0.643946
vt 0.336905 0.642119
vt 0.343136 0.632978
vt 0.323829 0.674595
vt 0.035819 0.784469
vt 0.029717 0.780565
vt 0.017404 0.768390
vt 0.722065 0.728968
vt 0.718338 0.737217
vt 0.343595 0.436104
vt 0.047072 0.476670
vt 0.323630 0.435495
vt 0.033748 0.472314
vt 0.312416 0.433506
vt 0.697073 0.542006
vt 0.698839 0.523576
vt 0.702476 0.530422
vt 0.705308 0.518028
vt 0.675432 0.665849
vt 0.672601 0.636474
vt 0.644280 0.608377
vt 0.667138 0.600923
vt 0.631339 0.701017
vt 0.644349 0.584575
vt 0.627299 0.576783
vt 0.612813 0.582506
vt 0.613556 0.706092
vt 0.583223 0.587894
vt 0.589670 0.566628
vt 0.592045 0.724401
vt 0.555083 0.744769
vt 0.522925 0.581694
vt 0.537325 0.748006
vt 0.512011 0.748745
vt 0.467417 0.575652
vt 0.469020 0.749447
vt 0.452174 0.582226
vt 0.429992 0.587227
vt 0.400778 0.754046
vt 0.386953 0.597146
vt 0.368373 0.755336
vt 0.377810 0.601054
vt 0.369150 0.612509
vt 0.371217 0.604742
vt 0.373037 0.599416
vt 0.365216 0.622492
vt 0.316295 0.718247
vt 0.019907 0.744080
vt 0.314716 0.746101
vt 0.321669 0.624638
vt 0.332692 0.635900
vt 0.325774 0.619447
vt 0.319382 0.605575
vt 0.337697 0.599157
vt 0.273037 0.658470
vt 0.273247 0.700244
vt 0.265714 0.738833
vt 0.292917 0.638485
vt 0.268253 0.717550
vt 0.280210 0.599699
vt 0.261558 0.684907
vt 0.261956 0.638357
vt 0.238327 0.702051
vt 0.249346 0.739747
vt 0.241340 0.718086
vt 0.246895 0.660302
vt 0.222691 0.711280
vt 0.225070 0.675365
vt 0.712445 0.727426
vt 0.710724 0.733409
vt 0.346213 0.444385
vt 0.339666 0.445153
vt 0.325540 0.447169
vt 0.713098 0.533158
vt 0.713728 0.523762
vt 0.706798 0.546660
vt 0.710184 0.540911
vt 0.695394 0.659364
vt 0.678391 0.681623
vt 0.659021 0.701656
vt 0.643265 0.720382
vt 0.643157 0.563045
vt 0.632777 0.730715
vt 0.604921 0.556492
vt 0.588557 0.748516
vt 0.559224 0.547636
vt 0.513839 0.554587
vt 0.405098 0.581044
vt 0.384168 0.583766
vt 0.370000 0.598005
vt 0.365527 0.585839
vt 0.367325 0.593645
vt 0.354799 0.586100
vt 0.368081 0.570515
vt 0.350815 0.588799
vt 0.345277 0.591668
vt 0.329371 0.586891
vt 0.318720 0.764282
vt 0.258876 0.602569
vt 0.248454 0.755387
vt 0.233015 0.732938
vt 0.218035 0.643755
vt 0.199726 0.659981
vt 0.218092 0.716006
vt 0.226442 0.693715
vt 0.225726 0.702888
vt 0.223827 0.683363
vt 0.215759 0.676346
vt 0.208320 0.673161
vt 0.190404 0.675265
vt 0.187892 0.672801
vt 0.185380 0.655756
vt 0.319119 0.445529
vt 0.310866 0.445452
vt 0.183146 0.686362
vt 0.187600 0.679343
vt 0.701121 0.634271
vt 0.690544 0.606793
vt 0.670243 0.582204
vt 0.684026 0.698266
vt 0.618784 0.546643
vt 0.609507 0.746870
vt 0.582940 0.542623
vt 0.555730 0.777837
vt 0.501843 0.777260
vt 0.429663 0.548967
vt 0.430736 0.777837
vt 0.410764 0.557338
vt 0.347348 0.769117
vt 0.352746 0.568012
vt 0.316618 0.569106
vt 0.300841 0.764409
vt 0.267121 0.587900
vt 0.268323 0.761668
vt 0.550411 0.960057
vt 0.577764 0.969814
vt 0.566311 0.982685
vt 0.221647 0.611911
vt 0.236560 0.603577
vt 0.581913 0.999470
vt 0.587071 0.983815
vt 0.586794 0.996558
vt 0.195181 0.637418
vt 0.593626 0.995747
vt 0.165250 0.653331
vt 0.169336 0.671782
vt 0.182000 0.693832
vt 0.726969 0.643699
vt 0.730850 0.631200
vt 0.714605 0.615137
vt 0.726857 0.659435
vt 0.061339 0.986820
vt 0.070671 0.978175
vt 0.087669 0.973981
vt 0.702932 0.677692
vt 0.699781 0.585276
vt 0.673045 0.565699
vt 0.122753 0.935768
vt 0.134393 0.960244
vt 0.109573 0.958039
vt 0.138815 0.922199
vt 0.152675 0.945270
vt 0.151142 0.919198
vt 0.168079 0.914128
vt 0.164298 0.937282
vt 0.646676 0.550097
vt 0.616348 0.533425
vt 0.189363 0.926024
vt 0.594031 0.524691
vt 0.210944 0.904690
vt 0.209973 0.928594
vt 0.579672 0.517762
vt 0.556891 0.523783
vt 0.246063 0.906089
vt 0.505274 0.534461
vt 0.465751 0.536785
vt 0.473105 0.463332
vt 0.468887 0.465662
vt 0.475090 0.432526
vt 0.458073 0.438959
vt 0.462401 0.429787
vt 0.465346 0.481327
vt 0.453333 0.474725
vt 0.447473 0.460533
vt 0.458076 0.433089
vt 0.298772 0.913916
vt 0.354136 0.899808
vt 0.369272 0.921552
vt 0.443111 0.441428
vt 0.409069 0.543458
vt 0.376852 0.548649
vt 0.477642 0.932442
vt 0.480181 0.946234
vt 0.451855 0.938597
vt 0.498091 0.947683
vt 0.530484 0.953125
vt 0.264132 0.575226
vt 0.233165 0.587182
vt 0.564138 0.942524
vt 0.209781 0.598308
vt 0.595193 0.976744
vt 0.599559 0.996019
vt 0.196292 0.618165
vt 0.611947 0.992928
vt 0.181562 0.615544
vt 0.325902 0.455937
vt 0.334010 0.446146
vt 0.176332 0.634011
vt 0.308570 0.453555
vt 0.305269 0.442056
vt 0.275373 0.449238
vt 0.161314 0.630455
vt 0.159133 0.673533
vt 0.150647 0.644945
vt 0.137220 0.632262
vt 0.771151 0.626716
vt 0.749606 0.628693
vt 0.765392 0.613275
vt 0.761511 0.634495
vt 0.746726 0.610067
vt 0.740984 0.648402
vt 0.739061 0.593316
vt 0.739008 0.580533
vt 0.703194 0.571981
vt 0.087133 0.966135
vt 0.104027 0.951423
vt 0.675930 0.556027
vt 0.647846 0.543036
vt 0.153120 0.910571
vt 0.624919 0.530386
vt 0.170147 0.905152
vt 0.604196 0.515734
vt 0.194844 0.893338
vt 0.244778 0.888250
vt 0.558525 0.511424
vt 0.504466 0.518647
vt 0.288520 0.890448
vt 0.315530 0.894419
vt 0.893227 0.700424
vt 0.923330 0.700424
vt 0.895160 0.698303
vt 0.471088 0.424708
vt 0.475615 0.430099
vt 0.444722 0.523093
vt 0.469765 0.469521
vt 0.466000 0.486438
vt 0.457667 0.492483
vt 0.916745 0.759809
vt 0.924300 0.757688
vt 0.926943 0.759732
vt 0.439064 0.499467
vt 0.443144 0.435633
vt 0.443862 0.502820
vt 0.424456 0.488973
vt 0.428319 0.464849
vt 0.427979 0.446331
vt 0.435659 0.441165
vt 0.426281 0.504197
vt 0.418371 0.518256
vt 0.428228 0.510527
vt 0.405834 0.495999
vt 0.423274 0.457209
vt 0.409195 0.481224
vt 0.994826 0.357900
vt 0.993660 0.339901
vt 0.991323 0.328575
vt 0.386797 0.905473
vt 0.417773 0.515397
vt 0.408939 0.517292
vt 0.413169 0.514490
vt 0.379173 0.536771
vt 0.426388 0.911779
vt 0.591113 0.830641
vt 0.558379 0.831885
vt 0.561801 0.820432
vt 0.509784 0.827825
vt 0.455445 0.917793
vt 0.496012 0.844351
vt 0.485284 0.919532
vt 0.457921 0.831310
vt 0.495781 0.922727
vt 0.442793 0.842923
vt 0.535895 0.931888
vt 0.413775 0.840924
vt 0.550199 0.936714
vt 0.410246 0.849605
vt 0.391920 0.460929
vt 0.375698 0.467593
vt 0.365922 0.448060
vt 0.385220 0.856126
vt 0.381311 0.848617
vt 0.348261 0.455525
vt 0.358175 0.470500
vt 0.354086 0.866914
vt 0.350049 0.861878
vt 0.309434 0.459045
vt 0.160502 0.616445
vt 0.332813 0.865844
vt 0.329370 0.859918
vt 0.273482 0.457126
vt 0.244812 0.450578
vt 0.137913 0.616778
vt 0.140579 0.606669
vt 0.312794 0.855735
vt 0.153382 0.676550
vt 0.135821 0.652613
vt 0.139029 0.649432
vt 0.121348 0.634258
vt 0.126653 0.599395
vt 0.114881 0.611617
vt 0.105673 0.615982
vt 0.100437 0.596632
vt 0.112466 0.589433
vt 0.078735 0.574914
vt 0.092306 0.566492
vt 0.086358 0.596225
vt 0.069591 0.543307
vt 0.077708 0.545750
vt 0.057190 0.570311
vt 0.057591 0.523195
vt 0.063875 0.523674
vt 0.058890 0.553322
vt 0.053692 0.511290
vt 0.055675 0.543418
vt 0.051768 0.524394
vt 0.044112 0.551554
vt 0.051014 0.550658
vt 0.051015 0.530314
vt 0.041462 0.510656
vt 0.043199 0.525600
vt 0.044227 0.502020
vt 0.035621 0.547441
vt 0.031777 0.521611
vt 0.033915 0.515121
vt 0.032636 0.506169
vt 0.689739 0.980513
vt 0.691391 0.978989
vt 0.701627 0.984624
vt 0.027752 0.514525
vt 0.105490 0.450281
vt 0.098736 0.460123
vt 0.095378 0.450885
vt 0.091703 0.454777
vt 0.771581 0.635018
vt 0.791988 0.629345
vt 0.798300 0.619263
vt 0.794721 0.586479
vt 0.771604 0.591545
vt 0.245761 0.996505
vt 0.225467 0.994394
vt 0.250991 0.990388
vt 0.257805 0.996042
vt 0.760477 0.641201
vt 0.765447 0.585583
vt 0.040612 0.993883
vt 0.045980 0.995181
vt 0.026042 0.999470
vt 0.054824 0.985230
vt 0.723819 0.571909
vt 0.077362 0.960855
vt 0.701715 0.563248
vt 0.088630 0.950537
vt 0.100787 0.939278
vt 0.121390 0.921304
vt 0.670425 0.545153
vt 0.148153 0.901175
vt 0.160727 0.891630
vt 0.171658 0.898191
vt 0.184866 0.887389
vt 0.588727 0.504100
vt 0.206340 0.888395
vt 0.565802 0.499755
vt 0.222239 0.886785
vt 0.261727 0.887023
vt 0.475501 0.506431
vt 0.317800 0.885607
vt 0.614038 0.800457
vt 0.647245 0.791739
vt 0.661285 0.795446
vt 0.360165 0.887413
vt 0.935318 0.758137
vt 0.944026 0.759809
vt 0.436049 0.506732
vt 0.110127 0.050833
vt 0.113341 0.042926
vt 0.111745 0.041173
vt 0.116384 0.033266
vt 0.113391 0.031515
vt 0.992469 0.315664
vt 0.989182 0.316328
vt 0.375902 0.900745
vt 0.409691 0.507744
vt 0.602945 0.807188
vt 0.593810 0.804189
vt 0.602973 0.804227
vt 0.404786 0.512263
vt 0.748354 0.109756
vt 0.745924 0.102785
vt 0.747612 0.102310
vt 0.402521 0.505919
vt 0.835125 0.873277
vt 0.825494 0.875398
vt 0.849012 0.875398
vt 0.569743 0.809325
vt 0.410518 0.896083
vt 0.529176 0.813989
vt 0.440682 0.903542
vt 0.471425 0.912988
vt 0.509736 0.923742
vt 0.532704 0.929331
vt 0.445533 0.819655
vt 0.466200 0.815948
vt 0.406589 0.831237
vt 0.376763 0.840261
vt 0.354412 0.846960
vt 0.338090 0.471099
vt 0.324983 0.470870
vt 0.346774 0.851516
vt 0.307640 0.468293
vt 0.331824 0.851334
vt 0.280567 0.469757
vt 0.254722 0.464360
vt 0.315264 0.847980
vt 0.244804 0.454922
vt 0.143299 0.599105
vt 0.130279 0.592516
vt 0.221187 0.462111
vt 0.257826 0.470396
vt 0.222145 0.453588
vt 0.114266 0.581842
vt 0.198932 0.452471
vt 0.103641 0.570676
vt 0.193266 0.460575
vt 0.172260 0.452110
vt 0.094538 0.557309
vt 0.188449 0.468128
vt 0.171237 0.460500
vt 0.081308 0.539913
vt 0.140443 0.460204
vt 0.134803 0.452655
vt 0.165322 0.389964
vt 0.179636 0.388653
vt 0.166333 0.396122
vt 0.224705 0.404757
vt 0.227011 0.406784
vt 0.217800 0.414910
vt 0.680522 0.979736
vt 0.676961 0.975636
vt 0.112901 0.462196
vt 0.129345 0.466894
vt 0.708988 0.982482
vt 0.703249 0.977524
vt 0.708700 0.970160
vt 0.105280 0.463654
vt 0.091763 0.459707
vt 0.846259 0.620854
vt 0.830104 0.614278
vt 0.850138 0.597573
vt 0.809388 0.586067
vt 0.847859 0.573297
vt 0.835843 0.574114
vt 0.187711 0.991350
vt 0.204088 0.991888
vt 0.169590 0.991924
vt 0.850491 0.628791
vt 0.814300 0.627949
vt 0.810494 0.577239
vt 0.223871 0.989808
vt 0.794684 0.579510
vt 0.779470 0.579119
vt 0.758564 0.577754
vt 0.268995 0.985883
vt 0.273073 0.996997
vt 0.277536 0.986359
vt 0.742380 0.568841
vt 0.289189 0.995763
vt 0.300022 0.987991
vt 0.722785 0.563779
vt 0.306255 0.997349
vt 0.319379 0.985304
vt 0.703397 0.556530
vt 0.689429 0.550253
vt 0.870367 0.841514
vt 0.851697 0.835710
vt 0.851318 0.830806
vt 0.835776 0.805928
vt 0.830267 0.820771
vt 0.823100 0.820437
vt 0.810553 0.807681
vt 0.175595 0.883209
vt 0.787281 0.803402
vt 0.801323 0.800098
vt 0.188222 0.876932
vt 0.209655 0.880848
vt 0.751148 0.787137
vt 0.753986 0.780093
vt 0.769338 0.782235
vt 0.252118 0.869136
vt 0.687041 0.784932
vt 0.287550 0.876924
vt 0.613994 0.796687
vt 0.743650 0.102639
vt 0.579104 0.796623
vt 0.591024 0.796993
vt 0.558174 0.802463
vt 0.497694 0.808981
vt 0.475077 0.898297
vt 0.502840 0.906134
vt 0.418923 0.823870
vt 0.390551 0.831351
vt 0.073538 0.394224
vt 0.087635 0.399141
vt 0.068432 0.400294
vt 0.226412 0.469170
vt 0.209138 0.468838
vt 0.168386 0.467599
vt 0.251870 0.424963
vt 0.244864 0.419094
vt 0.255382 0.418791
vt 0.234965 0.425638
vt 0.232906 0.419220
vt 0.151731 0.467262
vt 0.683757 0.967083
vt 0.694911 0.959890
vt 0.702376 0.964341
vt 0.098546 0.473303
vt 0.895086 0.642999
vt 0.882392 0.616700
vt 0.904603 0.625247
vt 0.900695 0.593446
vt 0.893577 0.662261
vt 0.876768 0.635126
vt 0.874172 0.598109
vt 0.891108 0.564378
vt 0.872837 0.565230
vt 0.892614 0.542856
vt 0.879042 0.544072
vt 0.890469 0.533762
vt 0.872927 0.644862
vt 0.872115 0.621576
vt 0.865503 0.556766
vt 0.864021 0.630922
vt 0.859121 0.635459
vt 0.855413 0.560071
vt 0.684802 0.390591
vt 0.693593 0.386826
vt 0.694917 0.391835
vt 0.843212 0.562183
vt 0.711665 0.382635
vt 0.821436 0.568727
vt 0.198107 0.981370
vt 0.205216 0.978323
vt 0.962945 0.853035
vt 0.948653 0.847238
vt 0.961628 0.848107
vt 0.944536 0.863809
vt 0.936834 0.829751
vt 0.927551 0.830725
vt 0.922351 0.861820
vt 0.944760 0.866914
vt 0.914487 0.837135
vt 0.914718 0.812681
vt 0.903198 0.855757
vt 0.900786 0.809218
vt 0.051175 0.958644
vt 0.051405 0.975793
vt 0.033687 0.970593
vt 0.061118 0.972841
vt 0.040439 0.982673
vt 0.067393 0.962493
vt 0.890055 0.814336
vt 0.887885 0.788737
vt 0.086520 0.922942
vt 0.884122 0.848043
vt 0.870584 0.781019
vt 0.864205 0.762927
vt 0.843928 0.792166
vt 0.113575 0.922220
vt 0.850902 0.753956
vt 0.106660 0.893615
vt 0.133579 0.906369
vt 0.148058 0.897775
vt 0.145171 0.873533
vt 0.821415 0.747965
vt 0.785145 0.788715
vt 0.775296 0.780540
vt 0.802785 0.749062
vt 0.790102 0.746218
vt 0.765162 0.775518
vt 0.200251 0.870862
vt 0.215023 0.869161
vt 0.758488 0.772299
vt 0.636008 0.786171
vt 0.340207 0.874757
vt 0.181814 0.801161
vt 0.173854 0.793743
vt 0.174790 0.801573
vt 0.551505 0.798602
vt 0.519761 0.801999
vt 0.449063 0.893097
vt 0.473994 0.808640
vt 0.496349 0.804901
vt 0.520755 0.907737
vt 0.552443 0.916858
vt 0.567187 0.922923
vt 0.398401 0.480032
vt 0.381691 0.483362
vt 0.340876 0.485091
vt 0.329811 0.484508
vt 0.346427 0.845497
vt 0.343937 0.834898
vt 0.302682 0.482832
vt 0.884045 0.503407
vt 0.878602 0.497163
vt 0.884060 0.490549
vt 0.883822 0.478758
vt 0.879522 0.466902
vt 0.883528 0.463447
vt 0.882444 0.443634
vt 0.873424 0.437864
vt 0.884760 0.426546
vt 0.673292 0.967911
vt 0.677079 0.958112
vt 0.681828 0.959240
vt 0.114891 0.476223
vt 0.105329 0.475777
vt 0.317498 0.304188
vt 0.317498 0.293213
vt 0.314886 0.298827
vt 0.314675 0.308059
vt 0.990176 0.735770
vt 0.987634 0.731005
vt 0.999530 0.721265
vt 0.992214 0.696322
vt 0.997365 0.699290
vt 0.058796 0.823255
vt 0.056153 0.824396
vt 0.058761 0.835101
vt 0.973372 0.714976
vt 0.990987 0.464876
vt 0.962120 0.478491
vt 0.988546 0.449661
vt 0.973671 0.743162
vt 0.981957 0.743149
vt 0.967456 0.672822
vt 0.977137 0.670339
vt 0.984770 0.489290
vt 0.959864 0.495405
vt 0.961850 0.461478
vt 0.978997 0.439756
vt 0.969876 0.733149
vt 0.966510 0.687185
vt 0.958277 0.729094
vt 0.960353 0.736188
vt 0.960136 0.701547
vt 0.958928 0.519566
vt 0.543482 0.383503
vt 0.555367 0.381361
vt 0.554402 0.384522
vt 0.540452 0.386982
vt 0.945488 0.480297
vt 0.947737 0.669299
vt 0.943408 0.638193
vt 0.946609 0.630445
vt 0.945586 0.523167
vt 0.950984 0.454431
vt 0.947103 0.715918
vt 0.938197 0.648156
vt 0.932128 0.515373
vt 0.933061 0.481495
vt 0.573635 0.385553
vt 0.559715 0.388624
vt 0.573250 0.380727
vt 0.945578 0.720794
vt 0.933159 0.677254
vt 0.928254 0.559848
vt 0.938467 0.467190
vt 0.947014 0.557866
vt 0.938986 0.581778
vt 0.915566 0.513474
vt 0.585251 0.381288
vt 0.926110 0.694045
vt 0.922161 0.637240
vt 0.925405 0.621598
vt 0.939893 0.606901
vt 0.915449 0.554308
vt 0.595701 0.381662
vt 0.614475 0.387259
vt 0.914823 0.688037
vt 0.918097 0.500484
vt 0.917333 0.489388
vt 0.921202 0.591514
vt 0.937324 0.593489
vt 0.913003 0.654242
vt 0.605841 0.381321
vt 0.841302 0.436823
vt 0.849068 0.439795
vt 0.848805 0.429960
vt 0.618566 0.380575
vt 0.624987 0.382652
vt 0.900747 0.522276
vt 0.839793 0.465347
vt 0.848264 0.454333
vt 0.638797 0.382543
vt 0.632150 0.381381
vt 0.847433 0.469644
vt 0.646378 0.388524
vt 0.644291 0.391835
vt 0.839605 0.481462
vt 0.655180 0.381706
vt 0.669181 0.391471
vt 0.840608 0.497861
vt 0.847386 0.487824
vt 0.666070 0.382264
vt 0.848795 0.505835
vt 0.840682 0.517735
vt 0.681888 0.380644
vt 0.854732 0.552108
vt 0.850565 0.524843
vt 0.693431 0.376988
vt 0.845628 0.553283
vt 0.185647 0.978577
vt 0.169671 0.988386
vt 0.171597 0.979342
vt 0.222028 0.977818
vt 0.244895 0.978217
vt 0.965919 0.865598
vt 0.963529 0.859255
vt 0.975500 0.856377
vt 0.974739 0.848818
vt 0.785743 0.566082
vt 0.795936 0.565553
vt 0.963460 0.839713
vt 0.765257 0.572004
vt 0.945670 0.825133
vt 0.027208 0.975691
vt 0.011742 0.964487
vt 0.265492 0.979792
vt 0.928914 0.810903
vt 0.033079 0.983001
vt 0.033584 0.987831
vt 0.044697 0.926084
vt 0.913737 0.798207
vt 0.058747 0.910737
vt 0.892906 0.780700
vt 0.070688 0.895158
vt 0.083556 0.878843
vt 0.874156 0.759536
vt 0.103742 0.850845
vt 0.122541 0.854449
vt 0.855425 0.740061
vt 0.121632 0.826764
vt 0.125922 0.808296
vt 0.143855 0.843975
vt 0.836080 0.727061
vt 0.142338 0.809567
vt 0.844276 0.722283
vt 0.836022 0.713197
vt 0.163952 0.851695
vt 0.825936 0.721276
vt 0.824540 0.711490
vt 0.810446 0.726988
vt 0.808249 0.719549
vt 0.786814 0.737882
vt 0.198078 0.872956
vt 0.770233 0.757223
vt 0.386821 0.956916
vt 0.380802 0.964358
vt 0.363317 0.964641
vt 0.404715 0.949629
vt 0.399236 0.957982
vt 0.406493 0.957591
vt 0.705814 0.778476
vt 0.699972 0.772835
vt 0.290599 0.867921
vt 0.308093 0.869723
vt 0.368085 0.877329
vt 0.404017 0.883440
vt 0.584986 0.784244
vt 0.596732 0.787804
vt 0.429982 0.888770
vt 0.544994 0.789650
vt 0.567821 0.787275
vt 0.521061 0.792221
vt 0.499481 0.795082
vt 0.535501 0.911411
vt 0.447944 0.814839
vt 0.422924 0.810452
vt 0.404542 0.816038
vt 0.364268 0.485168
vt 0.040143 0.402854
vt 0.051551 0.399539
vt 0.044929 0.412413
vt 0.269946 0.481785
vt 0.241157 0.480454
vt 0.224305 0.479763
vt 0.884760 0.511665
vt 0.875083 0.510770
vt 0.180301 0.478311
vt 0.874216 0.483258
vt 0.874148 0.447941
vt 0.147084 0.477459
vt 0.873824 0.425700
vt 0.876935 0.421527
vt 0.093162 0.475133
vt 0.090840 0.470285
vt 0.990800 0.477637
vt 0.058761 0.810710
vt 0.054092 0.819614
vt 0.990767 0.683004
vt 0.970802 0.434934
vt 0.978577 0.435177
vt 0.013440 0.509544
vt 0.013641 0.502936
vt 0.009476 0.499786
vt 0.978197 0.664995
vt 0.982925 0.495401
vt 0.975451 0.506779
vt 0.009698 0.490531
vt 0.006115 0.491506
vt 0.966556 0.649251
vt 0.007142 0.486847
vt 0.967035 0.516167
vt 0.962213 0.527127
vt 0.966037 0.435653
vt 0.009468 0.476815
vt 0.006307 0.473243
vt 0.957211 0.539752
vt 0.953525 0.446436
vt 0.951588 0.629329
vt 0.946000 0.454136
vt 0.949186 0.555733
vt 0.940697 0.460470
vt 0.942999 0.614434
vt 0.850800 0.399536
vt 0.854657 0.401399
vt 0.853496 0.392895
vt 0.944913 0.566015
vt 0.851128 0.427423
vt 0.852835 0.404903
vt 0.852614 0.436134
vt 0.850921 0.445148
vt 0.851350 0.455944
vt 0.849896 0.463322
vt 0.849552 0.474068
vt 0.110536 0.997349
vt 0.119530 0.991803
vt 0.117562 0.996295
vt 0.850484 0.488076
vt 0.850997 0.500999
vt 0.133878 0.990145
vt 0.141917 0.985560
vt 0.144965 0.987635
vt 0.158668 0.980693
vt 0.160151 0.982544
vt 0.380437 0.498653
vt 0.384290 0.500357
vt 0.383309 0.495758
vt 0.794694 0.562112
vt 0.013126 0.956889
vt 0.008937 0.965731
vt 0.021708 0.948625
vt 0.023927 0.980578
vt 0.032250 0.938447
vt 0.264509 0.976446
vt 0.026169 0.984519
vt 0.738148 0.147606
vt 0.729124 0.134640
vt 0.727343 0.129044
vt 0.903278 0.786020
vt 0.891810 0.774256
vt 0.099557 0.855651
vt 0.879106 0.762224
vt 0.112204 0.835301
vt 0.234508 0.843584
vt 0.231609 0.815129
vt 0.236581 0.830633
vt 0.235588 0.815684
vt 0.234959 0.802801
vt 0.132224 0.797136
vt 0.135520 0.796925
vt 0.147885 0.802257
vt 0.162291 0.817392
vt 0.832430 0.708908
vt 0.324476 0.968125
vt 0.324096 0.971043
vt 0.317498 0.967834
vt 0.330610 0.971898
vt 0.339110 0.967317
vt 0.334624 0.969921
vt 0.642105 0.013255
vt 0.636533 0.019797
vt 0.621477 0.032074
vt 0.341786 0.971093
vt 0.179267 0.840484
vt 0.355081 0.970102
vt 0.349569 0.968780
vt 0.195471 0.864629
vt 0.197620 0.867742
vt 0.365978 0.967331
vt 0.391727 0.962637
vt 0.400150 0.961793
vt 0.238608 0.867542
vt 0.544484 0.040402
vt 0.557548 0.045525
vt 0.516979 0.037893
vt 0.199906 0.843584
vt 0.198024 0.812024
vt 0.199906 0.799046
vt 0.339335 0.872216
vt 0.498529 0.901987
vt 0.870938 0.497680
vt 0.872110 0.472101
vt 0.870633 0.459140
vt 0.869988 0.445656
vt 0.872247 0.428869
vt 0.869926 0.423185
vt 0.008455 0.439416
vt 0.010599 0.450361
vt 0.013440 0.427277
vt 0.900868 0.165213
vt 0.910451 0.160767
vt 0.891353 0.175538
vt 0.101129 0.627253
vt 0.101129 0.653765
vt 0.099247 0.642767
vt 0.871683 0.340169
vt 0.883687 0.358095
vt 0.871566 0.345389
vt 0.160254 0.972691
vt 0.176758 0.969645
vt 0.202692 0.966023
vt 0.771946 0.303900
vt 0.773298 0.298912
vt 0.776791 0.302108
vt 0.226470 0.965582
vt 0.265759 0.964103
vt 0.612622 0.044736
vt 0.600621 0.060059
vt 0.601562 0.051969
vt 0.788801 0.862635
vt 0.795205 0.877086
vt 0.786467 0.863246
vt 0.804821 0.884129
vt 0.798088 0.875142
vt 0.505681 0.035440
vt 0.496844 0.046769
vt 0.488043 0.033555
vt 0.456705 0.032458
vt 0.365067 0.032882
vt 0.344214 0.049856
vt 0.345670 0.033610
vt 0.326169 0.046765
vt 0.319318 0.035471
vt 0.299078 0.053735
vt 0.295710 0.038128
vt 0.175398 0.313557
vt 0.171897 0.320733
vt 0.158673 0.313524
vt 0.257709 0.041185
vt 0.259614 0.058639
vt 0.240322 0.045552
vt 0.229914 0.067365
vt 0.225030 0.050538
vt 0.209448 0.057248
vt 0.213329 0.072479
vt 0.194046 0.066041
vt 0.174685 0.080421
vt 0.182987 0.091387
vt 0.165694 0.087517
vt 0.307827 0.495224
vt 0.280548 0.493280
vt 0.260200 0.492028
vt 0.229956 0.490223
vt 0.206554 0.489053
vt 0.868917 0.511171
vt 0.865034 0.498285
vt 0.865105 0.484738
vt 0.864233 0.471976
vt 0.865828 0.458202
vt 0.178768 0.488396
vt 0.156126 0.487874
vt 0.157578 0.408690
vt 0.164623 0.410344
vt 0.165388 0.421492
vt 0.567797 0.896607
vt 0.575628 0.891603
vt 0.572975 0.896187
vt 0.567497 0.884093
vt 0.579855 0.891557
vt 0.131016 0.487041
vt 0.582616 0.888149
vt 0.108224 0.485723
vt 0.096335 0.488056
vt 0.092323 0.482358
vt 0.248858 0.966299
vt 0.276993 0.971550
vt 0.625281 0.083344
vt 0.617336 0.091870
vt 0.610255 0.069836
vt 0.580965 0.052087
vt 0.569131 0.067740
vt 0.548963 0.061537
vt 0.436284 0.043972
vt 0.427600 0.031122
vt 0.391340 0.032058
vt 0.378600 0.047867
vt 0.131049 0.320821
vt 0.109315 0.327114
vt 0.083017 0.328052
vt 0.272863 0.039146
vt 0.246462 0.062380
vt 0.205456 0.075615
vt 0.864949 0.510018
vt 0.859360 0.443468
vt 0.859549 0.435228
vt 0.860615 0.427661
vt 0.575363 0.883122
vt 0.168380 0.413262
vt 0.176885 0.414217
vt 0.180184 0.425097
vt 0.587690 0.889056
vt 0.027193 0.636742
vt 0.033680 0.652612
vt 0.036191 0.642144
vt 0.088899 0.493272
vt 0.089484 0.486856
vt 0.223386 0.962683
vt 0.252405 0.960565
vt 0.280753 0.960501
vt 0.651587 0.110201
vt 0.634243 0.103638
vt 0.640809 0.096062
vt 0.603660 0.083794
vt 0.587074 0.074090
vt 0.058367 0.328315
vt 0.053847 0.332470
vt 0.052260 0.328236
vt 0.602540 0.470121
vt 0.606010 0.461672
vt 0.606465 0.468960
vt 0.278382 0.056163
vt 0.341350 0.499474
vt 0.323220 0.500000
vt 0.294978 0.498975
vt 0.273752 0.498277
vt 0.252037 0.497822
vt 0.228914 0.497246
vt 0.200471 0.496261
vt 0.495296 0.896607
vt 0.503439 0.885520
vt 0.505807 0.895431
vt 0.516310 0.885653
vt 0.517914 0.894449
vt 0.032201 0.578473
vt 0.024134 0.585434
vt 0.032502 0.588290
vt 0.529875 0.885668
vt 0.529199 0.892521
vt 0.025205 0.594214
vt 0.034737 0.606174
vt 0.543146 0.882809
vt 0.541529 0.893120
vt 0.175283 0.495495
vt 0.143037 0.494287
vt 0.553827 0.883316
vt 0.028017 0.605326
vt 0.030022 0.621671
vt 0.571663 0.878374
vt 0.585274 0.880432
vt 0.594981 0.877965
vt 0.595705 0.883436
vt 0.597503 0.886879
vt 0.110893 0.492267
vt 0.035375 0.662763
vt 0.040381 0.673308
vt 0.044811 0.668478
vt 0.798173 0.236555
vt 0.790691 0.242099
vt 0.776658 0.235536
vt 0.243561 0.959304
vt 0.291478 0.971094
vt 0.295628 0.959877
vt 0.710595 0.200609
vt 0.697376 0.186552
vt 0.701505 0.175496
vt 0.683417 0.169996
vt 0.691201 0.161529
vt 0.678685 0.145245
vt 0.672861 0.155490
vt 0.646627 0.120522
vt 0.473359 0.057712
vt 0.666884 0.479852
vt 0.653146 0.479810
vt 0.677698 0.474871
vt 0.640810 0.458474
vt 0.686377 0.464482
vt 0.673141 0.439486
vt 0.441346 0.365371
vt 0.426027 0.357144
vt 0.430097 0.356420
vt 0.422696 0.055593
vt 0.420297 0.349895
vt 0.643720 0.440151
vt 0.641793 0.478940
vt 0.628897 0.479852
vt 0.629701 0.478718
vt 0.647862 0.426317
vt 0.629902 0.475763
vt 0.634359 0.433164
vt 0.610535 0.466116
vt 0.624865 0.440030
vt 0.617048 0.447245
vt 0.381124 0.343209
vt 0.384204 0.354738
vt 0.383723 0.361950
vt 0.340324 0.057687
vt 0.259835 0.332748
vt 0.244850 0.344618
vt 0.242957 0.330281
vt 0.195000 0.099987
vt 0.193923 0.083536
vt 0.135963 0.145839
vt 0.135682 0.157457
vt 0.121149 0.163437
vt 0.500040 0.872835
vt 0.508031 0.877140
vt 0.507968 0.868269
vt 0.518695 0.872960
vt 0.532651 0.871033
vt 0.523099 0.861551
vt 0.528343 0.866855
vt 0.535388 0.862050
vt 0.549748 0.863169
vt 0.554020 0.868834
vt 0.543206 0.849947
vt 0.564123 0.872497
vt 0.561003 0.883261
vt 0.549410 0.855334
vt 0.568277 0.871654
vt 0.580108 0.871916
vt 0.036891 0.631094
vt 0.044230 0.634067
vt 0.048448 0.644731
vt 0.591009 0.870698
vt 0.600647 0.877990
vt 0.039742 0.657192
vt 0.047352 0.654406
vt 0.094546 0.496405
vt 0.755993 0.231200
vt 0.753719 0.237691
vt 0.740511 0.226866
vt 0.511390 0.059898
vt 0.691739 0.460686
vt 0.704139 0.432195
vt 0.693209 0.431816
vt 0.703214 0.426975
vt 0.448100 0.376108
vt 0.450296 0.384593
vt 0.691012 0.425622
vt 0.681618 0.430616
vt 0.683515 0.425717
vt 0.675006 0.422334
vt 0.654270 0.420209
vt 0.670157 0.419406
vt 0.746336 0.963818
vt 0.748238 0.966160
vt 0.738006 0.964494
vt 0.761104 0.963415
vt 0.391447 0.342077
vt 0.388869 0.372465
vt 0.772330 0.964068
vt 0.771615 0.966596
vt 0.371559 0.056173
vt 0.297347 0.058358
vt 0.212392 0.090428
vt 0.299985 0.353669
vt 0.271702 0.346617
vt 0.294816 0.340343
vt 0.557369 0.862406
vt 0.781279 0.948568
vt 0.774586 0.945387
vt 0.768109 0.948568
vt 0.559494 0.852629
vt 0.865005 0.709968
vt 0.864421 0.700925
vt 0.862182 0.702966
vt 0.589261 0.865095
vt 0.865005 0.689820
vt 0.011059 0.259549
vt 0.025509 0.258601
vt 0.009314 0.272460
vt 0.595979 0.860552
vt 0.101212 0.500000
vt 0.602540 0.868663
vt 0.480527 0.080253
vt 0.370205 0.071068
vt 0.329098 0.073752
vt 0.304749 0.064966
vt 0.148659 0.175037
vt 0.122966 0.194440
vt 0.112673 0.196756
vt 0.010421 0.296908
vt 0.020729 0.298155
vt 0.005999 0.303071
vt 0.421361 0.081414
vt 0.345521 0.090871
vt 0.173425 0.134933
vt 0.171824 0.144598
vt 0.167314 0.146479
vt 0.499564 0.079195
vt 0.463160 0.103284
vt 0.408966 0.097248
vt 0.033920 0.387467
vt 0.033654 0.376845
vt 0.042148 0.386618
vt 0.044140 0.375708
vt 0.049284 0.385903
vt 0.053755 0.374237
vt 0.058671 0.383402
vt 0.067262 0.379916
vt 0.229334 0.123580
vt 0.232909 0.140689
vt 0.214748 0.146423
vt 0.008937 0.385903
vt 0.022035 0.374245
vt 0.020928 0.387246
vt 0.028880 0.387593
vt 0.020364 0.832373
vt 0.014772 0.841135
vt 0.005745 0.834944
vt 0.010880 0.825557
vt 0.056358 0.368914
vt 0.063965 0.368286
vt 0.794617 0.067032
vt 0.793642 0.075588
vt 0.788267 0.074163
vt 0.788289 0.066709
vt 0.351910 0.227832
vt 0.355090 0.225731
vt 0.588429 0.420467
vt 0.440734 0.878652
vt 0.436459 0.877519
vt 0.432622 0.882261
vt 0.438775 0.884942
vt 0.795242 0.086785
vt 0.788825 0.087556
vt 0.783665 0.083461
vt 0.781079 0.078589
vt 0.273283 0.798438
vt 0.275182 0.807639
vt 0.278843 0.798240
vt 0.277391 0.792256
vt 0.280809 0.808748
vt 0.338013 0.190942
vt 0.341241 0.197222
vt 0.322113 0.203595
vt 0.331829 0.202501
vt 0.778302 0.528020
vt 0.796139 0.522714
vt 0.776318 0.516555
vt 0.779398 0.122536
vt 0.767776 0.126484
vt 0.764793 0.134146
vt 0.032632 0.371767
vt 0.042794 0.366404
vt 0.005313 0.842535
vt 0.013312 0.847989
vt 0.022818 0.838670
vt 0.808930 0.061866
vt 0.803314 0.057638
vt 0.811285 0.048460
vt 0.805224 0.046474
vt 0.810420 0.044745
vt 0.799362 0.054269
vt 0.798721 0.057979
vt 0.746835 0.488616
vt 0.747743 0.485353
vt 0.743724 0.487103
vt 0.801647 0.078042
vt 0.803024 0.090368
vt 0.280760 0.792168
vt 0.803800 0.101267
vt 0.796683 0.097753
vt 0.574318 0.416205
vt 0.577289 0.412770
vt 0.577374 0.420467
vt 0.838664 0.180806
vt 0.838664 0.185048
vt 0.833960 0.183332
vt 0.473659 0.883914
vt 0.478363 0.883881
vt 0.478363 0.892365
vt 0.758650 0.127541
vt 0.022123 0.365441
vt 0.032582 0.365323
vt 0.041574 0.833750
vt 0.033396 0.836269
vt 0.027933 0.828908
vt 0.821968 0.036961
vt 0.873994 0.948568
vt 0.887582 0.948568
vt 0.884172 0.946540
vt 0.735127 0.474814
vt 0.737704 0.470023
vt 0.733265 0.471262
vt 0.837574 0.062864
vt 0.822331 0.078671
vt 0.736931 0.480373
vt 0.814507 0.093014
vt 0.813873 0.110725
vt 0.804768 0.110690
vt 0.817646 0.129443
vt 0.812362 0.132924
vt 0.805308 0.125436
vt 0.805749 0.119476
vt 0.639780 0.890244
vt 0.636727 0.894486
vt 0.642992 0.893693
vt 0.805191 0.131521
vt 0.805980 0.135527
vt 0.223424 0.724814
vt 0.221211 0.729056
vt 0.216137 0.725844
vt 0.537629 0.997349
vt 0.541392 0.997349
vt 0.538585 0.993107
vt 0.214017 0.729056
vt 0.814189 0.489426
vt 0.808906 0.494339
vt 0.811550 0.496242
vt 0.768909 0.119997
vt 0.756536 0.120331
vt 0.831969 0.042977
vt 0.832082 0.030226
vt 0.862182 0.946753
vt 0.870554 0.946447
vt 0.831511 0.106620
vt 0.830344 0.133731
vt 0.823871 0.136539
vt 0.819321 0.137328
vt 0.631703 0.893693
vt 0.844319 0.031284
vt 0.837730 0.028580
vt 0.846774 0.050314
vt 0.532629 0.422635
vt 0.523740 0.425492
vt 0.524197 0.422518
vt 0.842991 0.132329
vt 0.845295 0.136077
vt 0.836886 0.135641
vt 0.515751 0.425769
vt 0.517623 0.420467
vt 0.510876 0.422908
vt 0.506585 0.425466
vt 0.818814 0.471572
vt 0.818679 0.461242
vt 0.811098 0.465508
vt 0.845072 0.028102
vt 0.854213 0.038627
vt 0.861136 0.096885
vt 0.854883 0.114510
vt 0.855567 0.132660
vt 0.542370 0.420632
vt 0.548460 0.424085
vt 0.535215 0.425134
vt 0.855087 0.137328
vt 0.863298 0.037226
vt 0.857985 0.030376
vt 0.852903 0.028572
vt 0.875038 0.044988
vt 0.868960 0.134368
vt 0.870153 0.135943
vt 0.557428 0.421869
vt 0.873819 0.037337
vt 0.866128 0.033812
vt 0.874385 0.095026
vt 0.881158 0.133071
vt 0.892005 0.133894
vt 0.885342 0.135495
vt 0.875026 0.136688
vt 0.562139 0.423734
vt 0.887512 0.046274
vt 0.881269 0.039368
vt 0.893069 0.076284
vt 0.894008 0.131535
vt 0.900848 0.056101
vt 0.893960 0.046321
vt 0.888732 0.043631
vt 0.909958 0.090874
vt 0.910279 0.126850
vt 0.905289 0.130942
vt 0.911142 0.058967
vt 0.917725 0.070109
vt 0.903256 0.054154
vt 0.923205 0.123632
vt 0.918538 0.127552
vt 0.818679 0.359468
vt 0.817729 0.366885
vt 0.820602 0.374689
vt 0.821690 0.389883
vt 0.933743 0.079595
vt 0.923680 0.067023
vt 0.917990 0.065392
vt 0.937506 0.117096
vt 0.938247 0.088101
vt 0.953753 0.105525
vt 0.943765 0.116553
vt 0.932341 0.122902
vt 0.815063 0.343720
vt 0.815099 0.350546
vt 0.205550 0.832980
vt 0.209477 0.835101
vt 0.219661 0.832980
vt 0.951148 0.092553
vt 0.954374 0.098611
vt 0.947433 0.089660
vt 0.941380 0.084810
vt 0.809863 0.330654
vt 0.084196 0.603860
vt 0.087555 0.004523
vt 0.081466 0.002651
vt 0.075990 0.007336
vt 0.100188 0.160657
vt 0.117121 0.160657
vt 0.107291 0.158537
vt 0.443556 0.942206
vt 0.424124 0.942096
vt 0.429890 0.940808
vt 0.062365 0.025075
vt 0.062151 0.019889
vt 0.053556 0.031517
vt 0.073301 0.019159
vt 0.068075 0.013093
vt 0.412504 0.942160
vt 0.416194 0.940085
vt 0.071065 0.039302
vt 0.045001 0.043218
vt 0.404045 0.942206
vt 0.037657 0.056977
vt 0.036643 0.052906
vt 0.031571 0.061033
vt 0.102041 0.044533
vt 0.078512 0.065146
vt 0.030893 0.068464
vt 0.027883 0.066857
vt 0.026191 0.072716
vt 0.022047 0.075352
vt 0.056241 0.083537
vt 0.018353 0.086398
vt 0.360301 0.546660
vt 0.371119 0.548762
vt 0.362557 0.548781
vt 0.351364 0.548762
vt 0.025925 0.103438
vt 0.119007 0.679021
vt 0.082366 0.091220
vt 0.102600 0.097668
vt 0.017663 0.097094
vt 0.014453 0.094821
vt 0.012037 0.099684
vt 0.050151 0.117158
vt 0.072489 0.113279
vt 0.088910 0.114076
vt 0.105833 0.104803
vt 0.009878 0.107666
vt 0.019618 0.115031
vt 0.030561 0.117738
vt 0.014676 0.122087
vt 0.104677 0.118731
vt 0.775833 0.689820
vt 0.778820 0.676112
vt 0.015093 0.125808
vt 0.011898 0.127906
vt 0.084767 0.136706
vt 0.100741 0.130650
vt 0.010526 0.135371
vt 0.078499 0.151318
vt 0.100138 0.138151
vt 0.099388 0.148855
vt 0.091243 0.157751
vt 0.012630 0.141242
vt 0.016272 0.143812
vt 0.011992 0.145903
vt 0.062404 0.158851
vt 0.078551 0.162339
vt 0.097347 0.157911
vt 0.018563 0.156421
vt 0.966211 0.106575
vt 0.977893 0.108912
vt 0.967900 0.108744
vt 0.971485 0.109756
vt 0.037817 0.168027
vt 0.953434 0.108912
vt 0.057390 0.169748
vt 0.050922 0.703699
vt 0.070731 0.173826
vt 0.063184 0.176929
vt 0.088130 0.172097
vt 0.078279 0.173478
vt 0.093400 0.176392
vt 0.095409 0.182199
vt 0.730316 0.708267
vt 0.724774 0.702731
vt 0.224418 0.693289
vt 0.220969 0.699389
vt 0.215829 0.689210
vt 0.028441 0.165190
vt 0.025324 0.168234
vt 0.033589 0.176688
vt 0.030850 0.176642
vt 0.040744 0.179078
vt 0.046212 0.176670
vt 0.054377 0.174421
vt 0.055894 0.176650
vt 0.051460 0.178953
vt 0.073361 0.178081
vt 0.714142 0.720473
vt 0.716159 0.711503
vt 0.718337 0.702380
vt 0.721511 0.691941
vt 0.208791 0.685741
vt 0.202015 0.679097
vt 0.633584 0.857370
vt 0.635466 0.862868
vt 0.633584 0.866914
vt 0.039037 0.184591
vt 0.034900 0.188514
vt 0.051464 0.183077
vt 0.048220 0.186673
vt 0.042515 0.190350
vt 0.996707 0.417285
vt 0.999530 0.424879
vt 0.996707 0.425769
vt 0.289498 0.520009
vt 0.292098 0.510604
vt 0.283772 0.514976
vt 0.282279 0.518328
vt 0.289937 0.522269
vt 0.277987 0.522269
vt 0.191014 0.684566
vt 0.714487 0.518722
vt 0.641175 0.530698
vt 0.992099 0.306381
vt 0.183217 0.394235
vt 0.191301 0.390254
vt 0.226892 0.396245
vt 0.222499 0.390257
vt 0.224640 0.388866
vt 0.039009 0.501121
vt 0.007836 0.663844
vt 0.003293 0.657982
vt 0.006684 0.667967
vt 0.627855 0.518683
vt 0.600983 0.501163
vt 0.584452 0.495928
vt 0.119055 0.094036
vt 0.119705 0.101923
vt 0.132265 0.106660
vt 0.142125 0.124602
vt 0.148876 0.124014
vt 0.150787 0.107058
vt 0.107714 0.081310
vt 0.109320 0.072889
vt 0.151467 0.113094
vt 0.138663 0.080431
vt 0.140664 0.066081
vt 0.158514 0.091938
vt 0.130598 0.047326
vt 0.108915 0.060564
vt 0.158514 0.072613
vt 0.994826 0.296394
vt 0.042155 0.397060
vt 0.059100 0.394949
vt 0.092505 0.392459
vt 0.104438 0.399929
vt 0.107277 0.393230
vt 0.122434 0.395535
vt 0.143228 0.395891
vt 0.173949 0.395436
vt 0.233809 0.393280
vt 0.233873 0.401295
vt 0.668391 0.984624
vt 0.189394 0.395000
vt 0.196117 0.391469
vt 0.005076 0.655906
vt 0.011771 0.667980
vt 0.010173 0.678691
vt 0.021079 0.679150
vt 0.709149 0.963979
vt 0.711665 0.972661
vt 0.013706 0.682397
vt 0.142463 0.034929
vt 0.152438 0.049435
vt 0.127201 0.019635
vt 0.119342 0.025646
vt 0.125006 0.017450
vt 0.146841 0.032639
vt 0.126906 0.010074
vt 0.133507 0.011150
vt 0.748354 0.094910
vt 0.371331 0.836679
vt 0.334451 0.846105
vt 0.129921 0.401407
vt 0.292716 0.403609
vt 0.294920 0.414953
vt 0.281195 0.409162
vt 0.286173 0.416476
vt 0.276425 0.399445
vt 0.274956 0.416767
vt 0.269686 0.406972
vt 0.151906 0.400852
vt 0.260525 0.401997
vt 0.251851 0.406135
vt 0.240587 0.410617
vt 0.256469 0.392220
vt 0.249059 0.399078
vt 0.241192 0.387889
vt 0.254330 0.384039
vt 0.220394 0.423147
vt 0.223310 0.380289
vt 0.192640 0.395837
vt 0.217774 0.385481
vt 0.018348 0.661836
vt 0.011530 0.657300
vt 0.214017 0.381250
vt 0.704406 0.960451
vt 0.674221 0.774671
vt 0.626501 0.781467
vt 0.606884 0.794499
vt 0.165099 0.803287
vt 0.182032 0.803287
vt 0.355660 0.831210
vt 0.061225 0.411632
vt 0.096404 0.411329
vt 0.293152 0.425638
vt 0.286049 0.425769
vt 0.275055 0.424511
vt 0.290048 0.393430
vt 0.264973 0.424714
vt 0.271415 0.389367
vt 0.007143 0.600633
vt 0.139625 0.410678
vt 0.165295 0.402446
vt 0.171874 0.401941
vt 0.242419 0.379924
vt 0.690484 0.960054
vt 0.181018 0.401045
vt 0.230973 0.375928
vt 0.185032 0.400360
vt 0.015572 0.648461
vt 0.025706 0.676247
vt 0.999290 0.728588
vt 0.851508 0.515077
vt 0.833640 0.556443
vt 0.812854 0.561958
vt 0.978833 0.852350
vt 0.378645 0.504776
vt 0.383309 0.514846
vt 0.951318 0.826997
vt 0.937556 0.815771
vt 0.027507 0.986966
vt 0.922696 0.803342
vt 0.909049 0.792026
vt 0.232242 0.793497
vt 0.412979 0.958531
vt 0.466134 0.971898
vt 0.483773 0.797194
vt 0.467263 0.800553
vt 0.449719 0.804267
vt 0.383956 0.821353
vt 0.367271 0.827127
vt 0.329962 0.836702
vt 0.074526 0.412172
vt 0.115156 0.411452
vt 0.011801 0.596273
vt 0.017459 0.603749
vt 0.010856 0.620790
vt 0.015660 0.615121
vt 0.169568 0.405784
vt 0.166524 0.409193
vt 0.173784 0.404022
vt 0.021351 0.628613
vt 0.013176 0.634920
vt 0.020764 0.641199
vt 0.028370 0.659673
vt 0.029199 0.672350
vt 0.559266 0.438441
vt 0.553425 0.441676
vt 0.542127 0.438793
vt 0.534192 0.441675
vt 0.975552 0.387846
vt 0.976255 0.400786
vt 0.974561 0.414609
vt 0.989893 0.451202
vt 0.518815 0.438600
vt 0.532802 0.437371
vt 0.010818 0.819194
vt 0.012472 0.821315
vt 0.028692 0.819194
vt 0.963396 0.430680
vt 0.955686 0.432131
vt 0.951063 0.430399
vt 0.854657 0.525565
vt 0.853292 0.534995
vt 0.795941 0.563078
vt 0.376764 0.950689
vt 0.376764 0.953871
vt 0.373942 0.950706
vt 0.974828 0.844018
vt 0.960785 0.831743
vt 0.959078 0.267762
vt 0.959078 0.278367
vt 0.957197 0.277124
vt 0.943118 0.818416
vt 0.294295 0.003718
vt 0.292228 0.026434
vt 0.294711 0.026370
vt 0.024549 0.987277
vt 0.748001 0.162791
vt 0.740025 0.153716
vt 0.929655 0.807635
vt 0.913962 0.793972
vt 0.907639 0.787606
vt 0.899085 0.778536
vt 0.883994 0.763743
vt 0.876950 0.756544
vt 0.867570 0.748578
vt 0.235425 0.793165
vt 0.230950 0.780792
vt 0.234449 0.780902
vt 0.232126 0.775122
vt 0.858897 0.910372
vt 0.818676 0.898489
vt 0.866761 0.910062
vt 0.891401 0.918288
vt 0.938063 0.930359
vt 0.931074 0.932040
vt 0.945642 0.940613
vt 0.615975 0.775304
vt 0.602105 0.779163
vt 0.023526 0.615357
vt 0.553314 0.436373
vt 0.980470 0.142916
vt 0.981656 0.155894
vt 0.977887 0.165820
vt 0.964490 0.405668
vt 0.973630 0.131449
vt 0.981540 0.135932
vt 0.973455 0.181164
vt 0.968176 0.181875
vt 0.967267 0.369975
vt 0.959118 0.381579
vt 0.967320 0.125469
vt 0.973325 0.126267
vt 0.953075 0.203553
vt 0.961019 0.199273
vt 0.959793 0.358354
vt 0.941801 0.396910
vt 0.946726 0.352067
vt 0.949483 0.215142
vt 0.951121 0.349003
vt 0.945899 0.338094
vt 0.932199 0.408642
vt 0.938066 0.419942
vt 0.934336 0.235043
vt 0.930270 0.412338
vt 0.932658 0.309269
vt 0.940999 0.325247
vt 0.924675 0.406141
vt 0.920697 0.398826
vt 0.007261 0.452978
vt 0.907567 0.289011
vt 0.922370 0.283126
vt 0.928438 0.298899
vt 0.009534 0.427613
vt 0.913178 0.376952
vt 0.896696 0.372581
vt 0.011055 0.416225
vt 0.863308 0.334616
vt 0.853966 0.326959
vt 0.842845 0.320544
vt 0.835916 0.312811
vt 0.827655 0.312413
vt 0.825559 0.302749
vt 0.815901 0.307994
vt 0.807344 0.298174
vt 0.794668 0.303885
vt 0.782176 0.294690
vt 0.778131 0.299777
vt 0.776839 0.308236
vt 0.775752 0.312263
vt 0.766384 0.308562
vt 0.768239 0.315417
vt 0.756212 0.175522
vt 0.763201 0.185557
vt 0.765068 0.194187
vt 0.751023 0.192969
vt 0.295861 0.003712
vt 0.727709 0.153567
vt 0.292098 0.031277
vt 0.295861 0.035525
vt 0.744895 0.208321
vt 0.743620 0.211550
vt 0.740046 0.208599
vt 0.715782 0.109461
vt 0.718316 0.111065
vt 0.708779 0.092011
vt 0.699629 0.077091
vt 0.697039 0.065788
vt 0.688092 0.042994
vt 0.671353 0.053593
vt 0.238806 0.843584
vt 0.238910 0.822562
vt 0.679921 0.013303
vt 0.678739 0.026849
vt 0.672389 0.000530
vt 0.675674 0.000966
vt 0.239417 0.804302
vt 0.660752 0.021492
vt 0.659252 0.002391
vt 0.239358 0.772165
vt 0.642798 0.033204
vt 0.234807 0.766172
vt 0.753407 0.826617
vt 0.759004 0.832729
vt 0.748537 0.832084
vt 0.779586 0.854122
vt 0.598607 0.053904
vt 0.595502 0.056809
vt 0.809260 0.891346
vt 0.811430 0.900548
vt 0.813579 0.896282
vt 0.855871 0.913865
vt 0.913490 0.933583
vt 0.039614 0.319252
vt 0.057015 0.316050
vt 0.074350 0.316111
vt 0.097236 0.315678
vt 0.074271 0.327505
vt 0.121256 0.313996
vt 0.142943 0.313362
vt 0.198754 0.326497
vt 0.193206 0.314229
vt 0.220464 0.316623
vt 0.221999 0.328738
vt 0.239478 0.318034
vt 0.260467 0.321069
vt 0.289683 0.326560
vt 0.301660 0.328913
vt 0.315661 0.327690
vt 0.309703 0.341800
vt 0.050232 0.426566
vt 0.064731 0.423417
vt 0.077239 0.422478
vt 0.118602 0.422183
vt 0.137979 0.421381
vt 0.035529 0.671512
vt 0.970255 0.156829
vt 0.953971 0.186339
vt 0.953350 0.132425
vt 0.946473 0.160758
vt 0.946370 0.181545
vt 0.943533 0.382672
vt 0.956035 0.120847
vt 0.944395 0.373292
vt 0.944861 0.127394
vt 0.941051 0.137642
vt 0.934230 0.212019
vt 0.929863 0.148387
vt 0.922327 0.203990
vt 0.929048 0.335965
vt 0.921606 0.378324
vt 0.917355 0.335925
vt 0.925539 0.143890
vt 0.916018 0.187252
vt 0.920972 0.222618
vt 0.912989 0.309968
vt 0.905672 0.338377
vt 0.910990 0.168592
vt 0.908682 0.242938
vt 0.925727 0.250094
vt 0.903368 0.263420
vt 0.923103 0.257852
vt 0.897484 0.307203
vt 0.901865 0.366704
vt 0.920513 0.271353
vt 0.895374 0.348331
vt 0.890019 0.190978
vt 0.894573 0.216840
vt 0.895451 0.327279
vt 0.892414 0.199231
vt 0.893642 0.289749
vt 0.887731 0.353146
vt 0.885898 0.262039
vt 0.900088 0.230271
vt 0.879581 0.336847
vt 0.873705 0.200993
vt 0.874194 0.194338
vt 0.874301 0.218295
vt 0.868565 0.211030
vt 0.863553 0.323191
vt 0.855657 0.209256
vt 0.853575 0.220572
vt 0.842960 0.308534
vt 0.147012 0.975801
vt 0.790277 0.289156
vt 0.773975 0.286560
vt 0.757609 0.294344
vt 0.583725 0.949048
vt 0.587866 0.942549
vt 0.600184 0.948765
vt 0.584510 0.954316
vt 0.739890 0.320467
vt 0.752024 0.322248
vt 0.745755 0.294672
vt 0.611832 0.958537
vt 0.733244 0.332574
vt 0.736385 0.201774
vt 0.747491 0.205021
vt 0.718180 0.339682
vt 0.733209 0.191381
vt 0.731924 0.204414
vt 0.707065 0.335125
vt 0.720053 0.194461
vt 0.700407 0.349241
vt 0.704613 0.172059
vt 0.692866 0.353416
vt 0.669704 0.898067
vt 0.647072 0.912032
vt 0.660611 0.892559
vt 0.670924 0.886062
vt 0.693035 0.882002
vt 0.687393 0.873119
vt 0.677312 0.103171
vt 0.682353 0.139199
vt 0.695291 0.867157
vt 0.711190 0.856033
vt 0.658795 0.087417
vt 0.728771 0.855955
vt 0.724917 0.846232
vt 0.646414 0.063006
vt 0.736958 0.841022
vt 0.730662 0.836061
vt 0.739836 0.829056
vt 0.747607 0.853194
vt 0.761113 0.845161
vt 0.634460 0.067028
vt 0.776606 0.888098
vt 0.616487 0.065125
vt 0.773146 0.857032
vt 0.769287 0.842354
vt 0.789329 0.883651
vt 0.804282 0.903815
vt 0.826524 0.912725
vt 0.869955 0.924118
vt 0.934130 0.941889
vt 0.945960 0.950468
vt 0.959668 0.943630
vt 0.963782 0.954531
vt 0.046188 0.328546
vt 0.143010 0.325740
vt 0.273659 0.335676
vt 0.277787 0.323745
vt 0.300142 0.341386
vt 0.037159 0.425824
vt 0.095758 0.422884
vt 0.185085 0.418336
vt 0.875153 0.245545
vt 0.881004 0.312323
vt 0.867937 0.237333
vt 0.868718 0.314340
vt 0.857023 0.260940
vt 0.854992 0.296312
vt 0.855319 0.224638
vt 0.852584 0.242417
vt 0.846036 0.232326
vt 0.849502 0.305176
vt 0.835674 0.272082
vt 0.841111 0.227544
vt 0.831147 0.290163
vt 0.830015 0.237651
vt 0.816561 0.243812
vt 0.819101 0.250700
vt 0.823211 0.295958
vt 0.171960 0.964822
vt 0.808029 0.281001
vt 0.811065 0.288310
vt 0.757051 0.284509
vt 0.609065 0.940203
vt 0.614287 0.928755
vt 0.737942 0.287939
vt 0.717663 0.295431
vt 0.639661 0.960233
vt 0.653489 0.933022
vt 0.644956 0.920247
vt 0.663408 0.955538
vt 0.670057 0.914422
vt 0.692479 0.889800
vt 0.681810 0.951444
vt 0.701381 0.944283
vt 0.719300 0.904252
vt 0.661447 0.120505
vt 0.732555 0.935328
vt 0.763697 0.903407
vt 0.747515 0.929401
vt 0.772340 0.915624
vt 0.752973 0.939566
vt 0.792480 0.908653
vt 0.776935 0.921871
vt 0.808089 0.915710
vt 0.913872 0.940523
vt 0.914309 0.946920
vt 0.860301 0.173383
vt 0.863123 0.173383
vt 0.862413 0.171262
vt 0.629319 0.477720
vt 0.612425 0.469907
vt 0.175417 0.326383
vt 0.066272 0.428575
vt 0.087016 0.428245
vt 0.098798 0.429028
vt 0.113275 0.428085
vt 0.136369 0.427098
vt 0.162681 0.425825
vt 0.193983 0.425145
vt 0.048448 0.670039
vt 0.045845 0.675656
vt 0.784581 0.247547
vt 0.779516 0.262182
vt 0.779085 0.278676
vt 0.750978 0.258612
vt 0.755504 0.276967
vt 0.734548 0.278200
vt 0.708920 0.289533
vt 0.694268 0.302865
vt 0.676267 0.309539
vt 0.664011 0.303817
vt 0.649373 0.317127
vt 0.657207 0.318856
vt 0.662025 0.141210
vt 0.642134 0.324745
vt 0.716757 0.940278
vt 0.626718 0.331627
vt 0.627749 0.317687
vt 0.793462 0.916745
vt 0.874956 0.935923
vt 0.551006 0.358142
vt 0.481578 0.349216
vt 0.535571 0.347802
vt 0.684264 0.469882
vt 0.944770 0.953080
vt 0.077889 0.337539
vt 0.142284 0.341530
vt 0.189545 0.341959
vt 0.161226 0.432132
vt 0.192173 0.430236
vt 0.602351 0.879824
vt 0.258788 0.955992
vt 0.274703 0.956253
vt 0.724554 0.254618
vt 0.703085 0.281010
vt 0.664500 0.298421
vt 0.638022 0.111986
vt 0.605825 0.329240
vt 0.586542 0.340232
vt 0.582675 0.348881
vt 0.591150 0.092755
vt 0.567170 0.346475
vt 0.565943 0.355131
vt 0.551338 0.066334
vt 0.484137 0.336610
vt 0.441017 0.344219
vt 0.435158 0.331693
vt 0.823612 0.539236
vt 0.851823 0.536055
vt 0.852910 0.539236
vt 0.856538 0.536645
vt 0.852775 0.483033
vt 0.854657 0.493648
vt 0.852775 0.500000
vt 0.918394 0.960233
vt 0.944972 0.954492
vt 0.409507 0.341983
vt 0.401736 0.343851
vt 0.401080 0.333925
vt 0.395491 0.335616
vt 0.393036 0.330091
vt 0.384310 0.334607
vt 0.782220 0.966160
vt 0.047896 0.341156
vt 0.088747 0.344802
vt 0.219778 0.341587
vt 0.179776 0.113090
vt 0.170042 0.105792
vt 0.165614 0.127001
vt 0.150168 0.128294
vt 0.320638 0.349315
vt 0.322050 0.338060
vt 0.336208 0.343033
vt 0.337406 0.332603
vt 0.108205 0.188076
vt 0.104914 0.181557
vt 0.353411 0.330549
vt 0.354186 0.318855
vt 0.083667 0.202220
vt 0.100955 0.234011
vt 0.098740 0.245315
vt 0.089065 0.242273
vt 0.088420 0.251535
vt 0.088260 0.208394
vt 0.071442 0.256781
vt 0.076848 0.232796
vt 0.072596 0.224725
vt 0.077453 0.261715
vt 0.064321 0.219730
vt 0.059442 0.269429
vt 0.061028 0.279027
vt 0.060295 0.232644
vt 0.049392 0.282110
vt 0.040909 0.294638
vt 0.038054 0.240252
vt 0.039878 0.248580
vt 0.173452 0.431897
vt 0.183322 0.431253
vt 0.199906 0.432132
vt 0.013866 0.271611
vt 0.005550 0.282139
vt 0.006287 0.278624
vt 0.000470 0.282011
vt 0.003493 0.276546
vt 0.723546 0.233101
vt 0.726494 0.217270
vt 0.688726 0.239974
vt 0.687278 0.274847
vt 0.704003 0.214686
vt 0.694945 0.199272
vt 0.651398 0.280025
vt 0.663759 0.166553
vt 0.662718 0.178610
vt 0.644985 0.153361
vt 0.624955 0.310713
vt 0.634547 0.130525
vt 0.620179 0.109142
vt 0.619130 0.126623
vt 0.593031 0.326646
vt 0.603703 0.305480
vt 0.565245 0.335875
vt 0.586738 0.110663
vt 0.546742 0.093950
vt 0.537950 0.339885
vt 0.548784 0.079898
vt 0.532893 0.314289
vt 0.522261 0.072413
vt 0.492377 0.308071
vt 0.446827 0.323056
vt 0.448298 0.403098
vt 0.452041 0.396730
vt 0.449232 0.429168
vt 0.446125 0.432132
vt 0.442034 0.427436
vt 0.430281 0.409298
vt 0.435387 0.425404
vt 0.431699 0.369680
vt 0.429187 0.420645
vt 0.415037 0.413916
vt 0.415075 0.417678
vt 0.412948 0.380644
vt 0.416448 0.290339
vt 0.401558 0.293876
vt 0.399414 0.396064
vt 0.402009 0.407367
vt 0.388699 0.310488
vt 0.057026 0.359646
vt 0.039040 0.341010
vt 0.092418 0.356070
vt 0.144213 0.354407
vt 0.213738 0.352139
vt 0.258525 0.071691
vt 0.241299 0.075750
vt 0.225574 0.089305
vt 0.257303 0.355921
vt 0.286948 0.359636
vt 0.308585 0.362022
vt 0.319111 0.355101
vt 0.157885 0.141605
vt 0.146830 0.156232
vt 0.133186 0.172027
vt 0.140115 0.200511
vt 0.118929 0.205190
vt 0.151387 0.214366
vt 0.139321 0.217686
vt 0.119900 0.224968
vt 0.094952 0.214556
vt 0.058050 0.246469
vt 0.033237 0.268968
vt 0.033042 0.286160
vt 0.026769 0.263038
vt 0.028578 0.296115
vt 0.032490 0.303370
vt 0.030000 0.273013
vt 0.029552 0.287976
vt 0.025618 0.293516
vt 0.021995 0.269284
vt 0.018651 0.294572
vt 0.016041 0.309372
vt 0.026126 0.310343
vt 0.019495 0.315286
vt 0.012567 0.315588
vt 0.009354 0.307844
vt 0.003291 0.299906
vt 0.004317 0.310517
vt 0.683063 0.227462
vt 0.681176 0.202413
vt 0.674904 0.257604
vt 0.621560 0.300323
vt 0.583721 0.308202
vt 0.566371 0.312359
vt 0.521677 0.107427
vt 0.445998 0.290363
vt 0.360927 0.288440
vt 0.089374 0.371686
vt 0.118663 0.369329
vt 0.159459 0.369539
vt 0.294145 0.080019
vt 0.258731 0.080891
vt 0.211389 0.363887
vt 0.240105 0.086872
vt 0.244970 0.371686
vt 0.184957 0.219773
vt 0.213937 0.232131
vt 0.197466 0.241693
vt 0.213107 0.097708
vt 0.195307 0.117117
vt 0.190682 0.117635
vt 0.171225 0.225370
vt 0.182866 0.189454
vt 0.171151 0.209480
vt 0.183564 0.121309
vt 0.178196 0.125980
vt 0.149988 0.192076
vt 0.165342 0.174254
vt 0.662774 0.209012
vt 0.657589 0.225229
vt 0.649854 0.253209
vt 0.625156 0.282261
vt 0.618345 0.152970
vt 0.603105 0.139281
vt 0.514160 0.273754
vt 0.546283 0.114763
vt 0.495147 0.106126
vt 0.404066 0.269117
vt 0.368753 0.275751
vt 0.335469 0.260158
vt 0.342904 0.262825
vt 0.332358 0.280816
vt 0.293607 0.266238
vt 0.301762 0.253705
vt 0.280207 0.097825
vt 0.273225 0.245489
vt 0.246038 0.240557
vt 0.242971 0.252545
vt 0.254909 0.103555
vt 0.238375 0.100716
vt 0.251529 0.218225
vt 0.203411 0.212004
vt 0.221778 0.107395
vt 0.212023 0.126712
vt 0.202793 0.118889
vt 0.173907 0.154431
vt 0.176778 0.162607
vt 0.640699 0.190416
vt 0.625606 0.223063
vt 0.635468 0.171289
vt 0.625113 0.258434
vt 0.606484 0.278474
vt 0.583522 0.285456
vt 0.561018 0.273200
vt 0.442257 0.269261
vt 0.443141 0.238290
vt 0.412576 0.262860
vt 0.382654 0.259514
vt 0.352201 0.102139
vt 0.362088 0.256660
vt 0.358156 0.243140
vt 0.350889 0.244643
vt 0.347042 0.256541
vt 0.353479 0.241271
vt 0.426623 0.884942
vt 0.777516 0.079663
vt 0.274524 0.811838
vt 0.279289 0.819194
vt 0.325622 0.252906
vt 0.320155 0.247633
vt 0.302660 0.229896
vt 0.287935 0.235131
vt 0.216553 0.179837
vt 0.727658 0.522179
vt 0.729539 0.507423
vt 0.729539 0.528632
vt 0.209130 0.161247
vt 0.209632 0.155873
vt 0.202606 0.162286
vt 0.189434 0.167716
vt 0.196209 0.164554
vt 0.186759 0.163504
vt 0.178441 0.158707
vt 0.004233 0.854115
vt 0.614230 0.205268
vt 0.614195 0.183375
vt 0.609004 0.249732
vt 0.609339 0.221203
vt 0.601605 0.153076
vt 0.595798 0.178036
vt 0.587874 0.261366
vt 0.544103 0.145070
vt 0.573687 0.250463
vt 0.540609 0.247261
vt 0.502096 0.139617
vt 0.488950 0.240204
vt 0.465978 0.136839
vt 0.454645 0.222953
vt 0.426124 0.223696
vt 0.362247 0.127637
vt 0.390611 0.237529
vt 0.414560 0.216715
vt 0.376928 0.129107
vt 0.411255 0.148006
vt 0.374401 0.233417
vt 0.359272 0.231719
vt 0.016463 0.391835
vt 0.018344 0.397145
vt 0.016463 0.403499
vt 0.380856 0.151072
vt 0.322730 0.144082
vt 0.770182 0.513131
vt 0.764171 0.512443
vt 0.767721 0.522063
vt 0.327398 0.177927
vt 0.784888 0.531281
vt 0.293551 0.125854
vt 0.317755 0.201413
vt 0.821690 0.512750
vt 0.819810 0.501884
vt 0.812590 0.513247
vt 0.810576 0.523045
vt 0.809467 0.538176
vt 0.305038 0.224915
vt 0.295736 0.182230
vt 0.294635 0.211185
vt 0.323269 0.152219
vt 0.277354 0.144053
vt 0.258823 0.183789
vt 0.256268 0.124737
vt 0.249276 0.158245
vt 0.779398 0.108121
vt 0.768773 0.115725
vt 0.767815 0.106243
vt 0.779381 0.101217
vt 0.766917 0.096851
vt 0.775427 0.090233
vt 0.769990 0.080822
vt 0.764755 0.090285
vt 0.759105 0.085242
vt 0.764562 0.074761
vt 0.015025 0.865854
vt 0.004673 0.865854
vt 0.012975 0.857723
vt 0.595567 0.200104
vt 0.577302 0.218890
vt 0.540635 0.173649
vt 0.539529 0.232470
vt 0.534635 0.193977
vt 0.531150 0.213203
vt 0.491469 0.192440
vt 0.486174 0.169647
vt 0.476590 0.151399
vt 0.485724 0.209988
vt 0.452607 0.190497
vt 0.425187 0.168736
vt 0.445189 0.204750
vt 0.416100 0.191432
vt 0.407967 0.203603
vt 0.389613 0.222490
vt 0.373155 0.177405
vt 0.377108 0.211626
vt 0.364318 0.214529
vt 0.351536 0.195944
vt 0.280809 0.775716
vt 0.278104 0.777554
vt 0.354684 0.206576
vt 0.356918 0.220876
vt 0.641110 0.741782
vt 0.645338 0.744963
vt 0.649577 0.741782
vt 0.350486 0.213657
vt 0.352334 0.221837
vt 0.347945 0.208740
vt 0.342479 0.202285
vt 0.802507 0.134080
vt 0.773345 0.508249
vt 0.755658 0.499306
vt 0.817235 0.489882
vt 0.799722 0.498644
vt 0.727849 0.457598
vt 0.728950 0.453723
vt 0.787615 0.498699
vt 0.754939 0.106631
vt 0.755300 0.097100
vt 0.025732 0.863242
vt 0.025557 0.851187
vt 0.723980 0.442861
vt 0.723895 0.449436
vt 0.757513 0.460219
vt 0.813260 0.481929
vt 0.034110 0.861552
vt 0.052211 0.854482
vt 0.046207 0.857775
vt 0.043730 0.845039
vt 0.048881 0.842666
vt 0.035118 0.848658
vt 0.724845 0.434534
vt 0.778317 0.447354
vt 0.816813 0.476505
vt 0.795380 0.441290
vt 0.744409 0.442894
vt 0.818300 0.452252
vt 0.726155 0.425742
vt 0.819283 0.439355
vt 0.809435 0.443158
vt 0.887466 0.671792
vt 0.885569 0.668611
vt 0.877234 0.670423
vt 0.730957 0.411015
vt 0.726938 0.419778
vt 0.731657 0.416088
vt 0.761735 0.424022
vt 0.821731 0.424637
vt 0.893227 0.670423
vt 0.737682 0.406546
vt 0.735553 0.400797
vt 0.777314 0.405497
vt 0.572437 0.425466
vt 0.821262 0.397555
vt 0.742072 0.386872
vt 0.737020 0.394460
vt 0.742887 0.391907
vt 0.767723 0.376079
vt 0.809202 0.384813
vt 0.752496 0.371399
vt 0.744130 0.380782
vt 0.933170 0.077191
vt 0.765249 0.349159
vt 0.762773 0.355129
vt 0.763837 0.358049
vt 0.756441 0.362146
vt 0.776150 0.343450
vt 0.775334 0.339777
vt 0.793322 0.324964
vt 0.795331 0.316543
vt 0.789641 0.319722
vt 0.787068 0.324003
vt 0.803274 0.321872
vt 0.801474 0.317685
vt 0.782528 0.330828
s 0
usemtl Material_0
f 787/1/1 609/2/1 786/3/1
f 2416/4/2 2415/5/2 2420/6/2
f 1109/7/3 1110/8/3 1111/9/3
f 1120/10/4 1109/7/4 1119/11/4
f 1111/9/5 1115/12/5 1109/7/5
f 1123/13/6 1113/14/6 1109/7/6
f 1122/15/7 1112/16/7 1117/17/7
f 1169/18/8 1150/19/8 1170/20/8
f 1110/8/9 1109/7/9 1112/16/9
f 1119/11/10 1109/7/10 1118/21/10
f 1113/14/11 1112/16/11 1109/7/11
f 1115/12/12 1118/21/12 1109/7/12
f 1116/22/13 1110/8/13 1121/23/13
f 1113/14/14 1117/17/14 1112/16/14
f 1111/9/15 1110/8/15 1114/24/15
f 1114/24/16 1115/12/16 1111/9/16
f 1112/16/17 1121/23/17 1110/8/17
f 1109/7/18 1120/10/18 1123/13/18
f 1114/24/19 1110/8/19 1116/22/19
f 1122/15/20 1121/23/20 1112/16/20
f 154/25/21 153/26/21 173/27/21
f 154/25/22 130/28/22 153/26/22
f 173/27/23 153/26/23 172/29/23
f 153/26/24 131/30/24 172/29/24
f 2120/31/25 2118/32/25 2117/33/25
f 153/26/26 130/28/26 131/30/26
f 131/30/27 128/34/27 133/35/27
f 2117/33/28 2118/32/28 2119/36/28
f 131/30/29 130/28/29 127/37/29
f 131/30/30 127/37/30 128/34/30
f 128/34/31 132/38/31 133/35/31
f 128/34/32 118/39/32 132/38/32
f 132/38/33 118/39/33 120/40/33
f 2213/41/34 2210/42/34 2179/43/34
f 128/34/35 127/37/35 118/39/35
f 2256/44/36 2258/45/36 2259/46/36
f 2256/44/37 2257/47/37 2258/45/37
f 130/28/38 129/48/38 127/37/38
f 2258/45/39 2257/47/39 2260/49/39
f 129/48/40 126/50/40 127/37/40
f 120/40/41 119/51/41 191/52/41
f 120/40/42 118/39/42 119/51/42
f 127/37/43 117/53/43 118/39/43
f 179/54/44 126/50/44 129/48/44
f 2173/55/45 2174/56/45 2175/57/45
f 127/37/46 126/50/46 117/53/46
f 118/39/47 116/58/47 119/51/47
f 119/51/48 116/58/48 145/59/48
f 118/39/49 117/53/49 116/58/49
f 126/50/50 125/60/50 117/53/50
f 2175/57/51 2176/61/51 2177/62/51
f 126/50/52 169/63/52 125/60/52
f 145/59/53 116/58/53 144/64/53
f 116/58/54 137/65/54 144/64/54
f 117/53/55 114/66/55 116/58/55
f 125/60/56 114/66/56 117/53/56
f 169/63/57 170/67/57 125/60/57
f 137/65/58 116/58/58 136/68/58
f 137/65/59 136/68/59 138/69/59
f 114/66/60 115/70/60 116/58/60
f 115/70/61 136/68/61 116/58/61
f 170/67/62 134/71/62 125/60/62
f 125/60/63 134/71/63 114/66/63
f 115/70/64 143/72/64 136/68/64
f 134/71/65 121/73/65 114/66/65
f 114/66/66 121/73/66 115/70/66
f 2115/74/67 2112/75/67 2110/76/67
f 134/71/68 135/77/68 121/73/68
f 150/78/69 136/68/69 149/79/69
f 136/68/70 143/72/70 149/79/70
f 121/73/71 122/80/71 115/70/71
f 121/73/72 124/81/72 123/82/72
f 121/73/73 123/82/73 122/80/73
f 135/77/74 124/81/74 121/73/74
f 143/72/75 155/83/75 149/79/75
f 149/79/76 155/83/76 157/84/76
f 115/70/77 139/85/77 143/72/77
f 115/70/78 122/80/78 139/85/78
f 2112/75/79 2113/86/79 2107/87/79
f 2112/75/80 2107/87/80 2110/76/80
f 2110/76/81 2107/87/81 2109/88/81
f 135/77/82 148/89/82 124/81/82
f 2109/88/83 2108/90/83 2111/91/83
f 148/89/84 158/92/84 124/81/84
f 157/84/85 166/93/85 183/94/85
f 157/84/86 155/83/86 166/93/86
f 2207/95/87 2208/96/87 2197/97/87
f 143/72/88 139/85/88 155/83/88
f 122/80/89 123/82/89 139/85/89
f 158/92/90 146/98/90 124/81/90
f 124/81/91 146/98/91 123/82/91
f 146/98/92 147/99/92 123/82/92
f 166/93/93 167/100/93 186/101/93
f 155/83/94 177/102/94 167/100/94
f 139/85/95 156/103/95 155/83/95
f 139/85/96 140/104/96 156/103/96
f 123/82/97 140/104/97 139/85/97
f 141/105/98 140/104/98 123/82/98
f 146/98/99 163/106/99 147/99/99
f 2169/107/100 2168/108/100 2170/109/100
f 123/82/101 147/99/101 141/105/101
f 163/106/102 175/110/102 147/99/102
f 1821/111/103 1822/112/103 1819/113/103
f 1137/114/104 1134/115/104 1133/116/104
f 1133/116/105 1134/115/105 1125/117/105
f 1133/116/106 1125/117/106 1124/118/106
f 1137/114/107 1139/119/107 1134/115/107
f 1139/119/108 1135/120/108 1134/115/108
f 1134/115/109 1130/121/109 1125/117/109
f 1227/122/110 1221/123/110 1230/124/110
f 1134/115/111 1135/120/111 1130/121/111
f 155/83/112 156/103/112 174/125/112
f 155/83/113 174/125/113 177/102/113
f 140/104/114 162/126/114 156/103/114
f 140/104/115 161/127/115 162/126/115
f 140/104/116 160/128/116 161/127/116
f 141/105/117 142/129/117 140/104/117
f 175/110/118 184/130/118 151/131/118
f 147/99/119 175/110/119 151/131/119
f 147/99/120 151/131/120 141/105/120
f 141/105/121 151/131/121 142/129/121
f 1813/132/122 1819/113/122 1822/112/122
f 1138/133/123 1133/116/123 1136/134/123
f 1136/134/124 1124/118/124 1132/135/124
f 1817/136/125 1821/111/125 1819/113/125
f 1124/118/126 1126/137/126 1132/135/126
f 1817/136/127 1823/138/127 1821/111/127
f 1227/122/128 1226/139/128 1217/140/128
f 1125/117/129 1127/141/129 1126/137/129
f 1124/118/130 1125/117/130 1126/137/130
f 1227/122/131 1217/140/131 1221/123/131
f 1125/117/132 1130/121/132 1128/142/132
f 1125/117/133 1128/142/133 1127/141/133
f 1809/143/134 1810/144/134 1807/145/134
f 1809/143/135 1807/145/135 1808/146/135
f 1573/147/136 1395/148/136 1396/149/136
f 1369/150/137 1396/149/137 1395/148/137
f 1395/148/138 1370/151/138 1369/150/138
f 1396/149/139 1368/152/139 1410/153/139
f 1410/153/140 1368/152/140 1409/154/140
f 1369/150/141 1368/152/141 1396/149/141
f 1370/151/142 1360/155/142 1369/150/142
f 1369/150/143 1360/155/143 1368/152/143
f 1583/156/144 1392/157/144 1370/151/144
f 1370/151/145 1363/158/145 1360/155/145
f 1368/152/146 1408/159/146 1409/154/146
f 1392/157/147 1363/158/147 1370/151/147
f 1368/152/148 1358/160/148 1408/159/148
f 1409/154/149 1408/159/149 1414/161/149
f 1360/155/150 1358/160/150 1368/152/150
f 1392/157/151 1391/162/151 1363/158/151
f 1360/155/152 1356/163/152 1358/160/152
f 1408/159/153 1416/164/153 1414/161/153
f 1363/158/154 1356/163/154 1360/155/154
f 1391/162/155 1378/165/155 1363/158/155
f 1361/166/156 1356/163/156 1363/158/156
f 1363/158/157 1378/165/157 1361/166/157
f 1358/160/158 1357/167/158 1408/159/158
f 1356/163/159 1357/167/159 1358/160/159
f 1357/167/160 1415/168/160 1408/159/160
f 1408/159/161 1415/168/161 1416/164/161
f 1391/162/162 1385/169/162 1378/165/162
f 1356/163/163 1361/166/163 1359/170/163
f 1359/170/164 1357/167/164 1356/163/164
f 1357/167/165 1417/171/165 1415/168/165
f 1385/169/166 1377/172/166 1378/165/166
f 1378/165/167 1377/172/167 1361/166/167
f 1357/167/168 1365/173/168 1417/171/168
f 1359/170/169 1365/173/169 1357/167/169
f 1361/166/170 1362/174/170 1359/170/170
f 1377/172/171 1362/174/171 1361/166/171
f 1365/173/172 1418/175/172 1417/171/172
f 1362/174/173 1364/176/173 1359/170/173
f 1359/170/174 1364/176/174 1365/173/174
f 1385/169/175 1387/177/175 1377/172/175
f 1365/173/176 1367/178/176 1418/175/176
f 1387/177/177 1374/179/177 1377/172/177
f 1418/175/178 1367/178/178 1419/180/178
f 1364/176/179 1366/181/179 1365/173/179
f 1365/173/180 1366/181/180 1367/178/180
f 1377/172/181 1374/179/181 1362/174/181
f 1362/174/182 1371/182/182 1364/176/182
f 1367/178/183 1402/183/183 1419/180/183
f 1387/177/184 1386/184/184 1374/179/184
f 1366/181/185 1402/183/185 1367/178/185
f 1374/179/186 1371/182/186 1362/174/186
f 1364/176/187 1371/182/187 1366/181/187
f 1366/181/188 1376/185/188 1402/183/188
f 1366/181/189 1371/182/189 1373/186/189
f 1402/183/190 1376/185/190 1422/187/190
f 1366/181/191 1373/186/191 1376/185/191
f 1376/185/192 1448/188/192 1422/187/192
f 1374/179/193 1372/189/193 1371/182/193
f 1372/189/194 1373/186/194 1371/182/194
f 162/126/195 171/190/195 178/191/195
f 1386/184/196 1375/192/196 1374/179/196
f 1373/186/197 1593/193/197 1376/185/197
f 1593/193/198 1644/194/198 1376/185/198
f 1376/185/199 1644/194/199 1448/188/199
f 1374/179/200 1375/192/200 1372/189/200
f 1384/195/201 1593/193/201 1373/186/201
f 161/127/202 182/196/202 181/197/202
f 161/127/203 181/197/203 171/190/203
f 182/196/204 189/198/204 181/197/204
f 1384/195/205 1733/199/205 1593/193/205
f 161/127/206 185/200/206 188/201/206
f 161/127/207 188/201/207 182/196/207
f 1372/189/208 1380/202/208 1373/186/208
f 1373/186/209 1380/202/209 1384/195/209
f 1384/195/210 1734/203/210 1733/199/210
f 187/204/211 184/130/211 175/110/211
f 140/104/212 142/129/212 159/205/212
f 140/104/213 159/205/213 160/128/213
f 159/205/214 168/206/214 160/128/214
f 1655/207/215 1401/208/215 1704/209/215
f 1372/189/216 1379/210/216 1380/202/216
f 151/131/217 176/211/217 165/212/217
f 151/131/218 152/213/218 142/129/218
f 151/131/219 165/212/219 152/213/219
f 1375/192/220 1379/210/220 1372/189/220
f 1812/214/221 1816/215/221 1817/136/221
f 1226/139/222 1224/216/222 1217/140/222
f 1126/137/223 1127/141/223 1131/217/223
f 1217/140/224 1219/218/224 1221/123/224
f 1127/141/225 1129/219/225 1131/217/225
f 1128/142/226 1129/219/226 1127/141/226
f 1219/218/227 1228/220/227 1221/123/227
f 1810/144/228 1806/221/228 1807/145/228
f 1804/222/229 1799/223/229 1802/224/229
f 1807/145/230 1799/223/230 1808/146/230
f 1807/145/231 1806/221/231 1799/223/231
f 1808/146/232 1799/223/232 1804/222/232
f 1574/225/233 1573/147/233 1540/226/233
f 1540/226/234 1573/147/234 1396/149/234
f 1396/149/235 1490/227/235 1540/226/235
f 1540/226/236 1490/227/236 1498/228/236
f 1396/149/237 1410/153/237 1490/227/237
f 1582/229/238 1395/148/238 1573/147/238
f 1490/227/239 1410/153/239 1477/230/239
f 1410/153/240 1445/231/240 1477/230/240
f 1410/153/241 1424/232/241 1445/231/241
f 1582/229/242 1581/233/242 1395/148/242
f 1395/148/243 1581/233/243 1370/151/243
f 1410/153/244 1409/154/244 1424/232/244
f 1423/234/245 1450/235/245 1424/232/245
f 1409/154/246 1423/234/246 1424/232/246
f 1636/236/247 1583/156/247 1581/233/247
f 1581/233/248 1583/156/248 1370/151/248
f 1636/236/249 1637/237/249 1392/157/249
f 1636/236/250 1392/157/250 1583/156/250
f 1414/161/251 1416/164/251 1423/234/251
f 1423/234/252 1416/164/252 1439/238/252
f 1633/239/253 1392/157/253 1637/237/253
f 1633/239/254 1391/162/254 1392/157/254
f 1633/239/255 1632/240/255 1391/162/255
f 1416/164/256 1438/241/256 1439/238/256
f 1632/240/257 1631/242/257 1391/162/257
f 1391/162/258 1631/242/258 1385/169/258
f 1416/164/259 1415/168/259 1438/241/259
f 1417/171/260 1440/243/260 1415/168/260
f 1418/175/261 1444/244/261 1417/171/261
f 1631/242/262 1630/245/262 1385/169/262
f 1418/175/263 1419/180/263 1444/244/263
f 1630/245/264 1387/177/264 1385/169/264
f 1419/180/265 1447/246/265 1444/244/265
f 1419/180/266 1402/183/266 1447/246/266
f 1630/245/267 1629/247/267 1387/177/267
f 1402/183/268 1446/248/268 1447/246/268
f 1402/183/269 1422/187/269 1446/248/269
f 1422/187/270 1491/249/270 1446/248/270
f 1491/249/271 1709/250/271 1446/248/271
f 1709/250/272 1710/251/272 1446/248/272
f 1629/247/273 1386/184/273 1387/177/273
f 1448/188/274 1449/252/274 1422/187/274
f 1422/187/275 1449/252/275 1491/249/275
f 1380/202/276 1401/208/276 1384/195/276
f 1384/195/277 1401/208/277 1655/207/277
f 1629/247/278 1382/253/278 1386/184/278
f 159/205/279 164/254/279 168/206/279
f 1629/247/280 1628/255/280 1382/253/280
f 159/205/281 142/129/281 164/254/281
f 1386/184/282 1382/253/282 1375/192/282
f 1401/208/283 1405/256/283 1476/257/283
f 1476/257/284 1405/256/284 1475/258/284
f 1475/258/285 1413/259/285 1474/260/285
f 142/129/286 152/213/286 164/254/286
f 1379/210/287 1390/261/287 1380/202/287
f 1380/202/288 1390/261/288 1401/208/288
f 1405/256/289 1413/259/289 1475/258/289
f 1375/192/290 1381/262/290 1379/210/290
f 1628/255/291 1616/263/291 1382/253/291
f 1382/253/292 1381/262/292 1375/192/292
f 1405/256/293 1401/208/293 1404/264/293
f 1405/256/294 1404/264/294 1413/259/294
f 1390/261/295 1404/264/295 1401/208/295
f 1616/263/296 1383/265/296 1382/253/296
f 1381/262/297 1390/261/297 1379/210/297
f 1413/259/298 1404/264/298 1411/266/298
f 1382/253/299 1383/265/299 1381/262/299
f 1381/262/300 1389/267/300 1390/261/300
f 1390/261/301 1406/268/301 1404/264/301
f 1383/265/302 1388/269/302 1381/262/302
f 1381/262/303 1388/269/303 1389/267/303
f 1616/263/304 1607/270/304 1383/265/304
f 1383/265/305 1607/270/305 1393/271/305
f 1390/261/306 1398/272/306 1406/268/306
f 1389/267/307 1398/272/307 1390/261/307
f 1383/265/308 1393/271/308 1388/269/308
f 1394/273/309 1388/269/309 1393/271/309
f 1388/269/310 1397/274/310 1389/267/310
f 1389/267/311 1397/274/311 1398/272/311
f 1815/275/312 1818/276/312 1816/215/312
f 1812/214/313 1815/275/313 1816/215/313
f 1225/277/314 1223/278/314 1224/216/314
f 1224/216/315 1223/278/315 1217/140/315
f 1217/140/316 1218/279/316 1219/218/316
f 1799/223/317 1800/280/317 1801/281/317
f 1799/223/318 1801/281/318 1802/224/318
f 1811/282/319 1805/283/319 1806/221/319
f 1806/221/320 1805/283/320 1799/223/320
f 1799/223/321 1805/283/321 1800/280/321
f 1574/225/322 1540/226/322 1571/284/322
f 1600/285/323 1599/286/323 1573/147/323
f 1600/285/324 1573/147/324 1574/225/324
f 1490/227/325 1477/230/325 1498/228/325
f 1599/286/326 1582/229/326 1573/147/326
f 1645/287/327 1582/229/327 1599/286/327
f 1445/231/328 1543/288/328 1477/230/328
f 1645/287/329 1642/289/329 1582/229/329
f 1642/289/330 1581/233/330 1582/229/330
f 1424/232/331 1461/290/331 1445/231/331
f 1643/291/332 1581/233/332 1642/289/332
f 1643/291/333 1636/236/333 1581/233/333
f 1424/232/334 1450/235/334 1461/290/334
f 1643/291/335 1637/237/335 1636/236/335
f 1439/238/336 1453/292/336 1450/235/336
f 1423/234/337 1439/238/337 1450/235/337
f 1439/238/338 1451/293/338 1453/292/338
f 1439/238/339 1438/241/339 1451/293/339
f 1417/171/340 1444/244/340 1440/243/340
f 1444/244/341 1447/246/341 1458/294/341
f 1447/246/342 1463/295/342 1458/294/342
f 1447/246/343 1466/296/343 1463/295/343
f 1466/296/344 1465/297/344 1463/295/344
f 1466/296/345 1702/298/345 1465/297/345
f 1465/297/346 1473/299/346 1462/300/346
f 1473/299/347 1496/301/347 1462/300/347
f 1479/302/348 1474/260/348 1443/303/348
f 1479/302/349 1443/303/349 1496/301/349
f 1474/260/350 1413/259/350 1443/303/350
f 1629/247/351 1649/304/351 1628/255/351
f 1413/259/352 1411/266/352 1443/303/352
f 1404/264/353 1406/268/353 1411/266/353
f 1411/266/354 1406/268/354 1412/305/354
f 1616/263/355 1651/306/355 1607/270/355
f 1607/270/356 1618/307/356 1393/271/356
f 1406/268/354 1407/308/354 1412/305/354
f 1398/272/357 1403/309/357 1407/308/357
f 1398/272/358 1407/308/358 1406/268/358
f 1618/307/359 1619/310/359 1393/271/359
f 1393/271/360 1619/310/360 1394/273/360
f 1388/269/361 1400/311/361 1397/274/361
f 1394/273/362 1399/312/362 1388/269/362
f 1388/269/363 1399/312/363 1400/311/363
f 1400/311/364 1348/313/364 1397/274/364
f 1397/274/365 1403/309/365 1398/272/365
f 1348/313/366 1346/314/366 1397/274/366
f 1397/274/367 1346/314/367 1403/309/367
f 1346/314/368 1341/315/368 1403/309/368
f 1341/315/369 1343/316/369 1428/317/369
f 1428/317/370 1425/318/370 1341/315/370
f 1341/315/371 1425/318/371 1403/309/371
f 1218/279/372 1222/319/372 1219/218/372
f 1219/218/373 1222/319/373 1228/220/373
f 1228/220/374 1222/319/374 1229/320/374
f 1622/321/375 1428/317/375 1692/322/375
f 1692/322/376 1428/317/376 1343/316/376
f 1600/285/377 1574/225/377 1571/284/377
f 1571/284/378 1540/226/378 1534/323/378
f 1540/226/379 1500/324/379 1534/323/379
f 1500/324/380 1498/228/380 1499/325/380
f 1500/324/381 1540/226/381 1498/228/381
f 1685/326/382 1599/286/382 1600/285/382
f 1499/325/383 1477/230/383 1543/288/383
f 1498/228/384 1477/230/384 1499/325/384
f 1445/231/385 1478/327/385 1543/288/385
f 1445/231/386 1461/290/386 1478/327/386
f 1652/328/387 1643/291/387 1642/289/387
f 1450/235/388 1454/329/388 1461/290/388
f 1450/235/389 1453/292/389 1454/329/389
f 1684/330/390 1637/237/390 1643/291/390
f 1684/330/391 1633/239/391 1637/237/391
f 1633/239/392 1683/331/392 1632/240/392
f 1683/331/393 1631/242/393 1632/240/393
f 1438/241/394 1440/243/394 1441/332/394
f 1631/242/395 1687/333/395 1630/245/395
f 1440/243/396 1444/244/396 1441/332/396
f 1458/294/397 1459/334/397 1441/332/397
f 1444/244/398 1458/294/398 1441/332/398
f 1458/294/399 1462/300/399 1459/334/399
f 1458/294/400 1463/295/400 1462/300/400
f 1465/297/401 1462/300/401 1463/295/401
f 1687/333/402 1686/335/402 1630/245/402
f 1630/245/403 1686/335/403 1629/247/403
f 1462/300/404 1496/301/404 1494/336/404
f 1496/301/405 1495/337/405 1494/336/405
f 1629/247/406 1686/335/406 1649/304/406
f 1443/303/407 1495/337/407 1496/301/407
f 1649/304/408 1648/338/408 1628/255/408
f 1443/303/409 1411/266/409 1495/337/409
f 1411/266/410 1480/339/410 1495/337/410
f 1648/338/411 1647/340/411 1628/255/411
f 1647/340/412 1616/263/412 1628/255/412
f 1411/266/413 1412/305/413 1480/339/413
f 1647/340/414 1651/306/414 1616/263/414
f 1607/270/415 1651/306/415 1618/307/415
f 2541/341/416 2559/342/416 2560/343/416
f 1412/305/417 1420/344/417 1437/345/417
f 1412/305/418 1407/308/418 1420/344/418
f 2559/342/419 2561/346/419 2560/343/419
f 2559/342/420 2562/347/420 2561/346/420
f 2562/347/421 2563/348/421 2561/346/421
f 1407/308/422 1421/349/422 1420/344/422
f 2562/347/423 2564/350/423 2563/348/423
f 1407/308/424 1403/309/424 1421/349/424
f 1403/309/425 1425/318/425 1421/349/425
f 1222/319/426 1218/279/426 1229/320/426
f 1428/317/427 1429/351/427 1425/318/427
f 1622/321/428 1621/352/428 1428/317/428
f 1622/321/429 1654/353/429 1621/352/429
f 1428/317/430 1621/352/430 1429/351/430
f 1572/354/431 1571/284/431 1534/323/431
f 1572/354/432 1534/323/432 1535/355/432
f 1535/355/433 1534/323/433 1503/356/433
f 1650/357/434 1571/284/434 1572/354/434
f 2568/358/435 2490/359/435 2567/360/435
f 1653/361/436 1571/284/436 1650/357/436
f 1534/323/437 1500/324/437 1503/356/437
f 1600/285/438 1571/284/438 1653/361/438
f 1685/326/439 1600/285/439 1653/361/439
f 1500/324/440 1499/325/440 1501/362/440
f 1501/362/441 1499/325/441 1580/363/441
f 2557/364/442 2556/365/442 2558/366/442
f 1499/325/443 1543/288/443 1580/363/443
f 2557/364/444 2555/367/444 2556/365/444
f 2555/367/445 2554/368/445 2556/365/445
f 2555/367/446 2552/369/446 2554/368/446
f 2552/369/447 2547/370/447 2551/371/447
f 2552/369/448 2551/371/448 2554/368/448
f 1543/288/449 1478/327/449 1615/372/449
f 1615/372/450 1478/327/450 1594/373/450
f 2547/370/451 2549/374/451 2551/371/451
f 1478/327/452 1481/375/452 1594/373/452
f 1478/327/453 1461/290/453 1481/375/453
f 2547/370/454 2545/376/454 2549/374/454
f 2545/376/455 2550/377/455 2549/374/455
f 1461/290/456 1454/329/456 1481/375/456
f 1454/329/457 1482/378/457 1481/375/457
f 1454/329/458 1468/379/458 1482/378/458
f 2550/377/459 2545/376/459 2544/380/459
f 1454/329/460 1453/292/460 1468/379/460
f 1453/292/461 1455/381/461 1468/379/461
f 1451/293/462 1455/381/462 1453/292/462
f 1684/330/463 1683/331/463 1633/239/463
f 1451/293/464 1452/382/464 1455/381/464
f 1438/241/465 1452/382/465 1451/293/465
f 1355/383/466 1353/384/466 1669/385/466
f 1353/384/467 1668/386/467 1669/385/467
f 1669/385/468 1668/386/468 1670/387/468
f 1352/388/469 1671/389/469 1353/384/469
f 1353/384/470 1666/390/470 1668/386/470
f 1668/386/471 1677/391/471 1670/387/471
f 1683/331/472 1687/333/472 1631/242/472
f 1671/389/473 1666/390/473 1353/384/473
f 2543/392/474 2508/393/474 2537/394/474
f 1666/390/475 1667/395/475 1668/386/475
f 1438/241/476 1441/332/476 1452/382/476
f 1459/334/477 1471/396/477 1441/332/477
f 1459/334/478 1472/397/478 1471/396/478
f 1459/334/479 1462/300/479 1472/397/479
f 1462/300/480 1494/336/480 1472/397/480
f 1494/336/481 1495/337/481 1472/397/481
f 2533/398/482 2538/399/482 2536/400/482
f 2533/398/483 2539/401/483 2538/399/483
f 2533/398/484 2540/402/484 2539/401/484
f 1495/337/485 1480/339/485 1605/403/485
f 1480/339/486 1437/345/486 1605/403/486
f 1437/345/487 1609/404/487 1605/403/487
f 2541/341/488 2526/405/488 2559/342/488
f 1437/345/489 1420/344/489 1497/406/489
f 1497/406/490 1609/404/490 1437/345/490
f 2559/342/491 2566/407/491 2562/347/491
f 2566/407/492 2565/408/492 2562/347/492
f 2562/347/493 2565/408/493 2564/350/493
f 1420/344/494 1427/409/494 1497/406/494
f 2566/407/495 2569/410/495 2565/408/495
f 1427/409/496 1460/411/496 1497/406/496
f 1294/412/497 1218/279/497 1220/413/497
f 1421/349/498 1426/414/498 1427/409/498
f 1427/409/499 1426/414/499 1460/411/499
f 1294/412/500 1300/415/500 1218/279/500
f 1218/279/501 1300/415/501 1229/320/501
f 1421/349/502 1425/318/502 1426/414/502
f 1229/320/503 1300/415/503 1311/416/503
f 1425/318/504 1429/351/504 1426/414/504
f 1300/415/505 1301/417/505 1311/416/505
f 1426/414/506 1429/351/506 1430/418/506
f 1654/353/507 1617/419/507 1621/352/507
f 1621/352/508 1617/419/508 1429/351/508
f 1429/351/509 1617/419/509 1431/420/509
f 1429/351/510 1431/420/510 1430/418/510
f 1617/419/511 1432/421/511 1431/420/511
f 1507/422/512 1533/423/512 1506/424/512
f 1507/422/513 1602/425/513 1533/423/513
f 1533/423/514 1504/426/514 1506/424/514
f 1603/427/515 1533/423/515 1602/425/515
f 1603/427/516 1572/354/516 1533/423/516
f 1572/354/517 1535/355/517 1533/423/517
f 1533/423/518 1535/355/518 1504/426/518
f 1504/426/519 1503/356/519 1502/428/519
f 1535/355/520 1503/356/520 1504/426/520
f 1650/357/521 1572/354/521 1603/427/521
f 1503/356/522 1500/324/522 1502/428/522
f 1500/324/523 1501/362/523 1502/428/523
f 1502/428/524 1501/362/524 1330/429/524
f 1330/429/525 1501/362/525 1592/430/525
f 2489/431/526 2567/360/526 2490/359/526
f 1501/362/527 1580/363/527 1592/430/527
f 2488/432/528 2558/366/528 2489/431/528
f 2557/364/529 2558/366/529 2488/432/529
f 1580/363/530 1615/372/530 1337/433/530
f 1337/433/531 1615/372/531 1339/434/531
f 2553/435/532 2552/369/532 2555/367/532
f 2553/435/533 2547/370/533 2552/369/533
f 1615/372/534 1688/436/534 1339/434/534
f 1615/372/535 1594/373/535 1688/436/535
f 2553/435/536 2548/437/536 2547/370/536
f 1594/373/537 1640/438/537 1688/436/537
f 2548/437/538 2546/439/538 2547/370/538
f 1481/375/539 1640/438/539 1594/373/539
f 2546/439/540 2545/376/540 2547/370/540
f 2513/440/541 2544/380/541 2545/376/541
f 1482/378/542 1468/379/542 1588/441/542
f 1468/379/543 1469/442/543 1588/441/543
f 1468/379/544 1455/381/544 1469/442/544
f 2513/440/545 2507/443/545 2544/380/545
f 2507/443/546 2543/392/546 2544/380/546
f 2507/443/547 2509/444/547 2543/392/547
f 1455/381/548 1452/382/548 1469/442/548
f 2090/445/549 2091/446/549 2092/447/549
f 1669/385/550 1674/448/550 1719/449/550
f 1469/442/551 1452/382/551 1470/450/551
f 1355/383/552 1351/451/552 1353/384/552
f 2509/444/553 2508/393/553 2543/392/553
f 1354/452/554 1681/453/554 1352/388/554
f 2365/454/555 2364/455/555 2363/456/555
f 1681/453/556 1663/457/556 1352/388/556
f 1663/457/557 1671/389/557 1352/388/557
f 1668/386/558 1667/395/558 1675/458/558
f 1668/386/559 1675/458/559 1677/391/559
f 1681/453/560 1705/459/560 1663/457/560
f 1452/382/561 1441/332/561 1470/450/561
f 1671/389/562 1663/457/562 1662/460/562
f 1671/389/563 1662/460/563 1666/390/563
f 1662/460/564 1665/461/564 1666/390/564
f 1666/390/565 1665/461/565 1667/395/565
f 1667/395/566 1672/462/566 1676/463/566
f 1667/395/567 1676/463/567 1675/458/567
f 1663/457/568 1659/464/568 1662/460/568
f 1665/461/569 1672/462/569 1667/395/569
f 1470/450/570 1597/465/570 1598/466/570
f 1662/460/571 1664/467/571 1665/461/571
f 1665/461/572 1673/468/572 1672/462/572
f 1441/332/573 1471/396/573 1470/450/573
f 1665/461/574 1664/467/574 1673/468/574
f 1664/467/575 1679/469/575 1673/468/575
f 2145/470/576 2142/471/576 2144/472/576
f 2508/393/577 2542/473/577 2537/394/577
f 1470/450/578 1471/396/578 1597/465/578
f 1646/474/579 1718/475/579 1661/476/579
f 1471/396/580 1620/477/580 1597/465/580
f 2542/473/581 2491/478/581 2537/394/581
f 2491/478/582 2536/400/582 2537/394/582
f 1973/479/583 1972/480/583 1961/481/583
f 1972/480/584 1953/482/584 1961/481/584
f 2491/478/585 2533/398/585 2536/400/585
f 2491/478/586 2497/483/586 2533/398/586
f 1972/480/587 1954/484/587 1953/482/587
f 2497/483/588 2498/485/588 2533/398/588
f 1954/484/589 1948/486/589 1953/482/589
f 2498/485/590 2532/487/590 2533/398/590
f 1954/484/591 1955/488/591 1948/486/591
f 2532/487/592 2540/402/592 2533/398/592
f 2532/487/593 2522/489/593 2540/402/593
f 1955/488/594 1956/490/594 1948/486/594
f 2522/489/595 2523/491/595 2540/402/595
f 2523/491/596 2541/341/596 2540/402/596
f 1955/488/597 1966/492/597 1956/490/597
f 2523/491/598 2526/405/598 2541/341/598
f 1289/493/599 1286/494/599 1305/495/599
f 1965/496/600 1959/497/600 1956/490/600
f 1966/492/601 1965/496/601 1956/490/601
f 1286/494/602 1299/498/602 1305/495/602
f 1299/498/603 1284/499/603 1294/412/603
f 1965/496/604 1974/500/604 1964/501/604
f 1965/496/605 1964/501/605 1959/497/605
f 1294/412/606 1292/502/606 1300/415/606
f 1426/414/607 1456/503/607 1460/411/607
f 1974/500/608 1975/504/608 1964/501/608
f 1426/414/609 1430/418/609 1456/503/609
f 1975/504/610 1976/505/610 1964/501/610
f 1300/415/611 1292/502/611 1301/417/611
f 1292/502/612 1298/506/612 1301/417/612
f 1301/417/613 1298/506/613 1302/507/613
f 1430/418/614 1432/421/614 1433/508/614
f 1430/418/615 1433/508/615 1456/503/615
f 1456/503/616 1433/508/616 1457/509/616
f 1975/504/617 1977/510/617 1976/505/617
f 1696/511/618 1695/512/618 1635/513/618
f 1617/419/619 1635/513/619 1432/421/619
f 1430/418/620 1431/420/620 1432/421/620
f 1635/513/621 1634/514/621 1432/421/621
f 1433/508/622 1435/515/622 1457/509/622
f 1695/512/623 1634/514/623 1635/513/623
f 1432/421/624 1434/516/624 1433/508/624
f 1433/508/625 1434/516/625 1435/515/625
f 1432/421/626 1590/517/626 1434/516/626
f 1436/518/627 1442/519/627 1435/515/627
f 1634/514/628 1590/517/628 1432/421/628
f 1434/516/629 1436/518/629 1435/515/629
f 1442/519/630 1464/520/630 1467/521/630
f 1434/516/631 1590/517/631 1436/518/631
f 1442/519/632 1436/518/632 1464/520/632
f 1590/517/633 1591/522/633 1436/518/633
f 1591/522/634 1464/520/634 1436/518/634
f 1467/521/635 1464/520/635 1483/523/635
f 1467/521/636 1483/523/636 1576/524/636
f 1591/522/637 1623/525/637 1464/520/637
f 1576/524/638 1483/523/638 1485/526/638
f 1576/524/639 1485/526/639 1658/527/639
f 1623/525/640 1484/528/640 1464/520/640
f 1464/520/641 1484/528/641 1483/523/641
f 1484/528/642 1485/526/642 1483/523/642
f 1658/527/643 1485/526/643 1587/529/643
f 1484/528/644 1486/530/644 1485/526/644
f 1486/530/645 1488/531/645 1485/526/645
f 1623/525/646 1624/532/646 1484/528/646
f 1624/532/647 1487/533/647 1484/528/647
f 1484/528/648 1487/533/648 1486/530/648
f 1486/530/649 1727/534/649 1488/531/649
f 1488/531/650 1489/535/650 1485/526/650
f 1727/534/651 1726/536/651 1488/531/651
f 1485/526/652 1489/535/652 1587/529/652
f 1587/529/653 1489/535/653 1703/537/653
f 1623/525/654 1625/538/654 1624/532/654
f 1726/536/655 1707/539/655 1488/531/655
f 1488/531/656 1707/539/656 1492/540/656
f 1488/531/657 1492/540/657 1489/535/657
f 1489/535/658 1493/541/658 1703/537/658
f 2285/542/659 2286/543/659 2287/544/659
f 1492/540/660 1493/541/660 1489/535/660
f 1707/539/661 1701/545/661 1492/540/661
f 1492/540/662 1701/545/662 1493/541/662
f 1304/546/663 1238/547/663 1310/548/663
f 1238/547/664 1241/549/664 1310/548/664
f 1691/550/665 1507/422/665 1690/551/665
f 1690/551/666 1507/422/666 1509/552/666
f 1509/552/667 1507/422/667 1508/553/667
f 1508/553/668 1507/422/668 1505/554/668
f 1507/422/669 1506/424/669 1505/554/669
f 1691/550/670 1602/425/670 1507/422/670
f 1007/555/671 1006/556/671 997/557/671
f 1007/555/672 997/557/672 1004/558/672
f 1506/424/673 1504/426/673 1505/554/673
f 1724/559/674 1602/425/674 1691/550/674
f 1505/554/675 1502/428/675 1511/560/675
f 2575/561/676 2574/562/676 2576/563/676
f 1724/559/677 1603/427/677 1602/425/677
f 1504/426/678 1502/428/678 1505/554/678
f 1502/428/679 1330/429/679 1511/560/679
f 2571/564/680 2568/358/680 2574/562/680
f 2575/561/681 2571/564/681 2574/562/681
f 2571/564/682 2490/359/682 2568/358/682
f 1330/429/683 1592/430/683 1331/565/683
f 2490/359/684 2472/566/684 2489/431/684
f 1331/565/685 1592/430/685 1334/567/685
f 2489/431/686 2472/566/686 2451/568/686
f 2489/431/687 2451/568/687 2488/432/687
f 1592/430/688 1337/433/688 1334/567/688
f 2488/432/689 2452/569/689 2468/570/689
f 2488/432/690 2468/570/690 2557/364/690
f 2468/570/691 2555/367/691 2557/364/691
f 1337/433/692 1339/434/692 1338/571/692
f 2555/367/693 2468/570/693 2483/572/693
f 2555/367/694 2483/572/694 2553/435/694
f 2553/435/695 2473/573/695 2570/574/695
f 2553/435/696 2570/574/696 2548/437/696
f 2570/574/697 2546/439/697 2548/437/697
f 2570/574/698 2535/575/698 2546/439/698
f 1640/438/699 1481/375/699 1626/576/699
f 1481/375/700 1482/378/700 1626/576/700
f 2531/577/701 2545/376/701 2546/439/701
f 1482/378/702 1627/578/702 1626/576/702
f 2531/577/703 2520/579/703 2545/376/703
f 1482/378/704 1588/441/704 1627/578/704
f 2520/579/705 2513/440/705 2545/376/705
f 2510/580/706 2507/443/706 2513/440/706
f 1588/441/707 1604/581/707 1627/578/707
f 1469/442/708 1604/581/708 1588/441/708
f 2507/443/709 2504/582/709 2509/444/709
f 1469/442/710 1470/450/710 1604/581/710
f 1967/583/711 1958/584/711 1968/585/711
f 2504/582/712 2495/586/712 2508/393/712
f 2509/444/713 2504/582/713 2508/393/713
f 2361/587/714 2362/588/714 2363/456/714
f 1470/450/715 1598/466/715 1604/581/715
f 1705/459/716 1680/589/716 1663/457/716
f 2067/590/717 2066/591/717 2076/592/717
f 2076/592/718 2054/593/718 2077/594/718
f 1680/589/719 1659/464/719 1663/457/719
f 1598/466/720 1659/464/720 1680/589/720
f 2142/471/721 2143/595/721 2144/472/721
f 2144/472/722 2143/595/722 2146/596/722
f 1598/466/723 1646/474/723 1659/464/723
f 2494/597/724 2542/473/724 2508/393/724
f 1598/466/725 1597/465/725 1646/474/725
f 1646/474/726 1661/476/726 1660/598/726
f 1646/474/727 1660/598/727 1659/464/727
f 1659/464/728 1660/598/728 1662/460/728
f 1962/599/729 1963/600/729 2023/601/729
f 1718/475/730 1682/602/730 1661/476/730
f 2429/603/731 2430/604/731 2431/605/731
f 1661/476/732 1682/602/732 1660/598/732
f 1660/598/733 1664/467/733 1662/460/733
f 1682/602/734 1678/606/734 1660/598/734
f 2269/607/735 2270/608/735 2271/609/735
f 1660/598/736 1678/606/736 1664/467/736
f 1962/599/737 1960/610/737 1963/600/737
f 1962/599/738 1961/481/738 1960/610/738
f 2494/597/739 2491/478/739 2542/473/739
f 2494/597/740 2492/611/740 2491/478/740
f 1961/481/741 1950/612/741 1960/610/741
f 2491/478/742 2492/611/742 2493/613/742
f 1961/481/743 1953/482/743 1950/612/743
f 2493/613/744 2496/614/744 2491/478/744
f 2491/478/745 2496/614/745 2497/483/745
f 2497/483/746 2496/614/746 2498/485/746
f 1953/482/747 1948/486/747 1950/612/747
f 2532/487/748 2498/485/748 2516/615/748
f 2518/616/749 2522/489/749 2532/487/749
f 2516/615/750 2518/616/750 2532/487/750
f 1948/486/751 1929/617/751 1944/618/751
f 1948/486/752 1956/490/752 1929/617/752
f 1956/490/753 1939/619/753 1929/617/753
f 1956/490/754 1959/497/754 1939/619/754
f 1959/497/755 1933/620/755 1939/619/755
f 1286/494/756 1284/499/756 1299/498/756
f 1959/497/757 1934/621/757 1933/620/757
f 1284/499/758 1281/622/758 1294/412/758
f 1281/622/759 1280/623/759 1294/412/759
f 1964/501/760 1938/624/760 1934/621/760
f 1280/623/761 1292/502/761 1294/412/761
f 1292/502/762 1280/623/762 1285/625/762
f 1976/505/763 1943/626/763 1938/624/763
f 1964/501/764 1976/505/764 1938/624/764
f 1285/625/765 1276/627/765 1292/502/765
f 1292/502/766 1276/627/766 1298/506/766
f 1276/627/767 1291/628/767 1298/506/767
f 1976/505/768 1979/629/768 1943/626/768
f 1976/505/769 1977/510/769 1979/629/769
f 1298/506/770 1291/628/770 1303/630/770
f 1717/631/771 1457/509/771 1706/632/771
f 1457/509/772 1435/515/772 1706/632/772
f 1291/628/773 1293/633/773 1303/630/773
f 1291/628/774 1275/634/774 1293/633/774
f 1303/630/775 1293/633/775 1307/635/775
f 1435/515/776 1442/519/776 1608/636/776
f 1435/515/777 1608/636/777 1706/632/777
f 1307/635/778 1293/633/778 1308/637/778
f 1608/636/779 1442/519/779 1638/638/779
f 1293/633/780 1295/639/780 1308/637/780
f 1442/519/781 1467/521/781 1638/638/781
f 1308/637/782 1295/639/782 1309/640/782
f 1638/638/783 1467/521/783 1708/641/783
f 1295/639/784 1273/642/784 1296/643/784
f 1295/639/785 1296/643/785 1309/640/785
f 1467/521/786 1576/524/786 1708/641/786
f 1708/641/787 1576/524/787 1725/644/787
f 1576/524/788 1658/527/788 1725/644/788
f 1296/643/789 1297/645/789 1309/640/789
f 1309/640/790 1297/645/790 1306/646/790
f 924/647/791 900/648/791 887/649/791
f 959/650/792 937/651/792 946/652/792
f 2288/653/793 2290/654/793 2286/543/793
f 2288/653/794 2286/543/794 2285/542/794
f 1297/645/795 1288/655/795 1306/646/795
f 1297/645/796 1278/656/796 1288/655/796
f 1288/655/797 1304/546/797 1306/646/797
f 2298/657/798 2297/658/798 2300/659/798
f 1288/655/799 1279/660/799 1304/546/799
f 1304/546/800 1279/660/800 1238/547/800
f 1238/547/801 1235/661/801 1241/549/801
f 1541/662/802 1512/663/802 1513/664/802
f 1513/664/803 1510/665/803 1514/666/803
f 1514/666/804 1510/665/804 1325/667/804
f 1001/668/805 998/669/805 1002/670/805
f 1586/671/806 1601/672/806 1541/662/806
f 1512/663/807 1510/665/807 1513/664/807
f 1510/665/808 1324/673/808 1325/667/808
f 1601/672/809 1509/552/809 1541/662/809
f 1541/662/810 1509/552/810 1512/663/810
f 1512/663/811 1509/552/811 1510/665/811
f 998/669/812 996/674/812 1006/556/812
f 1601/672/813 1690/551/813 1509/552/813
f 1508/553/814 1318/675/814 1324/673/814
f 1510/665/815 1508/553/815 1324/673/815
f 1509/552/816 1508/553/816 1510/665/816
f 1508/553/817 1321/676/817 1318/675/817
f 1006/556/818 996/674/818 997/557/818
f 1508/553/819 1505/554/819 1511/560/819
f 1508/553/820 1511/560/820 1321/676/820
f 1321/676/821 1511/560/821 1328/677/821
f 1004/558/822 997/557/822 1000/678/822
f 1004/558/823 1000/678/823 1005/679/823
f 1000/678/824 1008/680/824 1005/679/824
f 1330/429/825 1329/681/825 1328/677/825
f 1005/679/826 1008/680/826 1009/682/826
f 1330/429/827 1331/565/827 1329/681/827
f 1009/682/828 1008/680/828 1011/683/828
f 1329/681/829 1331/565/829 1332/684/829
f 1011/683/830 1012/685/830 1009/682/830
f 1011/683/831 1013/686/831 1012/685/831
f 1332/684/832 1334/567/832 1335/687/832
f 1334/567/833 1336/688/833 1335/687/833
f 1999/689/834 2022/690/834 2006/691/834
f 2006/691/835 2000/692/835 1999/689/835
f 2006/691/836 2004/693/836 2000/692/836
f 2006/691/837 2022/690/837 2004/693/837
f 2022/690/838 2027/694/838 2004/693/838
f 2004/693/839 2027/694/839 2003/695/839
f 2004/693/840 2003/695/840 2000/692/840
f 2553/435/841 2483/572/841 2473/573/841
f 2570/574/842 2477/696/842 2535/575/842
f 2003/695/843 2029/697/843 1994/698/843
f 2535/575/844 2479/699/844 2531/577/844
f 2535/575/845 2531/577/845 2546/439/845
f 2531/577/846 2527/700/846 2520/579/846
f 1970/701/847 1971/702/847 1978/703/847
f 2520/579/848 2512/704/848 2513/440/848
f 2513/440/849 2512/704/849 2510/580/849
f 1970/701/850 1969/705/850 1971/702/850
f 2510/580/851 2512/704/851 2506/706/851
f 1970/701/852 1968/585/852 1969/705/852
f 2510/580/853 2506/706/853 2507/443/853
f 2507/443/854 2506/706/854 2504/582/854
f 1968/585/855 1958/584/855 1969/705/855
f 1967/583/856 1951/707/856 1958/584/856
f 2495/586/857 2494/597/857 2508/393/857
f 2494/597/858 2495/586/858 2492/611/858
f 2429/603/859 2433/708/859 2430/604/859
f 1960/610/860 1914/709/860 1963/600/860
f 1963/600/861 1914/709/861 1918/710/861
f 1960/610/862 1957/711/862 1914/709/862
f 1960/610/863 1950/612/863 1957/711/863
f 1950/612/864 1940/712/864 1957/711/864
f 2496/614/865 2514/713/865 2498/485/865
f 1948/486/866 1940/712/866 1950/612/866
f 1948/486/867 1944/618/867 1940/712/867
f 2498/485/868 2515/714/868 2516/615/868
f 1929/617/869 1939/619/869 1926/715/869
f 1939/619/870 1933/620/870 1928/716/870
f 1285/625/871 1280/623/871 1276/627/871
f 1291/628/872 1276/627/872 1275/634/872
f 928/717/873 890/718/873 891/719/873
f 1275/634/874 1271/720/874 1293/633/874
f 1271/720/875 1272/721/875 1293/633/875
f 1272/721/876 1295/639/876 1293/633/876
f 1295/639/877 1272/721/877 1273/642/877
f 1296/643/878 1273/642/878 1274/722/878
f 963/723/879 947/724/879 939/725/879
f 947/724/880 964/726/880 945/727/880
f 1296/643/881 1274/722/881 1277/728/881
f 1277/728/882 1297/645/882 1296/643/882
f 1277/728/883 1278/656/883 1297/645/883
f 2289/729/884 2295/730/884 2296/731/884
f 1278/656/885 1279/660/885 1288/655/885
f 1238/547/886 1231/732/886 1235/661/886
f 1559/733/887 1537/734/887 1544/735/887
f 1544/735/888 1537/734/888 1536/736/888
f 1559/733/889 1566/737/889 1575/738/889
f 1559/733/890 1575/738/890 1537/734/890
f 1537/734/891 1516/739/891 1536/736/891
f 1536/736/892 1516/739/892 1517/740/892
f 1517/740/893 1515/741/893 1518/742/893
f 1518/742/894 1531/743/894 1530/744/894
f 1566/737/895 1610/745/895 1575/738/895
f 1575/738/896 1539/746/896 1537/734/896
f 1537/734/897 1539/746/897 1516/739/897
f 1515/741/898 1323/747/898 1518/742/898
f 1518/742/899 1323/747/899 1531/743/899
f 1516/739/900 1515/741/900 1517/740/900
f 1610/745/901 1585/748/901 1575/738/901
f 1575/738/902 1585/748/902 1539/746/902
f 1539/746/903 1513/664/903 1516/739/903
f 1610/745/904 1693/749/904 1585/748/904
f 1516/739/905 1513/664/905 1515/741/905
f 1515/741/906 1514/666/906 1323/747/906
f 1693/749/907 1586/671/907 1585/748/907
f 1585/748/908 1586/671/908 1541/662/908
f 1585/748/909 1541/662/909 1539/746/909
f 1513/664/910 1514/666/910 1515/741/910
f 1514/666/911 1322/750/911 1323/747/911
f 1539/746/912 1541/662/912 1513/664/912
f 1790/751/913 1794/752/913 1795/753/913
f 1514/666/914 1325/667/914 1315/754/914
f 1514/666/915 1315/754/915 1322/750/915
f 1795/753/916 1794/752/916 1798/755/916
f 1325/667/917 1313/756/917 1315/754/917
f 1325/667/918 1324/673/918 1313/756/918
f 1001/668/919 999/757/919 998/669/919
f 998/669/920 999/757/920 974/758/920
f 998/669/921 974/758/921 996/674/921
f 2016/759/922 2009/760/922 2017/761/922
f 2014/762/923 2009/760/923 2016/759/923
f 2009/760/924 2018/763/924 2017/761/924
f 2009/760/925 2008/764/925 2018/763/925
f 2014/762/926 2010/765/926 2009/760/926
f 2015/766/927 2010/765/927 2014/762/927
f 2009/760/928 2002/767/928 2008/764/928
f 2008/764/929 2013/768/929 2018/763/929
f 2009/760/930 2007/769/930 2002/767/930
f 2010/765/931 2007/769/931 2009/760/931
f 2002/767/932 2005/770/932 2008/764/932
f 2450/771/933 2467/772/933 2454/773/933
f 2467/772/934 2471/774/934 2442/775/934
f 2008/764/935 2005/770/935 2013/768/935
f 2450/771/936 2464/776/936 2467/772/936
f 2464/776/937 2471/774/937 2467/772/937
f 2002/767/938 1998/777/938 2005/770/938
f 2005/770/939 2012/778/939 2013/768/939
f 2445/779/940 2451/568/940 2450/771/940
f 2451/568/941 2464/776/941 2450/771/941
f 2464/776/942 2472/566/942 2471/774/942
f 2007/769/943 2001/780/943 2002/767/943
f 2001/780/944 1998/777/944 2002/767/944
f 2001/780/945 1999/689/945 1998/777/945
f 2464/776/946 2451/568/946 2472/566/946
f 2452/569/947 2451/568/947 2445/779/947
f 2005/770/948 1997/781/948 2012/778/948
f 2005/770/949 1998/777/949 1997/781/949
f 1997/781/950 2011/782/950 2012/778/950
f 1998/777/951 1996/783/951 1997/781/951
f 2445/779/952 2444/784/952 2452/569/952
f 1998/777/953 1999/689/953 1996/783/953
f 2444/784/954 2468/570/954 2452/569/954
f 1999/689/955 2000/692/955 1996/783/955
f 1997/781/956 1995/785/956 2011/782/956
f 2443/786/957 2457/787/957 2444/784/957
f 2457/787/958 2468/570/958 2444/784/958
f 1997/781/959 1996/783/959 1995/785/959
f 2462/788/960 2483/572/960 2468/570/960
f 2457/787/961 2462/788/961 2468/570/961
f 2460/789/962 2462/788/962 2457/787/962
f 1996/783/963 1991/790/963 1995/785/963
f 2000/692/964 1994/698/964 1996/783/964
f 2460/789/965 2473/573/965 2462/788/965
f 2462/788/966 2473/573/966 2483/572/966
f 2000/692/967 2003/695/967 1994/698/967
f 1996/783/968 1994/698/968 1991/790/968
f 2473/573/969 2477/696/969 2570/574/969
f 1994/698/970 1990/791/970 1991/790/970
f 1990/791/971 1981/792/971 1991/790/971
f 1981/792/972 1983/793/972 1991/790/972
f 2535/575/973 2477/696/973 2479/699/973
f 1981/792/974 1982/794/974 1983/793/974
f 1982/794/975 1981/792/975 1980/795/975
f 1990/791/976 1978/703/976 1981/792/976
f 2531/577/977 2528/796/977 2527/700/977
f 1981/792/978 1978/703/978 1980/795/978
f 1978/703/979 1971/702/979 1980/795/979
f 2527/700/980 2524/797/980 2520/579/980
f 1971/702/981 2026/798/981 1980/795/981
f 1969/705/982 1958/584/982 1952/799/982
f 2504/582/983 2503/800/983 2495/586/983
f 1958/584/984 1951/707/984 1952/799/984
f 2421/801/985 2424/802/985 2422/803/985
f 1957/711/986 1909/804/986 1914/709/986
f 1957/711/987 1940/712/987 1910/805/987
f 1957/711/988 1910/805/988 1909/804/988
f 2493/613/989 2500/806/989 2496/614/989
f 2498/485/990 2514/713/990 2515/714/990
f 1940/712/991 1921/807/991 1916/808/991
f 2515/714/992 2517/809/992 2516/615/992
f 2516/615/993 2517/809/993 2518/616/993
f 2518/616/994 2521/810/994 2522/489/994
f 2522/489/995 2521/810/995 2523/491/995
f 2523/491/996 2525/811/996 2526/405/996
f 1290/812/997 1287/813/997 1289/493/997
f 1289/493/998 1287/813/998 1286/494/998
f 1281/622/999 1282/814/999 1259/815/999
f 1281/622/1000 1259/815/1000 1280/623/1000
f 1937/816/1001 1936/817/1001 1934/621/1001
f 1280/623/1002 1257/818/1002 1276/627/1002
f 1196/819/1003 1194/820/1003 1193/821/1003
f 1192/822/1004 1189/823/1004 1199/824/1004
f 947/724/1005 963/723/1005 964/726/1005
f 1200/825/1006 1201/826/1006 1202/827/1006
f 2291/828/1007 2292/829/1007 2289/729/1007
f 2289/729/1008 2292/829/1008 2293/830/1008
f 1278/656/1009 1244/831/1009 1279/660/1009
f 1279/660/1010 1244/831/1010 1239/832/1010
f 1279/660/1011 1231/732/1011 1238/547/1011
f 2668/833/1012 2669/834/1012 2670/835/1012
f 2668/833/1013 2670/835/1013 2671/836/1013
f 1639/837/1014 1557/838/1014 1558/839/1014
f 1558/839/1015 1553/840/1015 1584/841/1015
f 1557/838/1016 1553/840/1016 1558/839/1016
f 2034/842/1017 2033/843/1017 2036/844/1017
f 1553/840/1018 1557/838/1018 1554/845/1018
f 1542/846/1019 1529/847/1019 1532/848/1019
f 1639/837/1020 1641/849/1020 1557/838/1020
f 1639/837/1021 1731/850/1021 1641/849/1021
f 1553/840/1022 1550/851/1022 1569/852/1022
f 1570/853/1023 1560/854/1023 1542/846/1023
f 1560/854/1024 1529/847/1024 1542/846/1024
f 1529/847/1025 1526/855/1025 1532/848/1025
f 1532/848/1026 1526/855/1026 1528/856/1026
f 1641/849/1027 1562/857/1027 1557/838/1027
f 1557/838/1028 1562/857/1028 1554/845/1028
f 1554/845/1029 1549/858/1029 1553/840/1029
f 1553/840/1030 1549/858/1030 1550/851/1030
f 1562/857/1031 1563/859/1031 1554/845/1031
f 1641/849/1032 1700/860/1032 1562/857/1032
f 1562/857/1033 1700/860/1033 1563/859/1033
f 1554/845/1034 1552/861/1034 1549/858/1034
f 1579/862/1035 1560/854/1035 1570/853/1035
f 1791/863/1036 1785/864/1036 1786/865/1036
f 1792/866/1037 1791/863/1037 1786/865/1037
f 1529/847/1038 1521/867/1038 1526/855/1038
f 1554/845/1039 1563/859/1039 1552/861/1039
f 1552/861/1040 1548/868/1040 1549/858/1040
f 1569/852/1041 1550/851/1041 1551/869/1041
f 1569/852/1042 1551/869/1042 1577/870/1042
f 1579/862/1043 1564/871/1043 1560/854/1043
f 1526/855/1044 1521/867/1044 1523/872/1044
f 1563/859/1045 1568/873/1045 1552/861/1045
f 1549/858/1046 1548/868/1046 1550/851/1046
f 1550/851/1047 1547/874/1047 1551/869/1047
f 1560/854/1048 1519/875/1048 1529/847/1048
f 1521/867/1049 1522/876/1049 1523/872/1049
f 1786/865/1050 1780/877/1050 1793/878/1050
f 1786/865/1051 1785/864/1051 1780/877/1051
f 1550/851/1052 1548/868/1052 1547/874/1052
f 1560/854/1053 1564/871/1053 1519/875/1053
f 1519/875/1054 1521/867/1054 1529/847/1054
f 1785/864/1055 1781/879/1055 1780/877/1055
f 1563/859/1056 1656/880/1056 1568/873/1056
f 1552/861/1057 1555/881/1057 1548/868/1057
f 1579/862/1058 1561/882/1058 1564/871/1058
f 1522/876/1059 1595/883/1059 1523/872/1059
f 1552/861/1060 1568/873/1060 1555/881/1060
f 1613/884/1061 1611/885/1061 1579/862/1061
f 1519/875/1062 1520/886/1062 1521/867/1062
f 1780/877/1063 1781/879/1063 1782/887/1063
f 1568/873/1064 1567/888/1064 1555/881/1064
f 1611/885/1065 1561/882/1065 1579/862/1065
f 1568/873/1066 1656/880/1066 1567/888/1066
f 1548/868/1067 1546/889/1067 1547/874/1067
f 1551/869/1068 1545/890/1068 1577/870/1068
f 1577/870/1069 1545/890/1069 1578/891/1069
f 1538/892/1070 1519/875/1070 1564/871/1070
f 1561/882/1071 1538/892/1071 1564/871/1071
f 1520/886/1072 1522/876/1072 1521/867/1072
f 1782/887/1073 1779/893/1073 1780/877/1073
f 1780/877/1074 1779/893/1074 1777/894/1074
f 1656/880/1075 1657/895/1075 1567/888/1075
f 1548/868/1076 1555/881/1076 1546/889/1076
f 1551/869/1077 1547/874/1077 1545/890/1077
f 1520/886/1078 1524/896/1078 1522/876/1078
f 1522/876/1079 1524/896/1079 1596/897/1079
f 1547/874/1080 1546/889/1080 1545/890/1080
f 1578/891/1081 1545/890/1081 1565/898/1081
f 1578/891/1082 1565/898/1082 1612/899/1082
f 1612/899/1083 1565/898/1083 1611/885/1083
f 1611/885/1084 1565/898/1084 1561/882/1084
f 1555/881/1085 1556/900/1085 1546/889/1085
f 1779/893/1086 1778/901/1086 1777/894/1086
f 1853/902/1087 1829/903/1087 1831/904/1087
f 1555/881/1088 1567/888/1088 1566/737/1088
f 1566/737/1089 1556/900/1089 1555/881/1089
f 1546/889/1090 1544/735/1090 1545/890/1090
f 1545/890/1091 1536/736/1091 1565/898/1091
f 1536/736/1092 1538/892/1092 1561/882/1092
f 1565/898/1093 1536/736/1093 1561/882/1093
f 1538/892/1094 1517/740/1094 1519/875/1094
f 1778/901/1095 1774/905/1095 1777/894/1095
f 1777/894/1096 1774/905/1096 1773/906/1096
f 1567/888/1097 1657/895/1097 1566/737/1097
f 1546/889/1098 1556/900/1098 1544/735/1098
f 1544/735/1099 1536/736/1099 1545/890/1099
f 1519/875/1100 1518/742/1100 1520/886/1100
f 1518/742/1101 1525/907/1101 1520/886/1101
f 1852/908/1102 1829/903/1102 1853/902/1102
f 1520/886/1103 1525/907/1103 1524/896/1103
f 1517/740/1104 1518/742/1104 1519/875/1104
f 1852/908/1105 1848/909/1105 1829/903/1105
f 1773/906/1106 1776/910/1106 1777/894/1106
f 1773/906/1107 1775/911/1107 1776/910/1107
f 1559/733/1108 1544/735/1108 1556/900/1108
f 1852/908/1109 1846/912/1109 1848/909/1109
f 1777/894/1110 1776/910/1110 1783/913/1110
f 1777/894/1111 1783/913/1111 1797/914/1111
f 1556/900/1112 1566/737/1112 1559/733/1112
f 1536/736/1113 1517/740/1113 1538/892/1113
f 1518/742/1114 1530/744/1114 1525/907/1114
f 1852/908/1115 1851/915/1115 1846/912/1115
f 1776/910/1116 1784/916/1116 1783/913/1116
f 1783/913/1117 1784/916/1117 1787/917/1117
f 1783/913/1118 1787/917/1118 1797/914/1118
f 1850/918/1119 1842/919/1119 1851/915/1119
f 1784/916/1120 1788/920/1120 1787/917/1120
f 1850/918/1121 1839/921/1121 1842/919/1121
f 1849/922/1122 1839/921/1122 1850/918/1122
f 1788/920/1123 1789/923/1123 1787/917/1123
f 1787/917/1124 1789/923/1124 1790/751/1124
f 1323/747/1125 1322/750/1125 1320/924/1125
f 1849/922/1126 1840/925/1126 1839/921/1126
f 1789/923/1127 1794/752/1127 1790/751/1127
f 1322/750/1128 1315/754/1128 1320/924/1128
f 1794/752/1129 1789/923/1129 1796/926/1129
f 1315/754/1130 1319/927/1130 1320/924/1130
f 984/928/1131 1001/668/1131 1003/929/1131
f 1003/929/1132 989/930/1132 984/928/1132
f 1001/668/1133 984/928/1133 999/757/1133
f 974/758/1134 976/931/1134 996/674/1134
f 996/674/1135 976/931/1135 978/932/1135
f 2019/933/1136 2024/934/1136 2025/935/1136
f 2025/935/1137 2024/934/1137 2016/759/1137
f 2025/935/1138 2016/759/1138 2017/761/1138
f 2025/935/1139 2017/761/1139 1905/936/1139
f 1321/676/1140 1326/937/1140 1316/938/1140
f 2017/761/1141 1898/939/1141 1905/936/1141
f 996/674/1142 978/932/1142 997/557/1142
f 1321/676/1143 1327/940/1143 1326/937/1143
f 2015/766/1144 2014/762/1144 2019/933/1144
f 2019/933/1145 2014/762/1145 2024/934/1145
f 2017/761/1146 1895/941/1146 1898/939/1146
f 2024/934/1147 2014/762/1147 2016/759/1147
f 2454/773/1148 2470/942/1148 2453/943/1148
f 2017/761/1149 2018/763/1149 1895/941/1149
f 997/557/1150 978/932/1150 982/944/1150
f 997/557/1151 982/944/1151 1000/678/1151
f 2018/763/1152 1899/945/1152 1895/941/1152
f 2450/771/1153 2454/773/1153 2453/943/1153
f 2470/942/1154 2442/775/1154 2440/946/1154
f 2440/946/1155 2442/775/1155 2441/947/1155
f 2453/943/1156 2449/948/1156 2450/771/1156
f 2454/773/1157 2442/775/1157 2470/942/1157
f 2454/773/1158 2467/772/1158 2442/775/1158
f 2013/768/1159 1893/949/1159 1899/945/1159
f 2018/763/1160 2013/768/1160 1899/945/1160
f 2448/950/1161 2445/779/1161 2449/948/1161
f 2449/948/1162 2445/779/1162 2450/771/1162
f 2013/768/1163 1890/951/1163 1893/949/1163
f 2013/768/1164 2012/778/1164 1890/951/1164
f 2447/952/1165 2445/779/1165 2448/950/1165
f 2446/953/1166 2445/779/1166 2447/952/1166
f 2012/778/1167 1888/954/1167 1890/951/1167
f 2446/953/1168 2455/955/1168 2443/786/1168
f 2446/953/1169 2443/786/1169 2445/779/1169
f 2443/786/1170 2444/784/1170 2445/779/1170
f 2012/778/1171 2011/782/1171 1888/954/1171
f 2455/955/1172 2456/956/1172 2443/786/1172
f 2011/782/1173 2020/957/1173 1888/954/1173
f 2456/956/1174 2457/787/1174 2443/786/1174
f 2011/782/1175 1995/785/1175 2020/957/1175
f 2456/956/1176 2460/789/1176 2457/787/1176
f 2458/958/1177 2459/959/1177 2456/956/1177
f 2459/959/1178 2461/960/1178 2456/956/1178
f 1995/785/1179 1992/961/1179 2020/957/1179
f 2459/959/1180 2463/962/1180 2461/960/1180
f 2456/956/1181 2461/960/1181 2460/789/1181
f 2020/957/1182 1992/961/1182 2021/963/1182
f 1992/961/1183 1993/964/1183 2021/963/1183
f 1995/785/1184 1991/790/1184 1992/961/1184
f 2463/962/1185 2475/965/1185 2461/960/1185
f 1991/790/1186 1988/966/1186 1992/961/1186
f 1992/961/1187 1988/966/1187 1987/967/1187
f 1992/961/1188 1987/967/1188 1993/964/1188
f 2461/960/1189 2475/965/1189 2460/789/1189
f 2475/965/1190 2477/696/1190 2460/789/1190
f 2460/789/1191 2477/696/1191 2473/573/1191
f 1983/793/1192 1985/968/1192 1988/966/1192
f 1991/790/1193 1983/793/1193 1988/966/1193
f 1985/968/1194 1986/969/1194 1987/967/1194
f 1988/966/1195 1985/968/1195 1987/967/1195
f 2475/965/1196 2479/699/1196 2477/696/1196
f 1983/793/1197 1982/794/1197 1985/968/1197
f 1982/794/1198 1984/970/1198 1985/968/1198
f 1985/968/1199 1984/970/1199 1986/969/1199
f 2478/971/1200 2531/577/1200 2479/699/1200
f 2531/577/1201 2478/971/1201 2528/796/1201
f 1980/795/1202 1989/972/1202 1984/970/1202
f 2134/973/1203 2133/974/1203 2128/975/1203
f 2527/700/1204 2528/796/1204 2524/797/1204
f 1980/795/1205 2026/798/1205 1989/972/1205
f 2139/976/1206 2136/977/1206 2134/973/1206
f 2138/978/1207 2136/977/1207 2139/976/1207
f 2524/797/1208 2512/704/1208 2520/579/1208
f 2030/979/1209 2031/980/1209 2026/798/1209
f 2506/706/1210 2512/704/1210 2511/981/1210
f 2511/981/1211 2505/982/1211 2506/706/1211
f 2506/706/1212 2505/982/1212 2504/582/1212
f 2504/582/1213 2505/982/1213 2503/800/1213
f 2502/983/1214 2495/586/1214 2503/800/1214
f 2495/586/1215 2502/983/1215 2501/984/1215
f 1918/710/1216 1917/985/1216 1919/986/1216
f 2501/984/1217 2492/611/1217 2495/586/1217
f 1918/710/1218 1914/709/1218 1917/985/1218
f 2501/984/1219 2499/987/1219 2492/611/1219
f 1909/804/1220 1912/988/1220 1913/989/1220
f 2499/987/1221 2493/613/1221 2492/611/1221
f 2493/613/1222 2499/987/1222 2500/806/1222
f 1909/804/1223 1910/805/1223 1911/990/1223
f 2500/806/1224 2514/713/1224 2496/614/1224
f 1910/805/1225 1916/808/1225 1915/991/1225
f 2517/809/1226 2519/992/1226 2518/616/1226
f 1923/993/1227 1926/715/1227 1925/994/1227
f 2518/616/1228 2519/992/1228 2521/810/1228
f 2523/491/1229 2521/810/1229 2525/811/1229
f 1926/715/1230 1928/716/1230 1927/995/1230
f 1286/494/1231 1287/813/1231 1283/996/1231
f 1286/494/1232 1283/996/1232 1284/499/1232
f 1283/996/1233 1281/622/1233 1284/499/1233
f 1281/622/1234 1283/996/1234 1282/814/1234
f 1280/623/1235 1259/815/1235 1257/818/1235
f 920/997/1236 898/998/1236 912/999/1236
f 1276/627/1237 1257/818/1237 1255/1000/1237
f 1276/627/1238 1255/1000/1238 1275/634/1238
f 1275/634/1239 1255/1000/1239 1253/1001/1239
f 1275/634/1240 1253/1001/1240 1271/720/1240
f 1253/1001/1241 1251/1002/1241 1271/720/1241
f 1198/1003/1242 1197/1004/1242 1196/819/1242
f 1271/720/1243 1251/1002/1243 1272/721/1243
f 1196/819/1244 1197/1004/1244 1194/820/1244
f 1272/721/1245 1251/1002/1245 1249/1005/1245
f 1272/721/1246 1249/1005/1246 1273/642/1246
f 1194/820/1247 1191/1006/1247 1193/821/1247
f 1193/821/1248 1191/1006/1248 1192/822/1248
f 1192/822/1249 1191/1006/1249 1189/823/1249
f 1189/823/1250 1190/1007/1250 1199/824/1250
f 1273/642/1251 1249/1005/1251 1274/722/1251
f 1199/824/1252 1190/1007/1252 1200/825/1252
f 1249/1005/1253 1246/1008/1253 1274/722/1253
f 1200/825/1254 1190/1007/1254 1201/826/1254
f 1274/722/1255 1246/1008/1255 1277/728/1255
f 1201/826/1256 1203/1009/1256 1202/827/1256
f 1202/827/1257 1203/1009/1257 1204/1010/1257
f 1277/728/1258 1246/1008/1258 1278/656/1258
f 1246/1008/1259 1244/831/1259 1278/656/1259
f 1279/660/1260 1239/832/1260 1231/732/1260
f 1231/732/1261 1233/1011/1261 1235/661/1261
f 1235/661/1262 1233/1011/1262 1236/1012/1262
f 1589/1013/1263 1570/853/1263 1542/846/1263
f 2037/1014/1264 2035/1015/1264 2034/842/1264
f 1584/841/1265 1553/840/1265 1699/1016/1265
f 1528/856/1266 1527/1017/1266 1694/1018/1266
f 1532/848/1267 1528/856/1267 1694/1018/1267
f 1553/840/1268 1569/852/1268 1699/1016/1268
f 2098/1019/1269 2097/1020/1269 2096/1021/1269
f 1569/852/1270 1722/1022/1270 1699/1016/1270
f 1736/1023/1271 1606/1024/1271 1570/853/1271
f 2096/1021/1272 2094/1025/1272 2093/1026/1272
f 1569/852/1273 1711/1027/1273 1722/1022/1273
f 1606/1024/1274 1579/862/1274 1570/853/1274
f 1528/856/1275 1526/855/1275 1527/1017/1275
f 2093/1026/1276 2094/1025/1276 2095/1028/1276
f 1698/1029/1277 1579/862/1277 1606/1024/1277
f 1526/855/1278 1523/872/1278 1527/1017/1278
f 1569/852/1279 1577/870/1279 1711/1027/1279
f 1697/1030/1280 1579/862/1280 1698/1029/1280
f 1523/872/1281 1714/1031/1281 1527/1017/1281
f 2095/1028/1282 2099/1032/1282 2100/1033/1282
f 1697/1030/1283 1614/1034/1283 1579/862/1283
f 1523/872/1284 1715/1035/1284 1714/1031/1284
f 1577/870/1285 1712/1036/1285 1711/1027/1285
f 1523/872/1286 1720/1037/1286 1715/1035/1286
f 1716/1038/1287 1613/884/1287 1614/1034/1287
f 1613/884/1288 1579/862/1288 1614/1034/1288
f 1595/883/1289 1721/1039/1289 1523/872/1289
f 1523/872/1290 1721/1039/1290 1720/1037/1290
f 1712/1036/1291 1577/870/1291 1713/1040/1291
f 1833/1041/1292 1834/1042/1292 1836/1043/1292
f 1577/870/1293 1578/891/1293 1713/1040/1293
f 1689/1044/1294 1611/885/1294 1613/884/1294
f 1833/1041/1295 1831/904/1295 1832/1045/1295
f 1833/1041/1296 1832/1045/1296 1835/1046/1296
f 1831/904/1297 1828/1047/1297 1832/1045/1297
f 1848/909/1298 1830/1048/1298 1829/903/1298
f 1848/909/1299 1837/1049/1299 1830/1048/1299
f 1846/912/1300 1847/1050/1300 1848/909/1300
f 1846/912/1301 1845/1051/1301 1847/1050/1301
f 1022/1052/1302 1020/1053/1302 1021/1054/1302
f 1846/912/1303 1842/919/1303 1845/1051/1303
f 1842/919/1304 1843/1055/1304 1845/1051/1304
f 1842/919/1305 1841/1056/1305 1843/1055/1305
f 1019/1057/1306 1018/1058/1306 1016/1059/1306
f 1842/919/1307 1839/921/1307 1841/1056/1307
f 1018/1058/1308 1014/1060/1308 1016/1059/1308
f 1016/1059/1309 1014/1060/1309 1015/1061/1309
f 1015/1061/1310 1014/1060/1310 989/930/1310
f 984/928/1311 974/758/1311 999/757/1311
f 2280/1062/1312 2281/1063/1312 2282/1064/1312
f 1316/938/1313 1326/937/1313 1333/1065/1313
f 2481/1066/1314 2453/943/1314 2484/1067/1314
f 2480/1068/1315 2453/943/1315 2481/1066/1315
f 2453/943/1316 2470/942/1316 2484/1067/1316
f 2470/942/1317 2486/1069/1317 2484/1067/1317
f 2469/1070/1318 2453/943/1318 2480/1068/1318
f 978/932/1319 981/1071/1319 982/944/1319
f 2440/946/1320 2437/1072/1320 2486/1069/1320
f 2469/1070/1321 2449/948/1321 2453/943/1321
f 491/1073/1322 474/1074/1322 496/1075/1322
f 1891/1076/1323 1890/951/1323 1887/1077/1323
f 2485/1078/1324 2455/955/1324 2446/953/1324
f 1890/951/1325 1885/1079/1325 1887/1077/1325
f 2485/1078/1326 2466/1080/1326 2455/955/1326
f 2466/1080/1327 2458/958/1327 2455/955/1327
f 1864/1081/1328 1861/1082/1328 1863/1083/1328
f 2466/1080/1329 2459/959/1329 2458/958/1329
f 2455/955/1330 2458/958/1330 2456/956/1330
f 1861/1082/1331 1862/1084/1331 1863/1083/1331
f 1861/1082/1332 1858/1085/1332 1862/1084/1332
f 2465/1086/1333 2463/962/1333 2459/959/1333
f 2465/1086/1334 2487/1087/1334 2474/1088/1334
f 2465/1086/1335 2474/1088/1335 2463/962/1335
f 2474/1088/1336 2476/1089/1336 2463/962/1336
f 2463/962/1337 2476/1089/1337 2475/965/1337
f 1993/964/1338 1987/967/1338 2028/1090/1338
f 2123/1091/1339 2126/1092/1339 2127/1093/1339
f 2123/1091/1340 2122/1094/1340 2126/1092/1340
f 2123/1091/1341 2131/1095/1341 2124/1096/1341
f 357/1097/1342 358/1098/1342 359/1099/1342
f 2476/1089/1343 2478/971/1343 2475/965/1343
f 2131/1095/1344 2125/1100/1344 2124/1096/1344
f 2476/1089/1345 2482/1101/1345 2478/971/1345
f 2478/971/1346 2479/699/1346 2475/965/1346
f 2128/975/1347 2129/1102/1347 2130/1103/1347
f 2482/1101/1348 2573/1104/1348 2478/971/1348
f 2478/971/1349 2573/1104/1349 2572/1105/1349
f 2572/1105/1350 2528/796/1350 2478/971/1350
f 2128/975/1351 2133/974/1351 2132/1106/1351
f 2134/973/1352 2135/1107/1352 2133/974/1352
f 2136/977/1353 2137/1108/1353 2135/1107/1353
f 2524/797/1354 2534/1109/1354 2512/704/1354
f 500/1110/1355 436/1111/1355 438/1112/1355
f 2662/1113/1356 2663/1114/1356 2664/1115/1356
f 2505/982/1357 2530/1116/1357 2503/800/1357
f 2503/800/1358 2530/1116/1358 2502/983/1358
f 2514/713/1359 2529/1117/1359 2515/714/1359
f 2529/1117/1360 2517/809/1360 2515/714/1360
f 1197/1004/1361 1195/1118/1361 1194/820/1361
f 1194/820/1362 1195/1118/1362 1191/1006/1362
f 1187/1119/1363 1188/1120/1363 1189/823/1363
f 1189/823/1364 1188/1120/1364 1190/1007/1364
f 1190/1007/1365 1205/1121/1365 1201/826/1365
f 1203/1009/1366 1206/1122/1366 1207/1123/1366
f 2103/1124/1367 2101/1125/1367 2104/1126/1367
f 872/1127/1368 808/1128/1368 853/1129/1368
f 2665/1130/1369 2666/1131/1369 2667/1132/1369
f 345/1133/1370 347/1134/1370 354/1135/1370
f 1021/1054/1371 1020/1053/1371 1019/1057/1371
f 1020/1053/1372 1018/1058/1372 1019/1057/1372
f 1014/1060/1373 1010/1136/1373 989/930/1373
f 989/930/1374 985/1137/1374 984/928/1374
f 974/758/1375 984/928/1375 975/1138/1375
f 974/758/1376 975/1138/1376 976/931/1376
f 857/1139/1377 838/1140/1377 856/1141/1377
f 976/931/1378 977/1142/1378 978/932/1378
f 978/932/1379 980/1143/1379 981/1071/1379
f 361/1144/1380 454/1145/1380 362/1146/1380
f 2587/1147/1381 2583/1148/1381 2588/1149/1381
f 2584/1150/1382 2583/1148/1382 2586/1151/1382
f 440/1152/1383 439/1153/1383 441/1154/1383
f 441/1154/1384 439/1153/1384 299/1155/1384
f 294/1156/1385 293/1157/1385 292/1158/1385
f 292/1158/1386 285/1159/1386 284/1160/1386
f 284/1160/1387 286/1161/1387 287/1162/1387
f 1033/1163/1388 1034/1164/1388 1035/1165/1388
f 291/1166/1389 290/1167/1389 301/1168/1389
f 301/1168/1390 303/1169/1390 304/1170/1390
f 306/1171/1391 305/1172/1391 307/1173/1391
f 312/1174/1392 311/1175/1392 313/1176/1392
f 1259/815/1393 1258/1177/1393 1257/818/1393
f 1258/1177/1394 1256/1178/1394 1257/818/1394
f 1257/818/1395 1256/1178/1395 1255/1000/1395
f 1256/1178/1396 1254/1179/1396 1255/1000/1396
f 1255/1000/1397 1254/1179/1397 1253/1001/1397
f 1254/1179/1398 1252/1180/1398 1253/1001/1398
f 1253/1001/1399 1252/1180/1399 1251/1002/1399
f 1252/1180/1400 1250/1181/1400 1251/1002/1400
f 1208/1182/1401 1214/1183/1401 1195/1118/1401
f 1197/1004/1402 1208/1182/1402 1195/1118/1402
f 1195/1118/1403 1209/1184/1403 1191/1006/1403
f 1251/1002/1404 1250/1181/1404 1249/1005/1404
f 1191/1006/1405 1209/1184/1405 1187/1119/1405
f 1187/1119/1406 1209/1184/1406 1210/1185/1406
f 1187/1119/1407 1210/1185/1407 1188/1120/1407
f 1188/1120/1408 1205/1121/1408 1190/1007/1408
f 1188/1120/1409 1211/1186/1409 1205/1121/1409
f 1248/1187/1410 1247/1188/1410 1246/1008/1410
f 1249/1005/1411 1248/1187/1411 1246/1008/1411
f 1201/826/1412 1205/1121/1412 1206/1122/1412
f 885/1189/1413 893/1190/1413 882/1191/1413
f 2350/1192/1414 2348/1193/1414 2349/1194/1414
f 2350/1192/1415 2332/1195/1415 2348/1193/1415
f 2348/1193/1416 2347/1196/1416 2349/1194/1416
f 1247/1188/1417 1245/1197/1417 1246/1008/1417
f 2348/1193/1418 2346/1198/1418 2347/1196/1418
f 1246/1008/1419 1245/1197/1419 1244/831/1419
f 1244/831/1420 1243/1199/1420 1239/832/1420
f 1239/832/1421 1234/1200/1421 1231/732/1421
f 1231/732/1422 1232/1201/1422 1233/1011/1422
f 984/928/1423 985/1137/1423 975/1138/1423
f 975/1138/1424 977/1142/1424 976/931/1424
f 977/1142/1425 979/1202/1425 978/932/1425
f 978/932/1426 979/1202/1426 980/1143/1426
f 980/1143/1427 992/1203/1427 981/1071/1427
f 446/1204/1428 447/1205/1428 444/1206/1428
f 435/1207/1429 408/1208/1429 436/1111/1429
f 408/1208/1430 437/1209/1430 436/1111/1430
f 438/1112/1431 439/1153/1431 440/1152/1431
f 439/1153/1432 297/1210/1432 299/1155/1432
f 299/1155/1433 297/1210/1433 298/1211/1433
f 295/1212/1434 296/1213/1434 293/1157/1434
f 1040/1214/1435 1046/1215/1435 1044/1216/1435
f 292/1158/1436 293/1157/1436 285/1159/1436
f 284/1160/1437 285/1159/1437 286/1161/1437
f 287/1162/1438 286/1161/1438 288/1217/1438
f 288/1217/1439 290/1167/1439 291/1166/1439
f 290/1167/1440 302/1218/1440 301/1168/1440
f 301/1168/1441 302/1218/1441 303/1169/1441
f 303/1169/1442 305/1172/1442 304/1170/1442
f 304/1170/1443 305/1172/1443 306/1171/1443
f 305/1172/1444 308/1219/1444 307/1173/1444
f 1208/1182/1445 1216/1220/1445 1214/1183/1445
f 1214/1183/1446 1209/1184/1446 1195/1118/1446
f 1210/1185/1447 1211/1186/1447 1188/1120/1447
f 1211/1186/1448 1215/1221/1448 1205/1121/1448
f 1215/1221/1449 1212/1222/1449 1205/1121/1449
f 1205/1121/1450 1212/1222/1450 1206/1122/1450
f 1212/1222/1451 1213/1223/1451 1206/1122/1451
f 2332/1195/1452 2339/1224/1452 2348/1193/1452
f 896/1225/1453 910/1226/1453 884/1227/1453
f 2348/1193/1454 2339/1224/1454 2346/1198/1454
f 2347/1196/1455 2346/1198/1455 2309/1228/1455
f 1142/1229/1456 1144/1230/1456 1152/1231/1456
f 1239/832/1457 1243/1199/1457 1234/1200/1457
f 1234/1200/1458 1237/1232/1458 1232/1201/1458
f 1231/732/1459 1234/1200/1459 1232/1201/1459
f 1232/1201/1460 1237/1232/1460 1240/1233/1460
f 975/1138/1461 986/1234/1461 977/1142/1461
f 977/1142/1462 983/1235/1462 979/1202/1462
f 979/1202/1463 983/1235/1463 980/1143/1463
f 980/1143/1464 993/1236/1464 992/1203/1464
f 499/1237/1465 448/1238/1465 453/1239/1465
f 453/1239/1466 448/1238/1466 446/1204/1466
f 448/1238/1467 447/1205/1467 446/1204/1467
f 447/1205/1468 445/1240/1468 444/1206/1468
f 444/1206/1469 445/1240/1469 442/1241/1469
f 1050/1242/1470 1063/1243/1470 1052/1244/1470
f 113/1245/1471 105/1246/1471 107/1247/1471
f 286/1161/1472 289/1248/1472 288/1217/1472
f 289/1248/1473 290/1167/1473 288/1217/1473
f 1260/1249/1474 1261/1250/1474 1258/1177/1474
f 1261/1250/1475 1262/1251/1475 1258/1177/1475
f 1258/1177/1476 1262/1251/1476 1256/1178/1476
f 1262/1251/1477 1263/1252/1477 1256/1178/1477
f 1256/1178/1478 1263/1252/1478 1254/1179/1478
f 1263/1252/1479 1264/1253/1479 1254/1179/1479
f 1252/1180/1480 1267/1254/1480 1266/1255/1480
f 1252/1180/1481 1266/1255/1481 1250/1181/1481
f 2324/1256/1482 2322/1257/1482 2323/1258/1482
f 1250/1181/1483 1266/1255/1483 1248/1187/1483
f 2322/1257/1484 2319/1259/1484 2323/1258/1484
f 2323/1258/1485 2319/1259/1485 2334/1260/1485
f 1165/1261/1486 1151/1262/1486 1159/1263/1486
f 2334/1260/1487 2318/1264/1487 2336/1265/1487
f 2334/1260/1488 2319/1259/1488 2318/1264/1488
f 1149/1266/1489 1158/1267/1489 1159/1263/1489
f 2318/1264/1490 2310/1268/1490 2336/1265/1490
f 2336/1265/1491 2310/1268/1491 2338/1269/1491
f 1248/1187/1492 1269/1270/1492 1247/1188/1492
f 1247/1188/1493 1269/1270/1493 1268/1271/1493
f 2338/1269/1494 2310/1268/1494 2312/1272/1494
f 1147/1273/1495 1145/1274/1495 1158/1267/1495
f 1247/1188/1496 1268/1271/1496 1245/1197/1496
f 2332/1195/1497 2333/1275/1497 2339/1224/1497
f 2339/1224/1498 2341/1276/1498 2346/1198/1498
f 2341/1276/1499 2344/1277/1499 2346/1198/1499
f 2346/1198/1500 2344/1277/1500 2308/1278/1500
f 2346/1198/1501 2308/1278/1501 2309/1228/1501
f 2309/1228/1502 2308/1278/1502 2307/1279/1502
f 1245/1197/1503 1265/1280/1503 1243/1199/1503
f 1153/1281/1504 1162/1282/1504 1160/1283/1504
f 789/1284/1505 765/1285/1505 430/1286/1505
f 986/1234/1506 987/1287/1506 977/1142/1506
f 994/1288/1507 993/1236/1507 995/1289/1507
f 422/1290/1508 428/1291/1508 486/1292/1508
f 486/1292/1509 488/1293/1509 472/1294/1509
f 462/1295/1510 472/1294/1510 487/1296/1510
f 499/1237/1511 450/1297/1511 448/1238/1511
f 439/1153/1512 402/1298/1512 297/1210/1512
f 99/1299/1513 88/1300/1513 87/1301/1513
f 88/1300/1514 85/1302/1514 87/1301/1514
f 87/1301/1515 85/1302/1515 86/1303/1515
f 86/1303/1516 85/1302/1516 84/1304/1516
f 761/1305/1517 756/1306/1517 858/1307/1517
f 297/1210/1518 402/1298/1518 400/1308/1518
f 858/1307/1519 756/1306/1519 870/1309/1519
f 85/1302/1520 82/1310/1520 84/1304/1520
f 88/1300/1521 89/1311/1521 85/1302/1521
f 89/1311/1522 110/1312/1522 98/1313/1522
f 82/1310/1523 83/1314/1523 84/1304/1523
f 98/1313/1524 97/1315/1524 89/1311/1524
f 89/1311/1525 97/1315/1525 85/1302/1525
f 82/1310/1526 90/1316/1526 83/1314/1526
f 97/1315/1527 96/1317/1527 85/1302/1527
f 85/1302/1528 96/1317/1528 82/1310/1528
f 82/1310/1529 96/1317/1529 94/1318/1529
f 82/1310/1530 94/1318/1530 90/1316/1530
f 96/1317/1531 104/1319/1531 94/1318/1531
f 105/1246/1532 104/1319/1532 96/1317/1532
f 801/1320/1533 745/1321/1533 795/1322/1533
f 297/1210/1534 400/1308/1534 296/1213/1534
f 293/1157/1535 300/1323/1535 285/1159/1535
f 285/1159/1536 300/1323/1536 286/1161/1536
f 1028/1324/1537 1062/1325/1537 1025/1326/1537
f 308/1219/1538 314/1327/1538 309/1328/1538
f 324/1329/1539 323/1330/1539 325/1331/1539
f 1252/1180/1540 1264/1253/1540 1267/1254/1540
f 2322/1257/1541 2325/1332/1541 2321/1333/1541
f 2321/1333/1542 2319/1259/1542 2322/1257/1542
f 2325/1332/1543 2326/1334/1543 2321/1333/1543
f 2321/1333/1544 2320/1335/1544 2319/1259/1544
f 2326/1334/1545 2320/1335/1545 2321/1333/1545
f 2320/1335/1546 2317/1336/1546 2319/1259/1546
f 2319/1259/1547 2317/1336/1547 2318/1264/1547
f 2326/1334/1548 2330/1337/1548 2320/1335/1548
f 2330/1337/1549 2327/1338/1549 2320/1335/1549
f 2320/1335/1550 2327/1338/1550 2317/1336/1550
f 2318/1264/1551 2317/1336/1551 2310/1268/1551
f 2330/1337/1552 2328/1339/1552 2327/1338/1552
f 2327/1338/1553 2328/1339/1553 2317/1336/1553
f 2328/1339/1554 2316/1340/1554 2317/1336/1554
f 2317/1336/1555 2316/1340/1555 2310/1268/1555
f 2316/1340/1556 2311/1341/1556 2310/1268/1556
f 2310/1268/1557 2311/1341/1557 2312/1272/1557
f 2330/1337/1558 2335/1342/1558 2328/1339/1558
f 2311/1341/1559 2313/1343/1559 2312/1272/1559
f 2312/1272/1560 2313/1343/1560 2315/1344/1560
f 2313/1343/1561 2332/1195/1561 2315/1344/1561
f 2328/1339/1562 2335/1342/1562 2329/1345/1562
f 2328/1339/1563 2329/1345/1563 2316/1340/1563
f 2313/1343/1564 2333/1275/1564 2332/1195/1564
f 2337/1346/1565 2340/1347/1565 2333/1275/1565
f 1155/1348/1566 1152/1231/1566 1164/1349/1566
f 1152/1231/1567 1163/1350/1567 1164/1349/1567
f 2333/1275/1568 2340/1347/1568 2339/1224/1568
f 2339/1224/1569 2340/1347/1569 2341/1276/1569
f 1245/1197/1570 1268/1271/1570 1265/1280/1570
f 2340/1347/1571 2342/1351/1571 2341/1276/1571
f 2341/1276/1572 2342/1351/1572 2344/1277/1572
f 2307/1279/1573 2308/1278/1573 2305/1352/1573
f 1152/1231/1574 1156/1353/1574 1157/1354/1574
f 2342/1351/1575 2305/1352/1575 2344/1277/1575
f 2344/1277/1576 2305/1352/1576 2308/1278/1576
f 1157/1354/1577 1156/1353/1577 1160/1283/1577
f 1243/1199/1578 1265/1280/1578 1242/1355/1578
f 1243/1199/1579 1242/1355/1579 1234/1200/1579
f 1234/1200/1580 1242/1355/1580 1237/1232/1580
f 429/1356/1581 426/1357/1581 425/1358/1581
f 439/1153/1582 403/1359/1582 402/1298/1582
f 109/1360/1583 86/1303/1583 93/1361/1583
f 93/1361/1584 91/1362/1584 100/1363/1584
f 93/1361/1585 86/1303/1585 91/1362/1585
f 822/1364/1586 758/1365/1586 761/1305/1586
f 91/1362/1587 103/1366/1587 100/1363/1587
f 91/1362/1588 95/1367/1588 103/1366/1588
f 86/1303/1589 84/1304/1589 91/1362/1589
f 84/1304/1590 95/1367/1590 91/1362/1590
f 95/1367/1591 102/1368/1591 103/1366/1591
f 84/1304/1592 92/1369/1592 95/1367/1592
f 95/1367/1593 92/1369/1593 102/1368/1593
f 84/1304/1594 83/1314/1594 92/1369/1594
f 83/1314/1595 101/1370/1595 92/1369/1595
f 92/1369/1596 101/1370/1596 106/1371/1596
f 2157/1372/1597 2156/1373/1597 2158/1374/1597
f 2155/1375/1598 2156/1373/1598 2157/1372/1598
f 745/1321/1599 742/1376/1599 746/1377/1599
f 2160/1378/1600 2159/1379/1600 2155/1375/1600
f 296/1213/1601 400/1308/1601 406/1380/1601
f 293/1157/1602 406/1380/1602 300/1323/1602
f 300/1323/1603 310/1381/1603 286/1161/1603
f 432/1382/1604 314/1327/1604 308/1219/1604
f 1066/1383/1605 1064/1384/1605 1036/1385/1605
f 2316/1340/1606 2314/1386/1606 2311/1341/1606
f 2311/1341/1607 2314/1386/1607 2313/1343/1607
f 2314/1386/1608 2337/1346/1608 2313/1343/1608
f 2316/1340/1609 2329/1345/1609 2314/1386/1609
f 2313/1343/1610 2337/1346/1610 2333/1275/1610
f 2149/1387/1611 2150/1388/1611 2151/1389/1611
f 2329/1345/1612 2331/1390/1612 2314/1386/1612
f 2357/1391/1613 2358/1392/1613 2359/1393/1613
f 2343/1394/1614 2342/1351/1614 2340/1347/1614
f 2359/1393/1615 2358/1392/1615 2360/1395/1615
f 850/1396/1616 777/1397/1616 738/1398/1616
f 2343/1394/1617 2345/1399/1617 2342/1351/1617
f 2342/1351/1618 2345/1399/1618 2305/1352/1618
f 1265/1280/1619 1270/1400/1619 1242/1355/1619
f 2345/1399/1620 2306/1401/1620 2305/1352/1620
f 402/1298/1621 383/1402/1621 400/1308/1621
f 400/1308/1622 399/1403/1622 406/1380/1622
f 300/1323/1623 401/1404/1623 407/1405/1623
f 579/1406/1624 580/1407/1624 583/1408/1624
f 849/1409/1625 722/1410/1625 724/1411/1625
f 381/1412/1626 376/1413/1626 399/1403/1626
f 321/1414/1627 803/1415/1627 779/1416/1627
f 382/1417/1628 366/1418/1628 383/1402/1628
f 381/1412/1629 366/1418/1629 367/1419/1629
f 1740/1420/1630 1737/1421/1630 1739/1422/1630
f 1737/1421/1631 1738/1423/1631 1739/1422/1631
f 1739/1422/1632 1738/1423/1632 1741/1424/1632
f 1741/1424/1633 1738/1423/1633 1744/1425/1633
f 1741/1424/1634 1744/1425/1634 1745/1426/1634
f 1745/1426/1635 1744/1425/1635 1752/1427/1635
f 390/1428/1636 529/1429/1636 539/1430/1636
f 1754/1431/1637 1749/1432/1637 1750/1433/1637
f 1750/1433/1638 1749/1432/1638 1748/1434/1638
f 1748/1434/1639 1749/1432/1639 1737/1421/1639
f 1748/1434/1640 1737/1421/1640 1740/1420/1640
f 1101/1435/1641 1097/1436/1641 1106/1437/1641
f 1108/1438/1642 1101/1435/1642 1106/1437/1642
f 1746/1439/1643 1753/1440/1643 1752/1427/1643
f 1744/1425/1644 1746/1439/1644 1752/1427/1644
f 231/1441/1645 233/1442/1645 240/1443/1645
f 231/1441/1646 240/1443/1646 265/1444/1646
f 821/1445/1647 812/1446/1647 609/2/1647
f 2414/1447/1648 2415/5/1648 2416/4/1648
f 2085/1448/1649 2088/1449/1649 2086/1450/1649
f 2085/1448/1650 2086/1450/1650 2087/1451/1650
f 234/1452/1651 255/1453/1651 233/1442/1651
f 233/1442/1652 255/1453/1652 254/1454/1652
f 254/1454/1653 268/1455/1653 240/1443/1653
f 233/1442/1654 254/1454/1654 240/1443/1654
f 1883/1456/1655 1874/1457/1655 1878/1458/1655
f 1883/1456/1656 1878/1458/1656 1880/1459/1656
f 1874/1457/1657 1876/1460/1657 1878/1458/1657
f 520/1461/1658 535/1462/1658 537/1463/1658
f 537/1463/1659 535/1462/1659 732/1464/1659
f 47/1465/1660 21/1466/1660 53/1467/1660
f 1756/1468/1661 1761/1469/1661 1772/1470/1661
f 1749/1432/1662 1743/1471/1662 1737/1421/1662
f 1743/1471/1663 1742/1472/1663 1737/1421/1663
f 1104/1473/1664 1097/1436/1664 1095/1474/1664
f 1737/1421/1665 1742/1472/1665 1738/1423/1665
f 1742/1472/1666 1746/1439/1666 1744/1425/1666
f 1738/1423/1667 1742/1472/1667 1744/1425/1667
f 1101/1435/1668 1094/1475/1668 1097/1436/1668
f 230/1476/1669 232/1477/1669 237/1478/1669
f 237/1478/1670 232/1477/1670 252/1479/1670
f 237/1478/1671 252/1479/1671 249/1480/1671
f 232/1477/1672 267/1481/1672 252/1479/1672
f 232/1477/1673 266/1482/1673 267/1481/1673
f 75/1483/1674 40/1484/1674 60/1485/1674
f 229/1486/1675 231/1441/1675 230/1476/1675
f 230/1476/1676 231/1441/1676 232/1477/1676
f 232/1477/1677 231/1441/1677 266/1482/1677
f 233/1442/1678 231/1441/1678 229/1486/1678
f 231/1441/1679 265/1444/1679 266/1482/1679
f 238/1487/1680 234/1452/1680 229/1486/1680
f 229/1486/1681 234/1452/1681 233/1442/1681
f 1878/1458/1682 1879/1488/1682 1880/1459/1682
f 239/1489/1683 248/1490/1683 238/1487/1683
f 238/1487/1684 248/1490/1684 234/1452/1684
f 2417/1491/1685 2418/1492/1685 2419/1493/1685
f 2419/1493/1686 2418/1492/1686 2415/5/1686
f 2408/1494/1687 2409/1495/1687 2410/1496/1687
f 2152/1497/1688 2153/1498/1688 2154/1499/1688
f 1761/1469/1689 1764/1500/1689 1772/1470/1689
f 1749/1432/1690 1751/1501/1690 1747/1502/1690
f 1749/1432/1691 1747/1502/1691 1743/1471/1691
f 1743/1471/1692 1747/1502/1692 1742/1472/1692
f 1099/1503/1693 1093/1504/1693 1100/1505/1693
f 1100/1505/1694 1093/1504/1694 1094/1475/1694
f 1100/1505/1695 1094/1475/1695 1101/1435/1695
f 237/1478/1696 249/1480/1696 235/1506/1696
f 2262/1507/1697 2265/1508/1697 2264/1509/1697
f 73/1510/1698 39/1511/1698 55/1512/1698
f 235/1506/1699 230/1476/1699 237/1478/1699
f 230/1476/1700 194/1513/1700 207/1514/1700
f 40/1484/1701 39/1511/1701 59/1515/1701
f 207/1514/1702 229/1486/1702 230/1476/1702
f 209/1516/1703 229/1486/1703 207/1514/1703
f 209/1516/1704 238/1487/1704 229/1486/1704
f 210/1517/1705 239/1489/1705 209/1516/1705
f 209/1516/1706 239/1489/1706 238/1487/1706
f 242/1518/1707 239/1489/1707 210/1517/1707
f 211/1519/1708 250/1520/1708 243/1521/1708
f 211/1519/1709 243/1521/1709 210/1517/1709
f 210/1517/1710 243/1521/1710 244/1522/1710
f 244/1522/1711 242/1518/1711 210/1517/1711
f 2391/1523/1712 2390/1524/1712 2392/1525/1712
f 250/1520/1713 251/1526/1713 243/1521/1713
f 250/1520/1714 272/1527/1714 251/1526/1714
f 2276/1528/1715 2277/1529/1715 2278/1530/1715
f 2426/1531/1716 2427/1532/1716 2428/1533/1716
f 2277/1529/1717 2279/1534/1717 2278/1530/1717
f 51/1535/1718 35/1536/1718 63/1537/1718
f 1755/1538/1719 1763/1539/1719 1764/1500/1719
f 199/1540/1720 235/1506/1720 236/1541/1720
f 2261/1542/1721 2262/1507/1721 2263/1543/1721
f 194/1513/1722 235/1506/1722 199/1540/1722
f 207/1514/1723 206/1544/1723 209/1516/1723
f 206/1544/1724 210/1517/1724 209/1516/1724
f 212/1545/1725 211/1519/1725 206/1544/1725
f 206/1544/1726 211/1519/1726 210/1517/1726
f 212/1545/1727 245/1546/1727 211/1519/1727
f 256/1547/1728 250/1520/1728 211/1519/1728
f 245/1546/1729 256/1547/1729 211/1519/1729
f 2389/1548/1730 2390/1524/1730 2391/1523/1730
f 203/1549/1731 199/1540/1731 236/1541/1731
f 203/1549/1732 236/1541/1732 274/1550/1732
f 192/1551/1733 199/1540/1733 203/1549/1733
f 192/1551/1734 194/1513/1734 199/1540/1734
f 206/1544/1735 207/1514/1735 194/1513/1735
f 2376/1552/1736 2378/1553/1736 2373/1554/1736
f 220/1555/1737 264/1556/1737 263/1557/1737
f 220/1555/1738 212/1545/1738 206/1544/1738
f 220/1555/1739 263/1557/1739 212/1545/1739
f 2373/1554/1740 2370/1558/1740 2372/1559/1740
f 2373/1554/1741 2378/1553/1741 2370/1558/1741
f 2370/1558/1742 2369/1560/1742 2372/1559/1742
f 2369/1560/1743 2370/1558/1743 2371/1561/1743
f 43/1562/1744 32/1563/1744 9/1564/1744
f 203/1549/1745 274/1550/1745 276/1565/1745
f 204/1566/1746 192/1551/1746 203/1549/1746
f 192/1551/1747 193/1567/1747 194/1513/1747
f 208/1568/1748 206/1544/1748 193/1567/1748
f 193/1567/1749 206/1544/1749 194/1513/1749
f 219/1569/1750 206/1544/1750 208/1568/1750
f 2374/1570/1751 2377/1571/1751 2375/1572/1751
f 2374/1570/1752 2375/1572/1752 2376/1552/1752
f 221/1573/1753 264/1556/1753 220/1555/1753
f 221/1573/1754 220/1555/1754 219/1569/1754
f 219/1569/1755 220/1555/1755 206/1544/1755
f 2376/1552/1756 2375/1572/1756 2378/1553/1756
f 196/1574/1757 204/1566/1757 241/1575/1757
f 241/1575/1758 204/1566/1758 203/1549/1758
f 241/1575/1759 203/1549/1759 277/1576/1759
f 195/1577/1760 192/1551/1760 196/1574/1760
f 196/1574/1761 192/1551/1761 204/1566/1761
f 195/1577/1762 193/1567/1762 192/1551/1762
f 193/1567/1763 215/1578/1763 208/1568/1763
f 215/1578/1764 228/1579/1764 219/1569/1764
f 219/1569/1765 208/1568/1765 215/1578/1765
f 2379/1580/1766 2377/1571/1766 2374/1570/1766
f 228/1579/1767 221/1573/1767 219/1569/1767
f 195/1577/1768 196/1574/1768 200/1581/1768
f 200/1581/1769 196/1574/1769 259/1582/1769
f 197/1583/1770 193/1567/1770 195/1577/1770
f 213/1584/1771 193/1567/1771 197/1583/1771
f 279/1585/1772 282/1586/1772 213/1584/1772
f 213/1584/1773 215/1578/1773 193/1567/1773
f 213/1584/1774 281/1587/1774 228/1579/1774
f 213/1584/1775 282/1586/1775 281/1587/1775
f 228/1579/1776 215/1578/1776 213/1584/1776
f 2379/1580/1777 2380/1588/1777 2377/1571/1777
f 201/1589/1778 195/1577/1778 246/1590/1778
f 195/1577/1779 200/1581/1779 246/1590/1779
f 198/1591/1780 195/1577/1780 201/1589/1780
f 197/1583/1781 195/1577/1781 198/1591/1781
f 214/1592/1782 197/1583/1782 198/1591/1782
f 214/1592/1783 213/1584/1783 197/1583/1783
f 214/1592/1784 279/1585/1784 213/1584/1784
f 202/1593/1785 201/1589/1785 253/1594/1785
f 253/1594/1786 201/1589/1786 280/1595/1786
f 202/1593/1787 198/1591/1787 201/1589/1787
f 216/1596/1788 214/1592/1788 198/1591/1788
f 217/1597/1789 214/1592/1789 216/1596/1789
f 261/1598/1790 214/1592/1790 217/1597/1790
f 261/1598/1791 279/1585/1791 214/1592/1791
f 216/1596/1792 205/1599/1792 227/1600/1792
f 205/1599/1793 202/1593/1793 273/1601/1793
f 205/1599/1794 216/1596/1794 198/1591/1794
f 205/1599/1795 198/1591/1795 202/1593/1795
f 218/1602/1796 217/1597/1796 216/1596/1796
f 218/1602/1797 260/1603/1797 217/1597/1797
f 260/1603/1798 261/1598/1798 217/1597/1798
f 78/1604/1799 15/1605/1799 80/1606/1799
f 80/1606/1800 15/1605/1800 79/1607/1800
f 226/1608/1801 227/1600/1801 257/1609/1801
f 257/1609/1802 227/1600/1802 258/1610/1802
f 223/1611/1803 222/1612/1803 224/1613/1803
f 226/1608/1804 222/1612/1804 216/1596/1804
f 226/1608/1805 216/1596/1805 227/1600/1805
f 223/1611/1806 275/1614/1806 269/1615/1806
f 223/1611/1807 218/1602/1807 222/1612/1807
f 218/1602/1808 216/1596/1808 222/1612/1808
f 269/1615/1809 260/1603/1809 218/1602/1809
f 269/1615/1810 218/1602/1810 223/1611/1810
f 78/1604/1811 69/1616/1811 16/1617/1811
f 78/1604/1812 16/1617/1812 15/1605/1812
f 2366/1618/1813 2367/1619/1813 2368/1620/1813
f 224/1613/1814 225/1621/1814 247/1622/1814
f 225/1621/1815 222/1612/1815 270/1623/1815
f 270/1623/1816 222/1612/1816 262/1624/1816
f 262/1624/1817 222/1612/1817 226/1608/1817
f 224/1613/1818 222/1612/1818 225/1621/1818
f 275/1614/1819 223/1611/1819 224/1613/1819
f 27/1625/1820 16/1617/1820 69/1616/1820
f 2120/31/1821 2117/33/1821 2121/1626/1821
f 2218/1627/1822 2233/1628/1822 2214/1629/1822
f 2396/1630/1823 2397/1631/1823 2398/1632/1823
f 2355/1633/1824 2352/1634/1824 2351/1635/1824
f 2212/1636/1825 2242/1637/1825 2193/1638/1825
f 2211/1639/1826 2214/1629/1826 2215/1640/1826
f 2213/41/1827 2218/1627/1827 2214/1629/1827
f 2215/1640/1828 2242/1637/1828 2212/1636/1828
f 2211/1639/1829 2215/1640/1829 2212/1636/1829
f 2213/41/1830 2214/1629/1830 2211/1639/1830
f 2352/1634/1831 2354/1641/1831 2353/1642/1831
f 2210/42/1832 2213/41/1832 2211/1639/1832
f 2210/42/1833 2211/1639/1833 2189/1643/1833
f 2211/1639/1834 2212/1636/1834 2189/1643/1834
f 2189/1643/1835 2212/1636/1835 2193/1638/1835
f 2351/1635/1836 2352/1634/1836 2353/1642/1836
f 2192/1644/1837 2189/1643/1837 2193/1638/1837
f 2353/1642/1838 2354/1641/1838 2356/1645/1838
f 2190/1646/1839 2253/1647/1839 2236/1648/1839
f 2179/43/1840 2210/42/1840 2189/1643/1840
f 2178/1649/1841 2179/43/1841 2189/1643/1841
f 2179/43/1842 2178/1649/1842 2173/55/1842
f 2189/1643/1843 2192/1644/1843 2190/1646/1843
f 2192/1644/1844 2253/1647/1844 2190/1646/1844
f 2189/1643/1845 2190/1646/1845 2191/1650/1845
f 2178/1649/1846 2189/1643/1846 2191/1650/1846
f 2174/56/1847 2178/1649/1847 2191/1650/1847
f 2173/55/1848 2178/1649/1848 2174/56/1848
f 2190/1646/1849 2236/1648/1849 2187/1651/1849
f 2236/1648/1850 2243/1652/1850 2187/1651/1850
f 2187/1651/1851 2243/1652/1851 2198/1653/1851
f 2198/1653/1852 2243/1652/1852 2254/1654/1852
f 2191/1650/1853 2190/1646/1853 2187/1651/1853
f 2184/1655/1854 2191/1650/1854 2187/1651/1854
f 2175/57/1855 2174/56/1855 2176/61/1855
f 2198/1653/1856 2254/1654/1856 2199/1656/1856
f 2382/1657/1857 2383/1658/1857 2384/1659/1857
f 2382/1657/1858 2384/1659/1858 2385/1660/1858
f 2184/1655/1859 2187/1651/1859 2186/1661/1859
f 2187/1651/1860 2198/1653/1860 2186/1661/1860
f 2186/1661/1861 2198/1653/1861 2199/1656/1861
f 190/1662/1862 137/65/1862 138/69/1862
f 2188/1663/1863 2191/1650/1863 2184/1655/1863
f 2174/56/1864 2191/1650/1864 2188/1663/1864
f 138/69/1865 136/68/1865 150/78/1865
f 2176/61/1866 2174/56/1866 2188/1663/1866
f 2180/1664/1867 2176/61/1867 2188/1663/1867
f 2177/62/1868 2176/61/1868 2180/1664/1868
f 2186/1661/1869 2199/1656/1869 2200/1665/1869
f 2200/1665/1870 2199/1656/1870 2245/1666/1870
f 2200/1665/1871 2245/1666/1871 2234/1667/1871
f 2184/1655/1872 2186/1661/1872 2185/1668/1872
f 2183/1669/1873 2184/1655/1873 2185/1668/1873
f 2188/1663/1874 2184/1655/1874 2183/1669/1874
f 2180/1664/1875 2188/1663/1875 2194/1670/1875
f 2181/1671/1876 2177/62/1876 2180/1664/1876
f 2200/1665/1877 2234/1667/1877 2216/1672/1877
f 2186/1661/1878 2200/1665/1878 2216/1672/1878
f 2186/1661/1879 2216/1672/1879 2217/1673/1879
f 2185/1668/1880 2186/1661/1880 2209/1674/1880
f 2209/1674/1881 2186/1661/1881 2217/1673/1881
f 2209/1674/1882 2217/1673/1882 2235/1675/1882
f 2194/1670/1883 2188/1663/1883 2183/1669/1883
f 2181/1671/1884 2180/1664/1884 2182/1676/1884
f 2182/1676/1885 2180/1664/1885 2194/1670/1885
f 2115/74/1886 2116/1677/1886 2114/1678/1886
f 2115/74/1887 2114/1678/1887 2112/75/1887
f 2209/1674/1888 2235/1675/1888 2219/1679/1888
f 2219/1679/1889 2235/1675/1889 2250/1680/1889
f 2183/1669/1890 2185/1668/1890 2197/97/1890
f 2194/1670/1891 2183/1669/1891 2196/1681/1891
f 2196/1681/1892 2183/1669/1892 2197/97/1892
f 2195/1682/1893 2182/1676/1893 2194/1670/1893
f 2194/1670/1894 2196/1681/1894 2195/1682/1894
f 2114/1678/1895 2113/86/1895 2112/75/1895
f 2207/95/1896 2219/1679/1896 2250/1680/1896
f 2207/95/1897 2250/1680/1897 2249/1683/1897
f 2209/1674/1898 2219/1679/1898 2207/95/1898
f 2185/1668/1899 2209/1674/1899 2207/95/1899
f 2197/97/1900 2185/1668/1900 2207/95/1900
f 167/100/1901 166/93/1901 155/83/1901
f 2196/1681/1902 2197/97/1902 2202/1684/1902
f 2201/1685/1903 2195/1682/1903 2196/1681/1903
f 2201/1685/1904 2196/1681/1904 2202/1684/1904
f 2203/1686/1905 2201/1685/1905 2202/1684/1905
f 2203/1686/1906 2202/1684/1906 2204/1687/1906
f 2107/87/1907 2108/90/1907 2109/88/1907
f 2207/95/1908 2249/1683/1908 2248/1688/1908
f 2223/1689/1909 2207/95/1909 2248/1688/1909
f 2223/1689/1910 2248/1688/1910 2224/1690/1910
f 2208/96/1911 2207/95/1911 2223/1689/1911
f 2197/97/1912 2208/96/1912 2205/1691/1912
f 2202/1684/1913 2197/97/1913 2205/1691/1913
f 2206/1692/1914 2202/1684/1914 2205/1691/1914
f 2204/1687/1915 2202/1684/1915 2206/1692/1915
f 2167/1693/1916 2203/1686/1916 2204/1687/1916
f 2167/1693/1917 2204/1687/1917 2168/108/1917
f 2204/1687/1918 2206/1692/1918 2168/108/1918
f 2167/1693/1919 2168/108/1919 2169/107/1919
f 1136/134/1920 1133/116/1920 1124/118/1920
f 2222/1694/1921 2223/1689/1921 2224/1690/1921
f 2162/1695/1922 2163/1696/1922 2164/1697/1922
f 2164/1697/1923 2163/1696/1923 2166/1698/1923
f 2208/96/1924 2223/1689/1924 2222/1694/1924
f 2208/96/1925 2222/1694/1925 2221/1699/1925
f 2162/1695/1926 2164/1697/1926 2165/1700/1926
f 2208/96/1927 2221/1699/1927 2220/1701/1927
f 174/125/1928 156/103/1928 180/1702/1928
f 2205/1691/1929 2208/96/1929 2220/1701/1929
f 180/1702/1930 156/103/1930 162/126/1930
f 2206/1692/1931 2205/1691/1931 2220/1701/1931
f 2225/1703/1932 2220/1701/1932 2247/1704/1932
f 2232/1705/1933 2206/1692/1933 2226/1706/1933
f 2226/1706/1934 2206/1692/1934 2225/1703/1934
f 2206/1692/1935 2220/1701/1935 2225/1703/1935
f 162/126/1936 161/127/1936 171/190/1936
f 2168/108/1937 2206/1692/1937 2232/1705/1937
f 2168/108/1938 2232/1705/1938 2171/1707/1938
f 2170/109/1939 2168/108/1939 2171/1707/1939
f 2170/109/1940 2171/1707/1940 2172/1708/1940
f 1813/132/1941 1826/1709/1941 1824/1710/1941
f 1349/1711/1942 1350/1712/1942 1347/1713/1942
f 1812/214/1943 1819/113/1943 1813/132/1943
f 1817/136/1944 1819/113/1944 1812/214/1944
f 1423/234/1945 1409/154/1945 1414/161/1945
f 2230/1714/1946 2222/1694/1946 2239/1715/1946
f 2221/1699/1947 2222/1694/1947 2230/1714/1947
f 2221/1699/1948 2230/1714/1948 2229/1716/1948
f 2230/1714/1949 2239/1715/1949 2240/1717/1949
f 2229/1716/1950 2230/1714/1950 2240/1717/1950
f 2228/1718/1951 2221/1699/1951 2229/1716/1951
f 2220/1701/1952 2221/1699/1952 2227/1719/1952
f 2241/1720/1953 2220/1701/1953 2227/1719/1953
f 2227/1719/1954 2221/1699/1954 2228/1718/1954
f 2246/1721/1955 2241/1720/1955 2252/1722/1955
f 2252/1722/1956 2241/1720/1956 2227/1719/1956
f 180/1702/1957 162/126/1957 178/191/1957
f 2247/1704/1958 2220/1701/1958 2246/1721/1958
f 2220/1701/1959 2241/1720/1959 2246/1721/1959
f 2255/1723/1960 2225/1703/1960 2247/1704/1960
f 2226/1706/1961 2225/1703/1961 2255/1723/1961
f 1448/188/1962 1644/194/1962 1449/252/1962
f 178/191/1963 171/190/1963 181/197/1963
f 189/198/1964 182/196/1964 188/201/1964
f 185/200/1965 161/127/1965 160/128/1965
f 185/200/1966 160/128/1966 168/206/1966
f 1814/1724/1967 1813/132/1967 1820/1725/1967
f 1820/1725/1968 1813/132/1968 1824/1710/1968
f 1820/1725/1969 1824/1710/1969 1825/1726/1969
f 1825/1726/1970 1824/1710/1970 1827/1727/1970
f 1349/1711/1971 1347/1713/1971 1348/313/1971
f 1812/214/1972 1813/132/1972 1814/1724/1972
f 1348/313/1973 1347/1713/1973 1346/314/1973
f 1347/1713/1974 1345/1728/1974 1346/314/1974
f 1346/314/1975 1345/1728/1975 1341/315/1975
f 1341/315/1976 1345/1728/1976 1342/1729/1976
f 1438/241/1977 1415/168/1977 1440/243/1977
f 1447/246/1978 1446/248/1978 1466/296/1978
f 2411/1730/1979 2412/1731/1979 2413/1732/1979
f 2228/1718/1980 2229/1716/1980 2231/1733/1980
f 2229/1716/1981 2240/1717/1981 2244/1734/1981
f 2231/1733/1982 2229/1716/1982 2244/1734/1982
f 2251/1735/1983 2252/1722/1983 2227/1719/1983
f 2251/1735/1984 2227/1719/1984 2237/1736/1984
f 2227/1719/1985 2228/1718/1985 2237/1736/1985
f 2237/1736/1986 2228/1718/1986 2231/1733/1986
f 2237/1736/1987 2231/1733/1987 2238/1737/1987
f 2405/1738/1988 2406/1739/1988 2407/1740/1988
f 2238/1737/1989 2231/1733/1989 2244/1734/1989
f 2080/1741/1990 2084/1742/1990 2083/1743/1990
f 2081/1744/1991 2080/1741/1991 2083/1743/1991
f 2079/1745/1992 2080/1741/1992 2081/1744/1992
f 2079/1745/1993 2081/1744/1993 2082/1746/1993
f 1815/275/1994 1812/214/1994 1814/1724/1994
f 1342/1729/1995 1344/1747/1995 1343/316/1995
f 1341/315/1996 1342/1729/1996 1343/316/1996
f 1803/1748/1997 1802/224/1997 1801/281/1997
f 1217/140/1998 1223/278/1998 1220/413/1998
f 1217/140/1999 1220/413/1999 1218/279/1999
f 1480/339/2000 1412/305/2000 1437/345/2000
f 1420/344/2001 1421/349/2001 1427/409/2001
f 2489/431/2002 2558/366/2002 2567/360/2002
f 1580/363/2003 1543/288/2003 1615/372/2003
f 1669/385/2004 1670/387/2004 1674/448/2004
f 1592/430/2005 1580/363/2005 1337/433/2005
f 1339/434/2006 1688/436/2006 1340/1749/2006
f 1354/452/2007 1352/388/2007 1351/451/2007
f 1351/451/2008 1352/388/2008 1353/384/2008
f 2143/595/2009 2147/1750/2009 2146/596/2009
f 1959/497/2010 1964/501/2010 1934/621/2010
f 901/1751/2011 900/648/2011 904/1752/2011
f 958/1753/2012 973/1754/2012 962/1755/2012
f 1703/537/2013 1493/541/2013 1732/1756/2013
f 1184/1757/2014 1185/1758/2014 1181/1759/2014
f 1328/677/2015 1511/560/2015 1330/429/2015
f 1332/684/2016 1331/565/2016 1334/567/2016
f 2452/569/2017 2488/432/2017 2451/568/2017
f 1334/567/2018 1337/433/2018 1336/688/2018
f 1336/688/2019 1337/433/2019 1338/571/2019
f 1338/571/2020 1339/434/2020 1340/1749/2020
f 1340/1749/2021 1688/436/2021 1728/1760/2021
f 1728/1760/2022 1688/436/2022 1640/438/2022
f 1730/1761/2023 1640/438/2023 1626/576/2023
f 1626/576/2024 1627/578/2024 1723/1762/2024
f 2069/1763/2025 2072/1764/2025 2059/1765/2025
f 2072/1764/2026 2071/1766/2026 2059/1765/2026
f 2059/1765/2027 2071/1766/2027 2070/1767/2027
f 2061/1768/2028 2059/1765/2028 2070/1767/2028
f 2075/1769/2029 2069/1763/2029 2057/1770/2029
f 2057/1770/2030 2069/1763/2030 2059/1765/2030
f 2061/1768/2031 2070/1767/2031 2078/1771/2031
f 2060/1772/2032 2059/1765/2032 2061/1768/2032
f 2361/587/2033 2363/456/2033 2364/455/2033
f 2057/1770/2034 2059/1765/2034 2058/1773/2034
f 2060/1772/2035 2061/1768/2035 2065/1774/2035
f 2057/1770/2036 2056/1775/2036 2068/1776/2036
f 2058/1773/2037 2059/1765/2037 2060/1772/2037
f 2056/1775/2038 2057/1770/2038 2058/1773/2038
f 2062/1777/2039 2060/1772/2039 2065/1774/2039
f 2143/595/2040 2148/1778/2040 2147/1750/2040
f 2058/1773/2041 2060/1772/2041 2062/1777/2041
f 926/1779/2042 927/1780/2042 898/998/2042
f 891/719/2043 927/1780/2043 928/717/2043
f 890/718/2044 928/717/2044 930/1781/2044
f 890/718/2045 930/1781/2045 889/1782/2045
f 889/1782/2046 930/1781/2046 929/1783/2046
f 889/1782/2047 929/1783/2047 899/1784/2047
f 892/1785/2048 924/647/2048 887/649/2048
f 887/649/2049 900/648/2049 895/1786/2049
f 895/1786/2050 900/648/2050 901/1751/2050
f 954/1787/2051 935/1788/2051 958/1753/2051
f 935/1788/2052 937/651/2052 959/650/2052
f 958/1753/2053 935/1788/2053 959/650/2053
f 2299/1789/2054 2290/654/2054 2288/653/2054
f 954/1787/2055 958/1753/2055 962/1755/2055
f 905/1790/2056 901/1751/2056 904/1752/2056
f 905/1790/2057 904/1752/2057 925/1791/2057
f 1186/1792/2058 1185/1758/2058 1184/1757/2058
f 1184/1757/2059 1181/1759/2059 1180/1793/2059
f 1181/1759/2060 1182/1794/2060 1178/1795/2060
f 1180/1793/2061 1181/1759/2061 1178/1795/2061
f 2300/659/2062 2303/1796/2062 2302/1797/2062
f 2287/544/2063 2297/658/2063 2298/657/2063
f 2298/657/2064 2300/659/2064 2302/1797/2064
f 1178/1795/2065 1182/1794/2065 1183/1798/2065
f 1321/676/2066 1328/677/2066 1327/940/2066
f 1327/940/2067 1328/677/2067 1329/681/2067
f 1994/698/2068 2029/697/2068 1990/791/2068
f 1730/1761/2069 1626/576/2069 1723/1762/2069
f 1971/702/2070 1969/705/2070 2030/979/2070
f 2067/590/2071 2068/1776/2071 2056/1775/2071
f 2066/591/2072 2067/590/2072 2056/1775/2072
f 2054/593/2073 2076/592/2073 2066/591/2073
f 2063/1799/2074 2056/1775/2074 2058/1773/2074
f 2064/1800/2075 2058/1773/2075 2062/1777/2075
f 2052/1801/2076 2054/593/2076 2066/591/2076
f 2054/593/2077 2052/1801/2077 2051/1802/2077
f 2066/591/2078 2056/1775/2078 2052/1801/2078
f 2063/1799/2079 2058/1773/2079 2064/1800/2079
f 2052/1801/2080 2056/1775/2080 2063/1799/2080
f 2051/1802/2081 2052/1801/2081 2053/1803/2081
f 2073/1804/2082 2063/1799/2082 2064/1800/2082
f 2055/1805/2083 2052/1801/2083 2074/1806/2083
f 2053/1803/2084 2052/1801/2084 2055/1805/2084
f 2052/1801/2085 2063/1799/2085 2074/1806/2085
f 2074/1806/2086 2063/1799/2086 2073/1804/2086
f 2431/605/2087 2430/604/2087 2432/1807/2087
f 1940/712/2088 1944/618/2088 1921/807/2088
f 1921/807/2089 1944/618/2089 1929/617/2089
f 1923/993/2090 1929/617/2090 1926/715/2090
f 1926/715/2091 1939/619/2091 1928/716/2091
f 1928/716/2092 1933/620/2092 1931/1808/2092
f 1931/1808/2093 1933/620/2093 1934/621/2093
f 1934/621/2094 1938/624/2094 1937/816/2094
f 1937/816/2095 1938/624/2095 1941/1809/2095
f 1938/624/2096 1943/626/2096 1941/1809/2096
f 920/997/2097 926/1779/2097 898/998/2097
f 898/998/2098 927/1780/2098 891/719/2098
f 889/1782/2099 899/1784/2099 888/1810/2099
f 956/1811/2100 944/1812/2100 942/1813/2100
f 942/1813/2101 944/1812/2101 943/1814/2101
f 957/1815/2102 956/1811/2102 942/1813/2102
f 942/1813/2103 943/1814/2103 941/1816/2103
f 888/1810/2104 899/1784/2104 892/1785/2104
f 957/1815/2105 942/1813/2105 940/1817/2105
f 940/1817/2106 942/1813/2106 941/1816/2106
f 940/1817/2107 941/1816/2107 939/725/2107
f 888/1810/2108 892/1785/2108 886/1818/2108
f 957/1815/2109 940/1817/2109 955/1819/2109
f 940/1817/2110 939/725/2110 938/1820/2110
f 955/1819/2111 940/1817/2111 938/1820/2111
f 938/1820/2112 939/725/2112 936/1821/2112
f 936/1821/2113 939/725/2113 947/724/2113
f 886/1818/2114 892/1785/2114 887/649/2114
f 960/1822/2115 957/1815/2115 955/1819/2115
f 960/1822/2116 955/1819/2116 953/1823/2116
f 953/1823/2117 955/1819/2117 938/1820/2117
f 936/1821/2118 947/724/2118 945/727/2118
f 938/1820/2119 936/1821/2119 935/1788/2119
f 953/1823/2120 938/1820/2120 935/1788/2120
f 960/1822/2121 953/1823/2121 961/1824/2121
f 936/1821/2122 945/727/2122 937/651/2122
f 969/1825/2123 960/1822/2123 961/1824/2123
f 953/1823/2124 935/1788/2124 954/1787/2124
f 961/1824/2125 953/1823/2125 954/1787/2125
f 935/1788/2126 936/1821/2126 937/651/2126
f 937/651/2127 945/727/2127 946/652/2127
f 945/727/2128 949/1826/2128 946/652/2128
f 2290/654/2129 2291/828/2129 2289/729/2129
f 961/1824/2130 954/1787/2130 962/1755/2130
f 2286/543/2131 2290/654/2131 2289/729/2131
f 967/1827/2132 961/1824/2132 962/1755/2132
f 905/1790/2133 925/1791/2133 931/1828/2133
f 967/1827/2134 962/1755/2134 968/1829/2134
f 2286/543/2135 2289/729/2135 2287/544/2135
f 2287/544/2136 2289/729/2136 2296/731/2136
f 1172/1830/2137 1179/1831/2137 1180/1793/2137
f 967/1827/2138 968/1829/2138 972/1832/2138
f 2297/658/2139 2287/544/2139 2296/731/2139
f 2297/658/2140 2296/731/2140 2300/659/2140
f 2296/731/2141 2301/1833/2141 2300/659/2141
f 2300/659/2142 2301/1833/2142 2303/1796/2142
f 1172/1830/2143 1180/1793/2143 1178/1795/2143
f 1313/756/2144 1324/673/2144 1318/675/2144
f 1313/756/2145 1318/675/2145 1316/938/2145
f 1318/675/2146 1321/676/2146 1316/938/2146
f 1982/794/2147 1980/795/2147 1984/970/2147
f 2026/798/2148 1971/702/2148 2030/979/2148
f 2030/979/2149 1969/705/2149 2031/980/2149
f 2031/980/2150 1969/705/2150 2032/1834/2150
f 2032/1834/2151 1969/705/2151 1952/799/2151
f 1947/1835/2152 1952/799/2152 1951/707/2152
f 1947/1835/2153 1951/707/2153 1949/1836/2153
f 2425/1837/2154 2422/803/2154 2424/802/2154
f 2421/801/2155 2422/803/2155 2423/1838/2155
f 1913/989/2156 1914/709/2156 1909/804/2156
f 1910/805/2157 1940/712/2157 1916/808/2157
f 1923/993/2158 1921/807/2158 1929/617/2158
f 1931/1808/2159 1934/621/2159 1935/1839/2159
f 1935/1839/2160 1934/621/2160 1936/817/2160
f 898/998/2161 891/719/2161 897/1840/2161
f 876/1841/2162 890/718/2162 889/1782/2162
f 944/1812/2163 948/1842/2163 943/1814/2163
f 943/1814/2164 948/1842/2164 950/1843/2164
f 943/1814/2165 950/1843/2165 941/1816/2165
f 941/1816/2166 950/1843/2166 951/1844/2166
f 965/1845/2167 956/1811/2167 957/1815/2167
f 941/1816/2168 951/1844/2168 952/1846/2168
f 941/1816/2169 952/1846/2169 939/725/2169
f 939/725/2170 952/1846/2170 963/723/2170
f 966/1847/2171 965/1845/2171 957/1815/2171
f 1170/20/2172 1175/1848/2172 1169/18/2172
f 875/1849/2173 888/1810/2173 886/1818/2173
f 966/1847/2174 957/1815/2174 960/1822/2174
f 886/1818/2175 887/649/2175 885/1189/2175
f 969/1825/2176 966/1847/2176 960/1822/2176
f 945/727/2177 964/726/2177 949/1826/2177
f 894/1850/2178 887/649/2178 895/1786/2178
f 894/1850/2179 895/1786/2179 903/1851/2179
f 903/1851/2180 895/1786/2180 901/1751/2180
f 970/1852/2181 969/1825/2181 961/1824/2181
f 2289/729/2182 2293/830/2182 2294/1853/2182
f 903/1851/2183 901/1751/2183 905/1790/2183
f 933/1854/2184 903/1851/2184 905/1790/2184
f 971/1855/2185 970/1852/2185 961/1824/2185
f 971/1855/2186 961/1824/2186 967/1827/2186
f 2289/729/2187 2294/1853/2187 2295/730/2187
f 933/1854/2188 905/1790/2188 934/1856/2188
f 934/1856/2189 905/1790/2189 931/1828/2189
f 2296/731/2190 2295/730/2190 2301/1833/2190
f 1171/1857/2191 1179/1831/2191 1172/1830/2191
f 1172/1830/2192 1178/1795/2192 1177/1858/2192
f 1729/1859/2193 1639/837/2193 1558/839/2193
f 1595/883/2194 1522/876/2194 1596/897/2194
f 1846/912/2195 1851/915/2195 1842/919/2195
f 1838/1860/2196 1839/921/2196 1840/925/2196
f 1319/927/2197 1315/754/2197 1312/1861/2197
f 1315/754/2198 1313/756/2198 1312/1861/2198
f 1312/1861/2199 1313/756/2199 1314/1862/2199
f 1314/1862/2200 1313/756/2200 1316/938/2200
f 1906/1863/2201 2025/935/2201 1905/936/2201
f 2283/1864/2202 2284/1865/2202 2281/1063/2202
f 1898/939/2203 1895/941/2203 1897/1866/2203
f 2470/942/2204 2440/946/2204 2486/1069/2204
f 1896/1867/2205 1895/941/2205 1899/945/2205
f 2437/1072/2206 2440/946/2206 2438/1868/2206
f 2440/946/2207 2441/947/2207 2438/1868/2207
f 1901/1869/2208 1899/945/2208 1893/949/2208
f 1893/949/2209 1890/951/2209 1892/1870/2209
f 1892/1870/2210 1890/951/2210 1891/1076/2210
f 1890/951/2211 1888/954/2211 1885/1079/2211
f 1861/1082/2212 1856/1871/2212 1858/1085/2212
f 2131/1095/2213 2128/975/2213 2130/1103/2213
f 2134/973/2214 2136/977/2214 2135/1107/2214
f 2138/978/2215 2139/976/2215 2140/1872/2215
f 2140/1872/2216 2139/976/2216 2141/1873/2216
f 2032/1834/2217 1952/799/2217 1947/1835/2217
f 1919/986/2218 1947/1835/2218 1949/1836/2218
f 1917/985/2219 1914/709/2219 1913/989/2219
f 1912/988/2220 1909/804/2220 1911/990/2220
f 1911/990/2221 1910/805/2221 1915/991/2221
f 1915/991/2222 1916/808/2222 1920/1874/2222
f 1920/1874/2223 1916/808/2223 1921/807/2223
f 1920/1874/2224 1921/807/2224 1922/1875/2224
f 1922/1875/2225 1921/807/2225 1923/993/2225
f 1922/1875/2226 1923/993/2226 1924/1876/2226
f 1924/1876/2227 1923/993/2227 1925/994/2227
f 1925/994/2228 1926/715/2228 1927/995/2228
f 1927/995/2229 1928/716/2229 1930/1877/2229
f 1930/1877/2230 1928/716/2230 1931/1808/2230
f 1930/1877/2231 1931/1808/2231 1932/1878/2231
f 1932/1878/2232 1931/1808/2232 1935/1839/2232
f 1937/816/2233 1941/1809/2233 1942/1879/2233
f 1936/817/2234 1937/816/2234 1942/1879/2234
f 912/999/2235 898/998/2235 897/1840/2235
f 897/1840/2236 891/719/2236 879/1880/2236
f 891/719/2237 890/718/2237 876/1841/2237
f 879/1880/2238 891/719/2238 876/1841/2238
f 876/1841/2239 889/1782/2239 874/1881/2239
f 874/1881/2240 889/1782/2240 888/1810/2240
f 874/1881/2241 888/1810/2241 875/1849/2241
f 1168/1882/2242 1169/18/2242 1175/1848/2242
f 875/1849/2243 886/1818/2243 885/1189/2243
f 1168/1882/2244 1175/1848/2244 1148/1883/2244
f 1148/1883/2245 1175/1848/2245 1174/1884/2245
f 1148/1883/2246 1174/1884/2246 1154/1885/2246
f 885/1189/2247 887/649/2247 894/1850/2247
f 885/1189/2248 894/1850/2248 893/1190/2248
f 921/1886/2249 894/1850/2249 903/1851/2249
f 894/1850/2250 921/1886/2250 922/1887/2250
f 893/1190/2251 894/1850/2251 922/1887/2251
f 921/1886/2252 903/1851/2252 932/1888/2252
f 1154/1885/2253 1174/1884/2253 1140/1889/2253
f 932/1888/2254 903/1851/2254 933/1854/2254
f 1140/1889/2255 1174/1884/2255 1173/1890/2255
f 1140/1889/2256 1173/1890/2256 1141/1891/2256
f 1141/1891/2257 1173/1890/2257 1171/1857/2257
f 1141/1891/2258 1171/1857/2258 1143/1892/2258
f 1171/1857/2259 1172/1830/2259 1143/1892/2259
f 1172/1830/2260 1177/1858/2260 1167/1893/2260
f 1143/1892/2261 1172/1830/2261 1167/1893/2261
f 2044/1894/2262 2045/1895/2262 2046/1896/2262
f 2046/1896/2263 2045/1895/2263 2048/1897/2263
f 706/1898/2264 846/1899/2264 673/1900/2264
f 1735/1901/2265 1542/846/2265 1532/848/2265
f 2048/1897/2266 2050/1902/2266 2049/1903/2266
f 2399/1904/2267 2400/1905/2267 2401/1906/2267
f 2033/843/2268 2034/842/2268 2035/1015/2268
f 665/1907/2269 871/1908/2269 664/1909/2269
f 1689/1044/2270 1613/884/2270 1716/1038/2270
f 1834/1042/2271 1833/1041/2271 1835/1046/2271
f 1828/1047/2272 1831/904/2272 1829/903/2272
f 1828/1047/2273 1829/903/2273 1830/1048/2273
f 1837/1049/2274 1848/909/2274 1847/1050/2274
f 1841/1056/2275 1839/921/2275 1838/1860/2275
f 1838/1860/2276 1840/925/2276 1844/1910/2276
f 1840/925/2277 1854/1911/2277 1844/1910/2277
f 1314/1862/2278 1316/938/2278 1317/1912/2278
f 2577/1913/2279 2578/1914/2279 2579/1915/2279
f 2283/1864/2280 2281/1063/2280 2280/1062/2280
f 1905/936/2281 1898/939/2281 1904/1916/2281
f 1904/1916/2282 1898/939/2282 1903/1917/2282
f 2434/1918/2283 2435/1919/2283 2436/1920/2283
f 1903/1917/2284 1898/939/2284 1897/1866/2284
f 1897/1866/2285 1895/941/2285 1894/1921/2285
f 2038/1922/2286 2039/1923/2286 2040/1924/2286
f 1894/1921/2287 1895/941/2287 1896/1867/2287
f 2437/1072/2288 2438/1868/2288 2439/1925/2288
f 491/1073/2289 492/1926/2289 475/1927/2289
f 1896/1867/2290 1899/945/2290 1900/1928/2290
f 1900/1928/2291 1899/945/2291 1901/1869/2291
f 1901/1869/2292 1893/949/2292 1902/1929/2292
f 1902/1929/2293 1893/949/2293 1892/1870/2293
f 1907/1930/2294 1892/1870/2294 1891/1076/2294
f 1908/1931/2295 1891/1076/2295 1887/1077/2295
f 1887/1077/2296 1885/1079/2296 1884/1932/2296
f 1884/1932/2297 1885/1079/2297 1886/1933/2297
f 1886/1933/2298 1885/1079/2298 1888/954/2298
f 1886/1933/2299 1888/954/2299 1889/1934/2299
f 1858/1085/2300 1856/1871/2300 1855/1935/2300
f 1855/1935/2301 1856/1871/2301 1857/1936/2301
f 1855/1935/2302 1857/1936/2302 1859/1937/2302
f 1859/1937/2303 1857/1936/2303 1860/1938/2303
f 2122/1094/2304 2123/1091/2304 2124/1096/2304
f 2125/1100/2305 2131/1095/2305 2130/1103/2305
f 2129/1102/2306 2128/975/2306 2132/1106/2306
f 2137/1108/2307 2136/977/2307 2138/978/2307
f 2599/1939/2308 2600/1940/2308 2610/1941/2308
f 2599/1939/2309 2610/1941/2309 2594/1942/2309
f 2594/1942/2310 2611/1943/2310 2595/1944/2310
f 2595/1944/2311 2611/1943/2311 2597/1945/2311
f 1946/1946/2312 1947/1835/2312 1919/986/2312
f 1946/1946/2313 1919/986/2313 1945/1947/2313
f 1945/1947/2314 1919/986/2314 1917/985/2314
f 1189/823/2315 1191/1006/2315 1187/1119/2315
f 1169/18/2316 1168/1882/2316 1150/19/2316
f 1150/19/2317 1168/1882/2317 1148/1883/2317
f 1148/1883/2318 1154/1885/2318 1146/1948/2318
f 1203/1009/2319 1201/826/2319 1206/1122/2319
f 893/1190/2320 922/1887/2320 896/1225/2320
f 1146/1948/2321 1154/1885/2321 1140/1889/2321
f 1140/1889/2322 1141/1891/2322 1142/1229/2322
f 1142/1229/2323 1141/1891/2323 1143/1892/2323
f 2044/1894/2324 2046/1896/2324 2047/1949/2324
f 705/1950/2325 796/1951/2325 709/1952/2325
f 2049/1903/2326 2046/1896/2326 2048/1897/2326
f 667/1953/2327 706/1898/2327 673/1900/2327
f 695/1954/2328 820/1955/2328 705/1950/2328
f 709/1952/2329 811/1956/2329 710/1957/2329
f 1736/1023/2330 1570/853/2330 1589/1013/2330
f 667/1953/2331 673/1900/2331 665/1907/2331
f 715/1958/2332 706/1898/2332 707/1959/2332
f 707/1959/2333 706/1898/2333 667/1953/2333
f 727/1960/2334 852/1961/2334 695/1954/2334
f 710/1957/2335 811/1956/2335 711/1962/2335
f 2096/1021/2336 2097/1020/2336 2094/1025/2336
f 711/1962/2337 811/1956/2337 825/1963/2337
f 717/1964/2338 715/1958/2338 707/1959/2338
f 667/1953/2339 665/1907/2339 663/1965/2339
f 718/1966/2340 717/1964/2340 707/1959/2340
f 663/1965/2341 665/1907/2341 664/1909/2341
f 711/1962/2342 825/1963/2342 824/1967/2342
f 792/1968/2343 717/1964/2343 718/1966/2343
f 2095/1028/2344 2094/1025/2344 2099/1032/2344
f 769/1969/2345 792/1968/2345 718/1966/2345
f 353/1970/2346 664/1909/2346 827/1971/2346
f 711/1962/2347 824/1967/2347 720/1972/2347
f 848/1973/2348 353/1970/2348 827/1971/2348
f 2100/1033/2349 2099/1032/2349 2101/1125/2349
f 766/1974/2350 767/1975/2350 718/1966/2350
f 718/1966/2351 767/1975/2351 769/1969/2351
f 355/1976/2352 353/1970/2352 848/1973/2352
f 353/1970/2353 355/1976/2353 352/1977/2353
f 2102/1978/2354 2100/1033/2354 2101/1125/2354
f 2102/1978/2355 2101/1125/2355 2103/1124/2355
f 693/1979/2356 776/1980/2356 768/1981/2356
f 2103/1124/2357 2104/1126/2357 2105/1982/2357
f 1828/1047/2358 1834/1042/2358 1832/1045/2358
f 351/1983/2359 352/1977/2359 349/1984/2359
f 1832/1045/2360 1834/1042/2360 1835/1046/2360
f 2106/1985/2361 2105/1982/2361 2104/1126/2361
f 1828/1047/2362 1830/1048/2362 1837/1049/2362
f 1773/906/2363 1774/905/2363 1775/911/2363
f 1845/1051/2364 1837/1049/2364 1847/1050/2364
f 344/1986/2365 345/1133/2365 354/1135/2365
f 341/1987/2366 356/1988/2366 329/1989/2366
f 329/1989/2367 330/1990/2367 331/1991/2367
f 331/1991/2368 330/1990/2368 332/1992/2368
f 333/1993/2369 332/1992/2369 334/1994/2369
f 333/1993/2370 334/1994/2370 336/1995/2370
f 334/1994/2371 337/1996/2371 336/1995/2371
f 857/1139/2372 856/1141/2372 859/1997/2372
f 857/1139/2373 859/1997/2373 860/1998/2373
f 857/1139/2374 860/1998/2374 861/1999/2374
f 861/1999/2375 860/1998/2375 862/2000/2375
f 337/1996/2376 856/1141/2376 838/1140/2376
f 1904/1916/2377 1906/1863/2377 1905/936/2377
f 476/2001/2378 485/2002/2378 479/2003/2378
f 1903/1917/2379 1897/1866/2379 1894/1921/2379
f 477/2004/2380 476/2001/2380 479/2003/2380
f 2043/2005/2381 2038/1922/2381 2040/1924/2381
f 470/2006/2382 476/2001/2382 477/2004/2382
f 2040/1924/2383 2039/1923/2383 2041/2007/2383
f 2040/1924/2384 2041/2007/2384 2042/2008/2384
f 1894/1921/2385 1896/1867/2385 1900/1928/2385
f 475/1927/2386 492/1926/2386 476/2001/2386
f 475/1927/2387 476/2001/2387 470/2006/2387
f 498/2009/2388 497/2010/2388 489/2011/2388
f 474/1074/2389 491/1073/2389 475/1927/2389
f 1900/1928/2390 1901/1869/2390 1902/1929/2390
f 474/1074/2391 475/1927/2391 470/2006/2391
f 1902/1929/2392 1892/1870/2392 1907/1930/2392
f 469/2012/2393 495/2013/2393 496/1075/2393
f 469/2012/2394 496/1075/2394 474/1074/2394
f 469/2012/2395 474/1074/2395 470/2006/2395
f 1908/1931/2396 1907/1930/2396 1891/1076/2396
f 494/2014/2397 495/2013/2397 469/2012/2397
f 468/2015/2398 494/2014/2398 469/2012/2398
f 1908/1931/2399 1887/1077/2399 1884/1932/2399
f 468/2015/2400 493/2016/2400 494/2014/2400
f 471/2017/2401 493/2016/2401 468/2015/2401
f 471/2017/2402 468/2015/2402 463/2018/2402
f 1866/2019/2403 1863/1083/2403 1865/2020/2403
f 481/2021/2404 471/2017/2404 466/2022/2404
f 466/2022/2405 471/2017/2405 463/2018/2405
f 1865/2020/2406 1863/1083/2406 1862/1084/2406
f 467/2023/2407 484/2024/2407 481/2021/2407
f 467/2023/2408 481/2021/2408 466/2022/2408
f 1865/2020/2409 1862/1084/2409 1858/1085/2409
f 1865/2020/2410 1858/1085/2410 1867/2025/2410
f 1867/2025/2411 1858/1085/2411 1855/1935/2411
f 467/2023/2412 466/2022/2412 465/2026/2412
f 360/2027/2413 467/2023/2413 358/1098/2413
f 358/1098/2414 467/2023/2414 465/2026/2414
f 1859/1937/2415 1860/1938/2415 1868/2028/2415
f 358/1098/2416 465/2026/2416 464/2029/2416
f 1868/2028/2417 1860/1938/2417 1869/2030/2417
f 357/1097/2418 360/2027/2418 358/1098/2418
f 2590/2031/2419 2591/2032/2419 2592/2033/2419
f 2125/1100/2420 2122/1094/2420 2124/1096/2420
f 359/1099/2421 358/1098/2421 361/1144/2421
f 2129/1102/2422 2125/1100/2422 2130/1103/2422
f 362/1146/2423 359/1099/2423 361/1144/2423
f 2588/1149/2424 2589/2034/2424 2587/1147/2424
f 362/1146/2425 454/1145/2425 455/2035/2425
f 455/2035/2426 454/1145/2426 443/2036/2426
f 2587/1147/2427 2586/1151/2427 2583/1148/2427
f 2583/1148/2428 2584/1150/2428 2585/2037/2428
f 2601/2038/2429 2585/2037/2429 2609/2039/2429
f 2601/2038/2430 2609/2039/2430 2600/1940/2430
f 2599/1939/2431 2594/1942/2431 2598/2040/2431
f 2598/2040/2432 2594/1942/2432 2593/2041/2432
f 2593/2041/2433 2594/1942/2433 2595/1944/2433
f 1053/2042/2434 1051/2043/2434 1052/1244/2434
f 1051/2043/2435 1049/2044/2435 1050/1242/2435
f 1049/2044/2436 1043/2045/2436 1047/2046/2436
f 1044/1216/2437 1043/2045/2437 1040/1214/2437
f 1043/2045/2438 1042/2047/2438 1040/1214/2438
f 1042/2047/2439 1041/2048/2439 1040/1214/2439
f 1041/2048/2440 1035/1165/2440 1040/1214/2440
f 1034/1164/2441 1033/1163/2441 1032/2049/2441
f 1033/1163/2442 1029/2050/2442 1032/2049/2442
f 1029/2050/2443 1024/2051/2443 1023/2052/2443
f 1024/2051/2444 1026/2053/2444 1025/1326/2444
f 1026/2053/2445 1027/2054/2445 1025/1326/2445
f 1037/2055/2446 1038/2056/2446 1036/1385/2446
f 1038/2056/2447 1085/2057/2447 1054/2058/2447
f 902/2059/2448 912/999/2448 897/1840/2448
f 880/2060/2449 897/1840/2449 879/1880/2449
f 880/2060/2450 879/1880/2450 878/2061/2450
f 878/2061/2451 879/1880/2451 876/1841/2451
f 876/1841/2452 874/1881/2452 873/2062/2452
f 873/2062/2453 874/1881/2453 875/1849/2453
f 873/2062/2454 875/1849/2454 881/2063/2454
f 1151/1262/2455 1150/19/2455 1149/1266/2455
f 875/1849/2456 885/1189/2456 882/1191/2456
f 1150/19/2457 1148/1883/2457 1149/1266/2457
f 1149/1266/2458 1148/1883/2458 1147/1273/2458
f 1147/1273/2459 1148/1883/2459 1146/1948/2459
f 882/1191/2460 893/1190/2460 896/1225/2460
f 1146/1948/2461 1140/1889/2461 1145/1274/2461
f 1145/1274/2462 1140/1889/2462 1142/1229/2462
f 1142/1229/2463 1143/1892/2463 1144/1230/2463
f 1144/1230/2464 1143/1892/2464 1153/1281/2464
f 1153/1281/2465 1143/1892/2465 1166/2064/2465
f 1166/2064/2466 1143/1892/2466 1167/1893/2466
f 689/2065/2467 705/1950/2467 709/1952/2467
f 695/1954/2468 705/1950/2468 689/2065/2468
f 709/1952/2469 710/1957/2469 687/2066/2469
f 689/2065/2470 709/1952/2470 687/2066/2470
f 727/1960/2471 695/1954/2471 694/2067/2471
f 695/1954/2472 689/2065/2472 694/2067/2472
f 694/2067/2473 689/2065/2473 688/2068/2473
f 689/2065/2474 687/2066/2474 686/2069/2474
f 666/2070/2475 707/1959/2475 667/1953/2475
f 778/2071/2476 727/1960/2476 694/2067/2476
f 687/2066/2477 710/1957/2477 711/1962/2477
f 708/2072/2478 707/1959/2478 666/2070/2478
f 666/2070/2479 667/1953/2479 663/1965/2479
f 688/2068/2480 689/2065/2480 686/2069/2480
f 718/1966/2481 707/1959/2481 708/2072/2481
f 778/2071/2482 694/2067/2482 788/2073/2482
f 663/1965/2483 664/1909/2483 353/1970/2483
f 788/2073/2484 694/2067/2484 701/2074/2484
f 701/2074/2485 694/2067/2485 688/2068/2485
f 687/2066/2486 711/1962/2486 685/2075/2486
f 686/2069/2487 687/2066/2487 685/2075/2487
f 701/2074/2488 688/2068/2488 702/2076/2488
f 688/2068/2489 686/2069/2489 683/2077/2489
f 685/2075/2490 711/1962/2490 720/1972/2490
f 679/2078/2491 718/1966/2491 708/2072/2491
f 662/2079/2492 666/2070/2492 663/1965/2492
f 788/2073/2493 701/2074/2493 702/2076/2493
f 766/1974/2494 718/1966/2494 679/2078/2494
f 670/2080/2495 679/2078/2495 708/2072/2495
f 670/2080/2496 708/2072/2496 666/2070/2496
f 663/1965/2497 353/1970/2497 662/2079/2497
f 819/2081/2498 788/2073/2498 702/2076/2498
f 691/2082/2499 688/2068/2499 683/2077/2499
f 683/2077/2500 686/2069/2500 685/2075/2500
f 683/2077/2501 685/2075/2501 684/2083/2501
f 678/2084/2502 766/1974/2502 679/2078/2502
f 670/2080/2503 666/2070/2503 661/2085/2503
f 702/2076/2504 688/2068/2504 703/2086/2504
f 684/2083/2505 685/2075/2505 720/1972/2505
f 351/1983/2506 662/2079/2506 353/1970/2506
f 351/1983/2507 353/1970/2507 352/1977/2507
f 703/2086/2508 688/2068/2508 691/2082/2508
f 768/1981/2509 766/1974/2509 678/2084/2509
f 661/2085/2510 666/2070/2510 662/2079/2510
f 819/2081/2511 702/2076/2511 808/1128/2511
f 808/1128/2512 702/2076/2512 703/2086/2512
f 684/2083/2513 720/1972/2513 682/2087/2513
f 682/2087/2514 720/1972/2514 731/2088/2514
f 693/1979/2515 768/1981/2515 678/2084/2515
f 678/2084/2516 679/2078/2516 670/2080/2516
f 683/2077/2517 684/2083/2517 682/2087/2517
f 682/2087/2518 731/2088/2518 692/2089/2518
f 692/2089/2519 731/2088/2519 774/2090/2519
f 678/2084/2520 670/2080/2520 669/2091/2520
f 350/2092/2521 351/1983/2521 349/1984/2521
f 774/2090/2522 775/2093/2522 692/2089/2522
f 775/2093/2523 776/1980/2523 693/1979/2523
f 659/2094/2524 661/2085/2524 662/2079/2524
f 703/2086/2525 691/2082/2525 704/2095/2525
f 690/2096/2526 691/2082/2526 683/2077/2526
f 692/2089/2527 775/2093/2527 693/1979/2527
f 660/2097/2528 669/2091/2528 670/2080/2528
f 660/2097/2529 670/2080/2529 661/2085/2529
f 659/2094/2530 662/2079/2530 351/1983/2530
f 659/2094/2531 351/1983/2531 350/2092/2531
f 704/2095/2532 691/2082/2532 698/2098/2532
f 698/2098/2533 691/2082/2533 690/2096/2533
f 677/2099/2534 693/1979/2534 678/2084/2534
f 677/2099/2535 678/2084/2535 669/2091/2535
f 660/2097/2536 661/2085/2536 659/2094/2536
f 348/2100/2537 350/2092/2537 349/1984/2537
f 808/1128/2538 703/2086/2538 704/2095/2538
f 676/2101/2539 680/2102/2539 682/2087/2539
f 676/2101/2540 682/2087/2540 692/2089/2540
f 676/2101/2541 692/2089/2541 677/2099/2541
f 677/2099/2542 692/2089/2542 693/1979/2542
f 659/2094/2543 350/2092/2543 348/2100/2543
f 346/2103/2544 659/2094/2544 348/2100/2544
f 348/2100/2545 349/1984/2545 347/1134/2545
f 808/1128/2546 704/2095/2546 809/2104/2546
f 853/1129/2547 808/1128/2547 809/2104/2547
f 854/2105/2548 853/1129/2548 809/2104/2548
f 698/2098/2549 699/2106/2549 719/2107/2549
f 346/2103/2550 348/2100/2550 347/1134/2550
f 345/1133/2551 346/2103/2551 347/1134/2551
f 704/2095/2552 698/2098/2552 719/2107/2552
f 809/2104/2553 704/2095/2553 719/2107/2553
f 342/2108/2554 346/2103/2554 345/1133/2554
f 342/2108/2555 345/1133/2555 344/1986/2555
f 854/2105/2556 809/2104/2556 855/2109/2556
f 809/2104/2557 719/2107/2557 810/2110/2557
f 855/2109/2558 809/2104/2558 810/2110/2558
f 335/2111/2559 342/2108/2559 341/1987/2559
f 342/2108/2560 344/1986/2560 341/1987/2560
f 1014/1060/2561 1018/1058/2561 1017/2112/2561
f 1014/1060/2562 1017/2112/2562 1010/1136/2562
f 335/2111/2563 341/1987/2563 329/1989/2563
f 331/1991/2564 335/2111/2564 329/1989/2564
f 989/930/2565 1010/1136/2565 985/1137/2565
f 333/1993/2566 331/1991/2566 332/1992/2566
f 339/2113/2567 336/1995/2567 338/2114/2567
f 336/1995/2568 337/1996/2568 338/2114/2568
f 338/2114/2569 337/1996/2569 838/1140/2569
f 338/2114/2570 838/1140/2570 837/2115/2570
f 2654/2116/2571 2646/2117/2571 2645/2118/2571
f 2661/2119/2572 2654/2116/2572 2645/2118/2572
f 863/2120/2573 862/2000/2573 864/2121/2573
f 861/1999/2574 862/2000/2574 863/2120/2574
f 837/2115/2575 838/1140/2575 836/2122/2575
f 2648/2123/2576 2661/2119/2576 2645/2118/2576
f 863/2120/2577 864/2121/2577 865/2124/2577
f 477/2004/2578 479/2003/2578 480/2125/2578
f 480/2125/2579 479/2003/2579 490/2126/2579
f 863/2120/2580 865/2124/2580 866/2127/2580
f 478/2128/2581 477/2004/2581 480/2125/2581
f 480/2125/2582 490/2126/2582 489/2011/2582
f 470/2006/2583 477/2004/2583 478/2128/2583
f 480/2125/2584 489/2011/2584 483/2129/2584
f 483/2129/2585 489/2011/2585 497/2010/2585
f 863/2120/2586 866/2127/2586 867/2130/2586
f 478/2128/2587 480/2125/2587 483/2129/2587
f 478/2128/2588 483/2129/2588 482/2131/2588
f 867/2130/2589 866/2127/2589 868/2132/2589
f 473/2133/2590 470/2006/2590 478/2128/2590
f 867/2130/2591 868/2132/2591 869/2134/2591
f 472/1294/2592 470/2006/2592 473/2133/2592
f 2643/2135/2593 2647/2136/2593 2660/2137/2593
f 2643/2135/2594 2660/2137/2594 2659/2138/2594
f 2643/2135/2595 2659/2138/2595 2644/2139/2595
f 2644/2139/2596 2659/2138/2596 2658/2140/2596
f 460/2141/2597 469/2012/2597 470/2006/2597
f 460/2141/2598 470/2006/2598 461/2142/2598
f 2644/2139/2599 2658/2140/2599 2657/2143/2599
f 460/2141/2600 468/2015/2600 469/2012/2600
f 2644/2139/2601 2657/2143/2601 2650/2144/2601
f 463/2018/2602 468/2015/2602 460/2141/2602
f 463/2018/2603 460/2141/2603 458/2145/2603
f 2644/2139/2604 2650/2144/2604 2633/2146/2604
f 2633/2146/2605 2650/2144/2605 2649/2147/2605
f 465/2026/2606 466/2022/2606 463/2018/2606
f 465/2026/2607 463/2018/2607 457/2148/2607
f 457/2148/2608 463/2018/2608 458/2145/2608
f 2633/2146/2609 2649/2147/2609 2630/2149/2609
f 2630/2149/2610 2649/2147/2610 2655/2150/2610
f 2630/2149/2611 2655/2150/2611 2652/2151/2611
f 2629/2152/2612 2633/2146/2612 2630/2149/2612
f 2629/2152/2613 2630/2149/2613 2592/2033/2613
f 2592/2033/2614 2630/2149/2614 2652/2151/2614
f 464/2029/2615 465/2026/2615 457/2148/2615
f 2627/2153/2616 2629/2152/2616 2592/2033/2616
f 464/2029/2617 457/2148/2617 452/2154/2617
f 2625/2155/2618 2629/2152/2618 2627/2153/2618
f 2627/2153/2619 2592/2033/2619 2591/2032/2619
f 361/1144/2620 452/2154/2620 451/2156/2620
f 358/1098/2621 464/2029/2621 361/1144/2621
f 361/1144/2622 464/2029/2622 452/2154/2622
f 451/2156/2623 452/2154/2623 446/1204/2623
f 2626/2157/2624 2627/2153/2624 2653/2158/2624
f 2653/2158/2625 2627/2153/2625 2591/2032/2625
f 451/2156/2626 446/1204/2626 444/1206/2626
f 2624/2159/2627 2625/2155/2627 2627/2153/2627
f 2624/2159/2628 2627/2153/2628 2626/2157/2628
f 2589/2034/2629 2626/2157/2629 2653/2158/2629
f 2624/2159/2630 2626/2157/2630 2588/1149/2630
f 2588/1149/2631 2626/2157/2631 2589/2034/2631
f 454/1145/2632 361/1144/2632 451/2156/2632
f 454/1145/2633 451/2156/2633 444/1206/2633
f 443/2036/2634 454/1145/2634 444/1206/2634
f 2624/2159/2635 2588/1149/2635 2583/1148/2635
f 2606/2160/2636 2624/2159/2636 2583/1148/2636
f 2606/2160/2637 2583/1148/2637 2585/2037/2637
f 2606/2160/2638 2585/2037/2638 2601/2038/2638
f 2606/2160/2639 2601/2038/2639 2604/2161/2639
f 2598/2040/2640 2601/2038/2640 2600/1940/2640
f 2598/2040/2641 2600/1940/2641 2599/1939/2641
f 2604/2161/2642 2601/2038/2642 2598/2040/2642
f 436/1111/2643 437/1209/2643 438/1112/2643
f 2604/2161/2644 2598/2040/2644 2603/2162/2644
f 2598/2040/2645 2593/2041/2645 2603/2162/2645
f 2596/2163/2646 2593/2041/2646 2595/1944/2646
f 2596/2163/2647 2595/1944/2647 2597/1945/2647
f 2596/2163/2648 2597/1945/2648 2602/2164/2648
f 2602/2164/2649 2597/1945/2649 2605/2165/2649
f 2602/2164/2650 2605/2165/2650 2607/2166/2650
f 298/1211/2651 297/1210/2651 295/1212/2651
f 1086/2167/2652 1053/2042/2652 1052/1244/2652
f 1052/1244/2653 1051/2043/2653 1050/1242/2653
f 1050/1242/2654 1049/2044/2654 1047/2046/2654
f 294/1156/2655 295/1212/2655 293/1157/2655
f 1044/1216/2656 1047/2046/2656 1043/2045/2656
f 1040/1214/2657 1035/1165/2657 1034/1164/2657
f 1045/2168/2658 1040/1214/2658 1034/1164/2658
f 1023/2052/2659 1032/2049/2659 1029/2050/2659
f 1023/2052/2660 1024/2051/2660 1025/1326/2660
f 1028/1324/2661 1025/1326/2661 1027/2054/2661
f 307/1173/2662 308/1219/2662 309/1328/2662
f 1028/1324/2663 1027/2054/2663 1030/2169/2663
f 1027/2054/2664 1031/2170/2664 1030/2169/2664
f 307/1173/2665 309/1328/2665 311/1175/2665
f 312/1174/2666 307/1173/2666 311/1175/2666
f 1030/2169/2667 1031/2170/2667 1036/1385/2667
f 1031/2170/2668 1037/2055/2668 1036/1385/2668
f 1259/815/2669 1260/1249/2669 1258/1177/2669
f 1039/2171/2670 1036/1385/2670 1038/2056/2670
f 1039/2171/2671 1038/2056/2671 1054/2058/2671
f 902/2059/2672 918/2172/2672 912/999/2672
f 902/2059/2673 897/1840/2673 880/2060/2673
f 877/2173/2674 878/2061/2674 876/1841/2674
f 877/2173/2675 876/1841/2675 873/2062/2675
f 1249/1005/2676 1250/1181/2676 1248/1187/2676
f 1151/1262/2677 1149/1266/2677 1159/1263/2677
f 881/2063/2678 875/1849/2678 882/1191/2678
f 1158/1267/2679 1149/1266/2679 1147/1273/2679
f 1147/1273/2680 1146/1948/2680 1145/1274/2680
f 882/1191/2681 896/1225/2681 884/1227/2681
f 884/1227/2682 910/1226/2682 909/2174/2682
f 1145/1274/2683 1142/1229/2683 1155/1348/2683
f 1155/1348/2684 1142/1229/2684 1152/1231/2684
f 1244/831/2685 1245/1197/2685 1243/1199/2685
f 1144/1230/2686 1153/1281/2686 1156/1353/2686
f 1153/1281/2687 1166/2064/2687 1162/1282/2687
f 690/2096/2688 683/2077/2688 680/2102/2688
f 683/2077/2689 682/2087/2689 680/2102/2689
f 680/2102/2690 676/2101/2690 675/2175/2690
f 658/2176/2691 660/2097/2691 659/2094/2691
f 699/2106/2692 698/2098/2692 690/2096/2692
f 669/2091/2693 660/2097/2693 658/2176/2693
f 346/2103/2694 658/2176/2694 659/2094/2694
f 690/2096/2695 680/2102/2695 675/2175/2695
f 700/2177/2696 690/2096/2696 675/2175/2696
f 657/2178/2697 658/2176/2697 346/2103/2697
f 699/2106/2698 690/2096/2698 700/2177/2698
f 676/2101/2699 677/2099/2699 668/2179/2699
f 668/2179/2700 677/2099/2700 669/2091/2700
f 675/2175/2701 676/2101/2701 668/2179/2701
f 668/2179/2702 669/2091/2702 655/2180/2702
f 655/2180/2703 669/2091/2703 658/2176/2703
f 655/2180/2704 658/2176/2704 657/2178/2704
f 657/2178/2705 346/2103/2705 342/2108/2705
f 719/2107/2706 699/2106/2706 716/2181/2706
f 700/2177/2707 675/2175/2707 674/2182/2707
f 810/2110/2708 719/2107/2708 716/2181/2708
f 716/2181/2709 699/2106/2709 700/2177/2709
f 733/2183/2710 700/2177/2710 674/2182/2710
f 655/2180/2711 657/2178/2711 656/2184/2711
f 656/2184/2712 657/2178/2712 342/2108/2712
f 716/2181/2713 700/2177/2713 733/2183/2713
f 674/2182/2714 675/2175/2714 668/2179/2714
f 335/2111/2715 656/2184/2715 342/2108/2715
f 810/2110/2716 716/2181/2716 733/2183/2716
f 668/2179/2717 655/2180/2717 653/2185/2717
f 831/2186/2718 810/2110/2718 733/2183/2718
f 653/2185/2719 655/2180/2719 654/2187/2719
f 654/2187/2720 655/2180/2720 656/2184/2720
f 733/2183/2721 674/2182/2721 734/2188/2721
f 831/2186/2722 733/2183/2722 734/2188/2722
f 734/2188/2723 674/2182/2723 714/2189/2723
f 674/2182/2724 668/2179/2724 652/2190/2724
f 652/2190/2725 668/2179/2725 653/2185/2725
f 654/2187/2726 656/2184/2726 340/2191/2726
f 340/2191/2727 656/2184/2727 335/2111/2727
f 985/1137/2728 1010/1136/2728 988/2192/2728
f 714/2189/2729 674/2182/2729 652/2190/2729
f 340/2191/2730 335/2111/2730 331/1991/2730
f 650/2193/2731 653/2185/2731 654/2187/2731
f 343/2194/2732 654/2187/2732 340/2191/2732
f 340/2191/2733 331/1991/2733 333/1993/2733
f 985/1137/2734 988/2192/2734 975/1138/2734
f 339/2113/2735 340/2191/2735 333/1993/2735
f 340/2191/2736 339/2113/2736 343/2194/2736
f 339/2113/2737 333/1993/2737 336/1995/2737
f 772/2195/2738 338/2114/2738 837/2115/2738
f 2645/2118/2739 2646/2117/2739 2640/2196/2739
f 2640/2196/2740 2646/2117/2740 2651/2197/2740
f 793/2198/2741 772/2195/2741 837/2115/2741
f 793/2198/2742 837/2115/2742 836/2122/2742
f 793/2198/2743 836/2122/2743 833/2199/2743
f 2641/2200/2744 2648/2123/2744 2645/2118/2744
f 2641/2200/2745 2645/2118/2745 2640/2196/2745
f 2638/2201/2746 2640/2196/2746 2642/2202/2746
f 2640/2196/2747 2651/2197/2747 2647/2136/2747
f 2642/2202/2748 2640/2196/2748 2647/2136/2748
f 993/1236/2749 994/1288/2749 992/1203/2749
f 2641/2200/2750 2640/2196/2750 2639/2203/2750
f 2639/2203/2751 2640/2196/2751 2638/2201/2751
f 2635/2204/2752 2638/2201/2752 2642/2202/2752
f 473/2133/2753 478/2128/2753 482/2131/2753
f 473/2133/2754 482/2131/2754 486/1292/2754
f 2642/2202/2755 2647/2136/2755 2643/2135/2755
f 2635/2204/2756 2642/2202/2756 2643/2135/2756
f 2635/2204/2757 2643/2135/2757 2636/2205/2757
f 461/2142/2758 470/2006/2758 472/1294/2758
f 472/1294/2759 473/2133/2759 486/1292/2759
f 2636/2205/2760 2643/2135/2760 2644/2139/2760
f 2637/2206/2761 2639/2203/2761 2638/2201/2761
f 2637/2206/2762 2638/2201/2762 2635/2204/2762
f 462/1295/2763 461/2142/2763 472/1294/2763
f 2637/2206/2764 2635/2204/2764 2634/2207/2764
f 2632/2208/2765 2635/2204/2765 2636/2205/2765
f 2632/2208/2766 2634/2207/2766 2635/2204/2766
f 2636/2205/2767 2644/2139/2767 2633/2146/2767
f 460/2141/2768 461/2142/2768 459/2209/2768
f 459/2209/2769 461/2142/2769 462/1295/2769
f 2632/2208/2770 2636/2205/2770 2633/2146/2770
f 2629/2152/2771 2632/2208/2771 2633/2146/2771
f 460/2141/2772 459/2209/2772 458/2145/2772
f 453/1239/2773 458/2145/2773 459/2209/2773
f 453/1239/2774 459/2209/2774 499/1237/2774
f 457/2148/2775 458/2145/2775 453/1239/2775
f 2631/2210/2776 2634/2207/2776 2632/2208/2776
f 2628/2211/2777 2631/2210/2777 2632/2208/2777
f 2628/2211/2778 2632/2208/2778 2629/2152/2778
f 452/2154/2779 457/2148/2779 453/1239/2779
f 452/2154/2780 453/1239/2780 446/1204/2780
f 2623/2212/2781 2631/2210/2781 2628/2211/2781
f 2628/2211/2782 2629/2152/2782 2625/2155/2782
f 2623/2212/2783 2628/2211/2783 2619/2213/2783
f 2623/2212/2784 2619/2213/2784 2620/2214/2784
f 2619/2213/2785 2628/2211/2785 2613/2215/2785
f 2613/2215/2786 2628/2211/2786 2625/2155/2786
f 443/2036/2787 444/1206/2787 442/1241/2787
f 2619/2213/2788 2613/2215/2788 2618/2216/2788
f 2613/2215/2789 2625/2155/2789 2624/2159/2789
f 2606/2160/2790 2613/2215/2790 2624/2159/2790
f 435/1207/2791 443/2036/2791 442/1241/2791
f 408/1208/2792 435/1207/2792 442/1241/2792
f 2612/2217/2793 2613/2215/2793 2606/2160/2793
f 2612/2217/2794 2606/2160/2794 2604/2161/2794
f 2603/2162/2795 2593/2041/2795 2608/2218/2795
f 2608/2218/2796 2593/2041/2796 2596/2163/2796
f 2602/2164/2797 2608/2218/2797 2596/2163/2797
f 2616/2219/2798 2608/2218/2798 2602/2164/2798
f 2580/2220/2799 2581/2221/2799 2582/2222/2799
f 112/2223/2800 108/2224/2800 96/1317/2800
f 97/1315/2801 112/2223/2801 96/1317/2801
f 96/1317/2802 108/2224/2802 107/1247/2802
f 96/1317/2803 107/1247/2803 105/1246/2803
f 295/1212/2804 297/1210/2804 296/1213/2804
f 1045/2168/2805 1046/1215/2805 1040/1214/2805
f 1048/2225/2806 1045/2168/2806 1034/1164/2806
f 1032/2049/2807 1048/2225/2807 1034/1164/2807
f 916/2226/2808 902/2059/2808 880/2060/2808
f 916/2226/2809 880/2060/2809 878/2061/2809
f 916/2226/2810 878/2061/2810 915/2227/2810
f 915/2227/2811 878/2061/2811 877/2173/2811
f 915/2227/2812 877/2173/2812 914/2228/2812
f 914/2228/2813 877/2173/2813 913/2229/2813
f 877/2173/2814 873/2062/2814 913/2229/2814
f 913/2229/2815 873/2062/2815 911/2230/2815
f 873/2062/2816 881/2063/2816 911/2230/2816
f 911/2230/2817 881/2063/2817 883/2231/2817
f 881/2063/2818 882/1191/2818 883/2231/2818
f 883/2231/2819 882/1191/2819 884/1227/2819
f 1158/1267/2820 1145/1274/2820 1155/1348/2820
f 884/1227/2821 909/2174/2821 908/2232/2821
f 1152/1231/2822 1144/1230/2822 1156/1353/2822
f 1156/1353/2823 1153/1281/2823 1160/1283/2823
f 1160/1283/2824 1162/1282/2824 1161/2233/2824
f 1161/2233/2825 1162/1282/2825 1176/2234/2825
f 650/2193/2826 654/2187/2826 343/2194/2826
f 789/1284/2827 734/2188/2827 714/2189/2827
f 652/2190/2828 653/2185/2828 650/2193/2828
f 714/2189/2829 652/2190/2829 651/2235/2829
f 652/2190/2830 650/2193/2830 649/2236/2830
f 789/1284/2831 714/2189/2831 765/1285/2831
f 765/1285/2832 714/2189/2832 651/2235/2832
f 648/2237/2833 650/2193/2833 343/2194/2833
f 651/2235/2834 652/2190/2834 649/2236/2834
f 648/2237/2835 343/2194/2835 338/2114/2835
f 338/2114/2836 343/2194/2836 339/2113/2836
f 649/2236/2837 650/2193/2837 648/2237/2837
f 649/2236/2838 648/2237/2838 646/2238/2838
f 646/2238/2839 648/2237/2839 647/2239/2839
f 648/2237/2840 338/2114/2840 772/2195/2840
f 647/2239/2841 648/2237/2841 772/2195/2841
f 645/2240/2842 647/2239/2842 772/2195/2842
f 645/2240/2843 772/2195/2843 793/2198/2843
f 645/2240/2844 793/2198/2844 770/2241/2844
f 770/2241/2845 793/2198/2845 833/2199/2845
f 770/2241/2846 833/2199/2846 834/2242/2846
f 486/1292/2847 482/2131/2847 422/1290/2847
f 770/2241/2848 834/2242/2848 835/2243/2848
f 488/1293/2849 486/1292/2849 428/1291/2849
f 770/2241/2850 835/2243/2850 799/2244/2850
f 487/1296/2851 472/1294/2851 488/1293/2851
f 799/2244/2852 835/2243/2852 841/2245/2852
f 841/2245/2853 835/2243/2853 842/2246/2853
f 456/2247/2854 462/1295/2854 487/1296/2854
f 459/2209/2855 462/1295/2855 456/2247/2855
f 841/2245/2856 842/2246/2856 843/2248/2856
f 450/1297/2857 459/2209/2857 456/2247/2857
f 499/1237/2858 459/2209/2858 450/1297/2858
f 2656/2249/2859 2634/2207/2859 2631/2210/2859
f 844/2250/2860 841/2245/2860 843/2248/2860
f 841/2245/2861 844/2250/2861 798/2251/2861
f 2631/2210/2862 2623/2212/2862 2620/2214/2862
f 2620/2214/2863 2619/2213/2863 2618/2216/2863
f 2614/2252/2864 2618/2216/2864 2613/2215/2864
f 2614/2252/2865 2613/2215/2865 2612/2217/2865
f 2615/2253/2866 2612/2217/2866 2604/2161/2866
f 782/2254/2867 781/2255/2867 760/2256/2867
f 2615/2253/2868 2604/2161/2868 2603/2162/2868
f 438/1112/2869 437/1209/2869 403/1359/2869
f 439/1153/2870 438/1112/2870 403/1359/2870
f 2615/2253/2871 2603/2162/2871 2608/2218/2871
f 2616/2219/2872 2615/2253/2872 2608/2218/2872
f 87/1301/2873 86/1303/2873 111/2257/2873
f 2617/2258/2874 2616/2219/2874 2602/2164/2874
f 1056/2259/2875 1063/1243/2875 1050/1242/2875
f 1056/2259/2876 1050/1242/2876 1047/2046/2876
f 1044/1216/2877 1056/2259/2877 1047/2046/2877
f 1056/2259/2878 1044/1216/2878 1046/1215/2878
f 1055/2260/2879 1056/2259/2879 1046/1215/2879
f 1055/2260/2880 1046/1215/2880 1045/2168/2880
f 1059/2261/2881 1045/2168/2881 1048/2225/2881
f 1059/2261/2882 1048/2225/2882 1032/2049/2882
f 1254/1179/2883 1264/1253/2883 1252/1180/2883
f 1248/1187/2884 1266/1255/2884 1269/1270/2884
f 911/2230/2885 883/2231/2885 923/2262/2885
f 884/1227/2886 908/2232/2886 907/2263/2886
f 1163/1350/2887 1152/1231/2887 1157/1354/2887
f 2307/1279/2888 2305/1352/2888 2304/2264/2888
f 1157/1354/2889 1160/1283/2889 1161/2233/2889
f 430/1286/2890 765/1285/2890 651/2235/2890
f 429/1356/2891 430/1286/2891 426/1357/2891
f 430/1286/2892 651/2235/2892 426/1357/2892
f 651/2235/2893 649/2236/2893 646/2238/2893
f 426/1357/2894 651/2235/2894 646/2238/2894
f 983/1235/2895 977/1142/2895 987/1287/2895
f 983/1235/2896 987/1287/2896 990/2265/2896
f 646/2238/2897 647/2239/2897 645/2240/2897
f 980/1143/2898 983/1235/2898 990/2265/2898
f 991/2266/2899 980/1143/2899 990/2265/2899
f 646/2238/2900 645/2240/2900 644/2267/2900
f 993/1236/2901 980/1143/2901 991/2266/2901
f 681/2268/2902 645/2240/2902 770/2241/2902
f 995/1289/2903 993/1236/2903 991/2266/2903
f 681/2268/2904 770/2241/2904 725/2269/2904
f 725/2269/2905 770/2241/2905 799/2244/2905
f 798/2251/2906 799/2244/2906 841/2245/2906
f 448/1238/2907 450/1297/2907 449/2270/2907
f 798/2251/2908 844/2250/2908 797/2271/2908
f 763/2272/2909 797/2271/2909 804/2273/2909
f 442/1241/2910 445/1240/2910 410/2274/2910
f 735/2275/2911 763/2272/2911 804/2273/2911
f 735/2275/2912 804/2273/2912 794/2276/2912
f 408/1208/2913 442/1241/2913 410/2274/2913
f 735/2275/2914 794/2276/2914 782/2254/2914
f 760/2256/2915 735/2275/2915 782/2254/2915
f 437/1209/2916 408/1208/2916 405/2277/2916
f 437/1209/2917 405/2277/2917 403/1359/2917
f 619/2278/2918 760/2256/2918 781/2255/2918
f 619/2278/2919 781/2255/2919 780/2279/2919
f 618/2280/2920 619/2278/2920 780/2279/2920
f 1873/2281/2921 1871/2282/2921 1870/2283/2921
f 109/1360/2922 111/2257/2922 86/1303/2922
f 1870/2283/2923 1871/2282/2923 1872/2284/2923
f 2393/2285/2924 2394/2286/2924 2395/2287/2924
f 2617/2258/2925 2621/2288/2925 2616/2219/2925
f 2621/2288/2926 2617/2258/2926 2622/2289/2926
f 730/2290/2927 870/1309/2927 756/1306/2927
f 730/2290/2928 756/1306/2928 740/2291/2928
f 635/2292/2929 618/2280/2929 730/2290/2929
f 635/2292/2930 730/2290/2930 740/2291/2930
f 741/2293/2931 635/2292/2931 740/2291/2931
f 773/2294/2932 635/2292/2932 741/2293/2932
f 741/2293/2933 740/2291/2933 742/1376/2933
f 773/2294/2934 741/2293/2934 742/1376/2934
f 800/2295/2935 773/2294/2935 742/1376/2935
f 745/1321/2936 746/1377/2936 795/1322/2936
f 2161/2296/2937 2159/1379/2937 2160/1378/2937
f 800/2295/2938 742/1376/2938 745/1321/2938
f 1058/2297/2939 1063/1243/2939 1056/2259/2939
f 801/1320/2940 800/2295/2940 745/1321/2940
f 1057/2298/2941 1058/2297/2941 1056/2259/2941
f 293/1157/2942 296/1213/2942 406/1380/2942
f 1057/2298/2943 1056/2259/2943 1055/2260/2943
f 1059/2261/2944 1055/2260/2944 1045/2168/2944
f 289/1248/2945 286/1161/2945 310/1381/2945
f 1060/2299/2946 1059/2261/2946 1032/2049/2946
f 1023/2052/2947 1060/2299/2947 1032/2049/2947
f 1062/1325/2948 1060/2299/2948 1023/2052/2948
f 1062/1325/2949 1023/2052/2949 1025/1326/2949
f 308/1219/2950 305/1172/2950 432/1382/2950
f 1064/1384/2951 1062/1325/2951 1028/1324/2951
f 1064/1384/2952 1028/1324/2952 1030/2169/2952
f 311/1175/2953 309/1328/2953 314/1327/2953
f 311/1175/2954 314/1327/2954 315/2300/2954
f 1064/1384/2955 1030/2169/2955 1036/1385/2955
f 316/2301/2956 311/1175/2956 315/2300/2956
f 1066/1383/2957 1036/1385/2957 1039/2171/2957
f 316/2301/2958 315/2300/2958 317/2302/2958
f 316/2301/2959 317/2302/2959 318/2303/2959
f 1054/2058/2960 1066/1383/2960 1039/2171/2960
f 1066/1383/2961 1054/2058/2961 1076/2304/2961
f 318/2303/2962 317/2302/2962 323/1330/2962
f 324/1329/2963 318/2303/2963 323/1330/2963
f 1076/2304/2964 1054/2058/2964 1081/2305/2964
f 1076/2304/2965 1081/2305/2965 1080/2306/2965
f 1080/2306/2966 1081/2305/2966 1082/2307/2966
f 325/1331/2967 323/1330/2967 326/2308/2967
f 325/1331/2968 326/2308/2968 327/2309/2968
f 1080/2306/2969 1082/2307/2969 1083/2310/2969
f 1083/2310/2970 1082/2307/2970 1084/2311/2970
f 327/2309/2971 326/2308/2971 328/2312/2971
f 585/2313/2972 806/2314/2972 589/2315/2972
f 589/2315/2973 806/2314/2973 805/2316/2973
f 328/2312/2974 326/2308/2974 771/2317/2974
f 589/2315/2975 805/2316/2975 591/2318/2975
f 589/2315/2976 591/2318/2976 586/2319/2976
f 328/2312/2977 771/2317/2977 728/2320/2977
f 805/2316/2978 813/2321/2978 591/2318/2978
f 829/2322/2979 328/2312/2979 728/2320/2979
f 591/2318/2980 813/2321/2980 610/2323/2980
f 610/2323/2981 813/2321/2981 826/2324/2981
f 829/2322/2982 728/2320/2982 790/2325/2982
f 610/2323/2983 826/2324/2983 611/2326/2983
f 611/2326/2984 826/2324/2984 631/2327/2984
f 830/2328/2985 829/2322/2985 790/2325/2985
f 830/2328/2986 790/2325/2986 791/2329/2986
f 923/2262/2987 883/2231/2987 917/2330/2987
f 917/2330/2988 883/2231/2988 906/2331/2988
f 906/2331/2989 883/2231/2989 884/1227/2989
f 830/2328/2990 791/2329/2990 777/1397/2990
f 906/2331/2991 884/1227/2991 907/2263/2991
f 850/1396/2992 830/2328/2992 777/1397/2992
f 907/2263/2993 908/2232/2993 919/2332/2993
f 737/2333/2994 845/2334/2994 739/2335/2994
f 2304/2264/2995 2305/1352/2995 2306/1401/2995
f 739/2335/2996 845/2334/2996 832/2336/2996
f 739/2335/2997 832/2336/2997 802/2337/2997
f 425/1358/2998 426/1357/2998 424/2338/2998
f 424/2338/2999 426/1357/2999 646/2238/2999
f 423/2339/3000 425/1358/3000 424/2338/3000
f 424/2338/3001 646/2238/3001 644/2267/3001
f 424/2338/3002 644/2267/3002 671/2340/3002
f 644/2267/3003 645/2240/3003 643/2341/3003
f 422/1290/3004 423/2339/3004 421/2342/3004
f 421/2342/3005 423/2339/3005 424/2338/3005
f 643/2341/3006 645/2240/3006 681/2268/3006
f 420/2343/3007 422/1290/3007 421/2342/3007
f 428/1291/3008 422/1290/3008 420/2343/3008
f 643/2341/3009 681/2268/3009 637/2344/3009
f 637/2344/3010 681/2268/3010 725/2269/3010
f 427/2345/3011 488/1293/3011 428/1291/3011
f 427/2345/3012 428/1291/3012 418/2346/3012
f 487/1296/3013 488/1293/3013 427/2345/3013
f 456/2247/3014 487/1296/3014 427/2345/3014
f 456/2247/3015 427/2345/3015 416/2347/3015
f 725/2269/3016 799/2244/3016 764/2348/3016
f 450/1297/3017 456/2247/3017 416/2347/3017
f 764/2348/3018 799/2244/3018 798/2251/3018
f 450/1297/3019 416/2347/3019 417/2349/3019
f 450/1297/3020 417/2349/3020 449/2270/3020
f 764/2348/3021 798/2251/3021 797/2271/3021
f 448/1238/3022 449/2270/3022 409/2350/3022
f 409/2350/3023 449/2270/3023 395/2351/3023
f 447/1205/3024 448/1238/3024 409/2350/3024
f 764/2348/3025 797/2271/3025 628/2352/3025
f 621/2353/3026 764/2348/3026 628/2352/3026
f 628/2352/3027 797/2271/3027 763/2272/3027
f 445/1240/3028 447/1205/3028 410/2274/3028
f 447/1205/3029 409/2350/3029 410/2274/3029
f 628/2352/3030 763/2272/3030 735/2275/3030
f 627/2354/3031 628/2352/3031 735/2275/3031
f 408/1208/3032 410/2274/3032 394/2355/3032
f 408/1208/3033 394/2355/3033 386/2356/3033
f 626/2357/3034 627/2354/3034 735/2275/3034
f 626/2357/3035 735/2275/3035 760/2256/3035
f 408/1208/3036 386/2356/3036 398/2358/3036
f 627/2354/3037 626/2357/3037 599/2359/3037
f 405/2277/3038 408/1208/3038 398/2358/3038
f 403/1359/3039 405/2277/3039 398/2358/3039
f 619/2278/3040 626/2357/3040 760/2256/3040
f 403/1359/3041 398/2358/3041 397/2360/3041
f 599/2359/3042 626/2357/3042 619/2278/3042
f 599/2359/3043 619/2278/3043 597/2361/3043
f 403/1359/3044 397/2360/3044 382/1417/3044
f 402/1298/3045 403/1359/3045 382/1417/3045
f 402/1298/3046 382/1417/3046 383/1402/3046
f 597/2361/3047 619/2278/3047 614/2362/3047
f 749/2363/3048 754/2364/3048 750/2365/3048
f 614/2362/3049 619/2278/3049 618/2280/3049
f 750/2365/3050 783/2366/3050 755/2367/3050
f 749/2363/3051 750/2365/3051 747/2368/3051
f 783/2366/3052 753/2369/3052 755/2367/3052
f 748/2370/3053 758/1365/3053 754/2364/3053
f 761/1305/3054 758/1365/3054 748/2370/3054
f 747/2368/3055 755/2367/3055 753/2369/3055
f 756/1306/3056 761/1305/3056 748/2370/3056
f 748/2370/3057 754/2364/3057 749/2363/3057
f 747/2368/3058 753/2369/3058 752/2371/3058
f 747/2368/3059 752/2371/3059 751/2372/3059
f 751/2372/3060 752/2371/3060 757/2373/3060
f 748/2370/3061 749/2363/3061 747/2368/3061
f 743/2374/3062 748/2370/3062 747/2368/3062
f 601/2375/3063 614/2362/3063 618/2280/3063
f 618/2280/3064 602/2376/3064 601/2375/3064
f 756/1306/3065 748/2370/3065 740/2291/3065
f 740/2291/3066 748/2370/3066 743/2374/3066
f 744/2377/3067 743/2374/3067 747/2368/3067
f 744/2377/3068 747/2368/3068 751/2372/3068
f 751/2372/3069 757/2373/3069 759/2378/3069
f 602/2376/3070 618/2280/3070 635/2292/3070
f 744/2377/3071 751/2372/3071 759/2378/3071
f 742/1376/3072 740/2291/3072 743/2374/3072
f 742/1376/3073 743/2374/3073 744/2377/3073
f 632/2379/3074 602/2376/3074 635/2292/3074
f 2159/1379/3075 2156/1373/3075 2155/1375/3075
f 742/1376/3076 744/2377/3076 746/1377/3076
f 1071/2380/3077 1072/2381/3077 1058/2297/3077
f 1057/2298/3078 1071/2380/3078 1058/2297/3078
f 1070/2382/3079 1071/2380/3079 1057/2298/3079
f 300/1323/3080 406/1380/3080 399/1403/3080
f 300/1323/3081 399/1403/3081 401/1404/3081
f 1069/2383/3082 1070/2382/3082 1057/2298/3082
f 1069/2383/3083 1057/2298/3083 1055/2260/3083
f 310/1381/3084 300/1323/3084 407/1405/3084
f 1059/2261/3085 1069/2383/3085 1055/2260/3085
f 1061/2384/3086 1069/2383/3086 1059/2261/3086
f 289/1248/3087 310/1381/3087 407/1405/3087
f 289/1248/3088 407/1405/3088 433/2385/3088
f 290/1167/3089 289/1248/3089 433/2385/3089
f 1061/2384/3090 1059/2261/3090 1060/2299/3090
f 302/1218/3091 290/1167/3091 433/2385/3091
f 302/1218/3092 433/2385/3092 434/2386/3092
f 302/1218/3093 434/2386/3093 303/1169/3093
f 303/1169/3094 434/2386/3094 404/2387/3094
f 1061/2384/3095 1060/2299/3095 1062/1325/3095
f 1065/2388/3096 1061/2384/3096 1062/1325/3096
f 305/1172/3097 303/1169/3097 404/2387/3097
f 305/1172/3098 404/2387/3098 432/1382/3098
f 1065/2388/3099 1062/1325/3099 1064/1384/3099
f 1067/2389/3100 1065/2388/3100 1064/1384/3100
f 1067/2389/3101 1064/1384/3101 1066/1383/3101
f 1068/2390/3102 1067/2389/3102 1066/1383/3102
f 1068/2390/3103 1066/1383/3103 1075/2391/3103
f 317/2302/3104 322/2392/3104 323/1330/3104
f 1075/2391/3105 1066/1383/3105 1076/2304/3105
f 323/1330/3106 322/2392/3106 785/2393/3106
f 785/2393/3107 784/2394/3107 323/1330/3107
f 580/1407/3108 581/2395/3108 582/2396/3108
f 581/2395/3109 588/2397/3109 590/2398/3109
f 581/2395/3110 590/2398/3110 587/2399/3110
f 1080/2306/3111 1075/2391/3111 1076/2304/3111
f 582/2396/3112 581/2395/3112 587/2399/3112
f 323/1330/3113 784/2394/3113 326/2308/3113
f 784/2394/3114 579/1406/3114 583/1408/3114
f 326/2308/3115 784/2394/3115 583/1408/3115
f 583/1408/3116 580/1407/3116 582/2396/3116
f 582/2396/3117 587/2399/3117 585/2313/3117
f 584/2400/3118 582/2396/3118 585/2313/3118
f 583/1408/3119 582/2396/3119 584/2400/3119
f 326/2308/3120 583/1408/3120 771/2317/3120
f 771/2317/3121 583/1408/3121 584/2400/3121
f 586/2319/3122 585/2313/3122 589/2315/3122
f 771/2317/3123 584/2400/3123 728/2320/3123
f 584/2400/3124 585/2313/3124 586/2319/3124
f 728/2320/3125 584/2400/3125 586/2319/3125
f 728/2320/3126 586/2319/3126 592/2401/3126
f 592/2401/3127 586/2319/3127 591/2318/3127
f 790/2325/3128 728/2320/3128 592/2401/3128
f 592/2401/3129 591/2318/3129 610/2323/3129
f 791/2329/3130 790/2325/3130 592/2401/3130
f 592/2401/3131 610/2323/3131 611/2326/3131
f 791/2329/3132 592/2401/3132 777/1397/3132
f 777/1397/3133 592/2401/3133 612/2402/3133
f 592/2401/3134 611/2326/3134 612/2402/3134
f 612/2402/3135 611/2326/3135 622/2403/3135
f 622/2403/3136 611/2326/3136 631/2327/3136
f 777/1397/3137 612/2402/3137 736/2404/3137
f 622/2403/3138 631/2327/3138 697/2405/3138
f 697/2405/3139 631/2327/3139 712/2406/3139
f 612/2402/3140 622/2403/3140 623/2407/3140
f 623/2407/3141 622/2403/3141 625/2408/3141
f 625/2408/3142 622/2403/3142 697/2405/3142
f 625/2408/3143 697/2405/3143 762/2409/3143
f 762/2409/3144 697/2405/3144 722/1410/3144
f 612/2402/3145 623/2407/3145 624/2410/3145
f 736/2404/3146 612/2402/3146 624/2410/3146
f 847/2411/3147 762/2409/3147 722/1410/3147
f 697/2405/3148 712/2406/3148 721/2412/3148
f 722/1410/3149 697/2405/3149 721/2412/3149
f 712/2406/3150 807/2413/3150 721/2412/3150
f 721/2412/3151 807/2413/3151 839/2414/3151
f 777/1397/3152 736/2404/3152 738/1398/3152
f 736/2404/3153 624/2410/3153 737/2333/3153
f 738/1398/3154 736/2404/3154 737/2333/3154
f 847/2411/3155 722/1410/3155 849/1409/3155
f 721/2412/3156 839/2414/3156 823/2415/3156
f 723/2416/3157 721/2412/3157 823/2415/3157
f 738/1398/3158 737/2333/3158 739/2335/3158
f 851/2417/3159 849/1409/3159 724/1411/3159
f 723/2416/3160 823/2415/3160 828/2418/3160
f 738/1398/3161 739/2335/3161 802/2337/3161
f 724/1411/3162 723/2416/3162 828/2418/3162
f 851/2417/3163 724/1411/3163 828/2418/3163
f 424/2338/3164 671/2340/3164 672/2419/3164
f 421/2342/3165 424/2338/3165 672/2419/3165
f 420/2343/3166 421/2342/3166 419/2420/3166
f 419/2420/3167 421/2342/3167 672/2419/3167
f 671/2340/3168 644/2267/3168 642/2421/3168
f 642/2421/3169 644/2267/3169 643/2341/3169
f 428/1291/3170 420/2343/3170 418/2346/3170
f 418/2346/3171 420/2343/3171 419/2420/3171
f 642/2421/3172 643/2341/3172 637/2344/3172
f 637/2344/3173 725/2269/3173 638/2422/3173
f 638/2422/3174 725/2269/3174 764/2348/3174
f 395/2351/3175 449/2270/3175 417/2349/3175
f 638/2422/3176 764/2348/3176 621/2353/3176
f 613/2423/3177 621/2353/3177 628/2352/3177
f 410/2274/3178 409/2350/3178 394/2355/3178
f 394/2355/3179 409/2350/3179 395/2351/3179
f 613/2423/3180 628/2352/3180 627/2354/3180
f 596/2424/3181 613/2423/3181 627/2354/3181
f 596/2424/3182 627/2354/3182 599/2359/3182
f 397/2360/3183 398/2358/3183 386/2356/3183
f 397/2360/3184 386/2356/3184 370/2425/3184
f 598/2426/3185 597/2361/3185 614/2362/3185
f 747/2368/3186 750/2365/3186 755/2367/3186
f 598/2426/3187 614/2362/3187 601/2375/3187
f 400/1308/3188 383/1402/3188 381/1412/3188
f 400/1308/3189 381/1412/3189 399/1403/3189
f 615/2427/3190 602/2376/3190 632/2379/3190
f 1070/2382/3191 1079/2428/3191 1071/2380/3191
f 1073/2429/3192 1079/2428/3192 1070/2382/3192
f 1073/2429/3193 1070/2382/3193 1069/2383/3193
f 401/1404/3194 399/1403/3194 376/1413/3194
f 1074/2430/3195 1073/2429/3195 1069/2383/3195
f 407/1405/3196 401/1404/3196 377/2431/3196
f 1074/2430/3197 1069/2383/3197 1061/2384/3197
f 407/1405/3198 377/2431/3198 378/2432/3198
f 433/2385/3199 407/1405/3199 378/2432/3199
f 1077/2433/3200 1074/2430/3200 1061/2384/3200
f 433/2385/3201 378/2432/3201 385/2434/3201
f 433/2385/3202 385/2434/3202 434/2386/3202
f 1065/2388/3203 1077/2433/3203 1061/2384/3203
f 434/2386/3204 385/2434/3204 404/2387/3204
f 1078/2435/3205 1077/2433/3205 1065/2388/3205
f 575/2436/3206 564/2437/3206 639/2438/3206
f 432/1382/3207 404/2387/3207 413/2439/3207
f 432/1382/3208 413/2439/3208 314/1327/3208
f 314/1327/3209 413/2439/3209 412/2440/3209
f 314/1327/3210 412/2440/3210 431/2441/3210
f 575/2436/3211 639/2438/3211 620/2442/3211
f 314/1327/3212 431/2441/3212 315/2300/3212
f 550/2443/3213 575/2436/3213 576/2444/3213
f 576/2444/3214 575/2436/3214 620/2442/3214
f 315/2300/3215 431/2441/3215 320/2445/3215
f 315/2300/3216 320/2445/3216 319/2446/3216
f 315/2300/3217 319/2446/3217 317/2302/3217
f 317/2302/3218 319/2446/3218 321/1414/3218
f 569/2447/3219 550/2443/3219 576/2444/3219
f 588/2397/3220 576/2444/3220 620/2442/3220
f 321/1414/3221 779/1416/3221 322/2392/3221
f 569/2447/3222 576/2444/3222 588/2397/3222
f 317/2302/3223 321/1414/3223 322/2392/3223
f 569/2447/3224 588/2397/3224 581/2395/3224
f 322/2392/3225 779/1416/3225 785/2393/3225
f 785/2393/3226 779/1416/3226 579/1406/3226
f 784/2394/3227 785/2393/3227 579/1406/3227
f 579/1406/3228 553/2448/3228 569/2447/3228
f 579/1406/3229 569/2447/3229 580/1407/3229
f 580/1407/3230 569/2447/3230 581/2395/3230
f 722/1410/3231 721/2412/3231 723/2416/3231
f 724/1411/3232 722/1410/3232 723/2416/3232
f 419/2420/3233 672/2419/3233 696/2449/3233
f 672/2419/3234 671/2340/3234 641/2450/3234
f 641/2450/3235 671/2340/3235 642/2421/3235
f 696/2449/3236 672/2419/3236 641/2450/3236
f 640/2451/3237 641/2450/3237 642/2421/3237
f 640/2451/3238 642/2421/3238 637/2344/3238
f 416/2347/3239 427/2345/3239 418/2346/3239
f 636/2452/3240 637/2344/3240 638/2422/3240
f 636/2452/3241 638/2422/3241 621/2353/3241
f 395/2351/3242 417/2349/3242 416/2347/3242
f 395/2351/3243 416/2347/3243 392/2453/3243
f 394/2355/3244 395/2351/3244 388/2454/3244
f 572/2455/3245 596/2424/3245 599/2359/3245
f 386/2356/3246 394/2355/3246 372/2456/3246
f 397/2360/3247 370/2425/3247 382/1417/3247
f 369/2457/3248 382/1417/3248 370/2425/3248
f 381/1412/3249 383/1402/3249 366/1418/3249
f 600/2458/3250 598/2426/3250 601/2375/3250
f 600/2458/3251 601/2375/3251 602/2376/3251
f 376/1413/3252 381/1412/3252 367/1419/3252
f 603/2459/3253 602/2376/3253 615/2427/3253
f 608/2460/3254 605/2461/3254 603/2459/3254
f 616/2462/3255 603/2459/3255 615/2427/3255
f 608/2460/3256 603/2459/3256 616/2462/3256
f 608/2460/3257 616/2462/3257 629/2463/3257
f 570/2464/3258 608/2460/3258 629/2463/3258
f 377/2431/3259 401/1404/3259 376/1413/3259
f 375/2465/3260 377/2431/3260 376/1413/3260
f 562/2466/3261 570/2464/3261 629/2463/3261
f 378/2432/3262 377/2431/3262 375/2465/3262
f 563/2467/3263 562/2466/3263 629/2463/3263
f 563/2467/3264 629/2463/3264 633/2468/3264
f 378/2432/3265 375/2465/3265 379/2469/3265
f 378/2432/3266 379/2469/3266 384/2470/3266
f 564/2437/3267 563/2467/3267 633/2468/3267
f 385/2434/3268 378/2432/3268 384/2470/3268
f 547/2471/3269 563/2467/3269 555/2472/3269
f 555/2472/3270 563/2467/3270 564/2437/3270
f 404/2387/3271 385/2434/3271 384/2470/3271
f 404/2387/3272 384/2470/3272 391/2473/3272
f 413/2439/3273 404/2387/3273 391/2473/3273
f 413/2439/3274 391/2473/3274 412/2440/3274
f 391/2473/3275 396/2474/3275 411/2475/3275
f 412/2440/3276 391/2473/3276 411/2475/3276
f 555/2472/3277 564/2437/3277 575/2436/3277
f 550/2443/3278 555/2472/3278 575/2436/3278
f 553/2448/3279 550/2443/3279 569/2447/3279
f 729/2476/3280 554/2477/3280 579/1406/3280
f 779/1416/3281 803/1415/3281 729/2476/3281
f 779/1416/3282 729/2476/3282 579/1406/3282
f 579/1406/3283 554/2477/3283 553/2448/3283
f 418/2346/3284 419/2420/3284 415/2478/3284
f 415/2478/3285 419/2420/3285 696/2449/3285
f 634/2479/3286 641/2450/3286 640/2451/3286
f 414/2480/3287 418/2346/3287 415/2478/3287
f 634/2479/3288 640/2451/3288 630/2481/3288
f 630/2481/3289 640/2451/3289 637/2344/3289
f 416/2347/3290 418/2346/3290 414/2480/3290
f 630/2481/3291 637/2344/3291 636/2452/3291
f 416/2347/3292 414/2480/3292 392/2453/3292
f 630/2481/3293 636/2452/3293 578/2482/3293
f 578/2482/3294 636/2452/3294 621/2353/3294
f 395/2351/3295 392/2453/3295 388/2454/3295
f 578/2482/3296 621/2353/3296 613/2423/3296
f 577/2483/3297 578/2482/3297 613/2423/3297
f 394/2355/3298 388/2454/3298 372/2456/3298
f 577/2483/3299 613/2423/3299 596/2424/3299
f 571/2484/3300 577/2483/3300 596/2424/3300
f 571/2484/3301 596/2424/3301 572/2455/3301
f 386/2356/3302 372/2456/3302 370/2425/3302
f 572/2455/3303 599/2359/3303 597/2361/3303
f 572/2455/3304 597/2361/3304 598/2426/3304
f 573/2485/3305 572/2455/3305 598/2426/3305
f 382/1417/3306 369/2457/3306 366/1418/3306
f 568/2486/3307 573/2485/3307 574/2487/3307
f 574/2487/3308 573/2485/3308 598/2426/3308
f 574/2487/3309 598/2426/3309 600/2458/3309
f 600/2458/3310 602/2376/3310 603/2459/3310
f 595/2488/3311 574/2487/3311 600/2458/3311
f 376/1413/3312 367/1419/3312 373/2489/3312
f 595/2488/3313 600/2458/3313 603/2459/3313
f 595/2488/3314 604/2490/3314 594/2491/3314
f 604/2490/3315 595/2488/3315 603/2459/3315
f 604/2490/3316 607/2492/3316 594/2491/3316
f 606/2493/3317 604/2490/3317 605/2461/3317
f 605/2461/3318 604/2490/3318 603/2459/3318
f 594/2491/3319 607/2492/3319 713/2494/3319
f 607/2492/3320 604/2490/3320 606/2493/3320
f 2086/1450/3321 2088/1449/3321 2089/2495/3321
f 254/1454/3322 278/2496/3322 268/1455/3322
f 1874/1457/3323 1875/2497/3323 1876/1460/3323
f 1876/1460/3324 1875/2497/3324 1877/2498/3324
f 617/2499/3325 608/2460/3325 570/2464/3325
f 593/2500/3326 617/2499/3326 570/2464/3326
f 376/1413/3327 373/2489/3327 375/2465/3327
f 567/2501/3328 570/2464/3328 561/2502/3328
f 561/2502/3329 570/2464/3329 562/2466/3329
f 547/2471/3330 561/2502/3330 562/2466/3330
f 547/2471/3331 562/2466/3331 563/2467/3331
f 384/2470/3332 379/2469/3332 390/1428/3332
f 543/2503/3333 547/2471/3333 555/2472/3333
f 543/2503/3334 555/2472/3334 550/2443/3334
f 391/2473/3335 384/2470/3335 390/1428/3335
f 390/1428/3336 539/1430/3336 396/2474/3336
f 391/2473/3337 390/1428/3337 396/2474/3337
f 2266/2504/3338 2267/2505/3338 2268/2506/3338
f 539/1430/3339 538/2507/3339 540/2508/3339
f 540/2508/3340 538/2507/3340 541/2509/3340
f 538/2507/3341 543/2503/3341 542/2510/3341
f 541/2509/3342 538/2507/3342 542/2510/3342
f 541/2509/3343 542/2510/3343 815/2511/3343
f 542/2510/3344 543/2503/3344 550/2443/3344
f 814/2512/3345 815/2511/3345 542/2510/3345
f 542/2510/3346 550/2443/3346 553/2448/3346
f 814/2512/3347 542/2510/3347 554/2477/3347
f 554/2477/3348 542/2510/3348 553/2448/3348
f 816/2513/3349 814/2512/3349 554/2477/3349
f 1095/1474/3350 1105/2514/3350 1104/1473/3350
f 729/2476/3351 816/2513/3351 554/2477/3351
f 1104/1473/3352 1106/1437/3352 1097/1436/3352
f 696/2449/3353 641/2450/3353 536/2515/3353
f 536/2515/3354 641/2450/3354 634/2479/3354
f 415/2478/3355 696/2449/3355 536/2515/3355
f 414/2480/3356 415/2478/3356 393/2516/3356
f 393/2516/3357 415/2478/3357 536/2515/3357
f 634/2479/3358 630/2481/3358 566/2517/3358
f 392/2453/3359 414/2480/3359 393/2516/3359
f 634/2479/3360 566/2517/3360 512/2518/3360
f 578/2482/3361 566/2517/3361 630/2481/3361
f 387/2519/3362 388/2454/3362 392/2453/3362
f 387/2519/3363 392/2453/3363 389/2520/3363
f 392/2453/3364 393/2516/3364 389/2520/3364
f 566/2517/3365 578/2482/3365 565/2521/3365
f 565/2521/3366 578/2482/3366 577/2483/3366
f 372/2456/3367 388/2454/3367 387/2519/3367
f 371/2522/3368 387/2519/3368 389/2520/3368
f 571/2484/3369 565/2521/3369 577/2483/3369
f 551/2523/3370 565/2521/3370 571/2484/3370
f 551/2523/3371 571/2484/3371 558/2524/3371
f 371/2522/3372 372/2456/3372 387/2519/3372
f 558/2524/3373 571/2484/3373 572/2455/3373
f 370/2425/3374 372/2456/3374 371/2522/3374
f 370/2425/3375 371/2522/3375 368/2525/3375
f 556/2526/3376 558/2524/3376 572/2455/3376
f 370/2425/3377 368/2525/3377 369/2457/3377
f 573/2485/3378 556/2526/3378 572/2455/3378
f 568/2486/3379 556/2526/3379 573/2485/3379
f 366/1418/3380 369/2457/3380 368/2525/3380
f 366/1418/3381 368/2525/3381 364/2527/3381
f 557/2528/3382 568/2486/3382 559/2529/3382
f 363/2530/3383 366/1418/3383 364/2527/3383
f 559/2529/3384 568/2486/3384 574/2487/3384
f 367/1419/3385 366/1418/3385 363/2530/3385
f 559/2529/3386 574/2487/3386 560/2531/3386
f 546/2532/3387 559/2529/3387 560/2531/3387
f 363/2530/3388 364/2527/3388 365/2533/3388
f 365/2533/3389 364/2527/3389 523/2534/3389
f 560/2531/3390 574/2487/3390 595/2488/3390
f 548/2535/3391 560/2531/3391 594/2491/3391
f 594/2491/3392 560/2531/3392 595/2488/3392
f 373/2489/3393 367/1419/3393 363/2530/3393
f 548/2535/3394 594/2491/3394 549/2536/3394
f 609/2/3395 549/2536/3395 594/2491/3395
f 609/2/3396 594/2491/3396 713/2494/3396
f 2402/2537/3397 2403/2538/3397 2404/2539/3397
f 821/1445/3398 609/2/3398 787/1/3398
f 2418/1492/3399 2420/6/3399 2415/5/3399
f 786/3/3400 609/2/3400 713/2494/3400
f 365/2533/3401 518/2540/3401 524/2541/3401
f 363/2530/3402 365/2533/3402 524/2541/3402
f 54/2542/3403 66/2543/3403 74/2544/3403
f 53/1467/3404 54/2542/3404 74/2544/3404
f 47/1465/3405 53/1467/3405 74/2544/3405
f 527/2545/3406 520/1461/3406 537/1463/3406
f 21/1466/3407 47/1465/3407 45/2546/3407
f 373/2489/3408 363/2530/3408 374/2547/3408
f 527/2545/3409 537/1463/3409 532/2548/3409
f 49/2549/3410 57/2550/3410 37/2551/3410
f 375/2465/3411 373/2489/3411 374/2547/3411
f 363/2530/3412 524/2541/3412 374/2547/3412
f 49/2549/3413 37/2551/3413 22/2552/3413
f 22/2552/3414 21/1466/3414 28/2553/3414
f 532/2548/3415 537/1463/3415 545/2554/3415
f 49/2549/3416 22/2552/3416 28/2553/3416
f 28/2553/3417 21/1466/3417 45/2546/3417
f 545/2554/3418 593/2500/3418 567/2501/3418
f 567/2501/3419 593/2500/3419 570/2464/3419
f 526/2555/3420 527/2545/3420 532/2548/3420
f 532/2548/3421 545/2554/3421 544/2556/3421
f 544/2556/3422 545/2554/3422 567/2501/3422
f 526/2555/3423 532/2548/3423 544/2556/3423
f 544/2556/3424 567/2501/3424 561/2502/3424
f 524/2541/3425 521/2557/3425 525/2558/3425
f 521/2557/3426 526/2555/3426 525/2558/3426
f 374/2547/3427 524/2541/3427 525/2558/3427
f 525/2558/3428 526/2555/3428 531/2559/3428
f 544/2556/3429 561/2502/3429 547/2471/3429
f 531/2559/3430 526/2555/3430 544/2556/3430
f 375/2465/3431 374/2547/3431 380/2560/3431
f 374/2547/3432 525/2558/3432 380/2560/3432
f 531/2559/3433 544/2556/3433 547/2471/3433
f 525/2558/3434 531/2559/3434 528/2561/3434
f 379/2469/3435 375/2465/3435 380/2560/3435
f 380/2560/3436 525/2558/3436 528/2561/3436
f 390/1428/3437 380/2560/3437 529/1429/3437
f 529/1429/3438 380/2560/3438 528/2561/3438
f 543/2503/3439 528/2561/3439 531/2559/3439
f 531/2559/3440 547/2471/3440 543/2503/3440
f 379/2469/3441 380/2560/3441 390/1428/3441
f 538/2507/3442 529/1429/3442 528/2561/3442
f 539/1430/3443 529/1429/3443 538/2507/3443
f 538/2507/3444 528/2561/3444 543/2503/3444
f 1756/1468/3445 1758/2562/3445 1757/2563/3445
f 1755/1538/3446 1756/1468/3446 1757/2563/3446
f 1757/2563/3447 1758/2562/3447 1759/2564/3447
f 1758/2562/3448 1760/2565/3448 1759/2564/3448
f 1759/2564/3449 1760/2565/3449 1762/2566/3449
f 1762/2566/3450 1760/2565/3450 1767/2567/3450
f 1761/1469/3451 1756/1468/3451 1755/1538/3451
f 1767/2567/3452 1770/2568/3452 1768/2569/3452
f 1762/2566/3453 1767/2567/3453 1768/2569/3453
f 1768/2569/3454 1770/2568/3454 1769/2570/3454
f 1770/2568/3455 1771/2571/3455 1769/2570/3455
f 1098/2572/3456 1107/2573/3456 1096/2574/3456
f 1096/2574/3457 1107/2573/3457 1105/2514/3457
f 1096/2574/3458 1105/2514/3458 1095/1474/3458
f 536/2515/3459 634/2479/3459 512/2518/3459
f 511/2575/3460 393/2516/3460 536/2515/3460
f 511/2575/3461 536/2515/3461 512/2518/3461
f 389/2520/3462 393/2516/3462 511/2575/3462
f 512/2518/3463 566/2517/3463 565/2521/3463
f 512/2518/3464 565/2521/3464 551/2523/3464
f 511/2575/3465 512/2518/3465 510/2576/3465
f 510/2576/3466 512/2518/3466 551/2523/3466
f 509/2577/3467 389/2520/3467 511/2575/3467
f 510/2576/3468 551/2523/3468 552/2578/3468
f 509/2577/3469 511/2575/3469 502/2579/3469
f 502/2579/3470 511/2575/3470 510/2576/3470
f 552/2578/3471 551/2523/3471 558/2524/3471
f 371/2522/3472 389/2520/3472 509/2577/3472
f 502/2579/3473 510/2576/3473 503/2580/3473
f 503/2580/3474 510/2576/3474 552/2578/3474
f 556/2526/3475 552/2578/3475 558/2524/3475
f 368/2525/3476 371/2522/3476 509/2577/3476
f 501/2581/3477 502/2579/3477 503/2580/3477
f 508/2582/3478 509/2577/3478 502/2579/3478
f 368/2525/3479 509/2577/3479 522/2583/3479
f 508/2582/3480 502/2579/3480 501/2581/3480
f 501/2581/3481 503/2580/3481 504/2584/3481
f 503/2580/3482 552/2578/3482 504/2584/3482
f 504/2584/3483 552/2578/3483 556/2526/3483
f 522/2583/3484 509/2577/3484 508/2582/3484
f 364/2527/3485 368/2525/3485 522/2583/3485
f 501/2581/3486 504/2584/3486 505/2585/3486
f 508/2582/3487 501/2581/3487 507/2586/3487
f 507/2586/3488 501/2581/3488 505/2585/3488
f 504/2584/3489 556/2526/3489 557/2528/3489
f 568/2486/3490 557/2528/3490 556/2526/3490
f 505/2585/3491 504/2584/3491 506/2587/3491
f 506/2587/3492 504/2584/3492 557/2528/3492
f 522/2583/3493 508/2582/3493 507/2586/3493
f 523/2534/3494 364/2527/3494 522/2583/3494
f 506/2587/3495 557/2528/3495 559/2529/3495
f 513/2588/3496 505/2585/3496 506/2587/3496
f 507/2586/3497 505/2585/3497 513/2588/3497
f 513/2588/3498 506/2587/3498 514/2589/3498
f 522/2583/3499 507/2586/3499 523/2534/3499
f 514/2589/3500 506/2587/3500 546/2532/3500
f 546/2532/3501 506/2587/3501 559/2529/3501
f 514/2589/3502 546/2532/3502 517/2590/3502
f 546/2532/3503 560/2531/3503 517/2590/3503
f 507/2586/3504 513/2588/3504 515/2591/3504
f 515/2591/3505 513/2588/3505 514/2589/3505
f 518/2540/3506 523/2534/3506 507/2586/3506
f 514/2589/3507 517/2590/3507 516/2592/3507
f 517/2590/3508 560/2531/3508 548/2535/3508
f 365/2533/3509 523/2534/3509 518/2540/3509
f 518/2540/3510 507/2586/3510 515/2591/3510
f 515/2591/3511 514/2589/3511 516/2592/3511
f 516/2592/3512 517/2590/3512 548/2535/3512
f 530/2593/3513 516/2592/3513 548/2535/3513
f 519/2594/3514 515/2591/3514 516/2592/3514
f 519/2594/3515 516/2592/3515 530/2593/3515
f 530/2593/3516 548/2535/3516 549/2536/3516
f 1881/2595/3517 1882/2596/3517 1880/1459/3517
f 1881/2595/3518 1880/1459/3518 1879/1488/3518
f 519/2594/3519 530/2593/3519 533/2597/3519
f 533/2597/3520 530/2593/3520 534/2598/3520
f 534/2598/3521 530/2593/3521 549/2536/3521
f 520/1461/3522 515/2591/3522 519/2594/3522
f 812/1446/3523 534/2598/3523 549/2536/3523
f 2386/2599/3524 2387/2600/3524 2388/2601/3524
f 812/1446/3525 549/2536/3525 609/2/3525
f 524/2541/3526 518/2540/3526 521/2557/3526
f 521/2557/3527 518/2540/3527 515/2591/3527
f 533/2597/3528 534/2598/3528 817/2602/3528
f 817/2602/3529 534/2598/3529 840/2603/3529
f 534/2598/3530 812/1446/3530 840/2603/3530
f 818/2604/3531 533/2597/3531 817/2602/3531
f 1879/1488/3532 1878/1458/3532 1876/1460/3532
f 521/2557/3533 515/2591/3533 520/1461/3533
f 521/2557/3534 520/1461/3534 527/2545/3534
f 519/2594/3535 533/2597/3535 726/2605/3535
f 535/1462/3536 519/2594/3536 726/2605/3536
f 726/2605/3537 533/2597/3537 818/2604/3537
f 251/1526/3538 271/2606/3538 243/1521/3538
f 11/2607/3539 41/2608/3539 54/2542/3539
f 54/2542/3540 41/2608/3540 66/2543/3540
f 520/1461/3541 519/2594/3541 535/1462/3541
f 535/1462/3542 726/2605/3542 732/1464/3542
f 57/2550/3543 76/2609/3543 63/1537/3543
f 11/2607/3544 54/2542/3544 53/1467/3544
f 21/1466/3545 11/2607/3545 53/1467/3545
f 57/2550/3546 63/1537/3546 37/2551/3546
f 21/1466/3547 8/2610/3547 11/2607/3547
f 37/2551/3548 8/2610/3548 22/2552/3548
f 22/2552/3549 8/2610/3549 21/1466/3549
f 521/2557/3550 527/2545/3550 526/2555/3550
f 1764/1500/3551 1761/1469/3551 1755/1538/3551
f 1094/1475/3552 1095/1474/3552 1097/1436/3552
f 2263/1543/3553 2262/1507/3553 2264/1509/3553
f 77/2611/3554 55/1512/3554 52/2612/3554
f 230/1476/3555 235/1506/3555 194/1513/3555
f 39/1511/3556 73/1510/3556 59/1515/3556
f 40/1484/3557 59/1515/3557 60/1485/3557
f 11/2607/3558 40/1484/3558 41/2608/3558
f 7/2613/3559 11/2607/3559 8/2610/3559
f 63/1537/3560 35/1536/3560 37/2551/3560
f 37/2551/3561 35/1536/3561 8/2610/3561
f 1763/1539/3562 1757/2563/3562 1759/2564/3562
f 1765/2614/3563 1759/2564/3563 1762/2566/3563
f 1755/1538/3564 1757/2563/3564 1763/1539/3564
f 1763/1539/3565 1759/2564/3565 1765/2614/3565
f 1765/2614/3566 1762/2566/3566 1766/2615/3566
f 1766/2615/3567 1762/2566/3567 1768/2569/3567
f 1766/2615/3568 1768/2569/3568 1769/2570/3568
f 1088/2616/3569 1098/2572/3569 1096/2574/3569
f 1089/2617/3570 1088/2616/3570 1096/2574/3570
f 1089/2617/3571 1096/2574/3571 1095/1474/3571
f 1093/1504/3572 1089/2617/3572 1094/1475/3572
f 1089/2617/3573 1095/1474/3573 1094/1475/3573
f 68/2618/3574 81/2619/3574 77/2611/3574
f 68/2618/3575 77/2611/3575 52/2612/3575
f 39/1511/3576 52/2612/3576 55/1512/3576
f 25/2620/3577 39/1511/3577 40/1484/3577
f 11/2607/3578 25/2620/3578 40/1484/3578
f 51/1535/3579 34/2621/3579 35/1536/3579
f 35/1536/3580 34/2621/3580 8/2610/3580
f 1087/2622/3581 1088/2616/3581 1089/2617/3581
f 1103/2623/3582 1091/2624/3582 1092/2625/3582
f 1102/2626/3583 1103/2623/3583 1092/2625/3583
f 1092/2625/3584 1091/2624/3584 1090/2627/3584
f 1091/2624/3585 1087/2622/3585 1090/2627/3585
f 1090/2627/3586 1087/2622/3586 1089/2617/3586
f 1099/1503/3587 1102/2626/3587 1092/2625/3587
f 1092/2625/3588 1090/2627/3588 1093/1504/3588
f 1093/1504/3589 1090/2627/3589 1089/2617/3589
f 1099/1503/3590 1092/2625/3590 1093/1504/3590
f 38/2628/3591 52/2612/3591 39/1511/3591
f 25/2620/3592 11/2607/3592 1/2629/3592
f 7/2613/3593 1/2629/3593 11/2607/3593
f 43/1562/3594 9/1564/3594 36/2630/3594
f 8/2610/3595 6/2631/3595 7/2613/3595
f 36/2630/3596 9/1564/3596 34/2621/3596
f 34/2621/3597 9/1564/3597 8/2610/3597
f 277/1576/3598 203/1549/3598 276/1565/3598
f 68/2618/3599 52/2612/3599 38/2628/3599
f 24/2632/3600 38/2628/3600 39/1511/3600
f 25/2620/3601 24/2632/3601 39/1511/3601
f 6/2631/3602 1/2629/3602 7/2613/3602
f 29/2633/3603 9/1564/3603 32/1563/3603
f 9/1564/3604 6/2631/3604 8/2610/3604
f 259/1582/3605 196/1574/3605 241/1575/3605
f 24/2632/3606 23/2634/3606 38/2628/3606
f 1/2629/3607 24/2632/3607 25/2620/3607
f 29/2633/3608 30/2635/3608 13/2636/3608
f 13/2636/3609 6/2631/3609 9/1564/3609
f 29/2633/3610 13/2636/3610 9/1564/3610
f 2272/2637/3611 2273/2638/3611 2274/2639/3611
f 48/2640/3612 64/2641/3612 56/2642/3612
f 56/2642/3613 64/2641/3613 23/2634/3613
f 3/2643/3614 23/2634/3614 24/2632/3614
f 1/2629/3615 3/2643/3615 24/2632/3615
f 30/2635/3616 31/2644/3616 13/2636/3616
f 280/1595/3617 201/1589/3617 246/1590/3617
f 2275/2645/3618 2273/2638/3618 2272/2637/3618
f 4/2646/3619 26/2647/3619 48/2640/3619
f 4/2646/3620 48/2640/3620 56/2642/3620
f 4/2646/3621 56/2642/3621 23/2634/3621
f 3/2643/3622 4/2646/3622 23/2634/3622
f 1/2629/3623 2/2648/3623 3/2643/3623
f 6/2631/3624 2/2648/3624 1/2629/3624
f 2377/1571/3625 2380/1588/3625 2381/2649/3625
f 20/2650/3626 6/2631/3626 13/2636/3626
f 31/2644/3627 20/2650/3627 13/2636/3627
f 46/2651/3628 50/2652/3628 10/2653/3628
f 10/2653/3629 50/2652/3629 26/2647/3629
f 4/2646/3630 10/2653/3630 26/2647/3630
f 2/2648/3631 5/2654/3631 4/2646/3631
f 2/2648/3632 4/2646/3632 3/2643/3632
f 20/2650/3633 14/2655/3633 6/2631/3633
f 227/1600/3634 205/1599/3634 258/1610/3634
f 273/1601/3635 202/1593/3635 253/1594/3635
f 12/2656/3636 67/2657/3636 46/2651/3636
f 12/2656/3637 46/2651/3637 10/2653/3637
f 5/2654/3638 10/2653/3638 4/2646/3638
f 14/2655/3639 5/2654/3639 2/2648/3639
f 14/2655/3640 2/2648/3640 6/2631/3640
f 15/1605/3641 14/2655/3641 20/2650/3641
f 79/1607/3642 15/1605/3642 20/2650/3642
f 283/2658/3643 226/1608/3643 257/1609/3643
f 42/2659/3644 72/2660/3644 19/2661/3644
f 72/2660/3645 71/2662/3645 19/2661/3645
f 19/2661/3646 71/2662/3646 12/2656/3646
f 5/2654/3647 19/2661/3647 12/2656/3647
f 5/2654/3648 12/2656/3648 10/2653/3648
f 15/1605/3649 5/2654/3649 14/2655/3649
f 262/1624/3650 226/1608/3650 283/2658/3650
f 17/2663/3651 61/2664/3651 42/2659/3651
f 17/2663/3652 42/2659/3652 19/2661/3652
f 17/2663/3653 19/2661/3653 5/2654/3653
f 16/1617/3654 17/2663/3654 5/2654/3654
f 15/1605/3655 16/1617/3655 5/2654/3655
f 18/2665/3656 62/2666/3656 65/2667/3656
f 18/2665/3657 65/2667/3657 58/2668/3657
f 33/2669/3658 70/2670/3658 62/2666/3658
f 33/2669/3659 62/2666/3659 18/2665/3659
f 18/2665/3660 58/2668/3660 44/2671/3660
f 18/2665/3661 44/2671/3661 17/2663/3661
f 44/2671/3662 61/2664/3662 17/2663/3662
f 27/1625/3663 33/2669/3663 18/2665/3663
f 18/2665/3664 17/2663/3664 16/1617/3664
f 16/1617/3665 27/1625/3665 18/2665/3665
