# Blender 4.2.0
# www.blender.org
mtllib Campylomormyrus_tamandua_wormjawed_3D.mtl
o geometry_0
v -0.259931 -0.102826 0.009269
v -0.234819 -0.101611 0.019113
v -0.267581 -0.097268 0.019243
v -0.214498 -0.108013 0.008808
v -0.289268 -0.097192 0.009296
v -0.283277 -0.093670 0.019389
v -0.205006 -0.103425 0.018790
v -0.184507 -0.107050 0.009941
v -0.184131 -0.103692 0.018273
v -0.171550 -0.103557 0.019224
v -0.172735 -0.104974 0.015991
v -0.171641 -0.106981 0.012189
v -0.303569 -0.088167 0.019099
v -0.312083 -0.090820 0.009106
v -0.222486 -0.099587 0.022627
v -0.328629 -0.084572 0.009297
v -0.243887 -0.106224 -0.001363
v -0.272977 -0.102091 -0.001656
v -0.206817 -0.109903 -0.002391
v -0.198827 -0.109620 -0.002308
v -0.302166 -0.095313 -0.001607
v -0.323645 -0.088442 -0.001447
v -0.174904 -0.107605 -0.003436
v -0.161457 -0.107380 0.011661
v -0.155621 -0.107737 0.007768
v -0.147544 -0.105799 0.017781
v -0.130943 -0.107212 0.009191
v -0.127728 -0.105849 0.015565
v -0.050808 -0.107216 0.011079
v -0.051748 -0.104578 0.018312
v -0.009241 -0.104866 0.018370
v 0.048880 -0.107187 0.009898
v 0.037464 -0.104279 0.017868
v 0.052080 -0.103388 0.017702
v -0.119996 -0.104089 0.019054
v -0.144712 -0.103298 0.021780
v -0.154496 -0.108060 -0.003388
v -0.130199 -0.107404 -0.001987
v -0.094489 -0.107572 -0.003553
v 0.002717 -0.107225 -0.003818
v 0.018451 -0.107016 0.010015
v 0.039533 -0.107675 0.008426
v 0.034767 -0.108326 -0.001326
v 0.030118 -0.107598 -0.004222
v -0.163644 -0.107620 -0.010044
v -0.168669 -0.108213 -0.011355
v 0.039032 -0.108812 -0.004907
v -0.105586 -0.106415 -0.015221
v -0.025625 -0.106102 -0.015736
v 0.026509 -0.106290 -0.015707
v 0.044035 -0.108446 -0.006578
v -0.133119 -0.106051 -0.014532
v -0.153288 -0.107094 -0.012923
v -0.177927 -0.105915 -0.014210
v -0.222380 -0.106532 -0.012199
v -0.249818 -0.103134 -0.013072
v -0.197454 -0.107066 -0.013639
v 0.057413 -0.106828 -0.012740
v -0.279482 -0.098616 -0.011705
v -0.154489 -0.108464 -0.015353
v 0.054071 -0.109793 0.006009
v -0.347270 -0.078141 -0.001305
v -0.344126 -0.077622 0.008502
v -0.303913 -0.092050 -0.012894
v -0.171751 -0.107959 -0.013551
v -0.146896 -0.105472 -0.017139
v 0.071241 -0.102144 0.015931
v 0.084640 -0.106617 0.005188
v 0.062817 -0.109938 -0.004774
v -0.123403 -0.104274 -0.018336
v -0.327194 -0.083665 -0.012032
v -0.172489 -0.106722 -0.016171
v -0.359700 -0.068336 0.008374
v -0.364095 -0.068589 -0.001186
v -0.372472 -0.061587 0.008149
v -0.375125 -0.063466 -0.000813
v -0.382945 -0.059566 0.006914
v -0.382070 -0.062158 -0.000562
v -0.395543 -0.062773 0.002179
v -0.394867 -0.062814 -0.001763
v -0.412491 -0.066044 -0.002282
v -0.413744 -0.066280 0.001981
v -0.423390 -0.070138 0.000230
v -0.382807 -0.059313 -0.007317
v -0.373496 -0.060799 -0.008699
v -0.273813 -0.096879 -0.017306
v -0.233284 -0.102700 -0.017490
v -0.412816 -0.064310 0.005062
v -0.422284 -0.064809 0.008524
v -0.342076 -0.076295 -0.012448
v 0.077434 -0.107996 -0.005212
v -0.319464 -0.081126 0.019727
v -0.427389 -0.067394 -0.009021
v -0.364105 -0.064999 -0.008986
v 0.036094 -0.104104 -0.018952
v -0.203835 -0.103405 -0.019270
v -0.171823 -0.103996 -0.017780
v -0.335225 -0.075475 0.017543
v 0.070472 -0.102622 -0.016917
v -0.330759 -0.080473 -0.014713
v -0.296705 -0.087954 -0.022241
v -0.042302 -0.103171 -0.019916
v 0.092146 -0.104680 -0.005285
v -0.270638 -0.092443 -0.024187
v -0.233119 -0.099024 -0.022607
v 0.057149 -0.101997 -0.019424
v -0.144201 -0.102848 -0.020711
v -0.264172 -0.091239 0.026770
v 0.094688 -0.095928 -0.016723
v -0.166086 -0.099685 -0.023037
v 0.103450 -0.095941 -0.012805
v 0.108636 -0.097987 -0.005497
v -0.157976 -0.108160 0.014926
v -0.384247 -0.053268 -0.013701
v -0.368847 -0.057701 -0.014989
v -0.393762 -0.047146 -0.016862
v -0.360702 -0.057996 -0.018499
v -0.343330 -0.069907 -0.018142
v -0.119336 -0.100576 -0.022321
v -0.143231 -0.099221 -0.024122
v 0.020440 -0.101020 -0.022219
v 0.115930 -0.087618 -0.015624
v 0.130426 -0.086225 -0.005535
v 0.137379 -0.076235 -0.015752
v 0.145881 -0.078575 -0.005338
v 0.149609 -0.071261 -0.012964
v -0.325153 -0.073730 -0.023560
v 0.162376 -0.068102 -0.005450
v -0.150641 -0.030775 0.096979
v -0.194803 -0.014515 0.075700
v -0.163319 -0.039309 0.089828
v -0.164982 0.008307 0.091934
v -0.194864 -0.039558 0.073314
v -0.149435 0.003944 0.098951
v -0.178905 0.003181 0.084463
v -0.208756 0.003022 0.069374
v -0.214695 -0.017625 0.066169
v -0.137203 -0.021483 0.104175
v -0.115260 -0.028122 0.114851
v -0.132181 -0.045191 0.104729
v -0.111421 -0.010689 0.118290
v -0.128993 0.003704 0.108610
v -0.111988 0.004878 0.118037
v -0.187546 0.023175 0.079786
v -0.161477 0.021856 0.093911
v -0.162785 0.030843 0.093960
v -0.177795 0.030593 0.085555
v -0.139838 0.013061 0.103281
v -0.103297 -0.007790 0.121739
v -0.101664 0.011837 0.122638
v -0.188725 0.030684 0.079154
v -0.198524 0.032761 0.073334
v -0.206681 0.031358 0.069048
v -0.214867 0.018134 0.066011
v -0.228314 -0.014665 0.060744
v -0.227519 0.007173 0.061811
v -0.228798 0.024480 0.060000
v -0.246566 -0.002991 0.053042
v -0.242638 -0.024212 0.053374
v -0.239273 0.017470 0.055950
v -0.146284 0.030809 0.100673
v -0.129245 0.016960 0.107339
v -0.227371 -0.034821 0.058984
v -0.219114 0.027741 0.063055
v -0.122065 0.026365 0.109919
v -0.132040 0.028972 0.106044
v -0.107472 0.021210 0.118805
v -0.203381 -0.051022 0.067168
v -0.181181 -0.066475 0.076266
v -0.150358 -0.058294 0.093809
v -0.253592 -0.024840 0.049490
v -0.209674 -0.061217 0.061894
v -0.243375 -0.037913 0.049900
v -0.231238 -0.054632 0.052478
v -0.127418 -0.049125 0.105788
v -0.194352 -0.074292 0.067086
v -0.165205 -0.073882 0.082429
v -0.146066 -0.066035 0.093679
v -0.177452 -0.075423 0.075770
v -0.256012 -0.008609 0.050195
v -0.252912 0.006833 0.049077
v -0.242927 0.011320 0.053854
v -0.247484 -0.042385 0.046756
v -0.225463 -0.061499 0.053168
v -0.203823 -0.074555 0.060975
v -0.106252 -0.019260 0.118663
v -0.114316 -0.034195 0.113297
v -0.238234 -0.052791 0.045721
v -0.218501 -0.071673 0.052666
v -0.182341 -0.079013 0.071209
v -0.130693 -0.056732 0.101680
v -0.154430 -0.074022 0.086229
v -0.250953 0.015364 0.046249
v -0.198107 -0.078823 0.061394
v -0.236765 0.020906 0.056026
v -0.120670 -0.044433 0.108272
v -0.167842 -0.079309 0.076410
v -0.209728 -0.075583 0.055521
v -0.231374 -0.058454 0.048589
v -0.235239 -0.059083 0.042099
v -0.113873 0.023753 0.114695
v -0.145471 -0.070224 0.089998
v -0.224161 -0.065323 0.049241
v -0.242752 0.014141 0.050428
v -0.243649 0.017328 0.046145
v -0.138763 -0.065093 0.093528
v -0.379531 0.052472 0.020338
v -0.382099 0.058586 0.009112
v -0.397745 0.043350 0.008901
v -0.366040 0.066245 0.019456
v -0.358218 0.079445 0.009689
v -0.353804 0.076497 0.019021
v -0.339461 0.086956 0.017858
v -0.338790 0.093312 0.009265
v -0.327283 0.094942 0.017289
v -0.313776 0.108130 0.009437
v -0.396198 0.034924 0.018489
v -0.412412 0.028785 0.008847
v -0.360165 0.062627 0.026922
v -0.412669 0.033182 -0.002010
v -0.429377 0.015813 -0.001445
v -0.446258 -0.005557 0.008919
v -0.429079 0.011763 0.009136
v -0.387867 0.056693 -0.002115
v -0.368246 0.073924 -0.001816
v -0.460703 -0.017091 -0.001766
v -0.459172 -0.020266 0.008980
v -0.474542 -0.036095 0.005575
v -0.473441 -0.037444 0.009509
v -0.489169 -0.055056 0.008883
v -0.490458 -0.051926 -0.002155
v -0.419876 0.016002 0.013629
v -0.350659 0.087534 -0.001431
v -0.498379 -0.064593 -0.001175
v -0.497289 -0.067575 0.009341
v -0.331368 0.100726 -0.001027
v -0.313650 0.110833 -0.001273
v -0.298263 0.115619 0.008778
v -0.291282 0.120891 -0.000940
v -0.263613 0.128182 0.009495
v -0.275388 0.126559 -0.001209
v -0.249692 0.135400 -0.001396
v -0.473728 -0.046995 0.013904
v -0.493374 -0.070246 0.013896
v -0.459071 -0.029385 0.014332
v -0.386031 0.033822 0.025289
v -0.396872 0.020875 0.022885
v -0.408839 0.020847 0.017572
v -0.428532 -0.002856 0.017630
v -0.442430 -0.008683 0.013804
v -0.333515 0.080830 0.024919
v -0.300706 0.107295 0.017646
v -0.309822 0.094888 0.022543
v -0.328855 0.076092 0.028448
v -0.301318 0.090819 0.025720
v -0.284286 0.104525 0.022204
v -0.349683 0.069436 0.027071
v -0.352080 0.063106 0.030885
v -0.362394 0.048868 0.032765
v -0.375090 0.047847 0.026467
v -0.366912 0.045365 0.032130
v -0.372816 0.036492 0.032155
v -0.353024 0.050156 0.034914
v -0.342563 0.061240 0.033224
v -0.272999 0.115609 0.018340
v -0.250615 0.111035 0.024509
v -0.245123 0.125527 0.018231
v -0.230447 0.127230 0.019450
v -0.214058 0.112972 0.027768
v -0.207406 0.130127 0.020098
v -0.168929 0.110501 0.031567
v -0.127220 0.126158 0.026165
v -0.162848 0.138806 0.016856
v -0.116766 0.139021 0.019776
v -0.064853 0.131542 0.025832
v -0.050310 0.145300 0.018211
v 0.011390 0.145193 0.019545
v -0.028883 0.127761 0.028222
v -0.132546 0.145572 0.014187
v -0.071448 0.149735 0.014233
v 0.029950 0.152652 0.014730
v 0.058658 0.146407 0.018515
v -0.039331 0.152303 0.013226
v 0.074269 0.151247 0.014333
v 0.081508 0.143538 0.018595
v -0.195164 0.140738 0.012936
v 0.096493 0.140675 0.017693
v 0.087060 0.154192 0.009838
v 0.056656 0.157775 0.009564
v -0.223624 0.135692 0.013128
v 0.103023 0.147153 0.009978
v 0.115890 0.129502 0.018474
v -0.277062 0.119202 0.014020
v -0.253471 0.127240 0.014733
v 0.012333 0.158171 0.009252
v -0.498642 -0.080379 0.013392
v -0.162360 0.147740 0.008289
v 0.118864 0.136179 0.011230
v 0.134889 0.121002 0.015080
v 0.145494 0.106487 0.019645
v 0.167907 0.094607 0.015694
v 0.173209 0.085364 0.019731
v 0.196197 0.073958 0.015491
v -0.300364 0.110753 0.014395
v -0.134809 0.150837 0.008389
v -0.055063 0.155821 0.008635
v -0.210506 0.142149 0.008553
v -0.089329 0.153840 0.008140
v -0.239731 0.135306 0.009214
v 0.149776 0.115794 0.008858
v 0.169850 0.099922 0.008905
v 0.188142 0.085349 0.009410
v 0.206910 0.073050 0.009739
v 0.224073 0.059172 0.013015
v -0.185470 0.145714 0.008009
v 0.133460 0.128162 0.008821
v 0.086439 0.158622 0.004374
v 0.093536 0.155770 0.004398
v 0.103398 0.151775 0.003733
v 0.117350 0.142897 0.003249
v 0.214511 0.072964 0.002509
v 0.234772 0.057223 0.008085
v 0.235323 0.060336 0.002913
v 0.145556 0.123224 0.002659
v 0.161615 0.110458 0.002670
v 0.196536 0.084231 0.002291
v 0.177766 0.097191 0.002318
v 0.033332 0.159812 0.006076
v 0.128705 0.134770 0.002651
v -0.020503 0.160019 0.001575
v 0.078525 0.160453 0.002034
v 0.103008 0.173689 0.002126
v 0.092322 0.172055 0.000034
v 0.104008 0.178418 0.000112
v 0.123970 0.181967 0.002834
v 0.115329 0.183269 0.000051
v 0.125070 0.188440 0.000070
v 0.137214 0.196593 0.000097
v 0.084517 0.167062 0.000290
v 0.076094 0.160683 0.000002
v -0.400409 0.039963 -0.011071
v -0.422262 0.019462 -0.009714
v -0.412669 0.033182 -0.002010
v -0.391469 0.051144 -0.007410
v -0.384247 0.053352 -0.014875
v -0.370600 0.067015 -0.013771
v -0.387867 0.056693 -0.002115
v -0.368246 0.073924 -0.001816
v -0.429377 0.015813 -0.001445
v -0.443467 -0.002542 -0.009975
v -0.460703 -0.017091 -0.001766
v -0.458375 -0.018667 -0.009698
v -0.474361 -0.037510 -0.010270
v -0.490458 -0.051926 -0.002155
v -0.485601 -0.050503 -0.010092
v -0.347749 0.085837 -0.013064
v -0.362454 0.070869 -0.017735
v -0.493470 -0.061902 -0.010525
v -0.350659 0.087534 -0.001431
v -0.331368 0.100726 -0.001027
v -0.325721 0.100199 -0.012625
v -0.498379 -0.064593 -0.001175
v -0.313650 0.110833 -0.001273
v -0.308178 0.110838 -0.009891
v -0.491136 -0.068982 -0.014395
v -0.479463 -0.052131 -0.013928
v -0.479676 -0.064264 -0.016493
v -0.460780 -0.029614 -0.014171
v -0.469153 -0.049562 -0.016112
v -0.446929 -0.012608 -0.013984
v -0.428450 0.007498 -0.013987
v -0.434709 -0.010690 -0.017820
v -0.454202 -0.036831 -0.017552
v -0.407716 0.028859 -0.014036
v -0.406565 0.020824 -0.018011
v -0.389427 0.038768 -0.020202
v -0.383738 0.026224 -0.025955
v -0.497164 -0.070208 -0.010819
v -0.408187 0.003815 -0.021784
v -0.498476 -0.081434 -0.013141
v -0.400579 0.014020 -0.021235
v -0.370810 0.055301 -0.024070
v -0.368940 0.043379 -0.030662
v -0.359916 0.049299 -0.032385
v -0.355085 0.059840 -0.030469
v -0.359313 0.067646 -0.023190
v -0.374246 0.035755 -0.030239
v -0.344317 0.070106 -0.027705
v -0.337012 0.082665 -0.022464
v -0.344770 0.083199 -0.018253
v -0.349757 0.063235 -0.030718
v -0.319806 0.094935 -0.020273
v -0.302698 0.111094 -0.013053
v -0.320685 0.082299 -0.026678
v -0.298568 0.106606 -0.018216
v -0.382016 0.034407 -0.025404
v -0.279873 0.119186 -0.013502
v -0.301324 0.094807 -0.023812
v -0.274919 0.107394 -0.022243
v -0.258087 0.120839 -0.018665
v -0.236943 0.126200 -0.019839
v -0.351359 0.049392 -0.034138
v -0.489014 -0.077825 -0.016676
v -0.321840 0.069558 -0.031962
v -0.374407 0.026158 -0.029664
v -0.233802 0.108102 -0.027964
v -0.277881 0.098201 -0.025546
v -0.292583 0.074962 -0.032497
v -0.205765 0.124105 -0.023919
v -0.396698 0.012743 -0.022471
v -0.378082 0.014850 -0.028306
v -0.396720 -0.003416 -0.025247
v -0.204526 0.107445 -0.030685
v -0.401199 0.007635 -0.021888
v -0.397177 0.005642 -0.023429
v -0.174087 0.110310 -0.031422
v -0.167245 0.123294 -0.026145
v -0.130832 0.120984 -0.028777
v -0.130422 0.107918 -0.034225
v -0.081539 0.109733 -0.034692
v -0.043250 0.126771 -0.028652
v -0.498048 -0.088701 -0.011980
v -0.490770 -0.086917 -0.014384
v -0.118668 0.137651 -0.020612
v -0.026562 0.136861 -0.023840
v -0.201867 0.134114 -0.018707
v -0.152920 0.137158 -0.018771
v -0.464975 -0.099059 -0.017884
v -0.451943 -0.087177 -0.014593
v -0.465482 -0.102482 -0.013894
v -0.473134 -0.109091 -0.015758
v -0.478444 -0.109844 -0.018959
v -0.483836 -0.116365 -0.016090
v -0.457522 -0.087326 -0.018571
v -0.450229 -0.082789 -0.016542
v -0.437538 -0.071960 -0.015198
v -0.440072 -0.065906 -0.017766
v -0.430839 -0.064327 -0.015691
v -0.427389 -0.067394 -0.009021
v -0.418963 -0.061344 -0.010651
v -0.419892 -0.054850 -0.015258
v -0.412491 -0.066044 -0.002282
v -0.404877 -0.053165 -0.012756
v -0.400826 -0.060043 -0.007172
v -0.394867 -0.062814 -0.001763
v -0.464260 -0.089009 -0.019720
v -0.473603 -0.099976 -0.019870
v -0.495028 -0.119567 -0.014810
v -0.485641 -0.112450 -0.018278
v -0.491123 -0.120685 -0.013884
v -0.393762 -0.047146 -0.016862
v -0.382807 -0.059313 -0.007317
v -0.493784 -0.114483 -0.014414
v 0.170276 -0.152165 -0.002047
v 0.175642 -0.147631 -0.000337
v 0.171723 -0.151875 0.001708
v 0.167290 -0.159820 -0.000317
v 0.160853 -0.166863 -0.001755
v 0.180466 -0.135751 -0.002311
v 0.181136 -0.139620 0.000299
v 0.185565 -0.134179 -0.000390
v 0.192559 -0.127099 -0.000140
v 0.196721 -0.118728 -0.002141
v 0.201924 -0.117713 0.000057
v 0.208922 -0.110689 -0.000231
v 0.165047 -0.149257 -0.003079
v 0.151751 -0.182652 -0.001906
v 0.143651 -0.184498 -0.002967
v 0.142909 -0.195702 -0.002136
v 0.184863 -0.120801 -0.003392
v 0.210223 -0.099363 -0.003614
v 0.212784 -0.106477 -0.001295
v 0.226238 -0.093779 -0.001892
v 0.232305 -0.080615 -0.004236
v 0.241713 -0.081550 -0.001851
v 0.252880 -0.064047 -0.004301
v 0.178801 -0.097899 -0.003831
v 0.137152 -0.084820 -0.003990
v 0.133720 -0.106639 -0.003730
v 0.062474 -0.112397 -0.003668
v 0.081956 -0.109590 -0.003792
v 0.072213 -0.130334 -0.003485
v 0.081505 -0.139664 -0.003484
v 0.126261 -0.158437 -0.003145
v 0.092947 -0.151905 -0.003068
v 0.111328 -0.168290 -0.002846
v 0.209085 -0.070070 -0.004322
v 0.153862 -0.075858 -0.003761
v 0.171362 -0.064430 -0.004063
v 0.239132 -0.052223 -0.004155
v 0.200201 -0.047843 -0.003990
v 0.186416 -0.056371 -0.004078
v 0.278403 -0.046126 -0.004643
v 0.125005 -0.091628 -0.003667
v 0.112640 -0.098220 -0.003870
v 0.099387 -0.104566 -0.003628
v 0.242246 -0.030221 -0.003349
v 0.260961 -0.025253 -0.003376
v 0.228137 -0.035609 -0.003664
v 0.213812 -0.041754 -0.003664
v 0.134297 -0.185489 -0.002128
v 0.281191 -0.034426 -0.003604
v 0.291541 -0.041501 -0.004619
v 0.267127 -0.058095 -0.003857
v 0.277631 -0.023823 -0.002205
v 0.287709 -0.024821 -0.001382
v 0.077786 -0.148835 -0.005503
v 0.062392 -0.134435 -0.005760
v 0.087092 -0.157857 -0.005111
v 0.086458 -0.164843 -0.005012
v 0.095261 -0.165262 -0.004860
v 0.112042 -0.178294 -0.004500
v 0.127299 -0.190980 -0.004143
v 0.108865 -0.185271 -0.004318
v 0.131914 -0.200181 -0.003824
v 0.140412 -0.208632 -0.001613
v 0.050041 -0.127608 -0.005042
v 0.057661 -0.124656 -0.005954
v 0.045564 -0.117688 -0.006240
v 0.044035 -0.108446 -0.006578
v 0.133258 -0.207245 -0.001800
v 0.114195 -0.195357 -0.002057
v 0.095178 -0.178182 -0.003527
v 0.259907 -0.067337 -0.001952
v 0.039032 -0.108812 -0.004907
v 0.148398 -0.191995 -0.000490
v 0.293427 -0.026758 -0.000246
v 0.295907 -0.041478 -0.003485
v 0.078618 -0.162125 -0.003513
v 0.059540 -0.142121 -0.003133
v 0.062817 -0.109938 -0.004774
v 0.077434 -0.107996 -0.005212
v 0.307307 -0.025707 -0.000139
v 0.289228 -0.049673 -0.001735
v 0.280187 -0.054217 -0.002049
v 0.271963 -0.060121 -0.001450
v 0.092146 -0.104680 -0.005285
v 0.187537 -0.052923 -0.005526
v 0.108636 -0.097987 -0.005497
v 0.252348 -0.024974 -0.005111
v 0.130426 -0.086225 -0.005535
v 0.143896 -0.204830 -0.000106
v 0.162376 -0.068102 -0.005450
v 0.145881 -0.078575 -0.005338
v 0.295168 -0.030143 0.000053
v 0.265083 -0.022044 -0.006051
v 0.289128 -0.020136 -0.006735
v 0.298469 -0.041776 -0.000402
v 0.221784 -0.098909 -0.000503
v 0.156565 -0.175287 -0.000869
v 0.152628 -0.183209 0.000324
v 0.023360 0.016467 -0.041898
v 0.050374 0.025637 -0.041232
v 0.081458 -0.001999 -0.039639
v 0.079905 0.025062 -0.040069
v 0.043167 -0.017273 -0.040076
v 0.079739 -0.017995 -0.039003
v 0.054287 -0.036376 -0.038458
v 0.007438 -0.016072 -0.040423
v -0.039428 0.009600 -0.042697
v -0.047856 -0.016432 -0.041419
v -0.083652 0.014963 -0.043081
v -0.053170 0.033546 -0.043417
v -0.119444 0.035798 -0.044147
v -0.125189 -0.016230 -0.042036
v -0.159561 0.000755 -0.043039
v -0.083598 -0.018319 -0.041361
v -0.076605 0.063785 -0.043860
v 0.012867 0.056647 -0.041941
v -0.043023 0.072795 -0.043019
v -0.165601 -0.030544 -0.041187
v -0.004645 -0.039148 -0.038608
v -0.051097 -0.039084 -0.039292
v -0.113373 -0.038097 -0.039948
v -0.155423 -0.047390 -0.039481
v -0.198751 -0.004852 -0.043696
v -0.202676 -0.035689 -0.041733
v -0.187243 0.010776 -0.043610
v -0.129829 0.050751 -0.044060
v -0.199445 0.025475 -0.043502
v 0.111837 -0.007556 -0.037562
v 0.126025 0.018051 -0.037082
v 0.105520 -0.031167 -0.036392
v 0.060813 -0.046002 -0.037316
v 0.039068 0.070631 -0.040728
v -0.225634 0.012412 -0.045089
v -0.220011 -0.017684 -0.044802
v -0.220827 -0.041222 -0.042867
v -0.207089 0.039291 -0.042954
v -0.185722 0.061100 -0.042457
v -0.129522 0.074147 -0.043143
v -0.084989 0.077267 -0.043300
v 0.074841 0.069572 -0.038844
v 0.130061 0.036044 -0.036220
v 0.143392 -0.007156 -0.034770
v 0.162442 0.017585 -0.033623
v 0.184061 -0.002286 -0.030554
v -0.027339 -0.059036 -0.036164
v -0.084883 -0.055769 -0.036916
v -0.193755 -0.058154 -0.038549
v -0.134743 -0.057966 -0.037636
v -0.204027 -0.052552 -0.039996
v 0.104248 -0.046878 -0.034345
v 0.143955 -0.029352 -0.032439
v -0.221750 -0.051941 -0.041627
v 0.214998 0.012241 -0.027067
v 0.205928 0.001316 -0.027839
v 0.056885 -0.060623 -0.035134
v 0.169182 0.031428 -0.032362
v -0.243427 0.025207 -0.044299
v -0.222436 -0.058092 -0.040189
v 0.228073 0.021962 -0.025080
v -0.227691 0.056412 -0.040939
v 0.107480 0.069250 -0.035897
v 0.145909 0.046689 -0.033823
v -0.172906 0.074813 -0.041753
v 0.038043 0.088360 -0.038997
v -0.051356 0.086080 -0.041764
v -0.237485 0.037731 -0.042439
v 0.256412 0.001329 -0.020197
v 0.271049 0.004604 -0.018392
v 0.286050 -0.004200 -0.016143
v 0.295439 0.008974 -0.015331
v 0.318468 0.004749 -0.013465
v 0.345775 0.003803 -0.011254
v 0.331014 -0.006635 -0.012608
v 0.319605 -0.011761 -0.013000
v 0.349250 -0.015948 -0.011797
v 0.376026 -0.006151 -0.010907
v 0.381181 -0.024940 -0.010321
v 0.406736 -0.035370 -0.008933
v 0.398960 -0.043517 -0.009533
v 0.413625 -0.059819 -0.008849
v 0.428934 -0.071623 -0.008336
v 0.425519 -0.078983 -0.008434
v 0.445036 -0.102451 -0.007001
v 0.464163 -0.090581 -0.005884
v 0.467710 -0.117310 -0.005580
v 0.369025 -0.027850 -0.010199
v 0.386625 -0.037306 -0.009377
v 0.490146 -0.121217 -0.003765
v 0.476294 -0.132869 -0.004254
v 0.395404 -0.001668 -0.009345
v 0.429580 -0.038532 -0.006772
v 0.494663 -0.131467 -0.001924
v 0.448689 -0.055158 -0.005721
v 0.434184 -0.007511 -0.004651
v 0.343362 -0.019888 -0.011176
v 0.488847 -0.100468 -0.003218
v 0.271207 0.018321 -0.017890
v 0.410596 0.001749 -0.007436
v 0.420968 0.030469 -0.005509
v 0.434244 0.016799 -0.004634
v 0.451054 0.049849 -0.004684
v 0.460064 0.033353 -0.002937
v 0.467167 0.082369 -0.004498
v 0.492349 0.085635 -0.001854
v 0.446958 -0.005485 -0.002648
v 0.460289 -0.044148 -0.003313
v 0.448806 0.087035 -0.005148
v 0.441037 0.065925 -0.005054
v 0.491226 0.107919 -0.002382
v 0.469994 0.117119 -0.003926
v 0.458303 0.107621 -0.004573
v 0.492874 0.122874 -0.001659
v 0.403423 0.013024 -0.007446
v 0.380096 0.003979 -0.009297
v 0.487335 0.051652 -0.000535
v 0.466136 0.009150 -0.000438
v 0.418431 0.055523 -0.004923
v 0.409907 0.039955 -0.005160
v 0.434033 0.083026 -0.004506
v 0.425951 0.069074 -0.004662
v 0.476695 -0.067949 -0.002968
v 0.482434 0.127028 -0.002067
v 0.386107 0.011750 -0.008318
v 0.498604 0.077315 -0.000239
v 0.460675 -0.007245 -0.000139
v 0.359417 0.011290 -0.008974
v 0.165822 0.051827 -0.030615
v 0.209096 0.037943 -0.025938
v 0.140979 0.070648 -0.031280
v 0.324329 0.010963 -0.012099
v 0.194844 -0.013056 -0.027537
v 0.087332 0.090454 -0.035007
v 0.464907 -0.026170 -0.000551
v 0.499498 0.121285 -0.000247
v 0.136709 -0.043359 -0.030942
v 0.165929 -0.033504 -0.028084
v 0.398457 0.020751 -0.006411
v -0.199421 0.074993 -0.040062
v 0.236593 0.029698 -0.022559
v 0.230548 -0.008793 -0.021874
v 0.092397 -0.063938 -0.031833
v 0.453925 -0.114348 -0.004875
v 0.068817 0.105157 -0.033731
v 0.115576 -0.058641 -0.030613
v -0.246902 0.061026 -0.038910
v -0.253004 0.041836 -0.041014
v -0.259471 0.045793 -0.041231
v -0.261714 0.031257 -0.041912
v -0.270993 0.029938 -0.043878
v -0.269963 0.016537 -0.043806
v -0.283222 0.010769 -0.045489
v -0.278637 0.004369 -0.044958
v -0.287394 -0.010223 -0.045717
v -0.294940 -0.008498 -0.045613
v -0.298431 0.009275 -0.044874
v -0.296326 0.026045 -0.043897
v -0.286078 0.037328 -0.042883
v -0.297063 -0.020571 -0.044011
v 0.288335 0.018169 -0.015046
v 0.311653 0.017553 -0.011543
v 0.159857 0.073601 -0.027849
v -0.088871 0.088817 -0.041163
v -0.130586 0.085515 -0.041067
v -0.290478 -0.030361 -0.044566
v -0.309659 -0.006485 -0.043445
v 0.111942 0.096890 -0.030314
v 0.143362 0.089584 -0.026818
v 0.183174 0.056490 -0.026659
v 0.499494 -0.120118 -0.001142
v -0.258735 0.064170 -0.037514
v -0.295168 0.046032 -0.040733
v -0.315318 0.016023 -0.041926
v -0.315918 0.032646 -0.040371
v -0.270834 -0.010145 -0.048418
v -0.270634 -0.034048 -0.046905
v -0.252959 -0.017506 -0.049828
v -0.253832 -0.008393 -0.050302
v -0.250404 -0.032597 -0.048110
v -0.271081 -0.046616 -0.044772
v -0.246726 -0.041868 -0.046612
v -0.274580 -0.000263 -0.046927
v -0.260628 0.002678 -0.048558
v -0.255670 0.007146 -0.049012
v -0.150250 -0.073460 -0.034267
v -0.132471 -0.077507 -0.032860
v -0.111711 -0.076835 -0.031819
v 0.493231 -0.080455 0.000036
v 0.489568 -0.072238 -0.000163
v -0.189034 -0.075184 -0.034136
v -0.227196 -0.059356 -0.040192
v 0.150597 -0.045697 -0.028022
v -0.021192 0.100287 -0.037837
v 0.025284 0.108060 -0.035017
v 0.474803 -0.041087 0.000023
v 0.483804 -0.058592 0.000167
v -0.245034 -0.055648 -0.043356
v -0.313576 0.046280 -0.038823
v 0.262887 -0.009628 -0.016537
v -0.335362 0.054325 -0.034883
v -0.078349 -0.076876 -0.031276
v 0.037934 -0.074052 -0.031795
v -0.214826 0.089980 -0.035367
v 0.077974 0.116329 -0.030015
v 0.112793 0.110198 -0.026983
v -0.338759 0.039851 -0.035743
v -0.344709 0.046389 -0.035191
v 0.398219 -0.057384 -0.006627
v 0.498078 -0.094654 0.000113
v -0.335965 0.031466 -0.036179
v -0.305102 -0.029289 -0.041435
v -0.267362 -0.062130 -0.040800
v 0.072697 -0.076990 -0.029441
v 0.296435 -0.014130 -0.012351
v -0.239074 -0.055771 -0.043862
v 0.410189 -0.069124 -0.006680
v -0.303756 -0.042979 -0.040029
v -0.217119 -0.079897 -0.033727
v -0.234861 -0.058622 -0.041669
v -0.334186 -0.012215 -0.037612
v -0.345767 0.004814 -0.035182
v -0.362259 -0.012193 -0.032367
v -0.365057 0.001588 -0.031866
v -0.390167 -0.016004 -0.026575
v -0.403289 -0.016078 -0.024147
v -0.417379 -0.026743 -0.021587
v -0.425057 -0.012213 -0.020164
v -0.436778 -0.026640 -0.019472
v -0.439475 -0.041193 -0.019309
v -0.459259 -0.055295 -0.018041
v -0.448130 -0.061490 -0.016019
v -0.462993 -0.063553 -0.017451
v -0.480059 -0.074481 -0.017147
v -0.476130 -0.081625 -0.016138
v -0.423475 -0.035843 -0.019942
v -0.399572 -0.037056 -0.020594
v -0.462241 -0.072986 -0.015580
v -0.452433 -0.067748 -0.016034
v -0.459178 -0.074341 -0.015782
v -0.469207 -0.084620 -0.015124
v -0.427704 -0.048964 -0.016335
v -0.428185 -0.055752 -0.016276
v -0.411472 -0.049291 -0.015436
v -0.393762 -0.030541 -0.023199
v -0.380819 -0.025793 -0.026592
v -0.363518 -0.023385 -0.029885
v -0.284312 -0.060678 -0.039557
v 0.323351 -0.017471 -0.011136
v 0.049619 -0.085826 -0.027483
v 0.198237 -0.024978 -0.023626
v 0.015305 -0.091938 -0.026022
v 0.428118 -0.089569 -0.006656
v -0.164891 -0.087226 -0.029704
v -0.198361 -0.087587 -0.029970
v -0.246320 -0.076835 -0.035954
v -0.372640 -0.039646 -0.024003
v -0.343828 -0.031969 -0.030921
v -0.327615 -0.037405 -0.034015
v -0.353765 -0.041957 -0.027302
v -0.336441 -0.048297 -0.030304
v 0.120940 -0.064715 -0.027730
v -0.364750 0.011499 -0.031033
v -0.369479 0.019144 -0.029605
v -0.109029 -0.095954 -0.024813
v -0.045881 -0.092197 -0.025782
v -0.350533 0.013801 -0.033302
v -0.343408 0.018009 -0.034137
v -0.365623 0.015851 -0.031721
v 0.225876 -0.018446 -0.019269
v -0.149108 -0.095428 -0.026419
v 0.088168 -0.083051 -0.025229
v -0.339279 0.018135 -0.035529
v -0.264197 -0.077976 -0.034890
v -0.284156 -0.073239 -0.034622
v -0.481381 -0.092369 -0.012060
v -0.227295 -0.025055 -0.046677
v -0.224359 -0.004933 -0.045732
v -0.230647 0.000771 -0.046926
v -0.234702 0.009285 -0.046990
v -0.237926 0.012828 -0.046762
v -0.321566 -0.054493 -0.032950
v 0.020440 -0.101020 -0.022219
v -0.043538 -0.099129 -0.022772
v 0.166845 -0.043489 -0.024483
v 0.380149 -0.042853 -0.006394
v 0.363495 -0.033659 -0.007312
v 0.060833 -0.095373 -0.022847
v 0.497706 -0.135390 0.000116
v 0.482464 -0.139168 -0.002306
v 0.138051 -0.063833 -0.024219
v -0.309856 -0.066694 -0.031916
v -0.249212 0.017442 -0.045695
v -0.242618 0.016906 -0.046421
v -0.477678 -0.094186 -0.012683
v 0.477985 -0.141333 -0.000895
v -0.373481 -0.048715 -0.020000
v -0.190930 -0.095352 -0.026218
v -0.228242 -0.092916 -0.027820
v 0.109626 -0.081798 -0.021995
v -0.454653 -0.078308 -0.018317
v 0.462548 -0.129896 -0.001690
v 0.171219 -0.046734 -0.021295
v -0.333500 -0.061237 -0.027210
v 0.333257 -0.023962 -0.007983
v -0.350058 -0.058675 -0.022660
v 0.082730 -0.095516 -0.019647
v -0.287963 -0.080730 -0.030453
v 0.468243 0.122523 -0.001984
v -0.166086 -0.099685 -0.023037
v 0.398971 0.027617 -0.004950
v 0.385946 0.015975 -0.006632
v -0.119336 -0.100576 -0.022321
v -0.143231 -0.099221 -0.024122
v -0.149840 -0.098444 -0.026285
v 0.057149 -0.101997 -0.019424
v 0.444749 -0.112268 -0.002725
v 0.486743 -0.142090 0.000343
v -0.257965 -0.088942 -0.028916
v 0.490098 0.128646 -0.000014
v 0.358913 0.017145 -0.004846
v 0.264837 -0.015813 -0.012860
v 0.246389 -0.020746 -0.012425
v -0.339909 0.021500 -0.036775
v -0.338624 0.032362 -0.038287
v 0.445280 0.103322 -0.001958
v 0.232997 -0.021254 -0.016175
v 0.204298 -0.034542 -0.017031
v 0.423637 0.078259 -0.001655
v 0.418096 0.069107 -0.001582
v 0.412078 0.058775 -0.001608
v 0.400257 0.038544 -0.001787
v 0.436975 0.094783 -0.001878
v -0.325153 -0.073730 -0.023560
v 0.125799 -0.078982 -0.018960
v 0.094688 -0.095928 -0.016723
v 0.388261 0.025656 -0.001860
v 0.070472 -0.102622 -0.016917
v 0.150888 -0.065524 -0.018269
v -0.042302 -0.103171 -0.019916
v 0.320186 -0.023065 -0.006780
v -0.486518 -0.096294 -0.007731
v -0.482791 -0.097781 -0.009034
v 0.209230 -0.036185 -0.013035
v 0.177625 -0.049513 -0.016736
v 0.378233 0.019006 -0.003635
v 0.036094 -0.104104 -0.018952
v 0.115930 -0.087618 -0.015624
v -0.270638 -0.092443 -0.024187
v -0.233119 -0.099024 -0.022607
v -0.203835 -0.103405 -0.019270
v -0.296705 -0.087954 -0.022241
v -0.343330 -0.069907 -0.018142
v -0.360702 -0.057996 -0.018499
v 0.431420 -0.100612 -0.002049
v -0.384247 -0.053268 -0.013701
v -0.368847 -0.057701 -0.014989
v -0.223978 -0.039503 -0.045870
v 0.137379 -0.076235 -0.015752
v 0.334363 -0.030384 -0.001617
v 0.354641 -0.036341 -0.002018
v 0.370541 -0.042669 -0.001639
v 0.380482 -0.049375 -0.001420
v 0.398503 -0.064257 -0.001567
v 0.412964 -0.079973 -0.001585
v 0.178416 -0.053889 -0.011941
v -0.482586 -0.102286 -0.010317
v 0.149609 -0.071261 -0.012964
v 0.322912 -0.028013 -0.000504
v 0.377914 0.021463 0.000014
v 0.363082 0.018578 -0.001896
v 0.475755 0.127329 0.000078
v 0.146540 0.122302 -0.001560
v 0.157432 0.114007 -0.001748
v 0.148097 0.118615 -0.008081
v 0.137230 0.129410 -0.001848
v 0.167028 0.103267 -0.008584
v 0.179244 0.096708 -0.001364
v 0.185216 0.088609 -0.008801
v 0.170095 0.103870 -0.001584
v 0.191308 0.087846 -0.001324
v 0.133606 0.127605 -0.010117
v 0.129376 0.134301 -0.001879
v 0.119331 0.138294 -0.008817
v 0.118562 0.141760 -0.002459
v 0.100490 0.152896 -0.003325
v 0.202120 0.081146 -0.001591
v 0.153261 0.111365 -0.012788
v 0.142704 0.118483 -0.013438
v 0.098548 0.151080 -0.007870
v 0.163519 0.102272 -0.013503
v 0.113008 0.139143 -0.012932
v 0.188956 0.082883 -0.012130
v 0.208430 0.071570 -0.011111
v 0.211589 0.074602 -0.001704
v 0.220123 0.065825 -0.008736
v 0.233957 0.060840 -0.002449
v 0.245117 0.052066 -0.007275
v 0.229455 0.056880 -0.012892
v 0.253652 0.042555 -0.012742
v 0.249545 0.052172 -0.003867
v 0.090621 0.156778 -0.003747
v 0.259899 0.045597 -0.003811
v 0.260845 0.041867 -0.009505
v 0.269584 0.041648 -0.003788
v 0.280737 0.033566 -0.007845
v 0.285294 0.036166 -0.001222
v 0.303647 0.025801 -0.006927
v 0.311560 0.025615 -0.002510
v 0.231061 0.048996 -0.017612
v 0.111232 0.132392 -0.018485
v 0.206786 0.064316 -0.017645
v 0.189756 0.072587 -0.019179
v 0.165887 0.092622 -0.019083
v 0.142745 0.111639 -0.018466
v 0.096934 0.144832 -0.014457
v 0.279538 0.030255 -0.011495
v 0.087907 0.153976 -0.009441
v 0.258227 0.032466 -0.016734
v 0.297249 0.023529 -0.011169
v 0.144584 0.101981 -0.022411
v 0.123392 0.114229 -0.023386
v 0.091515 0.138286 -0.019702
v 0.167562 0.079538 -0.024225
v 0.194760 0.059921 -0.023025
v 0.317932 0.020937 -0.007831
v 0.104544 0.126432 -0.022800
v 0.072770 0.150277 -0.014798
v 0.077441 0.141273 -0.019947
v 0.223529 0.042188 -0.022241
v 0.339239 0.016724 -0.007812
v 0.081912 0.124396 -0.026900
v 0.055589 0.131672 -0.025709
v 0.032177 0.148389 -0.017959
v 0.017978 0.139462 -0.022626
v 0.011232 0.125086 -0.029315
v -0.039533 0.108948 -0.035530
v -0.139790 0.095495 -0.038061
v 0.284834 0.038982 -0.001207
v -0.175525 0.092482 -0.037356
v 0.119274 0.176364 -0.002694
v 0.139513 0.187687 -0.002082
v 0.158545 0.203358 -0.001909
v 0.170782 0.176791 -0.001401
v 0.169665 0.204964 -0.001352
v 0.170878 0.212650 0.000247
v 0.179130 0.186380 -0.000252
v 0.181677 0.159803 -0.001461
v 0.183120 0.175049 -0.000097
v 0.187251 0.165326 -0.000136
v 0.191552 0.153401 -0.000832
v 0.195936 0.134846 -0.001433
v 0.261346 0.057182 -0.003726
v 0.276915 0.046989 -0.003603
v 0.284617 0.058711 -0.000465
v 0.291966 0.044689 -0.002218
v 0.265126 0.063726 -0.002176
v 0.249278 0.076600 -0.002045
v 0.291548 0.054353 -0.000375
v 0.245437 0.068711 -0.002984
v 0.229954 0.093330 -0.002171
v 0.298711 0.041810 -0.001451
v 0.209180 0.088661 -0.001977
v 0.212777 0.115611 -0.001822
v 0.203009 0.135433 -0.000331
v 0.201664 0.138257 0.000475
v 0.233855 0.098621 0.000108
v 0.248839 0.083279 -0.000184
v 0.109895 0.175812 -0.002041
v 0.083799 0.159594 -0.002804
v 0.137214 0.196593 0.000097
v -0.266376 0.083104 -0.031807
v -0.304215 0.057978 -0.037052
v 0.214797 0.119906 0.000004
v 0.222819 0.110760 0.000117
v 0.271307 0.065158 0.000066
v 0.159758 0.208912 0.000168
v 0.175138 0.198068 0.000169
v 0.253945 0.077959 0.000329
v 0.147716 0.202843 0.000234
v 0.259480 0.073169 0.000139
v 0.297241 0.048028 0.000090
v -0.034604 0.148815 -0.016658
v 0.034863 0.153267 -0.014455
v -0.118041 0.148807 -0.012652
v 0.192426 0.154409 0.000120
v 0.335286 0.020771 -0.002484
v -0.181839 0.145138 -0.010043
v -0.206256 0.145296 -0.000737
v -0.173650 0.149433 -0.001003
v -0.207375 0.142249 -0.009567
v -0.145941 0.148602 -0.009784
v -0.133460 0.153947 -0.000662
v -0.119827 0.151522 -0.008759
v -0.101871 0.155673 -0.000736
v -0.084883 0.153485 -0.008741
v -0.080301 0.157225 -0.000359
v -0.039149 0.159163 -0.001067
v -0.020363 0.157420 -0.009511
v 0.019860 0.161501 -0.000397
v 0.029640 0.158382 -0.010016
v 0.047765 0.161274 -0.000159
v 0.076094 0.160683 0.000002
v 0.065867 0.157321 -0.009356
v 0.083799 0.159594 -0.002804
v -0.235084 0.135777 -0.011389
v -0.227168 0.140932 -0.000979
v -0.088078 0.152018 -0.010933
v -0.118041 0.148807 -0.012652
v -0.249692 0.135400 -0.001396
v -0.253753 0.131385 -0.010332
v -0.020503 0.160019 0.001575
v -0.275388 0.126559 -0.001209
v -0.282295 0.121231 -0.009914
v -0.291282 0.120891 -0.000940
v -0.308178 0.110838 -0.009891
v 0.084517 0.167062 0.000290
v 0.092322 0.172055 0.000034
v 0.109895 0.175812 -0.002041
v 0.104008 0.178418 0.000112
v 0.115329 0.183269 0.000051
v 0.125070 0.188440 0.000070
v -0.034604 0.148815 -0.016658
v 0.034863 0.153267 -0.014455
v 0.072770 0.150277 -0.014798
v 0.087907 0.153976 -0.009441
v -0.211294 0.136788 -0.014909
v -0.201867 0.134114 -0.018707
v -0.152920 0.137158 -0.018771
v -0.236943 0.126200 -0.019839
v -0.258098 0.127341 -0.013831
v -0.258087 0.120839 -0.018665
v -0.279873 0.119186 -0.013502
v -0.302698 0.111094 -0.013053
v 0.137214 0.196593 0.000097
v -0.313650 0.110833 -0.001273
v -0.499867 -0.074329 -0.002654
v -0.499475 -0.088026 -0.008003
v -0.499913 -0.086990 0.009517
v -0.500231 -0.079474 0.010502
v -0.498476 -0.081434 -0.013141
v -0.498379 -0.064593 -0.001175
v -0.497164 -0.070208 -0.010819
v -0.498048 -0.088701 -0.011980
v -0.497289 -0.067575 0.009341
v -0.497807 -0.093623 -0.002310
v -0.497832 -0.091609 0.009692
v -0.498642 -0.080379 0.013392
v 0.311560 0.025615 -0.002510
v 0.308224 0.026607 0.002513
v 0.333749 0.020920 0.002159
v 0.335286 0.020771 -0.002484
v 0.363082 0.018578 -0.001896
v 0.363577 0.018758 0.000988
v 0.285294 0.036166 -0.001222
v 0.284779 0.036225 0.000750
v 0.359302 0.017319 0.003758
v 0.326628 0.020245 0.006114
v 0.310145 0.024078 0.006338
v 0.291414 0.030268 0.006596
v 0.276189 0.039037 0.002797
v 0.267709 0.037162 0.010611
v 0.266182 0.042986 0.004571
v 0.258154 0.043498 0.009267
v 0.258107 0.045993 0.005180
v 0.250700 0.051016 0.004298
v 0.234772 0.057223 0.008085
v 0.244606 0.045486 0.014251
v 0.235323 0.060336 0.002913
v 0.306482 0.019222 0.011210
v 0.260524 0.031004 0.016552
v 0.222422 0.051252 0.019032
v 0.282930 0.029089 0.010691
v 0.285077 0.019960 0.014833
v 0.224073 0.059172 0.013015
v 0.331203 0.014323 0.009757
v 0.196197 0.073958 0.015491
v 0.294605 0.015056 0.014712
v 0.330333 0.010744 0.011383
v 0.194329 0.069562 0.019454
v 0.193752 0.059371 0.023623
v 0.164538 0.082567 0.023807
v 0.173209 0.085364 0.019731
v 0.145494 0.106487 0.019645
v 0.217931 0.040133 0.023859
v 0.116804 0.119230 0.022945
v 0.131565 0.097969 0.026496
v 0.110054 0.110054 0.027336
v 0.168700 0.068536 0.027039
v 0.084052 0.125348 0.026282
v 0.084107 0.134857 0.022517
v 0.188381 0.051243 0.026891
v 0.096493 0.140675 0.017693
v 0.115890 0.129502 0.018474
v 0.266785 0.019025 0.018525
v 0.243206 0.021644 0.022541
v 0.077946 0.105078 0.033037
v 0.081508 0.143538 0.018595
v 0.054727 0.110553 0.033002
v 0.363932 0.012913 0.007682
v 0.047272 0.134273 0.025040
v 0.032651 0.128154 0.027893
v 0.058658 0.146407 0.018515
v 0.006799 0.110737 0.034372
v 0.005473 0.099319 0.037425
v -0.078586 0.095989 0.038998
v -0.077002 0.084711 0.042075
v 0.247497 0.068000 0.002689
v 0.263525 0.054511 0.004464
v 0.265261 0.064091 0.002242
v 0.290824 0.047236 0.002405
v 0.247345 0.077929 0.001934
v 0.227914 0.094461 0.002185
v 0.253945 0.077959 0.000329
v 0.233855 0.098621 0.000108
v 0.207039 0.122728 0.001787
v 0.259480 0.073169 0.000139
v 0.284617 0.058711 -0.000465
v 0.291548 0.054353 -0.000375
v 0.222819 0.110760 0.000117
v 0.214797 0.119906 0.000004
v 0.201664 0.138257 0.000475
v 0.186332 0.157636 0.001424
v 0.192426 0.154409 0.000120
v 0.187251 0.165326 -0.000136
v -0.057484 0.111649 0.034311
v -0.028883 0.127761 0.028222
v 0.298890 0.042373 0.001923
v -0.122889 0.085210 0.041312
v 0.180625 0.151470 0.001898
v 0.173548 0.192049 0.001483
v 0.162482 0.206492 0.001891
v 0.170878 0.212650 0.000247
v 0.189707 0.106219 0.002354
v 0.161615 0.110458 0.002670
v 0.145556 0.123224 0.002659
v 0.137206 0.187756 0.002424
v -0.136861 0.093702 0.038615
v 0.214511 0.072964 0.002509
v 0.196536 0.084231 0.002291
v 0.177766 0.097191 0.002318
v -0.162484 0.080497 0.041315
v 0.128705 0.134770 0.002651
v 0.117350 0.142897 0.003249
v 0.123970 0.181967 0.002834
v 0.105924 0.169477 0.003398
v 0.103398 0.151775 0.003733
v 0.093536 0.155770 0.004398
v 0.086439 0.158622 0.004374
v -0.175307 0.094269 0.036852
v -0.208913 0.080419 0.038503
v -0.205015 0.095273 0.034648
v 0.103008 0.173689 0.002126
v -0.120853 0.110435 0.033486
v 0.137214 0.196593 0.000097
v 0.147716 0.202843 0.000234
v -0.229680 0.092476 0.033277
v -0.253800 0.078340 0.034521
v -0.250993 0.063298 0.038248
v -0.272661 0.056174 0.039002
v -0.285429 0.067864 0.035167
v -0.295529 0.046212 0.040808
v -0.318029 0.066216 0.033692
v -0.342563 0.061240 0.033224
v -0.333786 0.053220 0.035834
v -0.353024 0.050156 0.034914
v -0.343515 0.045955 0.036646
v 0.285920 0.038445 0.000802
v -0.283164 0.090986 0.027693
v -0.168929 0.110501 0.031567
v -0.214058 0.112972 0.027768
v -0.250615 0.111035 0.024509
v -0.301318 0.090819 0.025720
v 0.183120 0.175049 -0.000097
v 0.175138 0.198068 0.000169
v -0.064853 0.131542 0.025832
v -0.127220 0.126158 0.026165
v 0.179130 0.186380 -0.000252
v -0.352080 0.063106 0.030885
v -0.284286 0.104525 0.022204
v 0.297241 0.048028 0.000090
v -0.328855 0.076092 0.028448
v 0.271307 0.065158 0.000066
v 0.011390 0.145193 0.019545
v -0.489031 -0.108715 -0.002179
v -0.498639 -0.115940 -0.004214
v -0.498121 -0.116115 0.007898
v -0.486293 -0.107534 0.011213
v -0.487425 -0.108520 -0.013260
v -0.498205 -0.117163 -0.011836
v -0.481848 -0.102386 0.011496
v -0.482586 -0.102286 -0.010317
v -0.486138 -0.104900 -0.000766
v -0.493784 -0.114483 -0.014414
v -0.479310 -0.101957 -0.016465
v -0.494355 -0.115634 0.013751
v -0.500000 -0.118846 -0.005604
v -0.499429 -0.119252 0.007967
v -0.483086 -0.108433 0.015901
v -0.476182 -0.098038 0.015582
v -0.481513 -0.099182 0.009290
v -0.477678 -0.094186 -0.012683
v -0.485735 -0.101847 -0.001307
v -0.485641 -0.112450 -0.018278
v -0.473603 -0.099976 -0.019870
v -0.482791 -0.097781 -0.009034
v -0.495028 -0.119567 -0.014810
v 0.437352 0.096395 0.001627
v 0.445280 0.103322 -0.001958
v 0.436975 0.094783 -0.001878
v 0.428585 0.086918 0.000261
v 0.451482 0.110730 0.000297
v 0.445128 0.104446 0.001605
v 0.468243 0.122523 -0.001984
v 0.423637 0.078259 -0.001655
v 0.458710 0.116724 0.000126
v -0.366912 0.045365 0.032130
v -0.367014 0.040897 0.044218
v -0.359576 0.047412 0.040863
v -0.362394 0.048868 0.032765
v -0.363069 0.042457 0.045873
v -0.372816 0.036492 0.032155
v -0.371985 0.032197 0.041565
v -0.375113 0.029679 0.031410
v -0.368113 0.034522 0.045857
v -0.355018 0.043987 0.046822
v -0.351149 0.048982 0.036701
v -0.353024 0.050156 0.034914
v -0.348532 0.043773 0.044896
v -0.343515 0.045955 0.036646
v 0.354641 -0.036341 -0.002018
v 0.369445 -0.042075 0.001448
v 0.354002 -0.036321 0.001114
v 0.370541 -0.042669 -0.001639
v 0.334363 -0.030384 -0.001617
v 0.337541 -0.031207 0.001171
v 0.322912 -0.028013 -0.000504
v 0.380482 -0.049375 -0.001420
v 0.387959 -0.054543 0.001630
v 0.314565 -0.022983 0.006630
v 0.307307 -0.025707 -0.000139
v 0.289641 -0.016915 0.010660
v 0.339550 -0.028014 0.006458
v 0.316953 -0.019111 0.010601
v 0.287512 -0.025209 0.001503
v 0.272001 -0.022311 0.004885
v 0.293427 -0.026758 -0.000246
v 0.259767 -0.018433 0.011166
v 0.252720 -0.024439 0.005481
v 0.274532 -0.024823 0.003058
v 0.255500 -0.025917 0.003902
v 0.239678 -0.030852 0.003668
v 0.279346 -0.043933 0.005076
v 0.241681 -0.061645 0.004551
v 0.248376 -0.067949 0.004177
v 0.272975 -0.053159 0.004389
v 0.291813 -0.041399 0.005125
v -0.368940 0.043379 -0.030662
v -0.366389 0.041878 -0.042623
v -0.368971 0.039079 -0.040761
v -0.374246 0.035755 -0.030239
v -0.359916 0.049299 -0.032385
v -0.358529 0.046257 -0.044610
v -0.369078 0.033678 -0.043038
v -0.372953 0.027111 -0.035907
v -0.361498 0.038098 -0.047799
v -0.374407 0.026158 -0.029664
v -0.369022 0.023264 -0.040656
v -0.151570 -0.071646 -0.089065
v -0.151378 -0.072910 -0.086121
v -0.168531 -0.079346 -0.072724
v -0.173319 -0.079018 -0.074836
v -0.141472 -0.064978 -0.095978
v 0.069673 -0.155464 0.001865
v 0.064768 -0.150001 -0.001820
v 0.078150 -0.164648 0.001816
v 0.059206 -0.144146 0.001580
v 0.085588 -0.171849 -0.001951
v 0.089768 -0.175843 0.002066
v 0.102966 -0.187540 -0.000619
v 0.047768 -0.129628 -0.002487
v 0.050024 -0.133021 0.001974
v 0.039329 -0.117355 0.001698
v 0.039432 -0.116540 -0.002679
v 0.034767 -0.108326 -0.001326
v 0.095178 -0.178182 -0.003527
v 0.114195 -0.195357 -0.002057
v 0.059540 -0.142121 -0.003133
v 0.078618 -0.162125 -0.003513
v 0.050041 -0.127608 -0.005042
v 0.039032 -0.108812 -0.004907
v 0.045564 -0.117688 -0.006240
v 0.036460 -0.108719 0.003896
v 0.046190 -0.124731 0.005915
v 0.416706 -0.083770 0.001858
v 0.412964 -0.079973 -0.001585
v 0.424719 -0.093271 0.001879
v 0.407410 -0.072770 0.001888
v 0.398503 -0.064257 -0.001567
v 0.400197 -0.064879 0.002468
v 0.387959 -0.054543 0.001630
v 0.431420 -0.100612 -0.002049
v 0.433576 -0.102722 0.001737
v 0.441139 -0.111156 -0.000817
v 0.380482 -0.049375 -0.001420
v 0.443249 -0.111791 0.002182
v 0.451338 -0.121222 -0.000231
v 0.455789 -0.122810 0.002457
v 0.463050 -0.130250 0.001656
v 0.387049 -0.048994 0.006012
v 0.406583 -0.066837 0.005825
v 0.417462 -0.079117 0.005956
v 0.429660 -0.092285 0.006092
v 0.369445 -0.042075 0.001448
v 0.371959 -0.039199 0.006269
v 0.354002 -0.036321 0.001114
v 0.446451 -0.106633 0.005701
v 0.356033 -0.032042 0.007055
v 0.339550 -0.028014 0.006458
v 0.342719 -0.022072 0.011031
v 0.316953 -0.019111 0.010601
v -0.366624 0.018753 0.037423
v -0.360838 0.014978 0.036767
v -0.359951 0.014545 0.041139
v -0.368297 0.021070 0.041514
v -0.370028 0.020555 0.032322
v -0.365877 0.015704 0.032049
v -0.359651 0.016806 0.044893
v -0.367782 0.025380 0.045062
v -0.372594 0.027856 0.033081
v -0.371985 0.032197 0.041565
v -0.375113 0.029679 0.031410
v -0.368113 0.034522 0.045857
v -0.351895 0.015899 0.044953
v -0.363138 0.030644 0.047462
v -0.357760 0.037287 0.048898
v -0.363069 0.042457 0.045873
v -0.347446 0.019981 0.045709
v -0.354256 0.027419 0.046143
v -0.349320 0.037526 0.048578
v -0.344635 0.023383 0.045564
v -0.355018 0.043987 0.046822
v -0.341767 0.032449 0.044775
v -0.353720 0.013685 0.039105
v -0.347877 0.014236 0.033424
v -0.344316 0.014939 0.034817
v -0.145315 -0.099931 0.028684
v -0.139976 -0.102973 0.035168
v -0.130185 -0.102297 0.040292
v -0.148009 -0.103409 0.030811
v -0.154051 -0.099889 0.026384
v -0.146993 -0.098000 0.025153
v -0.166537 -0.101436 0.021888
v -0.156722 -0.097466 0.025162
v -0.123630 -0.106984 0.045503
v -0.119790 -0.104925 0.045753
v -0.115908 -0.110103 0.049931
v -0.110860 -0.110304 0.050054
v -0.108056 -0.120404 0.053363
v -0.146541 -0.113642 0.032082
v -0.166703 -0.112424 0.022027
v -0.171550 -0.103557 0.019224
v -0.159332 -0.148009 0.025462
v -0.141132 -0.151374 0.034293
v -0.117300 -0.180367 0.046771
v -0.117931 -0.132583 0.047729
v -0.105969 -0.154719 0.053582
v -0.133926 -0.181336 0.036896
v -0.145083 -0.189469 0.030615
v -0.154640 -0.167800 0.026563
v -0.165233 -0.143532 0.021786
v -0.111923 -0.175878 0.049513
v -0.100836 -0.141017 0.055856
v -0.124604 -0.189761 0.040774
v -0.168392 -0.127322 0.019248
v -0.137684 -0.187991 0.034111
v -0.138452 -0.197583 0.033458
v -0.155093 -0.175209 0.024678
v -0.103775 -0.165267 0.052874
v -0.116845 -0.186260 0.045158
v -0.161178 -0.161832 0.021495
v -0.131691 -0.192447 0.034612
v -0.143271 -0.196731 0.029739
v -0.150992 -0.186260 0.024380
v -0.099381 -0.158226 0.053293
v -0.104217 -0.120492 0.052897
v -0.098677 -0.135314 0.054788
v -0.123915 -0.192833 0.038367
v -0.165288 -0.146306 0.020253
v -0.172735 -0.104974 0.015991
v -0.106739 -0.174944 0.049157
v -0.136135 -0.199270 0.031495
v -0.116629 -0.188452 0.042600
v -0.097017 -0.142885 0.053216
v -0.168741 -0.119543 0.016475
v -0.166430 -0.133110 0.018156
v -0.168392 -0.127322 0.019248
v -0.165233 -0.143532 0.021786
v -0.172735 -0.104974 0.015991
v -0.171641 -0.106981 0.012189
v -0.165288 -0.146306 0.020253
v -0.158601 -0.153606 0.018577
v -0.161178 -0.161832 0.021495
v -0.153931 -0.165316 0.019410
v -0.153836 -0.176881 0.021225
v -0.357477 0.017069 -0.042219
v -0.358405 0.014817 -0.036936
v -0.364928 0.020059 -0.041594
v -0.365623 0.015851 -0.031721
v -0.355314 0.014226 -0.040204
v -0.369022 0.023264 -0.040656
v -0.369479 0.019144 -0.029605
v -0.372953 0.027111 -0.035907
v -0.374407 0.026158 -0.029664
v -0.351988 0.018930 -0.044855
v -0.364783 0.025481 -0.043710
v -0.350533 0.013801 -0.033302
v -0.347745 0.018274 -0.042991
v -0.355178 0.022866 -0.044987
v -0.369078 0.033678 -0.043038
v -0.361498 0.038098 -0.047799
v -0.348895 0.035544 -0.048450
v -0.344222 0.023299 -0.045215
v -0.349088 0.042554 -0.047008
v -0.343276 0.034286 -0.045772
v -0.358529 0.046257 -0.044610
v -0.339909 0.021500 -0.036775
v -0.343408 0.018009 -0.034137
v 0.259907 -0.067337 -0.001952
v 0.268639 -0.062322 0.001582
v 0.260736 -0.067040 0.001869
v 0.271963 -0.060121 -0.001450
v 0.280219 -0.054778 0.001886
v 0.280187 -0.054217 -0.002049
v 0.289228 -0.049673 -0.001735
v 0.291670 -0.048263 0.002041
v 0.298469 -0.041776 -0.000402
v 0.255228 -0.072084 -0.000028
v 0.241713 -0.081550 -0.001851
v 0.244678 -0.079415 0.001604
v 0.239323 -0.085081 0.000587
v 0.233633 -0.089716 0.000075
v 0.295907 -0.041478 -0.003485
v 0.226238 -0.093779 -0.001892
v 0.295742 -0.041156 0.004202
v -0.487557 -0.098532 -0.000787
v -0.487125 -0.095477 0.008265
v -0.494389 -0.094999 0.005346
v -0.497832 -0.091609 0.009692
v -0.483278 -0.097546 0.008011
v -0.495329 -0.095743 -0.003017
v -0.497807 -0.093623 -0.002310
v -0.486518 -0.096294 -0.007731
v -0.481513 -0.099182 0.009290
v -0.498048 -0.088701 -0.011980
v -0.485735 -0.101847 -0.001307
v -0.482791 -0.097781 -0.009034
v -0.172489 -0.106722 -0.016171
v -0.166901 -0.126918 -0.020157
v -0.168202 -0.125002 -0.017987
v -0.165280 -0.141472 -0.020031
v -0.171823 -0.103996 -0.017780
v -0.158907 -0.153524 -0.025253
v -0.161977 -0.156582 -0.022498
v -0.177927 -0.105915 -0.014210
v -0.171751 -0.107959 -0.013551
v -0.132353 -0.100388 -0.038778
v -0.115166 -0.113422 -0.050632
v -0.140914 -0.114497 -0.034463
v -0.144994 -0.099654 -0.030745
v -0.117500 -0.107196 -0.048283
v -0.107424 -0.123829 -0.054880
v -0.136140 -0.153061 -0.036726
v -0.118492 -0.178339 -0.046415
v -0.136208 -0.184651 -0.035467
v -0.107076 -0.158654 -0.053721
v -0.120712 -0.186508 -0.044355
v -0.112029 -0.176405 -0.049927
v -0.150779 -0.120730 -0.029366
v -0.166278 -0.103627 -0.021483
v -0.147624 -0.183211 -0.029843
v -0.157235 -0.166141 -0.025248
v -0.159279 -0.100301 -0.023893
v -0.141289 -0.199064 -0.030860
v -0.145918 -0.194861 -0.028698
v -0.101357 -0.130066 -0.056920
v -0.100702 -0.152426 -0.056021
v -0.103906 -0.163905 -0.053659
v -0.107692 -0.116292 -0.053738
v -0.131275 -0.191349 -0.035598
v -0.152480 -0.184302 -0.025051
v -0.166086 -0.099685 -0.023037
v -0.149108 -0.095428 -0.026419
v -0.149840 -0.098444 -0.026285
v -0.155852 -0.173954 -0.023826
v -0.107765 -0.175256 -0.050176
v -0.098379 -0.140494 -0.055950
v -0.138531 -0.200668 -0.029256
v -0.146519 -0.194251 -0.025236
v -0.216614 -0.066373 0.047742
v -0.212765 -0.073677 0.051779
v -0.218501 -0.071673 0.052666
v -0.224161 -0.065323 0.049241
v -0.205495 -0.073032 0.052000
v -0.209728 -0.075583 0.055521
v -0.197774 -0.076908 0.056238
v -0.225822 -0.063117 0.044640
v -0.222582 -0.059421 0.043123
v -0.226973 -0.059025 0.040894
v -0.230405 -0.059924 0.043349
v -0.235239 -0.059083 0.042099
v -0.198107 -0.078823 0.061394
v -0.231374 -0.058454 0.048589
v 0.412078 0.058775 -0.001608
v 0.405960 0.049641 -0.000036
v 0.409206 0.053163 0.001866
v 0.401075 0.039884 0.001451
v 0.416260 0.066140 0.001705
v 0.400257 0.038544 -0.001787
v 0.418096 0.069107 -0.001582
v 0.423637 0.078259 -0.001655
v 0.424827 0.079478 0.002071
v 0.428585 0.086918 0.000261
v 0.388261 0.025656 -0.001860
v 0.388549 0.025766 0.001633
v 0.437352 0.096395 0.001627
v 0.377914 0.021463 0.000014
v 0.378321 0.019633 0.002963
v -0.351359 0.049392 -0.034138
v -0.344709 0.046389 -0.035191
v -0.352093 0.047026 -0.042736
v -0.344460 0.041630 -0.044377
v -0.349088 0.042554 -0.047008
v -0.338759 0.039851 -0.035743
v -0.358529 0.046257 -0.044610
v -0.359916 0.049299 -0.032385
v -0.338624 0.032362 -0.038287
v -0.343276 0.034286 -0.045772
v -0.348895 0.035544 -0.048450
v -0.344222 0.023299 -0.045215
v -0.339909 0.021500 -0.036775
v -0.155852 -0.173954 -0.023826
v -0.152480 -0.184302 -0.025051
v -0.152910 -0.175358 -0.021413
v -0.160080 -0.158708 -0.020498
v -0.147764 -0.185325 -0.022700
v -0.146519 -0.194251 -0.025236
v -0.155976 -0.158851 -0.019291
v -0.160678 -0.140230 -0.017496
v -0.165280 -0.141472 -0.020031
v -0.165901 -0.134795 -0.017668
v -0.142123 -0.194875 -0.025072
v -0.158321 -0.123160 -0.017014
v -0.163701 -0.118319 -0.014978
v -0.161669 -0.112198 -0.013553
v -0.168669 -0.108213 -0.011355
v -0.168202 -0.125002 -0.017987
v -0.138531 -0.200668 -0.029256
v -0.163644 -0.107620 -0.010044
v -0.171751 -0.107959 -0.013551
v -0.161977 -0.156582 -0.022498
v -0.141289 -0.199064 -0.030860
v -0.220608 -0.069488 -0.050180
v -0.216744 -0.072165 -0.052595
v -0.209452 -0.075574 -0.052289
v -0.209699 -0.075341 -0.054947
v -0.198288 -0.078998 -0.059392
v -0.197685 -0.076434 -0.063442
v -0.189200 -0.078444 -0.067133
v -0.189973 -0.080810 -0.063051
v -0.181667 -0.079770 -0.069506
v -0.173319 -0.079018 -0.074836
v -0.182632 -0.074983 -0.072994
v -0.219292 -0.068136 -0.053436
v -0.163272 -0.073911 -0.083103
v -0.228698 -0.060633 -0.050905
v -0.228059 -0.064713 -0.046724
v -0.151570 -0.071646 -0.089065
v -0.231179 -0.061716 -0.045368
v -0.233736 -0.052844 -0.051427
v -0.234219 -0.056341 -0.048015
v -0.239074 -0.055771 -0.043862
v -0.234861 -0.058622 -0.041669
v -0.190110 -0.017822 -0.079411
v -0.162283 -0.020245 -0.093475
v -0.193369 -0.033969 -0.076561
v -0.163422 -0.047466 -0.090714
v -0.153311 -0.038652 -0.096591
v -0.208206 -0.004658 -0.071078
v -0.216246 -0.021688 -0.066426
v -0.227414 -0.002558 -0.062458
v -0.244752 -0.021952 -0.052816
v -0.234861 -0.030108 -0.056800
v -0.140508 -0.025094 -0.103673
v -0.118280 -0.026149 -0.114307
v -0.120167 -0.001499 -0.114199
v -0.178420 0.008886 -0.085852
v -0.157763 -0.012370 -0.095500
v -0.159255 0.003086 -0.095425
v -0.161854 0.018052 -0.094266
v -0.131016 0.006463 -0.108227
v -0.109676 -0.009943 -0.119788
v -0.108675 0.004727 -0.120082
v -0.205233 0.010899 -0.072185
v -0.192626 0.030691 -0.078161
v -0.239560 0.019196 -0.056462
v -0.248095 0.006046 -0.052557
v -0.253832 -0.008393 -0.050302
v -0.255670 0.007146 -0.049012
v -0.142010 0.016818 -0.102778
v -0.143695 0.027925 -0.102493
v -0.181872 0.017637 -0.083690
v -0.170498 0.030570 -0.090720
v -0.157357 0.030799 -0.097128
v -0.186248 0.028892 -0.081921
v -0.125064 0.015483 -0.109477
v -0.206109 0.030917 -0.070687
v -0.217445 0.029437 -0.065325
v -0.252959 -0.017506 -0.049828
v -0.122823 0.028498 -0.110274
v -0.110065 0.022819 -0.117785
v -0.102897 0.017366 -0.121390
v -0.141197 -0.051530 -0.100301
v -0.215956 -0.041454 -0.063827
v -0.195102 -0.045233 -0.073895
v -0.250404 -0.032597 -0.048110
v -0.125563 -0.043625 -0.108197
v -0.196725 -0.062147 -0.069229
v -0.155007 -0.061323 -0.091852
v -0.173947 -0.067032 -0.080394
v -0.101237 0.007126 -0.122330
v -0.110539 -0.025787 -0.116906
v -0.146695 0.031038 -0.100965
v -0.244140 -0.040337 -0.049091
v -0.248112 0.014707 -0.050677
v -0.141472 -0.064978 -0.095978
v -0.105861 -0.016149 -0.119450
v -0.102482 -0.005186 -0.121240
v -0.246726 -0.041868 -0.046612
v -0.226775 0.028717 -0.060511
v -0.128616 -0.053547 -0.103485
v -0.115429 -0.035480 -0.112643
v -0.181752 0.030393 -0.083795
v -0.242095 0.019707 -0.053396
v -0.238484 0.024520 -0.056266
v -0.231089 0.025910 -0.059780
v -0.249212 0.017442 -0.045695
v -0.246886 0.016838 -0.048168
v -0.499429 -0.119252 0.007967
v -0.500000 -0.118846 -0.005604
v -0.498016 -0.121528 -0.007995
v -0.495970 -0.121935 0.003361
v -0.493867 -0.119617 0.014286
v -0.489966 -0.121139 0.008974
v -0.490208 -0.121653 -0.007325
v -0.491123 -0.120685 -0.013884
v -0.495028 -0.119567 -0.014810
v -0.488035 -0.116608 0.016640
v -0.498205 -0.117163 -0.011836
v -0.470560 -0.106982 -0.003517
v -0.475173 -0.110635 0.003100
v -0.480110 -0.115869 -0.004775
v -0.465482 -0.102482 -0.013894
v -0.473134 -0.109091 -0.015758
v -0.457952 -0.093483 -0.007214
v -0.452414 -0.088426 -0.009323
v -0.451943 -0.087177 -0.014593
v -0.443664 -0.079899 -0.009030
v -0.486048 -0.119006 0.001298
v -0.465233 -0.099220 -0.001147
v -0.447244 -0.079866 -0.000260
v -0.481130 -0.116331 0.009324
v -0.466394 -0.103626 0.009176
v -0.476152 -0.110736 0.014838
v -0.460215 -0.097741 0.010217
v -0.437538 -0.071960 -0.015198
v -0.460582 -0.093702 0.001673
v -0.456518 -0.089001 -0.002612
v -0.483836 -0.116365 -0.016090
v -0.435216 -0.073629 -0.006268
v -0.437880 -0.074996 0.002279
v -0.450335 -0.087255 0.009339
v -0.442967 -0.080156 0.008869
v -0.434319 -0.072735 0.007240
v -0.427389 -0.067394 -0.009021
v -0.433713 -0.068968 0.014027
v -0.447958 -0.081172 0.015195
v -0.457623 -0.091979 0.014960
v -0.471149 -0.104033 0.017692
v -0.423390 -0.070138 0.000230
v -0.422284 -0.064809 0.008524
v -0.417970 -0.054890 0.014885
v -0.147939 -0.070102 -0.084938
v -0.161279 -0.076656 -0.076209
v -0.151378 -0.072910 -0.086121
v -0.139803 -0.065152 -0.092871
v -0.168531 -0.079346 -0.072724
v -0.128616 -0.053547 -0.103485
v -0.125710 -0.050927 -0.103037
v -0.133962 -0.059250 -0.095255
v -0.141472 -0.064978 -0.095978
v -0.115429 -0.035480 -0.112643
v -0.110539 -0.025787 -0.116906
v -0.109838 -0.024409 -0.114931
v -0.105861 -0.016149 -0.119450
v -0.115634 -0.034314 -0.109698
v -0.102906 -0.002233 -0.118658
v -0.102482 -0.005186 -0.121240
v -0.126465 -0.048589 -0.100332
v -0.111260 -0.019247 -0.112199
v -0.118417 -0.032374 -0.106308
v -0.132937 -0.048653 -0.094502
v -0.142863 -0.055102 -0.087275
v -0.148704 -0.067818 -0.082799
v -0.162274 -0.074177 -0.073835
v -0.101237 0.007126 -0.122330
v -0.102643 0.013679 -0.119231
v -0.102897 0.017366 -0.121390
v -0.161613 0.004741 -0.086211
v -0.185155 0.002726 -0.073393
v -0.165078 -0.001831 -0.083206
v -0.173591 0.013420 -0.081586
v -0.173465 -0.016481 -0.077258
v -0.196094 -0.012321 -0.064451
v -0.181443 -0.042630 -0.067675
v -0.199846 -0.042607 -0.057571
v -0.196401 -0.055616 -0.057086
v -0.211425 -0.056000 -0.048903
v -0.220428 -0.033213 -0.048481
v -0.183990 -0.053082 -0.064721
v -0.210364 -0.023756 -0.055946
v -0.223886 -0.019171 -0.049879
v -0.227295 -0.025055 -0.046677
v -0.218338 -0.002421 -0.055337
v -0.229637 0.000582 -0.049905
v -0.209255 0.013432 -0.062706
v -0.154576 -0.031022 -0.083560
v -0.159164 -0.064597 -0.075373
v -0.139207 -0.034947 -0.091231
v -0.189033 0.011789 -0.073620
v -0.197952 0.025969 -0.071894
v -0.139892 -0.012907 -0.093187
v -0.135172 0.003034 -0.098337
v -0.169962 -0.070818 -0.069487
v -0.214947 0.028310 -0.063314
v -0.202980 0.031520 -0.070412
v -0.228107 0.025660 -0.056987
v -0.231908 0.009432 -0.051332
v -0.223978 -0.039503 -0.045870
v -0.217044 -0.057511 -0.046258
v -0.128998 -0.017527 -0.099067
v -0.123260 0.001219 -0.104492
v -0.131815 0.014976 -0.102523
v -0.206425 -0.068817 -0.050692
v -0.147755 0.016490 -0.096343
v -0.136159 0.027966 -0.102819
v -0.156145 0.031540 -0.095269
v -0.119414 0.026102 -0.110135
v -0.126626 0.029191 -0.107468
v -0.121222 0.011191 -0.106284
v -0.109657 0.021636 -0.115137
v -0.186756 0.022854 -0.078074
v -0.188915 0.029698 -0.078541
v -0.173408 0.027053 -0.086262
v -0.167182 0.015920 -0.086867
v -0.161349 0.029336 -0.092744
v -0.156963 0.017791 -0.093077
v -0.114866 -0.000956 -0.109348
v -0.121621 -0.023000 -0.103856
v -0.196690 -0.075502 -0.056047
v -0.185451 -0.076163 -0.063516
v -0.217572 -0.067128 -0.047383
v -0.239324 0.020672 -0.052837
v -0.223170 -0.059233 -0.042667
v -0.175324 -0.079277 -0.068531
v -0.143455 0.029786 -0.100727
v -0.170498 0.030570 -0.090720
v -0.203007 -0.076444 -0.053699
v -0.221750 -0.051941 -0.041627
v -0.213446 0.031301 -0.065971
v -0.181752 0.030393 -0.083795
v -0.185262 -0.079572 -0.064690
v -0.189973 -0.080810 -0.063051
v -0.226775 0.028717 -0.060511
v -0.237926 0.012828 -0.046762
v -0.242618 0.016906 -0.046421
v -0.234702 0.009285 -0.046990
v -0.230647 0.000771 -0.046926
v -0.122823 0.028498 -0.110274
v -0.146695 0.031038 -0.100965
v -0.110065 0.022819 -0.117785
v -0.161178 -0.161832 0.021495
v -0.153836 -0.176881 0.021225
v -0.155093 -0.175209 0.024678
v -0.150992 -0.186260 0.024380
v -0.144789 -0.191118 0.023625
v -0.145735 -0.194539 0.026020
v -0.139868 -0.200085 0.028597
v -0.143271 -0.196731 0.029739
v -0.138452 -0.197583 0.033458
v -0.136135 -0.199270 0.031495
v -0.110539 -0.027636 0.113932
v -0.114316 -0.034195 0.113297
v -0.116460 -0.037251 0.109363
v -0.120670 -0.044433 0.108272
v -0.122701 -0.044465 0.102302
v -0.126506 -0.052453 0.101721
v -0.106252 -0.019260 0.118663
v -0.118645 -0.034119 0.105530
v -0.109514 -0.017975 0.113490
v -0.104013 -0.010340 0.119094
v -0.102479 0.003936 0.119266
v -0.103297 -0.007790 0.121739
v -0.101664 0.011837 0.122638
v -0.103132 0.015234 0.119639
v -0.130693 -0.056732 0.101680
v -0.138763 -0.065093 0.093528
v -0.136374 -0.061875 0.092889
v -0.143385 -0.067200 0.087240
v -0.145471 -0.070224 0.089998
v -0.152268 -0.074092 0.083233
v -0.156112 -0.071991 0.077224
v -0.164766 -0.078255 0.074054
v -0.144514 -0.063803 0.085165
v -0.133458 -0.051987 0.093709
v -0.166222 -0.075034 0.071245
v -0.176658 -0.079063 0.068293
v -0.184912 -0.077626 0.064371
v -0.163558 -0.000195 0.084964
v -0.172410 -0.019312 0.077254
v -0.184257 0.000960 0.074390
v -0.168030 0.011670 0.085203
v -0.157045 0.010875 0.090634
v -0.178958 0.015859 0.079870
v -0.204118 0.028539 0.068808
v -0.192884 0.029998 0.075099
v -0.193474 0.005086 0.070459
v -0.208236 0.003000 0.062269
v -0.211856 0.028396 0.064468
v -0.181864 -0.039811 0.068155
v -0.196121 -0.023323 0.063171
v -0.200926 -0.043151 0.057583
v -0.193399 -0.058154 0.059282
v -0.212409 -0.031857 0.054164
v -0.225416 -0.011580 0.051199
v -0.218826 0.025728 0.061173
v -0.157746 -0.031416 0.081719
v -0.161904 -0.063269 0.073741
v -0.141842 -0.041461 0.088488
v -0.218597 -0.049860 0.047483
v -0.201371 -0.067437 0.052426
v -0.215722 -0.060375 0.046712
v -0.185268 -0.061218 0.063803
v -0.222582 -0.059421 0.043123
v -0.131422 0.002639 0.100131
v -0.168708 -0.068205 0.069938
v -0.234011 0.008763 0.051253
v -0.143841 0.015701 0.097416
v -0.130982 -0.032814 0.095894
v -0.119561 -0.001085 0.106601
v -0.128535 0.005999 0.101969
v -0.135033 0.028809 0.103506
v -0.124842 0.025570 0.107708
v -0.117921 0.016535 0.109284
v -0.145542 0.028915 0.099319
v -0.229588 -0.024661 0.047912
v -0.225784 -0.038414 0.047631
v -0.228865 -0.034478 0.046721
v -0.179668 0.029434 0.082942
v -0.173507 0.029865 0.086723
v -0.155079 0.019667 0.094131
v -0.161316 0.029568 0.092701
v -0.154483 0.031200 0.095602
v -0.230790 -0.009729 0.048234
v -0.232724 -0.001170 0.047693
v -0.108069 0.005359 0.114693
v -0.109861 0.020283 0.114986
v -0.227783 0.021938 0.057054
v -0.198524 0.032761 0.073334
v -0.122065 0.026365 0.109919
v -0.113873 0.023753 0.114695
v -0.197774 -0.076908 0.056238
v -0.206681 0.031358 0.069048
v -0.233035 0.022303 0.055978
v -0.238189 0.013420 0.050786
v -0.224879 -0.052373 0.041136
v -0.226973 -0.059025 0.040894
v -0.226066 -0.039466 0.045489
v -0.205495 -0.073032 0.052000
v -0.216614 -0.066373 0.047742
v -0.132040 0.028972 0.106044
v -0.107472 0.021210 0.118805
v -0.235457 0.007973 0.048624
v -0.146284 0.030809 0.100673
v -0.188725 0.030684 0.079154
v -0.237960 0.012902 0.047060
v -0.192728 -0.080225 0.061326
v -0.219114 0.027741 0.063055
v -0.177795 0.030593 0.085555
v -0.228798 0.024480 0.060000
v -0.162785 0.030843 0.093960
v -0.184219 -0.080110 0.067507
v -0.399033 0.012270 -0.015984
v -0.397177 0.005642 -0.023429
v -0.399406 0.007975 -0.016961
v -0.396698 0.012743 -0.022471
v -0.100702 -0.152426 -0.056021
v -0.100947 -0.158259 -0.052102
v -0.103906 -0.163905 -0.053659
v -0.107765 -0.175256 -0.050176
v -0.098379 -0.140494 -0.055950
v 0.451338 -0.121222 -0.000231
v 0.462548 -0.129896 -0.001690
v 0.463050 -0.130250 0.001656
v 0.470204 -0.136762 -0.000260
v 0.444749 -0.112268 -0.002725
v 0.431420 -0.100612 -0.002049
v 0.441139 -0.111156 -0.000817
v 0.477985 -0.141333 -0.000895
v -0.101357 -0.130066 -0.056920
v -0.101815 -0.126596 -0.053275
v -0.098379 -0.140494 -0.055950
v -0.107692 -0.116292 -0.053738
v -0.184219 -0.080110 0.067507
v -0.167842 -0.079309 0.076410
v -0.182341 -0.079013 0.071209
v -0.192728 -0.080225 0.061326
v -0.198107 -0.078823 0.061394
v -0.197327 -0.079363 0.059890
v -0.197774 -0.076908 0.056238
v -0.152268 -0.074092 0.083233
v -0.154430 -0.074022 0.086229
v -0.145471 -0.070224 0.089998
v -0.164766 -0.078255 0.074054
v -0.176658 -0.079063 0.068293
v -0.184912 -0.077626 0.064371
v 0.129120 -0.205202 0.001932
v 0.133258 -0.207245 -0.001800
v 0.136071 -0.209343 0.001989
v 0.120618 -0.200236 -0.000224
v 0.114195 -0.195357 -0.002057
v 0.111685 -0.192535 0.002454
v 0.102966 -0.187540 -0.000619
v 0.089768 -0.175843 0.002066
v 0.140412 -0.208632 -0.001613
v 0.096581 -0.176425 0.005106
v 0.074637 -0.153637 0.005882
v 0.078150 -0.164648 0.001816
v 0.120943 -0.193622 0.004689
v 0.069673 -0.155464 0.001865
v 0.064861 -0.144091 0.005976
v 0.136487 -0.202655 0.004468
v 0.059206 -0.144146 0.001580
v 0.056899 -0.139051 0.004064
v 0.056624 -0.134410 0.006560
v 0.050024 -0.133021 0.001974
v 0.046190 -0.124731 0.005915
v 0.049386 -0.119355 0.007464
v 0.040729 -0.112031 0.006754
v -0.192626 0.030691 -0.078161
v -0.202980 0.031520 -0.070412
v -0.188915 0.029698 -0.078541
v -0.186248 0.028892 -0.081921
v -0.206109 0.030917 -0.070687
v -0.213446 0.031301 -0.065971
v -0.181752 0.030393 -0.083795
v -0.217445 0.029437 -0.065325
v -0.226775 0.028717 -0.060511
v 0.284834 0.038982 -0.001207
v 0.298711 0.041810 -0.001451
v 0.285920 0.038445 0.000802
v 0.298890 0.042373 0.001923
v 0.284779 0.036225 0.000750
v 0.499156 -0.107602 0.001203
v 0.499283 -0.124121 0.001450
v 0.499494 -0.120118 -0.001142
v 0.497706 -0.135390 0.000116
v 0.498078 -0.094654 0.000113
v 0.499498 0.121285 -0.000247
v 0.499410 0.115077 0.000776
v 0.498604 0.077315 -0.000239
v -0.131275 -0.191349 -0.035598
v -0.135808 -0.195324 -0.029104
v -0.138531 -0.200668 -0.029256
v -0.132353 -0.100388 -0.038778
v -0.144994 -0.099654 -0.030745
v -0.141889 -0.099318 -0.029561
v -0.149840 -0.098444 -0.026285
v -0.130027 -0.100564 -0.039021
v -0.143231 -0.099221 -0.024122
v -0.117500 -0.107196 -0.048283
v -0.117819 -0.105994 -0.045419
v -0.227011 -0.059391 -0.042008
v -0.227196 -0.059356 -0.040192
v -0.231179 -0.061716 -0.045368
v -0.222436 -0.058092 -0.040189
v -0.223170 -0.059233 -0.042667
v -0.234861 -0.058622 -0.041669
v -0.228059 -0.064713 -0.046724
v -0.222499 -0.067434 -0.047316
v -0.217572 -0.067128 -0.047383
v -0.220608 -0.069488 -0.050180
v -0.209452 -0.075574 -0.052289
v -0.206425 -0.068817 -0.050692
v -0.203007 -0.076444 -0.053699
v -0.198288 -0.078998 -0.059392
v -0.196690 -0.075502 -0.056047
v -0.189973 -0.080810 -0.063051
v 0.475755 0.127329 0.000078
v 0.468243 0.122523 -0.001984
v 0.466730 0.121639 0.001689
v 0.458710 0.116724 0.000126
v 0.451482 0.110730 0.000297
v 0.445128 0.104446 0.001605
v 0.477740 0.126345 0.002152
v 0.490098 0.128646 -0.000014
v -0.400579 0.014020 -0.021235
v -0.399033 0.012270 -0.015984
v -0.401199 0.007635 -0.021888
v -0.399406 0.007975 -0.016961
v -0.107692 -0.116292 -0.053738
v -0.117500 -0.107196 -0.048283
v -0.117819 -0.105994 -0.045419
v -0.109053 -0.115417 -0.048817
v -0.101815 -0.126596 -0.053275
v -0.117523 -0.108711 -0.043107
v -0.130027 -0.100564 -0.039021
v -0.132851 -0.108173 -0.030005
v -0.141889 -0.099318 -0.029561
v -0.142302 -0.103487 -0.024000
v -0.143231 -0.099221 -0.024122
v -0.144201 -0.102848 -0.020711
v -0.118664 -0.126000 -0.038970
v -0.132163 -0.140372 -0.030974
v -0.131634 -0.167121 -0.031204
v -0.118379 -0.179640 -0.039473
v -0.104802 -0.160633 -0.047945
v -0.100937 -0.138908 -0.051025
v -0.130552 -0.115956 -0.030727
v -0.127976 -0.189881 -0.034255
v -0.135808 -0.195324 -0.029104
v -0.150619 -0.166266 -0.021033
v -0.146397 -0.131882 -0.022884
v -0.142123 -0.194875 -0.025072
v -0.145510 -0.110286 -0.021033
v -0.106615 -0.169411 -0.047273
v -0.106135 -0.126590 -0.048170
v -0.115654 -0.115017 -0.042362
v -0.156792 -0.134326 -0.018293
v -0.158321 -0.123160 -0.017014
v -0.161669 -0.112198 -0.013553
v -0.147764 -0.185325 -0.022700
v -0.110348 -0.177974 -0.045808
v -0.116124 -0.186149 -0.043039
v -0.160678 -0.140230 -0.017496
v -0.155976 -0.158851 -0.019291
v -0.138531 -0.200668 -0.029256
v -0.100947 -0.158259 -0.052102
v -0.152910 -0.175358 -0.021413
v -0.123199 -0.192593 -0.040097
v -0.154489 -0.108464 -0.015353
v -0.163644 -0.107620 -0.010044
v -0.146896 -0.105472 -0.017139
v -0.098379 -0.140494 -0.055950
v -0.130198 -0.192328 -0.034596
v -0.107765 -0.175256 -0.050176
v -0.117364 -0.187990 -0.044321
v 0.224762 -0.095231 0.001758
v 0.216167 -0.103528 0.001038
v 0.221784 -0.098909 -0.000503
v 0.212784 -0.106477 -0.001295
v 0.226238 -0.093779 -0.001892
v 0.208922 -0.110689 -0.000231
v 0.233633 -0.089716 0.000075
v 0.239323 -0.085081 0.000587
v 0.205920 -0.111443 0.001848
v 0.201924 -0.117713 0.000057
v 0.182056 -0.134765 0.002489
v 0.192559 -0.127099 -0.000140
v 0.185565 -0.134179 -0.000390
v 0.244678 -0.079415 0.001604
v 0.203641 -0.106279 0.003507
v 0.232025 -0.081032 0.004186
v 0.248376 -0.067949 0.004177
v 0.260736 -0.067040 0.001869
v 0.272975 -0.053159 0.004389
v 0.268639 -0.062322 0.001582
v 0.280219 -0.054778 0.001886
v 0.291670 -0.048263 0.002041
v 0.291813 -0.041399 0.005125
v 0.295742 -0.041156 0.004202
v 0.241681 -0.061645 0.004551
v 0.212819 -0.082488 0.004707
v 0.192994 -0.051063 0.004283
v 0.167406 -0.077081 0.004251
v 0.255500 -0.025917 0.003902
v -0.181667 -0.079770 -0.069506
v -0.175324 -0.079277 -0.068531
v -0.185262 -0.079572 -0.064690
v -0.173319 -0.079018 -0.074836
v -0.168531 -0.079346 -0.072724
v -0.189973 -0.080810 -0.063051
v -0.156145 0.031540 -0.095269
v -0.157357 0.030799 -0.097128
v -0.170498 0.030570 -0.090720
v -0.146695 0.031038 -0.100965
v 0.487335 0.051652 -0.000535
v 0.481158 0.039292 0.000181
v 0.466136 0.009150 -0.000438
v 0.474398 0.024801 0.000147
v -0.122823 0.028498 -0.110274
v -0.146695 0.031038 -0.100965
v -0.126626 0.029191 -0.107468
v -0.226775 0.028717 -0.060511
v -0.231089 0.025910 -0.059780
v -0.228107 0.025660 -0.056987
v -0.239324 0.020672 -0.052837
v -0.242095 0.019707 -0.053396
v -0.242618 0.016906 -0.046421
v -0.246886 0.016838 -0.048168
v -0.238484 0.024520 -0.056266
v -0.249212 0.017442 -0.045695
v 0.470204 -0.136762 -0.000260
v 0.477985 -0.141333 -0.000895
v 0.478997 -0.139933 0.002065
v 0.463050 -0.130250 0.001656
v 0.486743 -0.142090 0.000343
v 0.474803 -0.041087 0.000023
v 0.464907 -0.026170 -0.000551
v 0.465564 -0.028559 0.000958
v 0.460675 -0.007245 -0.000139
v 0.003529 0.028571 0.042339
v -0.040246 0.016357 0.042989
v -0.001162 0.006964 0.042041
v 0.040766 0.007673 0.041261
v -0.024880 0.060462 0.042725
v -0.081556 0.067794 0.043693
v 0.034279 0.038788 0.041414
v 0.073707 0.006521 0.040569
v 0.077806 0.025977 0.040426
v -0.001193 0.073096 0.041628
v 0.044589 0.070309 0.040373
v 0.110391 0.016050 0.038723
v 0.078762 0.067384 0.038758
v 0.108586 0.054193 0.037113
v 0.133365 0.027300 0.036454
v 0.081836 -0.013834 0.039734
v 0.040650 -0.023531 0.039839
v 0.118980 -0.013542 0.037191
v -0.078597 0.023970 0.043239
v -0.124972 0.062827 0.043811
v -0.182013 0.042940 0.043278
v -0.160248 0.036380 0.043560
v -0.123856 0.037987 0.043782
v -0.141129 0.013916 0.043139
v -0.116299 -0.017721 0.041571
v -0.053255 -0.021359 0.041200
v 0.009107 -0.018447 0.040355
v -0.180095 0.007357 0.043313
v -0.204011 0.012634 0.044117
v -0.233015 0.028462 0.044307
v -0.197933 -0.010138 0.042849
v -0.153401 -0.037169 0.040121
v -0.179371 -0.031817 0.040433
v 0.072714 -0.040234 0.037808
v -0.125733 -0.038723 0.039905
v -0.101386 -0.035139 0.039905
v -0.050036 -0.033682 0.039993
v 0.021063 -0.044086 0.037909
v -0.204737 -0.048753 0.039541
v -0.215485 -0.010012 0.044311
v -0.136969 -0.054693 0.038358
v 0.099256 -0.034913 0.036904
v -0.176463 -0.059989 0.037439
v -0.095926 -0.055020 0.037340
v 0.026731 -0.058697 0.035785
v -0.039298 -0.054331 0.037191
v 0.150269 -0.004109 0.034551
v 0.156868 0.012675 0.034373
v -0.188210 0.057643 0.042553
v -0.164546 0.070818 0.042457
v -0.222811 0.002897 0.045686
v -0.119586 0.072826 0.043207
v -0.226040 0.018312 0.044941
v -0.243649 0.017328 0.046145
v 0.142990 -0.024299 0.033541
v 0.172330 0.029161 0.032180
v 0.141739 0.051085 0.033901
v 0.203131 0.015589 0.028636
v 0.211376 0.004287 0.027306
v 0.212137 0.026227 0.027178
v 0.164342 0.052230 0.030731
v -0.077002 0.084711 0.042075
v -0.202789 0.067702 0.041164
v 0.015484 0.088703 0.039498
v 0.087962 0.077026 0.037074
v -0.204981 -0.065094 0.036916
v 0.243206 0.021644 0.022541
v 0.268376 0.005807 0.018793
v 0.114323 -0.048332 0.033422
v -0.224742 -0.038147 0.043522
v -0.219366 -0.057539 0.039870
v 0.074196 -0.060402 0.034258
v -0.211226 0.049261 0.042691
v -0.225514 0.056289 0.041470
v -0.252059 0.041384 0.041551
v 0.051800 0.087938 0.038027
v -0.226973 -0.059025 0.040894
v -0.224879 -0.052373 0.041136
v -0.162484 0.080497 0.041315
v -0.122889 0.085210 0.041312
v -0.237960 0.012902 0.047060
v 0.266785 0.019025 0.018525
v 0.285568 0.011513 0.016236
v 0.293623 -0.003107 0.015607
v 0.269275 -0.002650 0.017890
v 0.246011 0.001927 0.021616
v 0.201369 -0.010059 0.026819
v 0.294605 0.015056 0.014712
v 0.330924 -0.000018 0.012960
v 0.325152 -0.011735 0.013107
v 0.365995 -0.009686 0.011646
v 0.347336 -0.015613 0.012302
v 0.383376 -0.029730 0.010518
v 0.395458 -0.002164 0.009722
v 0.412156 -0.042998 0.008669
v 0.402900 -0.047887 0.009395
v 0.420951 -0.072845 0.008541
v 0.443323 -0.085120 0.007300
v 0.434988 -0.089178 0.007706
v 0.456798 -0.106937 0.006064
v 0.473403 -0.098560 0.005128
v 0.471408 -0.124480 0.004928
v 0.489587 -0.119177 0.003557
v 0.493694 -0.133182 0.002140
v 0.419545 -0.027070 0.007677
v 0.446431 -0.035150 0.005123
v 0.456011 -0.070753 0.005864
v 0.473092 -0.076749 0.004290
v 0.478997 -0.139933 0.002065
v 0.433577 -0.008722 0.005330
v 0.403693 -0.001262 0.008978
v 0.491864 -0.096288 0.002581
v 0.446451 -0.106633 0.005701
v 0.460014 -0.118871 0.004760
v 0.412073 0.006625 0.007405
v 0.434268 0.017434 0.005487
v 0.426159 0.030395 0.005918
v 0.440074 0.073355 0.005516
v 0.456602 0.056512 0.005164
v 0.469578 0.101534 0.005039
v 0.492315 0.093485 0.002531
v 0.488169 0.107790 0.003136
v 0.453945 0.009074 0.002724
v 0.474065 0.044811 0.002533
v 0.452566 -0.009984 0.002236
v 0.414414 0.031871 0.006196
v 0.426714 0.063377 0.005335
v 0.403506 0.013269 0.007802
v 0.396956 0.003551 0.008662
v 0.469903 0.116777 0.004155
v 0.486828 0.126231 0.002044
v 0.488861 0.068811 0.001695
v 0.448480 0.098086 0.004806
v 0.386992 0.011634 0.008415
v 0.374176 0.004794 0.009491
v 0.472861 -0.051886 0.002406
v 0.488190 -0.071768 0.001050
v -0.229955 -0.010439 0.047063
v 0.499283 -0.124121 0.001450
v 0.499156 -0.107602 0.001203
v 0.499410 0.115077 0.000776
v -0.232724 -0.001170 0.047693
v 0.104836 0.083957 0.033995
v -0.224005 -0.030581 0.044232
v 0.464480 0.008269 0.000600
v 0.474398 0.024801 0.000147
v 0.481158 0.039292 0.000181
v 0.330333 0.010744 0.011383
v 0.146146 -0.037167 0.030853
v 0.310215 -0.012287 0.013389
v 0.284706 -0.008825 0.015199
v 0.495334 0.070101 0.000243
v 0.429832 0.079878 0.004096
v 0.181574 -0.025492 0.026937
v 0.129953 0.080146 0.030908
v 0.188381 0.051243 0.026891
v 0.217931 0.040133 0.023859
v 0.168700 0.068536 0.027039
v 0.361929 -0.025761 0.010761
v 0.342719 -0.022072 0.011031
v 0.077946 0.105078 0.033037
v -0.145638 -0.067336 0.035863
v 0.285077 0.019960 0.014833
v 0.240920 -0.007522 0.020254
v -0.109427 -0.072537 0.033257
v -0.078265 -0.073166 0.032693
v 0.059355 -0.070034 0.032392
v -0.002908 -0.071772 0.032977
v 0.415163 0.051691 0.004758
v 0.406951 0.035052 0.005209
v 0.396789 0.022303 0.006000
v 0.498604 0.077315 -0.000239
v 0.477740 0.126345 0.002152
v -0.250993 0.063298 0.038248
v -0.208913 0.080419 0.038503
v 0.363932 0.012913 0.007682
v -0.260183 0.031603 0.042503
v -0.264376 0.037070 0.043038
v -0.272009 0.013479 0.044501
v -0.279435 0.017860 0.045508
v -0.285751 -0.007902 0.046168
v -0.295665 0.015380 0.045263
v -0.300932 -0.005523 0.045279
v -0.291199 0.033688 0.043692
v -0.252303 0.051193 0.040261
v -0.298790 -0.023538 0.043685
v -0.272661 0.056174 0.039002
v -0.309756 0.011997 0.043490
v -0.284760 -0.028519 0.045814
v -0.272265 -0.007348 0.048140
v -0.265455 -0.027098 0.048429
v -0.256012 -0.008609 0.050195
v -0.253592 -0.024840 0.049490
v -0.247484 -0.042385 0.046756
v -0.267000 -0.043453 0.045998
v -0.284872 -0.045233 0.043482
v 0.054727 0.110553 0.033002
v 0.005473 0.099319 0.037425
v -0.268475 0.006531 0.046644
v -0.321918 0.042728 0.038564
v 0.487335 0.051652 -0.000535
v -0.265165 -0.057747 0.042645
v -0.151277 -0.075961 0.033717
v -0.193591 -0.080139 0.032592
v -0.224833 -0.076747 0.035460
v -0.307045 -0.022498 0.042433
v -0.298557 -0.034936 0.042791
v -0.250953 0.015364 0.046249
v -0.252912 0.006833 0.049077
v 0.386355 -0.042350 0.008439
v 0.371765 -0.033556 0.009026
v -0.295529 0.046212 0.040808
v -0.333786 0.053220 0.035834
v -0.338940 0.041217 0.036891
v -0.343515 0.045955 0.036646
v -0.332806 0.033734 0.037441
v -0.338071 0.035617 0.037883
v -0.337629 0.020726 0.036085
v -0.322139 0.028253 0.039756
v 0.110054 0.110054 0.027336
v 0.131565 0.097969 0.026496
v 0.499498 0.121285 -0.000247
v 0.117360 -0.056065 0.030956
v 0.146044 -0.050340 0.027463
v -0.235239 -0.059083 0.042099
v 0.085254 -0.070666 0.030162
v 0.210225 -0.017123 0.023351
v 0.406583 -0.066837 0.005825
v -0.334363 -0.007316 0.037955
v 0.174832 -0.034557 0.025680
v 0.263947 -0.011637 0.015481
v 0.316953 -0.019111 0.010601
v -0.339541 0.007005 0.036555
v -0.363798 0.010623 0.031664
v -0.359798 -0.009311 0.033086
v -0.370398 0.014221 0.030797
v -0.392107 -0.004967 0.026963
v -0.391554 -0.016156 0.026515
v -0.407125 -0.018539 0.023650
v -0.334067 -0.018752 0.036369
v -0.385974 0.014832 0.027380
v -0.386508 -0.026957 0.025044
v -0.362316 -0.020464 0.030617
v -0.418360 -0.027393 0.021124
v -0.426876 -0.018157 0.020414
v -0.443738 -0.036312 0.018811
v -0.430679 -0.036232 0.019202
v -0.455476 -0.050007 0.018373
v -0.442561 -0.058317 0.015792
v -0.462298 -0.059033 0.018035
v -0.398951 -0.040900 0.018928
v -0.452603 -0.067228 0.015316
v -0.464644 -0.068903 0.016830
v -0.474248 -0.071889 0.017286
v -0.475824 -0.060665 0.016689
v -0.488695 -0.072281 0.015906
v -0.479044 -0.082705 0.015482
v -0.495718 -0.083060 0.014154
v -0.469193 -0.083910 0.014443
v -0.430797 -0.049167 0.016447
v -0.428179 -0.059036 0.016504
v -0.415743 -0.048244 0.016159
v -0.461123 -0.075114 0.014897
v -0.408420 0.000837 0.022626
v -0.446495 -0.025323 0.017490
v -0.463609 -0.044706 0.016277
v -0.131568 -0.083564 0.030533
v -0.298363 -0.045957 0.040807
v -0.245962 -0.074113 0.037304
v -0.288398 -0.059509 0.039261
v 0.486743 -0.142090 0.000343
v 0.024769 -0.091513 0.026017
v 0.002939 -0.093453 0.025610
v 0.429660 -0.092285 0.006092
v -0.375113 0.029679 0.031410
v -0.365877 0.015704 0.032049
v -0.347877 0.014236 0.033424
v 0.057378 -0.086098 0.026902
v 0.116886 -0.067866 0.027051
v -0.364944 -0.044847 0.023526
v -0.155881 -0.086504 0.030104
v -0.201335 -0.088469 0.029702
v -0.370028 0.020555 0.032322
v -0.077917 -0.092178 0.025882
v -0.115281 -0.090407 0.026987
v -0.270975 -0.070103 0.038068
v -0.498642 -0.080379 0.013392
v -0.475381 -0.090347 0.012452
v -0.379961 -0.039463 0.022079
v 0.078831 -0.086795 0.024754
v -0.344316 0.014939 0.034817
v -0.345259 -0.031227 0.030630
v -0.331157 -0.034526 0.033630
v -0.346375 -0.045554 0.027965
v -0.328778 -0.051242 0.031705
v 0.463050 -0.130250 0.001656
v 0.455789 -0.122810 0.002457
v -0.417970 -0.054890 0.014885
v -0.400731 -0.050800 0.014362
v -0.435982 -0.063228 0.017293
v -0.445136 -0.067977 0.017216
v -0.445515 -0.072804 0.017446
v -0.462988 -0.086299 0.018887
v -0.457557 -0.086826 0.018322
v -0.479514 -0.108890 0.017917
v -0.471149 -0.104033 0.017692
v -0.447958 -0.081172 0.015195
v -0.146993 -0.098000 0.025153
v -0.230701 -0.086479 0.031636
v -0.317552 -0.060693 0.032091
v 0.232751 -0.015657 0.019014
v 0.200051 -0.032422 0.019678
v -0.394599 0.005945 0.024735
v -0.428532 -0.002856 0.017630
v 0.410510 -0.061788 0.008247
v 0.417462 -0.079117 0.005956
v 0.048514 -0.097611 0.022269
v -0.339201 0.022650 0.037148
v 0.016852 -0.100924 0.021992
v -0.036519 -0.101167 0.021578
v 0.098899 -0.083091 0.023272
v 0.289641 -0.016915 0.010660
v -0.076375 -0.099414 0.022617
v -0.263952 -0.082519 0.032859
v -0.349152 -0.055818 0.024038
v -0.156722 -0.097466 0.025162
v -0.182063 -0.096624 0.025117
v -0.222079 -0.095082 0.026512
v 0.483804 -0.058592 0.000167
v 0.243829 -0.016343 0.015939
v -0.380632 -0.053243 0.014351
v 0.128148 -0.067835 0.024442
v 0.497706 -0.135390 0.000116
v -0.296056 -0.073513 0.032231
v -0.247583 -0.086244 0.031616
v 0.498078 -0.094654 0.000113
v -0.122860 -0.100711 0.022122
v -0.143126 -0.100435 0.024226
v 0.493231 -0.080455 0.000036
v -0.372594 0.027856 0.033081
v -0.377793 -0.049111 0.018042
v 0.356033 -0.032042 0.007055
v -0.284819 -0.079680 0.031466
v 0.157910 -0.049091 0.024560
v -0.497832 -0.091609 0.009692
v -0.396872 0.020875 0.022885
v -0.386031 0.033822 0.025289
v -0.401766 0.015192 0.021481
v -0.401923 0.007116 0.022227
v 0.169299 -0.049999 0.020060
v 0.381500 0.015933 0.006311
v 0.371959 -0.039199 0.006269
v 0.387049 -0.048994 0.006012
v -0.433713 -0.068968 0.014027
v -0.473728 -0.046995 0.013904
v -0.459071 -0.029385 0.014332
v -0.493374 -0.070246 0.013896
v 0.071988 -0.098554 0.019056
v 0.120042 -0.080677 0.019542
v 0.210445 -0.031363 0.016336
v 0.142035 -0.067932 0.020147
v -0.228865 -0.034478 0.046721
v -0.226066 -0.039466 0.045489
v 0.092246 -0.094485 0.018119
v -0.361451 -0.057733 0.018093
v -0.328637 -0.070233 0.024356
v -0.408839 0.020847 0.017572
v 0.466730 0.121639 0.001689
v 0.445128 0.104446 0.001605
v -0.399654 0.010268 0.019927
v 0.437352 0.096395 0.001627
v -0.487125 -0.095477 0.008265
v -0.481513 -0.099182 0.009290
v -0.442430 -0.008683 0.013804
v 0.416260 0.066140 0.001705
v 0.424827 0.079478 0.002071
v 0.409206 0.053163 0.001866
v 0.401075 0.039884 0.001451
v 0.490098 0.128646 -0.000014
v 0.259767 -0.018433 0.011166
v 0.242096 -0.022799 0.011469
v 0.395962 0.031063 0.002544
v 0.388549 0.025766 0.001633
v -0.295086 -0.082799 0.027011
v -0.372816 0.036492 0.032155
v -0.264172 -0.091239 0.026770
v 0.052080 -0.103388 0.017702
v -0.166537 -0.101436 0.021888
v 0.466136 0.009150 -0.000438
v -0.319464 -0.081126 0.019727
v 0.037464 -0.104279 0.017868
v -0.222486 -0.099587 0.022627
v -0.476182 -0.098038 0.015582
v -0.483086 -0.108433 0.015901
v -0.488035 -0.116608 0.016640
v -0.494355 -0.115634 0.013751
v -0.493867 -0.119617 0.014286
v -0.476152 -0.110736 0.014838
v -0.009241 -0.104866 0.018370
v -0.335225 -0.075475 0.017543
v -0.144712 -0.103298 0.021780
v -0.119996 -0.104089 0.019054
v 0.071241 -0.102144 0.015931
v -0.051748 -0.104578 0.018312
v -0.184131 -0.103692 0.018273
v -0.205006 -0.103425 0.018790
v 0.211164 -0.035125 0.012706
v 0.378321 0.019633 0.002963
v -0.457623 -0.091979 0.014960
v 0.186533 -0.047929 0.012635
v 0.110230 -0.090211 0.014713
v -0.303569 -0.088167 0.019099
v -0.361458 -0.063703 0.012649
v -0.283277 -0.093670 0.019389
v 0.169903 -0.059152 0.011005
v 0.153011 -0.067242 0.014136
v 0.359302 0.017319 0.003758
v -0.171550 -0.103557 0.019224
v 0.137396 -0.075573 0.015144
v -0.395591 -0.057703 0.007355
v -0.382945 -0.059566 0.006914
v -0.407921 -0.056384 0.009394
v -0.412816 -0.064310 0.005062
v -0.422284 -0.064809 0.008524
v -0.395543 -0.062773 0.002179
v -0.372472 -0.061587 0.008149
v 0.239678 -0.030852 0.003668
v 0.252720 -0.024439 0.005481
v 0.489568 -0.072238 -0.000163
v 0.222185 -0.037778 0.003860
v 0.255500 -0.025917 0.003902
v 0.192994 -0.051063 0.004283
v 0.206935 -0.044053 0.004042
v 0.102025 -0.100847 0.005375
v 0.084640 -0.106617 0.005188
v 0.081983 -0.109576 0.004085
v 0.054071 -0.109793 0.006009
v 0.067432 -0.121987 0.004354
v 0.076635 -0.133478 0.004381
v 0.126042 -0.089993 0.003895
v 0.112450 -0.096827 0.004017
v 0.137974 -0.100062 0.004036
v 0.101285 -0.102952 0.004021
v 0.112203 -0.143459 0.003912
v 0.126099 -0.178183 0.003217
v 0.095629 -0.152623 0.003700
v 0.063753 -0.133651 0.006748
v 0.049386 -0.119355 0.007464
v 0.056624 -0.134410 0.006560
v 0.064861 -0.144091 0.005976
v 0.075285 -0.144882 0.006510
v 0.074637 -0.153637 0.005882
v 0.085223 -0.159369 0.006159
v 0.096581 -0.176425 0.005106
v 0.113074 -0.182198 0.005580
v 0.120943 -0.193622 0.004689
v 0.127182 -0.189022 0.004611
v 0.136487 -0.202655 0.004468
v 0.089244 -0.155862 0.005511
v 0.104632 -0.173980 0.005581
v 0.111467 -0.170092 0.004166
v 0.145689 -0.194577 0.002468
v 0.146200 -0.183123 0.003595
v 0.153013 -0.171082 0.003495
v 0.040729 -0.112031 0.006754
v 0.048880 -0.107187 0.009898
v 0.039533 -0.107675 0.008426
v -0.359700 -0.068336 0.008374
v -0.344126 -0.077622 0.008502
v -0.499429 -0.119252 0.007967
v 0.183971 -0.054484 0.005567
v 0.176509 -0.061673 0.004048
v 0.167406 -0.077081 0.004251
v 0.158500 -0.072474 0.003949
v 0.143070 -0.081661 0.004061
v 0.168611 -0.064558 0.005023
v 0.145904 -0.078183 0.005331
v 0.036460 -0.108719 0.003896
v 0.039329 -0.117355 0.001698
v 0.046190 -0.124731 0.005915
v -0.343732 0.040189 0.044381
v -0.341767 0.032449 0.044775
v -0.349320 0.037526 0.048578
v -0.348532 0.043773 0.044896
v -0.355018 0.043987 0.046822
v -0.344635 0.023383 0.045564
v -0.347446 0.019981 0.045709
v -0.351895 0.015899 0.044953
v -0.242752 0.014141 0.050428
v -0.154483 0.031200 0.095602
v -0.162785 0.030843 0.093960
v -0.146284 0.030809 0.100673
v -0.100125 -0.128513 0.052433
v -0.098677 -0.135314 0.054788
v -0.097017 -0.142885 0.053216
v -0.104217 -0.120492 0.052897
v -0.105796 -0.118618 0.049510
v -0.110860 -0.110304 0.050054
v -0.129007 -0.103823 0.037198
v -0.145315 -0.099931 0.028684
v -0.130185 -0.102297 0.040292
v -0.119790 -0.104925 0.045753
v -0.143734 -0.102144 0.025892
v -0.116992 -0.109589 0.042355
v -0.133584 -0.110212 0.029343
v -0.145133 -0.106814 0.021874
v -0.103334 -0.127174 0.048468
v -0.144712 -0.103298 0.021780
v -0.143126 -0.100435 0.024226
v -0.113316 -0.129989 0.041522
v -0.126787 -0.168321 0.033653
v -0.140606 -0.139773 0.025624
v -0.102203 -0.141409 0.048009
v -0.107417 -0.168640 0.045334
v -0.115966 -0.181583 0.040473
v -0.141079 -0.172315 0.025015
v -0.132121 -0.115580 0.029488
v -0.131908 -0.185582 0.031415
v -0.144789 -0.191118 0.023625
v -0.137331 -0.196852 0.028459
v -0.100168 -0.154972 0.050143
v -0.153931 -0.165316 0.019410
v -0.155171 -0.140457 0.019234
v -0.153559 -0.122420 0.018964
v -0.130538 -0.190718 0.033318
v -0.149008 -0.109885 0.019702
v -0.157976 -0.108160 0.014926
v -0.123915 -0.192833 0.038367
v -0.109963 -0.178447 0.045124
v -0.161944 -0.130793 0.017284
v -0.163366 -0.115945 0.014927
v -0.158601 -0.153606 0.018577
v -0.116629 -0.188452 0.042600
v -0.139868 -0.200085 0.028597
v -0.161457 -0.107380 0.011661
v -0.153836 -0.176881 0.021225
v -0.147544 -0.105799 0.017781
v -0.136135 -0.199270 0.031495
v -0.131691 -0.192447 0.034612
v -0.106739 -0.174944 0.049157
v -0.099381 -0.158226 0.053293
v -0.168618 -0.108024 0.011371
v -0.168741 -0.119543 0.016475
v -0.166430 -0.133110 0.018156
v -0.171641 -0.106981 0.012189
v -0.229955 -0.010439 0.047063
v -0.230790 -0.009729 0.048234
v -0.229588 -0.024661 0.047912
v -0.232724 -0.001170 0.047693
v -0.228865 -0.034478 0.046721
v -0.397177 0.005642 -0.023429
v -0.401199 0.007635 -0.021888
v -0.399406 0.007975 -0.016961
v -0.400579 0.014020 -0.021235
v -0.396698 0.012743 -0.022471
v -0.399033 0.012270 -0.015984
v 0.297241 0.048028 0.000090
v 0.298890 0.042373 0.001923
v 0.298711 0.041810 -0.001451
v -0.107472 0.021210 0.118805
v -0.101664 0.011837 0.122638
v -0.103132 0.015234 0.119639
v 0.143896 -0.204830 -0.000106
v 0.140907 -0.207390 0.002284
v 0.140412 -0.208632 -0.001613
v 0.136071 -0.209343 0.001989
v 0.136487 -0.202655 0.004468
v 0.156565 -0.175287 -0.000869
v 0.155385 -0.176405 0.001835
v 0.152628 -0.183209 0.000324
v 0.161247 -0.167000 0.001697
v 0.160853 -0.166863 -0.001755
v 0.167290 -0.159820 -0.000317
v 0.145689 -0.194577 0.002468
v 0.148398 -0.191995 -0.000490
v 0.164417 -0.154590 0.003594
v 0.171723 -0.151875 0.001708
v 0.182056 -0.134765 0.002489
v 0.181136 -0.139620 0.000299
v 0.185565 -0.134179 -0.000390
v 0.153013 -0.171082 0.003495
v 0.146200 -0.183123 0.003595
v 0.175530 -0.136711 0.003691
v 0.205920 -0.111443 0.001848
v 0.203641 -0.106279 0.003507
v 0.216167 -0.103528 0.001038
v 0.192799 -0.108657 0.004071
v 0.232025 -0.081032 0.004186
v 0.212819 -0.082488 0.004707
v 0.137974 -0.100062 0.004036
v 0.167406 -0.077081 0.004251
v 0.143070 -0.081661 0.004061
v 0.126042 -0.089993 0.003895
v 0.126099 -0.178183 0.003217
v -0.221750 -0.051941 -0.041627
v -0.222436 -0.058092 -0.040189
v -0.223170 -0.059233 -0.042667
v -0.143734 -0.102144 0.025892
v -0.146993 -0.098000 0.025153
v -0.145315 -0.099931 0.028684
v -0.143126 -0.100435 0.024226
v -0.233035 0.022303 0.055978
v -0.236765 0.020906 0.056026
v -0.228798 0.024480 0.060000
v -0.238189 0.013420 0.050786
v -0.239273 0.017470 0.055950
v -0.242752 0.014141 0.050428
v -0.237960 0.012902 0.047060
v 0.498604 0.077315 -0.000239
v 0.495334 0.070101 0.000243
v 0.487335 0.051652 -0.000535
v -0.131275 -0.191349 -0.035598
v -0.130198 -0.192328 -0.034596
v -0.135808 -0.195324 -0.029104
v -0.123199 -0.192593 -0.040097
v -0.120712 -0.186508 -0.044355
v -0.136208 -0.184651 -0.035467
v -0.117364 -0.187990 -0.044321
v -0.112029 -0.176405 -0.049927
v -0.107765 -0.175256 -0.050176
v 0.248839 0.083279 -0.000184
v 0.233855 0.098621 0.000108
v 0.253945 0.077959 0.000329
v 0.034767 -0.108326 -0.001326
v 0.036460 -0.108719 0.003896
v 0.039533 -0.107675 0.008426
v 0.137230 0.129410 -0.001848
v 0.157432 0.114007 -0.001748
v 0.146540 0.122302 -0.001560
v 0.284834 0.038982 -0.001207
v 0.284779 0.036225 0.000750
v 0.285294 0.036166 -0.001222
v -0.133460 0.153947 -0.000662
v -0.162360 0.147740 0.008289
v -0.134809 0.150837 0.008389
v -0.173650 0.149433 -0.001003
v -0.185470 0.145714 0.008009
v -0.206256 0.145296 -0.000737
v -0.210506 0.142149 0.008553
v -0.101871 0.155673 -0.000736
v -0.089329 0.153840 0.008140
v -0.080301 0.157225 -0.000359
v -0.055063 0.155821 0.008635
v -0.020503 0.160019 0.001575
v -0.227168 0.140932 -0.000979
v -0.239731 0.135306 0.009214
v -0.249692 0.135400 -0.001396
v -0.263613 0.128182 0.009495
v 0.019860 0.161501 -0.000397
v 0.012333 0.158171 0.009252
v 0.033332 0.159812 0.006076
v -0.020503 0.160019 0.001575
v 0.047765 0.161274 -0.000159
v 0.076094 0.160683 0.000002
v 0.078525 0.160453 0.002034
v 0.287512 -0.025209 0.001503
v 0.274532 -0.024823 0.003058
v 0.291813 -0.041399 0.005125
v 0.293427 -0.026758 -0.000246
v 0.295742 -0.041156 0.004202
v 0.295168 -0.030143 0.000053
v 0.298469 -0.041776 -0.000402
v -0.360838 0.014978 0.036767
v -0.347877 0.014236 0.033424
v -0.353720 0.013685 0.039105
v 0.363577 0.018758 0.000988
v 0.359302 0.017319 0.003758
v 0.378321 0.019633 0.002963
v 0.377914 0.021463 0.000014
v 0.363082 0.018578 -0.001896
v 0.159758 0.208912 0.000168
v 0.147716 0.202843 0.000234
v 0.162482 0.206492 0.001891
v 0.170878 0.212650 0.000247
v -0.099381 -0.158226 0.053293
v -0.103775 -0.165267 0.052874
v -0.106739 -0.174944 0.049157
v 0.181136 -0.139620 0.000299
v 0.171723 -0.151875 0.001708
v 0.175642 -0.147631 -0.000337
vn 0.9991 -0.0203 -0.0369
vn 0.3318 -0.0324 0.9428
vn 0.2716 -0.0589 0.9606
vn 0.9772 0.0643 -0.2022
vn 0.9954 0.0091 0.0953
vn 0.9858 -0.1247 -0.1122
vn 0.3030 0.0637 -0.9509
vn 0.2981 0.3525 0.8871
vn 0.2340 0.1548 0.9598
vn 0.2308 -0.0652 0.9708
vn 0.3387 0.1207 0.9331
vn 0.3424 0.1070 0.9334
vn 0.2464 -0.3727 0.8946
vn 0.1613 0.0700 0.9844
vn 0.1959 0.0153 0.9805
vn 0.2158 0.0202 0.9762
vn 0.2203 0.0162 0.9753
vn 0.1911 -0.0432 0.9806
vn 0.3729 -0.1604 0.9139
vn 0.1445 -0.3660 -0.9193
vn 0.6852 0.3213 0.6537
vn 0.3818 0.1144 0.9171
vn 0.1293 -0.2921 0.9476
vn 0.2443 -0.1463 0.9586
vn 0.4110 -0.1534 0.8986
vn 0.6865 0.2737 0.6736
vn 0.0875 0.0652 0.9940
vn 0.1810 0.0883 0.9795
vn 0.1331 0.0290 0.9907
vn -0.0768 0.8703 0.4865
vn 0.0171 0.6351 0.7723
vn 0.2342 -0.1107 0.9659
vn 0.2911 0.1601 0.9432
vn 0.0140 0.1939 0.9809
vn 0.0831 0.0560 0.9950
vn 0.1852 0.0760 0.9798
vn 0.1318 0.0400 0.9905
vn 0.0960 -0.0723 0.9928
vn 0.0644 -0.1511 0.9864
vn 0.2338 -0.1113 0.9659
vn 0.2891 0.1564 0.9444
vn -0.1411 -0.8755 0.4622
vn 0.1057 -0.0114 0.9943
vn 0.1426 -0.0534 0.9883
vn 0.0792 -0.0138 0.9968
vn -0.3244 0.6958 0.6408
vn 0.3029 0.1531 0.9406
vn -0.1862 0.3451 0.9199
vn 0.1005 -0.0262 0.9946
vn 0.1194 -0.0447 0.9918
vn -0.1614 -0.2996 0.9403
vn -0.1862 -0.2666 0.9456
vn 0.7249 0.4992 0.4746
vn 0.0625 -0.0125 0.9980
vn -0.5212 0.8534 -0.0093
vn 0.2299 -0.1114 0.9668
vn 0.6251 -0.3560 0.6947
vn 0.1733 0.1149 0.9781
vn 0.0895 0.0395 0.9952
vn 0.0646 -0.0166 0.9978
vn -0.2156 -0.3101 0.9259
vn 0.5902 -0.1822 0.7864
vn 0.9727 0.2192 -0.0762
vn 0.2463 0.1061 0.9634
vn -0.0206 0.0583 0.9981
vn 0.1891 -0.1013 0.9767
vn -0.0782 -0.1291 0.9885
vn -0.4968 0.6166 0.6107
vn 0.1899 -0.0932 0.9774
vn -0.2467 0.3055 0.9197
vn -0.2551 0.3241 0.9110
vn 0.0186 -0.0026 0.9998
vn 0.1111 -0.0573 0.9922
vn 0.1905 0.0659 0.9795
vn 0.1180 0.0761 0.9901
vn 0.0967 0.0141 0.9952
vn -0.0167 0.0343 0.9993
vn 0.1382 0.0578 0.9887
vn -0.0383 -0.1188 0.9922
vn -0.3037 0.2959 0.9057
vn 0.1148 -0.0574 0.9917
vn 0.1651 0.0726 0.9836
vn -0.3462 -0.3725 0.8611
vn -0.0388 -0.1392 0.9895
vn 0.0586 -0.0203 0.9981
vn 0.0188 -0.0025 0.9998
vn 0.1246 -0.0344 0.9916
vn 0.1601 -0.0101 0.9870
vn 0.0684 0.0392 0.9969
vn -0.6564 -0.6846 0.3170
vn -0.3024 0.2741 0.9129
vn -0.3157 -0.3931 0.8636
vn -0.0983 0.0619 0.9932
vn -0.0805 0.0897 0.9927
vn 0.0449 -0.0052 0.9990
vn -0.4887 -0.4858 0.7247
vn -0.1640 -0.2183 0.9620
vn -0.6959 0.6779 -0.2370
vn -0.3782 0.3029 0.8748
vn -0.0271 0.0181 0.9995
vn 0.0943 0.0375 0.9948
vn 0.1078 0.0446 0.9932
vn -0.5085 -0.4871 0.7101
vn 0.0632 0.0144 0.9979
vn 0.0519 -0.0065 0.9986
vn -0.1753 -0.2000 0.9640
vn 0.0258 0.0172 0.9995
vn 0.0993 0.0159 0.9949
vn -0.5163 -0.4708 0.7154
vn -0.8389 0.5363 0.0926
vn -0.3809 0.2200 0.8980
vn -0.3798 0.2187 0.8988
vn -0.1530 0.1027 0.9829
vn -0.1269 0.0766 0.9890
vn 0.0293 0.0451 0.9986
vn 0.0784 0.0159 0.9968
vn 0.0902 -0.0083 0.9959
vn 0.1344 0.0545 0.9894
vn -0.5768 -0.4851 0.6573
vn 0.0696 0.0162 0.9974
vn -0.2663 -0.2370 0.9343
vn -0.0990 0.0758 0.9922
vn -0.2737 -0.2325 0.9333
vn -0.8774 0.4775 0.0461
vn -0.3819 0.2187 0.8980
vn -0.3834 0.2136 0.8985
vn 0.0991 -0.0877 0.9912
vn 0.1203 0.0349 0.9921
vn -0.5783 -0.5056 0.6403
vn -0.2589 -0.2194 0.9407
vn -0.2742 -0.2341 0.9327
vn -0.7764 0.5673 0.2746
vn 0.0776 0.0405 0.9962
vn -0.3952 0.2141 0.8933
vn -0.0782 0.1236 0.9892
vn -0.0840 0.1345 0.9873
vn 0.0752 0.0375 0.9965
vn 0.0537 0.1402 0.9887
vn -0.2794 -0.2299 0.9323
vn -0.7163 -0.6693 0.1973
vn -0.3264 0.3002 0.8963
vn 0.1004 0.0154 0.9948
vn -0.6437 -0.7495 0.1545
vn -0.3312 0.3191 0.8880
vn -0.3154 -0.3545 0.8803
vn -0.1254 -0.2072 0.9702
vn -0.3362 0.3180 0.8865
vn -0.5302 -0.5774 0.6209
vn 0.0158 0.2070 0.9782
vn 0.0406 0.0805 0.9959
vn 0.0303 0.0678 0.9972
vn 0.0644 0.0006 0.9979
vn 0.0707 0.0143 0.9974
vn -0.2073 0.5375 0.8174
vn -0.1128 0.3168 0.9417
vn -0.1195 -0.1888 0.9747
vn -0.2205 0.5434 0.8100
vn 0.0451 0.1707 0.9843
vn 0.0709 0.1639 0.9839
vn -0.3987 0.7441 -0.5360
vn -0.3753 0.9269 0.0016
vn -0.3868 0.7587 0.5241
vn 0.0651 0.0003 0.9979
vn -0.4213 -0.6652 0.6165
vn -0.0045 0.4350 0.9004
vn -0.0205 0.1927 0.9810
vn -0.0676 -0.1777 0.9818
vn -0.2264 -0.4339 0.8721
vn -0.2148 -0.3548 0.9099
vn -0.0877 0.8227 -0.5617
vn -0.1872 0.9819 -0.0291
vn -0.1213 0.8358 0.5354
vn -0.1002 0.9377 0.3326
vn -0.0490 0.6351 0.7709
vn -0.0470 0.6477 0.7604
vn -0.0376 -0.2620 0.9643
vn -0.0673 0.9315 -0.3575
vn 0.0416 -0.0202 0.9989
vn -0.1532 -0.4381 0.8858
vn -0.2949 -0.7247 0.6228
vn -0.2913 -0.7470 0.5976
vn 0.0558 0.2032 0.9776
vn -0.0225 -0.1816 0.9831
vn -0.1515 -0.3930 0.9070
vn 0.0751 0.7061 0.7042
vn 0.0837 0.3161 0.9450
vn 0.0627 0.1481 0.9870
vn 0.0518 0.0523 0.9973
vn -0.0206 -0.1789 0.9836
vn -0.0747 -0.4539 0.8879
vn 0.1094 0.5790 -0.8079
vn -0.2077 -0.7587 0.6175
vn -0.2425 -0.7869 0.5674
vn 0.0751 0.3973 0.9146
vn 0.0569 0.8640 -0.5003
vn 0.0692 0.9949 -0.0740
vn 0.0818 0.8272 0.5559
vn -0.1631 -0.5456 0.8220
vn 0.0767 0.8206 -0.5664
vn 0.0788 0.9969 -0.0060
vn 0.0360 -0.0052 0.9993
vn 0.0359 -0.0022 0.9994
vn 0.1087 0.9288 0.3542
vn 0.1102 0.5811 0.8063
vn -0.0802 -0.5807 0.8102
vn -0.0475 -0.2736 0.9607
vn 0.0016 -0.1943 0.9809
vn -0.1299 -0.6698 0.7311
vn 0.1999 0.9792 0.0347
vn 0.0307 -0.3519 0.9355
vn 0.2166 0.9751 -0.0486
vn 0.1954 0.8460 0.4960
vn 0.2064 0.8607 0.4654
vn 0.1584 0.6372 0.7542
vn 0.1659 0.6065 0.7776
vn 0.1096 0.1500 0.9826
vn 0.0727 -0.0233 0.9971
vn 0.0256 -0.1908 0.9813
vn 0.2648 0.8590 -0.4382
vn 0.1311 0.3916 0.9108
vn 0.1314 0.3834 0.9142
vn 0.0669 0.0455 0.9967
vn -0.0305 -0.4037 0.9144
vn 0.2492 0.6458 -0.7217
vn 0.2897 0.8589 0.4224
vn 0.2115 0.6081 0.7651
vn -0.0546 -0.6984 0.7136
vn 0.9636 0.2508 -0.0929
vn 0.8516 0.2231 0.4744
vn 0.2559 0.6485 0.7169
vn 0.1507 0.0405 0.9877
vn 0.0499 -0.1483 0.9877
vn -0.0049 -0.4916 0.8708
vn 0.2482 0.6471 -0.7209
vn 0.3005 0.8096 -0.5043
vn 0.7581 0.2389 -0.6069
vn 0.6418 0.2663 -0.7191
vn 0.3741 0.9247 0.0700
vn 0.3747 0.9248 0.0664
vn 0.0448 -0.6678 0.7430
vn 0.2750 0.3681 0.8882
vn 0.2979 0.8168 0.4941
vn 0.5000 0.3280 0.8015
vn 0.1646 0.4394 0.8831
vn 0.1691 0.3054 0.9371
vn 0.2856 0.3233 0.9022
vn 0.3405 0.2905 0.8942
vn 0.1982 0.3183 0.9271
vn 0.2329 -0.4026 0.8852
vn 0.2010 0.3386 0.9192
vn 0.4944 -0.8692 0.0049
vn 0.3713 0.8273 0.4215
vn 0.1364 0.0326 0.9901
vn 0.0875 -0.2061 0.9746
vn 0.1179 0.1838 -0.9759
vn 0.3544 0.7615 -0.5427
vn 0.7664 -0.3817 -0.5166
vn 0.9570 0.1549 0.2452
vn 0.1923 -0.1216 0.9738
vn 0.0076 -0.7420 0.6703
vn 0.0856 -0.5282 0.8448
vn 0.1225 0.2476 0.9611
vn 0.2174 -0.4038 0.8886
vn 0.2172 -0.4029 0.8891
vn 0.0993 0.1686 0.9807
vn 0.0912 -0.0961 0.9912
vn 0.2398 0.4232 0.8737
vn 0.5731 -0.8106 -0.1202
vn 0.2243 0.3489 0.9099
vn 0.0813 0.0362 0.9960
vn 0.0736 -0.2476 0.9661
vn -0.0240 0.0990 0.9948
vn 0.0130 -0.0832 0.9964
vn 0.2945 0.5629 0.7723
vn 0.3182 0.7837 0.5335
vn 0.0509 -0.8025 0.5945
vn 0.1865 0.1715 0.9674
vn 0.5460 -0.8377 -0.0095
vn 0.1271 0.2021 0.9711
vn 0.3849 0.7111 0.5884
vn 0.2247 -0.3811 0.8968
vn 0.2618 0.4492 0.8542
vn 0.0735 -0.4535 0.8882
vn 0.3372 0.6395 -0.6909
vn 0.0827 0.0284 0.9962
vn 0.3885 0.7104 0.5868
vn 0.0375 0.1143 0.9927
vn 0.1792 0.2504 0.9514
vn 0.2569 0.4540 -0.8532
vn 0.2562 0.3701 0.8930
vn 0.0683 -0.5409 0.8383
vn 0.2591 0.4968 0.8283
vn 0.0519 -0.2871 0.9565
vn -0.0145 0.0060 0.9999
vn 0.2548 0.5191 0.8159
vn 0.3367 0.8054 0.4878
vn 0.0941 -0.6388 0.7636
vn 0.0613 -0.1161 0.9913
vn 0.2683 -0.3960 0.8782
vn 0.2554 0.3237 -0.9110
vn 0.6898 -0.7179 -0.0940
vn 0.0714 0.2130 0.9744
vn 0.0093 -0.0495 0.9987
vn 0.1967 -0.3404 0.9195
vn 0.2975 0.4600 0.8366
vn 0.1352 0.0364 0.9902
vn 0.1402 -0.0903 0.9860
vn 0.3529 0.6838 -0.6386
vn 0.4446 0.7813 -0.4381
vn 0.2291 0.2271 0.9465
vn 0.2803 0.3825 0.8804
vn 0.0419 0.0764 0.9962
vn 0.4607 0.7599 0.4586
vn 0.3429 0.6591 0.6693
vn 0.1574 -0.5966 0.7870
vn 0.1346 -0.3302 0.9343
vn 0.1155 -0.4055 0.9068
vn 0.1722 0.0407 0.9842
vn 0.1159 -0.2027 0.9724
vn -0.0367 0.0874 0.9955
vn 0.1629 -0.5608 0.8118
vn -0.0275 0.0288 0.9992
vn 0.1960 -0.2745 0.9414
vn 0.1899 0.2554 0.9480
vn 0.3118 0.4684 -0.8267
vn 0.4148 0.7509 0.5139
vn 0.3451 0.6466 0.6803
vn 0.2048 -0.7889 0.5794
vn 0.2278 -0.3662 0.9022
vn 0.1477 0.0006 0.9890
vn 0.1500 -0.1536 0.9767
vn 0.7125 0.6939 0.1037
vn 0.4150 0.7593 0.5012
vn 0.1594 -0.5905 0.7911
vn 0.3000 0.4623 0.8344
vn 0.2106 0.2200 0.9525
vn 0.7280 -0.6477 -0.2245
vn 0.4343 -0.5398 0.7211
vn -0.1050 0.2916 0.9508
vn 0.2263 -0.2822 0.9323
vn 0.4213 0.7047 -0.5709
vn 0.1955 0.2004 0.9600
vn 0.2275 0.2531 0.9403
vn 0.5976 -0.6883 -0.4111
vn 0.0781 0.0767 0.9940
vn 0.0260 -0.0318 0.9992
vn 0.2259 -0.2754 0.9344
vn 0.4082 0.6686 0.6215
vn 0.5050 -0.6371 -0.5824
vn -0.0014 0.0187 0.9998
vn 0.5266 -0.6998 0.4827
vn 0.2772 -0.5961 0.7536
vn 0.3084 0.5339 0.7873
vn 0.2249 0.3102 0.9237
vn 0.1689 0.1617 0.9723
vn 0.1825 0.2153 -0.9594
vn -0.0009 0.0305 0.9995
vn 0.4433 0.7464 0.4964
vn -0.0571 0.1569 0.9860
vn 0.0296 -0.0336 0.9990
vn 0.1738 -0.2317 0.9572
vn 0.4682 0.7832 -0.4092
vn 0.2153 0.1726 0.9612
vn 0.3082 0.2794 0.9094
vn 0.7609 -0.6469 0.0504
vn -0.0029 0.0169 0.9999
vn -0.0030 0.0116 0.9999
vn 0.3961 0.7142 0.5771
vn 0.1991 -0.3399 0.9191
vn 0.1512 -0.0060 0.9885
vn 0.3119 0.2848 0.9064
vn 0.6543 -0.7022 0.2807
vn 0.4844 0.7173 0.5008
vn 0.2344 0.3059 0.9227
vn 0.1490 0.0095 0.9888
vn 0.1513 -0.1387 0.9787
vn 0.1741 -0.2494 0.9526
vn 0.3455 0.5837 -0.7348
vn 0.4594 0.7205 -0.5194
vn 0.5832 -0.6413 -0.4986
vn 0.0307 -0.0477 0.9984
vn 0.2203 -0.2728 0.9365
vn 0.2322 -0.2032 0.9512
vn 0.2534 -0.3411 0.9052
vn 0.4679 0.7832 -0.4096
vn 0.2812 0.1770 0.9432
vn 0.7080 -0.6887 -0.1561
vn 0.0113 0.0224 0.9997
vn -0.0019 0.0163 0.9999
vn -0.0121 0.0584 0.9982
vn 0.0762 -0.1123 0.9908
vn 0.4018 0.6493 0.6458
vn 0.3456 0.5209 0.7805
vn 0.1990 -0.3519 0.9146
vn 0.5141 0.7509 -0.4147
vn 0.6461 0.4777 -0.5953
vn 0.0039 -0.0017 1.0000
vn 0.5390 -0.6419 0.5454
vn 0.2451 0.3552 0.9021
vn 0.5668 -0.5392 0.6229
vn 0.4625 0.7471 0.4774
vn 0.3604 0.5354 0.7638
vn 0.1927 0.2538 0.9479
vn 0.4649 0.7591 -0.4556
vn -0.0007 -0.0031 1.0000
vn 0.4833 0.7496 0.4522
vn 0.2445 -0.3771 0.8933
vn 0.3021 0.1933 0.9335
vn 0.2827 0.1775 0.9426
vn 0.5694 -0.5804 0.5822
vn 0.4059 0.6369 0.6554
vn 0.1876 -0.2333 0.9541
vn 0.1989 -0.2781 0.9397
vn 0.1622 0.1652 0.9728
vn 0.1618 0.1648 0.9730
vn 0.3359 0.5497 -0.7648
vn 0.5220 0.6572 -0.5437
vn 0.0437 0.0363 0.9984
vn 0.2283 -0.2051 0.9517
vn 0.2395 -0.2191 0.9459
vn 0.3088 -0.5230 0.7944
vn 0.4362 -0.4085 -0.8018
vn 0.5667 0.2502 -0.7850
vn 0.2857 0.1576 0.9453
vn 0.5709 -0.5843 0.5767
vn 0.0194 0.0140 0.9997
vn 0.5001 0.7233 0.4761
vn -0.0091 0.0077 0.9999
vn 0.0634 -0.0525 0.9966
vn 0.3610 -0.6668 0.6520
vn 0.3962 0.5162 0.7593
vn 0.1267 0.0287 0.9915
vn 0.5503 0.7474 -0.3721
vn 0.3515 0.1456 0.9248
vn 0.0131 0.0127 0.9998
vn 0.3009 -0.4858 0.8207
vn -0.0366 0.0347 0.9987
vn 0.4805 0.6526 0.5858
vn 0.4079 0.5517 0.7275
vn 0.2924 0.3753 0.8796
vn 0.2830 0.3494 0.8932
vn 0.2439 -0.4077 0.8799
vn 0.1318 0.1075 0.9854
vn 0.1595 -0.1972 0.9673
vn 0.4449 0.1688 0.8796
vn 0.4246 0.1562 0.8918
vn 0.2727 -0.4614 0.8443
vn -0.0119 -0.0152 0.9998
vn 0.4462 -0.7098 0.5450
vn 0.4772 0.6205 0.6223
vn 0.4430 -0.7317 0.5181
vn 0.3043 -0.4202 0.8549
vn 0.2304 0.2828 0.9311
vn 0.1458 -0.1349 0.9801
vn 0.5902 0.7372 -0.3289
vn 0.5884 0.7418 -0.3217
vn 0.3854 0.0986 0.9175
vn 0.0604 0.0207 0.9980
vn 0.0089 -0.0157 0.9998
vn 0.5693 0.7278 0.3824
vn 0.1623 0.1765 0.9708
vn 0.2161 0.2379 0.9469
vn 0.1302 -0.0963 0.9868
vn 0.4415 0.5279 -0.7255
vn 0.5337 0.6698 -0.5163
vn 0.5374 -0.3460 -0.7691
vn 0.3712 0.1035 0.9228
vn 0.6364 -0.4141 0.6508
vn 0.7677 -0.5524 0.3249
vn 0.1369 0.0770 0.9876
vn 0.8633 -0.4048 -0.3015
vn 0.5839 0.6998 0.4115
vn 0.2732 -0.4633 0.8431
vn -0.0208 0.0254 0.9995
vn 0.2201 -0.1420 0.9651
vn 0.3248 -0.2379 0.9154
vn 0.1219 0.0176 0.9924
vn 0.1254 -0.0388 0.9914
vn 0.1215 -0.0282 0.9922
vn 0.3801 -0.7033 -0.6007
vn 0.5939 0.7366 -0.3236
vn -0.1571 0.4491 0.8796
vn 0.0648 0.0215 0.9977
vn -0.0018 -0.0071 1.0000
vn -0.0025 -0.0120 0.9999
vn 0.5732 -0.2649 0.7754
vn 0.5523 0.6998 0.4531
vn 0.2573 -0.3685 0.8933
vn 0.1615 -0.1637 0.9732
vn 0.1948 -0.2754 0.9414
vn 0.3462 -0.5022 -0.7924
vn 0.4305 -0.7289 -0.5323
vn 0.0104 0.0140 0.9998
vn 0.3219 -0.5186 0.7921
vn 0.3112 -0.2208 0.9243
vn 0.4419 -0.7110 0.5470
vn 0.4854 0.6156 0.6208
vn 0.4208 -0.6238 0.6586
vn 0.4206 0.5548 0.7178
vn 0.2890 0.3827 0.8775
vn 0.5452 0.6561 -0.5217
vn 0.5500 0.6937 -0.4650
vn 0.5887 0.7371 -0.3317
vn 0.8798 -0.4603 -0.1188
vn 0.8399 -0.5213 0.1508
vn 0.0169 0.0057 0.9998
vn 0.5530 0.6961 0.4578
vn 0.1327 0.1078 0.9853
vn 0.3041 0.3819 -0.8727
vn 0.4672 -0.7410 -0.4823
vn 0.7737 -0.4417 -0.4543
vn -0.2007 0.4079 0.8907
vn 0.8866 -0.4078 0.2181
vn 0.0170 0.0058 0.9998
vn 0.3336 -0.5510 0.7649
vn -0.0148 0.0370 0.9992
vn -0.0080 0.0009 1.0000
vn 0.2881 -0.1658 0.9432
vn 0.4076 -0.6165 0.6736
vn 0.2061 0.2773 0.9384
vn 0.1509 0.1798 0.9721
vn 0.1055 0.0693 0.9920
vn 0.1075 0.0314 0.9937
vn 0.4994 0.6932 -0.5197
vn 0.5759 0.7629 -0.2939
vn 0.8331 -0.3623 -0.4180
vn 0.8207 -0.4299 0.3763
vn -0.1702 0.2566 0.9514
vn 0.0024 -0.0069 1.0000
vn 0.2979 -0.1607 0.9410
vn 0.8122 -0.4193 0.4056
vn 0.2615 -0.1061 0.9594
vn 0.4776 0.6121 0.6303
vn 0.4130 0.5338 0.7379
vn 0.2653 0.3664 0.8918
vn 0.2974 -0.4481 0.8431
vn 0.1628 0.2232 0.9611
vn 0.4103 0.5415 -0.7338
vn 0.5867 0.7569 -0.2879
vn 0.4489 -0.2893 -0.8455
vn -0.1621 0.2514 0.9542
vn 0.7352 -0.2832 0.6159
vn 0.5297 0.7002 0.4786
vn 0.8159 -0.2709 0.5108
vn 0.2647 -0.4257 0.8653
vn 0.2188 0.3067 0.9263
vn 0.1105 -0.0893 0.9899
vn 0.5239 0.7550 -0.3943
vn 0.3503 -0.1053 -0.9307
vn 0.7039 -0.6977 0.1329
vn 0.5157 0.7529 0.4090
vn -0.0037 -0.0099 0.9999
vn -0.0107 0.0014 0.9999
vn -0.0147 0.0167 0.9998
vn -0.0423 -0.0960 0.9945
vn 0.3207 -0.1332 0.9378
vn 0.4766 0.6306 0.6125
vn 0.2572 -0.4139 0.8732
vn 0.1296 0.1535 0.9796
vn 0.4890 0.7827 -0.3851
vn -0.0811 0.2539 0.9638
vn 0.2347 -0.4963 0.8358
vn -0.0105 0.0016 0.9999
vn 0.0849 -0.3509 0.9326
vn 0.3609 -0.6542 0.6646
vn 0.1656 -0.2470 0.9548
vn 0.1384 -0.1699 0.9757
vn 0.0938 0.0092 0.9955
vn 0.0913 -0.0253 0.9955
vn 0.3644 0.5527 -0.7495
vn -0.2819 0.4170 0.8641
vn 0.0022 0.0039 1.0000
vn 0.0173 -0.0131 0.9998
vn 0.1556 0.1413 0.9777
vn 0.1398 0.0850 0.9865
vn -0.2036 -0.3291 0.9221
vn 0.3680 0.5128 0.7757
vn 0.1765 -0.3156 0.9323
vn 0.1620 -0.2415 0.9568
vn 0.1027 0.0703 0.9922
vn 0.4547 0.6680 -0.5892
vn 0.5425 0.7663 -0.3443
vn 0.0135 -0.0013 0.9999
vn -0.1927 -0.3540 0.9152
vn 0.2796 0.4040 0.8710
vn 0.2560 -0.4814 0.8383
vn 0.1442 0.1591 0.9767
vn 0.0915 -0.0250 0.9955
vn 0.4603 0.6836 -0.5663
vn 0.5446 0.7623 -0.3497
vn 0.0285 0.0058 0.9996
vn 0.0500 -0.0037 0.9987
vn 0.0012 0.0155 0.9999
vn 0.1349 0.1396 0.9810
vn -0.2591 -0.3931 0.8822
vn 0.4771 0.7149 0.5113
vn 0.5531 0.7454 0.3721
vn 0.4527 0.6364 0.6246
vn 0.3618 -0.6900 0.6269
vn 0.1083 -0.1340 0.9850
vn 0.1592 0.1721 -0.9721
vn 0.1555 0.1596 -0.9749
vn -0.2218 0.4146 0.8825
vn -0.0005 0.0015 1.0000
vn 0.0463 -0.0458 0.9979
vn 0.3906 0.5914 0.7055
vn 0.2033 0.2970 0.9330
vn 0.2027 -0.4297 -0.8799
vn -0.6234 -0.7701 0.1349
vn -0.1166 0.2123 0.9702
vn 0.0270 0.0060 0.9996
vn -0.0014 0.0130 0.9999
vn 0.0106 -0.0092 0.9999
vn 0.1371 0.1328 0.9816
vn 0.1629 0.2232 0.9611
vn 0.1066 0.1169 0.9874
vn 0.0760 0.0456 0.9961
vn 0.1021 -0.1076 0.9889
vn -0.2020 0.4821 0.8525
vn -0.1954 0.4190 0.8867
vn 0.1554 0.1669 0.9736
vn -0.0014 -0.0206 0.9998
vn 0.1284 0.1318 0.9829
vn -0.0730 -0.1273 0.9892
vn -0.2591 -0.3885 0.8843
vn 0.4734 0.7161 0.5130
vn 0.4460 0.7064 0.5496
vn 0.3637 0.6057 0.7077
vn 0.2049 -0.4591 0.8644
vn 0.2022 -0.4543 0.8676
vn 0.1305 0.1196 0.9842
vn 0.4330 0.7417 -0.5123
vn 0.0428 0.0128 0.9990
vn 0.1979 0.4059 0.8922
vn 0.2996 -0.6770 -0.6722
vn 0.2628 -0.5686 -0.7795
vn 0.4408 0.7527 -0.4890
vn 0.0708 0.0088 0.9975
vn 0.3238 -0.5898 0.7398
vn 0.2878 -0.6517 0.7018
vn 0.0685 -0.0317 0.9971
vn 0.1519 0.1572 -0.9758
vn 0.1905 0.1655 0.9676
vn 0.1243 0.1389 0.9825
vn -0.0651 -0.1046 0.9924
vn 0.1289 0.1323 0.9828
vn -0.3893 -0.4931 0.7780
vn 0.3067 0.5850 0.7508
vn 0.2908 -0.7480 0.5966
vn 0.1722 0.3851 0.9067
vn 0.2055 -0.5004 0.8411
vn 0.1566 0.3303 0.9308
vn 0.1205 -0.3162 0.9410
vn 0.1513 0.2159 0.9646
vn 0.0751 0.0456 0.9961
vn 0.1418 0.3139 -0.9388
vn 0.1875 -0.5112 -0.8387
vn 0.3015 0.6699 -0.6785
vn 0.2801 0.6420 -0.7138
vn 0.3404 0.8140 -0.4706
vn -0.2360 0.4226 0.8751
vn -0.0826 0.2353 0.9684
vn 0.0190 0.0557 0.9983
vn -0.0010 0.0126 0.9999
vn 0.0900 0.0803 0.9927
vn 0.3259 0.7505 0.5750
vn 0.2652 0.6161 0.7417
vn 0.1613 0.3626 0.9179
vn 0.1393 -0.3905 0.9100
vn 0.1257 0.2793 0.9519
vn 0.1228 -0.3591 0.9252
vn 0.0978 -0.2673 0.9586
vn 0.0726 -0.1733 0.9822
vn 0.0687 -0.0768 0.9947
vn 0.0688 0.0353 -0.9970
vn 0.1754 0.1607 -0.9713
vn 0.3334 0.7220 0.6063
vn 0.2013 -0.5790 0.7901
vn 0.2511 -0.7752 0.5797
vn 0.1377 0.4418 0.8865
vn 0.1376 0.2190 0.9660
vn -0.2721 0.4685 0.8405
vn 0.1416 -0.4549 0.8792
vn 0.0044 -0.0312 0.9995
vn 0.3022 0.7570 0.5794
vn 0.1018 -0.2722 0.9568
vn 0.1053 0.1784 0.9783
vn 0.0924 0.0851 0.9921
vn 0.1863 0.1499 -0.9710
vn 0.1938 0.1578 0.9683
vn 0.1941 0.1586 0.9681
vn -0.0920 -0.1222 0.9882
vn -0.4003 -0.4133 0.8179
vn 0.1510 0.5733 0.8053
vn 0.1601 0.5884 0.7925
vn 0.1524 -0.4797 0.8641
vn 0.0672 -0.1682 0.9835
vn 0.0639 0.0387 0.9972
vn 0.0511 -0.0034 0.9987
vn 0.0552 -0.0189 0.9983
vn 0.1845 0.1394 -0.9729
vn -0.4777 0.6019 0.6399
vn 0.1132 0.0536 0.9921
vn -0.4319 -0.4305 0.7926
vn 0.1393 -0.4963 0.8569
vn 0.0520 -0.0905 0.9945
vn -0.0622 -0.0668 0.9958
vn 0.1675 -0.6668 0.7262
vn 0.0746 -0.2992 0.9513
vn 0.0768 0.1689 0.9826
vn 0.1762 0.1604 0.9712
vn -0.4651 -0.4334 0.7719
vn 0.0823 -0.3461 0.9346
vn 0.0505 0.0390 0.9980
vn -0.0036 0.9931 0.1171
vn 0.0661 -0.4002 0.9141
vn 0.0097 0.0102 0.9999
vn 0.1769 0.1440 0.9736
vn -0.4470 -0.4653 0.7640
vn 0.0361 0.8427 0.5371
vn -0.0562 -0.0673 0.9962
vn 0.0633 0.5277 0.8471
vn 0.0500 0.4236 0.9045
vn 0.0685 0.2968 0.9525
vn 0.0730 -0.3306 0.9410
vn 0.0609 0.1151 0.9915
vn 0.0198 -0.0331 0.9993
vn -0.7334 -0.6791 -0.0304
vn 0.0186 0.9630 0.2687
vn 0.0691 -0.0595 0.9958
vn 0.0319 0.9411 0.3366
vn 0.0862 0.7787 0.6215
vn -0.0570 -0.0796 0.9952
vn 0.0783 0.7171 0.6925
vn 0.0548 0.4326 0.8999
vn 0.1000 -0.4804 0.8713
vn 0.0578 0.3673 0.9283
vn 0.0214 -0.0801 0.9966
vn 0.2331 0.1244 0.9645
vn -0.5082 -0.5523 0.6608
vn -0.0182 -0.0756 0.9970
vn 0.0767 -0.4224 0.9031
vn 0.0486 0.3315 0.9422
vn 0.0562 0.1091 0.9924
vn 0.0339 0.9282 -0.3706
vn 0.1336 0.0848 0.9874
vn -0.0189 -0.0690 0.9974
vn 0.0255 -0.1715 0.9849
vn 0.0216 0.9479 -0.3178
vn -0.5766 -0.4132 0.7048
vn -0.2050 -0.1566 0.9662
vn 0.0870 -0.5842 0.8069
vn 0.0482 0.2107 0.9764
vn 0.0123 -0.1392 0.9902
vn 0.0233 -0.2246 0.9742
vn 0.0295 0.0233 0.9993
vn 0.0210 -0.0005 0.9998
vn 0.0234 0.0024 0.9997
vn 0.0133 -0.0456 0.9989
vn 0.0096 -0.1025 0.9947
vn 0.1575 -0.7103 0.6860
vn 0.0327 0.1347 0.9904
vn 0.0271 0.6363 0.7710
vn 0.0263 0.6036 0.7968
vn 0.0455 0.3307 0.9426
vn -0.1240 -0.3850 0.9145
vn -0.2093 -0.1538 0.9657
vn 0.0556 -0.5979 0.7996
vn 0.0480 -0.6439 0.7636
vn 0.0417 -0.4004 0.9154
vn 0.0058 0.9705 0.2411
vn -0.7010 -0.3856 0.6000
vn 0.0013 0.7066 0.7076
vn 0.0047 0.5340 0.8455
vn 0.0103 0.9542 -0.2989
vn 0.0072 0.4684 0.8835
vn 0.0286 -0.3264 0.9448
vn 0.0440 0.2113 0.9764
vn 0.0426 0.1147 0.9925
vn 0.0044 0.8761 0.4821
vn 0.0358 -0.4183 0.9076
vn 0.0176 -0.3104 0.9504
vn 0.0286 0.2551 0.9665
vn 0.0363 0.2244 0.9738
vn 0.0283 0.3113 0.9499
vn 0.0159 -0.2443 0.9696
vn 0.0297 0.0013 0.9996
vn 0.0107 -0.3191 0.9477
vn 0.0333 0.1001 0.9944
vn 0.0189 -0.0179 0.9997
vn 0.0011 -0.0945 0.9955
vn -0.0059 0.4340 0.9009
vn 0.0194 -0.0456 0.9988
vn 0.0020 0.4419 0.8970
vn 0.0293 0.0318 0.9991
vn 0.0306 0.0230 0.9993
vn 0.0237 0.2127 -0.9768
vn 0.0191 -0.4067 0.9134
vn 0.0263 0.0114 0.9996
vn -0.0215 0.9444 -0.3281
vn -0.0280 0.9514 0.3066
vn 0.0165 -0.7336 0.6794
vn 0.0061 -0.0638 0.9979
vn -0.0195 0.6724 0.7400
vn -0.0196 0.9497 0.3125
vn 0.0229 0.1111 0.9935
vn -0.0349 0.9605 -0.2760
vn -0.0390 0.9981 -0.0482
vn -0.0028 -0.6666 0.7454
vn 0.0119 -0.1393 0.9902
vn 0.0164 -0.0874 0.9960
vn -0.0049 -0.4433 0.8964
vn 0.0028 0.3450 0.9386
vn 0.0183 0.2082 0.9779
vn -0.0167 0.5713 0.8205
vn -0.0056 -0.6784 0.7347
vn 0.0060 -0.2230 0.9748
vn 0.0163 -0.0596 0.9981
vn 0.0178 -0.0929 0.9955
vn 0.0101 -0.1293 0.9916
vn -0.0002 0.3600 -0.9330
vn -0.0100 0.4641 0.8857
vn 0.0031 0.2829 0.9591
vn 0.0079 0.2575 0.9663
vn 0.0199 -0.0181 0.9996
vn -0.0179 0.4989 0.8665
vn 0.0040 0.3473 0.9378
vn 0.0146 0.0009 0.9999
vn -0.0357 0.9260 0.3758
vn -0.0319 0.7376 0.6745
vn -0.0204 0.6008 0.7991
vn -0.0040 -0.4469 0.8946
vn 0.0024 -0.3211 0.9470
vn 0.0057 -0.4102 0.9120
vn -0.0022 -0.3373 0.9414
vn 0.0171 -0.0000 0.9999
vn 0.0076 0.2642 0.9644
vn 0.0228 0.0440 0.9988
vn 0.0118 -0.0514 0.9986
vn -0.0469 0.9989 0.0074
vn -0.0542 0.9522 0.3008
vn -0.0233 0.6038 0.7968
vn -0.0368 0.7284 0.6842
vn -0.0207 0.3855 0.9225
vn -0.0588 0.8672 -0.4944
vn 0.0053 -0.2244 0.9745
vn 0.0045 -0.0101 0.9999
vn 0.0009 -0.2472 0.9690
vn 0.0031 -0.0484 0.9988
vn 0.0197 0.0899 0.9958
vn -0.0276 0.5065 0.8618
vn 0.0011 -0.0972 0.9953
vn -0.0528 0.7494 0.6600
vn -0.0012 -0.0389 0.9992
vn -0.0343 0.7009 -0.7124
vn -0.0593 0.9475 0.3143
vn 0.0028 -0.6980 0.7161
vn 0.0128 -0.2363 0.9716
vn -0.0001 0.0952 0.9955
vn 0.0019 -0.1274 0.9918
vn 0.0090 -0.0098 0.9999
vn -0.0598 0.9233 -0.3793
vn 0.0011 -0.6717 0.7408
vn -0.0357 0.4677 0.8832
vn 0.0004 -0.0949 0.9955
vn -0.0737 0.9510 0.3004
vn -0.0346 0.5709 0.8203
vn 0.0102 -0.3371 0.9414
vn -0.0194 0.3859 0.9223
vn -0.0239 0.3813 -0.9241
vn 0.0076 -0.4099 0.9121
vn 0.0120 -0.3346 0.9423
vn -0.0183 0.3093 0.9508
vn -0.0045 0.0627 0.9980
vn 0.0031 -0.0289 0.9996
vn 0.9664 -0.0759 0.2457
vn 0.9800 0.1464 0.1349
vn 0.9105 -0.0002 0.4134
vn 0.9567 0.2613 -0.1285
vn 0.9586 -0.1854 -0.2161
vn 0.7524 0.1699 0.6365
vn 0.8964 0.1407 0.4203
vn 0.8836 -0.0265 0.4675
vn 0.7433 -0.0376 0.6679
vn -0.0466 0.7597 0.6486
vn -0.0307 0.4117 0.9108
vn -0.0149 0.1474 0.9890
vn 0.9154 -0.1430 -0.3763
vn 0.7539 0.3525 0.5544
vn 0.0782 0.1549 0.9848
vn 0.9772 0.2119 0.0111
vn 0.4935 -0.0717 0.8668
vn 0.5861 -0.0707 0.8072
vn 0.1242 -0.1359 0.9829
vn 0.9237 0.0659 -0.3775
vn 0.9954 -0.0805 -0.0520
vn 0.6583 0.7198 0.2202
vn 0.7459 0.3740 0.5511
vn 0.8959 -0.2124 0.3902
vn 0.8926 -0.2122 0.3978
vn 0.8261 0.4563 -0.3306
vn 0.7429 0.2305 0.6284
vn 0.8801 -0.3846 -0.2783
vn 0.5697 0.0151 0.8217
vn 0.7588 -0.1075 0.6424
vn 0.8966 -0.3256 0.3003
vn 0.0023 -0.4283 0.9036
vn -0.0132 0.2615 0.9651
vn 0.0028 -0.0010 1.0000
vn 0.7892 0.2928 -0.5399
vn 0.5988 -0.0361 -0.8001
vn 0.8312 -0.2697 -0.4862
vn 0.8191 -0.2305 -0.5253
vn 0.8762 0.4560 -0.1561
vn 0.1225 0.1613 0.9793
vn -0.3680 -0.0164 0.9297
vn -0.1664 -0.1004 0.9809
vn 0.6426 -0.4383 0.6284
vn 0.7524 0.5878 0.2973
vn 0.9698 -0.2420 -0.0290
vn -0.4023 -0.0085 0.9155
vn 0.8982 -0.4393 -0.0125
vn 0.5679 0.0790 0.8193
vn 0.6154 0.0182 0.7880
vn 0.6141 -0.0019 0.7892
vn 0.7580 -0.1295 0.6393
vn 0.7450 0.6611 0.0885
vn 0.8561 0.4950 0.1488
vn 0.6795 0.2814 0.6776
vn 0.6888 0.2199 0.6908
vn 0.8878 -0.3327 0.3180
vn -0.0452 0.8095 -0.5853
vn -0.0654 0.8708 -0.4872
vn -0.0408 0.5898 0.8065
vn 0.8442 -0.2087 -0.4938
vn 0.8462 0.5223 -0.1055
vn 0.1210 0.3393 0.9329
vn 0.1329 -0.3906 0.9109
vn 0.7100 0.4388 -0.5508
vn 0.5813 0.6288 -0.5164
vn 0.8275 -0.1129 -0.5500
vn -0.4519 0.0832 0.8882
vn -0.3910 0.0007 0.9204
vn -0.3568 -0.1046 0.9283
vn -0.2044 -0.2041 0.9574
vn 0.5151 0.8093 0.2823
vn 0.8924 -0.4512 -0.0022
vn 0.5066 0.1575 0.8477
vn 0.5573 0.0832 0.8262
vn 0.6315 0.0036 0.7754
vn 0.7700 -0.1195 0.6267
vn 0.7388 -0.1039 0.6659
vn 0.8881 -0.4028 0.2214
vn 0.5740 0.7759 -0.2617
vn 0.8309 -0.5330 0.1599
vn 0.5923 0.0852 0.8012
vn 0.5926 0.0639 0.8030
vn 0.5345 -0.0051 0.8451
vn 0.5869 -0.0593 0.8075
vn 0.6312 -0.1449 0.7620
vn -0.0616 0.9567 0.2846
vn 0.0221 -0.2431 0.9698
vn 0.0181 -0.1231 0.9922
vn 0.6656 0.2759 -0.6934
vn 0.7120 0.4679 -0.5236
vn 0.8351 -0.4967 -0.2364
vn 0.1400 -0.4387 0.8877
vn -0.0108 0.3087 0.9511
vn -0.4509 -0.0468 0.8914
vn -0.4737 -0.0232 0.8804
vn 0.8667 -0.4903 -0.0916
vn 0.5361 0.7812 0.3199
vn 0.5099 0.0502 0.8588
vn 0.8701 -0.4344 0.2327
vn 0.6188 0.0061 0.7855
vn 0.7198 0.4935 0.4882
vn 0.6321 -0.1924 0.7506
vn -0.0510 0.9468 0.3177
vn -0.0502 0.7295 0.6821
vn -0.0184 0.3091 0.9509
vn 0.0387 -0.2190 0.9750
vn -0.0172 0.2768 0.9608
vn 0.0237 -0.1129 0.9933
vn 0.5161 -0.0193 -0.8563
vn 0.0057 -0.0451 0.9990
vn 0.6082 0.6723 -0.4220
vn 0.0063 0.6308 0.7759
vn -0.4146 -0.0580 0.9081
vn -0.2458 -0.2735 0.9299
vn 0.5488 0.2822 -0.7869
vn -0.0427 -0.4187 0.9071
vn -0.2643 0.5800 0.7705
vn -0.4928 0.0956 0.8648
vn -0.2237 -0.2741 0.9353
vn 0.4897 0.7248 0.4846
vn 0.5110 0.0571 0.8577
vn 0.7336 -0.1174 0.6694
vn 0.8190 -0.3008 0.4886
vn 0.6232 -0.1986 0.7564
vn 0.7071 -0.6574 0.2605
vn 0.6254 -0.3739 0.6849
vn 0.0578 -0.3474 0.9359
vn 0.0125 -0.0846 0.9963
vn 0.6046 -0.2882 -0.7425
vn -0.3777 -0.2715 0.8852
vn -0.2981 0.4541 0.8396
vn -0.4747 -0.0239 0.8798
vn 0.6127 0.0426 -0.7892
vn 0.8710 -0.3934 -0.2943
vn -0.4877 0.0990 0.8674
vn -0.4847 -0.0035 0.8747
vn -0.4810 0.0024 0.8767
vn -0.4545 -0.0750 0.8876
vn 0.4107 0.1888 0.8920
vn 0.4100 0.1576 0.8984
vn 0.3872 0.1863 0.9030
vn 0.3624 0.0926 0.9274
vn 0.5746 0.0603 0.8162
vn 0.6246 0.0092 0.7809
vn 0.6685 -0.0585 0.7414
vn 0.0009 0.8136 -0.5814
vn 0.2169 0.9085 -0.3572
vn 0.5658 0.5691 0.5967
vn 0.5031 -0.5500 0.6666
vn 0.6307 0.2727 0.7266
vn 0.6079 0.1065 0.7869
vn 0.6108 0.0761 0.7881
vn 0.5437 -0.0443 0.8381
vn 0.5076 0.0026 0.8616
vn 0.5258 -0.0052 0.8506
vn 0.5054 -0.0343 0.8622
vn -0.0666 0.8038 -0.5912
vn 0.3754 0.8799 -0.2912
vn -0.3103 0.4791 0.8211
vn -0.5088 -0.0385 0.8600
vn -0.5081 -0.0475 0.8600
vn -0.4975 -0.1578 0.8530
vn -0.4264 0.0783 0.9011
vn -0.3581 -0.1874 0.9147
vn 0.4727 0.1702 0.8646
vn 0.4694 0.1098 0.8761
vn 0.5647 0.0399 0.8243
vn 0.6654 -0.1168 0.7373
vn 0.8011 -0.3237 0.5034
vn 0.5578 0.5399 0.6304
vn 0.0639 -0.6407 0.7652
vn 0.0593 -0.4616 0.8851
vn 0.0389 -0.3852 0.9220
vn 0.5006 -0.0364 -0.8649
vn -0.0060 -0.0014 1.0000
vn 0.4236 0.5411 -0.7265
vn 0.5114 0.1233 0.8505
vn 0.5029 0.0919 0.8594
vn 0.5565 0.0568 0.8289
vn 0.0709 0.9966 -0.0423
vn 0.5590 0.5390 0.6300
vn 0.5596 -0.0211 0.8285
vn 0.6754 -0.6595 0.3300
vn -0.0850 0.9061 -0.4145
vn 0.0677 -0.6694 0.7398
vn 0.0355 -0.3063 0.9513
vn 0.0320 -0.2609 0.9648
vn -0.0174 0.1467 0.9890
vn -0.4593 0.2908 0.8393
vn 0.7658 -0.6094 -0.2054
vn 0.7147 -0.6993 0.0096
vn -0.3824 0.0810 0.9204
vn -0.3497 0.1189 -0.9293
vn 0.0207 0.9767 -0.2134
vn 0.2577 0.7765 0.5750
vn 0.3472 0.4402 0.8281
vn 0.5617 0.0601 0.8251
vn -0.0452 0.9859 -0.1612
vn 0.6183 0.6061 0.5003
vn 0.8407 -0.4375 0.3190
vn 0.5657 0.0908 0.8196
vn 0.5657 0.0910 0.8196
vn 0.5160 -0.0942 0.8514
vn 0.4754 -0.0402 0.8788
vn 0.4882 -0.0130 0.8726
vn 0.4723 0.0018 0.8814
vn 0.4721 -0.0042 0.8816
vn 0.5025 -0.2793 0.8182
vn 0.6420 -0.1099 -0.7588
vn -0.0358 0.4099 0.9114
vn 0.4096 0.8135 -0.4127
vn 0.7336 -0.6464 -0.2096
vn 0.7989 -0.2761 -0.5344
vn -0.3762 0.6802 0.6291
vn 0.3653 0.8825 -0.2963
vn -0.2597 -0.2443 0.9343
vn -0.1255 -0.0575 0.9904
vn 0.2768 -0.5427 0.7930
vn -0.0305 0.2566 0.9660
vn -0.5200 0.0739 0.8510
vn -0.3821 -0.2211 0.8973
vn -0.2340 -0.3821 0.8940
vn 0.3707 0.2127 0.9041
vn 0.6327 -0.1156 0.7657
vn 0.6575 -0.0371 0.7526
vn 0.7095 -0.5026 0.4939
vn 0.7531 -0.2973 0.5869
vn 0.5397 0.0416 0.8408
vn -0.0836 0.7213 0.6876
vn 0.0979 -0.2149 0.9717
vn -0.1984 -0.8468 0.4936
vn -0.4780 0.0404 0.8774
vn -0.4700 -0.0364 0.8819
vn -0.0220 0.1218 0.9923
vn -0.0198 0.0709 0.9973
vn 0.0033 -0.0805 0.9967
vn 0.0023 -0.0980 0.9952
vn 0.5747 0.0527 -0.8166
vn 0.6991 -0.1889 -0.6896
vn 0.2488 0.9027 -0.3510
vn -0.4478 -0.0440 0.8930
vn -0.4438 -0.0888 0.8917
vn 0.3493 0.7406 0.5741
vn 0.3719 0.1419 0.9174
vn 0.3696 0.1445 0.9179
vn 0.4163 0.2602 0.8712
vn 0.4199 0.1640 0.8926
vn 0.4635 0.0926 0.8812
vn 0.5661 0.0587 0.8222
vn -0.0032 0.9642 -0.2650
vn 0.9494 0.2134 0.2306
vn 0.1134 0.9935 0.0103
vn -0.1179 -0.6284 0.7689
vn 0.8648 0.2015 0.4599
vn 0.8388 -0.1701 0.5171
vn 0.3426 -0.0308 0.9390
vn -0.0758 -0.2823 0.9563
vn -0.0990 0.9117 -0.3987
vn -0.0547 0.5686 0.8208
vn -0.0577 0.4813 0.8747
vn 0.9038 -0.4167 -0.0981
vn 0.4914 0.5122 0.7044
vn 0.9728 -0.1217 -0.1973
vn 0.0291 -0.3762 0.9261
vn 0.7887 0.6135 -0.0395
vn 0.0237 -0.3334 0.9425
vn -0.3783 0.6783 0.6299
vn -0.4614 -0.0377 0.8864
vn -0.6191 -0.2445 0.7463
vn -0.3778 -0.2245 0.8983
vn -0.4269 0.0201 0.9041
vn -0.4273 -0.0199 0.9039
vn 0.2997 0.8558 0.4217
vn 0.3566 0.3324 0.8731
vn 0.4293 0.1784 0.8854
vn 0.4716 0.1475 0.8694
vn 0.5825 0.0184 0.8126
vn 0.4041 -0.0004 0.9147
vn 0.1127 -0.0698 0.9912
vn -0.4775 -0.3506 0.8057
vn -0.4768 -0.3011 0.8258
vn 0.8427 -0.1705 0.5106
vn 0.3826 -0.5119 0.7691
vn -0.1073 0.9451 0.3087
vn 0.8376 -0.4474 -0.3135
vn 0.0268 0.4733 0.8805
vn -0.1339 0.8414 0.5236
vn -0.6529 -0.1491 0.7427
vn -0.7647 -0.2991 0.5708
vn -0.1974 0.6182 0.7608
vn -0.0373 0.3253 0.9449
vn -0.0093 -0.0568 0.9983
vn -0.0051 -0.0230 0.9997
vn 0.6630 -0.6997 -0.2661
vn 0.3474 0.1274 0.9290
vn 0.3910 0.1222 0.9123
vn 0.5673 -0.0522 0.8218
vn -0.0429 0.3241 -0.9450
vn -0.6866 -0.3020 0.6613
vn 0.4214 -0.4234 0.8020
vn 0.4299 -0.1498 0.8904
vn 0.3832 -0.0945 0.9188
vn 0.4129 -0.0476 0.9095
vn 0.2712 -0.0301 0.9621
vn 0.1937 -0.0896 0.9770
vn -0.1089 0.9462 0.3046
vn -0.0914 0.6918 0.7163
vn -0.0217 -0.4095 0.9120
vn -0.3522 0.4368 0.8278
vn -0.4381 -0.0101 0.8989
vn -0.4442 -0.0555 0.8942
vn -0.4148 -0.2447 0.8764
vn -0.4435 -0.0884 0.8919
vn -0.4468 -0.1191 0.8867
vn -0.0835 0.9741 0.2102
vn -0.3763 -0.0598 0.9246
vn -0.3889 -0.0354 0.9206
vn -0.4113 0.0001 0.9115
vn -0.4530 -0.0349 0.8908
vn -0.1272 0.9471 -0.2945
vn 0.4138 0.1290 0.9012
vn 0.4115 0.1446 0.8998
vn 0.6316 -0.4066 0.6601
vn 0.5565 -0.7900 0.2574
vn 0.6278 -0.3919 0.6725
vn 0.2986 -0.0681 0.9519
vn 0.2460 -0.0312 0.9688
vn -0.2837 -0.1627 0.9450
vn -0.2835 -0.1739 0.9431
vn 0.4233 -0.4290 0.7980
vn 0.1627 -0.8918 0.4222
vn -0.3471 0.0880 0.9337
vn -0.0240 0.0504 0.9984
vn -0.0113 0.0055 0.9999
vn 0.6066 -0.5453 -0.5786
vn -0.3000 -0.4636 0.8337
vn -0.3762 0.0596 0.9246
vn -0.4068 -0.0280 0.9131
vn 0.4907 0.1617 0.8562
vn 0.4609 0.2791 0.8425
vn -0.3817 -0.3397 0.8596
vn -0.4434 -0.1577 0.8823
vn 0.1244 -0.2640 0.9565
vn 0.1990 -0.1838 0.9626
vn -0.0544 -0.0207 0.9983
vn -0.0702 0.7749 -0.6282
vn -0.0869 0.9281 -0.3621
vn 0.3090 -0.1202 -0.9434
vn -0.5460 -0.0323 0.8371
vn -0.5755 -0.0912 0.8127
vn -0.6938 -0.1648 0.7010
vn -0.0400 0.2741 0.9609
vn -0.0231 0.0395 0.9990
vn 0.0067 -0.0131 0.9999
vn -0.4197 -0.0369 0.9069
vn -0.1523 0.9483 -0.2786
vn 0.2495 0.4141 0.8754
vn 0.2448 0.6771 0.6940
vn 0.4353 0.1956 0.8788
vn 0.4488 0.1533 0.8804
vn 0.5180 -0.4740 0.7121
vn 0.1453 -0.2699 0.9519
vn -0.0730 -0.3682 0.9269
vn -0.4677 -0.0813 0.8801
vn -0.0386 0.3231 0.9456
vn 0.0034 -0.1959 0.9806
vn 0.0150 -0.0626 0.9979
vn 0.5048 0.0186 -0.8630
vn -0.4380 -0.2193 0.8718
vn -0.4482 -0.0493 0.8926
vn -0.4538 -0.0701 0.8883
vn 0.5296 0.3102 0.7895
vn 0.4599 0.1703 0.8715
vn 0.4621 0.1556 0.8731
vn 0.4601 0.1358 0.8774
vn 0.4312 0.1001 0.8967
vn 0.4864 -0.0176 0.8736
vn 0.5096 -0.2293 0.8293
vn 0.3812 -0.2715 0.8837
vn -0.5677 -0.3161 0.7602
vn -0.6040 -0.0795 0.7930
vn -0.0152 -0.4100 0.9120
vn 0.4287 0.1939 -0.8824
vn -0.4419 -0.2322 0.8665
vn -0.4634 -0.1327 0.8761
vn 0.2703 0.8161 -0.5108
vn -0.4766 -0.0050 0.8791
vn -0.4678 -0.0173 0.8837
vn 0.4315 0.5497 0.7153
vn 0.4550 0.0988 0.8850
vn 0.4382 0.1884 0.8789
vn 0.4008 -0.1519 0.9035
vn -0.0423 0.6637 -0.7468
vn -0.0459 0.6927 0.7198
vn -0.0389 0.5189 0.8540
vn -0.0215 -0.6040 0.7967
vn 0.0058 -0.3265 0.9452
vn -0.0107 -0.1100 0.9939
vn -0.0031 -0.0734 0.9973
vn 0.4940 0.2164 -0.8421
vn 0.2791 0.8058 -0.5224
vn -0.4780 -0.0744 0.8752
vn 0.4619 0.2114 0.8614
vn 0.4890 0.3924 0.7790
vn 0.4312 0.2066 0.8783
vn -0.0737 -0.8905 0.4490
vn -0.0428 -0.7408 0.6704
vn -0.0466 0.4344 0.8995
vn 0.0124 -0.4676 0.8838
vn -0.0612 0.3307 0.9418
vn 0.0080 -0.3344 0.9424
vn -0.0089 -0.1066 0.9943
vn -0.0069 -0.2372 0.9714
vn -0.0030 -0.2314 0.9729
vn 0.2834 0.7847 -0.5512
vn -0.4686 0.4676 -0.7495
vn 0.4374 0.5943 0.6749
vn 0.4640 0.2051 0.8617
vn 0.4202 0.2631 0.8685
vn 0.3516 0.0266 0.9358
vn 0.3528 -0.2870 0.8906
vn -0.0872 0.9560 0.2801
vn -0.0753 0.7719 0.6313
vn -0.0038 0.0304 0.9995
vn 0.0276 -0.0273 0.9992
vn -0.4586 -0.1368 0.8780
vn -0.4617 -0.0830 0.8831
vn -0.4733 0.0015 0.8809
vn 0.5069 0.1372 0.8510
vn 0.5080 0.1555 0.8472
vn -0.1203 0.9634 0.2398
vn -0.0588 0.2577 0.9644
vn -0.0438 0.1263 0.9910
vn -0.0402 0.0794 0.9960
vn 0.0451 -0.0724 0.9964
vn 0.3058 0.8363 -0.4551
vn -0.5054 -0.0067 0.8629
vn -0.4593 0.7113 -0.5321
vn 0.5024 0.1195 0.8563
vn 0.5223 0.0115 0.8527
vn 0.3805 -0.2821 0.8807
vn -0.0528 0.4246 0.9038
vn -0.0624 0.2660 0.9620
vn 0.0103 -0.1587 0.9873
vn -0.0598 0.1768 0.9824
vn 0.4964 0.1720 -0.8509
vn -0.4538 -0.5268 0.7187
vn -0.4565 -0.2377 0.8574
vn 0.2556 0.9663 -0.0287
vn 0.5176 0.2197 0.8270
vn 0.5181 0.2255 0.8250
vn 0.4768 0.1381 0.8681
vn 0.5546 0.0354 0.8314
vn 0.4908 -0.4002 0.7739
vn -0.1213 0.9347 -0.3341
vn -0.0996 0.7913 0.6032
vn -0.0601 0.6051 0.7939
vn 0.0333 -0.1022 0.9942
vn 0.0282 -0.2563 0.9662
vn 0.0248 -0.0897 0.9957
vn 0.0226 -0.0496 0.9985
vn 0.5983 -0.0931 -0.7959
vn 0.2745 0.9235 0.2680
vn 0.5089 0.2402 0.8267
vn 0.4780 0.1965 0.8561
vn 0.4324 0.2071 0.8776
vn 0.4754 0.1582 0.8655
vn 0.1436 -0.7176 0.6815
vn 0.0129 -0.4668 0.8843
vn -0.0584 0.3357 0.9402
vn 0.4941 0.6181 -0.6114
vn -0.4507 -0.0368 0.8919
vn -0.1542 0.9393 -0.3066
vn 0.4783 0.1863 0.8582
vn 0.5015 0.0379 0.8643
vn 0.3671 -0.1942 0.9097
vn 0.0012 -0.6532 0.7572
vn -0.0289 0.0956 0.9950
vn -0.4680 -0.1607 0.8690
vn -0.4710 -0.2119 0.8563
vn -0.4715 0.0526 0.8803
vn -0.4742 0.0449 0.8793
vn -0.4511 0.0138 0.8923
vn -0.1531 0.9369 -0.3144
vn 0.4127 0.1529 0.8979
vn 0.4693 0.1567 0.8690
vn 0.4761 0.0633 0.8771
vn 0.0155 0.0164 0.9997
vn 0.0827 -0.0334 0.9960
vn 0.4368 0.1772 -0.8819
vn -0.4197 -0.0851 0.9037
vn 0.3208 0.5339 0.7823
vn 0.4632 0.1883 0.8660
vn 0.1657 -0.2966 0.9405
vn 0.1176 -0.1592 0.9802
vn 0.0641 -0.2305 0.9710
vn 0.0819 -0.0994 0.9917
vn 0.4360 0.1793 -0.8819
vn -0.4300 -0.0165 0.9027
vn -0.3992 0.6238 -0.6719
vn 0.4636 0.2125 0.8602
vn 0.4351 0.1624 0.8856
vn 0.4261 0.1338 0.8947
vn 0.4667 0.1858 0.8647
vn 0.4608 0.1659 0.8719
vn 0.4504 -0.1281 0.8836
vn 0.2811 -0.0242 0.9594
vn 0.2251 -0.3185 0.9208
vn -0.1249 0.7299 0.6720
vn -0.1102 0.6503 0.7516
vn -0.1013 0.6342 0.7665
vn 0.0457 -0.3651 0.9298
vn 0.1545 -0.0784 0.9849
vn -0.0358 0.1146 0.9928
vn 0.0055 0.0516 0.9987
vn 0.0646 0.1064 0.9922
vn -0.4300 -0.1910 0.8824
vn 0.3983 0.1890 0.8976
vn 0.4446 0.1410 0.8845
vn 0.4565 0.1987 0.8673
vn 0.3913 0.1378 0.9099
vn -0.4153 -0.8620 0.2908
vn -0.2016 -0.6296 0.7503
vn -0.0796 0.4324 0.8981
vn 0.0238 -0.4938 0.8692
vn -0.0888 0.3211 0.9429
vn -0.0840 0.2709 0.9589
vn -0.0363 0.0990 0.9944
vn 0.1141 -0.1533 0.9816
vn 0.1064 -0.0454 0.9933
vn -0.4505 0.0746 0.8897
vn -0.3976 0.6181 -0.6781
vn 0.2054 0.5903 0.7806
vn 0.3941 0.1899 0.8992
vn 0.4138 0.1399 0.8996
vn 0.8272 0.3084 0.4697
vn 0.5386 -0.2209 0.8131
vn 0.5279 -0.1272 0.8397
vn 0.0424 -0.4900 0.8707
vn -0.2013 0.9520 0.2304
vn -0.0418 -0.7952 0.6049
vn 0.0348 -0.3836 0.9228
vn 0.0951 -0.2813 0.9549
vn 0.2713 -0.1160 0.9555
vn 0.0706 -0.1657 0.9836
vn 0.1514 -0.0964 0.9838
vn 0.0526 0.0591 0.9969
vn -0.4633 -0.2616 0.8467
vn -0.5106 -0.3873 0.7676
vn -0.3822 -0.1020 0.9184
vn 0.1862 0.7063 0.6830
vn 0.4363 0.2033 0.8766
vn 0.4734 0.2573 0.8424
vn 0.4582 0.1346 0.8786
vn 0.4646 0.2003 0.8626
vn 0.4080 0.1440 0.9015
vn 0.1521 -0.6721 0.7247
vn -0.1522 -0.4967 0.8545
vn 0.6409 -0.1424 -0.7543
vn 0.9643 -0.1574 -0.2131
vn -0.1672 0.7732 0.6117
vn -0.0725 0.1707 0.9827
vn 0.1489 -0.0826 0.9854
vn 0.1868 0.0014 0.9824
vn 0.1885 -0.0818 0.9786
vn -0.4573 -0.3004 0.8371
vn 0.0005 0.6830 -0.7304
vn -0.3395 0.1362 0.9307
vn -0.3683 0.0698 0.9271
vn -0.3616 0.0608 0.9304
vn -0.3796 -0.0314 0.9246
vn -0.3765 -0.0354 0.9257
vn -0.3866 -0.0982 0.9170
vn 0.5229 0.1534 0.8385
vn 0.4470 -0.8923 0.0630
vn -0.2617 -0.6107 0.7474
vn -0.2149 0.9426 0.2554
vn 0.2011 -0.0066 0.9796
vn 0.4509 0.0078 0.8925
vn 0.8606 -0.1300 0.4924
vn 0.4398 0.0250 0.8977
vn 0.8538 -0.0941 0.5120
vn 0.7735 0.5226 -0.3585
vn -0.4428 -0.2005 0.8739
vn -0.4092 0.7601 0.5048
vn 0.2244 0.2734 0.9354
vn 0.7746 0.3727 0.5109
vn 0.9140 0.2816 0.2920
vn 0.9420 0.1253 0.3114
vn -0.1801 -0.8353 0.5195
vn -0.2362 0.9441 0.2301
vn -0.0082 -0.5177 0.8555
vn -0.0970 0.2504 0.9633
vn -0.0439 0.0836 0.9955
vn -0.0532 0.1326 0.9897
vn 0.1405 -0.2747 0.9512
vn 0.1569 0.1025 0.9823
vn 0.1405 0.0771 0.9871
vn 0.8525 0.2224 0.4730
vn 0.8284 0.0547 0.5575
vn 0.9659 0.0402 0.2556
vn 0.7336 0.3116 -0.6039
vn 0.4974 0.0577 -0.8656
vn -0.3489 0.9274 -0.1346
vn 0.1781 0.7745 -0.6070
vn -0.4550 -0.1964 0.8685
vn -0.0943 0.9776 0.1881
vn -0.0217 0.6677 0.7441
vn 0.6735 0.5841 0.4530
vn -0.1399 0.7156 0.6843
vn -0.1494 0.6662 0.7307
vn -0.1025 0.4107 0.9060
vn -0.0765 0.1734 0.9819
vn 0.0411 -0.3302 0.9430
vn 0.0620 0.1047 0.9926
vn 0.0510 0.2647 0.9630
vn 0.8542 0.2987 -0.4256
vn 0.6593 0.5388 -0.5244
vn 0.7982 0.2923 -0.5268
vn -0.5437 0.3801 0.7482
vn -0.3981 0.0663 0.9149
vn -0.4288 0.0246 0.9031
vn -0.4048 -0.0299 0.9139
vn -0.3629 0.6628 0.6549
vn 0.6830 0.5194 0.5135
vn 0.5425 0.5727 0.6146
vn -0.1752 0.7416 0.6476
vn -0.1245 0.4337 0.8924
vn -0.0546 -0.6493 0.7586
vn -0.1011 0.3294 0.9388
vn -0.0964 0.2224 0.9702
vn 0.0329 -0.3826 0.9233
vn -0.0826 0.1525 0.9848
vn -0.6083 -0.5932 0.5273
vn 0.5041 0.7400 0.4452
vn 0.8926 0.4508 -0.0078
vn 0.1644 0.9783 -0.1260
vn -0.4224 -0.0641 0.9041
vn -0.4027 -0.0983 0.9101
vn -0.4552 -0.1958 0.8686
vn -0.6502 0.4492 -0.6127
vn -0.6831 0.6865 -0.2492
vn -0.1608 0.9200 0.3575
vn 0.0596 0.9812 -0.1837
vn -0.2135 0.7602 -0.6137
vn -0.2343 0.9222 -0.3077
vn -0.0781 0.1606 0.9839
vn -0.0195 0.1810 0.9833
vn -0.2965 -0.3518 0.8879
vn -0.6367 0.1187 0.7619
vn -0.2266 0.7827 0.5796
vn 0.2505 0.1324 0.9590
vn 0.0037 -0.3063 0.9519
vn 0.0058 -0.2647 0.9643
vn -0.1973 0.7662 0.6116
vn -0.3817 -0.2706 0.8838
vn -0.2006 0.7613 0.6166
vn -0.4543 0.0652 0.8885
vn -0.3315 -0.0466 0.9423
vn -0.2728 0.9250 0.2643
vn -0.0271 -0.4214 0.9065
vn -0.3608 0.1392 0.9222
vn -0.2446 -0.0785 0.9664
vn -0.0975 -0.7548 0.6487
vn -0.0369 -0.4043 0.9139
vn -0.0406 0.2027 0.9784
vn -0.5517 0.5485 -0.6283
vn -0.1074 0.2675 0.9575
vn 0.0732 0.1319 0.9886
vn 0.1213 -0.0042 0.9926
vn -0.0252 -0.3368 0.9412
vn -0.1516 0.3422 0.9273
vn -0.0251 -0.2313 0.9726
vn -0.1556 0.1024 0.9825
vn -0.0786 -0.0549 0.9954
vn -0.0551 -0.1725 0.9835
vn -0.2870 0.7842 -0.5501
vn -0.3168 0.9253 0.2082
vn -0.2233 0.6358 0.7389
vn -0.2170 0.5663 0.7952
vn -0.1535 0.4412 0.8842
vn -0.1484 0.4569 0.8771
vn -0.0203 0.1661 0.9859
vn -0.0111 0.2021 0.9793
vn -0.0967 0.1712 0.9805
vn -0.1020 0.2455 0.9640
vn -0.1138 0.1371 0.9840
vn -0.0305 -0.1442 0.9891
vn -0.2646 0.7197 0.6418
vn -0.1333 0.3629 0.9223
vn -0.1072 0.3233 0.9402
vn -0.0427 0.2328 0.9716
vn 0.1451 0.0144 0.9893
vn -0.1277 -0.0295 0.9914
vn -0.0847 0.3139 0.9457
vn -0.0626 0.2487 0.9666
vn -0.1319 -0.0310 0.9908
vn -0.3246 0.9205 0.2175
vn -0.1619 -0.7332 0.6605
vn -0.1312 -0.5653 0.8144
vn -0.1193 -0.4408 0.8896
vn -0.0021 0.2059 0.9786
vn -0.1155 -0.2968 0.9479
vn 0.0090 0.1206 0.9927
vn 0.1431 0.0151 0.9896
vn -0.1924 0.1986 0.9610
vn -0.1117 -0.2405 0.9642
vn -0.1490 0.1461 0.9780
vn -0.1437 -0.0239 0.9893
vn -0.1233 -0.1345 0.9832
vn 0.1241 0.0042 -0.9923
vn -0.1205 -0.2540 0.9597
vn -0.1649 0.4411 -0.8822
vn -0.1829 -0.6898 0.7005
vn -0.1578 -0.6003 0.7840
vn -0.0181 0.2185 0.9757
vn -0.1247 -0.1363 0.9828
vn -0.2117 0.6442 0.7350
vn -0.1622 0.4680 0.8687
vn -0.1766 -0.2387 0.9549
vn -0.0292 0.0925 0.9953
vn 0.1306 -0.0066 0.9914
vn -0.2755 0.7432 -0.6097
vn -0.3344 0.9080 0.2523
vn -0.2439 0.7023 0.6689
vn -0.2347 0.6781 0.6965
vn -0.1039 0.3663 0.9247
vn -0.1054 0.3152 0.9432
vn -0.1625 -0.3703 0.9146
vn -0.0198 0.0304 0.9993
vn -0.1585 -0.0245 0.9870
vn -0.1775 -0.0806 0.9808
vn -0.2923 0.7742 0.5614
vn -0.0417 0.2701 0.9619
vn -0.0561 0.0149 0.9983
vn -0.0733 -0.0965 0.9926
vn -0.1515 -0.1356 0.9791
vn -0.3239 0.8055 -0.4962
vn -0.3532 0.8790 -0.3204
vn -0.2404 -0.8632 0.4439
vn -0.1635 0.4638 0.8707
vn -0.1419 0.4078 0.9020
vn -0.1823 -0.1773 0.9671
vn -0.4047 0.8936 0.1941
vn -0.2147 -0.4955 0.8416
vn -0.0598 0.3442 0.9370
vn -0.0574 0.2767 0.9592
vn -0.2111 -0.3439 0.9150
vn -0.1078 0.1876 0.9763
vn -0.1328 0.0342 0.9905
vn -0.0849 0.3679 -0.9260
vn -0.3940 0.8845 -0.2497
vn -0.3485 0.7690 0.5359
vn -0.1302 0.1162 0.9847
vn -0.1622 -0.1061 0.9810
vn -0.4168 0.8825 0.2178
vn -0.2198 -0.2685 0.9379
vn -0.1476 0.0993 0.9840
vn -0.1594 -0.0805 0.9839
vn -0.3599 0.7211 0.5920
vn -0.3185 0.6658 0.6747
vn -0.2509 -0.4941 0.8324
vn -0.1857 0.0834 0.9791
vn -0.2021 0.4845 0.8511
vn -0.1351 0.4189 0.8979
vn -0.1075 0.3718 0.9221
vn -0.2530 -0.4147 0.8741
vn -0.0715 0.2619 0.9624
vn -0.2386 -0.2451 0.9397
vn -0.4620 0.8371 -0.2929
vn -0.4824 0.8507 0.2090
vn -0.3228 -0.7770 0.5404
vn -0.2646 0.5464 0.7946
vn -0.1871 0.4618 0.8670
vn -0.0953 0.3834 0.9187
vn -0.0855 0.2224 0.9712
vn -0.1023 0.1406 0.9848
vn -0.2416 -0.2091 0.9476
vn -0.2690 -0.1562 0.9504
vn -0.2541 -0.1757 0.9511
vn -0.3478 -0.7555 0.5552
vn -0.1702 0.0834 0.9819
vn -0.2693 -0.1479 0.9516
vn -0.2337 0.0451 0.9713
vn -0.2136 -0.0078 0.9769
vn -0.4956 0.8338 0.2432
vn -0.4471 0.7490 0.4890
vn -0.3128 -0.5823 0.7504
vn -0.2832 -0.3836 0.8790
vn -0.2287 0.0124 0.9734
vn -0.2352 -0.1395 0.9619
vn -0.1501 0.4943 -0.8562
vn -0.4564 0.7320 0.5059
vn -0.3301 0.5576 0.7617
vn -0.3056 0.5767 0.7577
vn -0.2506 -0.1459 0.9570
vn -0.1087 0.1335 0.9851
vn -0.0972 -0.0066 0.9952
vn -0.2216 -0.0195 0.9749
vn -0.2619 0.0695 0.9626
vn -0.5188 0.8045 -0.2891
vn -0.3671 -0.7566 0.5411
vn -0.2502 -0.2103 0.9451
vn 0.1510 0.1950 0.9691
vn 0.0408 -0.1186 0.9921
vn -0.1939 0.0257 0.9807
vn -0.5577 0.8100 0.1813
vn -0.4994 0.7147 0.4897
vn -0.2014 0.4500 0.8700
vn -0.2840 -0.2746 0.9186
vn -0.2060 0.4667 0.8601
vn 0.0259 0.0767 0.9967
vn 0.4790 -0.0912 0.8730
vn 0.1543 -0.3784 0.9127
vn -0.2414 0.0668 0.9681
vn 0.8522 0.2270 -0.4714
vn 0.8627 -0.1685 -0.4768
vn 0.8334 -0.0993 -0.5436
vn 0.6872 0.6525 -0.3194
vn 0.8368 0.1896 -0.5136
vn -0.5425 0.8011 -0.2526
vn -0.4963 0.7324 0.4662
vn -0.0993 0.5409 0.8352
vn -0.0824 0.2257 0.9707
vn -0.0811 0.2174 0.9727
vn -0.1756 -0.1397 0.9745
vn 0.8072 0.2221 0.5469
vn 0.8085 0.2327 0.5405
vn 0.8955 -0.1025 0.4331
vn 0.8130 -0.2098 0.5432
vn 0.5354 0.1778 0.8257
vn 0.4200 -0.0540 0.9059
vn 0.4302 0.7578 -0.4905
vn 0.4720 0.7880 -0.3954
vn -0.5668 0.8000 0.1967
vn -0.4209 -0.6962 0.5815
vn -0.3749 0.5933 0.7123
vn -0.1708 0.3040 0.9372
vn -0.1756 -0.2771 0.9447
vn 0.3612 0.9070 0.2167
vn -0.3620 -0.0136 0.9321
vn -0.1865 -0.1720 0.9673
vn 0.5636 0.6894 0.4551
vn 0.5989 0.6054 0.5242
vn 0.3361 0.8398 0.4264
vn 0.6683 -0.5831 0.4619
vn 0.2661 0.4643 0.8448
vn 0.4048 0.4258 0.8092
vn 0.0282 0.2852 0.9580
vn 0.1115 0.7246 -0.6800
vn 0.3590 0.8916 -0.2761
vn -0.3863 0.5789 0.7181
vn -0.1588 0.2325 0.9595
vn -0.1903 0.0318 0.9812
vn 0.1731 0.8553 0.4883
vn 0.0438 -0.2542 0.9662
vn -0.0332 -0.2188 0.9752
vn 0.0578 -0.0053 0.9983
vn -0.0388 0.9643 -0.2621
vn -0.0613 0.9669 -0.2475
vn -0.4697 0.6484 -0.5992
vn -0.5876 0.7666 -0.2589
vn -0.3896 0.5843 0.7119
vn -0.2342 -0.2481 0.9400
vn -0.2329 -0.2919 0.9277
vn -0.1102 -0.1735 0.9786
vn -0.2525 0.3042 0.9186
vn -0.0846 -0.1095 0.9904
vn -0.2525 0.6657 0.7022
vn -0.0812 0.9757 0.2037
vn 0.0627 0.8852 0.4609
vn 0.0523 -0.2513 0.9665
vn 0.1862 0.1136 0.9759
vn -0.0171 -0.1866 0.9823
vn -0.0257 -0.1550 0.9876
vn -0.6068 0.7797 0.1548
vn -0.5542 0.6818 0.4775
vn -0.4707 0.5897 0.6563
vn -0.4207 0.4115 0.8085
vn -0.1033 0.0501 0.9934
vn -0.2168 0.7655 0.6059
vn -0.1758 0.3563 0.9177
vn -0.5194 0.8136 -0.2613
vn -0.5641 0.7958 -0.2202
vn -0.3338 -0.4416 0.8328
vn -0.5561 0.7811 0.2840
vn -0.4812 0.7675 0.4235
vn -0.2254 -0.2324 0.9461
vn -0.3259 0.2052 0.9229
vn -0.2882 0.0264 0.9572
vn -0.3659 -0.7586 0.5392
vn -0.2298 -0.4304 0.8729
vn -0.5113 0.5434 0.6658
vn -0.1496 -0.2612 0.9536
vn -0.1930 -0.2190 0.9564
vn -0.2142 -0.1605 0.9635
vn -0.4666 0.2948 0.8339
vn -0.3711 -0.0937 0.9239
vn -0.5994 0.6743 0.4312
vn -0.2890 -0.6449 0.7076
vn -0.4974 0.4801 0.7226
vn -0.2060 -0.3265 0.9225
vn -0.4314 0.4110 0.8031
vn -0.4314 0.4109 0.8032
vn -0.4730 0.3170 0.8221
vn -0.6469 -0.2262 0.7282
vn -0.3099 -0.2054 0.9283
vn -0.6471 0.7332 0.2089
vn -0.2349 -0.4197 0.8767
vn -0.4869 0.3113 0.8161
vn -0.2170 -0.1047 0.9705
vn -0.1846 0.0125 0.9827
vn -0.1763 -0.1746 0.9687
vn -0.6336 0.7083 -0.3113
vn -0.6103 0.6286 0.4820
vn -0.5791 0.3917 0.7150
vn -0.4700 0.0621 0.8805
vn -0.4588 0.0959 0.8834
vn -0.1923 -0.0487 0.9801
vn -0.1559 -0.2044 0.9664
vn -0.6278 0.6604 -0.4121
vn -0.6150 0.6249 0.4810
vn -0.1196 -0.4060 0.9060
vn -0.3303 0.1023 0.9383
vn -0.2123 0.0452 0.9761
vn -0.5410 0.4514 -0.7097
vn -0.1909 -0.5776 0.7937
vn -0.0495 -0.4109 0.9103
vn -0.4859 0.3785 0.7878
vn -0.1347 -0.2948 0.9460
vn -0.3508 0.0624 0.9344
vn -0.3841 0.0997 0.9179
vn -0.6647 0.7023 0.2547
vn -0.6802 0.6953 0.2323
vn -0.0806 -0.7125 0.6971
vn -0.6250 0.5336 0.5698
vn -0.5129 0.2786 0.8120
vn -0.6968 -0.0172 0.7171
vn 0.3731 0.9064 -0.1983
vn -0.6611 0.6962 -0.2798
vn -0.5685 0.5703 0.5929
vn -0.3886 0.2921 0.8739
vn 0.0508 -0.2806 0.9585
vn -0.1506 0.6513 0.7438
vn -0.2592 0.3259 0.9092
vn -0.2035 0.1510 0.9674
vn -0.1737 -0.0479 0.9836
vn -0.1475 -0.2008 0.9685
vn 0.9517 -0.0616 -0.3008
vn 0.9398 -0.0041 -0.3416
vn -0.6747 0.6784 0.2907
vn 0.1776 -0.7023 0.6894
vn -0.4029 0.1228 0.9070
vn 0.6721 0.0551 0.7384
vn -0.1194 -0.1293 0.9844
vn -0.1117 -0.3139 0.9429
vn -0.2452 0.0348 0.9689
vn -0.5757 0.4736 0.6666
vn 0.0361 -0.4238 0.9050
vn -0.0284 0.0926 0.9953
vn -0.5370 0.5289 -0.6572
vn -0.6459 0.6636 -0.3774
vn 0.3035 -0.5944 0.7447
vn -0.0336 -0.2845 0.9581
vn -0.3037 0.2546 0.9181
vn -0.2707 0.2006 0.9415
vn -0.1608 0.0414 0.9861
vn -0.1626 -0.0743 0.9839
vn -0.0190 -0.1870 0.9822
vn -0.4545 0.3796 0.8058
vn 0.0550 -0.0125 -0.9984
vn -0.6841 0.6745 0.2775
vn 0.2412 -0.8308 0.5017
vn -0.2635 0.1450 0.9537
vn -0.5557 0.5123 0.6548
vn -0.3841 0.3569 0.8515
vn 0.0315 -0.2085 0.9775
vn 0.0185 0.0107 0.9998
vn 0.2546 -0.2636 0.9304
vn 0.5128 -0.6103 0.6038
vn 0.2941 -0.3824 0.8759
vn -0.0889 -0.0054 0.9960
vn -0.0284 -0.1744 0.9843
vn -0.5248 0.5138 -0.6786
vn -0.5045 0.4915 0.7099
vn 0.4759 -0.7863 0.3941
vn -0.0498 -0.0074 0.9987
vn -0.0355 0.2484 0.9680
vn -0.2005 0.1543 0.9675
vn -0.1736 0.0745 0.9820
vn -0.5045 0.4636 -0.7284
vn -0.0805 0.2363 -0.9683
vn -0.6838 0.6748 0.2776
vn 0.1078 -0.2081 0.9722
vn 0.2386 -0.2684 0.9333
vn 0.4419 -0.4410 0.7812
vn 0.4610 -0.8874 0.0018
vn -0.3637 0.2853 0.8867
vn -0.0967 0.1703 0.9806
vn -0.0346 0.0503 0.9981
vn 0.3534 -0.3379 0.8723
vn -0.6937 0.6631 -0.2812
vn -0.5270 0.4657 0.7109
vn 0.0730 -0.1904 0.9790
vn -0.2227 0.2000 0.9541
vn 0.6455 -0.6915 -0.3244
vn 0.6470 -0.6447 0.4071
vn -0.3175 0.2784 0.9065
vn 0.1165 -0.1249 0.9853
vn 0.1176 -0.1847 0.9757
vn -0.1356 0.0846 0.9871
vn 0.6989 -0.6089 0.3752
vn -0.5120 0.4306 0.7433
vn 0.1443 -0.1537 0.9775
vn -0.2088 0.2887 0.9344
vn 0.0485 0.0437 0.9979
vn 0.6889 -0.6241 0.3687
vn 0.5124 -0.4738 0.7162
vn 0.4720 -0.3549 0.8070
vn 0.1010 -0.0246 0.9946
vn 0.7439 -0.6622 -0.0904
vn -0.3007 0.2072 0.9309
vn -0.3808 0.3663 0.8490
vn 0.6903 -0.6190 0.3747
vn -0.4963 0.4354 0.7511
vn -0.2661 0.1985 0.9433
vn 0.6978 -0.6992 0.1555
vn 0.7397 -0.5826 0.3368
vn 0.7616 -0.6479 0.0116
vn -0.4784 0.3789 0.7922
vn 0.6464 -0.6515 0.3971
vn -0.1117 0.1110 0.9875
vn -0.1847 0.1030 0.9774
vn -0.4447 0.3658 0.8176
vn 0.6441 -0.6190 -0.4494
vn 0.7386 -0.6704 0.0707
vn 0.7352 -0.6005 0.3144
vn -0.2715 0.2319 0.9341
vn -0.1035 0.0383 0.9939
vn 0.0909 -0.1420 0.9857
vn 0.0922 -0.1099 0.9897
vn 0.0880 -0.1057 0.9905
vn 0.6801 -0.7330 0.0149
vn 0.7747 -0.5961 0.2111
vn 0.0788 -0.1979 0.9770
vn -0.4913 0.3247 0.8082
vn -0.5675 0.4536 -0.6872
vn -0.7166 0.6157 -0.3276
vn 0.6752 -0.7348 0.0651
vn 0.6510 -0.7559 -0.0687
vn 0.0567 -0.3443 0.9371
vn -0.7518 0.3142 0.5798
vn 0.6440 -0.7449 0.1744
vn -0.0960 0.0394 0.9946
vn 0.3553 -0.5780 0.7347
vn -0.5672 0.4603 -0.6829
vn -0.6906 0.6026 0.4000
vn -0.2730 -0.1507 0.9501
vn -0.4556 -0.7987 -0.3931
vn -0.4602 0.3825 0.8012
vn -0.2658 0.2314 0.9359
vn -0.0910 -0.1244 0.9880
vn 0.3827 -0.5459 0.7454
vn -0.6689 0.6706 -0.3206
vn -0.7632 -0.4862 0.4256
vn -0.4627 0.3907 0.7958
vn -0.0847 -0.4445 0.8918
vn -0.0646 -0.3944 0.9167
vn 0.4541 -0.7969 0.3985
vn -0.4299 0.3360 0.8380
vn 0.2649 -0.8578 0.4404
vn -0.2906 0.2452 0.9249
vn -0.0765 -0.1112 0.9908
vn -0.5328 0.6857 0.4960
vn -0.3587 0.2971 0.8849
vn -0.6190 0.7205 -0.3126
vn -0.6303 0.7601 -0.1579
vn -0.5898 0.8044 -0.0713
vn -0.6057 0.7948 0.0374
vn -0.6130 0.7152 0.3357
vn -0.3423 0.1317 0.9303
vn -0.2484 0.0044 0.9686
vn -0.4053 0.0728 0.9113
vn -0.8560 0.3926 -0.3364
vn -0.6331 0.2935 0.7163
vn -0.4917 -0.3043 0.8159
vn 0.2138 0.0237 -0.9766
vn 0.2643 -0.0095 -0.9644
vn 0.2436 -0.0051 -0.9699
vn 0.4367 -0.1245 -0.8909
vn 0.2653 0.0420 -0.9632
vn 0.2753 -0.0510 -0.9600
vn 0.2799 0.3852 -0.8794
vn 0.2860 0.0924 -0.9538
vn 0.1338 -0.1177 -0.9840
vn 0.9025 -0.3982 0.1641
vn 0.2384 0.0828 -0.9676
vn 0.2515 0.1014 -0.9625
vn 0.1849 -0.1205 -0.9754
vn 0.2447 -0.4298 -0.8691
vn 0.0753 0.0917 -0.9929
vn 0.0890 0.0383 -0.9953
vn 0.1738 0.3463 -0.9219
vn 0.1698 -0.0632 -0.9834
vn 0.0562 -0.6242 -0.7792
vn 0.1067 -0.0182 -0.9941
vn 0.2521 0.1297 -0.9590
vn -0.1029 0.3067 -0.9462
vn 0.1207 0.0337 -0.9921
vn 0.0728 -0.0448 -0.9963
vn -0.1031 -0.3846 -0.9173
vn -0.0864 0.9135 -0.3975
vn -0.2081 0.6418 -0.7381
vn 0.8948 -0.4463 0.0155
vn 0.4838 -0.2238 -0.8461
vn 0.2581 0.1248 -0.9580
vn 0.0769 0.0102 -0.9970
vn 0.1104 -0.0476 -0.9927
vn 0.1255 -0.0570 -0.9905
vn 0.0805 -0.0007 -0.9968
vn -0.2509 -0.3999 -0.8815
vn 0.1332 -0.0687 -0.9887
vn 0.2430 0.1242 -0.9620
vn -0.4078 -0.5984 -0.6897
vn -0.4077 -0.7637 0.5005
vn -0.4033 -0.6365 0.6574
vn 0.0449 0.0128 -0.9989
vn 0.1217 0.0531 -0.9911
vn 0.1317 0.0621 -0.9893
vn -0.2403 -0.3209 -0.9161
vn 0.1740 0.1057 -0.9791
vn -0.5355 0.8444 -0.0174
vn -0.1767 0.2817 -0.9431
vn 0.1322 0.0768 -0.9882
vn -0.0779 -0.1273 -0.9888
vn -0.6698 -0.7422 0.0220
vn 0.0380 0.0104 -0.9992
vn -0.2943 0.3507 -0.8890
vn 0.0327 -0.0105 -0.9994
vn 0.1065 -0.0470 -0.9932
vn 0.0604 -0.0034 -0.9982
vn -0.4956 0.5792 -0.6472
vn 0.1604 -0.0615 -0.9851
vn 0.1874 0.0633 -0.9802
vn -0.6113 -0.7914 0.0080
vn -0.5584 -0.6060 0.5666
vn 0.2202 0.0926 -0.9711
vn 0.0937 0.0455 -0.9946
vn -0.1028 -0.2489 -0.9631
vn -0.2872 -0.3425 -0.8945
vn -0.5127 0.6123 -0.6018
vn 0.1702 -0.0746 -0.9826
vn -0.5181 -0.5610 -0.6457
vn -0.5069 0.6340 0.5840
vn 0.2950 -0.0458 0.9544
vn 0.0187 -0.0113 -0.9998
vn 0.0983 -0.0515 -0.9938
vn 0.0895 -0.0376 -0.9953
vn 0.0643 -0.0096 -0.9979
vn -0.2912 -0.3749 -0.8801
vn -0.5153 -0.5599 -0.6489
vn -0.5559 -0.6188 0.5550
vn -0.2738 0.2677 -0.9238
vn -0.0581 0.0546 -0.9968
vn 0.1442 0.0667 -0.9873
vn -0.7072 0.6650 -0.2400
vn -0.6720 -0.6615 0.3329
vn 0.0572 -0.0133 -0.9983
vn -0.2949 0.2782 -0.9142
vn -0.0469 0.0128 -0.9988
vn 0.1427 0.0656 -0.9876
vn -0.3021 -0.3733 -0.8772
vn -0.6977 0.6764 -0.2361
vn -0.6982 0.6737 -0.2424
vn -0.1755 -0.2047 -0.9629
vn -0.0211 0.0234 -0.9995
vn 0.0422 -0.0230 -0.9988
vn 0.1549 0.0003 -0.9879
vn -0.4369 -0.4545 -0.7763
vn -0.5161 -0.5522 -0.6548
vn -0.3747 0.2906 -0.8804
vn -0.0197 0.0301 -0.9994
vn 0.0301 -0.0042 -0.9995
vn 0.1008 0.0530 -0.9935
vn -0.7371 -0.6743 0.0438
vn -0.3475 0.2115 -0.9135
vn 0.0940 0.0452 -0.9945
vn -0.6157 0.4887 -0.6182
vn -0.6012 0.4622 0.6518
vn -0.3562 0.2084 -0.9109
vn -0.0158 0.0218 -0.9996
vn 0.0663 0.0006 -0.9978
vn 0.1003 0.0450 -0.9939
vn -0.5286 -0.4566 -0.7156
vn -0.7290 -0.6836 0.0340
vn 0.0322 -0.0017 -0.9995
vn -0.3557 0.2149 -0.9096
vn 0.1254 0.0213 -0.9919
vn 0.0394 0.0076 -0.9992
vn -0.8731 0.4713 0.1248
vn -0.7455 -0.6660 -0.0269
vn -0.2491 -0.2195 -0.9433
vn -0.3635 0.2140 -0.9067
vn -0.0126 0.0221 -0.9997
vn 0.1355 0.0476 -0.9896
vn -0.5322 -0.4676 -0.7058
vn -0.8554 0.5178 -0.0104
vn -0.7591 -0.6401 0.1189
vn 0.0622 0.0141 -0.9980
vn -0.2065 -0.1492 -0.9670
vn -0.3640 0.2131 -0.9067
vn 0.0680 0.0423 -0.9968
vn -0.8637 0.5032 -0.0283
vn -0.5739 -0.4867 0.6586
vn -0.7584 -0.6412 0.1170
vn -0.1663 -0.1652 -0.9721
vn -0.3499 0.2125 -0.9123
vn 0.0341 0.0764 -0.9965
vn 0.1161 0.0384 -0.9925
vn -0.5106 -0.4690 -0.7206
vn -0.1699 -0.1934 -0.9663
vn -0.3535 0.2983 -0.8866
vn -0.2657 0.2197 -0.9387
vn -0.0551 0.0976 -0.9937
vn -0.5149 -0.5219 -0.6801
vn -0.7982 0.4697 -0.3773
vn -0.7173 -0.6603 0.2224
vn -0.7621 0.4522 0.4634
vn -0.5167 -0.5223 0.6784
vn -0.1121 -0.1981 -0.9738
vn 0.0970 0.0204 -0.9951
vn -0.8912 0.4520 0.0382
vn 0.0637 0.0396 -0.9972
vn -0.5126 -0.5679 0.6440
vn 0.0771 0.0138 -0.9969
vn -0.3146 0.2980 -0.9012
vn -0.3232 0.4795 -0.8159
vn -0.0638 0.2123 -0.9751
vn 0.0382 0.1567 -0.9869
vn 0.0433 0.0918 -0.9948
vn -0.7283 0.6784 -0.0967
vn -0.7471 0.6635 0.0405
vn -0.3239 0.2989 0.8976
vn 0.0606 0.0157 -0.9980
vn -0.0651 -0.1044 -0.9924
vn -0.2165 -0.2541 -0.9426
vn -0.1225 0.3637 -0.9234
vn 0.0749 0.2115 -0.9745
vn -0.4523 -0.5408 -0.7092
vn 0.0467 -0.0183 -0.9987
vn -0.1552 0.4664 -0.8709
vn -0.4549 -0.5545 -0.6968
vn -0.6165 -0.7490 0.2426
vn 0.0074 -0.0728 -0.9973
vn -0.3717 -0.5748 -0.7290
vn -0.4141 -0.6050 0.6800
vn -0.5579 -0.8291 -0.0367
vn 0.0226 0.1077 -0.9939
vn 0.0554 0.1587 -0.9858
vn 0.0516 0.1222 -0.9912
vn -0.1367 -0.3406 -0.9302
vn -0.3371 -0.6761 -0.6551
vn -0.5582 -0.8288 -0.0386
vn 0.0157 -0.1074 -0.9941
vn -0.1359 -0.3341 -0.9327
vn -0.0192 0.6780 -0.7348
vn -0.0454 0.3686 -0.9285
vn 0.0405 -0.0200 -0.9990
vn 0.0101 0.5768 -0.8168
vn -0.2392 -0.6444 -0.7264
vn -0.3704 -0.9277 0.0471
vn 0.0368 0.0772 -0.9963
vn 0.0379 -0.0128 -0.9992
vn -0.3472 -0.9355 -0.0650
vn 0.0548 0.1982 -0.9786
vn -0.0073 -0.1450 -0.9894
vn -0.0826 -0.3793 -0.9216
vn -0.1148 -0.4204 -0.9000
vn -0.2059 -0.6901 -0.6939
vn -0.2824 -0.9579 -0.0517
vn -0.2206 -0.7056 -0.6734
vn -0.2960 -0.9535 0.0558
vn 0.0743 0.4645 -0.8824
vn 0.0865 0.1426 -0.9860
vn 0.0812 0.0145 -0.9966
vn 0.0391 -0.0105 -0.9992
vn 0.0149 -0.1774 -0.9840
vn -0.0423 -0.3350 -0.9413
vn -0.0636 -0.5129 -0.8561
vn 0.1667 0.8408 -0.5150
vn -0.1127 -0.7093 -0.6959
vn -0.2205 -0.8103 -0.5430
vn -0.2073 -0.9769 -0.0522
vn -0.1607 -0.8167 0.5543
vn 0.0847 0.1371 -0.9869
vn -0.2381 -0.9028 0.3581
vn 0.1234 0.6206 -0.7743
vn 0.1361 0.3402 -0.9304
vn 0.1705 0.8322 -0.5276
vn -0.1140 -0.5694 -0.8141
vn -0.0385 -0.6003 -0.7989
vn -0.1325 -0.8056 -0.5775
vn -0.1176 -0.8711 0.4767
vn 0.0902 0.2546 -0.9628
vn 0.1022 0.1207 -0.9874
vn 0.0048 -0.3075 -0.9515
vn 0.1508 0.5903 -0.7930
vn -0.0616 -0.6407 -0.7653
vn -0.0820 -0.8612 -0.5015
vn 0.1507 0.1468 -0.9776
vn 0.0790 0.0120 -0.9968
vn 0.0814 0.0034 -0.9967
vn 0.0734 -0.0873 -0.9935
vn 0.0076 -0.7535 -0.6574
vn -0.1312 -0.8629 0.4880
vn 0.0387 -0.4181 -0.9076
vn 0.2754 -0.9505 0.1441
vn 0.1461 0.4086 -0.9009
vn 0.0093 -0.3482 -0.9374
vn 0.2425 0.2472 -0.9381
vn 0.4141 0.3100 -0.8558
vn 0.1913 0.1918 -0.9626
vn 0.5882 -0.5961 -0.5465
vn 0.1816 -0.9210 -0.3446
vn 0.6548 -0.7415 -0.1466
vn 0.1210 -0.6208 0.7746
vn 0.6894 -0.5413 0.4813
vn 0.0365 -0.7449 0.6662
vn 0.2667 0.6686 -0.6942
vn 0.2932 0.8040 -0.5173
vn -0.0202 -0.7497 -0.6615
vn 0.2674 0.2424 -0.9326
vn 0.2344 -0.3819 -0.8940
vn 0.0242 -0.2037 -0.9787
vn 0.1631 0.1563 -0.9741
vn 0.1183 0.0350 -0.9924
vn 0.1300 -0.0316 -0.9910
vn 0.1631 0.3856 -0.9081
vn 0.0402 0.1992 -0.9791
vn 0.1329 0.1912 -0.9725
vn 0.4488 -0.8842 -0.1297
vn 0.0818 -0.2797 -0.9566
vn 0.0962 0.1619 -0.9821
vn -0.0320 0.0959 -0.9949
vn 0.2221 -0.3798 -0.8980
vn 0.1725 0.0335 -0.9844
vn 0.0406 -0.5011 -0.8645
vn 0.0493 -0.7135 -0.6989
vn 0.0800 -0.0754 -0.9939
vn 0.1075 -0.3022 -0.9472
vn 0.1295 -0.0326 -0.9910
vn 0.2572 0.4400 -0.8604
vn 0.0392 -0.7365 -0.6753
vn 0.0505 -0.8335 -0.5502
vn 0.2397 -0.3935 -0.8875
vn 0.0370 -0.1001 -0.9943
vn 0.1986 0.4803 -0.8543
vn 0.0422 -0.5540 0.8315
vn 0.1615 0.2267 -0.9605
vn 0.0802 -0.2729 -0.9587
vn 0.3460 0.7055 -0.6185
vn 0.1268 0.1587 -0.9792
vn 0.1250 0.1792 -0.9758
vn 0.0161 0.0125 -0.9998
vn 0.3643 0.7675 -0.5276
vn 0.1099 -0.7159 -0.6895
vn 0.0565 0.1493 -0.9872
vn 0.0260 0.0822 -0.9963
vn 0.2489 -0.4344 -0.8656
vn 0.0950 -0.1540 -0.9835
vn 0.5145 -0.8556 -0.0571
vn 0.5109 -0.8585 -0.0442
vn 0.1775 -0.7228 -0.6679
vn 0.0051 0.0067 -1.0000
vn 0.0093 0.0062 -0.9999
vn 0.3327 0.8132 -0.4775
vn 0.1026 -0.7447 0.6595
vn 0.1671 0.0341 -0.9853
vn 0.1228 0.1611 -0.9793
vn 0.1419 -0.8025 -0.5795
vn 0.1148 -0.7189 -0.6855
vn -0.0143 0.0486 -0.9987
vn 0.2721 -0.3937 -0.8781
vn 0.1626 -0.3195 -0.9335
vn 0.3407 0.5102 -0.7897
vn 0.1085 -0.4825 -0.8692
vn 0.0291 0.1041 -0.9941
vn 0.4360 0.6816 -0.5876
vn 0.1467 -0.5569 -0.8175
vn -0.0185 0.0392 -0.9991
vn -0.0121 -0.0018 -0.9999
vn 0.3192 0.4029 -0.8578
vn 0.5723 -0.7498 0.3321
vn 0.2169 0.2755 -0.9365
vn -0.0097 0.0509 -0.9987
vn 0.1959 -0.2574 -0.9462
vn 0.3724 0.2718 -0.8874
vn 0.5591 -0.7185 -0.4137
vn 0.1735 0.1272 -0.9766
vn 0.1527 -0.2308 -0.9609
vn 0.2329 -0.6221 -0.7475
vn 0.4212 0.7056 -0.5698
vn 0.5722 -0.8200 0.0157
vn 0.1525 -0.0032 -0.9883
vn 0.1409 -0.0862 -0.9863
vn 0.1460 -0.3230 -0.9351
vn 0.1792 -0.4873 -0.8547
vn 0.3208 0.5338 -0.7824
vn 0.3796 0.7672 -0.5170
vn 0.2657 -0.7249 -0.6355
vn 0.2588 -0.7110 0.6538
vn 0.2208 0.2549 -0.9414
vn 0.0766 0.0810 -0.9938
vn 0.0088 0.0354 -0.9993
vn 0.2118 -0.2667 -0.9402
vn 0.2267 0.2394 -0.9441
vn 0.2443 0.2752 -0.9298
vn -0.0709 0.0356 -0.9968
vn 0.2414 0.3486 -0.9057
vn 0.4625 0.7993 -0.3837
vn 0.3076 -0.7081 0.6356
vn 0.2438 -0.5552 -0.7952
vn 0.3112 -0.7248 -0.6146
vn 0.3047 -0.7648 -0.5677
vn -0.0099 0.0230 -0.9997
vn 0.2121 -0.2652 -0.9406
vn 0.5045 -0.8528 -0.1352
vn 0.2827 -0.6375 0.7167
vn 0.2129 -0.4502 0.8672
vn 0.1495 -0.0543 -0.9873
vn 0.1463 -0.2137 -0.9659
vn -0.0147 0.0238 -0.9996
vn -0.0068 0.0045 -1.0000
vn 0.3126 0.2849 -0.9062
vn 0.2591 0.2145 -0.9417
vn -0.0396 -0.0103 -0.9992
vn 0.1620 0.1400 -0.9768
vn 0.0045 0.0018 -1.0000
vn 0.1914 -0.2569 -0.9473
vn 0.3008 -0.7432 0.5976
vn 0.2268 -0.3546 -0.9071
vn 0.0014 0.0503 -0.9987
vn -0.0027 0.0138 -0.9999
vn 0.2990 0.2509 -0.9207
vn -0.0424 -0.0267 -0.9987
vn 0.1726 -0.1536 -0.9729
vn 0.2403 0.3497 -0.9055
vn 0.3376 0.5332 -0.7757
vn 0.2191 -0.4165 -0.8824
vn 0.3265 -0.6617 -0.6750
vn 0.3171 -0.7391 -0.5943
vn 0.1870 -0.2429 -0.9519
vn 0.6410 -0.7665 0.0394
vn 0.3091 -0.7337 0.6051
vn 0.3044 -0.5633 0.7681
vn 0.1814 -0.2595 -0.9485
vn -0.0029 -0.0145 -0.9999
vn 0.0051 -0.0392 -0.9992
vn -0.0109 0.0072 -0.9999
vn -0.0288 -0.0243 -0.9993
vn 0.2508 0.3955 -0.8836
vn 0.3393 -0.7264 -0.5977
vn 0.3322 0.2325 -0.9141
vn -0.0357 -0.0178 -0.9992
vn 0.1398 0.1133 -0.9837
vn 0.1407 0.1430 -0.9797
vn 0.4997 -0.6129 -0.6121
vn 0.4205 -0.4511 -0.7872
vn 0.3782 -0.7307 0.5684
vn 0.1276 0.0310 -0.9913
vn 0.1819 0.2170 -0.9591
vn 0.3715 0.5736 -0.7301
vn 0.2239 -0.2282 -0.9475
vn 0.3779 -0.7319 0.5670
vn 0.3226 -0.6246 0.7112
vn 0.2061 0.2930 -0.9336
vn 0.1674 0.1965 -0.9661
vn 0.3482 -0.6340 -0.6905
vn 0.4934 0.8090 -0.3195
vn 0.2825 -0.4480 -0.8482
vn -0.0023 0.0140 -0.9999
vn 0.0061 -0.0175 -0.9998
vn 0.1322 -0.1665 -0.9771
vn 0.5340 0.2880 -0.7949
vn 0.1192 0.3246 -0.9383
vn 0.2641 0.0935 -0.9600
vn -0.0090 0.0124 -0.9999
vn -0.0342 -0.0511 -0.9981
vn 0.4217 -0.4037 -0.8119
vn 0.5347 -0.5290 0.6590
vn 0.1266 0.0286 -0.9915
vn 0.1292 -0.0372 -0.9909
vn 0.1217 -0.0209 -0.9924
vn 0.2616 0.3736 -0.8899
vn 0.2315 -0.3833 -0.8941
vn 0.2901 -0.5022 -0.8146
vn 0.3056 -0.5596 -0.7704
vn 0.4030 -0.7351 -0.5452
vn 0.3559 -0.6603 -0.6614
vn 0.3814 -0.8244 -0.4182
vn -0.0074 0.0068 -0.9999
vn -0.0436 -0.0864 -0.9953
vn 0.3622 -0.7452 0.5599
vn 0.1434 -0.1312 -0.9809
vn 0.3182 0.3883 -0.8648
vn 0.2865 -0.4466 -0.8476
vn 0.2374 -0.2172 -0.9468
vn 0.1209 -0.0950 -0.9881
vn 0.1307 0.1047 -0.9859
vn 0.0994 0.0557 -0.9935
vn 0.4279 -0.3940 -0.8134
vn 0.1409 0.1075 -0.9842
vn 0.1977 -0.2543 -0.9467
vn 0.2107 -0.3144 -0.9256
vn 0.4419 0.5299 -0.7239
vn 0.1619 0.0728 -0.9841
vn 0.6171 -0.4177 0.6669
vn 0.2217 0.2497 -0.9426
vn 0.3170 0.3818 -0.8682
vn 0.4549 -0.7081 -0.5401
vn 0.2348 -0.4402 -0.8666
vn -0.0056 0.0086 -0.9999
vn -0.0094 -0.0075 -0.9999
vn 0.2247 0.0658 -0.9722
vn 0.4331 -0.4514 -0.7802
vn -0.0088 -0.0129 -0.9999
vn 0.4840 0.1960 -0.8529
vn 0.1287 0.0068 -0.9917
vn 0.0766 0.0526 -0.9957
vn 0.0101 -0.0035 -0.9999
vn 0.6141 -0.3656 -0.6995
vn 0.2391 0.2607 -0.9353
vn 0.5301 0.6576 -0.5353
vn 0.1379 -0.1015 -0.9852
vn 0.4075 0.1239 -0.9048
vn 0.0067 0.0027 -1.0000
vn 0.6689 -0.7152 -0.2026
vn 0.1314 0.1061 -0.9856
vn 0.1750 0.1711 -0.9696
vn 0.0023 0.0050 -1.0000
vn 0.3695 -0.4177 0.8300
vn 0.3672 -0.6418 0.6733
vn 0.1074 -0.0366 -0.9935
vn 0.1382 -0.1365 -0.9810
vn 0.1554 -0.1938 -0.9687
vn 0.4179 -0.6356 -0.6491
vn 0.3396 -0.5404 -0.7698
vn 0.1352 -0.1063 -0.9851
vn 0.0201 0.2006 -0.9795
vn -0.1180 0.3703 -0.9214
vn 0.0494 0.0037 -0.9988
vn 0.5846 -0.3889 -0.7120
vn 0.7448 -0.6580 -0.1112
vn 0.1513 0.1652 -0.9746
vn 0.2984 -0.4333 -0.8504
vn 0.4178 0.5294 -0.7383
vn 0.4997 -0.6455 -0.5776
vn 0.0052 -0.0146 -0.9999
vn 0.0079 0.0039 -1.0000
vn 0.4387 -0.7189 0.5392
vn 0.1936 -0.2459 0.9497
vn 0.2186 0.2858 -0.9330
vn 0.2423 -0.3094 -0.9196
vn 0.2449 -0.3584 -0.9009
vn 0.4141 0.5280 -0.7415
vn 0.3357 -0.5370 -0.7739
vn 0.0075 0.0116 -0.9999
vn 0.2410 -0.1297 -0.9618
vn 0.0180 -0.0108 -0.9998
vn 0.1028 0.0404 -0.9939
vn 0.1145 -0.1009 -0.9883
vn 0.1573 -0.1850 -0.9701
vn 0.1664 -0.2140 -0.9626
vn 0.2263 0.3064 -0.9246
vn 0.3175 -0.4757 -0.8203
vn 0.0001 -0.0119 -0.9999
vn 0.0014 -0.0188 -0.9998
vn 0.1505 -0.0945 -0.9841
vn -0.1969 0.3808 -0.9034
vn 0.0201 -0.0048 -0.9998
vn -0.6059 -0.7949 -0.0318
vn 0.7850 -0.4536 -0.4219
vn 0.1057 0.0662 -0.9922
vn 0.0942 -0.0264 -0.9952
vn 0.1249 0.1301 -0.9836
vn 0.3138 0.4097 -0.8566
vn 0.4126 -0.6663 -0.6212
vn 0.0033 -0.0118 -0.9999
vn 0.1481 -0.0829 -0.9855
vn 0.4193 -0.7187 0.5546
vn 0.3928 -0.6586 0.6418
vn 0.1300 0.1310 -0.9828
vn 0.2059 -0.3353 -0.9193
vn 0.3528 -0.6404 -0.6822
vn -0.1978 0.3524 -0.9147
vn 0.5858 -0.2287 -0.7775
vn 0.1065 -0.1012 -0.9891
vn 0.1429 0.2099 -0.9672
vn 0.1604 -0.2424 -0.9568
vn 0.5015 0.6901 -0.5217
vn 0.4212 -0.7486 -0.5121
vn 0.2954 -0.5773 -0.7612
vn 0.0029 -0.0049 -1.0000
vn -0.1536 0.1972 -0.9683
vn 0.0949 0.0264 -0.9951
vn 0.1768 -0.2902 -0.9405
vn 0.2759 0.4081 -0.8703
vn 0.3015 -0.5210 -0.7985
vn 0.3426 -0.6016 -0.7216
vn 0.3908 -0.7769 -0.4936
vn 0.0332 -0.0053 -0.9994
vn 0.1809 -0.0746 -0.9807
vn -0.0292 -0.2805 -0.9594
vn -0.0819 -0.0683 -0.9943
vn 0.3503 -0.9044 0.2437
vn 0.1558 0.2079 -0.9657
vn 0.2202 0.3074 -0.9258
vn 0.2043 0.2955 -0.9332
vn -0.0218 -0.0085 -0.9997
vn -0.0108 -0.0140 -0.9998
vn 0.1686 0.1429 -0.9753
vn 0.1378 0.0347 -0.9899
vn -0.0906 0.2145 -0.9725
vn -0.0737 -0.1397 -0.9874
vn -0.1664 -0.9098 -0.3802
vn 0.3998 -0.7384 0.5430
vn 0.2105 -0.3714 0.9043
vn 0.3590 0.5347 -0.7650
vn -0.0095 -0.0216 -0.9997
vn 0.2949 -0.5628 -0.7722
vn -0.5088 -0.8555 -0.0960
vn 0.0986 0.0767 -0.9922
vn 0.0888 -0.0730 -0.9934
vn 0.1603 0.2300 -0.9599
vn 0.2760 0.4183 -0.8654
vn 0.3421 -0.6522 -0.6764
vn 0.4089 -0.7759 -0.4804
vn 0.0482 -0.0078 -0.9988
vn -0.0800 0.2055 -0.9754
vn -0.3977 0.5947 -0.6986
vn -0.4903 -0.8689 -0.0681
vn 0.3885 -0.7372 0.5529
vn 0.0885 -0.0303 -0.9956
vn 0.1207 -0.1670 -0.9786
vn 0.2423 -0.4872 -0.8390
vn 0.2467 -0.5814 -0.7753
vn 0.0431 -0.0077 -0.9990
vn 0.3223 -0.5816 -0.7469
vn 0.0108 0.0104 -0.9999
vn -0.0015 -0.0354 -0.9994
vn -0.1759 -0.3029 -0.9367
vn -0.1756 -0.3019 -0.9370
vn -0.2131 0.4047 -0.8893
vn -0.4831 -0.7831 -0.3916
vn -0.5365 -0.7541 0.3787
vn 0.1077 -0.1370 -0.9847
vn 0.1366 0.1870 -0.9728
vn 0.1228 -0.1908 -0.9739
vn 0.2261 0.3920 -0.8918
vn 0.4138 -0.7682 -0.4885
vn 0.2898 -0.5394 -0.7906
vn 0.0012 -0.0267 -0.9996
vn 0.3814 -0.7487 0.5423
vn 0.1870 0.3331 -0.9242
vn 0.5007 0.7840 -0.3669
vn -0.1664 0.3769 -0.9112
vn -0.5405 -0.8149 0.2090
vn 0.2743 0.5668 -0.7769
vn 0.3999 -0.7688 -0.4990
vn -0.0047 -0.0284 -0.9996
vn -0.2203 -0.3228 -0.9205
vn 0.3627 -0.7570 0.5435
vn 0.1280 0.1627 -0.9783
vn 0.1253 -0.3329 -0.9346
vn -0.0783 0.1674 -0.9828
vn 0.0406 -0.0056 -0.9992
vn 0.2719 -0.5967 -0.7549
vn -0.0008 0.0354 -0.9994
vn 0.0019 -0.0116 -0.9999
vn -0.0064 -0.0207 -0.9998
vn 0.1543 0.1719 -0.9730
vn -0.5025 -0.6090 -0.6137
vn 0.0650 -0.0173 -0.9977
vn 0.0695 0.0322 -0.9971
vn 0.0997 -0.2124 -0.9721
vn 0.3282 -0.8232 -0.4633
vn 0.1987 -0.5160 -0.8332
vn 0.0171 -0.0056 -0.9998
vn 0.0051 -0.0284 -0.9996
vn -0.1679 -0.2168 -0.9617
vn -0.5578 -0.7230 0.4076
vn 0.0628 -0.0122 -0.9980
vn 0.0597 -0.0461 -0.9972
vn 0.0904 0.0712 -0.9934
vn 0.0665 -0.0672 -0.9955
vn 0.1251 0.2333 -0.9643
vn 0.1241 -0.3484 -0.9291
vn 0.1593 -0.4074 -0.8992
vn 0.1839 0.4327 -0.8826
vn 0.2027 0.5046 -0.8392
vn -0.1828 0.3470 -0.9199
vn 0.1312 0.3831 -0.9143
vn 0.2465 -0.7953 -0.5538
vn -0.0704 0.1595 -0.9847
vn 0.2946 0.7943 -0.5314
vn 0.1848 -0.6163 -0.7655
vn 0.0032 -0.0103 -0.9999
vn -0.0110 -0.0441 -0.9990
vn 0.0166 -0.0156 -0.9997
vn -0.1807 0.3342 -0.9250
vn -0.5031 -0.6092 -0.6130
vn -0.6676 -0.7432 -0.0442
vn 0.0905 0.1274 -0.9877
vn 0.0649 -0.1341 -0.9888
vn 0.1237 0.2309 -0.9651
vn 0.1585 -0.4603 -0.8735
vn 0.2620 0.8105 -0.5239
vn -0.2784 0.3903 -0.8776
vn -0.2364 0.4313 0.8707
vn -0.1912 0.3472 0.9181
vn 0.1143 0.2279 -0.9669
vn 0.1349 0.2989 -0.9447
vn 0.1172 -0.3474 -0.9304
vn 0.1011 0.4017 -0.9102
vn 0.1314 0.5514 -0.8238
vn 0.1341 0.5435 -0.8286
vn 0.1420 0.5802 -0.8020
vn 0.2249 -0.7973 -0.5601
vn 0.1041 -0.4807 -0.8707
vn -0.0100 -0.0101 -0.9999
vn 0.0262 -0.0165 -0.9995
vn -0.2733 -0.2811 -0.9199
vn -0.4134 -0.4256 -0.8050
vn -0.6940 -0.7200 0.0062
vn 0.2197 -0.7726 0.5957
vn 0.0521 -0.0951 -0.9941
vn 0.1712 -0.5966 -0.7840
vn 0.1881 -0.8453 -0.5000
vn 0.1180 0.7928 -0.5980
vn -0.2657 0.3906 -0.8814
vn 0.0391 -0.0136 -0.9991
vn 0.0728 -0.1946 -0.9782
vn 0.0962 -0.3905 -0.9155
vn 0.0071 0.9386 -0.3450
vn -0.0045 -0.0127 -0.9999
vn 0.1535 0.1528 -0.9763
vn -0.5064 -0.4783 -0.7175
vn -0.7198 -0.6852 -0.1112
vn 0.0720 0.1759 -0.9818
vn 0.0741 0.1372 -0.9878
vn 0.0640 -0.1641 -0.9844
vn 0.1262 -0.4508 -0.8837
vn 0.0726 -0.5408 -0.8380
vn 0.1611 0.1549 -0.9747
vn -0.0244 -0.0438 -0.9987
vn -0.7346 -0.6779 -0.0270
vn 0.0429 -0.0889 -0.9951
vn 0.0638 -0.2723 -0.9601
vn 0.1305 -0.5437 -0.8291
vn 0.0984 0.6670 -0.7386
vn 0.1281 -0.8702 -0.4758
vn 0.1068 -0.8995 -0.4236
vn 0.0277 -0.4133 -0.9102
vn -0.1255 -0.1235 -0.9844
vn -0.3518 -0.3447 -0.8703
vn -0.2588 -0.2289 -0.9384
vn -0.4823 -0.4457 -0.7542
vn 0.1031 -0.8660 0.4892
vn 0.0509 0.3380 -0.9398
vn 0.0678 0.3954 -0.9160
vn 0.1213 -0.5081 -0.8527
vn 0.2047 0.1012 -0.9736
vn 0.1952 0.0750 -0.9779
vn -0.5361 -0.4783 0.6956
vn 0.0553 0.1002 -0.9934
vn 0.0536 0.0336 -0.9980
vn 0.0279 -0.0682 -0.9973
vn -0.4635 -0.4408 0.7686
vn 0.1016 -0.8651 0.4912
vn 0.0320 -0.0216 -0.9993
vn 0.0284 -0.0428 -0.9987
vn 0.0398 -0.2937 -0.9551
vn 0.0381 -0.3101 -0.9499
vn 0.0645 -0.3736 -0.9254
vn 0.0429 0.5127 -0.8575
vn 0.0375 0.5693 -0.8213
vn 0.0542 -0.4159 -0.9078
vn 0.1783 0.1123 -0.9775
vn 0.0169 -0.0117 -0.9998
vn -0.1612 -0.1898 -0.9685
vn -0.5424 -0.4753 -0.6928
vn -0.7576 -0.6369 -0.1427
vn 0.1114 -0.6655 0.7381
vn 0.0267 -0.0383 -0.9989
vn 0.0330 0.4580 -0.8883
vn 0.0691 -0.8181 -0.5709
vn 0.0433 0.6370 -0.7697
vn 0.0696 -0.8034 -0.5913
vn -0.4875 -0.4198 -0.7656
vn -0.6442 -0.5506 0.5309
vn -0.0924 -0.8798 0.4662
vn 0.0392 0.3226 -0.9457
vn 0.0470 0.2804 -0.9587
vn 0.0332 0.6743 -0.7378
vn -0.0422 -0.9401 -0.3384
vn 0.0029 -0.0361 -0.9993
vn -0.7696 -0.6320 -0.0916
vn -0.5510 -0.5522 0.6257
vn 0.0601 -0.9070 0.4169
vn 0.0398 0.0212 -0.9990
vn 0.0412 -0.3969 -0.9170
vn 0.0538 -0.4818 -0.8746
vn -0.5196 -0.3297 -0.7882
vn -0.5408 -0.3556 -0.7623
vn -0.8258 -0.5639 -0.0114
vn -0.7774 -0.5245 0.3473
vn 0.0355 0.0201 -0.9992
vn 0.0437 -0.6135 -0.7885
vn -0.3101 -0.0859 -0.9468
vn -0.5209 -0.2612 -0.8126
vn -0.8366 -0.5347 -0.1190
vn -0.7358 -0.3546 0.5769
vn 0.0438 0.2250 -0.9734
vn 0.0320 -0.8703 -0.4916
vn 0.0062 -0.9704 -0.2413
vn -0.6397 -0.2433 -0.7291
vn -0.7060 -0.4142 0.5744
vn 0.0265 0.3370 -0.9411
vn 0.0269 -0.3730 -0.9274
vn -0.1523 -0.7667 -0.6236
vn -0.1371 -0.9901 -0.0288
vn -0.8720 -0.4772 -0.1092
vn -0.8938 -0.3638 0.2625
vn -0.6312 0.7308 0.2597
vn 0.0093 -0.1500 -0.9886
vn 0.0182 -0.3279 -0.9445
vn 0.0177 0.4409 -0.8974
vn -0.0757 -0.9931 -0.0894
vn 0.0078 -0.1126 -0.9936
vn 0.0071 -0.2508 -0.9680
vn 0.0119 0.4172 -0.9087
vn -0.1194 -0.9912 -0.0573
vn -0.0252 -0.9966 0.0788
vn -0.0151 -0.9940 -0.1085
vn -0.0040 -0.9414 0.3372
vn 0.0061 -0.1288 -0.9917
vn -0.0131 -0.9995 0.0301
vn 0.0230 0.0049 -0.9997
vn 0.0081 -0.0492 -0.9988
vn 0.0070 -0.0803 -0.9967
vn 0.0064 -0.0818 -0.9966
vn -0.0120 0.5877 -0.8090
vn -0.0035 -0.9963 -0.0855
vn 0.0156 -0.9319 0.3623
vn 0.0304 0.0989 -0.9946
vn 0.0247 0.2174 -0.9758
vn 0.0186 -0.0544 -0.9983
vn -0.0027 -0.8258 -0.5640
vn -0.0032 0.4672 -0.8841
vn -0.0171 0.6454 -0.7637
vn -0.0068 -0.8038 -0.5949
vn 0.0287 0.0328 -0.9990
vn 0.0144 -0.1381 -0.9903
vn 0.0001 0.4218 -0.9067
vn -0.0002 -0.7278 -0.6858
vn -0.0028 -0.8241 -0.5665
vn -0.0203 0.6584 -0.7524
vn 0.0119 0.3264 -0.9452
vn 0.0022 0.4275 -0.9040
vn 0.0037 -0.9577 0.2877
vn 0.0114 0.2799 -0.9599
vn 0.0218 0.0046 -0.9998
vn 0.0033 -0.3110 -0.9504
vn -0.0035 -0.3879 -0.9217
vn -0.0019 -0.3988 -0.9170
vn 0.0151 -0.0215 -0.9997
vn 0.0279 0.1113 -0.9934
vn 0.0185 -0.0881 -0.9959
vn -0.0135 0.5082 -0.8611
vn -0.0101 -0.5791 -0.8152
vn 0.0031 -0.9999 0.0117
vn -0.0068 -0.9397 0.3418
vn 0.0183 -0.0549 -0.9983
vn 0.0023 -0.2703 -0.9628
vn 0.0223 0.0103 -0.9997
vn 0.0145 -0.0955 -0.9953
vn -0.0022 -0.3417 -0.9398
vn 0.0200 0.0009 -0.9998
vn -0.0119 0.3578 -0.9337
vn -0.0614 0.9417 -0.3309
vn 0.0036 -0.9999 0.0136
vn 0.0044 -0.1497 -0.9887
vn 0.0028 0.2630 -0.9648
vn 0.0035 0.2596 -0.9657
vn 0.0032 -0.9948 -0.1015
vn 0.0033 -0.9948 -0.1017
vn 0.0034 -0.0940 -0.9956
vn -0.0270 0.4663 -0.8842
vn -0.0260 0.5019 -0.8645
vn -0.0384 0.6753 -0.7365
vn 0.0094 -0.3956 -0.9184
vn 0.0119 0.0489 -0.9987
vn 0.0061 -0.5758 -0.8175
vn -0.0500 0.9220 -0.3840
vn 0.0042 -0.1323 0.9912
vn 0.0054 -0.0270 -0.9996
vn 0.0026 -0.0499 -0.9988
vn 0.0178 0.1051 -0.9943
vn -0.0134 0.2998 -0.9539
vn -0.0021 -0.2587 -0.9659
vn -0.0026 0.1811 -0.9835
vn 0.0050 -0.3281 -0.9446
vn -0.0005 -0.8197 -0.5728
vn -0.0007 -0.9997 0.0263
vn 0.0108 -0.0063 -0.9999
vn 0.0011 -0.0516 -0.9987
vn 0.0079 -0.1567 -0.9876
vn 0.0002 -0.8237 -0.5670
vn 0.0033 -0.9393 0.3430
vn -0.0015 -0.8915 0.4530
vn 0.0098 -0.0342 -0.9994
vn 0.0091 -0.0850 -0.9963
vn 0.0149 -0.3422 -0.9395
vn -0.0391 0.5819 -0.8123
vn 0.0032 -0.4550 0.8905
vn 0.0040 -0.4815 -0.8765
vn -0.0033 -0.7313 -0.6821
vn -0.0050 -0.9774 0.2114
vn 0.0250 -0.2508 -0.9677
vn -0.0231 0.3841 -0.9230
vn 0.2016 -0.0335 -0.9789
vn 0.8432 -0.3237 -0.4292
vn 0.0136 -0.0516 -0.9986
vn 0.0153 -0.2775 -0.9606
vn -0.0520 0.9297 -0.3646
vn 0.7922 0.1389 -0.5943
vn 0.7175 0.0793 -0.6921
vn 0.7078 -0.0049 -0.7064
vn 0.9808 -0.1034 -0.1656
vn -0.3005 0.0388 -0.9530
vn -0.1514 -0.0720 -0.9859
vn -0.1162 -0.1250 -0.9853
vn -0.1822 0.1410 -0.9731
vn -0.3503 -0.0347 -0.9360
vn -0.2980 -0.0471 -0.9534
vn -0.2125 -0.1396 -0.9671
vn -0.0159 0.1767 -0.9841
vn 0.0204 -0.1371 -0.9903
vn 0.5562 0.0709 -0.8280
vn 0.6107 0.0888 -0.7869
vn 0.6414 0.0623 -0.7647
vn 0.6333 0.0007 -0.7739
vn 0.7601 -0.0739 -0.6456
vn 0.8120 -0.1769 -0.5561
vn -0.2894 0.0005 -0.9572
vn -0.3947 0.0859 -0.9148
vn -0.1845 -0.1661 -0.9687
vn -0.2207 -0.1446 -0.9646
vn 0.0253 -0.3011 -0.9533
vn -0.0056 0.0381 -0.9993
vn -0.0164 0.1782 -0.9839
vn 0.0117 -0.0888 -0.9960
vn -0.0185 0.3014 -0.9533
vn -0.0289 0.4567 -0.8892
vn 0.5042 0.0001 -0.8636
vn 0.5162 -0.0147 -0.8563
vn -0.2462 -0.1158 0.9623
vn 0.5498 0.0824 -0.8312
vn 0.8557 -0.5041 0.1171
vn -0.1418 -0.2660 0.9535
vn -0.3081 -0.1540 -0.9388
vn -0.2927 0.2396 -0.9257
vn -0.3378 0.1293 -0.9323
vn 0.0725 -0.4613 -0.8843
vn -0.0063 0.0393 -0.9992
vn 0.8096 -0.5843 0.0565
vn -0.0235 0.2684 -0.9630
vn -0.0516 0.9294 -0.3653
vn 0.6542 -0.1540 -0.7404
vn 0.6748 -0.2769 -0.6841
vn 0.4858 -0.6431 0.5920
vn 0.5732 0.0067 -0.8194
vn 0.7563 -0.1097 -0.6450
vn 0.7763 -0.1930 -0.6001
vn 0.4013 0.3947 -0.8266
vn -0.4615 0.0137 -0.8870
vn -0.5092 0.0698 -0.8578
vn -0.1332 -0.3420 -0.9302
vn -0.3036 -0.1992 -0.9318
vn -0.5297 -0.0484 -0.8468
vn -0.4627 -0.0600 -0.8845
vn -0.1550 -0.3716 -0.9154
vn -0.4515 -0.1008 -0.8865
vn -0.0206 0.3091 -0.9508
vn -0.0086 -0.9959 -0.0905
vn 0.5922 0.1875 -0.7837
vn 0.5622 0.0441 -0.8258
vn 0.8078 -0.1379 -0.5731
vn 0.5470 0.2816 -0.7883
vn 0.5451 0.0764 -0.8349
vn 0.8452 -0.4520 -0.2852
vn 0.8652 -0.4937 -0.0881
vn -0.4963 0.0324 -0.8675
vn -0.4948 0.0974 -0.8635
vn -0.4909 -0.0338 -0.8705
vn 0.6536 -0.6625 -0.3659
vn -0.0687 -0.4107 -0.9092
vn -0.4967 -0.0338 -0.8673
vn 0.0020 0.0072 -1.0000
vn 0.0058 -0.0412 -0.9991
vn -0.2128 -0.5004 -0.8393
vn 0.0580 -0.3363 -0.9400
vn -0.0158 -0.9945 -0.1036
vn -0.0039 -0.9998 0.0170
vn 0.6073 0.1445 -0.7813
vn 0.5419 -0.2316 -0.8079
vn 0.5392 0.6827 -0.4931
vn 0.0744 -0.7542 0.6524
vn 0.6178 0.0426 -0.7852
vn 0.4329 0.1775 -0.8838
vn 0.5081 0.0832 -0.8572
vn 0.0086 -0.0415 -0.9991
vn -0.4860 0.1432 -0.8621
vn -0.4962 -0.3525 -0.7934
vn 0.0562 -0.2309 -0.9714
vn -0.0235 -0.8815 -0.4716
vn 0.5189 -0.1719 -0.8374
vn 0.5302 0.4797 -0.6991
vn -0.1464 -0.6303 0.7624
vn 0.4911 0.0536 -0.8695
vn 0.5021 0.1088 -0.8579
vn 0.6158 0.0044 -0.7879
vn 0.6968 -0.6838 0.2163
vn 0.0094 -0.4783 0.8781
vn -0.3985 0.1372 -0.9068
vn -0.4735 0.0154 -0.8806
vn -0.4325 -0.0292 -0.9012
vn 0.6739 -0.7353 -0.0717
vn 0.0107 -0.0893 -0.9959
vn -0.4973 -0.3506 -0.7936
vn 0.0190 -0.1356 -0.9906
vn -0.3629 -0.8310 -0.4217
vn 0.0091 -0.7375 -0.6752
vn 0.0172 -0.9075 0.4197
vn 0.5145 -0.0437 -0.8564
vn 0.5032 0.0006 -0.8642
vn 0.5793 0.4336 -0.6902
vn 0.2870 -0.6893 -0.6652
vn -0.3648 -0.6236 0.6914
vn 0.6201 0.0093 -0.7845
vn 0.7135 -0.2936 -0.6362
vn 0.7403 -0.1643 -0.6519
vn 0.4540 0.6777 -0.5785
vn 0.4234 0.1804 -0.8878
vn -0.3581 0.0173 0.9335
vn -0.3494 0.0028 -0.9370
vn -0.3697 -0.0322 -0.9286
vn -0.3582 0.1078 -0.9274
vn -0.3791 -0.1606 -0.9113
vn -0.4112 -0.1268 -0.9027
vn 0.7032 -0.7102 -0.0353
vn 0.5172 -0.7930 -0.3219
vn -0.5326 0.0651 -0.8438
vn -0.5235 -0.0148 -0.8519
vn -0.5128 -0.0291 -0.8580
vn -0.5169 -0.0330 -0.8554
vn -0.5032 -0.0802 -0.8604
vn 0.0325 -0.3646 -0.9306
vn -0.1620 -0.7873 -0.5949
vn 0.0273 -0.5210 -0.8531
vn 0.0397 -0.4719 -0.8808
vn 0.0114 -0.8100 -0.5864
vn 0.0291 -0.9321 -0.3610
vn 0.0539 -0.8633 0.5018
vn 0.5155 0.0086 -0.8569
vn 0.5261 -0.0460 -0.8492
vn -0.5698 -0.2739 0.7748
vn -0.4975 -0.0354 0.8668
vn -0.4804 -0.0175 0.8769
vn -0.4918 -0.0239 0.8704
vn 0.5501 0.0241 -0.8348
vn 0.3779 0.1690 -0.9103
vn 0.3792 0.1715 -0.9093
vn -0.4331 -0.0608 -0.8993
vn -0.2017 -0.3689 -0.9073
vn -0.3136 -0.2847 -0.9059
vn -0.0203 -0.0083 -0.9998
vn -0.0288 0.1770 -0.9838
vn -0.0001 -0.0590 -0.9983
vn -0.2917 -0.1964 -0.9361
vn 0.1003 -0.6120 -0.7845
vn 0.0353 -0.6897 -0.7232
vn 0.0259 -0.9995 0.0189
vn 0.0198 -0.9797 0.1994
vn 0.5654 0.1322 -0.8141
vn 0.4886 -0.0321 -0.8719
vn 0.5302 -0.0420 -0.8468
vn 0.5269 -0.0307 -0.8494
vn 0.5974 -0.4960 -0.6302
vn 0.6990 -0.1481 -0.6996
vn 0.4994 0.1089 -0.8595
vn 0.7251 -0.6041 -0.3305
vn 0.3657 0.1786 -0.9134
vn 0.3796 -0.8072 0.4521
vn 0.0099 -0.0948 -0.9954
vn 0.0234 -0.2348 -0.9718
vn -0.5325 0.0650 -0.8439
vn -0.4568 -0.0044 -0.8895
vn -0.0520 0.5820 -0.8115
vn 0.0420 -0.9923 -0.1168
vn 0.0105 -0.9833 0.1819
vn 0.5763 0.4269 -0.6969
vn 0.3410 -0.3058 -0.8889
vn 0.6691 -0.6968 -0.2583
vn 0.2930 0.6296 -0.7196
vn 0.0078 -0.6594 0.7517
vn -0.3506 0.0194 0.9363
vn -0.4162 0.0362 -0.9085
vn -0.4289 -0.0014 -0.9034
vn 0.4202 -0.8651 -0.2738
vn 0.3042 -0.8679 -0.3926
vn 0.6015 -0.7891 0.1245
vn -0.4500 -0.0005 -0.8930
vn -0.4492 -0.0346 -0.8928
vn -0.4510 -0.1235 -0.8839
vn -0.5331 -0.1597 -0.8309
vn 0.2969 -0.1140 -0.9481
vn -0.5658 -0.8078 0.1652
vn -0.0535 0.5114 -0.8577
vn 0.0226 -0.9440 -0.3291
vn 0.0324 -0.9948 -0.0967
vn 0.0195 -0.9993 0.0309
vn 0.5387 -0.0870 -0.8380
vn 0.5773 -0.1625 -0.8002
vn 0.4048 -0.0483 -0.9131
vn 0.4049 0.0112 -0.9143
vn 0.3951 -0.0101 -0.9186
vn -0.1462 -0.5399 -0.8289
vn -0.6950 -0.7180 0.0371
vn -0.5131 -0.6931 0.5062
vn -0.3967 -0.1546 0.9048
vn -0.4225 -0.0279 0.9059
vn 0.4546 0.1254 -0.8818
vn 0.3938 0.1873 -0.8999
vn 0.4004 0.2200 -0.8895
vn 0.3330 0.1762 -0.9263
vn -0.4125 -0.1282 -0.9019
vn -0.3484 -0.2803 -0.8944
vn -0.0214 0.0394 -0.9990
vn -0.4448 -0.0307 -0.8951
vn 0.0135 -0.3493 -0.9369
vn -0.6727 -0.1693 -0.7203
vn -0.6682 -0.7438 0.0151
vn 0.4088 -0.8665 0.2864
vn 0.4032 -0.0498 -0.9138
vn 0.4012 0.0136 -0.9159
vn 0.0182 -0.1549 -0.9878
vn -0.4131 -0.4004 -0.8180
vn -0.4349 -0.4326 -0.7898
vn -0.8357 -0.4768 0.2725
vn -0.7642 -0.2618 0.5895
vn 0.5494 0.0583 -0.8335
vn 0.6535 -0.2244 -0.7229
vn 0.6453 -0.4917 -0.5846
vn 0.4084 0.1693 -0.8970
vn 0.2943 -0.9266 0.2341
vn 0.3579 0.2749 -0.8924
vn -0.0341 -0.6624 0.7484
vn 0.4297 0.6307 -0.6462
vn 0.4027 0.0953 -0.9103
vn -0.3383 0.1311 -0.9319
vn -0.3779 -0.0739 -0.9229
vn -0.3958 -0.0365 -0.9176
vn -0.3941 0.0027 -0.9191
vn -0.4224 0.0093 -0.9064
vn -0.4342 -0.0595 -0.8988
vn -0.4172 -0.1802 -0.8908
vn -0.3588 -0.3528 -0.8642
vn -0.0307 0.0798 -0.9963
vn -0.0423 0.3834 -0.9226
vn -0.2912 0.7951 -0.5320
vn -0.4340 0.1048 -0.8948
vn -0.4770 0.0368 -0.8782
vn -0.5293 -0.0705 -0.8455
vn -0.6693 -0.1830 -0.7200
vn -0.0349 0.4601 -0.8872
vn -0.8568 -0.5123 -0.0585
vn 0.0436 -0.9868 0.1559
vn 0.3227 -0.7833 -0.5313
vn 0.3319 -0.4961 -0.8023
vn 0.4504 -0.1113 -0.8859
vn 0.1807 0.0021 -0.9835
vn 0.5495 0.0315 -0.8349
vn 0.3688 0.0988 -0.9242
vn -0.4092 -0.0350 -0.9118
vn -0.3690 -0.3548 -0.8590
vn 0.0347 -0.9175 -0.3963
vn 0.3422 -0.9395 -0.0132
vn -0.0405 0.2537 -0.9664
vn -0.0437 0.2352 -0.9710
vn 0.0028 -0.3173 -0.9483
vn -0.2489 0.0176 -0.9684
vn -0.8714 -0.2328 -0.4318
vn -0.6879 -0.3317 0.6456
vn 0.0234 -0.9949 -0.0978
vn -0.0224 -0.9994 0.0267
vn 0.2671 -0.1851 -0.9457
vn 0.2299 -0.0352 -0.9726
vn 0.2533 -0.0177 -0.9672
vn -0.3619 -0.2090 -0.9085
vn -0.3388 -0.1486 -0.9290
vn -0.9249 -0.3385 -0.1729
vn 0.3199 -0.9474 -0.0059
vn 0.2350 -0.9528 0.1920
vn 0.0962 0.7535 -0.6504
vn 0.0893 -0.9335 -0.3472
vn -0.2190 -0.6884 -0.6915
vn 0.0109 -0.0269 -0.9996
vn 0.0158 -0.1418 -0.9898
vn -0.0374 0.3931 -0.9187
vn -0.1406 -0.2081 -0.9679
vn -0.1483 -0.3563 -0.9225
vn -0.3647 0.0964 -0.9261
vn -0.4529 0.0004 -0.8915
vn -0.6189 -0.0823 -0.7812
vn -0.8027 -0.2413 -0.5454
vn -0.8344 -0.3281 0.4428
vn -0.0675 0.6149 -0.7857
vn -0.0222 -0.9991 -0.0355
vn -0.0321 -0.9985 0.0435
vn 0.5777 -0.4001 -0.7115
vn -0.1512 -0.0780 -0.9854
vn -0.4175 -0.1778 -0.8911
vn -0.4221 -0.1828 -0.8879
vn -0.8935 -0.4339 -0.1153
vn -0.4323 0.0180 0.9016
vn -0.4435 0.0475 0.8950
vn -0.4466 -0.0062 0.8947
vn -0.6835 -0.1405 0.7163
vn 0.4969 -0.0164 -0.8676
vn 0.5528 -0.3916 -0.7355
vn 0.4689 0.1565 -0.8693
vn 0.4127 0.1698 -0.8949
vn 0.4440 0.2437 -0.8623
vn -0.4372 -0.0475 -0.8981
vn -0.4490 -0.0088 -0.8935
vn -0.0588 -0.4666 -0.8825
vn -0.6045 -0.0292 -0.7961
vn -0.7243 -0.0866 -0.6840
vn -0.6564 -0.0203 -0.7541
vn -0.8237 -0.2621 0.5027
vn -0.1234 -0.6366 0.7612
vn 0.0802 -0.9870 0.1390
vn -0.0366 -0.9982 0.0475
vn -0.0194 0.5814 -0.8134
vn 0.0707 -0.3691 -0.9267
vn 0.0079 -0.4052 -0.9142
vn -0.1049 -0.1657 -0.9806
vn -0.1790 -0.1509 -0.9722
vn -0.8926 -0.2041 0.4019
vn 0.4463 0.1858 -0.8754
vn -0.2578 -0.6587 0.7069
vn 0.4383 0.1481 -0.8866
vn 0.4630 0.2113 -0.8608
vn -0.4561 -0.0397 -0.8890
vn -0.4543 -0.0711 -0.8880
vn -0.4596 -0.2082 -0.8634
vn -0.4196 -0.3160 -0.8510
vn -0.0456 0.3188 -0.9467
vn 0.0158 -0.2275 -0.9736
vn 0.0113 -0.3254 -0.9455
vn -0.5177 -0.2918 -0.8043
vn -0.5536 -0.0326 -0.8322
vn -0.8906 -0.1031 -0.4430
vn -0.9188 -0.2049 0.3374
vn -0.3603 -0.3747 -0.8543
vn -0.8615 -0.2043 -0.4649
vn -0.8974 -0.2335 -0.3745
vn -0.9871 -0.0619 0.1478
vn -0.4752 0.0184 0.8797
vn -0.7433 -0.0403 0.6677
vn 0.4086 0.1326 -0.9030
vn 0.4070 -0.4889 -0.7715
vn 0.4396 0.1638 -0.8831
vn 0.4991 0.2203 -0.8381
vn -0.4522 -0.0713 -0.8890
vn -0.4236 -0.3243 -0.8458
vn -0.0440 -0.9975 -0.0549
vn -0.0082 0.0005 -1.0000
vn 0.0138 -0.1350 -0.9908
vn 0.0078 -0.2488 -0.9685
vn -0.8281 -0.1211 -0.5474
vn -0.9046 -0.1734 -0.3893
vn -0.9581 -0.2402 0.1564
vn -0.3276 -0.8740 0.3587
vn -0.2602 -0.8994 -0.3513
vn -0.2128 -0.9727 -0.0929
vn -0.9546 -0.2661 -0.1341
vn -0.7925 -0.2359 -0.5623
vn -0.9138 -0.1211 0.3878
vn 0.1678 -0.9629 -0.2114
vn 0.4566 0.1428 -0.8782
vn -0.3048 -0.6371 0.7080
vn -0.2855 -0.5803 0.7628
vn -0.4648 -0.0710 -0.8826
vn -0.4674 0.0339 -0.8834
vn -0.3749 -0.5128 -0.7724
vn 0.0798 -0.9967 -0.0155
vn -0.0207 0.0430 -0.9989
vn -0.0187 0.0293 -0.9994
vn 0.0110 -0.3258 -0.9454
vn 0.0118 -0.4259 -0.9047
vn 0.0300 -0.4738 -0.8801
vn -0.3627 -0.4065 -0.8386
vn 0.3510 -0.0512 -0.9350
vn 0.3657 -0.3021 -0.8804
vn 0.1545 -0.9681 -0.1971
vn -0.1435 -0.9266 0.3474
vn 0.4790 0.1479 -0.8653
vn 0.4551 0.1891 -0.8702
vn -0.4878 -0.0370 0.8722
vn -0.4830 -0.0504 -0.8742
vn -0.4490 0.0280 -0.8931
vn -0.4658 -0.2036 -0.8612
vn -0.3826 -0.5416 -0.7485
vn -0.3184 -0.7324 -0.6019
vn 0.0637 -0.9941 0.0884
vn -0.0625 0.1093 -0.9920
vn -0.0319 0.4949 -0.8684
vn -0.0017 -0.9992 0.0402
vn -0.0546 -0.9071 0.4175
vn -0.0613 -0.6850 0.7259
vn 0.3901 0.1235 -0.9125
vn 0.3379 -0.0252 -0.9408
vn 0.1703 -0.7538 -0.6346
vn -0.4422 -0.0227 -0.8966
vn -0.4546 -0.0650 -0.8883
vn -0.4720 -0.1337 -0.8714
vn -0.4707 -0.1924 -0.8611
vn -0.4698 -0.2692 -0.8407
vn 0.3357 -0.8970 0.2875
vn -0.3042 -0.7981 -0.5201
vn 0.0259 -0.0640 -0.9976
vn 0.0264 -0.0849 -0.9960
vn -0.0447 0.3962 -0.9171
vn -0.0409 0.4740 -0.8796
vn -0.0184 -0.9270 0.3745
vn 0.4376 0.1300 -0.8897
vn 0.4721 0.1665 -0.8657
vn 0.5051 0.2155 -0.8357
vn 0.3431 0.7425 -0.5753
vn -0.4545 -0.1345 0.8806
vn 0.0179 -0.0076 -0.9998
vn -0.0603 0.2326 -0.9707
vn 0.0239 -0.0665 -0.9975
vn 0.0146 -0.7809 -0.6244
vn 0.0054 -0.8846 -0.4663
vn 0.0884 -0.9906 0.1045
vn 0.5104 0.0926 -0.8550
vn 0.5337 -0.0177 -0.8455
vn 0.4519 -0.4729 -0.7564
vn 0.4538 -0.6470 -0.6127
vn -0.2790 -0.8729 0.4003
vn -0.2315 -0.9060 0.3544
vn 0.4655 0.1651 -0.8695
vn 0.4625 0.1565 -0.8727
vn -0.4373 -0.4168 0.7969
vn -0.5210 -0.0688 -0.8508
vn -0.3790 0.0783 -0.9221
vn -0.4436 -0.4604 -0.7689
vn -0.3928 -0.7615 -0.5156
vn -0.4071 -0.7432 -0.5310
vn -0.1125 0.9436 -0.3113
vn 0.0745 -0.9818 -0.1749
vn -0.0026 -0.9274 0.3740
vn 0.5260 0.1645 -0.8344
vn 0.4624 0.1349 -0.8764
vn 0.4628 0.1330 -0.8764
vn -0.2438 -0.9461 0.2131
vn 0.4399 0.1371 -0.8875
vn -0.4529 0.0193 -0.8914
vn -0.4343 -0.0271 -0.9004
vn -0.4907 -0.2986 -0.8186
vn 0.3319 -0.7269 0.6012
vn -0.0642 0.2377 -0.9692
vn -0.0530 0.3192 -0.9462
vn -0.0670 0.2951 -0.9531
vn 0.0448 -0.3482 -0.9364
vn -0.0836 0.7052 -0.7040
vn 0.0318 -0.8211 -0.5700
vn -0.0952 0.7301 -0.6767
vn 0.0089 -0.6969 0.7171
vn 0.0193 -0.8287 -0.5593
vn 0.4575 0.1807 -0.8706
vn -0.4491 -0.5308 0.7188
vn -0.4838 0.0442 -0.8741
vn -0.4526 0.0231 -0.8914
vn -0.4549 -0.1960 -0.8687
vn -0.0011 0.0064 -1.0000
vn 0.0804 -0.1085 -0.9908
vn -0.0574 0.3720 -0.9265
vn 0.0517 -0.9777 -0.2035
vn 0.0368 -0.9707 -0.2375
vn -0.1304 0.9557 0.2641
vn 0.0331 -0.9852 0.1680
vn 0.0246 -0.9828 0.1828
vn 0.0139 -0.9135 0.4066
vn 0.0063 -0.6925 0.7214
vn 0.5231 0.1679 -0.8356
vn 0.3847 -0.2152 -0.8976
vn -0.8236 -0.5122 -0.2435
vn 0.4636 0.1489 -0.8735
vn 0.4269 0.3348 -0.8400
vn -0.5119 -0.0080 0.8590
vn -0.4558 -0.0647 -0.8877
vn -0.4385 -0.7284 -0.5264
vn -0.0416 -0.9240 0.3800
vn -0.3234 -0.9448 -0.0529
vn 0.0550 -0.2362 -0.9702
vn 0.3011 -0.1502 -0.9417
vn -0.0490 -0.7799 -0.6240
vn 0.4162 0.1518 -0.8965
vn -0.0823 -0.9325 -0.3517
vn -0.4889 -0.5918 0.6409
vn 0.4821 0.1435 -0.8643
vn 0.3691 0.4067 -0.8357
vn -0.4616 -0.1365 -0.8765
vn -0.4739 -0.3031 -0.8268
vn 0.0561 -0.1521 -0.9868
vn 0.0606 -0.2259 -0.9723
vn -0.0062 -0.6147 -0.7887
vn 0.4407 0.1849 -0.8784
vn 0.2440 -0.1993 -0.9491
vn 0.0674 -0.4551 -0.8879
vn 0.0914 -0.8554 -0.5099
vn 0.4126 0.1592 -0.8969
vn 0.4289 0.4563 -0.7797
vn -0.4597 -0.1295 0.8786
vn -0.4253 -0.0462 -0.9039
vn -0.4494 -0.1229 -0.8848
vn -0.4862 -0.6291 -0.6066
vn -0.4218 -0.9058 -0.0403
vn 0.0567 0.0077 -0.9984
vn 0.0519 0.0002 -0.9987
vn -0.0433 0.0652 -0.9969
vn 0.0972 -0.0755 -0.9924
vn 0.0952 -0.1095 -0.9894
vn 0.0868 -0.1218 -0.9887
vn 0.0810 -0.2355 -0.9685
vn 0.0339 -0.2849 -0.9580
vn -0.0777 0.3702 -0.9257
vn -0.0112 -0.6439 -0.7650
vn -0.0113 -0.6527 -0.7576
vn -0.0477 -0.8612 -0.5060
vn -0.0364 -0.9614 -0.2727
vn -0.3494 -0.9186 -0.1845
vn 0.0786 0.6869 -0.7225
vn 0.3813 0.1336 -0.9148
vn -0.4777 -0.6101 0.6322
vn 0.0374 0.8193 -0.5722
vn -0.5147 -0.2816 0.8098
vn -0.4038 0.0401 0.9140
vn -0.4322 0.0485 -0.9005
vn -0.5134 -0.4740 -0.7154
vn 0.0319 0.0573 -0.9978
vn 0.0878 -0.0846 -0.9925
vn 0.0110 -0.4265 -0.9044
vn -0.0814 0.4851 -0.8707
vn -0.3189 -0.5816 -0.7483
vn 0.4351 0.1600 -0.8860
vn 0.4402 0.1530 -0.8847
vn -0.4004 0.0742 -0.9133
vn -0.4135 0.0143 -0.9104
vn -0.4071 0.0244 -0.9131
vn -0.4137 -0.0530 -0.9089
vn -0.5041 -0.3739 -0.7785
vn -0.5123 -0.3828 -0.7688
vn -0.6821 -0.5354 -0.4980
vn 0.3799 0.0622 -0.9229
vn 0.0576 -0.7928 0.6067
vn -0.0495 0.1220 -0.9913
vn -0.0815 0.3026 -0.9496
vn 0.0311 -0.3764 -0.9259
vn 0.0137 -0.4390 -0.8984
vn -0.0932 0.3943 -0.9142
vn -0.0516 -0.8563 -0.5140
vn -0.1986 0.9340 -0.2970
vn -0.0491 -0.8890 0.4553
vn 0.4758 0.1930 -0.8581
vn 0.7045 0.0297 -0.7091
vn 0.4292 -0.2145 -0.8774
vn 0.1278 -0.4705 -0.8731
vn 0.3371 0.2235 -0.9145
vn -0.1988 -0.9097 -0.3646
vn -0.2349 -0.6153 -0.7524
vn 0.3801 0.1095 -0.9184
vn 0.3129 0.2549 -0.9149
vn 0.3981 0.1706 -0.9013
vn -0.4106 -0.1247 -0.9032
vn -0.6180 -0.6056 -0.5013
vn -0.6197 -0.6069 -0.4977
vn 0.0085 0.0734 -0.9973
vn 0.2391 0.0107 -0.9709
vn 0.3315 -0.0887 -0.9393
vn 0.7197 0.1271 -0.6826
vn -0.3787 -0.8522 0.3611
vn -0.0681 0.1502 -0.9863
vn 0.1046 -0.9148 0.3900
vn 0.2563 -0.9656 0.0450
vn 0.1640 -0.2220 -0.9611
vn -0.0547 -0.8101 -0.5837
vn -0.1292 0.7392 -0.6610
vn -0.1903 0.9296 -0.3156
vn 0.7911 0.5013 -0.3504
vn 0.6150 0.3022 -0.7283
vn 0.4423 -0.1070 -0.8905
vn 0.3233 -0.5878 -0.7416
vn 0.3852 0.1253 -0.9143
vn -0.7866 -0.5519 0.2768
vn -0.0171 0.7541 -0.6566
vn -0.4589 0.2541 -0.8514
vn -0.4310 -0.1691 -0.8864
vn -0.4677 -0.2252 -0.8547
vn 0.2326 0.0531 -0.9711
vn 0.2011 0.0166 -0.9794
vn -0.0248 0.1584 -0.9871
vn -0.1413 0.6097 -0.7799
vn -0.1276 0.6700 -0.7313
vn -0.0955 -0.9902 0.1017
vn -0.2932 -0.6891 -0.6627
vn 0.4977 0.0587 -0.8654
vn 0.4408 0.1401 -0.8866
vn -0.5180 -0.8290 -0.2107
vn 0.4164 -0.7668 -0.4885
vn -0.4295 -0.0639 -0.9008
vn -0.4288 -0.0805 -0.8998
vn -0.7434 -0.5098 -0.4329
vn -0.4581 -0.5875 -0.6671
vn 0.1788 0.0778 -0.9808
vn -0.7159 -0.5512 -0.4286
vn -0.0215 0.0912 -0.9956
vn -0.0870 0.2153 -0.9727
vn -0.0960 -0.8896 -0.4465
vn -0.0531 -0.9113 -0.4083
vn -0.6913 -0.7188 0.0740
vn -0.2233 -0.9485 0.2249
vn 0.2114 0.3084 -0.9275
vn 0.4043 0.2752 -0.8722
vn -0.6482 -0.6416 0.4101
vn -0.6749 -0.5144 0.5291
vn -0.4284 0.0098 -0.9035
vn -0.4634 -0.2255 -0.8570
vn 0.1389 0.2522 -0.9576
vn 0.1387 0.1887 -0.9722
vn -0.7679 -0.5741 -0.2841
vn -0.3957 -0.8508 -0.3459
vn -0.1020 -0.9793 -0.1747
vn -0.1015 -0.9224 0.3728
vn -0.6721 -0.5829 0.4567
vn -0.2298 0.5870 -0.7763
vn -0.6587 -0.5250 0.5389
vn -0.4447 0.1225 -0.8873
vn -0.6531 -0.4264 -0.6259
vn 0.1557 0.2588 -0.9533
vn -0.5893 -0.5210 -0.6175
vn -0.0759 0.1193 -0.9900
vn -0.0761 -0.6762 -0.7327
vn -0.0998 0.2500 -0.9631
vn -0.0647 0.1915 -0.9794
vn 0.0385 -0.3211 -0.9462
vn -0.1034 0.2814 -0.9540
vn -0.0545 -0.6227 -0.7806
vn -0.1691 0.6703 -0.7226
vn -0.2231 0.9303 -0.2910
vn -0.1142 -0.9733 -0.1990
vn -0.1107 -0.9829 0.1470
vn -0.0503 -0.6043 0.7951
vn -0.6753 0.5048 -0.5377
vn 0.1711 0.7923 -0.5856
vn -0.6878 -0.4066 0.6014
vn -0.4227 0.0265 -0.9059
vn -0.3981 -0.0975 -0.9121
vn -0.7444 0.1742 -0.6447
vn -0.4663 -0.1387 -0.8737
vn -0.4421 -0.2486 -0.8618
vn -0.3686 0.8718 0.3226
vn -0.0871 0.2387 -0.9672
vn -0.4865 -0.4193 -0.7665
vn -0.0870 -0.2392 -0.9671
vn -0.0574 0.1268 -0.9903
vn 0.0589 -0.3325 -0.9413
vn -0.0224 -0.4711 -0.8818
vn -0.1336 0.3865 -0.9125
vn -0.0767 -0.7236 0.6860
vn -0.8622 0.4118 0.2951
vn -0.6110 0.1668 -0.7739
vn -0.5390 -0.3385 -0.7713
vn -0.0460 0.1681 -0.9847
vn -0.0339 -0.4929 -0.8695
vn -0.1196 0.3012 -0.9460
vn -0.1596 0.4355 -0.8859
vn -0.0070 -0.4237 0.9058
vn -0.3151 -0.2173 0.9238
vn -0.3925 0.1944 -0.8990
vn -0.4207 0.0255 -0.9068
vn -0.3809 -0.0844 -0.9207
vn -0.3355 0.7926 -0.5092
vn -0.4181 -0.1723 -0.8919
vn -0.1921 0.5854 -0.7877
vn -0.1363 -0.9727 -0.1877
vn -0.5316 0.3740 0.7600
vn -0.1483 0.0644 -0.9868
vn -0.6756 0.5731 -0.4638
vn -0.0280 -0.2331 -0.9721
vn 0.0837 0.0823 -0.9931
vn -0.0794 0.1490 -0.9856
vn -0.0125 -0.3291 -0.9442
vn -0.1167 -0.8049 -0.5819
vn -0.1409 -0.9848 0.1020
vn -0.1181 -0.9032 0.4128
vn -0.0730 0.1674 -0.9832
vn -0.0985 0.2466 -0.9641
vn -0.0988 0.2626 -0.9598
vn -0.0402 -0.1749 -0.9838
vn -0.0621 0.2003 -0.9778
vn 0.0568 0.0380 -0.9977
vn -0.0363 -0.2560 -0.9660
vn -0.0874 -0.6742 -0.7334
vn -0.1188 -0.8087 -0.5761
vn -0.1222 -0.8334 -0.5390
vn -0.0676 -0.5700 0.8189
vn -0.1037 -0.0616 -0.9927
vn -0.0503 -0.1214 -0.9913
vn -0.0468 -0.1656 -0.9851
vn 0.2053 0.0142 -0.9786
vn -0.0329 -0.3551 -0.9343
vn -0.1342 0.3732 -0.9180
vn -0.1045 -0.0637 -0.9925
vn -0.3154 0.9110 -0.2659
vn -0.1569 -0.9604 -0.2305
vn -0.1314 0.0750 -0.9885
vn -0.1201 0.1034 -0.9874
vn -0.1594 0.2225 -0.9618
vn -0.0023 0.1983 -0.9801
vn 0.0115 0.1565 -0.9876
vn 0.2058 0.0106 -0.9785
vn -0.0992 -0.3651 -0.9257
vn -0.0985 -0.5186 -0.8493
vn -0.2292 0.5806 -0.7813
vn -0.1552 -0.8881 -0.4326
vn -0.1980 0.2313 -0.9525
vn -0.0990 -0.3649 -0.9258
vn -0.1257 -0.6060 -0.7855
vn -0.2853 0.7370 -0.6128
vn -0.3243 0.8994 -0.2931
vn -0.1746 -0.9109 0.3738
vn -0.1607 0.0874 -0.9831
vn -0.2403 0.1937 -0.9512
vn 0.1233 0.0061 -0.9924
vn -0.0933 -0.2679 -0.9589
vn -0.0780 0.3306 -0.9405
vn -0.1861 -0.9699 0.1570
vn -0.1285 -0.0637 -0.9897
vn -0.1449 -0.1606 -0.9763
vn -0.0222 0.2178 -0.9757
vn -0.0151 0.1031 -0.9946
vn -0.0467 0.2710 -0.9615
vn -0.0455 0.2625 -0.9639
vn -0.1158 -0.4375 -0.8917
vn -0.1668 -0.6454 -0.7454
vn -0.1796 -0.7870 -0.5902
vn -0.2255 0.6175 -0.7536
vn -0.3256 0.8993 -0.2920
vn -0.0134 0.0923 -0.9956
vn 0.1019 -0.0094 -0.9947
vn -0.1607 -0.0318 -0.9865
vn -0.1984 -0.8828 0.4258
vn -0.0108 0.0130 -0.9999
vn -0.0792 0.1603 -0.9839
vn -0.1609 -0.1797 -0.9705
vn -0.1881 -0.3611 -0.9133
vn -0.0689 0.3022 -0.9508
vn -0.2381 0.6307 -0.7386
vn -0.2092 -0.8261 -0.5233
vn -0.2068 -0.8555 -0.4748
vn -0.2225 -0.9569 -0.1868
vn -0.2249 -0.9693 0.0990
vn -0.1992 -0.6984 0.6874
vn -0.1565 -0.3972 0.9043
vn -0.0466 0.0639 -0.9969
vn -0.0436 0.0330 -0.9985
vn -0.0421 -0.1242 -0.9914
vn -0.1365 -0.0357 -0.9900
vn -0.1629 -0.2047 -0.9652
vn -0.1198 0.3533 -0.9278
vn -0.1217 0.3702 -0.9209
vn -0.2416 -0.9415 -0.2348
vn -0.2148 -0.0893 -0.9726
vn -0.2163 -0.1208 -0.9688
vn -0.1959 -0.3990 -0.8958
vn -0.1642 0.4537 -0.8759
vn -0.1587 -0.1024 -0.9820
vn -0.2098 -0.2557 -0.9437
vn -0.2452 -0.8647 0.4384
vn -0.1440 0.0129 -0.9895
vn -0.0997 0.1612 -0.9819
vn -0.0976 0.2248 -0.9695
vn -0.2129 -0.2835 -0.9350
vn -0.2457 -0.4716 -0.8469
vn -0.2526 -0.5771 -0.7766
vn -0.1645 0.4538 -0.8758
vn -0.2671 -0.9516 0.1519
vn -0.1316 0.1341 -0.9822
vn -0.1480 0.0868 -0.9852
vn -0.1422 0.0754 -0.9870
vn -0.1619 0.0259 -0.9865
vn -0.1804 -0.1221 -0.9760
vn -0.0737 0.3052 -0.9494
vn -0.1164 0.3895 -0.9137
vn -0.1644 0.4550 -0.8752
vn -0.2698 -0.1246 -0.9548
vn -0.2975 -0.6590 -0.6908
vn -0.2647 0.6129 -0.7445
vn -0.2931 -0.7853 -0.5454
vn -0.2977 -0.7685 -0.5664
vn -0.3018 -0.9461 0.1175
vn -0.2586 -0.6477 0.7167
vn -0.2087 -0.0882 0.9740
vn -0.3192 0.6472 -0.6923
vn -0.3612 0.7410 -0.5661
vn -0.2986 -0.9282 -0.2221
vn -0.3053 -0.8232 0.4787
vn -0.2721 -0.5613 0.7816
vn -0.2016 -0.1259 -0.9714
vn -0.2502 -0.1959 -0.9482
vn -0.3336 -0.8962 -0.2926
vn -0.3463 -0.9223 0.1716
vn -0.2329 0.0071 -0.9725
vn -0.0936 0.2218 -0.9706
vn -0.1284 0.1336 -0.9827
vn -0.2087 0.0836 -0.9744
vn -0.2435 -0.2024 -0.9485
vn -0.2450 -0.1896 -0.9508
vn -0.2670 -0.1099 -0.9574
vn -0.0985 0.2710 -0.9575
vn -0.2559 -0.3227 -0.9113
vn -0.2710 -0.4323 -0.8600
vn -0.2132 0.4534 -0.8654
vn -0.1679 0.0977 -0.9809
vn -0.2037 -0.0170 -0.9789
vn -0.2565 0.0166 -0.9664
vn -0.3496 0.6234 -0.6994
vn -0.4797 0.8343 -0.2715
vn -0.2783 -0.2932 0.9146
vn -0.2141 -0.0062 -0.9768
vn -0.1052 0.2766 -0.9552
vn -0.1621 0.3905 -0.9062
vn -0.2094 0.4778 -0.8531
vn -0.3448 0.6108 -0.7128
vn -0.3405 -0.6313 -0.6968
vn -0.2488 0.0961 -0.9638
vn -0.2810 -0.2831 -0.9170
vn -0.3007 -0.4471 -0.8424
vn -0.4314 0.6798 -0.5932
vn -0.3871 -0.8069 -0.4461
vn -0.4111 -0.8489 -0.3322
vn -0.3863 -0.8824 -0.2687
vn -0.3948 -0.9075 0.1437
vn 0.6521 0.2544 -0.7142
vn 0.5834 -0.1837 -0.7911
vn 0.5735 -0.1792 -0.7994
vn -0.0219 0.0645 -0.9977
vn -0.2310 -0.1409 -0.9627
vn -0.3426 -0.5199 -0.7825
vn -0.3736 -0.6570 -0.6548
vn -0.4103 -0.8942 0.1789
vn 0.4608 0.2367 -0.8554
vn 0.5135 0.1864 -0.8376
vn 0.4139 -0.0816 -0.9067
vn 0.6226 -0.6373 -0.4540
vn 0.5544 -0.7783 -0.2948
vn -0.1836 0.0154 -0.9829
vn -0.1222 0.2514 -0.9601
vn -0.0905 0.1448 -0.9853
vn -0.2851 -0.3792 -0.8803
vn -0.3202 0.1315 -0.9382
vn -0.2168 -0.1346 -0.9669
vn -0.2409 -0.1594 0.9574
vn 0.6829 -0.5434 0.4883
vn 0.0818 -0.2253 -0.9709
vn 0.2670 -0.5403 -0.7980
vn 0.4694 -0.8453 -0.2552
vn -0.1793 0.1095 -0.9777
vn -0.3234 0.5184 -0.7916
vn -0.2948 -0.2851 -0.9121
vn -0.3608 0.5713 -0.7372
vn -0.4207 -0.6976 0.5799
vn -0.3528 -0.5451 0.7605
vn -0.3303 -0.4517 0.8288
vn 0.5493 -0.6869 0.4758
vn 0.1211 -0.9756 0.1829
vn -0.0098 0.2012 -0.9795
vn -0.0945 -0.2185 -0.9713
vn -0.1777 -0.1764 -0.9681
vn 0.0389 -0.9114 -0.4096
vn 0.5122 -0.7592 -0.4016
vn -0.2079 0.2573 -0.9437
vn -0.1743 0.1122 -0.9783
vn -0.1803 -0.1936 -0.9644
vn -0.1579 -0.2468 -0.9561
vn -0.3224 0.5463 -0.7731
vn -0.3397 -0.5190 -0.7844
vn -0.5024 -0.8398 0.2056
vn -0.4029 -0.6165 0.6765
vn 0.3242 -0.9138 0.2448
vn -0.0809 0.3883 -0.9180
vn -0.3297 -0.2972 -0.8961
vn -0.1436 -0.6426 -0.7526
vn -0.1965 0.2617 -0.9449
vn -0.1462 -0.9884 0.0403
vn -0.1696 0.0014 -0.9855
vn -0.4288 0.6254 -0.6519
vn -0.2562 -0.2590 -0.9313
vn -0.2483 -0.3418 -0.9064
vn -0.4555 0.6266 -0.6324
vn -0.4301 -0.6463 -0.6303
vn -0.4305 -0.6465 -0.6299
vn -0.4702 -0.8088 -0.3532
vn -0.4605 -0.8066 -0.3707
vn -0.0756 -0.9945 -0.0723
vn -0.1089 -0.9724 -0.2063
vn -0.0122 -0.9339 0.3573
vn -0.1032 -0.8484 0.5192
vn -0.1955 -0.2559 -0.9467
vn -0.2163 -0.3495 -0.9116
vn -0.5658 -0.7180 -0.4055
vn -0.1334 -0.9910 0.0118
vn -0.1266 -0.1796 -0.9755
vn -0.1830 0.0880 -0.9792
vn -0.4381 0.3511 -0.8275
vn -0.1421 -0.2092 -0.9675
vn -0.1952 -0.2349 -0.9522
vn -0.2042 -0.3794 -0.9024
vn -0.3295 -0.5747 -0.7491
vn -0.4777 -0.8445 0.2420
vn -0.1574 -0.9853 -0.0658
vn -0.4507 0.4625 -0.7635
vn -0.6126 0.2390 -0.7534
vn -0.4535 -0.1657 -0.8757
vn -0.2169 -0.3500 -0.9113
vn -0.3683 -0.8301 -0.4186
vn -0.3965 -0.8341 -0.3834
vn -0.4457 0.4694 -0.7622
vn -0.5535 0.6895 -0.4672
vn -0.2986 -0.7145 -0.6328
vn -0.3809 -0.7009 0.6030
vn -0.4737 -0.7927 0.3838
vn -0.6056 0.7195 0.3401
vn -0.5441 -0.8386 0.0272
vn -0.5987 -0.7769 0.1950
vn -0.5312 -0.7063 0.4679
vn -0.7398 0.2737 -0.6146
vn -0.5042 -0.1951 -0.8413
vn -0.4401 -0.3163 -0.8404
vn -0.6265 -0.7001 -0.3425
vn -0.7070 -0.6526 -0.2725
vn -0.4130 0.3902 -0.8229
vn -0.6175 -0.2422 -0.7484
vn -0.5989 0.7388 -0.3090
vn -0.3866 -0.8380 -0.3852
vn -0.4575 -0.8581 0.2331
vn -0.7264 -0.6362 0.2600
vn -0.6409 -0.7502 0.1627
vn -0.5188 -0.5056 0.6894
vn -0.8139 -0.1337 -0.5654
vn -0.7878 0.5676 -0.2393
vn -0.8047 0.5472 -0.2305
vn -0.8096 -0.5383 -0.2341
vn -0.7872 -0.5554 -0.2682
vn -0.1076 -0.0840 -0.9906
vn -0.1829 0.0700 -0.9806
vn -0.1783 0.0880 -0.9800
vn -0.1568 -0.1970 -0.9678
vn -0.1448 -0.2637 -0.9537
vn -0.5323 0.5584 -0.6363
vn -0.5277 0.5383 -0.6571
vn -0.3387 -0.5854 -0.7366
vn -0.3402 -0.7193 -0.6057
vn -0.4021 -0.8389 -0.3668
vn -0.6459 0.7337 0.2110
vn -0.3937 -0.8693 0.2988
vn -0.2797 -0.5254 0.8035
vn -0.8165 0.5438 0.1941
vn -0.6929 -0.6205 0.3673
vn -0.9194 -0.3432 0.1923
vn -0.8696 0.4157 0.2665
vn -0.9248 -0.3075 0.2238
vn -0.7833 0.2780 0.5561
vn -0.7161 -0.0861 0.6927
vn -0.8407 -0.2808 0.4630
vn -0.9008 0.1837 -0.3935
vn -0.9140 0.1179 -0.3882
vn -0.9740 0.0028 -0.2264
vn -0.5225 -0.0422 -0.8516
vn -0.3649 0.1389 -0.9206
vn -0.3693 0.0084 -0.9293
vn -0.2025 -0.0055 -0.9793
vn -0.1782 -0.1685 -0.9695
vn -0.4872 0.3628 -0.7943
vn -0.4863 0.2926 -0.8234
vn -0.5610 0.6059 -0.5640
vn -0.6284 0.7207 -0.2927
vn -0.1981 -0.9154 -0.3505
vn -0.9323 0.2909 0.2150
vn -0.2042 -0.0030 -0.9789
vn -0.5372 0.0877 -0.8389
vn -0.5475 0.4517 -0.7044
vn -0.2281 -0.5613 -0.7956
vn -0.2699 -0.7697 -0.5786
vn -0.2129 -0.7330 -0.6461
vn -0.1851 -0.9127 -0.3642
vn -0.2125 -0.9418 0.2604
vn -0.1655 -0.9376 0.3058
vn -0.2161 -0.7097 0.6706
vn -0.2124 0.0533 -0.9757
vn -0.1514 -0.2672 -0.9517
vn -0.1701 -0.3847 -0.9072
vn -0.3035 0.0458 -0.9517
vn -0.3118 0.1613 -0.9364
vn -0.1820 0.0090 -0.9833
vn -0.1454 -0.2529 -0.9565
vn -0.1536 -0.4193 -0.8947
vn -0.1654 -0.6431 -0.7477
vn -0.4821 0.1490 -0.8634
vn -0.1879 -0.1778 -0.9659
vn -0.5121 0.5196 -0.6839
vn -0.2594 -0.7298 -0.6325
vn 0.0839 -0.9150 -0.3945
vn 0.0494 -0.9986 0.0187
vn 0.1113 -0.9348 0.3372
vn -0.0867 -0.7455 0.6608
vn -0.5009 0.1627 -0.8501
vn -0.6350 0.6463 -0.4232
vn 0.0182 -0.6069 -0.7945
vn 0.0315 -0.8750 -0.4830
vn -0.0898 -0.7416 0.6648
vn -0.3697 0.2436 -0.8967
vn -0.2930 0.0347 -0.9555
vn -0.1820 0.0045 -0.9833
vn -0.0990 -0.2018 -0.9744
vn -0.3626 -0.9109 -0.1970
vn -0.9379 0.1078 -0.3297
vn -0.9127 0.1645 -0.3740
vn 0.0419 -0.6147 -0.7876
vn -0.1752 0.1853 -0.9669
vn -0.3529 0.1285 -0.9268
vn -0.4605 0.3397 -0.8201
vn -0.0311 -0.3624 -0.9315
vn 0.0023 -0.5664 -0.8241
vn 0.1628 -0.7938 -0.5860
vn 0.1790 -0.9830 0.0408
vn 0.0442 -0.6953 0.7174
vn -0.0741 0.1086 -0.9913
vn -0.2433 0.2321 -0.9418
vn -0.1925 0.3271 -0.9252
vn -0.1105 -0.2826 -0.9529
vn -0.6505 0.6492 -0.3943
vn 0.1892 -0.9819 0.0014
vn 0.1589 -0.8529 0.4973
vn 0.0853 -0.5179 0.8512
vn -0.1787 0.0072 -0.9839
vn -0.0348 -0.1551 -0.9873
vn 0.1954 -0.5462 -0.8145
vn 0.1682 -0.7982 -0.5784
vn 0.2038 -0.7841 0.5862
vn 0.0802 -0.2134 0.9737
vn -0.2130 0.1263 -0.9689
vn -0.0433 -0.3520 -0.9350
vn 0.1904 -0.3184 -0.9286
vn 0.1969 -0.5483 -0.8128
vn 0.2194 -0.8507 0.4777
vn -0.4832 0.5400 0.6891
vn -0.2671 0.2329 -0.9351
vn -0.3792 0.3661 -0.8498
vn 0.3553 -0.6704 -0.6513
vn 0.3106 -0.6052 0.7330
vn -0.2149 0.1283 -0.9682
vn -0.1084 -0.0944 -0.9896
vn -0.3497 0.3069 -0.8852
vn 0.0536 -0.2739 -0.9603
vn 0.1448 -0.2502 -0.9573
vn -0.5325 0.5153 -0.6716
vn -0.6911 0.6549 -0.3058
vn 0.2496 -0.8936 -0.3730
vn 0.3622 -0.9305 0.0551
vn -0.6856 0.6689 0.2871
vn -0.5572 0.5561 0.6167
vn -0.1644 0.0865 -0.9826
vn 0.0263 -0.1948 -0.9805
vn 0.0469 -0.2943 -0.9546
vn 0.4422 -0.4760 -0.7602
vn 0.4151 -0.7259 -0.5484
vn -0.2149 0.1282 -0.9682
vn -0.1083 0.0089 -0.9941
vn 0.1328 -0.1083 -0.9852
vn 0.4649 -0.7737 -0.4305
vn 0.4626 -0.7726 0.4348
vn -0.3283 0.3016 -0.8951
vn 0.5995 -0.5629 -0.5689
vn 0.3104 -0.9490 -0.0550
vn 0.3355 -0.9246 0.1805
vn 0.2398 -0.1398 -0.9607
vn 0.2563 -0.2847 -0.9237
vn -0.0106 -0.0079 -0.9999
vn 0.5329 -0.7959 -0.2874
vn -0.6858 0.6644 -0.2970
vn -0.1803 0.1245 -0.9757
vn 0.1105 -0.2048 -0.9725
vn 0.6298 -0.7174 -0.2979
vn 0.5336 -0.8164 0.2209
vn -0.7057 0.6696 0.2313
vn 0.6356 -0.7644 -0.1079
vn 0.6506 -0.6871 0.3234
vn 0.6198 -0.6873 0.3788
vn -0.3270 0.2763 -0.9037
vn -0.2723 0.1934 -0.9426
vn 0.0724 -0.1896 -0.9792
vn 0.3151 -0.2559 -0.9139
vn 0.5069 -0.5075 -0.6968
vn 0.7124 -0.6811 -0.1691
vn 0.5001 -0.8258 -0.2606
vn -0.0299 -0.0064 0.9995
vn -0.0645 0.0008 -0.9979
vn -0.1477 0.0666 -0.9868
vn -0.1699 0.2422 -0.9552
vn 0.4345 -0.3224 -0.8410
vn 0.0190 0.0220 -0.9996
vn -0.5154 0.4642 -0.7203
vn -0.1537 0.1081 -0.9822
vn 0.6958 -0.7104 -0.1061
vn 0.6663 -0.6933 0.2746
vn 0.6226 -0.7144 0.3195
vn -0.6957 0.6375 -0.3309
vn 0.7105 -0.6977 -0.0916
vn 0.6620 -0.6817 -0.3116
vn -0.1852 0.1023 0.9774
vn 0.1118 -0.1211 -0.9863
vn -0.2885 0.2599 -0.9215
vn 0.5091 -0.5076 -0.6951
vn 0.5419 -0.3879 -0.7456
vn 0.1195 -0.1840 -0.9756
vn -0.0750 0.0540 -0.9957
vn -0.0570 0.0201 -0.9982
vn 0.6638 -0.6071 -0.4367
vn -0.7187 0.6323 0.2892
vn 0.6699 -0.6597 -0.3407
vn 0.1512 -0.2146 0.9649
vn -0.2630 0.2022 -0.9434
vn -0.1529 0.0680 -0.9859
vn 0.1748 -0.0280 -0.9842
vn -0.2287 0.3255 -0.9175
vn -0.5141 0.4581 -0.7252
vn -0.4513 0.3764 -0.8091
vn 0.6784 -0.6525 -0.3376
vn 0.6503 -0.6354 0.4164
vn 0.5512 -0.4608 0.6956
vn -0.1253 0.1153 -0.9854
vn -0.4339 0.3708 -0.8211
vn 0.1515 -0.1807 -0.9718
vn -0.0658 0.0003 -0.9978
vn 0.7937 -0.5866 -0.1612
vn 0.6539 -0.7249 0.2167
vn 0.2441 -0.2104 -0.9466
vn 0.2082 -0.1769 -0.9620
vn -0.2499 0.1971 -0.9480
vn -0.4288 0.3765 -0.8212
vn -0.7171 0.6340 0.2895
vn 0.6957 -0.6856 -0.2144
vn -0.6992 0.5931 0.3991
vn 0.1686 -0.2045 0.9642
vn 0.1045 -0.1870 0.9768
vn 0.2746 -0.2211 -0.9358
vn 0.0533 -0.1108 -0.9924
vn 0.0391 -0.0888 -0.9953
vn 0.4888 -0.5424 -0.6833
vn 0.4588 -0.6472 -0.6088
vn -0.4450 0.3604 -0.8198
vn -0.3391 0.1668 -0.9258
vn 0.3256 -0.4704 -0.8202
vn -0.7143 0.6161 -0.3321
vn 0.6592 -0.7507 -0.0446
vn -0.5995 0.3544 0.7176
vn -0.4755 0.3019 0.8263
vn -0.2513 0.2044 -0.9461
vn -0.1048 0.0674 -0.9922
vn -0.1998 -0.0724 -0.9772
vn -0.6318 0.3882 -0.6710
vn -0.7404 0.6298 0.2347
vn -0.0741 -0.0556 -0.9957
vn -0.0771 0.0665 -0.9948
vn 0.0002 -0.1397 -0.9902
vn -0.4253 0.3566 -0.8318
vn -0.3557 -0.4426 -0.8232
vn -0.6522 0.1801 -0.7363
vn -0.4157 -0.2855 -0.8635
vn -0.8254 0.3776 -0.4197
vn 0.5591 -0.8157 -0.1484
vn -0.7166 0.6154 -0.3282
vn 0.5850 -0.7948 0.1615
vn 0.6180 -0.7770 -0.1196
vn -0.7225 0.4418 0.5318
vn -0.7251 0.4963 0.4775
vn -0.4355 0.3151 0.8432
vn -0.2570 0.2042 -0.9446
vn -0.2502 0.1851 -0.9503
vn -0.0299 -0.2390 -0.9706
vn -0.4373 0.3261 -0.8381
vn 0.0196 -0.3632 -0.9315
vn -0.6314 0.4855 -0.6047
vn 0.4568 -0.8686 -0.1919
vn -0.9420 0.0517 -0.3317
vn -0.4680 -0.6960 -0.5446
vn -0.9410 0.0654 -0.3321
vn 0.5177 -0.8451 -0.1335
vn 0.4910 -0.8706 0.0304
vn -0.7415 0.6177 0.2617
vn -0.7613 -0.4886 0.4262
vn -0.4351 -0.8466 0.3065
vn -0.9285 0.1801 0.3247
vn -0.9227 0.2794 0.2655
vn 0.4780 -0.8783 -0.0001
vn -0.0752 -0.5216 0.8499
vn 0.4314 -0.8200 0.3761
vn -0.6489 0.5303 0.5456
vn 0.0137 -0.4121 -0.9110
vn 0.1276 -0.5653 -0.8150
vn -0.4222 0.3236 -0.8468
vn -0.1290 -0.5685 -0.8125
vn -0.4584 0.6132 -0.6433
vn 0.0522 -0.5227 -0.8509
vn -0.1448 -0.6415 -0.7534
vn -0.7628 0.6390 -0.0993
vn -0.8615 -0.4314 -0.2679
vn -0.2336 -0.9147 -0.3298
vn -0.7705 0.6270 -0.1149
vn -0.3663 -0.9223 0.1232
vn -0.1904 -0.9274 0.3221
vn -0.8145 0.5543 0.1713
vn -0.7559 0.6474 0.0974
vn 0.5074 -0.8615 0.0196
vn -0.2442 -0.8489 0.4688
vn -0.3930 0.1401 -0.9088
vn -0.2664 -0.1870 -0.9455
vn -0.2884 -0.1675 -0.9427
vn -0.4580 0.1799 -0.8706
vn -0.5312 0.2648 -0.8048
vn -0.1819 -0.9209 -0.3447
vn -0.7586 0.5377 -0.3679
vn -0.3276 -0.7887 -0.5202
vn -0.0034 -0.9893 -0.1455
vn -0.0132 -0.9994 -0.0335
vn -0.5958 0.8015 0.0511
vn 0.1039 -0.9941 0.0298
vn -0.0780 -0.9721 0.2213
vn -0.5691 0.3954 0.7210
vn -0.5307 0.2307 -0.8156
vn -0.5825 0.2038 -0.7869
vn -0.6666 -0.6709 -0.3249
vn -0.8214 0.4912 -0.2899
vn -0.6207 -0.7717 0.1384
vn -0.8135 0.5276 0.2446
vn -0.8114 0.5349 0.2358
vn -0.5518 -0.8310 0.0696
vn -0.6073 -0.7838 0.1302
vn -0.3529 -0.8992 0.2587
vn -0.9584 0.1608 -0.2360
vn -0.9416 -0.1064 -0.3196
vn -0.7682 -0.4413 -0.4638
vn -0.9573 0.1805 -0.2257
vn -0.9879 0.0311 -0.1521
vn -0.8487 -0.4796 -0.2229
vn -0.8741 0.4693 -0.1251
vn -0.8750 -0.3406 -0.3441
vn -0.9995 -0.0193 -0.0238
vn -0.9565 -0.2918 -0.0067
vn -0.9135 0.4037 0.0506
vn -0.7971 -0.6037 0.0155
vn -0.9888 0.1465 0.0299
vn -0.9984 -0.0368 -0.0420
vn -0.9218 0.3851 0.0450
vn -0.9526 0.2521 0.1703
vn -0.9107 -0.4077 0.0665
vn -0.8125 0.2521 0.5256
vn -0.8847 -0.0972 0.4560
vn -0.6695 -0.2756 0.6898
vn -0.8020 0.3450 0.4877
vn -0.7507 -0.0032 0.6606
vt 0.294811 0.476213
vt 0.288685 0.474310
vt 0.251415 0.476213
vt 0.992225 0.716170
vt 0.983282 0.694401
vt 0.989025 0.677218
vt 0.985088 0.670033
vt 0.327830 0.035680
vt 0.340674 0.033980
vt 0.353268 0.035680
vt 0.357113 0.032826
vt 0.368396 0.033370
vt 0.051964 0.049645
vt 0.041446 0.053681
vt 0.044929 0.028427
vt 0.983836 0.731208
vt 0.980004 0.728513
vt 0.992925 0.722697
vt 0.978214 0.669211
vt 0.973104 0.515684
vt 0.970238 0.499411
vt 0.977107 0.500789
vt 0.977116 0.487365
vt 0.969770 0.461504
vt 0.962389 0.452437
vt 0.974025 0.458687
vt 0.980005 0.709403
vt 0.966394 0.476122
vt 0.976138 0.470380
vt 0.051868 0.018265
vt 0.049365 0.013543
vt 0.069937 0.020333
vt 0.970172 0.524453
vt 0.968282 0.524841
vt 0.954505 0.455363
vt 0.975916 0.651439
vt 0.968588 0.639239
vt 0.964867 0.538716
vt 0.961973 0.719933
vt 0.952325 0.520610
vt 0.951196 0.498238
vt 0.231604 0.274500
vt 0.228079 0.288308
vt 0.231103 0.287033
vt 0.970721 0.729458
vt 0.961454 0.645548
vt 0.953866 0.546159
vt 0.960546 0.704254
vt 0.947611 0.471847
vt 0.960735 0.624801
vt 0.956904 0.557252
vt 0.355189 0.448620
vt 0.347321 0.448553
vt 0.347163 0.444814
vt 0.230020 0.298774
vt 0.948232 0.570668
vt 0.958894 0.725680
vt 0.944276 0.658830
vt 0.936348 0.478169
vt 0.938561 0.465832
vt 0.948952 0.573536
vt 0.933805 0.490686
vt 0.225943 0.297103
vt 0.228445 0.308043
vt 0.949491 0.608505
vt 0.951588 0.609107
vt 0.927916 0.565020
vt 0.921446 0.513912
vt 0.931582 0.473954
vt 0.944817 0.592839
vt 0.936081 0.590559
vt 0.938817 0.702184
vt 0.938619 0.610091
vt 0.229283 0.317245
vt 0.935401 0.709557
vt 0.928559 0.677295
vt 0.935293 0.527841
vt 0.923293 0.491575
vt 0.926856 0.701736
vt 0.918893 0.620046
vt 0.916533 0.593073
vt 0.148502 0.041959
vt 0.147439 0.048970
vt 0.131279 0.048608
vt 0.912719 0.510292
vt 0.160270 0.049113
vt 0.149405 0.052132
vt 0.918498 0.684775
vt 0.169875 0.042363
vt 0.914268 0.667933
vt 0.911438 0.633972
vt 0.906983 0.507230
vt 0.289907 0.854096
vt 0.287978 0.842603
vt 0.286476 0.855487
vt 0.912964 0.685032
vt 0.892371 0.559109
vt 0.900913 0.575034
vt 0.172700 0.048280
vt 0.899484 0.527931
vt 0.899511 0.636310
vt 0.187231 0.041737
vt 0.011222 0.671023
vt 0.007005 0.672692
vt 0.010950 0.686590
vt 0.903206 0.671932
vt 0.901648 0.656740
vt 0.895387 0.610301
vt 0.886215 0.602617
vt 0.184638 0.047438
vt 0.882611 0.554635
vt 0.895223 0.521391
vt 0.892064 0.640216
vt 0.884861 0.534582
vt 0.007294 0.694923
vt 0.011280 0.701065
vt 0.895148 0.659079
vt 0.877724 0.602156
vt 0.203106 0.040892
vt 0.198588 0.046439
vt 0.889465 0.539824
vt 0.008875 0.705601
vt 0.886989 0.617737
vt 0.885822 0.646229
vt 0.880659 0.627746
vt 0.879652 0.608047
vt 0.208993 0.045332
vt 0.210690 0.049453
vt 0.880132 0.637516
vt 0.224553 0.046166
vt 0.866038 0.561191
vt 0.866044 0.553912
vt 0.872023 0.633107
vt 0.228771 0.040438
vt 0.869941 0.616986
vt 0.856477 0.610610
vt 0.863793 0.574505
vt 0.864583 0.622198
vt 0.861465 0.627362
vt 0.138142 0.188681
vt 0.138003 0.193012
vt 0.127276 0.193380
vt 0.006132 0.734936
vt 0.007878 0.745954
vt 0.010090 0.734735
vt 0.011792 0.746432
vt 0.847250 0.596091
vt 0.246169 0.041976
vt 0.246124 0.048217
vt 0.846606 0.619779
vt 0.851734 0.571041
vt 0.851360 0.564639
vt 0.152628 0.192351
vt 0.697913 0.142274
vt 0.695755 0.157203
vt 0.698579 0.156778
vt 0.701415 0.142245
vt 0.701415 0.161275
vt 0.842189 0.625978
vt 0.842220 0.579774
vt 0.157301 0.190063
vt 0.827984 0.591086
vt 0.835707 0.572793
vt 0.262942 0.044684
vt 0.261652 0.052279
vt 0.812138 0.607876
vt 0.252155 0.954211
vt 0.279125 0.956854
vt 0.248521 0.960284
vt 0.812191 0.618998
vt 0.822972 0.584619
vt 0.158251 0.182943
vt 0.176819 0.192369
vt 0.278546 0.050262
vt 0.773298 0.471463
vt 0.776346 0.477060
vt 0.760634 0.482910
vt 0.280208 0.960514
vt 0.247642 0.949193
vt 0.275489 0.947384
vt 0.247736 0.951950
vt 0.279360 0.042041
vt 0.178848 0.199784
vt 0.273080 0.943442
vt 0.805718 0.596225
vt 0.282799 0.949858
vt 0.302358 0.052807
vt 0.797123 0.588672
vt 0.793710 0.458887
vt 0.796894 0.463880
vt 0.294813 0.937456
vt 0.790654 0.596373
vt 0.299358 0.940994
vt 0.298290 0.945641
vt 0.302385 0.951854
vt 0.776262 0.624908
vt 0.774358 0.606548
vt 0.196608 0.200721
vt 0.209192 0.208729
vt 0.200416 0.209241
vt 0.313857 0.956348
vt 0.769941 0.591663
vt 0.216734 0.206391
vt 0.203938 0.197561
vt 0.316007 0.939674
vt 0.819569 0.452670
vt 0.740094 0.163178
vt 0.740094 0.169838
vt 0.736321 0.169262
vt 0.864623 0.226261
vt 0.875828 0.222309
vt 0.867714 0.230548
vt 0.324647 0.942230
vt 0.766948 0.621698
vt 0.765227 0.601089
vt 0.229723 0.220880
vt 0.222705 0.225219
vt 0.230489 0.136507
vt 0.228674 0.147855
vt 0.226644 0.136344
vt 0.230082 0.151260
vt 0.320004 0.929436
vt 0.321072 0.930982
vt 0.805281 0.469399
vt 0.823870 0.464205
vt 0.818669 0.467574
vt 0.310382 0.918034
vt 0.316637 0.919865
vt 0.308487 0.923596
vt 0.879415 0.221218
vt 0.322849 0.951846
vt 0.316300 0.912529
vt 0.884574 0.224734
vt 0.870266 0.233587
vt 0.691038 0.701999
vt 0.694147 0.699597
vt 0.698465 0.705519
vt 0.323145 0.908912
vt 0.158689 0.107050
vt 0.171751 0.107381
vt 0.161634 0.102942
vt 0.329691 0.929198
vt 0.749351 0.616731
vt 0.749954 0.608156
vt 0.214957 0.232190
vt 0.229047 0.237122
vt 0.219155 0.247174
vt 0.237210 0.233253
vt 0.053706 0.969411
vt 0.054684 0.971798
vt 0.052358 0.972883
vt 0.808019 0.709324
vt 0.811792 0.709324
vt 0.810564 0.707421
vt 0.320222 0.929017
vt 0.837823 0.457011
vt 0.836041 0.460512
vt 0.893868 0.233587
vt 0.715577 0.697524
vt 0.711102 0.703699
vt 0.767024 0.630339
vt 0.336217 0.903909
vt 0.342088 0.905787
vt 0.171608 0.102946
vt 0.181666 0.104064
vt 0.339877 0.926358
vt 0.823860 0.480698
vt 0.836200 0.480017
vt 0.844446 0.487261
vt 0.339468 0.934800
vt 0.848175 0.447669
vt 0.748468 0.630061
vt 0.185515 0.107619
vt 0.343217 0.915315
vt 0.724443 0.702574
vt 0.346823 0.942748
vt 0.744511 0.598924
vt 0.232536 0.216659
vt 0.255489 0.233886
vt 0.348764 0.928538
vt 0.854234 0.456927
vt 0.340304 0.954103
vt 0.253867 0.222139
vt 0.347780 0.897062
vt 0.355304 0.919283
vt 0.347973 0.923948
vt 0.856457 0.454289
vt 0.871193 0.495243
vt 0.733268 0.701297
vt 0.236817 0.255826
vt 0.249154 0.271641
vt 0.230283 0.256278
vt 0.195636 0.104060
vt 0.194641 0.108303
vt 0.202094 0.106562
vt 0.359078 0.902991
vt 0.875943 0.487567
vt 0.743156 0.694092
vt 0.362746 0.929366
vt 0.726850 0.613982
vt 0.247684 0.232819
vt 0.259986 0.247087
vt 0.245668 0.239314
vt 0.353285 0.892914
vt 0.359669 0.893490
vt 0.724465 0.594743
vt 0.740480 0.590890
vt 0.721522 0.604570
vt 0.725029 0.633880
vt 0.870328 0.457500
vt 0.752886 0.701030
vt 0.363079 0.953875
vt 0.277213 0.243417
vt 0.370287 0.910805
vt 0.371732 0.916331
vt 0.723146 0.586815
vt 0.734320 0.582300
vt 0.713223 0.596555
vt 0.692400 0.618382
vt 0.398283 0.778782
vt 0.419340 0.777831
vt 0.391038 0.777831
vt 0.384960 0.926722
vt 0.388813 0.938563
vt 0.218595 0.105247
vt 0.214821 0.108944
vt 0.222472 0.108230
vt 0.777515 0.700843
vt 0.760364 0.702442
vt 0.721809 0.575555
vt 0.704628 0.569104
vt 0.737332 0.579993
vt 0.763411 0.694082
vt 0.276129 0.252560
vt 0.281926 0.264489
vt 0.373130 0.874151
vt 0.378742 0.878584
vt 0.229782 0.108009
vt 0.744397 0.685208
vt 0.383021 0.917220
vt 0.238208 0.106126
vt 0.712349 0.666446
vt 0.774753 0.647479
vt 0.767466 0.702842
vt 0.691073 0.580979
vt 0.701236 0.653721
vt 0.694393 0.640083
vt 0.276235 0.222912
vt 0.301504 0.235836
vt 0.286479 0.237558
vt 0.390470 0.899682
vt 0.212736 0.838371
vt 0.233250 0.826135
vt 0.214649 0.844051
vt 0.675923 0.556718
vt 0.778795 0.683473
vt 0.681911 0.604681
vt 0.267141 0.259962
vt 0.285211 0.277765
vt 0.399693 0.852531
vt 0.384058 0.863046
vt 0.775586 0.704440
vt 0.782014 0.703205
vt 0.226321 0.844434
vt 0.690570 0.596816
vt 0.684876 0.630051
vt 0.391993 0.854657
vt 0.789044 0.701968
vt 0.242788 0.829950
vt 0.413447 0.922055
vt 0.297499 0.262856
vt 0.292814 0.271278
vt 0.305210 0.097179
vt 0.309961 0.092375
vt 0.320124 0.087094
vt 0.132730 0.242150
vt 0.118398 0.254368
vt 0.117578 0.286717
vt 0.800117 0.695870
vt 0.124802 0.278588
vt 0.129801 0.281407
vt 0.133491 0.269232
vt 0.405312 0.837848
vt 0.798780 0.703506
vt 0.793267 0.704382
vt 0.415341 0.869053
vt 0.407930 0.889724
vt 0.689699 0.563205
vt 0.254586 0.831674
vt 0.411073 0.905763
vt 0.680312 0.581395
vt 0.292862 0.285839
vt 0.272928 0.320562
vt 0.281494 0.337559
vt 0.282030 0.340659
vt 0.801471 0.701127
vt 0.413238 0.911364
vt 0.808297 0.703851
vt 0.251078 0.815406
vt 0.418161 0.930800
vt 0.309324 0.285689
vt 0.426219 0.878196
vt 0.261522 0.818321
vt 0.654836 0.581727
vt 0.414707 0.822838
vt 0.420782 0.820144
vt 0.833491 0.702255
vt 0.820996 0.704742
vt 0.661783 0.590513
vt 0.672766 0.666266
vt 0.649073 0.668374
vt 0.312404 0.273859
vt 0.310660 0.292962
vt 0.425912 0.826289
vt 0.120002 0.318976
vt 0.124209 0.313677
vt 0.649364 0.565495
vt 0.337589 0.078082
vt 0.342560 0.070180
vt 0.355937 0.064326
vt 0.291190 0.369389
vt 0.287938 0.357962
vt 0.289260 0.357057
vt 0.419987 0.812643
vt 0.830522 0.705519
vt 0.270031 0.803537
vt 0.809810 0.651674
vt 0.667800 0.563918
vt 0.434835 0.897879
vt 0.655412 0.645172
vt 0.311155 0.305027
vt 0.301541 0.294453
vt 0.424277 0.803546
vt 0.442056 0.866263
vt 0.666752 0.554114
vt 0.659294 0.547015
vt 0.649596 0.532241
vt 0.283601 0.813184
vt 0.278661 0.823300
vt 0.443478 0.902175
vt 0.623887 0.594468
vt 0.428494 0.792898
vt 0.434387 0.787897
vt 0.651303 0.544831
vt 0.079484 0.276251
vt 0.651354 0.552912
vt 0.280334 0.805080
vt 0.637696 0.568180
vt 0.438593 0.915922
vt 0.325127 0.310245
vt 0.318525 0.313422
vt 0.432955 0.781997
vt 0.654554 0.684452
vt 0.632008 0.613847
vt 0.331574 0.297235
vt 0.330588 0.308182
vt 0.362076 0.053267
vt 0.368357 0.050125
vt 0.437721 0.768316
vt 0.127196 0.318038
vt 0.126011 0.333203
vt 0.112736 0.241199
vt 0.127830 0.241199
vt 0.122076 0.239296
vt 0.445486 0.774621
vt 0.364954 0.048180
vt 0.372074 0.042806
vt 0.287097 0.792187
vt 0.641113 0.537296
vt 0.121464 0.339600
vt 0.639339 0.629882
vt 0.345962 0.147664
vt 0.353087 0.134834
vt 0.362507 0.133260
vt 0.328758 0.325223
vt 0.152358 0.995718
vt 0.140896 0.995718
vt 0.142676 0.991912
vt 0.069418 0.311487
vt 0.127956 0.342083
vt 0.126375 0.351336
vt 0.301101 0.790980
vt 0.625800 0.568254
vt 0.626389 0.581514
vt 0.352941 0.159370
vt 0.346715 0.154060
vt 0.375557 0.144225
vt 0.457783 0.854805
vt 0.628216 0.532812
vt 0.121883 0.359250
vt 0.633660 0.547368
vt 0.307154 0.804410
vt 0.463303 0.879590
vt 0.338414 0.318762
vt 0.340012 0.328344
vt 0.129726 0.351282
vt 0.129328 0.360371
vt 0.126880 0.362079
vt 0.468532 0.793621
vt 0.303769 0.780888
vt 0.626849 0.668335
vt 0.350516 0.309341
vt 0.333254 0.283651
vt 0.308962 0.994424
vt 0.328246 0.988741
vt 0.323701 0.999524
vt 0.379786 0.037484
vt 0.384838 0.029702
vt 0.391108 0.023757
vt 0.127830 0.993868
vt 0.129272 0.368668
vt 0.625438 0.529132
vt 0.062910 0.293923
vt 0.621753 0.549724
vt 0.476809 0.890327
vt 0.617217 0.697654
vt 0.617306 0.645461
vt 0.347203 0.327228
vt 0.337425 0.335292
vt 0.389284 0.022198
vt 0.395609 0.015021
vt 0.128825 0.381086
vt 0.131177 0.377585
vt 0.459413 0.778528
vt 0.123136 0.372119
vt 0.317579 0.789422
vt 0.492450 0.870192
vt 0.620134 0.715514
vt 0.349748 0.319488
vt 0.345389 0.343493
vt 0.401828 0.012613
vt 0.469056 0.784911
vt 0.133037 0.388913
vt 0.130895 0.391712
vt 0.317852 0.779940
vt 0.607881 0.551671
vt 0.601181 0.606466
vt 0.352905 0.338700
vt 0.406370 0.000476
vt 0.133491 0.393426
vt 0.320799 0.770294
vt 0.104727 0.380420
vt 0.629489 0.439204
vt 0.602440 0.433852
vt 0.621991 0.427628
vt 0.620718 0.416180
vt 0.125696 0.390628
vt 0.351882 0.349615
vt 0.480772 0.799757
vt 0.608348 0.521639
vt 0.054245 0.310364
vt 0.129167 0.395338
vt 0.617810 0.540561
vt 0.599910 0.538420
vt 0.597644 0.564814
vt 0.594998 0.572757
vt 0.594435 0.635723
vt 0.375255 0.344943
vt 0.307936 0.722735
vt 0.321198 0.727778
vt 0.323416 0.734390
vt 0.474203 0.844547
vt 0.619417 0.510854
vt 0.591076 0.469386
vt 0.602642 0.422876
vt 0.610947 0.408658
vt 0.178833 0.908183
vt 0.175223 0.900769
vt 0.182888 0.902235
vt 0.337227 0.783209
vt 0.596832 0.552797
vt 0.594751 0.673010
vt 0.371061 0.352384
vt 0.363871 0.351922
vt 0.596175 0.418696
vt 0.161819 0.904560
vt 0.493604 0.859216
vt 0.592847 0.702441
vt 0.361076 0.358416
vt 0.485298 0.837307
vt 0.594519 0.515789
vt 0.589147 0.430618
vt 0.154642 0.898392
vt 0.332709 0.763520
vt 0.333144 0.773923
vt 0.590670 0.527743
vt 0.581110 0.586797
vt 0.428633 0.034483
vt 0.427501 0.044371
vt 0.408372 0.023961
vt 0.416145 0.019760
vt 0.331494 0.730654
vt 0.582995 0.510545
vt 0.498674 0.880404
vt 0.404779 0.153154
vt 0.388139 0.150068
vt 0.418423 0.137557
vt 0.158754 0.894182
vt 0.166185 0.897190
vt 0.500256 0.808437
vt 0.497267 0.812472
vt 0.556667 0.481738
vt 0.588489 0.442862
vt 0.599781 0.728397
vt 0.343185 0.733057
vt 0.344984 0.737855
vt 0.574118 0.461388
vt 0.581382 0.439378
vt 0.573229 0.437418
vt 0.133224 0.900578
vt 0.346926 0.755739
vt 0.348656 0.763206
vt 0.579084 0.538126
vt 0.575993 0.696338
vt 0.380834 0.368623
vt 0.498869 0.829470
vt 0.513140 0.849339
vt 0.361689 0.993318
vt 0.375688 0.986409
vt 0.384752 0.990072
vt 0.413019 0.128543
vt 0.435165 0.125238
vt 0.376920 0.372186
vt 0.508376 0.826114
vt 0.583653 0.513151
vt 0.572556 0.526034
vt 0.565395 0.608222
vt 0.442555 0.049836
vt 0.442402 0.063225
vt 0.567416 0.458469
vt 0.563178 0.455226
vt 0.128159 0.895081
vt 0.356209 0.772231
vt 0.525173 0.856844
vt 0.524873 0.866902
vt 0.566198 0.552103
vt 0.566558 0.687336
vt 0.379237 0.322450
vt 0.405178 0.341992
vt 0.383270 0.339909
vt 0.446641 0.128877
vt 0.385297 0.360658
vt 0.390817 0.372973
vt 0.385996 0.377849
vt 0.355578 0.736629
vt 0.515198 0.823708
vt 0.563533 0.505132
vt 0.364046 0.756128
vt 0.559521 0.535773
vt 0.529923 0.888189
vt 0.555927 0.563143
vt 0.423319 0.290565
vt 0.377658 0.248400
vt 0.427004 0.247438
vt 0.449184 0.058330
vt 0.356705 0.752061
vt 0.566269 0.508149
vt 0.527973 0.847532
vt 0.567952 0.724597
vt 0.363997 0.739787
vt 0.370919 0.745292
vt 0.363691 0.749182
vt 0.456635 0.068573
vt 0.554323 0.470326
vt 0.553085 0.461625
vt 0.102520 0.901499
vt 0.376961 0.759815
vt 0.370779 0.769091
vt 0.555389 0.583029
vt 0.563515 0.647063
vt 0.558595 0.628380
vt 0.451371 0.076924
vt 0.373510 0.743613
vt 0.112502 0.894655
vt 0.552697 0.523069
vt 0.552049 0.518314
vt 0.541292 0.554245
vt 0.541590 0.708776
vt 0.543733 0.482318
vt 0.100371 0.895064
vt 0.538775 0.537817
vt 0.533697 0.691837
vt 0.794447 0.934920
vt 0.752551 0.931362
vt 0.796698 0.932817
vt 0.535987 0.506775
vt 0.548418 0.493781
vt 0.089236 0.901420
vt 0.414818 0.743132
vt 0.544082 0.471813
vt 0.392688 0.764286
vt 0.550430 0.845671
vt 0.552867 0.884012
vt 0.526976 0.631120
vt 0.984777 0.530073
vt 0.988567 0.522337
vt 0.985131 0.515030
vt 0.766932 0.936798
vt 0.392956 0.750010
vt 0.561106 0.859632
vt 0.529780 0.525985
vt 0.525391 0.600820
vt 0.080310 0.898552
vt 0.085380 0.895282
vt 0.536653 0.482056
vt 0.181861 0.418884
vt 0.216725 0.422121
vt 0.171047 0.427657
vt 0.530577 0.497561
vt 0.510427 0.567110
vt 0.198314 0.430492
vt 0.076909 0.902603
vt 0.071401 0.896546
vt 0.061484 0.908183
vt 0.063051 0.901751
vt 0.533077 0.518655
vt 0.545747 0.731208
vt 0.505636 0.581695
vt 0.522232 0.661664
vt 0.530740 0.511299
vt 0.522664 0.505585
vt 0.419432 0.753815
vt 0.575141 0.866797
vt 0.521447 0.510226
vt 0.050472 0.906936
vt 0.499045 0.524283
vt 0.518838 0.518474
vt 0.507100 0.533900
vt 0.739827 0.938630
vt 0.516843 0.507187
vt 0.520292 0.498531
vt 0.435414 0.744094
vt 0.438330 0.760183
vt 0.225248 0.432986
vt 0.596591 0.848814
vt 0.506538 0.711221
vt 0.481345 0.555424
vt 0.599730 0.886094
vt 0.600579 0.897823
vt 0.497443 0.722280
vt 0.492141 0.653207
vt 0.485987 0.532924
vt 0.489693 0.696718
vt 0.486620 0.632442
vt 0.495318 0.607242
vt 0.635292 0.869504
vt 0.466280 0.685521
vt 0.454148 0.315474
vt 0.507371 0.338675
vt 0.462042 0.337079
vt 0.264812 0.426610
vt 0.731948 0.929115
vt 0.473659 0.520168
vt 0.485908 0.744687
vt 0.700472 0.938630
vt 0.417221 0.711525
vt 0.282239 0.436585
vt 0.264058 0.437889
vt 0.447598 0.526196
vt 0.447137 0.574490
vt 0.437762 0.595212
vt 0.497497 0.751698
vt 0.432718 0.522300
vt 0.435235 0.607375
vt 0.522835 0.350866
vt 0.522562 0.369783
vt 0.471552 0.357022
vt 0.513418 0.765142
vt 0.479434 0.774017
vt 0.662666 0.887578
vt 0.682738 0.904513
vt 0.449473 0.643400
vt 0.466224 0.732993
vt 0.500369 0.737228
vt 0.408178 0.537788
vt 0.408759 0.557448
vt 0.409302 0.529996
vt 0.412077 0.695217
vt 0.680767 0.916021
vt 0.321922 0.439992
vt 0.195755 0.455431
vt 0.253634 0.451871
vt 0.229566 0.461941
vt 0.517077 0.743335
vt 0.670681 0.866466
vt 0.330428 0.429008
vt 0.327109 0.431322
vt 0.392631 0.576474
vt 0.412964 0.652561
vt 0.374861 0.613874
vt 0.562055 0.749327
vt 0.388343 0.596200
vt 0.533470 0.734213
vt 0.279630 0.417085
vt 0.359628 0.428757
vt 0.262780 0.460598
vt 0.367056 0.526237
vt 0.378795 0.559652
vt 0.375740 0.701779
vt 0.370146 0.668195
vt 0.342810 0.440925
vt 0.364462 0.530778
vt 0.573922 0.761904
vt 0.274575 0.451050
vt 0.724707 0.890763
vt 0.562197 0.360102
vt 0.606320 0.381669
vt 0.372274 0.541515
vt 0.370149 0.692300
vt 0.352528 0.645672
vt 0.867453 0.130323
vt 0.863518 0.121083
vt 0.865908 0.118047
vt 0.865368 0.140598
vt 0.863927 0.136639
vt 0.032631 0.919600
vt 0.028668 0.915794
vt 0.042925 0.916316
vt 0.031596 0.065176
vt 0.030660 0.083322
vt 0.034037 0.076948
vt 0.222998 0.786185
vt 0.221232 0.779803
vt 0.234328 0.781585
vt 0.237333 0.786394
vt 0.252485 0.776548
vt 0.252917 0.770459
vt 0.577478 0.731186
vt 0.731615 0.873845
vt 0.373075 0.714067
vt 0.877815 0.820563
vt 0.867790 0.812918
vt 0.881921 0.818756
vt 0.853600 0.811902
vt 0.844879 0.811133
vt 0.860473 0.810181
vt 0.225893 0.315846
vt 0.225943 0.331683
vt 0.221680 0.311536
vt 0.216439 0.295287
vt 0.224696 0.308137
vt 0.209702 0.290691
vt 0.556388 0.036525
vt 0.553302 0.040170
vt 0.557373 0.047540
vt 0.556722 0.059272
vt 0.857742 0.146800
vt 0.856123 0.144412
vt 0.862326 0.107137
vt 0.856263 0.099170
vt 0.017453 0.919600
vt 0.210219 0.781425
vt 0.034434 0.089007
vt 0.034037 0.101332
vt 0.216069 0.765435
vt 0.260458 0.766009
vt 0.266931 0.765499
vt 0.725768 0.916987
vt 0.851137 0.816198
vt 0.842670 0.814706
vt 0.864440 0.819455
vt 0.888038 0.832595
vt 0.895210 0.831529
vt 0.222346 0.332961
vt 0.211798 0.301092
vt 0.987264 0.445766
vt 0.985377 0.437531
vt 0.987264 0.426736
vt 0.162736 0.930067
vt 0.174057 0.930067
vt 0.169748 0.928164
vt 0.559817 0.061288
vt 0.562413 0.069957
vt 0.963622 0.178402
vt 0.956502 0.167545
vt 0.944427 0.177156
vt 0.857818 0.097260
vt 0.848834 0.122251
vt 0.853373 0.104318
vt 0.211319 0.786394
vt 0.198359 0.776337
vt 0.201003 0.774037
vt 0.207283 0.772931
vt 0.267213 0.759793
vt 0.360879 0.433609
vt 0.576164 0.739055
vt 0.896525 0.837491
vt 0.833105 0.815298
vt 0.222976 0.343857
vt 0.197776 0.284387
vt 0.202622 0.282622
vt 0.563845 0.030824
vt 0.559496 0.029784
vt 0.566830 0.026585
vt 0.568186 0.067929
vt 0.569569 0.077315
vt 0.972594 0.171349
vt 0.941379 0.168593
vt 0.924222 0.164226
vt 0.933005 0.173675
vt 0.845591 0.148916
vt 0.851275 0.087758
vt 0.842098 0.134169
vt 0.844393 0.091394
vt 0.848641 0.089431
vt 0.198989 0.779374
vt 0.273014 0.751444
vt 0.265697 0.749735
vt 0.306913 0.459788
vt 0.353242 0.578983
vt 0.364810 0.593938
vt 0.830605 0.824658
vt 0.904122 0.846743
vt 0.188304 0.277210
vt 0.218302 0.345360
vt 0.207753 0.326012
vt 0.572607 0.084090
vt 0.577549 0.086127
vt 0.842944 0.152043
vt 0.839437 0.124421
vt 0.837146 0.072905
vt 0.840443 0.100591
vt 0.305187 0.450290
vt 0.739777 0.908659
vt 0.344288 0.566967
vt 0.881401 0.853667
vt 0.897254 0.845423
vt 0.824703 0.822697
vt 0.215691 0.352430
vt 0.190744 0.282561
vt 0.575821 0.023100
vt 0.573745 0.033400
vt 0.903161 0.150283
vt 0.907592 0.157418
vt 0.918058 0.164730
vt 0.974945 0.163855
vt 0.977204 0.154490
vt 0.838237 0.152234
vt 0.834691 0.075481
vt 0.272026 0.736426
vt 0.275441 0.750886
vt 0.277104 0.742491
vt 0.356948 0.549737
vt 0.905788 0.855926
vt 0.179137 0.277212
vt 0.211501 0.351446
vt 0.578312 0.050291
vt 0.581446 0.082497
vt 0.587501 0.092016
vt 0.581526 0.093457
vt 0.591338 0.099700
vt 0.954823 0.148530
vt 0.929984 0.140161
vt 0.827893 0.151230
vt 0.831324 0.138201
vt 0.831905 0.105960
vt 0.826299 0.075445
vt 0.994458 0.853949
vt 0.992736 0.872618
vt 0.994194 0.870731
vt 0.996698 0.856233
vt 0.188591 0.765586
vt 0.274401 0.734187
vt 0.194538 0.755315
vt 0.202429 0.755004
vt 0.224628 0.746354
vt 0.249528 0.738824
vt 0.386283 0.433807
vt 0.820909 0.834542
vt 0.818008 0.832494
vt 0.205767 0.358855
vt 0.176851 0.318599
vt 0.172926 0.288483
vt 0.967772 0.147358
vt 0.906982 0.145510
vt 0.826435 0.126319
vt 0.819470 0.088859
vt 0.826037 0.065078
vt 0.343323 0.529207
vt 0.341372 0.535557
vt 0.895930 0.863748
vt 0.335225 0.668234
vt 0.585799 0.018896
vt 0.579349 0.023639
vt 0.819923 0.110549
vt 0.993272 0.885797
vt 0.182823 0.751921
vt 0.274255 0.725944
vt 0.373320 0.443078
vt 0.344941 0.532816
vt 0.338430 0.558666
vt 0.334880 0.711069
vt 0.195571 0.362128
vt 0.606391 0.111269
vt 0.605091 0.107465
vt 0.593960 0.104953
vt 0.963580 0.136386
vt 0.026272 0.813302
vt 0.047868 0.812811
vt 0.051099 0.815890
vt 0.975943 0.767364
vt 0.975943 0.793054
vt 0.974057 0.771963
vt 0.817931 0.155566
vt 0.820638 0.153508
vt 0.814520 0.069081
vt 0.990094 0.887277
vt 0.186675 0.746346
vt 0.276887 0.037583
vt 0.273113 0.029347
vt 0.276887 0.024263
vt 0.191667 0.739981
vt 0.211885 0.733528
vt 0.242353 0.718833
vt 0.271627 0.719018
vt 0.278774 0.722171
vt 0.901468 0.863166
vt 0.904561 0.872820
vt 0.771894 0.891809
vt 0.814346 0.851444
vt 0.810908 0.849834
vt 0.903747 0.863871
vt 0.908019 0.871092
vt 0.190157 0.368801
vt 0.166258 0.284008
vt 0.169727 0.277551
vt 0.161664 0.275749
vt 0.162897 0.272598
vt 0.764470 0.922860
vt 0.185173 0.355052
vt 0.885860 0.129224
vt 0.895210 0.146027
vt 0.814761 0.140184
vt 0.807488 0.056618
vt 0.820565 0.058673
vt 0.809384 0.054124
vt 0.604285 0.730177
vt 0.983405 0.449358
vt 0.977802 0.447335
vt 0.980457 0.451475
vt 0.187167 0.365122
vt 0.158378 0.285792
vt 0.332543 0.701714
vt 0.338414 0.596819
vt 0.609995 0.086766
vt 0.601490 0.097996
vt 0.616119 0.108134
vt 0.614335 0.111762
vt 0.600224 0.015170
vt 0.589587 0.019202
vt 0.920460 0.125543
vt 0.807219 0.155345
vt 0.798186 0.128430
vt 0.802872 0.092823
vt 0.795218 0.059690
vt 0.990319 0.893911
vt 0.182547 0.746716
vt 0.996698 0.890341
vt 0.427452 0.509400
vt 0.425598 0.505013
vt 0.435377 0.510466
vt 0.185127 0.743063
vt 0.260969 0.716148
vt 0.416415 0.506764
vt 0.412405 0.444475
vt 0.606146 0.742167
vt 0.812448 0.852587
vt 0.814856 0.855378
vt 0.127147 0.694101
vt 0.131604 0.696231
vt 0.125943 0.696231
vt 0.818054 0.856351
vt 0.333455 0.548126
vt 0.128351 0.699810
vt 0.156893 0.309290
vt 0.156497 0.278690
vt 0.893509 0.125271
vt 0.954362 0.126361
vt 0.805339 0.141800
vt 0.793813 0.121884
vt 0.210815 0.722096
vt 0.250184 0.714082
vt 0.405416 0.504424
vt 0.414567 0.501309
vt 0.185782 0.738388
vt 0.186886 0.730547
vt 0.333789 0.459425
vt 0.815212 0.860231
vt 0.819523 0.861518
vt 0.179863 0.374405
vt 0.181872 0.371302
vt 0.188833 0.372693
vt 0.152898 0.302958
vt 0.151500 0.291486
vt 0.614048 0.116299
vt 0.624137 0.118230
vt 0.801512 0.153339
vt 0.791989 0.050522
vt 0.619863 0.357512
vt 0.649267 0.379312
vt 0.608582 0.368093
vt 0.403740 0.500457
vt 0.188433 0.722592
vt 0.199938 0.723605
vt 0.233830 0.715762
vt 0.344390 0.449572
vt 0.332044 0.536534
vt 0.169254 0.374285
vt 0.159825 0.329009
vt 0.877403 0.107841
vt 0.911669 0.111597
vt 0.073113 0.836690
vt 0.075000 0.828259
vt 0.075000 0.846337
vt 0.980660 0.128999
vt 0.980140 0.111592
vt 0.971409 0.113016
vt 0.958080 0.109521
vt 0.498585 0.998705
vt 0.487467 0.999524
vt 0.487852 0.996670
vt 0.783862 0.107463
vt 0.794037 0.047948
vt 0.808053 0.049748
vt 0.215133 0.716628
vt 0.369930 0.504639
vt 0.387886 0.500953
vt 0.388784 0.505412
vt 0.182767 0.721046
vt 0.633150 0.985079
vt 0.643338 0.982165
vt 0.634615 0.987737
vt 0.309365 0.689944
vt 0.314693 0.675504
vt 0.630500 0.114675
vt 0.639907 0.120292
vt 0.877102 0.119028
vt 0.793736 0.139910
vt 0.363858 0.500562
vt 0.370413 0.498934
vt 0.343084 0.509204
vt 0.348584 0.505775
vt 0.354373 0.510466
vt 0.421097 0.435281
vt 0.821147 0.877482
vt 0.830084 0.869235
vt 0.835646 0.879560
vt 0.165260 0.364320
vt 0.155144 0.335582
vt 0.151415 0.317614
vt 0.777546 0.908954
vt 0.314999 0.641140
vt 0.473113 0.998705
vt 0.792580 0.155518
vt 0.788114 0.151159
vt 0.769155 0.071010
vt 0.786345 0.044895
vt 0.337508 0.503074
vt 0.354409 0.499402
vt 0.315204 0.575824
vt 0.644093 0.109515
vt 0.642101 0.116423
vt 0.884226 0.090948
vt 0.934723 0.077039
vt 0.785783 0.137093
vt 0.772097 0.126459
vt 0.772648 0.081382
vt 0.783496 0.053567
vt 0.778444 0.045092
vt 0.337264 0.499137
vt 0.163395 0.374405
vt 0.157181 0.351810
vt 0.307799 0.538584
vt 0.625522 0.075005
vt 0.653178 0.080199
vt 0.638740 0.061281
vt 0.875373 0.094282
vt 0.616888 0.014770
vt 0.629988 0.012967
vt 0.617478 0.012587
vt 0.971716 0.083971
vt 0.952564 0.094227
vt 0.779821 0.154886
vt 0.767410 0.048264
vt 0.441963 0.423951
vt 0.394696 0.420286
vt 0.636759 0.734442
vt 0.650023 0.745362
vt 0.322355 0.532126
vt 0.289875 0.548661
vt 0.313865 0.603267
vt 0.639307 0.026142
vt 0.637018 0.012700
vt 0.628004 0.031538
vt 0.634016 0.011310
vt 0.772888 0.146866
vt 0.768876 0.135612
vt 0.652589 0.956075
vt 0.663789 0.962601
vt 0.651414 0.960241
vt 0.305259 0.529194
vt 0.317346 0.529164
vt 0.616072 0.772399
vt 0.816404 0.889903
vt 0.297742 0.556750
vt 0.076260 0.815498
vt 0.093752 0.813862
vt 0.089072 0.815464
vt 0.771236 0.153738
vt 0.768114 0.044776
vt 0.356267 0.458768
vt 0.626690 0.728681
vt 0.292464 0.647315
vt 0.910192 0.076780
vt 0.758609 0.111432
vt 0.376254 0.449645
vt 0.810154 0.923736
vt 0.295825 0.700286
vt 0.297210 0.625129
vt 0.651806 0.010642
vt 0.646187 0.009831
vt 0.979311 0.094794
vt 0.978979 0.082426
vt 0.908962 0.190854
vt 0.904162 0.192674
vt 0.900234 0.190396
vt 0.754990 0.068424
vt 0.763448 0.043292
vt 0.658903 0.762661
vt 0.806810 0.908389
vt 0.288866 0.588275
vt 0.287749 0.572418
vt 0.290367 0.712999
vt 0.665818 0.062335
vt 0.657126 0.034858
vt 0.871248 0.088105
vt 0.875825 0.075684
vt 0.870283 0.069947
vt 0.896703 0.192180
vt 0.760423 0.149817
vt 0.752248 0.081357
vt 0.754319 0.048891
vt 0.444177 0.445766
vt 0.651207 0.728764
vt 0.680084 0.104728
vt 0.660400 0.100732
vt 0.676239 0.114515
vt 0.884253 0.188868
vt 0.755431 0.155382
vt 0.746518 0.137179
vt 0.940820 0.431120
vt 0.935865 0.433091
vt 0.938623 0.441960
vt 0.269693 0.542753
vt 0.657095 0.007136
vt 0.951348 0.061480
vt 0.881613 0.191086
vt 0.743557 0.055406
vt 0.747818 0.047857
vt 0.268912 0.537079
vt 0.287102 0.682826
vt 0.898552 0.067021
vt 0.888172 0.059568
vt 0.980660 0.071236
vt 0.979018 0.062277
vt 0.873124 0.189672
vt 0.742470 0.100204
vt 0.738327 0.067962
vt 0.265645 0.663719
vt 0.280502 0.626161
vt 0.674671 0.081074
vt 0.695149 0.085383
vt 0.684766 0.068522
vt 0.930995 0.055522
vt 0.744352 0.155566
vt 0.741917 0.152159
vt 0.941038 0.417396
vt 0.933446 0.419671
vt 0.937014 0.425368
vt 0.274535 0.580809
vt 0.268296 0.562429
vt 0.869276 0.192393
vt 0.735325 0.121419
vt 0.730454 0.090743
vt 0.732165 0.066499
vt 0.732375 0.056954
vt 0.935118 0.407152
vt 0.664679 0.735014
vt 0.672396 0.744482
vt 0.270332 0.599763
vt 0.271816 0.653737
vt 0.913753 0.041835
vt 0.728118 0.104794
vt 0.137780 0.715238
vt 0.133035 0.713360
vt 0.127671 0.707648
vt 0.930134 0.407265
vt 0.262151 0.552858
vt 0.831043 0.911483
vt 0.273788 0.690160
vt 0.274141 0.638879
vt 0.975093 0.048934
vt 0.965868 0.054199
vt 0.858962 0.192674
vt 0.730194 0.153787
vt 0.727680 0.149734
vt 0.726229 0.084565
vt 0.725441 0.071609
vt 0.725352 0.064454
vt 0.938306 0.397097
vt 0.931659 0.403691
vt 0.396877 0.449788
vt 0.380779 0.459261
vt 0.683499 0.953508
vt 0.700321 0.949157
vt 0.711667 0.953814
vt 0.267286 0.580060
vt 0.271283 0.607007
vt 0.269659 0.586117
vt 0.887094 0.041933
vt 0.874913 0.064724
vt 0.876772 0.048103
vt 0.721719 0.133436
vt 0.723124 0.124368
vt 0.723761 0.098891
vt 0.935865 0.394079
vt 0.929717 0.397988
vt 0.726533 0.246369
vt 0.722954 0.243688
vt 0.725895 0.233722
vt 0.958019 0.878687
vt 0.963965 0.881541
vt 0.965566 0.878687
vt 0.680198 0.730953
vt 0.266605 0.626617
vt 0.893852 0.036390
vt 0.680615 0.011565
vt 0.690274 0.010062
vt 0.679989 0.008878
vt 0.971539 0.039185
vt 0.954760 0.041558
vt 0.933468 0.041074
vt 0.936950 0.392623
vt 0.929870 0.393575
vt 0.409693 0.460630
vt 0.264464 0.635479
vt 0.265774 0.603869
vt 0.267970 0.598900
vt 0.701627 0.074451
vt 0.702459 0.068832
vt 0.699880 0.073014
vt 0.080660 0.867342
vt 0.085222 0.865071
vt 0.085044 0.869172
vt 0.715860 0.145425
vt 0.716841 0.132342
vt 0.720136 0.124020
vt 0.930756 0.387726
vt 0.419183 0.450031
vt 0.246334 0.554204
vt 0.854454 0.926087
vt 0.248124 0.676878
vt 0.259636 0.580769
vt 0.260289 0.648997
vt 0.225000 0.352302
vt 0.234297 0.351996
vt 0.235193 0.350618
vt 0.250301 0.352521
vt 0.260849 0.352302
vt 0.701852 0.036261
vt 0.700015 0.026043
vt 0.694930 0.047072
vt 0.700668 0.044679
vt 0.842491 0.732939
vt 0.839989 0.729516
vt 0.848585 0.734063
vt 0.690576 0.013969
vt 0.695592 0.012734
vt 0.909913 0.023966
vt 0.092929 0.862512
vt 0.097148 0.865443
vt 0.714017 0.135850
vt 0.694378 0.739054
vt 0.686618 0.743404
vt 0.694140 0.757850
vt 0.249719 0.698015
vt 0.248759 0.566669
vt 0.255251 0.653492
vt 0.706132 0.022483
vt 0.702983 0.027030
vt 0.703122 0.020795
vt 0.967952 0.030555
vt 0.964386 0.028466
vt 0.944278 0.021323
vt 0.099358 0.863493
vt 0.709906 0.140270
vt 0.230130 0.549055
vt 0.852471 0.892016
vt 0.851257 0.941394
vt 0.894203 0.026730
vt 0.905397 0.019076
vt 0.886585 0.027372
vt 0.254776 0.648458
vt 0.827830 0.734063
vt 0.828963 0.727533
vt 0.831118 0.732079
vt 0.923640 0.025610
vt 0.151125 0.804459
vt 0.161220 0.800254
vt 0.154917 0.805181
vt 0.161973 0.803581
vt 0.106615 0.865268
vt 0.104205 0.869172
vt 0.109906 0.865982
vt 0.496417 0.430121
vt 0.491555 0.434725
vt 0.473136 0.434401
vt 0.487251 0.444224
vt 0.240263 0.667785
vt 0.958496 0.024235
vt 0.704169 0.733860
vt 0.248139 0.686322
vt 0.232229 0.583949
vt 0.249399 0.597603
vt 0.966348 0.019210
vt 0.962311 0.013429
vt 0.962219 0.022098
vt 0.922819 0.014289
vt 0.953542 0.013705
vt 0.433491 0.461941
vt 0.231378 0.559090
vt 0.938492 0.011893
vt 0.740341 0.944339
vt 0.742594 0.953892
vt 0.225990 0.572187
vt 0.248439 0.651964
vt 0.744948 0.295820
vt 0.750472 0.292948
vt 0.737442 0.304833
vt 0.883915 0.913066
vt 0.236429 0.672999
vt 0.232077 0.644174
vt 0.246567 0.643673
vt 0.231450 0.597597
vt 0.243193 0.629483
vt 0.244721 0.614366
vt 0.233722 0.612765
vt 0.520670 0.432492
vt 0.691037 0.720742
vt 0.716951 0.725062
vt 0.718210 0.742048
vt 0.714792 0.747894
vt 0.727375 0.757473
vt 0.229083 0.691628
vt 0.228862 0.650991
vt 0.228216 0.631302
vt 0.885626 0.898615
vt 0.872363 0.949077
vt 0.885312 0.937276
vt 0.215838 0.612130
vt 0.733014 0.727927
vt 0.757749 0.953493
vt 0.212174 0.562834
vt 0.211430 0.670297
vt 0.210714 0.583107
vt 0.222021 0.655199
vt 0.215624 0.631317
vt 0.214911 0.596571
vt 0.755220 0.320709
vt 0.756620 0.308108
vt 0.769925 0.305177
vt 0.745027 0.397266
vt 0.767652 0.401779
vt 0.726779 0.407782
vt 0.201962 0.559426
vt 0.211056 0.545408
vt 0.207525 0.682348
vt 0.742463 0.750533
vt 0.202330 0.596213
vt 0.206997 0.653250
vt 0.518771 0.428154
vt 0.542175 0.426620
vt 0.739290 0.738968
vt 0.741693 0.746026
vt 0.901873 0.913243
vt 0.202291 0.569383
vt 0.202956 0.617142
vt 0.202750 0.606556
vt 0.894536 0.959818
vt 0.201683 0.633981
vt 0.547522 0.429687
vt 0.529753 0.440974
vt 0.777585 0.953892
vt 0.762374 0.964203
vt 0.753352 0.761623
vt 0.746099 0.767946
vt 0.756377 0.732380
vt 0.917372 0.939516
vt 0.183172 0.582325
vt 0.182921 0.679762
vt 0.193816 0.650494
vt 0.795025 0.367819
vt 0.771999 0.389651
vt 0.767071 0.367892
vt 0.553302 0.437895
vt 0.755227 0.743051
vt 0.195292 0.618305
vt 0.769871 0.756045
vt 0.171397 0.572548
vt 0.182272 0.666090
vt 0.778417 0.770285
vt 0.775001 0.776759
vt 0.928515 0.928918
vt 0.941406 0.944929
vt 0.173139 0.591465
vt 0.776874 0.411129
vt 0.794832 0.402640
vt 0.783936 0.418173
vt 0.775404 0.737662
vt 0.793895 0.952933
vt 0.800512 0.964702
vt 0.932510 0.953023
vt 0.172412 0.690095
vt 0.169839 0.622271
vt 0.171612 0.607210
vt 0.809599 0.955302
vt 0.172174 0.671783
vt 0.165524 0.646500
vt 0.170123 0.633042
vt 0.782036 0.750255
vt 0.163671 0.566127
vt 0.178336 0.560407
vt 0.153078 0.586914
vt 0.821319 0.366730
vt 0.815548 0.372968
vt 0.783000 0.760565
vt 0.796187 0.777617
vt 0.156558 0.596940
vt 0.167022 0.679393
vt 0.167054 0.659410
vt 0.817912 0.393349
vt 0.802792 0.412184
vt 0.816258 0.965618
vt 0.158365 0.610498
vt 0.167078 0.673844
vt 0.143018 0.650483
vt 0.797091 0.743938
vt 0.803573 0.757655
vt 0.791247 0.788785
vt 0.163765 0.684211
vt 0.165188 0.661518
vt 0.161266 0.653790
vt 0.600489 0.830694
vt 0.598976 0.823518
vt 0.591923 0.833408
vt 0.592326 0.844434
vt 0.601552 0.841661
vt 0.590962 0.817554
vt 0.589151 0.826080
vt 0.823685 0.403412
vt 0.798814 0.766804
vt 0.799878 0.784282
vt 0.951415 0.956331
vt 0.941909 0.960514
vt 0.146219 0.631876
vt 0.159517 0.678034
vt 0.159953 0.671605
vt 0.156691 0.664306
vt 0.153760 0.676445
vt 0.662498 0.468639
vt 0.649047 0.461561
vt 0.652748 0.470504
vt 0.603558 0.820935
vt 0.600820 0.814687
vt 0.139001 0.577000
vt 0.139199 0.570935
vt 0.950997 0.942828
vt 0.143160 0.621412
vt 0.358604 0.408155
vt 0.357264 0.410672
vt 0.349528 0.413640
vt 0.157759 0.653433
vt 0.156346 0.681667
vt 0.356508 0.420758
vt 0.154314 0.661799
vt 0.151137 0.682963
vt 0.671440 0.469020
vt 0.668009 0.462343
vt 0.606132 0.810721
vt 0.593131 0.810589
vt 0.807821 0.780679
vt 0.363316 0.421028
vt 0.658594 0.457836
vt 0.648875 0.457050
vt 0.596508 0.802569
vt 0.814750 0.388050
vt 0.833294 0.380293
vt 0.842852 0.393608
vt 0.138784 0.597831
vt 0.814124 0.793965
vt 0.805068 0.796559
vt 0.141351 0.655239
vt 0.367789 0.405081
vt 0.366237 0.413423
vt 0.666895 0.454074
vt 0.655477 0.447043
vt 0.649145 0.450676
vt 0.817470 0.750655
vt 0.812980 0.772356
vt 0.137073 0.654039
vt 0.371461 0.419215
vt 0.675943 0.461786
vt 0.986321 0.598190
vt 0.978052 0.600648
vt 0.986321 0.611227
vt 0.976134 0.613226
vt 0.140537 0.584372
vt 0.373551 0.404853
vt 0.375477 0.417216
vt 0.665966 0.447182
vt 0.673242 0.452403
vt 0.122393 0.588691
vt 0.128005 0.577816
vt 0.125837 0.593434
vt 0.829668 0.780197
vt 0.119892 0.616121
vt 0.138006 0.659908
vt 0.380923 0.420758
vt 0.832105 0.767824
vt 0.826561 0.788182
vt 0.124894 0.603488
vt 0.819587 0.795254
vt 0.828472 0.800604
vt 0.136336 0.666767
vt 0.133581 0.668341
vt 0.841057 0.759371
vt 0.842166 0.795405
vt 0.122610 0.655211
vt 0.116153 0.637177
vt 0.842482 0.380172
vt 0.867040 0.372924
vt 0.864591 0.380832
vt 0.135969 0.674431
vt 0.122514 0.672572
vt 0.116032 0.626711
vt 0.857429 0.369678
vt 0.851627 0.775601
vt 0.106778 0.603072
vt 0.112323 0.661115
vt 0.864159 0.355475
vt 0.876405 0.361975
vt 0.103933 0.592961
vt 0.851625 0.788163
vt 0.114000 0.647604
vt 0.871617 0.771800
vt 0.118690 0.580195
vt 0.107567 0.583251
vt 0.106864 0.576710
vt 0.857558 0.801251
vt 0.108778 0.652174
vt 0.141981 0.034729
vt 0.138208 0.031293
vt 0.141981 0.027117
vt 0.892626 0.362821
vt 0.870125 0.783130
vt 0.868594 0.795061
vt 0.107241 0.656440
vt 0.106953 0.649089
vt 0.100927 0.643444
vt 0.101217 0.625354
vt 0.598585 0.785442
vt 0.592925 0.786529
vt 0.598585 0.792103
vt 0.593420 0.791063
vt 0.091389 0.579081
vt 0.100524 0.662360
vt 0.090005 0.617732
vt 0.090410 0.597535
vt 0.884829 0.351621
vt 0.901676 0.347171
vt 0.096751 0.586606
vt 0.082729 0.581514
vt 0.077811 0.610440
vt 0.081873 0.641391
vt 0.082797 0.626967
vt 0.880747 0.793830
vt 0.895278 0.808258
vt 0.923812 0.272872
vt 0.921411 0.279264
vt 0.905897 0.274320
vt 0.892900 0.781219
vt 0.891286 0.792142
vt 0.891430 0.966863
vt 0.893519 0.975696
vt 0.884259 0.973630
vt 0.910213 0.807002
vt 0.076521 0.598185
vt 0.077979 0.588847
vt 0.087706 0.591627
vt 0.642925 0.941484
vt 0.622021 0.938323
vt 0.634027 0.932553
vt 0.072777 0.579535
vt 0.065816 0.611510
vt 0.909045 0.335435
vt 0.926338 0.330429
vt 0.913077 0.800890
vt 0.619435 0.930825
vt 0.064907 0.590811
vt 0.070538 0.585587
vt 0.064098 0.621915
vt 0.931008 0.320315
vt 0.937879 0.266676
vt 0.944184 0.273178
vt 0.058837 0.569534
vt 0.618017 0.916671
vt 0.615103 0.925601
vt 0.604616 0.922954
vt 0.068269 0.637484
vt 0.061792 0.581962
vt 0.061120 0.577502
vt 0.949069 0.325227
vt 0.912478 0.350169
vt 0.930333 0.808455
vt 0.053839 0.599966
vt 0.054833 0.583543
vt 0.607788 0.932430
vt 0.597564 0.932963
vt 0.603461 0.939307
vt 0.051947 0.619526
vt 0.046722 0.592357
vt 0.592029 0.920815
vt 0.587829 0.916025
vt 0.595140 0.913780
vt 0.933266 0.818332
vt 0.043587 0.583469
vt 0.044257 0.566269
vt 0.589254 0.938886
vt 0.049162 0.565481
vt 0.049781 0.559897
vt 0.596237 0.908554
vt 0.576261 0.909741
vt 0.046769 0.605701
vt 0.046193 0.577156
vt 0.583524 0.933775
vt 0.949801 0.817716
vt 0.037147 0.604821
vt 0.579113 0.922373
vt 0.586099 0.924998
vt 0.953527 0.827260
vt 0.571567 0.941484
vt 0.563599 0.938220
vt 0.034260 0.592264
vt 0.037718 0.569768
vt 0.968344 0.241370
vt 0.968098 0.236350
vt 0.977182 0.232593
vt 0.570029 0.920042
vt 0.034524 0.581856
vt 0.028297 0.546388
vt 0.036121 0.550393
vt 0.557591 0.919152
vt 0.564521 0.926606
vt 0.028805 0.572457
vt 0.031151 0.556606
vt 0.888208 0.688112
vt 0.883780 0.693299
vt 0.878467 0.686489
vt 0.963432 0.304388
vt 0.985121 0.299201
vt 0.575281 0.932664
vt 0.556704 0.932592
vt 0.030923 0.564326
vt 0.023819 0.556844
vt 0.021449 0.583146
vt 0.031794 0.543540
vt 0.886885 0.705015
vt 0.951179 0.813745
vt 0.970844 0.826078
vt 0.019128 0.560644
vt 0.589151 0.147003
vt 0.595657 0.145791
vt 0.591458 0.145755
vt 0.020111 0.539467
vt 0.880487 0.703616
vt 0.877437 0.695926
vt 0.594139 0.136203
vt 0.590347 0.135802
vt 0.980480 0.838794
vt 0.013778 0.574301
vt 0.010243 0.566053
vt 0.550754 0.940117
vt 0.024611 0.547219
vt 0.544256 0.937728
vt 0.547405 0.932179
vt 0.017160 0.585676
vt 0.855936 0.702304
vt 0.853476 0.713586
vt 0.850472 0.700797
vt 0.013690 0.540843
vt 0.881539 0.712199
vt 0.878942 0.717188
vt 0.871396 0.716683
vt 0.869361 0.704867
vt 0.859591 0.716513
vt 0.011275 0.576968
vt 0.014047 0.537012
vt 0.992871 0.280001
vt 0.996668 0.290357
vt 0.987003 0.286474
vt 0.983375 0.833030
vt 0.990094 0.844434
vt 0.006845 0.267685
vt 0.000472 0.264922
vt 0.011253 0.253354
vt 0.014240 0.231289
vt 0.009551 0.221892
vt 0.054535 0.029179
vt 0.008239 0.274264
vt 0.043628 0.068479
vt 0.070283 0.387726
vt 0.071226 0.395517
vt 0.070283 0.415319
vt 0.045730 0.077181
vt 0.057797 0.083643
vt 0.065078 0.012923
vt 0.061228 0.008587
vt 0.016205 0.273546
vt 0.030192 0.266335
vt 0.025318 0.198852
vt 0.069923 0.011103
vt 0.039426 0.232854
vt 0.048769 0.091608
vt 0.030874 0.272346
vt 0.074226 0.063791
vt 0.075603 0.037044
vt 0.022537 0.276373
vt 0.121226 0.834919
vt 0.120463 0.848484
vt 0.121226 0.881541
vt 0.120283 0.864180
vt 0.054344 0.110377
vt 0.055340 0.186080
vt 0.083221 0.025011
vt 0.053707 0.161098
vt 0.061298 0.126761
vt 0.228228 0.064403
vt 0.208962 0.065176
vt 0.217835 0.063412
vt 0.338163 0.445433
vt 0.328774 0.448620
vt 0.043290 0.259222
vt 0.082787 0.101231
vt 0.088575 0.042210
vt 0.069355 0.109934
vt 0.227502 0.061370
vt 0.056378 0.240883
vt 0.057067 0.258019
vt 0.061136 0.204009
vt 0.094886 0.055687
vt 0.287937 0.884952
vt 0.291038 0.895814
vt 0.287395 0.875601
vt 0.075177 0.150323
vt 0.061935 0.146039
vt 0.242399 0.062091
vt 0.135507 0.051889
vt 0.121226 0.049644
vt 0.105013 0.088669
vt 0.097613 0.045407
vt 0.289811 0.865997
vt 0.253437 0.065176
vt 0.231604 0.325880
vt 0.067885 0.221671
vt 0.083617 0.174635
vt 0.256820 0.062515
vt 0.071488 0.239775
vt 0.088146 0.150694
vt 0.286321 0.866669
vt 0.109573 0.082097
vt 0.066790 0.251231
vt 0.109031 0.071183
vt 0.081977 0.227623
vt 0.094089 0.190594
vt 0.108981 0.058857
vt 0.271226 0.063875
vt 0.082955 0.237541
vt 0.091828 0.215720
vt 0.098414 0.121008
vt 0.163355 0.052807
vt 0.291038 0.833016
vt 0.011792 0.650333
vt 0.009004 0.662864
vt 0.090114 0.229607
vt 0.120248 0.128213
vt 0.123900 0.081986
vt 0.117863 0.102921
vt 0.109695 0.164180
vt 0.189986 0.050574
vt 0.123026 0.094206
vt 0.097907 0.220609
vt 0.103077 0.202074
vt 0.007200 0.683197
vt 0.129318 0.121571
vt 0.114647 0.176681
vt 0.132680 0.107807
vt 0.113187 0.203165
vt 0.125326 0.163535
vt 0.135258 0.099758
vt 0.116239 0.192213
vt 0.118038 0.185367
vt 0.006591 0.717653
vt 0.010298 0.716204
vt 0.140332 0.129845
vt 0.139295 0.171963
vt 0.145172 0.162567
vt 0.131273 0.183193
vt 0.131960 0.178631
vt 0.143449 0.143087
vt 0.147949 0.125058
vt 0.150063 0.117220
vt 0.233308 0.049375
vt 0.155865 0.142383
vt 0.158442 0.125207
vt 0.734303 0.495067
vt 0.725000 0.495243
vt 0.745463 0.488034
vt 0.173040 0.177820
vt 0.162503 0.137123
vt 0.745337 0.491305
vt 0.173105 0.157673
vt 0.172494 0.134055
vt 0.761102 0.486016
vt 0.189358 0.170074
vt 0.179535 0.154757
vt 0.190305 0.151641
vt 0.780243 0.478601
vt 0.191193 0.142710
vt 0.192816 0.188651
vt 0.199750 0.183509
vt 0.201442 0.166984
vt 0.198729 0.160450
vt 0.203021 0.154046
vt 0.202012 0.145806
vt 0.790658 0.473956
vt 0.224645 0.168102
vt 0.216732 0.149643
vt 0.221731 0.191761
vt 0.232948 0.160961
vt 0.227000 0.202233
vt 0.233346 0.180300
vt 0.235323 0.154130
vt 0.068023 0.969077
vt 0.068396 0.972883
vt 0.234726 0.137200
vt 0.213371 0.241681
vt 0.208942 0.234638
vt 0.209010 0.228205
vt 0.151561 0.100381
vt 0.149528 0.103836
vt 0.151210 0.108944
vt 0.244860 0.156660
vt 0.237939 0.129149
vt 0.222734 0.227843
vt 0.244090 0.205441
vt 0.246781 0.191825
vt 0.243285 0.145791
vt 0.257182 0.178670
vt 0.247889 0.134987
vt 0.247327 0.126364
vt 0.256121 0.171169
vt 0.261869 0.191203
vt 0.256725 0.161913
vt 0.260521 0.125256
vt 0.241913 0.250193
vt 0.261137 0.158095
vt 0.256035 0.121933
vt 0.275095 0.121849
vt 0.275053 0.168896
vt 0.254378 0.247850
vt 0.286174 0.216837
vt 0.269453 0.160283
vt 0.279811 0.156189
vt 0.268750 0.117182
vt 0.239715 0.266575
vt 0.254533 0.264863
vt 0.286331 0.135472
vt 0.243928 0.272335
vt 0.288389 0.106408
vt 0.247901 0.278360
vt 0.289050 0.185916
vt 0.288457 0.171953
vt 0.300714 0.209768
vt 0.295123 0.176727
vt 0.264020 0.291813
vt 0.294181 0.153281
vt 0.297418 0.109209
vt 0.258911 0.296296
vt 0.692270 0.575893
vt 0.313584 0.160224
vt 0.308825 0.149650
vt 0.311499 0.200846
vt 0.284608 0.291605
vt 0.267013 0.310189
vt 0.275984 0.316641
vt 0.317902 0.123155
vt 0.321579 0.094696
vt 0.323324 0.176183
vt 0.322757 0.145994
vt 0.324737 0.188923
vt 0.310725 0.260076
vt 0.318549 0.164249
vt 0.351421 0.101259
vt 0.341314 0.236748
vt 0.288398 0.338317
vt 0.324220 0.083190
vt 0.332044 0.077578
vt 0.322883 0.258520
vt 0.340623 0.256974
vt 0.335830 0.143625
vt 0.337331 0.140109
vt 0.349344 0.078127
vt 0.350338 0.224744
vt 0.333244 0.201546
vt 0.356863 0.164150
vt 0.372963 0.053881
vt 0.297612 0.365000
vt 0.350443 0.064581
vt 0.356170 0.174608
vt 0.293458 0.379538
vt 0.127897 0.311163
vt 0.371710 0.126662
vt 0.295372 0.391208
vt 0.355252 0.059768
vt 0.296898 0.403267
vt 0.301330 0.410821
vt 0.305115 0.383380
vt 0.342071 0.278995
vt 0.298702 0.418173
vt 0.360617 0.255622
vt 0.373038 0.204683
vt 0.376558 0.183207
vt 0.312247 0.411202
vt 0.310141 0.416758
vt 0.360657 0.279427
vt 0.376987 0.136558
vt 0.411597 0.051423
vt 0.354514 0.297283
vt 0.373077 0.165817
vt 0.379998 0.125915
vt 0.389176 0.120754
vt 0.333221 0.399406
vt 0.385989 0.171055
vt 0.396005 0.100232
vt 0.399230 0.023385
vt 0.322841 0.413022
vt 0.986321 0.106089
vt 0.986321 0.131779
vt 0.985377 0.117935
vt 0.384845 0.232042
vt 0.390196 0.135445
vt 0.392655 0.284141
vt 0.333951 0.408697
vt 0.401953 0.003295
vt 0.413390 0.189051
vt 0.408863 0.160440
vt 0.337547 0.999416
vt 0.396020 0.121047
vt 0.368166 0.324685
vt 0.402222 0.136295
vt 0.345529 0.984927
vt 0.354644 0.391966
vt 0.413223 0.010179
vt 0.413115 0.002881
vt 0.382850 0.309772
vt 0.401891 0.116135
vt 0.180170 0.897724
vt 0.187264 0.898590
vt 0.403025 0.210363
vt 0.363811 0.393140
vt 0.117845 0.441381
vt 0.104245 0.445766
vt 0.135258 0.432730
vt 0.417485 0.174193
vt 0.414799 0.111847
vt 0.432808 0.028268
vt 0.429598 0.017357
vt 0.128335 0.438969
vt 0.407437 0.308057
vt 0.370116 0.978750
vt 0.418745 0.113285
vt 0.140215 0.437214
vt 0.145387 0.893911
vt 0.428531 0.107895
vt 0.444869 0.037235
vt 0.431809 0.159909
vt 0.446041 0.105907
vt 0.991381 0.470214
vt 0.993770 0.482217
vt 0.994811 0.457184
vt 0.430632 0.221453
vt 0.387890 0.975264
vt 0.435557 0.109495
vt 0.450919 0.051683
vt 0.435253 0.206577
vt 0.410739 0.334767
vt 0.439222 0.141198
vt 0.392587 0.354358
vt 0.152822 0.434141
vt 0.391969 0.382179
vt 0.163907 0.423854
vt 0.990333 0.493028
vt 0.986744 0.487081
vt 0.458314 0.183465
vt 0.161491 0.431557
vt 0.421779 0.325660
vt 0.452843 0.150757
vt 0.405187 0.360240
vt 0.407047 0.371266
vt 0.410052 0.987089
vt 0.450116 0.108570
vt 0.458730 0.087468
vt 0.458238 0.055392
vt 0.992075 0.504653
vt 0.985830 0.502861
vt 0.459695 0.123524
vt 0.403107 0.973750
vt 0.160651 0.414889
vt 0.454666 0.253627
vt 0.464749 0.170124
vt 0.467572 0.134073
vt 0.465138 0.106363
vt 0.469023 0.085023
vt 0.462671 0.193916
vt 0.472376 0.127497
vt 0.175794 0.409610
vt 0.423349 0.981381
vt 0.417951 0.972584
vt 0.464451 0.108930
vt 0.479827 0.093573
vt 0.473458 0.077723
vt 0.990125 0.531506
vt 0.427113 0.962645
vt 0.396505 0.961235
vt 0.410131 0.949725
vt 0.428271 0.354634
vt 0.471989 0.095254
vt 0.456681 0.298426
vt 0.469560 0.214250
vt 0.429338 0.949124
vt 0.481821 0.250119
vt 0.485199 0.160432
vt 0.476393 0.146289
vt 0.446338 0.377328
vt 0.442498 0.382494
vt 0.482381 0.113159
vt 0.482428 0.103978
vt 0.988510 0.548132
vt 0.423412 0.989811
vt 0.444623 0.988575
vt 0.212286 0.414972
vt 0.992564 0.548422
vt 0.432388 0.958002
vt 0.436817 0.974997
vt 0.983970 0.544144
vt 0.443924 0.949595
vt 0.507120 0.136310
vt 0.988936 0.563078
vt 0.994811 0.558895
vt 0.984410 0.562633
vt 0.979717 0.552963
vt 0.483980 0.290252
vt 0.492888 0.129288
vt 0.487497 0.113573
vt 0.993357 0.569665
vt 0.530093 0.493997
vt 0.454248 0.984732
vt 0.988298 0.572312
vt 0.510152 0.146728
vt 0.441802 0.973199
vt 0.450816 0.972892
vt 0.446216 0.969802
vt 0.982648 0.571663
vt 0.138208 0.239296
vt 0.140094 0.244968
vt 0.138208 0.250714
vt 0.544006 0.187766
vt 0.461891 0.370700
vt 0.518785 0.202521
vt 0.462747 0.958600
vt 0.441687 0.959786
vt 0.478175 0.972999
vt 0.502998 0.222231
vt 0.509458 0.392052
vt 0.506178 0.985693
vt 0.490470 0.950231
vt 0.533394 0.316431
vt 0.538618 0.330718
vt 0.542221 0.255749
vt 0.504597 0.377124
vt 0.531733 0.958848
vt 0.562605 0.211577
vt 0.460146 0.993391
vt 0.522693 0.991184
vt 0.566709 0.314429
vt 0.595803 0.179904
vt 0.567369 0.150439
vt 0.568152 0.158115
vt 0.550533 0.281167
vt 0.555176 0.232609
vt 0.567139 0.145469
vt 0.532823 0.951047
vt 0.574914 0.974513
vt 0.597780 0.202056
vt 0.573328 0.340758
vt 0.585730 0.986590
vt 0.589241 0.237791
vt 0.591333 0.397101
vt 0.628743 0.166567
vt 0.571961 0.328863
vt 0.639516 0.163501
vt 0.582814 0.269477
vt 0.611389 0.962334
vt 0.612412 0.296319
vt 0.621204 0.224766
vt 0.603383 0.990659
vt 0.608325 0.955667
vt 0.600717 0.951569
vt 0.627373 0.186578
vt 0.588221 0.410113
vt 0.599241 0.996091
vt 0.645329 0.209952
vt 0.078364 0.440057
vt 0.088922 0.440840
vt 0.098979 0.447074
vt 0.628025 0.248019
vt 0.004202 0.802221
vt 0.002358 0.792174
vt 0.009900 0.789847
vt 0.003815 0.780076
vt 0.011001 0.775547
vt 0.007611 0.769292
vt 0.070592 0.443943
vt 0.063397 0.442121
vt 0.102456 0.455345
vt 0.108332 0.454352
vt 0.614392 0.334673
vt 0.850310 0.828230
vt 0.564131 0.045448
vt 0.011967 0.807598
vt 0.012957 0.759902
vt 0.116794 0.466719
vt 0.117410 0.462445
vt 0.619248 0.312544
vt 0.613172 0.345846
vt 0.020896 0.759741
vt 0.051468 0.449646
vt 0.058253 0.448734
vt 0.902358 0.734545
vt 0.901412 0.730257
vt 0.893499 0.745133
vt 0.186882 0.274254
vt 0.022455 0.783865
vt 0.028640 0.800603
vt 0.018943 0.750204
vt 0.029902 0.742555
vt 0.049519 0.477075
vt 0.116205 0.474112
vt 0.896246 0.747500
vt 0.122783 0.479454
vt 0.610435 0.973645
vt 0.830626 0.844834
vt 0.836398 0.069065
vt 0.034395 0.732362
vt 0.891038 0.753253
vt 0.647128 0.190330
vt 0.613095 0.986501
vt 0.825261 0.844463
vt 0.177371 0.273767
vt 0.596440 0.079681
vt 0.587287 0.042301
vt 0.657015 0.271021
vt 0.039628 0.463727
vt 0.894493 0.761840
vt 0.590955 0.045190
vt 0.034429 0.791724
vt 0.044768 0.760902
vt 0.668920 0.242465
vt 0.902358 0.764243
vt 0.662705 0.224317
vt 0.892749 0.761928
vt 0.622875 0.998863
vt 0.625221 0.949115
vt 0.850410 0.860511
vt 0.979368 0.143940
vt 0.046287 0.801927
vt 0.046901 0.734931
vt 0.058967 0.747695
vt 0.822914 0.056099
vt 0.086596 0.484575
vt 0.115385 0.495308
vt 0.666592 0.175381
vt 0.891820 0.770219
vt 0.661843 0.170017
vt 0.623946 0.993852
vt 0.626698 0.989426
vt 0.627973 0.953894
vt 0.880417 0.870424
vt 0.601344 0.030741
vt 0.048925 0.721255
vt 0.654992 0.343912
vt 0.123236 0.493381
vt 0.126537 0.506125
vt 0.129717 0.504725
vt 0.634441 0.975449
vt 0.896763 0.879462
vt 0.907225 0.875760
vt 0.600444 0.017575
vt 0.880415 0.128779
vt 0.885154 0.136410
vt 0.663106 0.197923
vt 0.034143 0.477234
vt 0.051679 0.489323
vt 0.623834 0.403941
vt 0.635725 0.964304
vt 0.064522 0.788548
vt 0.063227 0.773420
vt 0.135381 0.470376
vt 0.136321 0.483825
vt 0.132666 0.468583
vt 0.078886 0.508200
vt 0.109967 0.506526
vt 0.121007 0.509345
vt 0.668061 0.172732
vt 0.434510 0.506698
vt 0.640261 0.391461
vt 0.869972 0.881546
vt 0.975943 0.436223
vt 0.978938 0.439216
vt 0.981140 0.443536
vt 0.616245 0.033693
vt 0.625589 0.043736
vt 0.612036 0.025238
vt 0.070267 0.739094
vt 0.062523 0.725309
vt 0.669685 0.333437
vt 0.679832 0.186978
vt 0.109069 0.513199
vt 0.120478 0.512757
vt 0.846559 0.875625
vt 0.880973 0.884396
vt 0.979433 0.419417
vt 0.980725 0.429719
vt 0.636111 0.105556
vt 0.726489 0.020988
vt 0.716509 0.018223
vt 0.726823 0.016933
vt 0.609511 0.014144
vt 0.062086 0.815690
vt 0.067246 0.803207
vt 0.068050 0.765736
vt 0.060716 0.714467
vt 0.030222 0.482384
vt 0.029609 0.492006
vt 0.090945 0.510892
vt 0.641519 0.960546
vt 0.638482 0.956809
vt 0.815257 0.870526
vt 0.857778 0.882594
vt 0.073492 0.712425
vt 0.131604 0.446332
vt 0.654054 0.361686
vt 0.027703 0.480952
vt 0.098404 0.513321
vt 0.654418 0.975761
vt 0.055867 0.928049
vt 0.043681 0.930067
vt 0.048372 0.922861
vt 0.032547 0.927293
vt 0.983491 0.418120
vt 0.742319 0.022904
vt 0.744025 0.018929
vt 0.136321 0.443863
vt 0.085783 0.706655
vt 0.681027 0.286077
vt 0.700976 0.221771
vt 0.026887 0.498042
vt 0.030435 0.499935
vt 0.080434 0.512966
vt 0.385712 0.498097
vt 0.812769 0.874299
vt 0.836764 0.884396
vt 0.077009 0.924374
vt 0.064076 0.922221
vt 0.983405 0.402950
vt 0.085298 0.794255
vt 0.683809 0.173700
vt 0.051446 0.508479
vt 0.065226 0.512037
vt 0.337341 0.508475
vt 0.648195 0.983495
vt 0.810849 0.883745
vt 0.812205 0.880999
vt 0.823633 0.883402
vt 0.153057 0.333302
vt 0.870488 0.103222
vt 0.083874 0.719547
vt 0.700083 0.204097
vt 0.028773 0.506194
vt 0.048964 0.510302
vt 0.090445 0.926077
vt 0.082917 0.922923
vt 0.066762 0.920552
vt 0.652963 0.119396
vt 0.102329 0.752294
vt 0.094624 0.711394
vt 0.122577 0.412682
vt 0.117453 0.415319
vt 0.118005 0.407470
vt 0.689550 0.302432
vt 0.704802 0.245119
vt 0.030820 0.508566
vt 0.031637 0.511349
vt 0.651038 0.985816
vt 0.657274 0.986543
vt 0.652033 0.988563
vt 0.103183 0.930067
vt 0.105189 0.925884
vt 0.159794 0.374149
vt 0.755346 0.022582
vt 0.647929 0.040035
vt 0.089217 0.802835
vt 0.123113 0.402893
vt 0.693988 0.317031
vt 0.711526 0.193541
vt 0.706230 0.183836
vt 0.027576 0.513199
vt 0.661620 0.116838
vt 0.762361 0.019513
vt 0.759048 0.016651
vt 0.098266 0.768127
vt 0.108432 0.724289
vt 0.102916 0.707481
vt 0.095379 0.705538
vt 0.120970 0.397272
vt 0.679841 0.349430
vt 0.670967 0.410075
vt 0.651526 0.952616
vt 0.764413 0.023311
vt 0.104991 0.741161
vt 0.122577 0.392483
vt 0.105548 0.703616
vt 0.694952 0.273611
vt 0.676576 0.399888
vt 0.663567 0.953805
vt 0.645700 0.996910
vt 0.651344 0.990386
vt 0.681996 0.992584
vt 0.677334 0.974822
vt 0.669100 0.096681
vt 0.669907 0.118877
vt 0.659797 0.120362
vt 0.772493 0.020991
vt 0.777061 0.017846
vt 0.664402 0.010704
vt 0.100927 0.815618
vt 0.111837 0.709596
vt 0.114399 0.705623
vt 0.445817 0.436623
vt 0.776877 0.019646
vt 0.114497 0.796275
vt 0.117585 0.781040
vt 0.691477 0.367151
vt 0.678521 0.382480
vt 0.727400 0.205491
vt 0.450457 0.429616
vt 0.675917 0.986049
vt 0.285336 0.530882
vt 0.779717 0.022904
vt 0.673644 0.035070
vt 0.115864 0.815890
vt 0.127452 0.744854
vt 0.709463 0.229343
vt 0.684786 0.974995
vt 0.692137 0.964323
vt 0.684463 0.109848
vt 0.126125 0.709823
vt 0.727753 0.227968
vt 0.694113 0.096132
vt 0.072898 0.697895
vt 0.082502 0.697920
vt 0.072071 0.704315
vt 0.085377 0.702957
vt 0.872859 0.057073
vt 0.672922 0.010032
vt 0.666184 0.007361
vt 0.126590 0.764354
vt 0.148277 0.733266
vt 0.732400 0.227830
vt 0.740810 0.194215
vt 0.695201 0.102051
vt 0.059719 0.698209
vt 0.067454 0.702527
vt 0.716666 0.295372
vt 0.717490 0.265839
vt 0.709906 0.337366
vt 0.706005 0.389065
vt 0.747128 0.187621
vt 0.720561 0.176388
vt 0.699431 0.984705
vt 0.062354 0.705519
vt 0.128014 0.814469
vt 0.134902 0.717603
vt 0.705753 0.408575
vt 0.138022 0.783129
vt 0.144119 0.725192
vt 0.719065 0.278771
vt 0.753894 0.215043
vt 0.709980 0.990508
vt 0.701451 0.094426
vt 0.703954 0.087499
vt 0.050516 0.694101
vt 0.049851 0.699389
vt 0.053705 0.703137
vt 0.701425 0.059211
vt 0.146917 0.756114
vt 0.145948 0.719735
vt 0.730621 0.310983
vt 0.726068 0.260550
vt 0.727004 0.345616
vt 0.940820 0.395715
vt 0.739305 0.230464
vt 0.710190 0.996591
vt 0.464823 0.445360
vt 0.706132 0.093837
vt 0.045900 0.695384
vt 0.881750 0.040688
vt 0.138198 0.813879
vt 0.723854 0.285426
vt 0.722667 0.321650
vt 0.476655 0.422191
vt 0.719466 0.974265
vt 0.044163 0.699608
vt 0.142606 0.811413
vt 0.157230 0.764114
vt 0.149437 0.722473
vt 0.150560 0.728975
vt 0.725887 0.294187
vt 0.725290 0.985607
vt 0.039151 0.699929
vt 0.044207 0.705519
vt 0.889043 0.034280
vt 0.160282 0.791601
vt 0.158308 0.745772
vt 0.728128 0.298106
vt 0.155050 0.724113
vt 0.156785 0.729184
vt 0.734694 0.964162
vt 0.150431 0.809716
vt 0.731588 0.302881
vt 0.747985 0.235682
vt 0.742475 0.234580
vt 0.741202 0.370993
vt 0.737483 0.350981
vt 0.767823 0.204489
vt 0.836219 0.727402
vt 0.166230 0.777459
vt 0.164144 0.753573
vt 0.161683 0.744075
vt 0.746687 0.249092
vt 0.736298 0.328602
vt 0.770763 0.217601
vt 0.749376 0.388409
vt 0.168396 0.792591
vt 0.165657 0.768528
vt 0.165099 0.804306
vt 0.497800 0.422245
vt 0.746686 0.974581
vt 0.746425 0.281375
vt 0.769933 0.249516
vt 0.741599 0.333506
vt 0.746293 0.320322
vt 0.769949 0.233975
vt 0.746206 0.998378
vt 0.748154 0.258459
vt 0.781154 0.202251
vt 0.748355 0.990264
vt 0.747425 0.272885
vt 0.762299 0.283181
vt 0.766909 0.261129
vt 0.513470 0.442217
vt 0.753185 0.984293
vt 0.763879 0.293096
vt 0.767702 0.330351
vt 0.785292 0.238666
vt 0.793863 0.219157
vt 0.766861 0.298399
vt 0.788269 0.226162
vt 0.777680 0.286458
vt 0.784516 0.268379
vt 0.774483 0.340251
vt 0.779112 0.321779
vt 0.780734 0.353380
vt 0.805190 0.211809
vt 0.771132 0.996011
vt 0.747976 0.412084
vt 0.784284 0.289548
vt 0.799670 0.259032
vt 0.811147 0.237231
vt 0.771173 0.408724
vt 0.776514 0.985517
vt 0.774228 0.974643
vt 0.192445 0.552234
vt 0.784142 0.306676
vt 0.788741 0.278724
vt 0.798137 0.272105
vt 0.797560 0.294305
vt 0.819435 0.251214
vt 0.784241 0.964640
vt 0.791318 0.344039
vt 0.828517 0.232153
vt 0.789386 0.393693
vt 0.795941 0.331839
vt 0.798491 0.316306
vt 0.791999 0.380496
vt 0.821676 0.268604
vt 0.800676 0.999524
vt 0.803302 0.988042
vt 0.799221 0.985097
vt 0.794796 0.974740
vt 0.822025 0.293909
vt 0.832542 0.259864
vt 0.809777 0.355709
vt 0.814850 0.334990
vt 0.836126 0.276905
vt 0.832948 0.246595
vt 0.807204 0.384678
vt 0.815516 0.343175
vt 0.820773 0.323438
vt 0.829488 0.312305
vt 0.817882 0.993569
vt 0.848919 0.251944
vt 0.814413 0.986145
vt 0.818356 0.975148
vt 0.817735 0.336448
vt 0.820626 0.326840
vt 0.819593 0.350194
vt 0.846204 0.238644
vt 0.606132 0.827724
vt 0.741212 0.525341
vt 0.739669 0.519139
vt 0.749719 0.514885
vt 0.755939 0.515902
vt 0.753991 0.505709
vt 0.759703 0.507049
vt 0.848694 0.299896
vt 0.824997 0.354105
vt 0.824786 0.324137
vt 0.848018 0.269332
vt 0.756540 0.519826
vt 0.765957 0.512749
vt 0.832203 0.321777
vt 0.829999 0.374656
vt 0.152858 0.561258
vt 0.151172 0.657648
vt 0.640082 0.441067
vt 0.637264 0.444138
vt 0.735377 0.529335
vt 0.745622 0.537443
vt 0.755114 0.524191
vt 0.762688 0.519891
vt 0.826619 0.364670
vt 0.846040 0.322874
vt 0.852716 0.289442
vt 0.859823 0.254071
vt 0.833159 0.966286
vt 0.648165 0.443968
vt 0.736821 0.539683
vt 0.761115 0.522936
vt 0.832767 0.355858
vt 0.766194 0.521475
vt 0.848372 0.313544
vt 0.869309 0.266367
vt 0.837413 0.995759
vt 0.837630 0.984040
vt 0.836417 0.975805
vt 0.657781 0.433397
vt 0.654012 0.439579
vt 0.130660 0.875833
vt 0.130660 0.889153
vt 0.125943 0.882163
vt 0.654134 0.443581
vt 0.758407 0.533315
vt 0.773318 0.526895
vt 0.845619 0.327166
vt 0.842663 0.365522
vt 0.865764 0.275511
vt 0.978121 0.593245
vt 0.969522 0.598275
vt 0.754616 0.541865
vt 0.763069 0.530257
vt 0.844332 0.991394
vt 0.660785 0.439129
vt 0.663333 0.442876
vt 0.973951 0.602174
vt 0.763747 0.535606
vt 0.775943 0.532313
vt 0.842286 0.352685
vt 0.848956 0.331112
vt 0.847377 0.984057
vt 0.846507 0.966738
vt 0.664739 0.433762
vt 0.960046 0.597178
vt 0.960606 0.603954
vt 0.966607 0.612498
vt 0.768875 0.541669
vt 0.775918 0.541865
vt 0.851728 0.338723
vt 0.857990 0.329182
vt 0.869935 0.290997
vt 0.868284 0.255330
vt 0.848159 0.975767
vt 0.383925 0.406420
vt 0.675943 0.434428
vt 0.672551 0.436072
vt 0.674408 0.445812
vt 0.385550 0.416525
vt 0.958019 0.609989
vt 0.857341 0.348601
vt 0.848829 0.347145
vt 0.860839 0.341341
vt 0.876502 0.302598
vt 0.856023 0.982450
vt 0.391038 0.407238
vt 0.879974 0.316232
vt 0.881818 0.263059
vt 0.858915 0.990125
vt 0.855145 0.975565
vt 0.856194 0.968124
vt 0.883740 0.289245
vt 0.888449 0.272385
vt 0.876739 0.332041
vt 0.889279 0.305605
vt 0.891109 0.284103
vt 0.878615 0.325265
vt 0.868792 0.994117
vt 0.866994 0.976713
vt 0.867653 0.973165
vt 0.881494 0.255597
vt 0.898470 0.258711
vt 0.893894 0.251920
vt 0.884751 0.342698
vt 0.880238 0.334376
vt 0.905508 0.298647
vt 0.244811 0.441732
vt 0.248585 0.439106
vt 0.248585 0.446717
vt 0.536321 0.811132
vt 0.536568 0.818744
vt 0.543868 0.818744
vt 0.540798 0.811507
vt 0.900603 0.268088
vt 0.889612 0.326111
vt 0.910705 0.253219
vt 0.883002 0.977505
vt 0.882141 0.328314
vt 0.883102 0.970382
vt 0.909466 0.314685
vt 0.913725 0.291264
vt 0.915997 0.263094
vt 0.915556 0.271149
vt 0.918486 0.318604
vt 0.925041 0.258679
vt 0.924143 0.303655
vt 0.930454 0.290386
vt 0.895755 0.984967
vt 0.928718 0.265459
vt 0.627912 0.913179
vt 0.630532 0.923231
vt 0.936755 0.260045
vt 0.616884 0.907231
vt 0.943340 0.298517
vt 0.607272 0.913959
vt 0.933385 0.797877
vt 0.948085 0.307468
vt 0.952935 0.282294
vt 0.951064 0.253046
vt 0.953109 0.248633
vt 0.949926 0.268447
vt 0.954547 0.258715
vt 0.959235 0.250880
vt 0.944148 0.318645
vt 0.958668 0.275522
vt 0.958054 0.264068
vt 0.960578 0.266205
vt 0.960752 0.290499
vt 0.965863 0.250741
vt 0.974327 0.279612
vt 0.970217 0.257144
vt 0.975948 0.262642
vt 0.982857 0.234115
vt 0.971181 0.291076
vt 0.976661 0.242466
vt 0.977419 0.270318
vt 0.988645 0.228009
vt 0.984045 0.253581
vt 0.566413 0.908221
vt 0.981044 0.250977
vt 0.973969 0.815350
vt 0.989905 0.232639
vt 0.986331 0.269775
vt 0.977058 0.295051
vt 0.990812 0.250257
vt 0.986943 0.243804
vt 0.987342 0.248263
vt 0.553940 0.908365
vt 0.551481 0.925054
vt 0.851345 0.688909
vt 0.858208 0.692825
vt 0.855649 0.695586
vt 0.986175 0.278611
vt 0.990720 0.261939
vt 0.545724 0.910898
vt 0.546650 0.917177
vt 0.875493 0.691942
vt 0.868434 0.697090
vt 0.593961 0.128728
vt 0.590336 0.127216
vt 0.867945 0.700079
vt 0.999528 0.226195
vt 0.998258 0.262164
vt 0.996053 0.224356
vt 0.602336 0.133671
vt 0.602290 0.141842
vt 0.607075 0.146147
vt 0.996495 0.269209
vt 0.998452 0.231057
vt 0.541627 0.909943
vt 0.539539 0.916846
vt 0.607075 0.123216
vt 0.541741 0.927208
vt 0.883790 0.716786
vt 0.605574 0.134030
vt 0.986430 0.822752
vt 0.538173 0.932012
vt 0.485146 0.036307
vt 0.475943 0.038417
vt 0.476715 0.026922
vt 0.479597 0.020048
vt 0.483395 0.021926
vt 0.537072 0.912054
vt 0.484084 0.046147
vt 0.490242 0.017602
vt 0.872824 0.719791
vt 0.536321 0.918828
vt 0.499766 0.027237
vt 0.859272 0.719791
vt 0.498937 0.034569
vt 0.495031 0.046147
vt 0.501472 0.022523
vt 0.502358 0.034574
vt 0.006132 0.538034
s 0
usemtl Material_0
f 2030/1/1 2031/2/1 2032/3/1
f 2323/4/2 2303/5/2 2354/6/2
f 2303/5/3 2334/7/3 2354/6/3
f 2029/8/4 2025/9/4 2027/10/4
f 2025/9/5 2026/11/5 2027/10/5
f 2027/10/6 2026/11/6 2028/12/6
f 649/13/7 761/14/7 722/15/7
f 2561/16/8 2313/17/8 2404/18/8
f 2404/18/9 2313/17/9 2323/4/9
f 2334/7/10 2303/5/10 2314/19/10
f 2521/20/11 2294/21/11 2518/22/11
f 2518/22/12 2294/21/12 2322/23/12
f 2286/24/13 2453/25/13 2515/26/13
f 2323/4/14 2313/17/14 2304/27/14
f 2323/4/15 2304/27/15 2303/5/15
f 2322/23/16 2294/21/16 2285/28/16
f 2322/23/17 2285/28/17 2321/29/17
f 2321/29/18 2285/28/18 2286/24/18
f 2321/29/19 2286/24/19 2515/26/19
f 645/30/20 840/31/20 642/32/20
f 2611/33/21 2319/34/21 2521/20/21
f 2521/20/22 2319/34/22 2294/21/22
f 2286/24/23 2291/35/23 2453/25/23
f 2334/7/24 2314/19/24 2383/36/24
f 2383/36/25 2314/19/25 2329/37/25
f 2511/38/26 2319/34/26 2611/33/26
f 2313/17/27 2312/39/27 2304/27/27
f 2319/34/28 2290/40/28 2294/21/28
f 2294/21/29 2283/41/29 2285/28/29
f 2067/42/30 2060/43/30 2066/44/30
f 2561/16/31 2355/45/31 2313/17/31
f 2314/19/32 2306/46/32 2329/37/32
f 2511/38/33 2318/47/33 2319/34/33
f 2313/17/34 2355/45/34 2312/39/34
f 2312/39/35 2302/48/35 2304/27/35
f 2319/34/36 2318/47/36 2290/40/36
f 2290/40/37 2283/41/37 2294/21/37
f 2285/28/38 2284/49/38 2286/24/38
f 2286/24/39 2284/49/39 2291/35/39
f 2329/37/40 2306/46/40 2328/50/40
f 2179/51/41 2318/47/41 2511/38/41
f 2178/52/42 2176/53/42 2175/54/42
f 2304/27/43 2302/48/43 2303/5/43
f 2303/5/44 2306/46/44 2314/19/44
f 2285/28/45 2283/41/45 2284/49/45
f 2060/43/46 2062/55/46 2066/44/46
f 2181/56/47 2318/47/47 2179/51/47
f 2355/45/48 2550/57/48 2312/39/48
f 2302/48/49 2301/58/49 2303/5/49
f 2303/5/50 2301/58/50 2306/46/50
f 2296/59/51 2478/60/51 2284/49/51
f 2284/49/52 2478/60/52 2291/35/52
f 2179/51/53 2180/61/53 2181/56/53
f 2283/41/54 2282/62/54 2284/49/54
f 2061/63/55 2063/64/55 2062/55/55
f 2306/46/56 2327/65/56 2328/50/56
f 2328/50/57 2327/65/57 2571/66/57
f 2181/56/58 2288/67/58 2318/47/58
f 2290/40/59 2280/68/59 2283/41/59
f 2283/41/60 2280/68/60 2282/62/60
f 2296/59/61 2479/69/61 2478/60/61
f 2571/66/62 2327/65/62 2182/70/62
f 2182/70/63 2181/56/63 2180/61/63
f 2181/56/64 2182/70/64 2307/71/64
f 2302/48/65 2312/39/65 2315/72/65
f 2306/46/66 2305/73/66 2327/65/66
f 2282/62/67 2296/59/67 2284/49/67
f 2063/64/68 2064/74/68 2062/55/68
f 2327/65/69 2305/73/69 2182/70/69
f 2550/57/70 2551/75/70 2312/39/70
f 2312/39/71 2551/75/71 2315/72/71
f 2302/48/72 2300/76/72 2301/58/72
f 2301/58/73 2305/73/73 2306/46/73
f 2181/56/74 2307/71/74 2288/67/74
f 2318/47/75 2289/77/75 2290/40/75
f 2290/40/76 2289/77/76 2280/68/76
f 2296/59/61 2295/78/61 2479/69/61
f 2315/72/77 2300/76/77 2302/48/77
f 2288/67/78 2289/77/78 2318/47/78
f 2282/62/79 2295/78/79 2296/59/79
f 2551/75/80 2553/79/80 2315/72/80
f 2301/58/81 2298/80/81 2305/73/81
f 2307/71/82 2292/81/82 2288/67/82
f 1368/82/83 1357/83/83 1359/84/83
f 2281/85/84 2295/78/84 2282/62/84
f 2280/68/85 2281/85/85 2282/62/85
f 2300/76/86 2298/80/86 2301/58/86
f 2305/73/87 2298/80/87 2307/71/87
f 2298/80/88 2292/81/88 2307/71/88
f 2288/67/89 2280/68/89 2289/77/89
f 1357/83/90 1354/86/90 1355/87/90
f 2315/72/91 2553/79/91 2335/88/91
f 1368/82/92 1364/89/92 1357/83/92
f 2315/72/93 2335/88/93 2300/76/93
f 2335/88/94 2309/90/94 2300/76/94
f 2300/76/95 2299/91/95 2298/80/95
f 1364/89/96 1354/86/96 1357/83/96
f 2281/85/97 2456/92/97 2295/78/97
f 1261/93/98 1262/94/98 1259/95/98
f 2553/79/99 2558/96/99 2335/88/99
f 2300/76/100 2309/90/100 2299/91/100
f 2280/68/101 2288/67/101 2277/97/101
f 2292/81/102 2287/98/102 2288/67/102
f 1364/89/103 1348/99/103 1354/86/103
f 2277/97/104 2279/100/104 2280/68/104
f 2280/68/105 2279/100/105 2281/85/105
f 2279/100/106 2456/92/106 2281/85/106
f 2309/90/107 2308/101/107 2299/91/107
f 2288/67/108 2287/98/108 2277/97/108
f 1364/89/109 1363/102/109 1348/99/109
f 1573/103/110 1572/104/110 1569/105/110
f 2558/96/111 2557/106/111 2335/88/111
f 2335/88/112 2557/106/112 2351/107/112
f 2335/88/113 2351/107/113 2309/90/113
f 2309/90/114 2351/107/114 2308/101/114
f 2308/101/115 2297/108/115 2299/91/115
f 2299/91/116 2297/108/116 2298/80/116
f 2298/80/117 2297/108/117 2292/81/117
f 2297/108/118 2293/109/118 2292/81/118
f 1363/102/119 1346/110/119 1348/99/119
f 2277/97/120 2278/111/120 2279/100/120
f 2279/100/121 2498/112/121 2456/92/121
f 2308/101/122 2351/107/122 2352/113/122
f 2279/100/123 2410/114/123 2498/112/123
f 1569/105/124 1565/115/124 1567/116/124
f 2557/106/125 2559/117/125 2351/107/125
f 2559/117/126 2352/113/126 2351/107/126
f 2293/109/127 2276/118/127 2292/81/127
f 2292/81/128 2276/118/128 2287/98/128
f 1363/102/129 1362/119/129 1349/120/129
f 2278/111/130 2497/121/130 2279/100/130
f 2497/121/131 2410/114/131 2279/100/131
f 1565/115/132 1566/122/132 1567/116/132
f 2308/101/133 2310/123/133 2297/108/133
f 2559/117/134 2560/124/134 2352/113/134
f 2308/101/135 2352/113/135 2353/125/135
f 2308/101/136 2353/125/136 2310/123/136
f 2310/123/137 2311/126/137 2297/108/137
f 2311/126/138 2293/109/138 2297/108/138
f 2278/111/139 2410/114/139 2497/121/139
f 1351/127/140 1350/128/140 1349/120/140
f 2560/124/141 2564/129/141 2352/113/141
f 2287/98/142 2276/118/142 2277/97/142
f 1351/127/143 1352/130/143 1350/128/143
f 2352/113/144 2564/129/144 2353/125/144
f 2392/131/145 2535/132/145 2410/114/145
f 2278/111/146 2392/131/146 2410/114/146
f 2564/129/147 2565/133/147 2353/125/147
f 1361/134/148 1352/130/148 1351/127/148
f 2353/125/149 2316/135/149 2310/123/149
f 2316/135/150 2317/136/150 2311/126/150
f 2310/123/151 2316/135/151 2311/126/151
f 2276/118/152 2275/137/152 2277/97/152
f 2277/97/153 2275/137/153 2278/111/153
f 2565/133/154 2533/138/154 2353/125/154
f 2353/125/155 2533/138/155 2316/135/155
f 2275/137/156 2392/131/156 2278/111/156
f 2565/133/157 2590/139/157 2533/138/157
f 2311/126/158 2317/136/158 2276/118/158
f 2311/126/159 2276/118/159 2293/109/159
f 897/140/160 921/141/160 888/142/160
f 1575/143/161 1578/144/161 1576/145/161
f 1576/145/162 1578/144/162 1579/146/162
f 2276/118/163 2273/147/163 2275/137/163
f 1366/148/164 1365/149/164 1361/134/164
f 2533/138/165 2358/150/165 2316/135/165
f 2316/135/166 2358/150/166 2317/136/166
f 2275/137/167 2393/151/167 2392/131/167
f 2393/151/168 2534/152/168 2392/131/168
f 2392/131/169 2534/152/169 2535/132/169
f 897/140/170 922/153/170 921/141/170
f 2851/154/171 2852/155/171 2848/156/171
f 2851/154/172 2848/156/172 2850/157/172
f 2848/156/173 2849/158/173 2850/157/173
f 2599/159/174 2358/150/174 2533/138/174
f 2590/139/175 2599/159/175 2533/138/175
f 2275/137/176 2341/160/176 2393/151/176
f 897/140/177 872/161/177 922/153/177
f 2273/147/178 2274/162/178 2275/137/178
f 2393/151/179 2524/163/179 2534/152/179
f 1366/148/180 1369/164/180 1367/165/180
f 1366/148/181 1367/165/181 1365/149/181
f 2317/136/182 2271/166/182 2276/118/182
f 2274/162/183 2341/160/183 2275/137/183
f 2341/160/184 2524/163/184 2393/151/184
f 1108/167/185 1127/168/185 1151/169/185
f 2358/150/186 2330/170/186 2317/136/186
f 2317/136/187 2330/170/187 2271/166/187
f 2276/118/188 2271/166/188 2273/147/188
f 2274/162/189 2342/171/189 2341/160/189
f 2342/171/190 2524/163/190 2341/160/190
f 679/172/191 982/173/191 872/161/191
f 1369/164/192 1370/174/192 1367/165/192
f 1294/175/193 1287/176/193 1284/177/193
f 1127/168/194 1130/178/194 1151/169/194
f 872/161/195 982/173/195 922/153/195
f 1104/179/196 1102/180/196 1105/181/196
f 1105/181/197 1102/180/197 1108/167/197
f 1371/182/198 1370/174/198 1369/164/198
f 982/173/199 1038/183/199 922/153/199
f 1104/179/200 1103/184/200 1102/180/200
f 2271/166/201 2272/185/201 2273/147/201
f 2273/147/202 2272/185/202 2274/162/202
f 1102/180/203 1109/186/203 1108/167/203
f 1108/167/204 1109/186/204 1127/168/204
f 1371/182/205 1372/187/205 1370/174/205
f 2272/185/206 2414/188/206 2342/171/206
f 2274/162/207 2272/185/207 2342/171/207
f 1295/189/208 1291/190/208 1294/175/208
f 1103/184/209 1100/191/209 1102/180/209
f 2272/185/210 2332/192/210 2414/188/210
f 1100/191/211 1101/193/211 1102/180/211
f 1102/180/212 1101/193/212 1109/186/212
f 1101/193/213 1110/194/213 1109/186/213
f 1109/186/214 1110/194/214 1121/195/214
f 1109/186/215 1121/195/215 1127/168/215
f 2330/170/216 2270/196/216 2271/166/216
f 2271/166/217 2266/197/217 2272/185/217
f 2266/197/218 2332/192/218 2272/185/218
f 977/198/219 959/199/219 960/200/219
f 1121/195/220 1129/201/220 1127/168/220
f 1127/168/221 1129/201/221 1130/178/221
f 2270/196/222 2266/197/222 2271/166/222
f 2332/192/223 2504/202/223 2414/188/223
f 971/203/224 959/199/224 713/204/224
f 1101/193/225 1111/205/225 1110/194/225
f 1110/194/226 1111/205/226 1121/195/226
f 1295/189/227 1293/206/227 1291/190/227
f 2739/207/228 2740/208/228 2741/209/228
f 2844/210/229 2843/211/229 2842/212/229
f 1111/205/230 1124/213/230 1121/195/230
f 2270/196/231 2265/214/231 2266/197/231
f 2266/197/232 2333/215/232 2332/192/232
f 2332/192/233 2333/215/233 2504/202/233
f 957/216/234 959/199/234 971/203/234
f 959/199/235 958/217/235 960/200/235
f 528/218/236 545/219/236 548/220/236
f 528/218/237 527/221/237 545/219/237
f 1106/222/238 1107/223/238 1101/193/238
f 1100/191/239 1106/222/239 1101/193/239
f 1292/224/240 1296/225/240 1298/226/240
f 1232/227/241 1162/228/241 1179/229/241
f 1101/193/242 1107/223/242 1111/205/242
f 2843/211/243 2841/230/243 2842/212/243
f 1124/213/244 1125/231/244 1121/195/244
f 1121/195/245 1125/231/245 1129/201/245
f 1170/232/246 1162/228/246 1232/227/246
f 2841/230/247 2838/233/247 2840/234/247
f 2841/230/248 2840/234/248 2842/212/248
f 2142/235/249 2141/236/249 2140/237/249
f 1170/232/250 1169/238/250 1162/228/250
f 1487/239/251 1484/240/251 1486/241/251
f 1107/223/252 1112/242/252 1111/205/252
f 2265/214/253 2250/243/253 2266/197/253
f 2266/197/254 2267/244/254 2333/215/254
f 1007/245/255 1005/246/255 1006/247/255
f 957/216/256 956/248/256 958/217/256
f 2020/249/257 2022/250/257 2024/251/257
f 2812/252/258 2813/253/258 2814/254/258
f 1219/255/259 1112/242/259 1107/223/259
f 1293/206/260 1297/256/260 1296/225/260
f 1297/256/261 1301/257/261 1296/225/261
f 2838/233/262 2839/258/262 2840/234/262
f 2141/236/263 2137/259/263 2140/237/263
f 2140/237/264 2137/259/264 2139/260/264
f 2345/261/265 2265/214/265 2270/196/265
f 2266/197/266 2250/243/266 2267/244/266
f 1169/238/267 1234/262/267 1161/263/267
f 1485/264/268 1484/240/268 1483/265/268
f 1169/238/269 1161/263/269 1162/228/269
f 1162/228/270 1114/266/270 1179/229/270
f 1179/229/271 1114/266/271 1112/242/271
f 1308/267/272 1301/257/272 1304/268/272
f 1308/267/273 1304/268/273 1307/269/273
f 1113/270/274 1124/213/274 1111/205/274
f 1112/242/275 1113/270/275 1111/205/275
f 1293/206/276 1299/271/276 1297/256/276
f 2345/261/277 2264/272/277 2265/214/277
f 1484/240/278 1481/273/278 1483/265/278
f 1161/263/279 1160/274/279 1162/228/279
f 1114/266/280 1113/270/280 1112/242/280
f 2139/260/281 2137/259/281 2138/275/281
f 1124/213/282 1122/276/282 1125/231/282
f 2333/215/283 2413/277/283 2504/202/283
f 968/278/284 951/279/284 957/216/284
f 1160/274/285 1114/266/285 1162/228/285
f 1114/266/286 1115/280/286 1113/270/286
f 1301/257/287 1302/281/287 1304/268/287
f 1122/276/288 1146/282/288 1125/231/288
f 968/278/289 970/283/289 951/279/289
f 1234/262/290 1168/284/290 1161/263/290
f 1297/256/291 1302/281/291 1301/257/291
f 1113/270/292 1122/276/292 1124/213/292
f 2267/244/293 2413/277/293 2333/215/293
f 1160/274/294 1117/285/294 1114/266/294
f 1117/285/295 1116/286/295 1114/266/295
f 1114/266/296 1116/286/296 1115/280/296
f 1297/256/297 1300/287/297 1302/281/297
f 1304/268/298 1306/288/298 1307/269/298
f 2137/259/299 2136/289/299 2138/275/299
f 1008/290/300 1009/291/300 1027/292/300
f 1480/293/301 1482/294/301 1489/295/301
f 1161/263/302 1159/296/302 1160/274/302
f 1304/268/303 1305/297/303 1306/288/303
f 2137/259/304 2135/298/304 2136/289/304
f 1113/270/305 1119/299/305 1122/276/305
f 2264/272/306 2250/243/306 2265/214/306
f 2250/243/307 2268/300/307 2267/244/307
f 955/301/308 951/279/308 949/302/308
f 955/301/309 949/302/309 954/303/309
f 1165/304/310 1163/305/310 1168/284/310
f 1168/284/311 1163/305/311 1161/263/311
f 1161/263/312 1163/305/312 1159/296/312
f 1116/286/313 1117/285/313 1115/280/313
f 1115/280/314 1119/299/314 1113/270/314
f 2413/277/315 2512/306/315 2562/307/315
f 2267/244/316 2346/308/316 2413/277/316
f 2346/308/317 2512/306/317 2413/277/317
f 2264/272/318 2249/309/318 2250/243/318
f 2268/300/319 2346/308/319 2267/244/319
f 1159/296/320 1117/285/320 1160/274/320
f 1302/281/321 1300/287/321 1303/310/321
f 1304/268/322 1302/281/322 1305/297/322
f 2136/289/323 2135/298/323 2132/311/323
f 1146/282/324 1122/276/324 1147/312/324
f 970/283/325 961/313/325 951/279/325
f 1159/296/320 1120/314/320 1117/285/320
f 1117/285/326 1118/315/326 1115/280/326
f 1115/280/327 1118/315/327 1119/299/327
f 2562/307/328 2563/316/328 2610/317/328
f 2346/308/329 2493/318/329 2512/306/329
f 2249/309/330 2241/319/330 2250/243/330
f 2250/243/331 2241/319/331 2268/300/331
f 2803/320/332 2804/321/332 2805/322/332
f 1120/314/333 1118/315/333 1117/285/333
f 2562/307/334 2512/306/334 2563/316/334
f 1119/299/335 1123/323/335 1122/276/335
f 1122/276/336 1136/324/336 1147/312/336
f 1490/325/337 1491/326/337 1492/327/337
f 2132/311/338 2119/328/338 2126/329/338
f 2609/330/339 2612/331/339 2613/332/339
f 2135/298/340 2134/333/340 2132/311/340
f 949/302/341 950/334/341 947/335/341
f 1166/336/342 1164/337/342 1165/304/342
f 1165/304/343 1164/337/343 1163/305/343
f 1490/325/344 1492/327/344 1493/338/344
f 1164/337/345 1159/296/345 1163/305/345
f 2135/298/346 2143/339/346 2134/333/346
f 2132/311/347 2134/333/347 2119/328/347
f 1118/315/348 1126/340/348 1119/299/348
f 1490/325/349 1493/338/349 1495/341/349
f 2147/342/350 2145/343/350 2143/339/350
f 2126/329/351 2119/328/351 2125/344/351
f 2512/306/352 2542/345/352 2563/316/352
f 1126/340/353 1123/323/353 1119/299/353
f 1123/323/354 1136/324/354 1122/276/354
f 2339/346/355 2242/347/355 2249/309/355
f 692/348/356 681/349/356 981/350/356
f 1159/296/357 1190/351/357 1120/314/357
f 323/352/358 321/353/358 322/354/358
f 2612/331/359 2614/355/359 2613/332/359
f 2143/339/360 2144/356/360 2134/333/360
f 2268/300/361 2269/357/361 2346/308/361
f 948/358/362 947/335/362 946/359/362
f 1167/360/363 1164/337/363 1166/336/363
f 1171/361/364 1167/360/364 1166/336/364
f 2123/362/365 2119/328/365 2121/363/365
f 1164/337/366 1190/351/366 1159/296/366
f 2145/343/367 2144/356/367 2143/339/367
f 321/353/368 314/364/368 322/354/368
f 2346/308/369 2409/365/369 2493/318/369
f 2249/309/370 2240/366/370 2241/319/370
f 1171/361/371 1172/367/371 1167/360/371
f 2119/328/372 2120/368/372 2121/363/372
f 321/353/373 313/369/373 314/364/373
f 1123/323/374 1132/370/374 1136/324/374
f 2242/347/375 2240/366/375 2249/309/375
f 2268/300/376 2241/319/376 2269/357/376
f 2346/308/377 2269/357/377 2409/365/377
f 950/334/378 963/371/378 945/372/378
f 950/334/379 945/372/379 947/335/379
f 473/373/380 549/374/380 472/375/380
f 2770/376/381 2771/377/381 2769/378/381
f 2134/333/382 2133/379/382 2119/328/382
f 2767/380/383 2766/381/383 2768/382/383
f 2119/328/384 2133/379/384 2120/368/384
f 947/335/385 945/372/385 946/359/385
f 1173/383/386 1167/360/386 1172/367/386
f 2120/368/387 2124/384/387 2122/385/387
f 1164/337/388 1167/360/388 1185/386/388
f 1164/337/389 1191/387/389 1190/351/389
f 2612/331/390 2615/388/390 2614/355/390
f 2770/376/391 2769/378/391 2767/380/391
f 313/369/392 303/389/392 314/364/392
f 1128/390/393 1123/323/393 1126/340/393
f 2409/365/394 2494/391/394 2493/318/394
f 946/359/395 945/372/395 938/392/395
f 1025/393/396 1016/394/396 1017/395/396
f 1185/386/397 1191/387/397 1164/337/397
f 2120/368/398 2127/396/398 2124/384/398
f 1123/323/399 1131/397/399 1132/370/399
f 2124/384/400 2127/396/400 2128/398/400
f 326/399/401 313/369/401 321/353/401
f 1128/390/402 1131/397/402 1123/323/402
f 1132/370/403 1143/400/403 1136/324/403
f 945/372/404 944/401/404 938/392/404
f 1185/386/405 1192/402/405 1191/387/405
f 326/399/406 312/403/406 313/369/406
f 2409/365/407 2412/404/407 2494/391/407
f 1175/405/408 1174/406/408 1173/383/408
f 1174/406/409 1167/360/409 1173/383/409
f 2128/398/410 2129/407/410 2130/408/410
f 312/403/411 303/389/411 313/369/411
f 2409/365/412 2269/357/412 2336/409/412
f 2409/365/413 2336/409/413 2412/404/413
f 2338/410/414 2243/411/414 2242/347/414
f 2339/346/415 2338/410/415 2242/347/415
f 964/412/416 944/401/416 963/371/416
f 930/413/417 938/392/417 944/401/417
f 1174/406/418 1181/414/418 1167/360/418
f 2767/380/419 2765/415/419 2766/381/419
f 2766/381/420 2765/415/420 2760/416/420
f 2494/391/421 2532/417/421 2542/345/421
f 463/418/422 462/419/422 459/420/422
f 1001/421/423 1037/422/423 1002/423/423
f 1176/424/424 1174/406/424 1175/405/424
f 2129/407/425 2131/425/425 2130/408/425
f 1181/414/426 1185/386/426 1167/360/426
f 327/426/427 312/403/427 326/399/427
f 2145/343/428 2146/427/428 2144/356/428
f 2767/380/429 2769/378/429 2765/415/429
f 2542/345/430 2532/417/430 2592/428/430
f 1128/390/431 1134/429/431 1131/397/431
f 2242/347/432 2238/430/432 2240/366/432
f 930/413/433 929/431/433 932/432/433
f 1225/433/434 1174/406/434 1176/424/434
f 1181/414/435 1186/434/435 1185/386/435
f 2614/355/436 2653/435/436 2654/436/436
f 2614/355/437 2654/436/437 2655/437/437
f 312/403/438 301/438/438 303/389/438
f 301/438/439 302/439/439 303/389/439
f 1131/397/440 1134/429/440 1133/440/440
f 1131/397/441 1133/440/441 1132/370/441
f 2412/404/442 2532/417/442 2494/391/442
f 2243/411/443 2238/430/443 2242/347/443
f 2269/357/444 2237/441/444 2336/409/444
f 1229/442/445 1182/443/445 1225/433/445
f 1225/433/446 1182/443/446 1174/406/446
f 2653/435/447 2658/444/447 2654/436/447
f 2771/377/448 2773/445/448 2769/378/448
f 2597/446/449 2658/444/449 2653/435/449
f 311/447/450 301/438/450 312/403/450
f 2592/428/451 2597/446/451 2653/435/451
f 2412/404/452 2526/448/452 2532/417/452
f 1133/440/453 1140/449/453 1132/370/453
f 2241/319/454 2237/441/454 2269/357/454
f 928/450/455 929/431/455 930/413/455
f 929/431/456 928/450/456 931/451/456
f 1226/452/457 1182/443/457 1229/442/457
f 1182/443/458 1181/414/458 1174/406/458
f 1185/386/459 1186/434/459 1192/402/459
f 327/426/460 311/447/460 312/403/460
f 2340/453/461 2243/411/461 2338/410/461
f 1132/370/462 1140/449/462 1143/400/462
f 2229/454/463 2237/441/463 2241/319/463
f 944/401/464 965/455/464 942/456/464
f 930/413/465 942/456/465 928/450/465
f 459/420/466 455/457/466 454/458/466
f 1184/459/467 1182/443/467 1226/452/467
f 2761/460/468 2760/416/468 2759/461/468
f 2860/462/469 2861/463/469 2862/464/469
f 1184/459/470 1183/465/470 1182/443/470
f 454/458/471 456/466/471 457/467/471
f 327/426/472 325/468/472 311/447/472
f 2658/444/473 2656/469/473 2654/436/473
f 2654/436/474 2656/469/474 2655/437/474
f 2765/415/475 2758/470/475 2760/416/475
f 2760/416/476 2758/470/476 2759/461/476
f 2238/430/477 2230/471/477 2240/366/477
f 2240/366/478 2230/471/478 2229/454/478
f 2240/366/479 2229/454/479 2241/319/479
f 917/472/480 489/473/480 543/474/480
f 931/451/481 928/450/481 925/475/481
f 2856/476/482 2853/477/482 2855/478/482
f 1183/465/483 1181/414/483 1182/443/483
f 2773/445/484 2772/479/484 2769/378/484
f 2769/378/485 2772/479/485 2765/415/485
f 2755/480/486 2758/470/486 2753/481/486
f 325/468/487 310/482/487 311/447/487
f 2412/404/488 2406/483/488 2526/448/488
f 2237/441/489 2331/484/489 2336/409/489
f 2336/409/490 2331/484/490 2412/404/490
f 854/485/491 896/486/491 890/487/491
f 917/472/492 543/474/492 890/487/492
f 1187/488/493 1186/434/493 1181/414/493
f 2658/444/494 2659/489/494 2656/469/494
f 2758/470/495 2763/490/495 2753/481/495
f 2597/446/496 2598/491/496 2658/444/496
f 311/447/497 310/482/497 301/438/497
f 2597/446/498 2532/417/498 2598/491/498
f 301/438/499 300/492/499 302/439/499
f 1134/429/500 1135/493/500 1133/440/500
f 942/456/501 939/494/501 928/450/501
f 928/450/502 939/494/502 926/495/502
f 928/450/503 926/495/503 925/475/503
f 2754/496/504 2753/481/504 2750/497/504
f 2753/481/505 2751/498/505 2750/497/505
f 1181/414/506 1183/465/506 1188/499/506
f 325/468/507 324/500/507 310/482/507
f 2243/411/508 2239/501/508 2238/430/508
f 972/502/509 965/455/509 975/503/509
f 128/504/510 125/505/510 126/506/510
f 458/507/511 550/508/511 467/509/511
f 2853/477/512 2854/510/512 2855/478/512
f 2750/497/513 2751/498/513 2752/511/513
f 1181/414/514 1188/499/514 1187/488/514
f 2656/469/515 2659/489/515 2657/512/515
f 2656/469/516 2657/512/516 2655/437/516
f 2773/445/517 2774/513/517 2772/479/517
f 2753/481/518 2763/490/518 2751/498/518
f 2532/417/519 2543/514/519 2598/491/519
f 1133/440/520 1138/515/520 1140/449/520
f 2340/453/521 2337/516/521 2243/411/521
f 2239/501/522 2197/517/522 2238/430/522
f 2238/430/523 2197/517/523 2230/471/523
f 940/518/524 926/495/524 939/494/524
f 924/519/525 925/475/525 926/495/525
f 467/509/526 551/520/526 526/521/526
f 2752/511/527 2756/522/527 2757/523/527
f 1183/465/528 1207/524/528 1188/499/528
f 2765/415/529 2772/479/529 2758/470/529
f 2763/490/530 2764/525/530 2751/498/530
f 2752/511/531 2751/498/531 2756/522/531
f 2751/498/532 2764/525/532 2756/522/532
f 310/482/533 299/526/533 301/438/533
f 301/438/534 299/526/534 300/492/534
f 1135/493/535 1137/527/535 1133/440/535
f 2526/448/536 2543/514/536 2532/417/536
f 2340/453/537 2403/528/537 2337/516/537
f 940/518/538 939/494/538 966/529/538
f 924/519/539 926/495/539 927/530/539
f 467/509/540 526/521/540 469/531/540
f 1207/524/541 1206/532/541 1188/499/541
f 2745/533/542 2756/522/542 2746/534/542
f 324/500/543 316/535/543 310/482/543
f 2757/523/544 2756/522/544 2745/533/544
f 2526/448/545 2514/536/545 2543/514/545
f 1137/527/546 1138/515/546 1133/440/546
f 2229/454/547 2200/537/547 2237/441/547
f 926/495/548 933/538/548 927/530/548
f 469/531/549 526/521/549 516/539/549
f 2745/533/550 2746/534/550 2747/540/550
f 329/541/551 316/535/551 324/500/551
f 2758/470/552 2772/479/552 2776/542/552
f 2758/470/553 2776/542/553 2763/490/553
f 2646/543/554 2627/544/554 2645/545/554
f 2645/545/555 2627/544/555 2644/546/555
f 2756/522/556 2749/547/556 2746/534/556
f 316/535/557 299/526/557 310/482/557
f 2526/448/558 2406/483/558 2514/536/558
f 2337/516/559 2239/501/559 2243/411/559
f 933/538/560 934/548/560 927/530/560
f 1206/532/561 1196/549/561 1188/499/561
f 2657/512/562 2659/489/562 2622/550/562
f 2774/513/563 2775/551/563 2772/479/563
f 2749/547/564 2748/552/564 2746/534/564
f 2601/553/565 2543/514/565 2541/554/565
f 2331/484/566 2405/555/566 2406/483/566
f 2331/484/567 2237/441/567 2251/556/567
f 2197/517/568 2194/557/568 2230/471/568
f 2230/471/569 2194/557/569 2229/454/569
f 966/529/570 962/558/570 940/518/570
f 338/559/571 337/560/571 335/561/571
f 1188/499/572 1194/562/572 1187/488/572
f 2624/563/573 2626/564/573 2627/544/573
f 2627/544/574 2639/565/574 2644/546/574
f 2644/546/575 2639/565/575 2640/566/575
f 2003/567/576 1988/568/576 1990/569/576
f 299/526/577 292/570/577 300/492/577
f 2406/483/578 2405/555/578 2461/571/578
f 2251/556/579 2405/555/579 2331/484/579
f 2239/501/580 2196/572/580 2197/517/580
f 940/518/581 943/573/581 933/538/581
f 933/538/582 935/574/582 934/548/582
f 2639/565/583 2638/575/583 2640/566/583
f 2003/567/584 2000/576/584 1988/568/584
f 1135/493/585 1145/577/585 1137/527/585
f 2543/514/586 2514/536/586 2541/554/586
f 2337/516/587 2325/578/587 2239/501/587
f 2194/557/588 2200/537/588 2229/454/588
f 933/538/589 943/573/589 935/574/589
f 934/548/590 935/574/590 936/579/590
f 1196/549/591 1195/580/591 1188/499/591
f 1188/499/592 1195/580/592 1194/562/592
f 2622/550/593 2623/581/593 2624/563/593
f 2627/544/594 2637/582/594 2639/565/594
f 2000/576/595 1993/583/595 1988/568/595
f 320/584/596 298/585/596 316/535/596
f 329/541/597 320/584/597 316/535/597
f 298/585/598 299/526/598 316/535/598
f 2541/554/599 2593/586/599 2601/553/599
f 2237/441/600 2224/587/600 2251/556/600
f 512/588/601 486/589/601 501/590/601
f 512/588/602 501/590/602 513/591/602
f 337/560/603 336/592/603 335/561/603
f 2623/581/604 2625/593/604 2624/563/604
f 2639/565/605 2637/582/605 2638/575/605
f 298/585/606 292/570/606 299/526/606
f 1137/527/607 1139/594/607 1138/515/607
f 813/595/608 842/596/608 851/597/608
f 1993/583/609 1992/598/609 1991/599/609
f 1196/549/610 1204/600/610 1197/601/610
f 1196/549/611 1197/601/611 1195/580/611
f 2624/563/612 2625/593/612 2621/602/612
f 2624/563/613 2621/602/613 2626/564/613
f 2627/544/614 2643/603/614 2637/582/614
f 2403/528/615 2402/604/615 2337/516/615
f 2325/578/616 2196/572/616 2239/501/616
f 2196/572/617 2194/557/617 2197/517/617
f 2200/537/618 2224/587/618 2237/441/618
f 336/592/619 334/605/619 335/561/619
f 335/561/620 334/605/620 332/606/620
f 2628/607/621 2643/603/621 2627/544/621
f 2626/564/622 2628/607/622 2627/544/622
f 2643/603/623 2642/608/623 2637/582/623
f 2637/582/624 2636/609/624 2638/575/624
f 1997/610/625 1993/583/625 2000/576/625
f 319/611/626 298/585/626 320/584/626
f 319/611/627 291/612/627 298/585/627
f 298/585/628 291/612/628 292/570/628
f 2514/536/629 2503/613/629 2541/554/629
f 2461/571/630 2503/613/630 2514/536/630
f 2325/578/631 2247/614/631 2196/572/631
f 943/573/632 941/615/632 935/574/632
f 1195/580/633 1197/601/633 1198/616/633
f 1145/577/634 1144/617/634 1137/527/634
f 122/618/635 111/619/635 109/620/635
f 851/597/636 899/621/636 887/622/636
f 941/615/637 937/623/637 935/574/637
f 1197/601/638 1199/624/638 1198/616/638
f 2623/581/639 2616/625/639 2625/593/639
f 2541/554/640 2546/626/640 2593/586/640
f 2194/557/641 2198/627/641 2200/537/641
f 486/589/642 511/628/642 485/629/642
f 2628/607/643 2641/630/643 2642/608/643
f 2628/607/644 2642/608/644 2643/603/644
f 2635/631/645 2636/609/645 2637/582/645
f 2642/608/646 2635/631/646 2637/582/646
f 1997/610/647 1995/632/647 1993/583/647
f 291/612/648 287/633/648 292/570/648
f 2593/586/649 2546/626/649 2616/625/649
f 1144/617/650 1142/634/650 1137/527/650
f 2503/613/651 2546/626/651 2541/554/651
f 1137/527/652 1141/635/652 1139/594/652
f 2405/555/653 2408/636/653 2461/571/653
f 2402/604/654 2325/578/654 2337/516/654
f 2196/572/655 2195/637/655 2194/557/655
f 757/638/656 983/639/656 978/640/656
f 851/597/657 887/622/657 858/641/657
f 943/573/658 967/642/658 969/643/658
f 943/573/659 969/643/659 941/615/659
f 937/623/660 941/615/660 953/644/660
f 334/605/661 333/645/661 332/606/661
f 1204/600/662 1200/646/662 1197/601/662
f 1197/601/663 1200/646/663 1199/624/663
f 2625/593/664 2618/647/664 2621/602/664
f 2641/630/665 2635/631/665 2642/608/665
f 319/611/666 288/648/666 291/612/666
f 288/648/667 287/633/667 291/612/667
f 1142/634/668 1141/635/668 1137/527/668
f 2461/571/669 2472/649/669 2503/613/669
f 1141/635/670 1148/650/670 1139/594/670
f 2408/636/671 2472/649/671 2461/571/671
f 2251/556/672 2408/636/672 2405/555/672
f 2224/587/673 2254/651/673 2251/556/673
f 2200/537/674 2198/627/674 2224/587/674
f 593/652/675 594/653/675 555/654/675
f 511/628/676 509/655/676 485/629/676
f 318/656/677 288/648/677 319/611/677
f 2625/593/678 2616/625/678 2618/647/678
f 2546/626/679 2617/657/679 2616/625/679
f 1144/617/680 1149/658/680 1142/634/680
f 2402/604/681 2343/659/681 2325/578/681
f 333/645/682 339/660/682 331/661/682
f 2616/625/683 2617/657/683 2618/647/683
f 2626/564/684 2621/602/684 2628/607/684
f 318/656/685 317/662/685 288/648/685
f 2251/556/686 2254/651/686 2408/636/686
f 2325/578/687 2343/659/687 2247/614/687
f 2247/614/688 2195/637/688 2196/572/688
f 509/655/689 507/663/689 485/629/689
f 2621/602/690 2633/664/690 2628/607/690
f 2628/607/691 2633/664/691 2641/630/691
f 2635/631/692 2634/665/692 2636/609/692
f 1998/666/693 1995/632/693 1997/610/693
f 288/648/694 284/667/694 287/633/694
f 287/633/695 284/667/695 285/668/695
f 2503/613/696 2472/649/696 2546/626/696
f 2224/587/697 2216/669/697 2254/651/697
f 2195/637/698 2191/670/698 2194/557/698
f 2191/670/699 2190/671/699 2194/557/699
f 2194/557/700 2190/671/700 2198/627/700
f 483/672/701 485/629/701 507/663/701
f 339/660/702 340/673/702 331/661/702
f 2633/664/703 2635/631/703 2641/630/703
f 1998/666/704 1999/674/704 1995/632/704
f 2546/626/705 2472/649/705 2540/675/705
f 2198/627/706 2216/669/706 2224/587/706
f 2633/664/707 2634/665/707 2635/631/707
f 2540/675/708 2585/676/708 2546/626/708
f 2254/651/709 2349/677/709 2408/636/709
f 2343/659/710 2258/678/710 2247/614/710
f 2621/602/711 2629/679/711 2633/664/711
f 1998/666/712 2001/680/712 1999/674/712
f 2408/636/713 2460/681/713 2472/649/713
f 2195/637/714 2193/682/714 2191/670/714
f 2836/683/715 2833/684/715 2837/685/715
f 2617/657/716 2619/686/716 2618/647/716
f 2618/647/717 2620/687/717 2621/602/717
f 2621/602/718 2620/687/718 2629/679/718
f 2002/688/719 2001/680/719 1998/666/719
f 331/661/720 328/689/720 317/662/720
f 2633/664/721 2632/690/721 2634/665/721
f 284/667/722 282/691/722 285/668/722
f 1149/658/723 1154/692/723 1142/634/723
f 1141/635/724 1150/693/724 1148/650/724
f 2408/636/725 2349/677/725 2460/681/725
f 2247/614/726 2258/678/726 2195/637/726
f 2190/671/727 2186/694/727 2198/627/727
f 1328/695/728 1326/696/728 1325/697/728
f 2836/683/729 2835/698/729 2833/684/729
f 2618/647/730 2619/686/730 2620/687/730
f 328/689/731 289/699/731 317/662/731
f 317/662/732 289/699/732 288/648/732
f 2629/679/733 2632/690/733 2633/664/733
f 288/648/734 289/699/734 284/667/734
f 1154/692/735 1152/700/735 1142/634/735
f 2472/649/736 2499/701/736 2540/675/736
f 1142/634/737 1152/700/737 1141/635/737
f 2198/627/738 2199/702/738 2216/669/738
f 2619/686/739 2629/679/739 2620/687/739
f 2002/688/740 2005/703/740 2004/704/740
f 2629/679/741 2631/705/741 2632/690/741
f 2460/681/742 2499/701/742 2472/649/742
f 1141/635/743 1152/700/743 1150/693/743
f 2258/678/744 2193/682/744 2195/637/744
f 1055/706/745 1052/707/745 1054/708/745
f 2619/686/746 2630/709/746 2629/679/746
f 2629/679/747 2630/709/747 2631/705/747
f 2216/669/748 2227/710/748 2254/651/748
f 1052/707/749 1053/711/749 1054/708/749
f 2006/712/750 2007/713/750 2005/703/750
f 2009/714/751 2008/715/751 2006/712/751
f 2499/701/752 2569/716/752 2540/675/752
f 2343/659/753 2379/717/753 2258/678/753
f 2216/669/754 2220/718/754 2227/710/754
f 2254/651/755 2227/710/755 2349/677/755
f 2193/682/756 2189/719/756 2191/670/756
f 2189/719/757 2186/694/757 2190/671/757
f 2191/670/758 2189/719/758 2190/671/758
f 2186/694/759 2199/702/759 2198/627/759
f 2199/702/760 2220/718/760 2216/669/760
f 2648/720/761 2647/721/761 2619/686/761
f 2619/686/762 2647/721/762 2630/709/762
f 289/699/763 281/722/763 284/667/763
f 284/667/764 281/722/764 282/691/764
f 1152/700/765 1153/723/765 1150/693/765
f 2648/720/766 2649/724/766 2647/721/766
f 2010/725/767 2008/715/767 2009/714/767
f 2499/701/768 2501/726/768 2569/716/768
f 2501/726/769 2573/727/769 2569/716/769
f 2460/681/770 2454/728/770 2499/701/770
f 2835/698/771 2831/729/771 2833/684/771
f 2660/730/772 2661/731/772 2647/721/772
f 289/699/773 295/732/773 281/722/773
f 281/722/774 277/733/774 282/691/774
f 1052/707/775 1051/734/775 1053/711/775
f 1154/692/776 1235/735/776 1152/700/776
f 2349/677/777 2454/728/777 2460/681/777
f 2379/717/778 2246/736/778 2258/678/778
f 2258/678/779 2246/736/779 2193/682/779
f 328/689/780 295/732/780 289/699/780
f 2454/728/781 2501/726/781 2499/701/781
f 2349/677/782 2350/737/782 2454/728/782
f 1150/693/783 1155/738/783 1156/739/783
f 2379/717/784 2380/740/784 2246/736/784
f 1153/723/785 1155/738/785 1150/693/785
f 2227/710/786 2350/737/786 2349/677/786
f 2189/719/787 2183/741/787 2186/694/787
f 2350/737/788 2455/742/788 2454/728/788
f 2246/736/789 2192/743/789 2193/682/789
f 2186/694/790 2183/741/790 2185/744/790
f 2199/702/791 2209/745/791 2220/718/791
f 1152/700/792 1235/735/792 1153/723/792
f 2185/744/793 2199/702/793 2186/694/793
f 1235/735/794 1178/746/794 1153/723/794
f 2192/743/795 2187/747/795 2193/682/795
f 2193/682/796 2187/747/796 2189/719/796
f 617/748/797 745/749/797 746/750/797
f 2454/728/798 2455/742/798 2501/726/798
f 2187/747/799 2183/741/799 2189/719/799
f 1052/707/800 1050/751/800 1051/734/800
f 2831/729/801 2832/752/801 2833/684/801
f 2501/726/802 2581/753/802 2573/727/802
f 2199/702/803 2185/744/803 2209/745/803
f 295/732/804 283/754/804 281/722/804
f 2831/729/805 2834/755/805 2832/752/805
f 2246/736/806 2244/756/806 2192/743/806
f 1050/751/807 1049/757/807 1051/734/807
f 1051/734/808 1049/757/808 1063/758/808
f 2501/726/809 2502/759/809 2581/753/809
f 2220/718/810 2228/760/810 2227/710/810
f 2209/745/811 2219/761/811 2220/718/811
f 2455/742/812 2502/759/812 2501/726/812
f 1153/723/813 1178/746/813 1155/738/813
f 2380/740/814 2244/756/814 2246/736/814
f 281/722/815 276/762/815 277/733/815
f 2502/759/816 2586/763/816 2581/753/816
f 2227/710/817 2228/760/817 2350/737/817
f 2185/744/818 2208/764/818 2209/745/818
f 2209/745/819 2208/764/819 2219/761/819
f 2219/761/820 2228/760/820 2220/718/820
f 988/765/821 421/766/821 987/767/821
f 277/733/822 275/768/822 278/769/822
f 1155/738/823 1177/770/823 1157/771/823
f 1155/738/824 1157/771/824 1156/739/824
f 2183/741/825 2184/772/825 2185/744/825
f 277/733/826 276/762/826 275/768/826
f 1178/746/827 1177/770/827 1155/738/827
f 2187/747/828 2184/772/828 2183/741/828
f 330/773/829 306/774/829 295/732/829
f 295/732/830 306/774/830 283/754/830
f 281/722/831 283/754/831 276/762/831
f 2455/742/832 2466/775/832 2502/759/832
f 2350/737/833 2348/776/833 2455/742/833
f 2466/775/834 2505/777/834 2502/759/834
f 2348/776/835 2466/775/835 2455/742/835
f 2187/747/836 2188/778/836 2184/772/836
f 1156/739/837 1157/771/837 1158/779/837
f 2192/743/838 2188/778/838 2187/747/838
f 2184/772/839 2208/764/839 2185/744/839
f 1049/757/840 1048/780/840 1063/758/840
f 2826/781/841 2824/782/841 2825/783/841
f 283/754/842 280/784/842 276/762/842
f 306/774/843 280/784/843 283/754/843
f 1227/785/844 1177/770/844 1178/746/844
f 1050/751/845 1059/786/845 1047/787/845
f 2228/760/846 2226/788/846 2350/737/846
f 2184/772/847 2188/778/847 2201/789/847
f 2226/788/848 2348/776/848 2350/737/848
f 2184/772/849 2207/790/849 2208/764/849
f 2244/756/850 2188/778/850 2192/743/850
f 276/762/851 274/791/851 275/768/851
f 2208/764/852 2218/792/852 2219/761/852
f 306/774/853 308/793/853 280/784/853
f 2184/772/854 2201/789/854 2207/790/854
f 1074/794/855 1060/795/855 1059/786/855
f 2824/782/856 2823/796/856 2825/783/856
f 2502/759/857 2584/797/857 2586/763/857
f 2226/788/858 2347/798/858 2348/776/858
f 2244/756/859 2234/799/859 2188/778/859
f 2219/761/860 2218/792/860 2226/788/860
f 2188/778/861 2205/800/861 2201/789/861
f 1047/787/862 1046/801/862 1048/780/862
f 2502/759/863 2519/802/863 2584/797/863
f 275/768/864 274/791/864 272/803/864
f 2208/764/865 2207/790/865 2218/792/865
f 2824/782/866 2822/804/866 2823/796/866
f 280/784/867 274/791/867 276/762/867
f 2348/776/868 2347/798/868 2466/775/868
f 1227/785/869 1205/805/869 1177/770/869
f 420/806/870 418/807/870 421/766/870
f 2466/775/871 2467/808/871 2505/777/871
f 2347/798/872 2467/808/872 2466/775/872
f 1177/770/873 1205/805/873 1157/771/873
f 2234/799/874 2202/809/874 2188/778/874
f 2205/800/875 2206/810/875 2201/789/875
f 1767/811/876 1758/812/876 1759/813/876
f 1769/814/877 1768/815/877 1767/811/877
f 1768/815/878 1758/812/878 1767/811/878
f 1971/816/879 1972/817/879 1973/818/879
f 1962/819/880 1959/820/880 1958/821/880
f 2076/822/881 2098/823/881 2089/824/881
f 2076/822/882 2089/824/882 2115/825/882
f 2115/825/883 2089/824/883 2109/826/883
f 2109/826/884 2089/824/884 2088/827/884
f 308/793/885 305/828/885 280/784/885
f 1228/829/886 1205/805/886 1227/785/886
f 2244/756/887 2262/830/887 2234/799/887
f 2703/831/888 2677/832/888 2723/833/888
f 2675/834/889 2678/835/889 2676/836/889
f 1438/837/890 1437/838/890 1424/839/890
f 2675/834/891 2676/836/891 2677/832/891
f 1438/837/892 1436/840/892 1445/841/892
f 1438/837/893 1424/839/893 1436/840/893
f 1424/839/894 1430/842/894 1436/840/894
f 1866/843/895 1865/844/895 1863/845/895
f 1865/844/896 1864/846/896 1863/845/896
f 1769/814/897 1842/847/897 1812/848/897
f 1769/814/898 1812/848/898 1768/815/898
f 1759/813/899 1758/812/899 1756/849/899
f 1758/812/900 1755/850/900 1756/849/900
f 1974/851/901 1972/817/901 1971/816/901
f 2076/822/902 2075/852/902 2098/823/902
f 1960/853/903 1959/820/903 1961/854/903
f 2089/824/904 2084/855/904 2088/827/904
f 2109/826/905 2088/827/905 2097/856/905
f 2109/826/906 2097/856/906 2117/857/906
f 2467/808/907 2519/802/907 2505/777/907
f 1157/771/908 1180/858/908 1158/779/908
f 2202/809/909 2205/800/909 2188/778/909
f 2689/859/910 2679/860/910 2675/834/910
f 2695/861/911 2703/831/911 2696/862/911
f 2703/831/912 2723/833/912 2696/862/912
f 2723/833/913 2722/863/913 2696/862/913
f 2679/860/914 2678/835/914 2675/834/914
f 1437/838/915 1410/864/915 1424/839/915
f 1424/839/916 1410/864/916 1418/865/916
f 1424/839/917 1418/865/917 1430/842/917
f 2857/866/918 2858/867/918 2859/868/918
f 2742/869/919 2743/870/919 2744/871/919
f 1862/872/920 1864/846/920 1859/873/920
f 150/874/921 143/875/921 149/876/921
f 1756/849/922 1755/850/922 1754/877/922
f 1812/848/923 1819/878/923 1768/815/923
f 1768/815/924 1819/878/924 1758/812/924
f 1758/812/925 1819/878/925 1761/879/925
f 1758/812/926 1761/879/926 1755/850/926
f 2072/880/927 2074/881/927 2075/852/927
f 2075/852/928 2076/822/928 2072/880/928
f 2075/852/929 2077/882/929 2099/883/929
f 2075/852/930 2099/883/930 2098/823/930
f 2117/857/931 2097/856/931 2104/884/931
f 1060/795/932 1045/885/932 1047/787/932
f 1059/786/933 1060/795/933 1047/787/933
f 280/784/934 279/886/934 274/791/934
f 2696/862/935 2722/863/935 2711/887/935
f 2680/888/936 2678/835/936 2679/860/936
f 1409/889/937 1410/864/937 1437/838/937
f 1430/842/938 1423/890/938 1442/891/938
f 1928/892/939 1943/893/939 1866/843/939
f 1928/892/940 1932/894/940 1943/893/940
f 1861/895/941 1859/873/941 1853/896/941
f 150/874/942 167/897/942 143/875/942
f 143/875/943 141/898/943 149/876/943
f 141/898/944 139/899/944 149/876/944
f 149/876/945 139/899/945 186/900/945
f 1842/847/946 1809/901/946 1812/848/946
f 1754/877/947 1755/850/947 1753/902/947
f 1812/848/948 1809/901/948 1811/903/948
f 1812/848/949 1811/903/949 1819/878/949
f 1819/878/950 1762/904/950 1761/879/950
f 1755/850/951 1761/879/951 1757/905/951
f 1761/879/952 1762/904/952 1757/905/952
f 1755/850/953 1757/905/953 1753/902/953
f 2072/880/954 2073/906/954 2074/881/954
f 2117/857/955 2104/884/955 2105/907/955
f 2099/883/956 2084/855/956 2098/823/956
f 2098/823/957 2084/855/957 2089/824/957
f 2084/855/958 2087/908/958 2088/827/958
f 2088/827/959 2087/908/959 2097/856/959
f 2097/856/960 2087/908/960 2104/884/960
f 2822/804/961 2817/909/961 2823/796/961
f 2226/788/962 2223/910/962 2347/798/962
f 2218/792/963 2217/911/963 2226/788/963
f 2686/912/964 2679/860/964 2689/859/964
f 2686/912/965 2680/888/965 2679/860/965
f 2711/887/966 2722/863/966 2715/913/966
f 1423/890/967 1431/914/967 1442/891/967
f 1409/889/968 1408/915/968 1410/864/968
f 1410/864/969 1408/915/969 1417/916/969
f 1410/864/970 1417/916/970 1418/865/970
f 1853/896/971 1854/917/971 1855/918/971
f 1842/847/972 1840/919/972 1809/901/972
f 1811/903/973 1803/920/973 1819/878/973
f 1757/905/974 1750/921/974 1753/902/974
f 1819/878/975 1820/922/975 1762/904/975
f 2074/881/976 2077/882/976 2075/852/976
f 2104/884/977 2087/908/977 2105/907/977
f 2822/804/978 2815/923/978 2817/909/978
f 305/828/979 279/886/979 280/784/979
f 1205/805/980 1189/924/980 1157/771/980
f 2347/798/981 2223/910/981 2344/925/981
f 1157/771/982 1189/924/982 1180/858/982
f 2217/911/983 2223/910/983 2226/788/983
f 2693/926/984 2696/862/984 2697/927/984
f 2201/789/985 2206/810/985 2207/790/985
f 2686/912/986 2684/928/986 2680/888/986
f 1407/929/987 1408/915/987 1409/889/987
f 1418/865/988 1416/930/988 1423/890/988
f 1423/890/989 1416/930/989 1431/914/989
f 1931/931/990 1932/894/990 1915/932/990
f 175/933/991 196/934/991 187/935/991
f 201/936/992 165/937/992 167/897/992
f 165/937/993 143/875/993 167/897/993
f 139/899/994 175/933/994 187/935/994
f 1840/919/995 1810/938/995 1809/901/995
f 1819/878/996 1803/920/996 1820/922/996
f 1757/905/997 1762/904/997 1760/939/997
f 1757/905/998 1760/939/998 1750/921/998
f 2087/908/999 2091/940/999 2105/907/999
f 2118/941/1000 2105/907/1000 2111/942/1000
f 2105/907/1001 2091/940/1001 2111/942/1001
f 2347/798/1002 2449/943/1002 2467/808/1002
f 2207/790/1003 2217/911/1003 2218/792/1003
f 2697/927/1004 2715/913/1004 2710/944/1004
f 1416/930/1005 1425/945/1005 1431/914/1005
f 1407/929/1006 1406/946/1006 1408/915/1006
f 1418/865/1007 1417/916/1007 1416/930/1007
f 1911/947/1008 1861/895/1008 1860/948/1008
f 1857/949/1009 1856/950/1009 1858/951/1009
f 165/937/1010 142/952/1010 143/875/1010
f 143/875/1011 142/952/1011 141/898/1011
f 141/898/1012 142/952/1012 138/953/1012
f 141/898/1013 138/953/1013 139/899/1013
f 1810/938/1014 1807/954/1014 1809/901/1014
f 1809/901/1015 1807/954/1015 1804/955/1015
f 1809/901/1016 1804/955/1016 1811/903/1016
f 1811/903/1017 1804/955/1017 1803/920/1017
f 1803/920/1018 1802/956/1018 1820/922/1018
f 1762/904/1019 1820/922/1019 1763/957/1019
f 1762/904/1020 1763/957/1020 1760/939/1020
f 2042/958/1021 2036/959/1021 2040/960/1021
f 2042/958/1022 2040/960/1022 2043/961/1022
f 2074/881/1023 2078/962/1023 2077/882/1023
f 2091/940/1024 2116/963/1024 2111/942/1024
f 2077/882/1025 2079/964/1025 2099/883/1025
f 2099/883/1026 2079/964/1026 2090/965/1026
f 2099/883/1027 2090/965/1027 2084/855/1027
f 2090/965/1028 2085/966/1028 2084/855/1028
f 2084/855/1029 2085/966/1029 2086/967/1029
f 2084/855/1030 2086/967/1030 2087/908/1030
f 2087/908/1031 2086/967/1031 2091/940/1031
f 1060/795/1032 1043/968/1032 1045/885/1032
f 2681/969/1033 2683/970/1033 2684/928/1033
f 1407/929/1034 1400/971/1034 1406/946/1034
f 1408/915/1035 1406/946/1035 1417/916/1035
f 1415/972/1036 1419/973/1036 1416/930/1036
f 1416/930/1037 1419/973/1037 1425/945/1037
f 165/937/1038 162/974/1038 142/952/1038
f 139/899/1039 140/975/1039 175/933/1039
f 1804/955/1040 1794/976/1040 1803/920/1040
f 1803/920/1041 1794/976/1041 1802/956/1041
f 1802/956/1042 1790/977/1042 1820/922/1042
f 1763/957/1043 1751/978/1043 1760/939/1043
f 1760/939/1044 1751/978/1044 1750/921/1044
f 2078/962/1045 2079/964/1045 2077/882/1045
f 2519/802/1046 2583/979/1046 2584/797/1046
f 2467/808/1047 2490/980/1047 2519/802/1047
f 2449/943/1048 2490/980/1048 2467/808/1048
f 2693/926/1049 2697/927/1049 2700/981/1049
f 2202/809/1050 2204/982/1050 2205/800/1050
f 1942/983/1051 1931/931/1051 1914/984/1051
f 1794/976/1052 1793/985/1052 1802/956/1052
f 1802/956/1053 1793/985/1053 1790/977/1053
f 1820/922/1054 1790/977/1054 1763/957/1054
f 2036/959/1055 2038/986/1055 2040/960/1055
f 2078/962/1056 2080/987/1056 2079/964/1056
f 2086/967/1057 2092/988/1057 2091/940/1057
f 2091/940/1058 2092/988/1058 2116/963/1058
f 1043/968/1059 1044/989/1059 1045/885/1059
f 2519/802/1060 2520/990/1060 2583/979/1060
f 2347/798/1061 2385/991/1061 2449/943/1061
f 2344/925/1062 2385/991/1062 2347/798/1062
f 2262/830/1063 2261/992/1063 2234/799/1063
f 1400/971/1064 1399/993/1064 1406/946/1064
f 1858/951/1065 1868/994/1065 1869/995/1065
f 1858/951/1066 1867/996/1066 1868/994/1066
f 162/974/1067 148/997/1067 142/952/1067
f 1671/998/1068 1662/999/1068 1684/1000/1068
f 2162/1001/1069 2163/1002/1069 2164/1003/1069
f 1810/938/1070 1841/1004/1070 1827/1005/1070
f 1810/938/1071 1827/1005/1071 1807/954/1071
f 1763/957/1072 1790/977/1072 1764/1006/1072
f 2036/959/1073 2037/1007/1073 2038/986/1073
f 2079/964/1074 2080/987/1074 2081/1008/1074
f 2033/1009/1075 2034/1010/1075 2035/1011/1075
f 2081/1008/1076 2096/1012/1076 2079/964/1076
f 2079/964/1077 2096/1012/1077 2090/965/1077
f 2096/1012/1078 2094/1013/1078 2090/965/1078
f 2090/965/1079 2094/1013/1079 2085/966/1079
f 2094/1013/1080 2093/1014/1080 2085/966/1080
f 2085/966/1081 2093/1014/1081 2086/967/1081
f 2086/967/1082 2093/1014/1082 2092/988/1082
f 2095/1015/1083 2108/1016/1083 2092/988/1083
f 2700/981/1084 2707/1017/1084 2702/1018/1084
f 1205/805/1085 1228/829/1085 1221/1019/1085
f 2685/1020/1086 2682/1021/1086 2681/969/1086
f 2707/1017/1087 2721/1022/1087 2702/1018/1087
f 2721/1022/1088 2720/1023/1088 2702/1018/1088
f 1398/1024/1089 1399/993/1089 1400/971/1089
f 2681/969/1090 2682/1021/1090 2683/970/1090
f 1419/973/1091 1427/1025/1091 1433/1026/1091
f 1433/1026/1092 1427/1025/1092 1428/1027/1092
f 1433/1026/1093 1428/1027/1093 1443/1028/1093
f 1189/924/1094 1193/1029/1094 1180/858/1094
f 1406/946/1095 1399/993/1095 1411/1030/1095
f 175/933/1096 140/975/1096 178/1031/1096
f 175/933/1097 178/1031/1097 191/1032/1097
f 1804/955/1098 1806/1033/1098 1794/976/1098
f 1763/957/1099 1764/1006/1099 1751/978/1099
f 1751/978/1100 1764/1006/1100 1765/1034/1100
f 1751/978/1101 1765/1034/1101 1747/1035/1101
f 1765/1034/1102 1744/1036/1102 1747/1035/1102
f 2093/1014/1103 2095/1015/1103 2092/988/1103
f 305/828/1104 297/1037/1104 279/886/1104
f 2519/802/1105 2490/980/1105 2520/990/1105
f 1851/1038/1106 1849/1039/1106 1852/1040/1106
f 1399/993/1107 1401/1041/1107 1411/1030/1107
f 1419/973/1108 1415/972/1108 1420/1042/1108
f 2261/992/1109 2232/1043/1109 2234/799/1109
f 2234/799/1110 2232/1043/1110 2202/809/1110
f 2217/911/1111 2207/790/1111 2214/1044/1111
f 2217/911/1112 2214/1044/1112 2223/910/1112
f 1900/1045/1113 1876/1046/1113 1875/1047/1113
f 1875/1047/1114 1869/995/1114 1870/1048/1114
f 1945/1049/1115 1942/983/1115 1913/1050/1115
f 138/953/1116 129/1051/1116 139/899/1116
f 139/899/1117 129/1051/1117 140/975/1117
f 1827/1005/1118 1808/1052/1118 1807/954/1118
f 1808/1052/1119 1806/1033/1119 1807/954/1119
f 1807/954/1120 1806/1033/1120 1804/955/1120
f 1806/1033/1121 1770/1053/1121 1794/976/1121
f 1794/976/1122 1770/1053/1122 1793/985/1122
f 1793/985/1123 1788/1054/1123 1790/977/1123
f 1790/977/1124 1789/1055/1124 1764/1006/1124
f 2037/1007/1125 2039/1056/1125 2038/986/1125
f 2082/1057/1126 2081/1008/1126 2080/987/1126
f 2038/986/1127 2039/1056/1127 2041/1058/1127
f 1603/1059/1128 1598/1060/1128 1609/1061/1128
f 2082/1057/1129 2083/1062/1129 2081/1008/1129
f 2081/1008/1130 2083/1062/1130 2096/1012/1130
f 2093/1014/1131 2103/1063/1131 2095/1015/1131
f 1597/1064/1132 1598/1060/1132 1603/1059/1132
f 1043/968/1133 1041/1065/1133 1044/989/1133
f 279/886/1134 273/1066/1134 274/791/1134
f 273/1066/1135 272/803/1135 274/791/1135
f 2691/1067/1136 2685/1020/1136 2690/1068/1136
f 2783/1069/1137 2781/1070/1137 2780/1071/1137
f 2690/1068/1138 2685/1020/1138 2688/1072/1138
f 2449/943/1139 2463/1073/1139 2490/980/1139
f 2780/1071/1140 2781/1070/1140 2782/1074/1140
f 2385/991/1141 2463/1073/1141 2449/943/1141
f 1398/1024/1142 1401/1041/1142 1399/993/1142
f 1415/972/1143 1421/1075/1143 1420/1042/1143
f 1420/1042/1144 1434/1076/1144 1428/1027/1144
f 140/975/1145 170/1077/1145 178/1031/1145
f 148/997/1146 134/1078/1146 142/952/1146
f 134/1078/1147 138/953/1147 142/952/1147
f 1827/1005/1148 1841/1004/1148 1808/1052/1148
f 1806/1033/1149 1818/1079/1149 1770/1053/1149
f 1770/1053/1150 1772/1080/1150 1793/985/1150
f 1790/977/1151 1788/1054/1151 1789/1055/1151
f 1764/1006/1152 1789/1055/1152 1765/1034/1152
f 2094/1013/1153 2100/1081/1153 2093/1014/1153
f 2093/1014/1154 2110/1082/1154 2103/1063/1154
f 1595/1083/1155 1594/1084/1155 1597/1064/1155
f 1597/1064/1156 1594/1084/1156 1598/1060/1156
f 2083/1062/1157 2114/1085/1157 2096/1012/1157
f 2114/1085/1158 2112/1086/1158 2096/1012/1158
f 2815/923/1159 2816/1087/1159 2817/909/1159
f 2719/1088/1160 2690/1068/1160 2708/1089/1160
f 1405/1090/1161 1402/1091/1161 1403/1092/1161
f 1403/1092/1162 1402/1091/1162 1398/1024/1162
f 1421/1075/1163 1429/1093/1163 1420/1042/1163
f 1429/1093/1164 1435/1094/1164 1420/1042/1164
f 1398/1024/1165 1402/1091/1165 1401/1041/1165
f 1205/805/1166 1221/1019/1166 1189/924/1166
f 2206/810/1167 2214/1044/1167 2207/790/1167
f 2205/800/1168 2204/982/1168 2206/810/1168
f 1870/1048/1169 1871/1095/1169 1872/1096/1169
f 1808/1052/1170 1818/1079/1170 1806/1033/1170
f 1808/1052/1171 1817/1097/1171 1818/1079/1171
f 1789/1055/1172 1766/1098/1172 1765/1034/1172
f 989/1099/1173 416/1100/1173 419/1101/1173
f 1593/1102/1174 1594/1084/1174 1595/1083/1174
f 2112/1086/1175 2102/1103/1175 2096/1012/1175
f 2102/1103/1176 2101/1104/1176 2096/1012/1176
f 2096/1012/1177 2101/1104/1177 2094/1013/1177
f 2094/1013/1178 2101/1104/1178 2100/1081/1178
f 2100/1081/1179 2107/1105/1179 2093/1014/1179
f 2093/1014/1180 2107/1105/1180 2110/1082/1180
f 2815/923/1181 2818/1106/1181 2816/1087/1181
f 297/1037/1182 273/1066/1182 279/886/1182
f 2463/1073/1183 2508/1107/1183 2490/980/1183
f 1402/1091/1184 1404/1108/1184 1401/1041/1184
f 1411/1030/1185 1414/1109/1185 1415/972/1185
f 1415/972/1186 1414/1109/1186 1421/1075/1186
f 170/1077/1187 177/1110/1187 178/1031/1187
f 129/1051/1188 131/1111/1188 140/975/1188
f 140/975/1189 131/1111/1189 170/1077/1189
f 2672/1112/1190 2673/1113/1190 2674/1114/1190
f 161/1115/1191 146/1116/1191 145/1117/1191
f 161/1115/1192 145/1117/1192 162/974/1192
f 148/997/1193 132/1118/1193 134/1078/1193
f 134/1078/1194 129/1051/1194 138/953/1194
f 2157/1119/1195 2155/1120/1195 2154/1121/1195
f 1772/1080/1196 1774/1122/1196 1793/985/1196
f 1793/985/1197 1774/1122/1197 1788/1054/1197
f 1744/1036/1198 1765/1034/1198 1745/1123/1198
f 1744/1036/1199 1745/1123/1199 1746/1124/1199
f 1765/1034/1200 1766/1098/1200 1745/1123/1200
f 2100/1081/1201 2101/1104/1201 2106/1125/1201
f 2100/1081/1202 2106/1125/1202 2107/1105/1202
f 1600/1126/1203 1596/1127/1203 1599/1128/1203
f 1599/1128/1204 1596/1127/1204 1595/1083/1204
f 2113/1129/1205 2102/1103/1205 2112/1086/1205
f 53/1130/1206 45/1131/1206 60/1132/1206
f 1405/1090/1207 1404/1108/1207 1402/1091/1207
f 2232/1043/1208 2231/1133/1208 2202/809/1208
f 2202/809/1209 2203/1134/1209 2204/982/1209
f 1873/1135/1210 1872/1096/1210 1874/1136/1210
f 178/1031/1211 177/1110/1211 192/1137/1211
f 162/974/1212 145/1117/1212 148/997/1212
f 148/997/1213 145/1117/1213 132/1118/1213
f 1817/1097/1214 1816/1138/1214 1818/1079/1214
f 1818/1079/1215 1816/1138/1215 1770/1053/1215
f 1602/1139/1216 1601/1140/1216 1600/1126/1216
f 1600/1126/1217 1601/1140/1217 1596/1127/1217
f 1606/1141/1218 1605/1142/1218 1604/1143/1218
f 1604/1143/1219 1605/1142/1219 1602/1139/1219
f 1604/1143/1220 1602/1139/1220 1600/1126/1220
f 1060/795/1221 1039/1144/1221 1043/968/1221
f 1043/968/1222 1039/1144/1222 1041/1065/1222
f 2713/1145/1223 2706/1146/1223 2712/1147/1223
f 1414/1109/1224 1412/1148/1224 1422/1149/1224
f 1414/1109/1225 1422/1149/1225 1421/1075/1225
f 1421/1075/1226 1422/1149/1226 1432/1150/1226
f 1189/924/1227 1201/1151/1227 1193/1029/1227
f 2202/809/1228 2231/1133/1228 2203/1134/1228
f 2204/982/1229 2210/1152/1229 2206/810/1229
f 134/1078/1230 132/1118/1230 129/1051/1230
f 2154/1121/1231 2155/1120/1231 2156/1153/1231
f 1808/1052/1232 1828/1154/1232 1817/1097/1232
f 1817/1097/1233 1828/1154/1233 1815/1155/1233
f 1817/1097/1234 1815/1155/1234 1816/1138/1234
f 1788/1054/1235 1781/1156/1235 1789/1055/1235
f 1766/1098/1236 1748/1157/1236 1745/1123/1236
f 1606/1141/1237 1607/1158/1237 1605/1142/1237
f 1607/1158/1238 1608/1159/1238 1605/1142/1238
f 1605/1142/1239 1608/1159/1239 1602/1139/1239
f 1221/1019/1240 1201/1151/1240 1189/924/1240
f 2225/1160/1241 2344/925/1241 2223/910/1241
f 2206/810/1242 2210/1152/1242 2214/1044/1242
f 1907/1161/1243 1873/1135/1243 1877/1162/1243
f 170/1077/1244 169/1163/1244 177/1110/1244
f 129/1051/1245 132/1118/1245 130/1164/1245
f 129/1051/1246 130/1164/1246 131/1111/1246
f 1816/1138/1247 1773/1165/1247 1770/1053/1247
f 1773/1165/1248 1771/1166/1248 1770/1053/1248
f 1770/1053/1249 1771/1166/1249 1772/1080/1249
f 1788/1054/1250 1776/1167/1250 1781/1156/1250
f 1781/1156/1251 1795/1168/1251 1789/1055/1251
f 1789/1055/1252 1795/1168/1252 1766/1098/1252
f 1795/1168/1253 1826/1169/1253 1748/1157/1253
f 1766/1098/1254 1795/1168/1254 1748/1157/1254
f 1607/1158/1255 1611/1170/1255 1608/1159/1255
f 1412/1148/1256 1413/1171/1256 1426/1172/1256
f 2463/1073/1257 2509/1173/1257 2508/1107/1257
f 1898/1174/1258 1891/1175/1258 1881/1176/1258
f 177/1110/1259 169/1163/1259 179/1177/1259
f 131/1111/1260 169/1163/1260 170/1077/1260
f 1923/1178/1261 1921/1179/1261 1952/1180/1261
f 145/1117/1262 144/1181/1262 132/1118/1262
f 132/1118/1263 135/1182/1263 130/1164/1263
f 1828/1154/1264 1832/1183/1264 1815/1155/1264
f 1772/1080/1265 1771/1166/1265 1774/1122/1265
f 1774/1122/1266 1776/1167/1266 1788/1054/1266
f 1795/1168/1267 1822/1184/1267 1826/1169/1267
f 1079/1185/1268 1039/1144/1268 1080/1186/1268
f 297/1037/1269 286/1187/1269 273/1066/1269
f 273/1066/1270 270/1188/1270 272/803/1270
f 2509/1173/1271 2570/1189/1271 2508/1107/1271
f 2385/991/1272 2464/1190/1272 2463/1073/1272
f 2214/1044/1273 2215/1191/1273 2223/910/1273
f 2214/1044/1274 2210/1152/1274 2215/1191/1274
f 1885/1192/1275 1920/1193/1275 1883/1194/1275
f 1921/1179/1276 1950/1195/1276 1952/1180/1276
f 146/1116/1277 144/1181/1277 145/1117/1277
f 1815/1155/1278 1813/1196/1278 1816/1138/1278
f 1816/1138/1279 1813/1196/1279 1773/1165/1279
f 1773/1165/1280 1791/1197/1280 1771/1166/1280
f 11/1198/1281 8/1199/1281 12/1200/1281
f 2570/1189/1282 2587/1201/1282 2600/1202/1282
f 272/803/1283 270/1188/1283 271/1203/1283
f 2463/1073/1284 2464/1190/1284 2509/1173/1284
f 1221/1019/1285 1222/1204/1285 1201/1151/1285
f 2385/991/1286 2386/1205/1286 2464/1190/1286
f 2215/1191/1287 2225/1160/1287 2223/910/1287
f 2344/925/1288 2225/1160/1288 2385/991/1288
f 2385/991/1289 2225/1160/1289 2386/1205/1289
f 1920/1193/1290 1950/1195/1290 1921/1179/1290
f 1664/1206/1291 1666/1207/1291 1694/1208/1291
f 1832/1183/1292 1814/1209/1292 1815/1155/1292
f 1815/1155/1293 1814/1209/1293 1813/1196/1293
f 1813/1196/1294 1791/1197/1294 1773/1165/1294
f 1795/1168/1295 1781/1156/1295 1822/1184/1295
f 1822/1184/1296 1833/1210/1296 1826/1169/1296
f 2818/1106/1297 2819/1211/1297 2816/1087/1297
f 297/1037/1298 315/1212/1298 286/1187/1298
f 2203/1134/1299 2211/1213/1299 2204/982/1299
f 2204/982/1300 2211/1213/1300 2210/1152/1300
f 131/1111/1301 133/1214/1301 169/1163/1301
f 130/1164/1302 133/1214/1302 131/1111/1302
f 132/1118/1303 144/1181/1303 135/1182/1303
f 1774/1122/1304 1771/1166/1304 1775/1215/1304
f 1774/1122/1305 1775/1215/1305 1776/1167/1305
f 2818/1106/1306 2820/1216/1306 2819/1211/1306
f 1201/1151/1307 1202/1217/1307 1193/1029/1307
f 2261/992/1308 2245/1218/1308 2232/1043/1308
f 2232/1043/1309 2245/1218/1309 2231/1133/1309
f 2210/1152/1310 2213/1219/1310 2215/1191/1310
f 1887/1220/1311 1946/1221/1311 1920/1193/1311
f 147/1222/1312 151/1223/1312 144/1181/1312
f 2017/1224/1313 2014/1225/1313 2013/1226/1313
f 1781/1156/1314 1776/1167/1314 1778/1227/1314
f 1781/1156/1315 1778/1227/1315 1822/1184/1315
f 1822/1184/1316 1834/1228/1316 1833/1210/1316
f 270/1188/1317 269/1229/1317 271/1203/1317
f 1203/1230/1318 1202/1217/1318 1201/1151/1318
f 2225/1160/1319 2221/1231/1319 2248/1232/1319
f 2261/992/1320 2357/1233/1320 2245/1218/1320
f 1892/1234/1321 1888/1235/1321 1891/1175/1321
f 190/1236/1322 176/1237/1322 194/1238/1322
f 169/1163/1323 176/1237/1323 179/1177/1323
f 2011/1239/1324 2013/1226/1324 2014/1225/1324
f 1814/1209/1325 1792/1240/1325 1813/1196/1325
f 1813/1196/1326 1792/1240/1326 1791/1197/1326
f 1775/1215/1327 1777/1241/1327 1776/1167/1327
f 1778/1227/1328 1821/1242/1328 1822/1184/1328
f 1822/1184/1329 1821/1242/1329 1834/1228/1329
f 1039/1144/1330 1040/1243/1330 1041/1065/1330
f 315/1212/1331 307/1244/1331 286/1187/1331
f 273/1066/1332 286/1187/1332 270/1188/1332
f 2215/1191/1333 2221/1231/1333 2225/1160/1333
f 2225/1160/1334 2248/1232/1334 2386/1205/1334
f 2215/1191/1335 2213/1219/1335 2221/1231/1335
f 2210/1152/1336 2211/1213/1336 2213/1219/1336
f 1902/1245/1337 1904/1246/1337 1933/1247/1337
f 2011/1239/1338 2012/1248/1338 2013/1226/1338
f 1814/1209/1339 1797/1249/1339 1792/1240/1339
f 1792/1240/1340 1787/1250/1340 1791/1197/1340
f 1791/1197/1341 1775/1215/1341 1771/1166/1341
f 1777/1241/1342 1778/1227/1342 1776/1167/1342
f 2058/1251/1343 2057/1252/1343 2059/1253/1343
f 2464/1190/1344 2510/1254/1344 2509/1173/1344
f 1222/1204/1345 1203/1230/1345 1201/1151/1345
f 1930/1255/1346 1946/1221/1346 1887/1220/1346
f 135/1182/1347 136/1256/1347 130/1164/1347
f 2011/1239/1348 2015/1257/1348 2012/1248/1348
f 1791/1197/1349 1787/1250/1349 1775/1215/1349
f 1778/1227/1350 1805/1258/1350 1821/1242/1350
f 1805/1258/1351 1829/1259/1351 1821/1242/1351
f 2510/1254/1352 2574/1260/1352 2509/1173/1352
f 2231/1133/1353 2245/1218/1353 2255/1261/1353
f 168/1262/1354 172/1263/1354 169/1163/1354
f 169/1163/1355 172/1263/1355 176/1237/1355
f 152/1264/1356 153/1265/1356 144/1181/1356
f 144/1181/1357 153/1265/1357 136/1256/1357
f 144/1181/1358 136/1256/1358 135/1182/1358
f 2015/1257/1359 2016/1266/1359 2012/1248/1359
f 1775/1215/1360 1782/1267/1360 1777/1241/1360
f 1777/1241/1361 1779/1268/1361 1778/1227/1361
f 1778/1227/1362 1779/1268/1362 1805/1258/1362
f 2203/1134/1363 2212/1269/1363 2211/1213/1363
f 2211/1213/1364 2222/1270/1364 2213/1219/1364
f 1893/1271/1365 1901/1272/1365 1895/1273/1365
f 130/1164/1366 137/1274/1366 133/1214/1366
f 1831/1275/1367 1796/1276/1367 1797/1249/1367
f 1797/1249/1368 1796/1276/1368 1792/1240/1368
f 2055/1277/1369 2054/1278/1369 2056/1279/1369
f 2221/1231/1370 2253/1280/1370 2248/1232/1370
f 2248/1232/1371 2387/1281/1371 2386/1205/1371
f 2213/1219/1372 2222/1270/1372 2221/1231/1372
f 1901/1272/1373 1893/1271/1373 1902/1245/1373
f 136/1256/1374 137/1274/1374 130/1164/1374
f 2015/1257/1375 2018/1282/1375 2016/1266/1375
f 1796/1276/1376 1787/1250/1376 1792/1240/1376
f 1787/1250/1377 1785/1283/1377 1775/1215/1377
f 1775/1215/1378 1785/1283/1378 1782/1267/1378
f 1782/1267/1379 1780/1284/1379 1777/1241/1379
f 1777/1241/1380 1780/1284/1380 1779/1268/1380
f 1779/1268/1381 1801/1285/1381 1823/1286/1381
f 1779/1268/1382 1823/1286/1382 1805/1258/1382
f 2055/1277/1383 2052/1287/1383 2054/1278/1383
f 307/1244/1384 290/1288/1384 286/1187/1384
f 286/1187/1385 290/1288/1385 268/1289/1385
f 286/1187/1386 268/1289/1386 270/1188/1386
f 2386/1205/1387 2387/1281/1387 2464/1190/1387
f 2222/1270/1388 2252/1290/1388 2221/1231/1388
f 2255/1261/1389 2212/1269/1389 2231/1133/1389
f 2231/1133/1390 2212/1269/1390 2203/1134/1390
f 2212/1269/1391 2235/1291/1391 2211/1213/1391
f 168/1262/1392 163/1292/1392 172/1263/1392
f 1796/1276/1393 1785/1283/1393 1787/1250/1393
f 1782/1267/1394 1785/1283/1394 1783/1293/1394
f 1782/1267/1395 1783/1293/1395 1780/1284/1395
f 1780/1284/1396 1801/1285/1396 1779/1268/1396
f 1614/1294/1397 1615/1295/1397 1616/1296/1397
f 2052/1287/1398 2053/1297/1398 2054/1278/1398
f 270/1188/1399 268/1289/1399 269/1229/1399
f 2464/1190/1400 2491/1298/1400 2510/1254/1400
f 1222/1204/1401 1208/1299/1401 1203/1230/1401
f 1203/1230/1402 1208/1299/1402 1202/1217/1402
f 2245/1218/1403 2256/1300/1403 2255/1261/1403
f 2221/1231/1404 2252/1290/1404 2253/1280/1404
f 2211/1213/1405 2233/1301/1405 2222/1270/1405
f 153/1265/1406 164/1302/1406 154/1303/1406
f 2018/1282/1407 2019/1304/1407 2016/1266/1407
f 1831/1275/1408 1835/1305/1408 1796/1276/1408
f 1796/1276/1409 1798/1306/1409 1785/1283/1409
f 1780/1284/1410 1800/1307/1410 1801/1285/1410
f 1800/1307/1411 1830/1308/1411 1801/1285/1411
f 1830/1308/1412 1825/1309/1412 1801/1285/1412
f 1801/1285/1413 1825/1309/1413 1823/1286/1413
f 2052/1287/1414 2048/1310/1414 2051/1311/1414
f 2820/1216/1415 2827/1312/1415 2821/1313/1415
f 7/1314/1416 15/1315/1416 2/1316/1416
f 2387/1281/1417 2491/1298/1417 2464/1190/1417
f 2248/1232/1418 2259/1317/1418 2387/1281/1418
f 2222/1270/1419 2326/1318/1419 2252/1290/1419
f 2252/1290/1420 2260/1319/1420 2253/1280/1420
f 2253/1280/1421 2259/1317/1421 2248/1232/1421
f 2235/1291/1422 2233/1301/1422 2211/1213/1422
f 172/1263/1423 184/1320/1423 185/1321/1423
f 185/1321/1424 184/1320/1424 189/1322/1424
f 137/1274/1425 163/1292/1425 168/1262/1425
f 1796/1276/1426 1835/1305/1426 1798/1306/1426
f 1798/1306/1427 1799/1323/1427 1785/1283/1427
f 1785/1283/1428 1799/1323/1428 1786/1324/1428
f 1785/1283/1429 1786/1324/1429 1783/1293/1429
f 1783/1293/1430 1784/1325/1430 1780/1284/1430
f 1780/1284/1431 1784/1325/1431 1800/1307/1431
f 2048/1310/1432 2044/1326/1432 2050/1327/1432
f 2048/1310/1433 2050/1327/1433 2051/1311/1433
f 909/1328/1434 588/1329/1434 605/1330/1434
f 2777/1331/1435 2778/1332/1435 2779/1333/1435
f 307/1244/1436 309/1334/1436 290/1288/1436
f 2357/1233/1437 2256/1300/1437 2245/1218/1437
f 2253/1280/1438 2260/1319/1438 2259/1317/1438
f 2233/1301/1439 2320/1335/1439 2222/1270/1439
f 2222/1270/1440 2320/1335/1440 2326/1318/1440
f 172/1263/1441 174/1336/1441 184/1320/1441
f 1897/1337/1442 1951/1338/1442 1949/1339/1442
f 164/1302/1443 157/1340/1443 154/1303/1443
f 157/1340/1444 156/1341/1444 154/1303/1444
f 154/1303/1445 156/1341/1445 136/1256/1445
f 136/1256/1446 156/1341/1446 155/1342/1446
f 136/1256/1447 155/1342/1447 137/1274/1447
f 137/1274/1448 155/1342/1448 163/1292/1448
f 1786/1324/1449 1784/1325/1449 1783/1293/1449
f 2044/1326/1450 2045/1343/1450 2046/1344/1450
f 2044/1326/1451 2046/1344/1451 2050/1327/1451
f 2827/1312/1452 2828/1345/1452 2821/1313/1452
f 2233/1301/1453 2324/1346/1453 2320/1335/1453
f 2320/1335/1454 2544/1347/1454 2326/1318/1454
f 2326/1318/1455 2545/1348/1455 2252/1290/1455
f 2326/1318/1456 2544/1347/1456 2545/1348/1456
f 2252/1290/1457 2545/1348/1457 2260/1319/1457
f 1939/1349/1458 1919/1350/1458 1918/1351/1458
f 163/1292/1459 174/1336/1459 172/1263/1459
f 2165/1352/1460 2166/1353/1460 2167/1354/1460
f 1798/1306/1461 1824/1355/1461 1799/1323/1461
f 1799/1323/1462 1838/1356/1462 1839/1357/1462
f 1799/1323/1463 1839/1357/1463 1786/1324/1463
f 1786/1324/1464 1839/1357/1464 1784/1325/1464
f 2045/1343/1465 2049/1358/1465 2046/1344/1465
f 2827/1312/1466 2829/1359/1466 2828/1345/1466
f 2491/1298/1467 2517/1360/1467 2510/1254/1467
f 1208/1299/1468 1209/1361/1468 1202/1217/1468
f 2256/1300/1469 2257/1362/1469 2255/1261/1469
f 2255/1261/1470 2257/1362/1470 2212/1269/1470
f 2259/1317/1471 2407/1363/1471 2387/1281/1471
f 2263/1364/1472 2324/1346/1472 2233/1301/1472
f 2235/1291/1473 2263/1364/1473 2233/1301/1473
f 2731/1365/1474 2729/1366/1474 2728/1367/1474
f 2728/1367/1475 2729/1366/1475 2730/1368/1475
f 2728/1367/1476 2730/1368/1476 2732/1369/1476
f 1926/1370/1477 1908/1371/1477 1896/1372/1477
f 1926/1370/1478 1896/1372/1478 1925/1373/1478
f 2784/1374/1479 2785/1375/1479 2786/1376/1479
f 1929/1377/1480 1935/1378/1480 1951/1338/1480
f 163/1292/1481 173/1379/1481 174/1336/1481
f 2166/1353/1482 2172/1380/1482 2167/1354/1482
f 2167/1354/1483 2172/1380/1483 2168/1381/1483
f 1799/1323/1484 1836/1382/1484 1838/1356/1484
f 294/1383/1485 267/1384/1485 268/1289/1485
f 290/1288/1486 294/1383/1486 268/1289/1486
f 268/1289/1487 266/1385/1487 269/1229/1487
f 2357/1233/1488 2356/1386/1488 2256/1300/1488
f 2407/1363/1489 2451/1387/1489 2387/1281/1489
f 2212/1269/1490 2236/1388/1490 2235/1291/1490
f 2235/1291/1491 2236/1388/1491 2263/1364/1491
f 1947/1389/1492 1944/1390/1492 1926/1370/1492
f 1944/1390/1493 1936/1391/1493 1908/1371/1493
f 1944/1390/1494 1908/1371/1494 1926/1370/1494
f 195/1392/1495 160/1393/1495 157/1340/1495
f 157/1340/1496 160/1393/1496 156/1341/1496
f 156/1341/1497 160/1393/1497 158/1394/1497
f 156/1341/1498 158/1394/1498 155/1342/1498
f 2172/1380/1499 2169/1395/1499 2168/1381/1499
f 1824/1355/1500 1836/1382/1500 1799/1323/1500
f 1824/1355/1501 1837/1396/1501 1836/1382/1501
f 309/1334/1502 294/1383/1502 290/1288/1502
f 267/1384/1503 266/1385/1503 268/1289/1503
f 2510/1254/1504 2568/1397/1504 2574/1260/1504
f 1222/1204/1505 1223/1398/1505 1208/1299/1505
f 1202/1217/1506 1209/1361/1506 1210/1399/1506
f 2387/1281/1507 2451/1387/1507 2491/1298/1507
f 2256/1300/1508 2356/1386/1508 2257/1362/1508
f 188/1400/1509 183/1401/1509 200/1402/1509
f 2236/1388/1510 2671/1403/1510 2263/1364/1510
f 1947/1389/1511 1936/1391/1511 1944/1390/1511
f 2790/1404/1512 2789/1405/1512 2787/1406/1512
f 158/1394/1513 159/1407/1513 155/1342/1513
f 155/1342/1514 159/1407/1514 163/1292/1514
f 163/1292/1515 159/1407/1515 173/1379/1515
f 1657/1408/1516 1686/1409/1516 1695/1410/1516
f 1695/1410/1517 1686/1409/1517 1699/1411/1517
f 2169/1395/1518 2171/1412/1518 2170/1413/1518
f 2171/1412/1519 2173/1414/1519 2170/1413/1519
f 1082/1415/1520 1062/1416/1520 1057/1417/1520
f 1057/1417/1521 1062/1416/1521 1061/1418/1521
f 2257/1362/1522 2359/1419/1522 2236/1388/1522
f 2257/1362/1523 2236/1388/1523 2212/1269/1523
f 173/1379/1524 183/1401/1524 188/1400/1524
f 182/1420/1525 158/1394/1525 160/1393/1525
f 309/1334/1526 240/1421/1526 294/1383/1526
f 2356/1386/1527 2367/1422/1527 2257/1362/1527
f 2384/1423/1528 2451/1387/1528 2407/1363/1528
f 2376/1424/1529 2384/1423/1529 2407/1363/1529
f 205/1425/1530 193/1426/1530 204/1427/1530
f 173/1379/1531 171/1428/1531 183/1401/1531
f 204/1427/1532 193/1426/1532 182/1420/1532
f 182/1420/1533 181/1429/1533 158/1394/1533
f 158/1394/1534 171/1428/1534 159/1407/1534
f 2829/1359/1535 2830/1430/1535 2828/1345/1535
f 2451/1387/1536 2506/1431/1536 2517/1360/1536
f 158/1394/1537 181/1429/1537 180/1432/1537
f 158/1394/1538 180/1432/1538 171/1428/1538
f 108/1433/1539 3/1434/1539 2/1316/1539
f 2451/1387/1540 2468/1435/1540 2506/1431/1540
f 2359/1419/1541 2390/1436/1541 2236/1388/1541
f 736/1437/1542 735/1438/1542 844/1439/1542
f 1208/1299/1543 1220/1440/1543 1209/1361/1543
f 2367/1422/1544 2360/1441/1544 2257/1362/1544
f 2257/1362/1545 2360/1441/1545 2359/1419/1545
f 2384/1423/1546 2468/1435/1546 2451/1387/1546
f 2390/1436/1547 2381/1442/1547 2391/1443/1547
f 2376/1424/1548 2377/1444/1548 2384/1423/1548
f 2391/1443/1549 2381/1442/1549 2374/1445/1549
f 2375/1446/1550 2374/1445/1550 2373/1447/1550
f 2375/1446/1551 2373/1447/1551 2376/1424/1551
f 1082/1415/1552 1065/1448/1552 1062/1416/1552
f 242/1449/1553 241/1450/1553 240/1421/1553
f 293/1451/1554 265/1452/1554 267/1384/1554
f 294/1383/1555 293/1451/1555 267/1384/1555
f 267/1384/1556 265/1452/1556 266/1385/1556
f 266/1385/1557 265/1452/1557 256/1453/1557
f 2356/1386/1558 2369/1454/1558 2367/1422/1558
f 2367/1422/1559 2369/1454/1559 2360/1441/1559
f 2359/1419/1560 2361/1455/1560 2390/1436/1560
f 2390/1436/1561 2361/1455/1561 2381/1442/1561
f 2381/1442/1562 2372/1456/1562 2374/1445/1562
f 2373/1447/1563 2377/1444/1563 2376/1424/1563
f 294/1383/1564 240/1421/1564 293/1451/1564
f 1231/1457/1565 1220/1440/1565 1223/1398/1565
f 1223/1398/1566 1220/1440/1566 1208/1299/1566
f 1209/1361/1567 1211/1458/1567 1210/1399/1567
f 2359/1419/1568 2360/1441/1568 2361/1455/1568
f 2374/1445/1569 2372/1456/1569 2373/1447/1569
f 1220/1440/1570 1212/1459/1570 1209/1361/1570
f 1209/1361/1571 1212/1459/1571 1211/1458/1571
f 2372/1456/1572 2371/1460/1572 2373/1447/1572
f 241/1450/1573 239/1461/1573 240/1421/1573
f 108/1433/1574 6/1462/1574 3/1434/1574
f 2506/1431/1575 2525/1463/1575 2568/1397/1575
f 2468/1435/1576 2525/1463/1576 2506/1431/1576
f 2369/1454/1577 2366/1464/1577 2360/1441/1577
f 2452/1465/1578 2468/1435/1578 2384/1423/1578
f 2360/1441/1579 2366/1464/1579 2362/1466/1579
f 2360/1441/1580 2362/1466/1580 2361/1455/1580
f 2361/1455/1581 2363/1467/1581 2381/1442/1581
f 2377/1444/1582 2378/1468/1582 2384/1423/1582
f 2381/1442/1583 2363/1467/1583 2372/1456/1583
f 2372/1456/1584 2363/1467/1584 2371/1460/1584
f 2373/1447/1585 2371/1460/1585 2377/1444/1585
f 702/1469/1586 703/1470/1586 704/1471/1586
f 2384/1423/1587 2378/1468/1587 2452/1465/1587
f 399/1472/1588 395/1473/1588 400/1474/1588
f 2568/1397/1589 2566/1475/1589 2596/1476/1589
f 2525/1463/1590 2566/1475/1590 2568/1397/1590
f 2369/1454/1591 2394/1477/1591 2366/1464/1591
f 2371/1460/1592 2378/1468/1592 2377/1444/1592
f 293/1451/1593 252/1478/1593 265/1452/1593
f 265/1452/1594 252/1478/1594 256/1453/1594
f 2378/1468/1595 2450/1479/1595 2452/1465/1595
f 2366/1464/1596 2364/1480/1596 2362/1466/1596
f 2362/1466/1597 2363/1467/1597 2361/1455/1597
f 1084/1481/1598 1085/1482/1598 1065/1448/1598
f 239/1461/1599 238/1483/1599 240/1421/1599
f 293/1451/1600 240/1421/1600 304/1484/1600
f 293/1451/1601 304/1484/1601 252/1478/1601
f 1231/1457/1602 1224/1485/1602 1220/1440/1602
f 1220/1440/1603 1224/1485/1603 1212/1459/1603
f 2452/1465/1604 2516/1486/1604 2468/1435/1604
f 2362/1466/1605 2364/1480/1605 2363/1467/1605
f 2371/1460/1606 2363/1467/1606 2368/1487/1606
f 2371/1460/1607 2368/1487/1607 2389/1488/1607
f 240/1421/1608 238/1483/1608 304/1484/1608
f 1211/1458/1609 1212/1459/1609 1213/1489/1609
f 2363/1467/1610 2364/1480/1610 2365/1490/1610
f 2365/1490/1611 2368/1487/1611 2363/1467/1611
f 2371/1460/1612 2389/1488/1612 2378/1468/1612
f 1085/1482/1613 1067/1491/1613 1065/1448/1613
f 1067/1491/1614 1066/1492/1614 1065/1448/1614
f 6/1462/1615 13/1493/1615 5/1494/1615
f 252/1478/1616 253/1495/1616 256/1453/1616
f 256/1453/1617 253/1495/1617 255/1496/1617
f 2378/1468/1618 2389/1488/1618 2450/1479/1618
f 239/1461/1619 237/1497/1619 238/1483/1619
f 2516/1486/1620 2566/1475/1620 2525/1463/1620
f 1224/1485/1621 1214/1498/1621 1212/1459/1621
f 1212/1459/1622 1214/1498/1622 1213/1489/1622
f 2452/1465/1623 2492/1499/1623 2516/1486/1623
f 2394/1477/1624 2382/1500/1624 2366/1464/1624
f 2364/1480/1625 2370/1501/1625 2365/1490/1625
f 404/1502/1626 398/1503/1626 408/1504/1626
f 1067/1491/1627 1087/1505/1627 1066/1492/1627
f 238/1483/1628 216/1506/1628 304/1484/1628
f 2366/1464/1629 2382/1500/1629 2364/1480/1629
f 2365/1490/1630 2388/1507/1630 2368/1487/1630
f 237/1497/1631 216/1506/1631 238/1483/1631
f 2450/1479/1632 2492/1499/1632 2452/1465/1632
f 2364/1480/1633 2382/1500/1633 2370/1501/1633
f 2368/1487/1634 2388/1507/1634 2389/1488/1634
f 304/1484/1635 216/1506/1635 215/1508/1635
f 304/1484/1636 215/1508/1636 252/1478/1636
f 2516/1486/1637 2548/1509/1637 2566/1475/1637
f 2382/1500/1638 2401/1510/1638 2370/1501/1638
f 252/1478/1639 251/1511/1639 253/1495/1639
f 253/1495/1640 254/1512/1640 255/1496/1640
f 1224/1485/1641 1233/1513/1641 1214/1498/1641
f 2492/1499/1642 2548/1509/1642 2516/1486/1642
f 1214/1498/1643 1215/1514/1643 1213/1489/1643
f 2450/1479/1644 2477/1515/1644 2492/1499/1644
f 364/1516/1645 361/1517/1645 363/1518/1645
f 237/1497/1646 236/1519/1646 216/1506/1646
f 92/1520/1647 16/1521/1647 13/1493/1647
f 252/1478/1648 215/1508/1648 251/1511/1648
f 253/1495/1649 251/1511/1649 254/1512/1649
f 1214/1498/1650 1233/1513/1650 1215/1514/1650
f 1215/1514/1651 1216/1522/1651 1213/1489/1651
f 2394/1477/1652 2395/1523/1652 2382/1500/1652
f 2422/1524/1653 2475/1525/1653 2388/1507/1653
f 2388/1507/1654 2475/1525/1654 2389/1488/1654
f 2389/1488/1655 2477/1515/1655 2450/1479/1655
f 92/1520/1656 98/1526/1656 16/1521/1656
f 2382/1500/1657 2398/1527/1657 2401/1510/1657
f 2389/1488/1658 2475/1525/1658 2477/1515/1658
f 2401/1510/1659 2415/1528/1659 2370/1501/1659
f 2370/1501/1660 2411/1529/1660 2365/1490/1660
f 236/1519/1661 214/1530/1661 216/1506/1661
f 216/1506/1662 214/1530/1662 215/1508/1662
f 2548/1509/1663 2582/1531/1663 2572/1532/1663
f 2492/1499/1664 2507/1533/1664 2548/1509/1664
f 2370/1501/1665 2415/1528/1665 2411/1529/1665
f 2388/1507/1666 2411/1529/1666 2422/1524/1666
f 391/1534/1667 388/1535/1667 404/1502/1667
f 214/1530/1668 213/1536/1668 215/1508/1668
f 215/1508/1669 213/1536/1669 251/1511/1669
f 213/1536/1670 257/1537/1670 251/1511/1670
f 2475/1525/1671 2476/1538/1671 2477/1515/1671
f 2395/1523/1672 2396/1539/1672 2382/1500/1672
f 2382/1500/1673 2396/1539/1673 2398/1527/1673
f 2401/1510/1674 2398/1527/1674 2400/1540/1674
f 2401/1510/1675 2400/1540/1675 2415/1528/1675
f 361/1517/1676 356/1541/1676 360/1542/1676
f 98/1526/1677 63/1543/1677 16/1521/1677
f 2475/1525/1678 2422/1524/1678 2474/1544/1678
f 2396/1539/1679 2399/1545/1679 2398/1527/1679
f 2398/1527/1680 2399/1545/1680 2400/1540/1680
f 2415/1528/1681 2416/1546/1681 2411/1529/1681
f 236/1519/1682 233/1547/1682 214/1530/1682
f 214/1530/1683 211/1548/1683 213/1536/1683
f 251/1511/1684 257/1537/1684 254/1512/1684
f 2477/1515/1685 2476/1538/1685 2507/1533/1685
f 254/1512/1686 257/1537/1686 264/1549/1686
f 2395/1523/1687 2397/1550/1687 2396/1539/1687
f 2399/1545/1688 2500/1551/1688 2400/1540/1688
f 2400/1540/1689 2500/1551/1689 2473/1552/1689
f 2400/1540/1690 2473/1552/1690 2415/1528/1690
f 1589/1553/1691 1583/1554/1691 1588/1555/1691
f 1588/1555/1692 1592/1556/1692 1591/1557/1692
f 1589/1553/1693 1588/1555/1693 1591/1557/1693
f 1583/1554/1694 1581/1558/1694 1585/1559/1694
f 1583/1554/1695 1585/1559/1695 1588/1555/1695
f 356/1541/1696 359/1560/1696 360/1542/1696
f 211/1548/1697 212/1561/1697 213/1536/1697
f 257/1537/1698 258/1562/1698 264/1549/1698
f 1215/1514/1699 1217/1563/1699 1216/1522/1699
f 1216/1522/1700 1217/1563/1700 1218/1564/1700
f 2411/1529/1701 2417/1565/1701 2422/1524/1701
f 2396/1539/1702 2663/1566/1702 2399/1545/1702
f 2399/1545/1703 2663/1566/1703 2664/1567/1703
f 2399/1545/1704 2664/1567/1704 2500/1551/1704
f 2664/1567/1705 2668/1568/1705 2500/1551/1705
f 2663/1566/1706 2665/1569/1706 2664/1567/1706
f 1391/1570/1707 1392/1571/1707 1394/1572/1707
f 1584/1573/1708 1582/1574/1708 1583/1554/1708
f 1583/1554/1709 1582/1574/1709 1581/1558/1709
f 233/1547/1710 211/1548/1710 214/1530/1710
f 2595/1575/1711 2650/1576/1711 2582/1531/1711
f 213/1536/1712 212/1561/1712 257/1537/1712
f 1215/1514/1713 1230/1577/1713 1217/1563/1713
f 2422/1524/1714 2425/1578/1714 2474/1544/1714
f 1279/1579/1715 1278/1580/1715 1281/1581/1715
f 2473/1552/1716 2459/1582/1716 2415/1528/1716
f 2417/1565/1717 2425/1578/1717 2422/1524/1717
f 2666/1583/1718 2663/1566/1718 2396/1539/1718
f 2397/1550/1719 2666/1583/1719 2396/1539/1719
f 1281/1581/1720 1278/1580/1720 1280/1584/1720
f 2500/1551/1721 2669/1585/1721 2473/1552/1721
f 2666/1583/1722 2667/1586/1722 2665/1569/1722
f 2663/1566/1723 2666/1583/1723 2665/1569/1723
f 1391/1570/1724 1393/1587/1724 1387/1588/1724
f 1584/1573/1725 1586/1589/1725 1582/1574/1725
f 1580/1590/1726 1581/1558/1726 1582/1574/1726
f 257/1537/1727 219/1591/1727 258/1562/1727
f 2459/1582/1728 2416/1546/1728 2415/1528/1728
f 2416/1546/1729 2417/1565/1729 2411/1529/1729
f 1278/1580/1730 1277/1592/1730 1280/1584/1730
f 1391/1570/1731 1387/1588/1731 1390/1593/1731
f 1391/1570/1732 1390/1593/1732 1392/1571/1732
f 1392/1571/1733 1390/1593/1733 1389/1594/1733
f 1582/1574/1734 1586/1589/1734 1580/1590/1734
f 1580/1590/1735 1586/1589/1735 1587/1595/1735
f 390/1596/1736 357/1597/1736 356/1541/1736
f 356/1541/1737 348/1598/1737 359/1560/1737
f 212/1561/1738 219/1591/1738 257/1537/1738
f 2425/1578/1739 2462/1599/1739 2476/1538/1739
f 2476/1538/1740 2462/1599/1740 2507/1533/1740
f 2474/1544/1741 2425/1578/1741 2476/1538/1741
f 258/1562/1742 259/1600/1742 263/1601/1742
f 2459/1582/1743 2458/1602/1743 2416/1546/1743
f 1279/1579/1744 1271/1603/1744 1278/1580/1744
f 1271/1603/1745 1270/1604/1745 1278/1580/1745
f 1278/1580/1746 1270/1604/1746 1277/1592/1746
f 1387/1588/1747 1386/1605/1747 1390/1593/1747
f 1390/1593/1748 1386/1605/1748 1389/1594/1748
f 1386/1605/1749 1379/1606/1749 1389/1594/1749
f 1389/1594/1750 1379/1606/1750 1385/1607/1750
f 233/1547/1751 225/1608/1751 211/1548/1751
f 211/1548/1752 210/1609/1752 212/1561/1752
f 212/1561/1753 210/1609/1753 219/1591/1753
f 258/1562/1754 219/1591/1754 259/1600/1754
f 2416/1546/1755 2418/1610/1755 2417/1565/1755
f 1270/1604/1756 1272/1611/1756 1277/1592/1756
f 1393/1587/1757 1388/1612/1757 1387/1588/1757
f 1314/1613/1758 1310/1614/1758 1313/1615/1758
f 1313/1615/1759 1310/1614/1759 1309/1616/1759
f 2462/1599/1760 2547/1617/1760 2507/1533/1760
f 1268/1618/1761 1269/1619/1761 1270/1604/1761
f 1270/1604/1762 1269/1619/1762 1272/1611/1762
f 1386/1605/1763 1380/1620/1763 1379/1606/1763
f 1388/1612/1764 1384/1621/1764 1387/1588/1764
f 1387/1588/1765 1384/1621/1765 1386/1605/1765
f 2595/1575/1766 2513/1622/1766 2608/1623/1766
f 2462/1599/1767 2523/1624/1767 2547/1617/1767
f 210/1609/1768 207/1625/1768 219/1591/1768
f 2425/1578/1769 2424/1626/1769 2462/1599/1769
f 2465/1627/1770 2418/1610/1770 2458/1602/1770
f 2458/1602/1771 2418/1610/1771 2416/1546/1771
f 1272/1611/1772 1269/1619/1772 1276/1628/1772
f 1386/1605/1773 1384/1621/1773 1380/1620/1773
f 211/1548/1774 208/1629/1774 210/1609/1774
f 2547/1617/1775 2513/1622/1775 2595/1575/1775
f 207/1625/1776 260/1630/1776 219/1591/1776
f 2424/1626/1777 2471/1631/1777 2462/1599/1777
f 219/1591/1778 260/1630/1778 259/1600/1778
f 259/1600/1779 260/1630/1779 261/1632/1779
f 261/1632/1780 260/1630/1780 262/1633/1780
f 2522/1634/1781 2457/1635/1781 2418/1610/1781
f 2522/1634/1782 2418/1610/1782 2465/1627/1782
f 225/1608/1783 224/1636/1783 208/1629/1783
f 2462/1599/1784 2471/1631/1784 2523/1624/1784
f 260/1630/1785 246/1637/1785 262/1633/1785
f 2457/1635/1786 2423/1638/1786 2418/1610/1786
f 2418/1610/1787 2419/1639/1787 2417/1565/1787
f 2417/1565/1788 2424/1626/1788 2425/1578/1788
f 346/1640/1789 344/1641/1789 347/1642/1789
f 210/1609/1790 208/1629/1790 207/1625/1790
f 260/1630/1791 207/1625/1791 246/1637/1791
f 2567/1643/1792 2529/1644/1792 2457/1635/1792
f 2457/1635/1793 2529/1644/1793 2423/1638/1793
f 2419/1639/1794 2420/1645/1794 2417/1565/1794
f 2417/1565/1795 2420/1645/1795 2424/1626/1795
f 346/1640/1796 345/1646/1796 344/1641/1796
f 207/1625/1797 208/1629/1797 209/1647/1797
f 2471/1631/1798 2433/1648/1798 2523/1624/1798
f 2529/1644/1799 2528/1649/1799 2423/1638/1799
f 2423/1638/1800 2419/1639/1800 2418/1610/1800
f 376/1650/1801 341/1651/1801 345/1646/1801
f 2523/1624/1802 2433/1648/1802 2513/1622/1802
f 2433/1648/1803 2481/1652/1803 2513/1622/1803
f 207/1625/1804 217/1653/1804 246/1637/1804
f 2424/1626/1805 2433/1648/1805 2471/1631/1805
f 2423/1638/1806 2528/1649/1806 2495/1654/1806
f 2423/1638/1807 2495/1654/1807 2419/1639/1807
f 224/1636/1808 220/1655/1808 209/1647/1808
f 224/1636/1809 209/1647/1809 208/1629/1809
f 2603/1656/1810 2602/1657/1810 2607/1658/1810
f 207/1625/1811 209/1647/1811 217/1653/1811
f 246/1637/1812 217/1653/1812 247/1659/1812
f 2528/1649/1813 2552/1660/1813 2495/1654/1813
f 2733/1661/1814 2734/1662/1814 2735/1663/1814
f 344/1641/1815 343/1664/1815 347/1642/1815
f 209/1647/1816 218/1665/1816 217/1653/1816
f 217/1653/1817 248/1666/1817 247/1659/1817
f 2528/1649/1818 2530/1667/1818 2552/1660/1818
f 2552/1660/1819 2531/1668/1819 2495/1654/1819
f 2495/1654/1820 2531/1668/1820 2446/1669/1820
f 2495/1654/1821 2446/1669/1821 2419/1639/1821
f 2419/1639/1822 2421/1670/1822 2420/1645/1822
f 2420/1645/1823 2421/1670/1823 2424/1626/1823
f 2068/1671/1824 2069/1672/1824 2070/1673/1824
f 2070/1673/1825 2069/1672/1825 2071/1674/1825
f 220/1655/1826 218/1665/1826 209/1647/1826
f 2602/1657/1827 2605/1675/1827 2607/1658/1827
f 2528/1649/1828 2549/1676/1828 2530/1667/1828
f 2530/1667/1829 2531/1668/1829 2552/1660/1829
f 2421/1670/1830 2426/1677/1830 2424/1626/1830
f 2424/1626/1831 2426/1677/1831 2433/1648/1831
f 2419/1639/1832 2446/1669/1832 2421/1670/1832
f 217/1653/1833 218/1665/1833 248/1666/1833
f 2433/1648/1834 2444/1678/1834 2481/1652/1834
f 2531/1668/1835 2530/1667/1835 2446/1669/1835
f 374/1679/1836 342/1680/1836 341/1651/1836
f 341/1651/1837 342/1680/1837 343/1664/1837
f 2604/1681/1838 2606/1682/1838 2605/1675/1838
f 2429/1683/1839 2444/1678/1839 2433/1648/1839
f 2549/1676/1840 2496/1684/1840 2530/1667/1840
f 2530/1667/1841 2496/1684/1841 2446/1669/1841
f 2446/1669/1842 2427/1685/1842 2421/1670/1842
f 2421/1670/1843 2427/1685/1843 2426/1677/1843
f 2426/1677/1844 2429/1683/1844 2433/1648/1844
f 248/1666/1845 232/1686/1845 249/1687/1845
f 794/1688/1846 793/1689/1846 795/1690/1846
f 221/1691/1847 223/1692/1847 218/1665/1847
f 89/1693/1848 83/1694/1848 82/1695/1848
f 2446/1669/1849 2496/1684/1849 2427/1685/1849
f 223/1692/1850 250/1696/1850 232/1686/1850
f 232/1686/1851 250/1696/1851 249/1687/1851
f 2429/1683/1852 2442/1697/1852 2444/1678/1852
f 2442/1697/1853 2443/1698/1853 2444/1678/1853
f 2444/1678/1854 2443/1698/1854 2480/1699/1854
f 1743/1700/1855 1737/1701/1855 1742/1702/1855
f 2480/1699/1856 2443/1698/1856 2536/1703/1856
f 2426/1677/1857 2427/1685/1857 2428/1704/1857
f 2426/1677/1858 2428/1704/1858 2429/1683/1858
f 371/1705/1859 350/1706/1859 342/1680/1859
f 223/1692/1860 222/1707/1860 250/1696/1860
f 1742/1702/1861 1737/1701/1861 1735/1708/1861
f 2442/1697/1862 2431/1709/1862 2443/1698/1862
f 2443/1698/1863 2431/1709/1863 2482/1710/1863
f 2496/1684/1864 2447/1711/1864 2427/1685/1864
f 2447/1711/1865 2428/1704/1865 2427/1685/1865
f 370/1712/1866 350/1706/1866 371/1705/1866
f 437/1713/1867 783/1714/1867 794/1688/1867
f 221/1691/1868 222/1707/1868 223/1692/1868
f 2442/1697/1869 2429/1683/1869 2431/1709/1869
f 2443/1698/1870 2482/1710/1870 2489/1715/1870
f 2443/1698/1871 2489/1715/1871 2536/1703/1871
f 1731/1716/1872 1732/1717/1872 1722/1718/1872
f 2496/1684/1873 2556/1719/1873 2447/1711/1873
f 2431/1709/1874 2483/1720/1874 2482/1710/1874
f 2482/1710/1875 2483/1720/1875 2484/1721/1875
f 2482/1710/1876 2484/1721/1876 2489/1715/1876
f 350/1706/1877 351/1722/1877 349/1723/1877
f 222/1707/1878 227/1724/1878 250/1696/1878
f 2429/1683/1879 2430/1725/1879 2431/1709/1879
f 2431/1709/1880 2434/1726/1880 2483/1720/1880
f 1734/1727/1881 1733/1728/1881 1722/1718/1881
f 1734/1727/1882 1738/1729/1882 1733/1728/1882
f 2556/1719/1883 2538/1730/1883 2447/1711/1883
f 2430/1725/1884 2432/1731/1884 2431/1709/1884
f 2431/1709/1885 2432/1731/1885 2434/1726/1885
f 2428/1704/1886 2447/1711/1886 2430/1725/1886
f 1729/1732/1887 1716/1733/1887 1717/1734/1887
f 227/1724/1888 245/1735/1888 250/1696/1888
f 2434/1726/1889 2432/1731/1889 2435/1736/1889
f 2483/1720/1890 2434/1726/1890 2485/1737/1890
f 2483/1720/1891 2485/1737/1891 2484/1721/1891
f 1733/1728/1892 1738/1729/1892 1739/1738/1892
f 2489/1715/1893 2486/1739/1893 2591/1740/1893
f 2484/1721/1894 2486/1739/1894 2489/1715/1894
f 2484/1721/1895 2485/1737/1895 2486/1739/1895
f 1718/1741/1896 1717/1734/1896 1714/1742/1896
f 2447/1711/1897 2538/1730/1897 2448/1743/1897
f 2434/1726/1898 2445/1744/1898 2485/1737/1898
f 1733/1728/1899 1739/1738/1899 1726/1745/1899
f 227/1724/1900 229/1746/1900 245/1735/1900
f 2538/1730/1901 2537/1747/1901 2448/1743/1901
f 1717/1734/1902 1716/1733/1902 1714/1742/1902
f 1716/1733/1903 1729/1732/1903 1721/1748/1903
f 1729/1732/1904 1728/1749/1904 1721/1748/1904
f 245/1735/1905 229/1746/1905 243/1750/1905
f 1740/1751/1906 1725/1752/1906 1726/1745/1906
f 2448/1743/1907 2437/1753/1907 2432/1731/1907
f 2430/1725/1908 2448/1743/1908 2432/1731/1908
f 2445/1744/1909 2441/1754/1909 2485/1737/1909
f 428/1755/1910 430/1756/1910 431/1757/1910
f 1714/1742/1911 1716/1733/1911 1711/1758/1911
f 1716/1733/1912 1721/1748/1912 1711/1758/1912
f 2537/1747/1913 2437/1753/1913 2448/1743/1913
f 2432/1731/1914 2437/1753/1914 2436/1759/1914
f 2432/1731/1915 2436/1759/1915 2435/1736/1915
f 2486/1739/1916 2485/1737/1916 2487/1760/1916
f 2486/1739/1917 2487/1760/1917 2488/1761/1917
f 1714/1742/1918 1711/1758/1918 1713/1762/1918
f 1711/1758/1919 1721/1748/1919 1712/1763/1919
f 2441/1754/1920 2436/1759/1920 2439/1764/1920
f 2485/1737/1921 2575/1765/1921 2487/1760/1921
f 1256/1766/1922 1246/1767/1922 1253/1768/1922
f 353/1769/1923 354/1770/1923 351/1722/1923
f 1711/1758/1924 1712/1763/1924 1713/1762/1924
f 1712/1763/1925 1724/1771/1925 1723/1772/1925
f 2441/1754/1926 2439/1764/1926 2470/1773/1926
f 2470/1773/1927 2555/1774/1927 2575/1765/1927
f 1724/1771/1928 1725/1752/1928 1723/1772/1928
f 2437/1753/1929 2438/1775/1929 2436/1759/1929
f 2488/1761/1930 2487/1760/1930 2580/1776/1930
f 1256/1766/1931 1255/1777/1931 1246/1767/1931
f 228/1778/1932 230/1779/1932 229/1746/1932
f 2470/1773/1933 2554/1780/1933 2555/1774/1933
f 1505/1781/1934 1498/1782/1934 1501/1783/1934
f 229/1746/1935 230/1779/1935 243/1750/1935
f 2537/1747/1936 2438/1775/1936 2437/1753/1936
f 2436/1759/1937 2438/1775/1937 2439/1764/1937
f 2487/1760/1938 2577/1784/1938 2580/1776/1938
f 1246/1767/1939 1240/1785/1939 1243/1786/1939
f 1501/1783/1940 1497/1787/1940 1507/1788/1940
f 230/1779/1941 244/1789/1941 243/1750/1941
f 2440/1790/1942 2527/1791/1942 2470/1773/1942
f 2439/1764/1943 2440/1790/1943 2470/1773/1943
f 1723/1772/1944 1725/1752/1944 1709/1792/1944
f 2487/1760/1945 2576/1793/1945 2577/1784/1945
f 1709/1792/1946 1704/1794/1946 1705/1795/1946
f 2537/1747/1947 2539/1796/1947 2438/1775/1947
f 2438/1775/1948 2440/1790/1948 2439/1764/1948
f 1239/1797/1949 1247/1798/1949 1250/1799/1949
f 2576/1793/1950 2578/1800/1950 2577/1784/1950
f 1245/1801/1951 1241/1802/1951 1240/1785/1951
f 1240/1785/1952 1241/1802/1952 1237/1803/1952
f 1240/1785/1953 1237/1803/1953 1236/1804/1953
f 1236/1804/1954 1237/1803/1954 1238/1805/1954
f 1239/1797/1955 1238/1805/1955 1247/1798/1955
f 2438/1775/1956 2539/1796/1956 2469/1806/1956
f 2438/1775/1957 2469/1806/1957 2440/1790/1957
f 2577/1784/1958 2578/1800/1958 2579/1807/1958
f 378/1808/1959 362/1809/1959 358/1810/1959
f 235/1811/1960 296/1812/1960 244/1789/1960
f 2440/1790/1961 2469/1806/1961 2527/1791/1961
f 665/1813/1962 687/1814/1962 662/1815/1962
f 662/1815/1963 687/1814/1963 657/1816/1963
f 687/1814/1964 677/1817/1964 657/1816/1964
f 645/30/1965 722/15/1965 840/31/1965
f 649/13/1966 722/15/1966 641/1818/1966
f 641/1818/1967 722/15/1967 645/30/1967
f 871/1819/1968 687/1814/1968 665/1813/1968
f 740/1820/1969 761/14/1969 649/13/1969
f 641/1818/1970 645/30/1970 642/32/1970
f 2791/1821/1971 2792/1822/1971 2793/1823/1971
f 741/1824/1972 740/1820/1972 674/1825/1972
f 674/1825/1973 740/1820/1973 649/13/1973
f 642/32/1974 840/31/1974 841/1826/1974
f 841/1826/1975 840/31/1975 869/1827/1975
f 675/1828/1976 665/1813/1976 663/1829/1976
f 663/1829/1977 665/1813/1977 662/1815/1977
f 675/1828/1978 871/1819/1978 665/1813/1978
f 657/1816/1979 677/1817/1979 668/1830/1979
f 841/1826/1980 869/1827/1980 847/1831/1980
f 656/1832/1981 662/1815/1981 657/1816/1981
f 674/1825/1982 748/1833/1982 741/1824/1982
f 860/1834/1983 675/1828/1983 663/1829/1983
f 637/1835/1984 649/13/1984 641/1818/1984
f 638/1836/1985 641/1818/1985 642/32/1985
f 642/32/1986 841/1826/1986 847/1831/1986
f 923/1837/1987 871/1819/1987 675/1828/1987
f 923/1837/1988 675/1828/1988 860/1834/1988
f 2158/1838/1989 2159/1839/1989 2160/1840/1989
f 2160/1840/1990 2159/1839/1990 2161/1841/1990
f 747/1842/1991 748/1833/1991 674/1825/1991
f 663/1829/1992 662/1815/1992 656/1832/1992
f 656/1832/1993 657/1816/1993 655/1843/1993
f 655/1843/1994 657/1816/1994 668/1830/1994
f 637/1835/1995 641/1818/1995 638/1836/1995
f 642/32/1996 847/1831/1996 853/1844/1996
f 655/1843/1997 668/1830/1997 669/1845/1997
f 686/1846/1998 747/1842/1998 674/1825/1998
f 1964/1847/1999 1970/1848/1999 1966/1849/1999
f 2174/1850/2000 2175/54/2000 2176/53/2000
f 2174/1850/2001 2176/53/2001 2177/1851/2001
f 664/1852/2002 663/1829/2002 656/1832/2002
f 646/1853/2003 674/1825/2003 649/13/2003
f 646/1853/2004 649/13/2004 637/1835/2004
f 695/1854/2005 642/32/2005 853/1844/2005
f 686/1846/2006 674/1825/2006 659/1855/2006
f 2060/43/2007 2061/63/2007 2062/55/2007
f 860/1834/2008 663/1829/2008 664/1852/2008
f 659/1855/2009 674/1825/2009 646/1853/2009
f 638/1836/2010 642/32/2010 695/1854/2010
f 1965/1856/2011 1964/1847/2011 1966/1849/2011
f 664/1852/2012 656/1832/2012 660/1857/2012
f 860/1834/2013 664/1852/2013 877/1858/2013
f 660/1857/2014 656/1832/2014 654/1859/2014
f 656/1832/2015 655/1843/2015 654/1859/2015
f 637/1835/2016 638/1836/2016 636/1860/2016
f 1267/1861/2017 1265/1862/2017 1263/1863/2017
f 655/1843/2018 669/1845/2018 658/1864/2018
f 678/1865/2019 686/1846/2019 658/1864/2019
f 1963/1866/2020 1964/1847/2020 1965/1856/2020
f 1358/1867/2021 1360/1868/2021 1359/84/2021
f 658/1864/2022 686/1846/2022 659/1855/2022
f 634/1869/2023 646/1853/2023 637/1835/2023
f 636/1860/2024 638/1836/2024 695/1854/2024
f 695/1854/2025 853/1844/2025 868/1870/2025
f 1263/1863/2026 1265/1862/2026 1260/1871/2026
f 669/1845/2027 678/1865/2027 658/1864/2027
f 1967/1872/2028 1964/1847/2028 1963/1866/2028
f 2062/55/2029 2064/74/2029 2065/1873/2029
f 2307/71/2030 2182/70/2030 2305/73/2030
f 660/1857/2031 654/1859/2031 661/1874/2031
f 654/1859/2032 655/1843/2032 653/1875/2032
f 653/1875/2033 655/1843/2033 658/1864/2033
f 634/1869/2034 637/1835/2034 636/1860/2034
f 636/1860/2035 695/1854/2035 868/1870/2035
f 1967/1872/2036 1963/1866/2036 1969/1876/2036
f 1358/1867/2037 1359/84/2037 1357/83/2037
f 877/1858/2038 664/1852/2038 672/1877/2038
f 664/1852/2039 660/1857/2039 672/1877/2039
f 647/1878/2040 658/1864/2040 659/1855/2040
f 1263/1863/2041 1260/1871/2041 1264/1879/2041
f 1357/83/2042 1355/87/2042 1358/1867/2042
f 635/1880/2043 634/1869/2043 636/1860/2043
f 884/1881/2044 877/1858/2044 672/1877/2044
f 672/1877/2045 660/1857/2045 661/1874/2045
f 647/1878/2046 659/1855/2046 646/1853/2046
f 804/1882/2047 636/1860/2047 868/1870/2047
f 1259/95/2048 1260/1871/2048 1261/93/2048
f 1264/1879/2049 1260/1871/2049 1259/95/2049
f 635/1880/2050 636/1860/2050 804/1882/2050
f 672/1877/2051 661/1874/2051 673/1883/2051
f 654/1859/2052 653/1875/2052 652/1884/2052
f 653/1875/2053 658/1864/2053 647/1878/2053
f 804/1882/2054 868/1870/2054 906/1885/2054
f 1968/1886/2055 1967/1872/2055 1969/1876/2055
f 884/1881/2056 672/1877/2056 880/1887/2056
f 673/1883/2057 661/1874/2057 670/1888/2057
f 661/1874/2058 654/1859/2058 652/1884/2058
f 644/1889/2059 647/1878/2059 646/1853/2059
f 1353/1890/2060 1355/87/2060 1354/86/2060
f 880/1887/2061 672/1877/2061 673/1883/2061
f 644/1889/2062 646/1853/2062 634/1869/2062
f 1262/94/2063 1261/93/2063 1266/1891/2063
f 1577/1892/2064 1574/1893/2064 1573/103/2064
f 881/1894/2065 880/1887/2065 673/1883/2065
f 670/1888/2066 661/1874/2066 652/1884/2066
f 652/1884/2067 653/1875/2067 647/1878/2067
f 631/1895/2068 644/1889/2068 634/1869/2068
f 804/1882/2069 906/1885/2069 916/1896/2069
f 1348/99/2070 1353/1890/2070 1354/86/2070
f 633/1897/2071 634/1869/2071 635/1880/2071
f 881/1894/2072 673/1883/2072 670/1888/2072
f 652/1884/2073 647/1878/2073 651/1898/2073
f 631/1895/2074 634/1869/2074 633/1897/2074
f 1574/1893/2075 1572/104/2075 1573/103/2075
f 1347/1899/2076 1353/1890/2076 1348/99/2076
f 635/1880/2077 804/1882/2077 768/1900/2077
f 881/1894/2078 670/1888/2078 882/1901/2078
f 671/1902/2079 670/1888/2079 652/1884/2079
f 651/1898/2080 647/1878/2080 644/1889/2080
f 768/1900/2081 804/1882/2081 916/1896/2081
f 1572/104/2082 1571/1903/2082 1569/105/2082
f 1346/110/2083 1347/1899/2083 1348/99/2083
f 631/1895/2084 633/1897/2084 632/1904/2084
f 633/1897/2085 635/1880/2085 768/1900/2085
f 882/1901/2086 670/1888/2086 671/1902/2086
f 666/1905/2087 652/1884/2087 651/1898/2087
f 1571/1903/2088 1565/115/2088 1569/105/2088
f 1346/110/2089 1363/102/2089 1349/120/2089
f 1347/1899/2090 1346/110/2090 1349/120/2090
f 760/1906/2091 633/1897/2091 768/1900/2091
f 882/1901/2092 671/1902/2092 883/1907/2092
f 671/1902/2093 652/1884/2093 666/1905/2093
f 643/1908/2094 651/1898/2094 644/1889/2094
f 768/1900/2095 916/1896/2095 915/1909/2095
f 632/1904/2096 633/1897/2096 760/1906/2096
f 883/1907/2097 671/1902/2097 862/1910/2097
f 862/1910/2098 671/1902/2098 690/1911/2098
f 690/1911/2099 671/1902/2099 666/1905/2099
f 760/1906/2100 768/1900/2100 915/1909/2100
f 1565/115/2101 1570/1912/2101 1566/122/2101
f 1349/120/2102 1350/128/2102 1347/1899/2102
f 1567/116/2103 1566/122/2103 1568/1913/2103
f 1349/120/2104 1362/119/2104 1351/127/2104
f 640/1914/2105 632/1904/2105 760/1906/2105
f 643/1908/2106 644/1889/2106 631/1895/2106
f 1566/122/2107 1570/1912/2107 1568/1913/2107
f 666/1905/2108 651/1898/2108 667/1915/2108
f 1351/127/2109 1362/119/2109 1361/134/2109
f 629/1916/2110 643/1908/2110 631/1895/2110
f 888/142/2111 883/1907/2111 862/1910/2111
f 888/142/2112 862/1910/2112 863/1917/2112
f 862/1910/2113 690/1911/2113 863/1917/2113
f 690/1911/2114 666/1905/2114 676/1918/2114
f 676/1918/2115 666/1905/2115 667/1915/2115
f 1568/1913/2116 1570/1912/2116 1575/143/2116
f 1568/1913/2117 1575/143/2117 1576/145/2117
f 2564/129/2118 2560/124/2118 2565/133/2118
f 630/1919/2119 631/1895/2119 632/1904/2119
f 630/1919/2120 632/1904/2120 640/1914/2120
f 837/1920/2121 640/1914/2121 760/1906/2121
f 863/1917/2122 690/1911/2122 676/1918/2122
f 667/1915/2123 651/1898/2123 643/1908/2123
f 914/1921/2124 760/1906/2124 915/1909/2124
f 629/1916/2125 631/1895/2125 630/1919/2125
f 897/140/2126 888/142/2126 863/1917/2126
f 837/1920/2127 760/1906/2127 914/1921/2127
f 1356/1922/2128 1350/128/2128 1352/130/2128
f 630/1919/2129 640/1914/2129 639/1923/2129
f 837/1920/2130 914/1921/2130 913/1924/2130
f 1352/130/2131 1361/134/2131 1365/149/2131
f 1289/1925/2132 1290/1926/2132 1283/1927/2132
f 679/172/2133 676/1918/2133 667/1915/2133
f 667/1915/2134 643/1908/2134 625/1928/2134
f 625/1928/2135 643/1908/2135 629/1916/2135
f 640/1914/2136 837/1920/2136 838/1929/2136
f 838/1929/2137 837/1920/2137 913/1924/2137
f 1285/1930/2138 1289/1925/2138 1283/1927/2138
f 628/1931/2139 630/1919/2139 639/1923/2139
f 639/1923/2140 640/1914/2140 838/1929/2140
f 897/140/2141 863/1917/2141 872/161/2141
f 872/161/2142 863/1917/2142 676/1918/2142
f 629/1916/2143 630/1919/2143 628/1931/2143
f 872/161/2144 676/1918/2144 679/172/2144
f 912/1932/2145 838/1929/2145 913/1924/2145
f 1282/1933/2146 1285/1930/2146 1283/1927/2146
f 625/1928/2147 629/1916/2147 626/1934/2147
f 626/1934/2148 629/1916/2148 628/1931/2148
f 1282/1933/2149 1283/1927/2149 1284/177/2149
f 625/1928/2150 679/172/2150 667/1915/2150
f 628/1931/2151 639/1923/2151 648/1935/2151
f 648/1935/2152 639/1923/2152 838/1929/2152
f 648/1935/2153 838/1929/2153 856/1936/2153
f 856/1936/2154 838/1929/2154 912/1932/2154
f 1286/1937/2155 1282/1933/2155 1284/177/2155
f 856/1936/2156 912/1932/2156 911/1938/2156
f 1286/1937/2157 1284/177/2157 1287/176/2157
f 982/173/2158 679/172/2158 683/1939/2158
f 683/1939/2159 679/172/2159 625/1928/2159
f 624/1940/2160 625/1928/2160 626/1934/2160
f 626/1934/2161 628/1931/2161 627/1941/2161
f 627/1941/2162 628/1931/2162 648/1935/2162
f 627/1941/2163 648/1935/2163 800/1942/2163
f 800/1942/2164 648/1935/2164 856/1936/2164
f 1038/183/2165 982/173/2165 977/198/2165
f 892/1943/2166 856/1936/2166 911/1938/2166
f 892/1943/2167 911/1938/2167 920/1944/2167
f 1288/1945/2168 1286/1937/2168 1287/176/2168
f 1287/176/2169 1294/175/2169 1291/190/2169
f 683/1939/2170 625/1928/2170 624/1940/2170
f 1288/1945/2171 1287/176/2171 1291/190/2171
f 977/198/2172 982/173/2172 713/204/2172
f 713/204/2173 982/173/2173 683/1939/2173
f 960/200/2174 1038/183/2174 977/198/2174
f 800/1942/2175 856/1936/2175 892/1943/2175
f 766/1946/2176 800/1942/2176 892/1943/2176
f 533/1947/2177 892/1943/2177 920/1944/2177
f 1288/1945/2178 1291/190/2178 1292/224/2178
f 713/204/2179 683/1939/2179 623/1948/2179
f 623/1948/2180 683/1939/2180 624/1940/2180
f 627/1941/2181 800/1942/2181 766/1946/2181
f 959/199/2182 977/198/2182 713/204/2182
f 766/1946/2183 892/1943/2183 547/1949/2183
f 547/1949/2184 892/1943/2184 533/1947/2184
f 712/1950/2185 713/204/2185 623/1948/2185
f 624/1940/2186 626/1934/2186 622/1951/2186
f 623/1948/2187 624/1940/2187 622/1951/2187
f 622/1951/2188 626/1934/2188 627/1941/2188
f 547/1949/2189 533/1947/2189 506/1952/2189
f 1292/224/2190 1291/190/2190 1293/206/2190
f 506/1952/2191 533/1947/2191 527/221/2191
f 2021/1953/2192 2023/1954/2192 2022/250/2192
f 971/203/2193 713/204/2193 712/1950/2193
f 622/1951/2194 627/1941/2194 766/1946/2194
f 527/221/2195 528/218/2195 503/1955/2195
f 1010/1956/2196 1033/1957/2196 1013/1958/2196
f 1010/1956/2197 1013/1958/2197 1007/245/2197
f 1494/1959/2198 1488/1960/2198 1486/241/2198
f 2020/249/2199 2021/1953/2199 2022/250/2199
f 1486/241/2200 1488/1960/2200 1487/239/2200
f 1219/255/2201 1179/229/2201 1112/242/2201
f 1487/239/2202 1488/1960/2202 1496/1961/2202
f 1296/225/2203 1292/224/2203 1293/206/2203
f 957/216/2204 971/203/2204 968/278/2204
f 958/217/2205 959/199/2205 957/216/2205
f 547/1949/2206 506/1952/2206 505/1962/2206
f 506/1952/2207 527/221/2207 503/1955/2207
f 503/1955/2208 528/218/2208 534/1963/2208
f 1007/245/2209 1013/1958/2209 990/1964/2209
f 712/1950/2210 623/1948/2210 650/1965/2210
f 650/1965/2211 623/1948/2211 621/1966/2211
f 621/1966/2212 623/1948/2212 622/1951/2212
f 968/278/2213 971/203/2213 712/1950/2213
f 506/1952/2214 503/1955/2214 502/1967/2214
f 1006/247/2215 1010/1956/2215 1007/245/2215
f 1485/264/2216 1486/241/2216 1484/240/2216
f 751/1968/2217 622/1951/2217 766/1946/2217
f 505/1962/2218 506/1952/2218 502/1967/2218
f 502/1967/2219 503/1955/2219 493/1969/2219
f 503/1955/2220 534/1963/2220 535/1970/2220
f 990/1964/2221 958/217/2221 956/248/2221
f 751/1968/2222 766/1946/2222 873/1971/2222
f 873/1971/2223 766/1946/2223 547/1949/2223
f 1005/246/2224 1007/245/2224 956/248/2224
f 1007/245/2225 990/1964/2225 956/248/2225
f 621/1966/2226 622/1951/2226 620/1972/2226
f 968/278/2227 712/1950/2227 970/283/2227
f 873/1971/2228 547/1949/2228 546/1973/2228
f 546/1973/2229 547/1949/2229 505/1962/2229
f 503/1955/2230 535/1970/2230 504/1974/2230
f 493/1969/2231 503/1955/2231 504/1974/2231
f 1027/292/2232 1006/247/2232 1008/290/2232
f 2562/307/2233 2504/202/2233 2413/277/2233
f 970/283/2234 712/1950/2234 650/1965/2234
f 620/1972/2235 622/1951/2235 751/1968/2235
f 955/301/2236 957/216/2236 951/279/2236
f 1008/290/2237 1006/247/2237 1004/1975/2237
f 1004/1975/2238 1006/247/2238 1005/246/2238
f 1004/1975/2239 1005/246/2239 956/248/2239
f 956/248/2240 957/216/2240 955/301/2240
f 546/1973/2241 505/1962/2241 498/1976/2241
f 498/1976/2242 505/1962/2242 502/1967/2242
f 498/1976/2243 502/1967/2243 493/1969/2243
f 504/1974/2244 535/1970/2244 536/1977/2244
f 476/1978/2245 493/1969/2245 504/1974/2245
f 1480/293/2246 1483/265/2246 1481/273/2246
f 1480/293/2247 1481/273/2247 1482/294/2247
f 873/1971/2248 546/1973/2248 874/1979/2248
f 1004/1975/2249 956/248/2249 954/303/2249
f 952/1980/2250 1004/1975/2250 954/303/2250
f 954/303/2251 956/248/2251 955/301/2251
f 1300/287/2252 1297/256/2252 1299/271/2252
f 650/1965/2253 621/1966/2253 612/1981/2253
f 1009/291/2254 1008/290/2254 1004/1975/2254
f 874/1979/2255 546/1973/2255 540/1982/2255
f 540/1982/2256 546/1973/2256 498/1976/2256
f 497/1983/2257 498/1976/2257 493/1969/2257
f 504/1974/2258 536/1977/2258 524/1984/2258
f 476/1978/2259 504/1974/2259 524/1984/2259
f 1032/1985/2260 1027/292/2260 1009/291/2260
f 751/1968/2261 873/1971/2261 874/1979/2261
f 1011/1986/2262 1009/291/2262 1004/1975/2262
f 952/1980/2263 954/303/2263 949/302/2263
f 540/1982/2264 498/1976/2264 497/1983/2264
f 497/1983/2265 493/1969/2265 490/1987/2265
f 493/1969/2266 476/1978/2266 490/1987/2266
f 1030/1988/2267 1032/1985/2267 1009/291/2267
f 1491/326/2268 1489/295/2268 1482/294/2268
f 970/283/2269 650/1965/2269 692/348/2269
f 1011/1986/2270 1004/1975/2270 952/1980/2270
f 476/1978/2271 524/1984/2271 475/1989/2271
f 1019/1990/2272 1030/1988/2272 1009/291/2272
f 1480/293/2273 1489/295/2273 1490/325/2273
f 692/348/2274 650/1965/2274 612/1981/2274
f 620/1972/2275 751/1968/2275 693/1991/2275
f 751/1968/2276 874/1979/2276 878/1992/2276
f 950/334/2277 949/302/2277 951/279/2277
f 1490/325/2278 1489/295/2278 1491/326/2278
f 612/1981/2279 621/1966/2279 606/1993/2279
f 606/1993/2280 621/1966/2280 620/1972/2280
f 693/1991/2281 751/1968/2281 821/1994/2281
f 821/1994/2282 751/1968/2282 878/1992/2282
f 950/334/2283 951/279/2283 961/313/2283
f 948/358/2284 952/1980/2284 949/302/2284
f 874/1979/2285 540/1982/2285 497/1983/2285
f 2609/330/2286 2610/317/2286 2563/316/2286
f 981/350/2287 970/283/2287 692/348/2287
f 1012/1995/2288 1009/291/2288 1011/1986/2288
f 499/1996/2289 497/1983/2289 490/1987/2289
f 476/1978/2290 475/1989/2290 474/1997/2290
f 1018/1998/2291 1019/1990/2291 1012/1995/2291
f 1012/1995/2292 1019/1990/2292 1009/291/2292
f 948/358/2293 1011/1986/2293 952/1980/2293
f 961/313/2294 970/283/2294 981/350/2294
f 948/358/2295 949/302/2295 947/335/2295
f 2589/1999/2296 2609/330/2296 2563/316/2296
f 878/1992/2297 874/1979/2297 895/2000/2297
f 895/2000/2298 874/1979/2298 497/1983/2298
f 895/2000/2299 497/1983/2299 499/1996/2299
f 500/2001/2300 499/1996/2300 490/1987/2300
f 474/1997/2301 475/1989/2301 473/373/2301
f 2123/362/2302 2125/344/2302 2119/328/2302
f 2589/1999/2303 2563/316/2303 2542/345/2303
f 2542/345/2304 2512/306/2304 2493/318/2304
f 606/1993/2305 620/1972/2305 607/2002/2305
f 607/2002/2306 620/1972/2306 693/1991/2306
f 1014/2003/2307 1012/1995/2307 1011/1986/2307
f 476/1978/2308 474/1997/2308 490/1987/2308
f 1026/2004/2309 1018/1998/2309 1015/2005/2309
f 1015/2005/2310 1018/1998/2310 1012/1995/2310
f 946/359/2311 1011/1986/2311 948/358/2311
f 681/349/2312 692/348/2312 612/1981/2312
f 490/1987/2313 474/1997/2313 487/2006/2313
f 471/2007/2314 474/1997/2314 473/373/2314
f 2612/331/2315 2609/330/2315 2589/1999/2315
f 693/1991/2316 821/1994/2316 802/2008/2316
f 500/2001/2317 490/1987/2317 491/2009/2317
f 491/2009/2318 490/1987/2318 487/2006/2318
f 1025/393/2319 1026/2004/2319 1015/2005/2319
f 1014/2003/2320 1011/1986/2320 946/359/2320
f 607/2002/2321 693/1991/2321 684/2010/2321
f 976/2011/2322 961/313/2322 981/350/2322
f 950/334/2323 961/313/2323 963/371/2323
f 821/1994/2324 878/1992/2324 879/2012/2324
f 879/2012/2325 878/1992/2325 895/2000/2325
f 895/2000/2326 499/1996/2326 500/2001/2326
f 471/2007/2327 473/373/2327 472/375/2327
f 2121/363/2328 2120/368/2328 2122/385/2328
f 2615/388/2329 2612/331/2329 2589/1999/2329
f 2494/391/2330 2542/345/2330 2493/318/2330
f 684/2010/2331 693/1991/2331 802/2008/2331
f 487/2006/2332 474/1997/2332 477/2013/2332
f 477/2013/2333 474/1997/2333 471/2007/2333
f 1015/2005/2334 1012/1995/2334 1014/2003/2334
f 938/392/2335 1014/2003/2335 946/359/2335
f 963/371/2336 961/313/2336 976/2011/2336
f 895/2000/2337 500/2001/2337 491/2009/2337
f 1016/394/2338 1025/393/2338 1015/2005/2338
f 932/432/2339 1014/2003/2339 938/392/2339
f 681/349/2340 612/1981/2340 609/2014/2340
f 1003/2015/2341 1016/394/2341 1015/2005/2341
f 472/375/2342 465/2016/2342 463/418/2342
f 463/418/2343 465/2016/2343 464/2017/2343
f 2615/388/2344 2589/1999/2344 2592/428/2344
f 609/2014/2345 612/1981/2345 606/1993/2345
f 721/2018/2346 981/350/2346 681/349/2346
f 944/401/2347 945/372/2347 963/371/2347
f 471/2007/2348 472/375/2348 463/418/2348
f 2614/355/2349 2615/388/2349 2592/428/2349
f 2592/428/2350 2589/1999/2350 2542/345/2350
f 976/2011/2351 981/350/2351 721/2018/2351
f 721/2018/2352 681/349/2352 680/2019/2352
f 879/2012/2353 895/2000/2353 896/486/2353
f 930/413/2354 932/432/2354 938/392/2354
f 538/2020/2355 491/2009/2355 492/2021/2355
f 491/2009/2356 487/2006/2356 492/2021/2356
f 477/2013/2357 471/2007/2357 470/2022/2357
f 471/2007/2358 463/418/2358 470/2022/2358
f 1037/422/2359 1017/395/2359 1002/423/2359
f 1017/395/2360 1016/394/2360 1003/2015/2360
f 1002/423/2361 1017/395/2361 1003/2015/2361
f 931/451/2362 1003/2015/2362 1015/2005/2362
f 929/431/2363 1014/2003/2363 932/432/2363
f 463/418/2364 464/2017/2364 462/419/2364
f 2129/407/2365 2128/398/2365 2127/396/2365
f 609/2014/2366 606/1993/2366 596/2023/2366
f 606/1993/2367 607/2002/2367 597/2024/2367
f 596/2023/2368 606/1993/2368 597/2024/2368
f 964/412/2369 963/371/2369 976/2011/2369
f 802/2008/2370 821/1994/2370 854/485/2370
f 821/1994/2371 879/2012/2371 854/485/2371
f 854/485/2372 879/2012/2372 896/486/2372
f 895/2000/2373 491/2009/2373 917/472/2373
f 896/486/2374 895/2000/2374 917/472/2374
f 917/472/2375 491/2009/2375 538/2020/2375
f 931/451/2376 1015/2005/2376 1014/2003/2376
f 931/451/2377 1014/2003/2377 929/431/2377
f 2653/435/2378 2614/355/2378 2592/428/2378
f 607/2002/2379 684/2010/2379 597/2024/2379
f 975/503/2380 964/412/2380 976/2011/2380
f 836/2025/2381 802/2008/2381 854/485/2381
f 463/418/2382 459/420/2382 466/2026/2382
f 470/2022/2383 463/418/2383 466/2026/2383
f 1001/421/2384 1002/423/2384 999/2027/2384
f 999/2027/2385 1002/423/2385 1003/2015/2385
f 459/420/2386 462/419/2386 461/2028/2386
f 680/2019/2387 681/349/2387 609/2014/2387
f 684/2010/2388 802/2008/2388 689/2029/2388
f 689/2029/2389 802/2008/2389 836/2025/2389
f 965/455/2390 944/401/2390 964/412/2390
f 1000/2030/2391 1001/421/2391 999/2027/2391
f 2761/460/2392 2762/2031/2392 2760/416/2392
f 975/503/2393 976/2011/2393 721/2018/2393
f 965/455/2394 964/412/2394 975/503/2394
f 917/472/2395 538/2020/2395 489/473/2395
f 538/2020/2396 492/2021/2396 489/473/2396
f 492/2021/2397 487/2006/2397 489/473/2397
f 487/2006/2398 477/2013/2398 488/2032/2398
f 998/2033/2399 1000/2030/2399 999/2027/2399
f 459/420/2400 461/2028/2400 460/2034/2400
f 489/473/2401 487/2006/2401 488/2032/2401
f 1029/2035/2402 998/2033/2402 996/2036/2402
f 996/2036/2403 998/2033/2403 995/2037/2403
f 998/2033/2404 999/2027/2404 995/2037/2404
f 1003/2015/2405 931/451/2405 925/475/2405
f 459/420/2406 460/2034/2406 455/457/2406
f 975/503/2407 721/2018/2407 714/2038/2407
f 930/413/2408 944/401/2408 942/456/2408
f 459/420/2409 454/458/2409 466/2026/2409
f 996/2036/2410 997/2039/2410 1029/2035/2410
f 999/2027/2411 1003/2015/2411 925/475/2411
f 454/458/2412 455/457/2412 456/466/2412
f 680/2019/2413 609/2014/2413 615/2040/2413
f 714/2038/2414 721/2018/2414 680/2019/2414
f 995/2037/2415 999/2027/2415 925/475/2415
f 2755/480/2416 2759/461/2416 2758/470/2416
f 2597/446/2417 2592/428/2417 2532/417/2417
f 596/2023/2418 597/2024/2418 595/2041/2418
f 597/2024/2419 684/2010/2419 604/2042/2419
f 604/2042/2420 684/2010/2420 689/2029/2420
f 896/486/2421 917/472/2421 890/487/2421
f 543/474/2422 489/473/2422 488/2032/2422
f 466/2026/2423 454/458/2423 458/507/2423
f 997/2039/2424 996/2036/2424 994/2043/2424
f 1028/2044/2425 997/2039/2425 994/2043/2425
f 994/2043/2426 996/2036/2426 995/2037/2426
f 454/458/2427 457/467/2427 458/507/2427
f 2754/496/2428 2755/480/2428 2753/481/2428
f 714/2038/2429 680/2019/2429 682/2045/2429
f 836/2025/2430 854/485/2430 842/596/2430
f 939/494/2431 942/456/2431 965/455/2431
f 890/487/2432 543/474/2432 919/2046/2432
f 470/2022/2433 466/2026/2433 484/2047/2433
f 995/2037/2434 925/475/2434 927/530/2434
f 2659/489/2435 2658/444/2435 2598/491/2435
f 2406/483/2436 2412/404/2436 2331/484/2436
f 720/2048/2437 975/503/2437 714/2038/2437
f 744/2049/2438 689/2029/2438 836/2025/2438
f 744/2049/2439 836/2025/2439 842/596/2439
f 966/529/2440 939/494/2440 965/455/2440
f 543/474/2441 488/2032/2441 544/2050/2441
f 478/2051/2442 488/2032/2442 477/2013/2442
f 466/2026/2443 458/507/2443 467/509/2443
f 994/2043/2444 995/2037/2444 993/2052/2444
f 594/653/2445 609/2014/2445 596/2023/2445
f 595/2041/2446 597/2024/2446 604/2042/2446
f 604/2042/2447 689/2029/2447 688/2053/2447
f 688/2053/2448 689/2029/2448 744/2049/2448
f 972/502/2449 975/503/2449 720/2048/2449
f 842/596/2450 854/485/2450 890/487/2450
f 478/2051/2451 477/2013/2451 479/2054/2451
f 479/2054/2452 477/2013/2452 470/2022/2452
f 466/2026/2453 467/509/2453 468/2055/2453
f 1031/2056/2454 1028/2044/2454 994/2043/2454
f 993/2052/2455 995/2037/2455 927/530/2455
f 2809/2057/2456 2810/2058/2456 2811/2059/2456
f 467/509/2457 550/508/2457 551/520/2457
f 615/2040/2458 609/2014/2458 594/653/2458
f 582/2060/2459 596/2023/2459 595/2041/2459
f 682/2045/2460 680/2019/2460 615/2040/2460
f 966/529/2461 965/455/2461 972/502/2461
f 890/487/2462 919/2046/2462 910/2061/2462
f 479/2054/2463 470/2022/2463 484/2047/2463
f 468/2055/2464 467/509/2464 469/531/2464
f 2659/489/2465 2598/491/2465 2601/553/2465
f 2601/553/2466 2598/491/2466 2543/514/2466
f 614/2062/2467 682/2045/2467 615/2040/2467
f 744/2049/2468 842/596/2468 813/595/2468
f 544/2050/2469 488/2032/2469 478/2051/2469
f 1022/2063/2470 1031/2056/2470 994/2043/2470
f 526/521/2471 542/2064/2471 516/539/2471
f 583/2065/2472 595/2041/2472 604/2042/2472
f 720/2048/2473 714/2038/2473 682/2045/2473
f 688/2053/2474 744/2049/2474 697/2066/2474
f 933/538/2475 926/495/2475 940/518/2475
f 126/506/2476 125/505/2476 124/2067/2476
f 541/2068/2477 544/2050/2477 478/2051/2477
f 484/2047/2478 466/2026/2478 468/2055/2478
f 1022/2063/2479 994/2043/2479 993/2052/2479
f 594/653/2480 596/2023/2480 582/2060/2480
f 697/2066/2481 744/2049/2481 813/595/2481
f 966/529/2482 972/502/2482 973/2069/2482
f 842/596/2483 890/487/2483 886/2070/2483
f 890/487/2484 910/2061/2484 886/2070/2484
f 124/2067/2485 125/505/2485 123/2071/2485
f 992/2072/2486 993/2052/2486 927/530/2486
f 515/2073/2487 469/531/2487 516/539/2487
f 515/2073/2488 516/539/2488 521/2074/2488
f 501/590/2489 468/2055/2489 469/531/2489
f 2748/552/2490 2747/540/2490 2746/534/2490
f 719/2075/2491 720/2048/2491 682/2045/2491
f 973/2069/2492 972/502/2492 720/2048/2492
f 973/2069/2493 720/2048/2493 757/638/2493
f 478/2051/2494 479/2054/2494 494/2076/2494
f 484/2047/2495 468/2055/2495 486/589/2495
f 501/590/2496 469/531/2496 513/591/2496
f 513/591/2497 469/531/2497 515/2073/2497
f 1022/2063/2498 993/2052/2498 992/2072/2498
f 486/589/2499 468/2055/2499 501/590/2499
f 1989/2077/2500 1996/2078/2500 1990/569/2500
f 2622/550/2501 2659/489/2501 2601/553/2501
f 2461/571/2502 2514/536/2502 2406/483/2502
f 943/573/2503 940/518/2503 962/558/2503
f 992/2072/2504 927/530/2504 934/548/2504
f 541/2068/2505 478/2051/2505 494/2076/2505
f 1988/568/2506 1989/2077/2506 1990/569/2506
f 614/2062/2507 615/2040/2507 594/653/2507
f 595/2041/2508 583/2065/2508 581/2079/2508
f 757/638/2509 720/2048/2509 719/2075/2509
f 962/558/2510 966/529/2510 973/2069/2510
f 886/2070/2511 910/2061/2511 899/621/2511
f 124/2067/2512 123/2071/2512 122/618/2512
f 992/2072/2513 934/548/2513 936/579/2513
f 1022/2063/2514 992/2072/2514 1020/2080/2514
f 1073/2081/2515 1086/2082/2515 1070/2083/2515
f 1991/599/2516 1989/2077/2516 1988/568/2516
f 2622/550/2517 2601/553/2517 2593/586/2517
f 582/2060/2518 595/2041/2518 581/2079/2518
f 604/2042/2519 688/2053/2519 603/2084/2519
f 842/596/2520 886/2070/2520 851/597/2520
f 886/2070/2521 899/621/2521 851/597/2521
f 992/2072/2522 936/579/2522 937/623/2522
f 541/2068/2523 494/2076/2523 495/2085/2523
f 494/2076/2524 479/2054/2524 495/2085/2524
f 514/2086/2525 513/591/2525 515/2073/2525
f 514/2086/2526 515/2073/2526 522/2087/2526
f 522/2087/2527 515/2073/2527 521/2074/2527
f 1072/2088/2528 1073/2081/2528 1070/2083/2528
f 1992/598/2529 1989/2077/2529 1991/599/2529
f 1993/583/2530 1991/599/2530 1988/568/2530
f 583/2065/2531 604/2042/2531 603/2084/2531
f 685/2089/2532 719/2075/2532 682/2045/2532
f 603/2084/2533 688/2053/2533 697/2066/2533
f 978/640/2534 962/558/2534 973/2069/2534
f 122/618/2535 123/2071/2535 112/2090/2535
f 539/2091/2536 541/2068/2536 495/2085/2536
f 512/588/2537 513/591/2537 514/2086/2537
f 2623/581/2538 2622/550/2538 2593/586/2538
f 978/640/2539 973/2069/2539 757/638/2539
f 937/623/2540 936/579/2540 935/574/2540
f 1071/2092/2541 1072/2088/2541 1070/2083/2541
f 1992/598/2542 1993/583/2542 1994/2093/2542
f 967/642/2543 943/573/2543 962/558/2543
f 122/618/2544 112/2090/2544 111/619/2544
f 495/2085/2545 479/2054/2545 496/2094/2545
f 523/2095/2546 514/2086/2546 522/2087/2546
f 2616/625/2547 2623/581/2547 2593/586/2547
f 685/2089/2548 682/2045/2548 614/2062/2548
f 694/2096/2549 697/2066/2549 813/595/2549
f 1020/2080/2550 992/2072/2550 953/644/2550
f 953/644/2551 992/2072/2551 937/623/2551
f 539/2091/2552 495/2085/2552 496/2094/2552
f 496/2094/2553 479/2054/2553 481/2097/2553
f 481/2097/2554 479/2054/2554 484/2047/2554
f 485/629/2555 484/2047/2555 486/589/2555
f 486/589/2556 512/588/2556 511/628/2556
f 1331/2098/2557 1337/2099/2557 1338/2100/2557
f 554/2101/2558 582/2060/2558 581/2079/2558
f 594/653/2559 582/2060/2559 555/654/2559
f 694/2096/2560 603/2084/2560 697/2066/2560
f 111/619/2561 112/2090/2561 103/2102/2561
f 537/2103/2562 539/2091/2562 496/2094/2562
f 511/628/2563 512/588/2563 510/2104/2563
f 510/2104/2564 512/588/2564 514/2086/2564
f 510/2104/2565 514/2086/2565 523/2095/2565
f 1994/2093/2566 1993/583/2566 1995/632/2566
f 555/654/2567 582/2060/2567 554/2101/2567
f 554/2101/2568 581/2079/2568 557/2105/2568
f 614/2062/2569 594/653/2569 593/652/2569
f 557/2105/2570 581/2079/2570 583/2065/2570
f 757/638/2571 719/2075/2571 756/2106/2571
f 694/2096/2572 813/595/2572 823/2107/2572
f 823/2107/2573 813/595/2573 851/597/2573
f 974/2108/2574 962/558/2574 978/640/2574
f 967/642/2575 962/558/2575 974/2108/2575
f 1069/2109/2576 1071/2092/2576 1070/2083/2576
f 974/2108/2577 978/640/2577 983/639/2577
f 109/620/2578 111/619/2578 103/2102/2578
f 1021/2110/2579 1020/2080/2579 953/644/2579
f 953/644/2580 941/615/2580 969/643/2580
f 537/2103/2581 496/2094/2581 481/2097/2581
f 481/2097/2582 484/2047/2582 483/672/2582
f 483/672/2583 484/2047/2583 485/629/2583
f 509/655/2584 511/628/2584 510/2104/2584
f 1069/2109/2585 1070/2083/2585 1056/2111/2585
f 1337/2099/2586 1331/2098/2586 1329/2112/2586
f 1329/2112/2587 1331/2098/2587 1330/2113/2587
f 685/2089/2588 614/2062/2588 593/652/2588
f 584/2114/2589 583/2065/2589 603/2084/2589
f 756/2106/2590 719/2075/2590 685/2089/2590
f 823/2107/2591 851/597/2591 858/641/2591
f 1021/2110/2592 953/644/2592 969/643/2592
f 1068/2115/2593 1069/2109/2593 1056/2111/2593
f 332/606/2594 333/645/2594 331/661/2594
f 332/606/2595 331/661/2595 317/662/2595
f 696/2116/2596 756/2106/2596 685/2089/2596
f 983/639/2597 757/638/2597 756/2106/2597
f 694/2096/2598 823/2107/2598 765/2117/2598
f 980/2118/2599 974/2108/2599 983/639/2599
f 967/642/2600 974/2108/2600 980/2118/2600
f 979/2119/2601 967/642/2601 980/2118/2601
f 969/643/2602 967/642/2602 979/2119/2602
f 99/2120/2603 109/620/2603 103/2102/2603
f 532/2121/2604 537/2103/2604 481/2097/2604
f 481/2097/2605 483/672/2605 482/2122/2605
f 507/663/2606 509/655/2606 510/2104/2606
f 529/2123/2607 510/2104/2607 523/2095/2607
f 1340/2124/2608 1337/2099/2608 1329/2112/2608
f 1329/2112/2609 1330/2113/2609 1327/2125/2609
f 2585/676/2610 2617/657/2610 2546/626/2610
f 557/2105/2611 583/2065/2611 584/2114/2611
f 858/641/2612 887/622/2612 889/2126/2612
f 99/2120/2613 103/2102/2613 91/2127/2613
f 1056/2111/2614 1077/2128/2614 1055/706/2614
f 1054/708/2615 1068/2115/2615 1056/2111/2615
f 555/654/2616 554/2101/2616 553/2129/2616
f 603/2084/2617 694/2096/2617 608/2130/2617
f 765/2117/2618 823/2107/2618 839/2131/2618
f 1054/708/2619 1056/2111/2619 1055/706/2619
f 480/2132/2620 481/2097/2620 482/2122/2620
f 482/2122/2621 483/672/2621 507/663/2621
f 1340/2124/2622 1329/2112/2622 1326/696/2622
f 1326/696/2623 1329/2112/2623 1327/2125/2623
f 696/2116/2624 685/2089/2624 617/748/2624
f 617/748/2625 685/2089/2625 593/652/2625
f 584/2114/2626 603/2084/2626 608/2130/2626
f 839/2131/2627 823/2107/2627 858/641/2627
f 532/2121/2628 481/2097/2628 480/2132/2628
f 482/2122/2629 507/663/2629 508/2133/2629
f 508/2133/2630 507/663/2630 510/2104/2630
f 1325/697/2631 1326/696/2631 1327/2125/2631
f 558/2134/2632 557/2105/2632 584/2114/2632
f 608/2130/2633 694/2096/2633 765/2117/2633
f 858/641/2634 889/2126/2634 867/2135/2634
f 1055/706/2635 1077/2128/2635 1076/2136/2635
f 99/2120/2636 91/2127/2636 58/2137/2636
f 58/2137/2637 91/2127/2637 69/2138/2637
f 531/2139/2638 532/2121/2638 480/2132/2638
f 517/2140/2639 508/2133/2639 510/2104/2639
f 517/2140/2640 510/2104/2640 530/2141/2640
f 530/2141/2641 510/2104/2641 529/2123/2641
f 1339/2142/2642 1340/2124/2642 1326/696/2642
f 61/2143/2643 68/2144/2643 67/2145/2643
f 984/2146/2644 983/639/2644 756/2106/2644
f 980/2118/2645 983/639/2645 984/2146/2645
f 839/2131/2646 858/641/2646 867/2135/2646
f 480/2132/2647 482/2122/2647 518/2147/2647
f 518/2147/2648 482/2122/2648 508/2133/2648
f 2002/688/2649 2004/704/2649 2001/680/2649
f 617/748/2650 593/652/2650 585/2148/2650
f 585/2148/2651 593/652/2651 555/654/2651
f 556/2149/2652 557/2105/2652 558/2134/2652
f 2005/703/2653 2002/688/2653 2006/712/2653
f 61/2143/2654 67/2145/2654 34/2150/2654
f 552/2151/2655 553/2129/2655 554/2101/2655
f 554/2101/2656 557/2105/2656 556/2149/2656
f 608/2130/2657 765/2117/2657 754/2152/2657
f 754/2152/2658 765/2117/2658 801/2153/2658
f 801/2153/2659 765/2117/2659 839/2131/2659
f 979/2119/2660 980/2118/2660 985/2154/2660
f 1035/2155/2661 979/2119/2661 985/2154/2661
f 531/2139/2662 480/2132/2662 520/2156/2662
f 520/2156/2663 480/2132/2663 518/2147/2663
f 518/2147/2664 508/2133/2664 519/2157/2664
f 519/2157/2665 508/2133/2665 517/2140/2665
f 1332/2158/2666 1339/2142/2666 1326/696/2666
f 1328/695/2667 1332/2158/2667 1326/696/2667
f 2569/716/2668 2585/676/2668 2540/675/2668
f 552/2151/2669 554/2101/2669 556/2149/2669
f 985/2154/2670 980/2118/2670 984/2146/2670
f 106/2159/2671 99/2120/2671 95/2160/2671
f 1055/706/2672 1076/2136/2672 1075/2161/2672
f 95/2160/2673 99/2120/2673 58/2137/2673
f 1341/2162/2674 1339/2142/2674 1332/2158/2674
f 2004/704/2675 2005/703/2675 2007/713/2675
f 61/2143/2676 34/2150/2676 32/2163/2676
f 984/2146/2677 756/2106/2677 746/750/2677
f 756/2106/2678 696/2116/2678 746/750/2678
f 1052/707/2679 1055/706/2679 1075/2161/2679
f 58/2137/2680 69/2138/2680 51/2164/2680
f 520/2156/2681 518/2147/2681 519/2157/2681
f 1333/2165/2682 1332/2158/2682 1328/695/2682
f 2008/715/2683 2007/713/2683 2006/712/2683
f 32/2163/2684 34/2150/2684 33/2166/2684
f 585/2148/2685 555/654/2685 553/2129/2685
f 801/2153/2686 839/2131/2686 834/2167/2686
f 834/2167/2687 839/2131/2687 867/2135/2687
f 1335/2168/2688 1343/2169/2688 1341/2162/2688
f 1335/2168/2689 1341/2162/2689 1332/2158/2689
f 1332/2158/2690 1333/2165/2690 1334/2170/2690
f 1334/2170/2691 1333/2165/2691 1345/2171/2691
f 569/2172/2692 585/2148/2692 553/2129/2692
f 834/2167/2693 867/2135/2693 898/2173/2693
f 525/2174/2694 520/2156/2694 519/2157/2694
f 1342/2175/2695 1343/2169/2695 1335/2168/2695
f 1334/2170/2696 1335/2168/2696 1332/2158/2696
f 2647/721/2697 2661/731/2697 2662/2176/2697
f 746/750/2698 696/2116/2698 617/748/2698
f 95/2160/2699 58/2137/2699 50/2177/2699
f 50/2177/2700 58/2137/2700 51/2164/2700
f 1336/2178/2701 1342/2175/2701 1335/2168/2701
f 2649/724/2702 2660/730/2702 2647/721/2702
f 987/767/2703 984/2146/2703 746/750/2703
f 801/2153/2704 834/2167/2704 803/2179/2704
f 51/2164/2705 47/2180/2705 44/2181/2705
f 44/2181/2706 47/2180/2706 43/2182/2706
f 1336/2178/2707 1335/2168/2707 1334/2170/2707
f 1344/2183/2708 1336/2178/2708 1334/2170/2708
f 2806/2184/2709 2807/2185/2709 2808/2186/2709
f 584/2114/2710 608/2130/2710 598/2187/2710
f 754/2152/2711 801/2153/2711 803/2179/2711
f 985/2154/2712 984/2146/2712 986/2188/2712
f 50/2177/2713 51/2164/2713 44/2181/2713
f 558/2134/2714 584/2114/2714 572/2189/2714
f 598/2187/2715 608/2130/2715 754/2152/2715
f 986/2188/2716 984/2146/2716 987/767/2716
f 44/2181/2717 43/2182/2717 41/2190/2717
f 43/2182/2718 42/2191/2718 41/2190/2718
f 50/2177/2719 44/2181/2719 40/2192/2719
f 41/2190/2720 42/2191/2720 32/2163/2720
f 572/2189/2721 584/2114/2721 598/2187/2721
f 40/2192/2722 44/2181/2722 41/2190/2722
f 569/2172/2723 553/2129/2723 552/2151/2723
f 552/2151/2724 556/2149/2724 559/2193/2724
f 559/2193/2725 556/2149/2725 558/2134/2725
f 559/2193/2726 558/2134/2726 572/2189/2726
f 1034/2194/2727 1035/2155/2727 985/2154/2727
f 49/2195/2728 50/2177/2728 40/2192/2728
f 32/2163/2729 33/2166/2729 31/2196/2729
f 617/748/2730 585/2148/2730 570/2197/2730
f 745/749/2731 617/748/2731 618/2198/2731
f 560/2199/2732 552/2151/2732 559/2193/2732
f 95/2160/2733 50/2177/2733 49/2195/2733
f 985/2154/2734 986/2188/2734 425/2200/2734
f 1052/707/2735 1075/2161/2735 1074/794/2735
f 41/2190/2736 32/2163/2736 29/2201/2736
f 570/2197/2737 585/2148/2737 569/2172/2737
f 573/2202/2738 572/2189/2738 598/2187/2738
f 425/2200/2739 986/2188/2739 987/767/2739
f 121/2203/2740 95/2160/2740 102/2204/2740
f 102/2204/2741 95/2160/2741 49/2195/2741
f 1050/751/2742 1052/707/2742 1074/794/2742
f 988/765/2743 987/767/2743 746/750/2743
f 425/2200/2744 987/767/2744 421/766/2744
f 29/2201/2745 32/2163/2745 31/2196/2745
f 988/765/2746 746/750/2746 745/749/2746
f 568/2205/2747 569/2172/2747 552/2151/2747
f 753/2206/2748 754/2152/2748 803/2179/2748
f 803/2179/2749 834/2167/2749 835/2207/2749
f 817/2208/2750 803/2179/2750 835/2207/2750
f 563/2209/2751 552/2151/2751 560/2199/2751
f 618/2198/2752 617/748/2752 570/2197/2752
f 561/2210/2753 559/2193/2753 572/2189/2753
f 1034/2194/2754 985/2154/2754 425/2200/2754
f 835/2207/2755 834/2167/2755 891/2211/2755
f 40/2192/2756 41/2190/2756 29/2201/2756
f 29/2201/2757 31/2196/2757 30/2212/2757
f 560/2199/2758 559/2193/2758 561/2210/2758
f 598/2187/2759 754/2152/2759 753/2206/2759
f 570/2197/2760 569/2172/2760 568/2205/2760
f 561/2210/2761 572/2189/2761 573/2202/2761
f 753/2206/2762 803/2179/2762 817/2208/2762
f 568/2205/2763 552/2151/2763 563/2209/2763
f 421/766/2764 988/765/2764 420/806/2764
f 1049/757/2765 1050/751/2765 1047/787/2765
f 39/2213/2766 40/2192/2766 29/2201/2766
f 573/2202/2767 598/2187/2767 599/2214/2767
f 988/765/2768 745/749/2768 715/2215/2768
f 715/2215/2769 745/749/2769 618/2198/2769
f 48/2216/2770 49/2195/2770 40/2192/2770
f 48/2216/2771 40/2192/2771 39/2213/2771
f 561/2210/2772 573/2202/2772 567/2217/2772
f 424/2218/2773 425/2200/2773 421/766/2773
f 1034/2194/2774 425/2200/2774 424/2218/2774
f 1059/786/2775 1050/751/2775 1074/794/2775
f 816/2219/2776 817/2208/2776 835/2207/2776
f 592/2220/2777 570/2197/2777 568/2205/2777
f 864/2221/2778 835/2207/2778 891/2211/2778
f 1048/780/2779 1049/757/2779 1047/787/2779
f 2226/788/2780 2228/760/2780 2219/761/2780
f 563/2209/2781 560/2199/2781 562/2222/2781
f 562/2222/2782 560/2199/2782 561/2210/2782
f 618/2198/2783 570/2197/2783 592/2220/2783
f 715/2215/2784 420/806/2784 988/765/2784
f 599/2214/2785 598/2187/2785 753/2206/2785
f 715/2215/2786 618/2198/2786 592/2220/2786
f 753/2206/2787 817/2208/2787 816/2219/2787
f 102/2204/2788 49/2195/2788 48/2216/2788
f 39/2213/2789 29/2201/2789 27/2223/2789
f 568/2205/2790 563/2209/2790 564/2224/2790
f 562/2222/2791 561/2210/2791 567/2217/2791
f 573/2202/2792 599/2214/2792 574/2225/2792
f 70/2226/2793 102/2204/2793 48/2216/2793
f 29/2201/2794 30/2212/2794 28/2227/2794
f 28/2227/2795 30/2212/2795 35/2228/2795
f 564/2224/2796 563/2209/2796 562/2222/2796
f 574/2225/2797 567/2217/2797 573/2202/2797
f 739/2229/2798 753/2206/2798 816/2219/2798
f 1036/2230/2799 1034/2194/2799 424/2218/2799
f 2502/759/2800 2505/777/2800 2519/802/2800
f 816/2219/2801 835/2207/2801 864/2221/2801
f 119/2231/2802 102/2204/2802 70/2226/2802
f 27/2223/2803 29/2201/2803 28/2227/2803
f 601/2232/2804 599/2214/2804 753/2206/2804
f 418/807/2805 420/806/2805 419/1101/2805
f 1537/2233/2806 1548/2234/2806 1538/2235/2806
f 1958/821/2807 1959/820/2807 1960/853/2807
f 562/2222/2808 567/2217/2808 565/2236/2808
f 753/2206/2809 739/2229/2809 601/2232/2809
f 1046/801/2810 1047/787/2810 1045/885/2810
f 2675/834/2811 2677/832/2811 2689/859/2811
f 2689/859/2812 2677/832/2812 2695/861/2812
f 2677/832/2813 2703/831/2813 2695/861/2813
f 1863/845/2814 1864/846/2814 1862/872/2814
f 1673/2237/2815 1682/2238/2815 1654/2239/2815
f 1682/2238/2816 1689/2240/2816 1653/2241/2816
f 1689/2240/2817 1688/2242/2817 1653/2241/2817
f 1523/2243/2818 1540/2244/2818 1537/2233/2818
f 1523/2243/2819 1537/2233/2819 1527/2245/2819
f 1537/2233/2820 1538/2235/2820 1527/2245/2820
f 1538/2235/2821 1539/2246/2821 1527/2245/2821
f 715/2215/2822 592/2220/2822 591/2247/2822
f 574/2225/2823 599/2214/2823 601/2232/2823
f 2692/2248/2824 2689/859/2824 2695/861/2824
f 1928/892/2825 1866/843/2825 1927/2249/2825
f 1866/843/2826 1863/845/2826 1927/2249/2826
f 1927/2249/2827 1863/845/2827 1861/895/2827
f 1863/845/2828 1862/872/2828 1861/895/2828
f 1861/895/2829 1862/872/2829 1859/873/2829
f 1654/2239/2830 1682/2238/2830 1653/2241/2830
f 1672/2250/2831 1673/2237/2831 1654/2239/2831
f 1653/2241/2832 1688/2242/2832 1683/2251/2832
f 1527/2245/2833 1539/2246/2833 1529/2252/2833
f 1539/2246/2834 1547/2253/2834 1529/2252/2834
f 592/2220/2835 568/2205/2835 579/2254/2835
f 716/2255/2836 715/2215/2836 591/2247/2836
f 567/2217/2837 574/2225/2837 565/2236/2837
f 420/806/2838 715/2215/2838 989/1099/2838
f 424/2218/2839 421/766/2839 418/807/2839
f 2692/2248/2840 2695/861/2840 2693/926/2840
f 2693/926/2841 2695/861/2841 2696/862/2841
f 1418/865/2842 1423/890/2842 1430/842/2842
f 1928/892/2843 1927/2249/2843 1915/932/2843
f 1854/917/2844 1853/896/2844 1859/873/2844
f 187/935/2845 186/900/2845 139/899/2845
f 1653/2241/2846 1683/2251/2846 1646/2256/2846
f 1522/2257/2847 1540/2244/2847 1519/2258/2847
f 1519/2258/2848 1540/2244/2848 1523/2243/2848
f 2801/2259/2849 2802/2260/2849 2800/2261/2849
f 591/2247/2850 592/2220/2850 579/2254/2850
f 2118/941/2851 2117/857/2851 2105/907/2851
f 989/1099/2852 715/2215/2852 716/2255/2852
f 1044/989/2853 1046/801/2853 1045/885/2853
f 2697/927/2854 2696/862/2854 2711/887/2854
f 2697/927/2855 2711/887/2855 2715/913/2855
f 1444/2262/2856 1442/891/2856 1431/914/2856
f 1911/947/2857 1927/2249/2857 1861/895/2857
f 1861/895/2858 1853/896/2858 1860/948/2858
f 1860/948/2859 1853/896/2859 1855/918/2859
f 1932/894/2860 1928/892/2860 1915/932/2860
f 1647/2263/2861 1654/2239/2861 1653/2241/2861
f 1672/2250/2862 1654/2239/2862 1667/2264/2862
f 1683/2251/2863 1693/2265/2863 1678/2266/2863
f 1646/2256/2864 1683/2251/2864 1678/2266/2864
f 1520/2267/2865 1519/2258/2865 1523/2243/2865
f 1525/2268/2866 1527/2245/2866 1529/2252/2866
f 2801/2259/2867 2800/2261/2867 2798/2269/2867
f 1525/2268/2868 1529/2252/2868 1528/2270/2868
f 419/1101/2869 420/806/2869 989/1099/2869
f 48/2216/2870 39/2213/2870 38/2271/2870
f 2686/912/2871 2689/859/2871 2699/2272/2871
f 2699/2272/2872 2689/859/2872 2692/2248/2872
f 1860/948/2873 1855/918/2873 1857/949/2873
f 1931/931/2874 1915/932/2874 1914/984/2874
f 1915/932/2875 1927/2249/2875 1911/947/2875
f 1857/949/2876 1855/918/2876 1856/950/2876
f 1856/950/2877 1855/918/2877 1854/917/2877
f 1671/998/2878 1672/2250/2878 1667/2264/2878
f 1667/2264/2879 1654/2239/2879 1647/2263/2879
f 1653/2241/2880 1646/2256/2880 1647/2263/2880
f 1753/902/2881 1750/921/2881 1749/2273/2881
f 1678/2266/2882 1693/2265/2882 1692/2274/2882
f 1523/2243/2883 1527/2245/2883 1525/2268/2883
f 579/2254/2884 568/2205/2884 564/2224/2884
f 564/2224/2885 562/2222/2885 565/2236/2885
f 2798/2269/2886 2800/2261/2886 2797/2275/2886
f 738/2276/2887 739/2229/2887 816/2219/2887
f 52/2277/2888 48/2216/2888 38/2271/2888
f 38/2271/2889 39/2213/2889 27/2223/2889
f 2687/2278/2890 2686/912/2890 2699/2272/2890
f 2707/1017/2891 2697/927/2891 2710/944/2891
f 2684/928/2892 2686/912/2892 2681/969/2892
f 1439/2279/2893 1444/2262/2893 1431/914/2893
f 1911/947/2894 1860/948/2894 1910/2280/2894
f 1914/984/2895 1915/932/2895 1912/2281/2895
f 1912/2281/2896 1915/932/2896 1911/947/2896
f 566/2282/2897 564/2224/2897 565/2236/2897
f 1518/2283/2898 1522/2257/2898 1519/2258/2898
f 2798/2269/2899 2797/2275/2899 2794/2284/2899
f 601/2232/2900 739/2229/2900 738/2276/2900
f 70/2226/2901 48/2216/2901 52/2277/2901
f 2700/981/2902 2697/927/2902 2707/1017/2902
f 2681/969/2903 2686/912/2903 2687/2278/2903
f 1439/2279/2904 1431/914/2904 1425/945/2904
f 1912/2281/2905 1911/947/2905 1906/2285/2905
f 1906/2285/2906 1911/947/2906 1910/2280/2906
f 1910/2280/2907 1860/948/2907 1857/949/2907
f 1867/996/2908 1858/951/2908 1856/950/2908
f 191/1032/2909 196/934/2909 175/933/2909
f 1667/2264/2910 1647/2263/2910 1652/2286/2910
f 1652/2286/2911 1647/2263/2911 1645/2287/2911
f 1647/2263/2912 1646/2256/2912 1645/2287/2912
f 1749/2273/2913 1750/921/2913 1751/978/2913
f 565/2236/2914 574/2225/2914 571/2288/2914
f 2799/2289/2915 2798/2269/2915 2794/2284/2915
f 575/2290/2916 574/2225/2916 601/2232/2916
f 2795/2291/2917 2794/2284/2917 2797/2275/2917
f 120/2292/2918 119/2231/2918 70/2226/2918
f 28/2227/2919 35/2228/2919 36/2293/2919
f 2694/2294/2920 2699/2272/2920 2692/2248/2920
f 2692/2248/2921 2693/926/2921 2694/2294/2921
f 2685/1020/2922 2681/969/2922 2687/2278/2922
f 2707/1017/2923 2710/944/2923 2721/1022/2923
f 1433/1026/2924 1439/2279/2924 1425/945/2924
f 1910/2280/2925 1857/949/2925 1876/1046/2925
f 1876/1046/2926 1857/949/2926 1858/951/2926
f 1876/1046/2927 1858/951/2927 1869/995/2927
f 1942/983/2928 1914/984/2928 1913/1050/2928
f 1913/1050/2929 1914/984/2929 1912/2281/2929
f 165/937/2930 166/2295/2930 162/974/2930
f 1662/999/2931 1671/998/2931 1667/2264/2931
f 1662/999/2932 1667/2264/2932 1661/2296/2932
f 1661/2296/2933 1667/2264/2933 1652/2286/2933
f 1646/2256/2934 1678/2266/2934 1674/2297/2934
f 1639/2298/2935 1646/2256/2935 1674/2297/2935
f 1749/2273/2936 1751/978/2936 1747/1035/2936
f 1752/2299/2937 1749/2273/2937 1747/1035/2937
f 1518/2283/2938 1519/2258/2938 1520/2267/2938
f 1520/2267/2939 1523/2243/2939 1524/2300/2939
f 1524/2300/2940 1523/2243/2940 1525/2268/2940
f 1524/2300/2941 1525/2268/2941 1526/2301/2941
f 1525/2268/2942 1528/2270/2942 1526/2301/2942
f 738/2276/2943 816/2219/2943 822/2302/2943
f 2794/2284/2944 2795/2291/2944 2796/2303/2944
f 822/2302/2945 816/2219/2945 864/2221/2945
f 822/2302/2946 864/2221/2946 865/2304/2946
f 107/2305/2947 70/2226/2947 66/2306/2947
f 66/2306/2948 70/2226/2948 52/2277/2948
f 26/2307/2949 28/2227/2949 36/2293/2949
f 2694/2294/2950 2693/926/2950 2698/2308/2950
f 2698/2308/2951 2693/926/2951 2700/981/2951
f 1419/973/2952 1433/1026/2952 1425/945/2952
f 1406/946/2953 1411/1030/2953 1417/916/2953
f 1411/1030/2954 1415/972/2954 1416/930/2954
f 1417/916/2955 1411/1030/2955 1416/930/2955
f 1910/2280/2956 1876/1046/2956 1900/1045/2956
f 1913/1050/2957 1912/2281/2957 1909/2309/2957
f 1909/2309/2958 1912/2281/2958 1906/2285/2958
f 1645/2287/2959 1646/2256/2959 1639/2298/2959
f 1678/2266/2960 1692/2274/2960 1687/2310/2960
f 1674/2297/2961 1678/2266/2961 1687/2310/2961
f 564/2224/2962 566/2282/2962 579/2254/2962
f 716/2255/2963 591/2247/2963 616/2311/2963
f 566/2282/2964 565/2236/2964 571/2288/2964
f 1526/2301/2965 1541/2312/2965 1535/2313/2965
f 1541/2312/2966 1549/2314/2966 1535/2313/2966
f 120/2292/2967 70/2226/2967 107/2305/2967
f 37/2315/2968 38/2271/2968 27/2223/2968
f 27/2223/2969 28/2227/2969 26/2307/2969
f 2687/2278/2970 2699/2272/2970 2688/1072/2970
f 2688/1072/2971 2699/2272/2971 2694/2294/2971
f 2698/2308/2972 2700/981/2972 2701/2316/2972
f 2701/2316/2973 2700/981/2973 2702/1018/2973
f 2716/2317/2974 2702/1018/2974 2720/1023/2974
f 1876/1046/2975 1869/995/2975 1875/1047/2975
f 1906/2285/2976 1910/2280/2976 1900/1045/2976
f 1870/1048/2977 1869/995/2977 1868/994/2977
f 1913/1050/2978 1909/2309/2978 1916/2318/2978
f 202/2319/2979 206/2320/2979 191/1032/2979
f 571/2288/2980 574/2225/2980 575/2290/2980
f 601/2232/2981 738/2276/2981 737/2321/2981
f 1521/2322/2982 1518/2283/2982 1520/2267/2982
f 1520/2267/2983 1524/2300/2983 1530/2323/2983
f 1036/2230/2984 424/2218/2984 427/2324/2984
f 53/1130/2985 52/2277/2985 38/2271/2985
f 25/2325/2986 27/2223/2986 26/2307/2986
f 2685/1020/2987 2687/2278/2987 2688/1072/2987
f 2701/2316/2988 2702/1018/2988 2716/2317/2988
f 1870/1048/2989 1868/994/2989 1871/1095/2989
f 1945/1049/2990 1913/1050/2990 1916/2318/2990
f 202/2319/2991 191/1032/2991 178/1031/2991
f 166/2295/2992 161/1115/2992 162/974/2992
f 1650/2326/2993 1661/2296/2993 1652/2286/2993
f 1652/2286/2994 1645/2287/2994 1649/2327/2994
f 1752/2299/2995 1747/1035/2995 1746/1124/2995
f 1320/2328/2996 1324/2329/2996 1321/2330/2996
f 1746/1124/2997 1747/1035/2997 1744/1036/2997
f 1530/2323/2998 1524/2300/2998 1514/2331/2998
f 1514/2331/2999 1524/2300/2999 1526/2301/2999
f 1526/2301/3000 1535/2313/3000 1532/2332/3000
f 1532/2332/3001 1535/2313/3001 1536/2333/3001
f 822/2302/3002 865/2304/3002 866/2334/3002
f 1613/2335/3003 1609/1061/3003 1598/1060/3003
f 427/2324/3004 424/2218/3004 417/2336/3004
f 66/2306/3005 52/2277/3005 53/1130/3005
f 53/1130/3006 38/2271/3006 37/2315/3006
f 37/2315/3007 27/2223/3007 25/2325/3007
f 2690/1068/3008 2688/1072/3008 2708/1089/3008
f 2708/1089/3009 2688/1072/3009 2706/1146/3009
f 2688/1072/3010 2694/2294/3010 2706/1146/3010
f 2694/2294/3011 2698/2308/3011 2704/2337/3011
f 2704/2337/3012 2698/2308/3012 2701/2316/3012
f 1847/2338/3013 1849/1039/3013 1848/2339/3013
f 1848/2339/3014 1849/1039/3014 1850/2340/3014
f 1849/1039/3015 1851/1038/3015 1850/2340/3015
f 1419/973/3016 1420/1042/3016 1427/1025/3016
f 1427/1025/3017 1420/1042/3017 1428/1027/3017
f 1906/2285/3018 1900/1045/3018 1898/1174/3018
f 1909/2309/3019 1906/2285/3019 1884/2341/3019
f 1884/2341/3020 1906/2285/3020 1880/2342/3020
f 1916/2318/3021 1909/2309/3021 1922/2343/3021
f 1639/2298/3022 1674/2297/3022 1638/2344/3022
f 1674/2297/3023 1687/2310/3023 1680/2345/3023
f 591/2247/3024 579/2254/3024 590/2346/3024
f 1514/2331/3025 1526/2301/3025 1532/2332/3025
f 805/2347/3026 738/2276/3026 822/2302/3026
f 1542/2348/3027 1532/2332/3027 1536/2333/3027
f 1536/2333/3028 1535/2313/3028 1550/2349/3028
f 60/1132/3029 66/2306/3029 53/1130/3029
f 2706/1146/3030 2694/2294/3030 2705/2350/3030
f 2694/2294/3031 2704/2337/3031 2705/2350/3031
f 2704/2337/3032 2701/2316/3032 2718/2351/3032
f 1844/2352/3033 1847/2338/3033 1846/2353/3033
f 1846/2353/3034 1847/2338/3034 1848/2339/3034
f 1846/2353/3035 1848/2339/3035 1850/2340/3035
f 1420/1042/3036 1435/1094/3036 1434/1076/3036
f 1900/1045/3037 1875/1047/3037 1899/2354/3037
f 1875/1047/3038 1870/1048/3038 1873/1135/3038
f 1873/1135/3039 1870/1048/3039 1872/1096/3039
f 1880/2342/3040 1906/2285/3040 1898/1174/3040
f 1982/2355/3041 1984/2356/3041 1983/2357/3041
f 1922/2343/3042 1909/2309/3042 1884/2341/3042
f 192/1137/3043 202/2319/3043 178/1031/3043
f 1945/1049/3044 1916/2318/3044 1924/2358/3044
f 1924/2358/3045 1916/2318/3045 1922/2343/3045
f 1665/2359/3046 1684/1000/3046 1662/999/3046
f 1665/2359/3047 1662/999/3047 1651/2360/3047
f 1662/999/3048 1661/2296/3048 1651/2360/3048
f 1651/2360/3049 1661/2296/3049 1650/2326/3049
f 1649/2327/3050 1645/2287/3050 1636/2361/3050
f 1636/2361/3051 1645/2287/3051 1639/2298/3051
f 1638/2344/3052 1674/2297/3052 1680/2345/3052
f 1680/2345/3053 1687/2310/3053 1629/2362/3053
f 616/2311/3054 591/2247/3054 590/2346/3054
f 417/2336/3055 418/807/3055 419/1101/3055
f 1545/2363/3056 1521/2322/3056 1534/2364/3056
f 1534/2364/3057 1521/2322/3057 1520/2267/3057
f 1534/2364/3058 1520/2267/3058 1530/2323/3058
f 1514/2331/3059 1532/2332/3059 1533/2365/3059
f 1533/2365/3060 1532/2332/3060 1542/2348/3060
f 417/2336/3061 424/2218/3061 418/807/3061
f 1542/2348/3062 1536/2333/3062 1550/2349/3062
f 25/2325/3063 26/2307/3063 24/2366/3063
f 24/2366/3064 26/2307/3064 113/2367/3064
f 2719/1088/3065 2708/1089/3065 2709/2368/3065
f 2709/2368/3066 2708/1089/3066 2706/1146/3066
f 2705/2350/3067 2704/2337/3067 2714/2369/3067
f 1899/2354/3068 1875/1047/3068 1873/1135/3068
f 1923/1178/3069 1924/2358/3069 1922/2343/3069
f 1650/2326/3070 1652/2286/3070 1649/2327/3070
f 1680/2345/3071 1629/2362/3071 1626/2370/3071
f 1320/2328/3072 1321/2330/3072 1322/2371/3072
f 1748/1157/3073 1746/1124/3073 1745/1123/3073
f 989/1099/3074 716/2255/3074 991/2372/3074
f 991/2372/3075 716/2255/3075 616/2311/3075
f 737/2321/3076 738/2276/3076 805/2347/3076
f 1544/2373/3077 1545/2363/3077 1534/2364/3077
f 1546/2374/3078 1533/2365/3078 1542/2348/3078
f 1593/1102/3079 1595/1083/3079 1596/1127/3079
f 45/1131/3080 53/1130/3080 37/2315/3080
f 23/2375/3081 37/2315/3081 25/2325/3081
f 2709/2368/3082 2706/1146/3082 2713/1145/3082
f 2712/1147/3083 2706/1146/3083 2705/2350/3083
f 2712/1147/3084 2705/2350/3084 2714/2369/3084
f 1453/2376/3085 1455/2377/3085 1454/2378/3085
f 1454/2378/3086 1455/2377/3086 1456/2379/3086
f 1845/2380/3087 1844/2352/3087 1846/2353/3087
f 1985/2381/3088 1982/2355/3088 1976/2382/3088
f 1976/2382/3089 1982/2355/3089 1983/2357/3089
f 1952/1180/3090 1924/2358/3090 1923/1178/3090
f 1320/2328/3091 1322/2371/3091 1323/2383/3091
f 1626/2370/3092 1629/2362/3092 1623/2384/3092
f 579/2254/3093 566/2282/3093 578/2385/3093
f 575/2290/3094 601/2232/3094 600/2386/3094
f 417/2336/3095 419/1101/3095 416/1100/3095
f 1544/2373/3096 1534/2364/3096 1543/2387/3096
f 1543/2387/3097 1534/2364/3097 1531/2388/3097
f 1531/2388/3098 1534/2364/3098 1530/2323/3098
f 1530/2323/3099 1514/2331/3099 1531/2388/3099
f 1514/2331/3100 1533/2365/3100 1515/2389/3100
f 1515/2389/3101 1533/2365/3101 1546/2374/3101
f 1612/2390/3102 1593/1102/3102 1596/1127/3102
f 1039/1144/3103 1060/795/3103 1080/1186/3103
f 45/1131/3104 37/2315/3104 23/2375/3104
f 23/2375/3105 25/2325/3105 24/2366/3105
f 2717/2391/3106 2709/2368/3106 2713/1145/3106
f 2726/2392/3107 2712/1147/3107 2714/2369/3107
f 1447/2393/3108 1453/2376/3108 1452/2394/3108
f 1452/2394/3109 1453/2376/3109 1454/2378/3109
f 1843/2395/3110 1844/2352/3110 1845/2380/3110
f 1404/1108/3111 1412/1148/3111 1401/1041/3111
f 1401/1041/3112 1412/1148/3112 1411/1030/3112
f 1412/1148/3113 1414/1109/3113 1411/1030/3113
f 1432/1150/3114 1429/1093/3114 1421/1075/3114
f 1907/1161/3115 1899/2354/3115 1873/1135/3115
f 1877/1162/3116 1873/1135/3116 1874/1136/3116
f 1898/1174/3117 1900/1045/3117 1899/2354/3117
f 1880/2342/3118 1898/1174/3118 1881/1176/3118
f 1922/2343/3119 1884/2341/3119 1883/1194/3119
f 1665/2359/3120 1651/2360/3120 1664/1206/3120
f 1651/2360/3121 1650/2326/3121 1648/2396/3121
f 805/2347/3122 822/2302/3122 861/2397/3122
f 1531/2388/3123 1514/2331/3123 1510/2398/3123
f 1510/2398/3124 1514/2331/3124 1512/2399/3124
f 1512/2399/3125 1514/2331/3125 1515/2389/3125
f 1601/1140/3126 1612/2390/3126 1596/1127/3126
f 1607/1158/3127 1606/1141/3127 1610/2400/3127
f 46/2401/3128 45/1131/3128 23/2375/3128
f 23/2375/3129 24/2366/3129 12/1200/3129
f 2727/2402/3130 2717/2391/3130 2724/2403/3130
f 2717/2391/3131 2713/1145/3131 2724/2403/3131
f 2724/2403/3132 2713/1145/3132 2725/2404/3132
f 2713/1145/3133 2712/1147/3133 2726/2392/3133
f 2725/2404/3134 2713/1145/3134 2726/2392/3134
f 1440/2405/3135 1432/1150/3135 1422/1149/3135
f 1883/1194/3136 1884/2341/3136 1880/2342/3136
f 197/2406/3137 192/1137/3137 177/1110/3137
f 1921/1179/3138 1923/1178/3138 1922/2343/3138
f 1921/1179/3139 1922/2343/3139 1883/1194/3139
f 1650/2326/3140 1649/2327/3140 1648/2396/3140
f 1636/2361/3141 1639/2298/3141 1638/2344/3141
f 1638/2344/3142 1680/2345/3142 1681/2407/3142
f 1681/2407/3143 1680/2345/3143 1626/2370/3143
f 416/1100/3144 989/1099/3144 991/2372/3144
f 600/2386/3145 601/2232/3145 737/2321/3145
f 742/2408/3146 737/2321/3146 805/2347/3146
f 1543/2387/3147 1531/2388/3147 1513/2409/3147
f 1513/2409/3148 1531/2388/3148 1510/2398/3148
f 1511/2410/3149 1510/2398/3149 1512/2399/3149
f 1608/1159/3150 1601/1140/3150 1602/1139/3150
f 2727/2402/3151 2724/2403/3151 2725/2404/3151
f 1446/2411/3152 1447/2393/3152 1448/2412/3152
f 1448/2412/3153 1447/2393/3153 1449/2413/3153
f 1449/2413/3154 1447/2393/3154 1452/2394/3154
f 1404/1108/3155 1413/1171/3155 1412/1148/3155
f 1412/1148/3156 1426/1172/3156 1422/1149/3156
f 1891/1175/3157 1899/2354/3157 1907/1161/3157
f 1878/2414/3158 1877/1162/3158 1874/1136/3158
f 1898/1174/3159 1899/2354/3159 1891/1175/3159
f 1921/1179/3160 1883/1194/3160 1920/1193/3160
f 1637/2415/3161 1636/2361/3161 1638/2344/3161
f 1681/2407/3162 1626/2370/3162 1624/2416/3162
f 2151/2417/3163 2152/2418/3163 2149/2419/3163
f 580/2420/3164 579/2254/3164 578/2385/3164
f 577/2421/3165 575/2290/3165 600/2386/3165
f 600/2386/3166 737/2321/3166 742/2408/3166
f 1509/2422/3167 1513/2409/3167 1510/2398/3167
f 1509/2422/3168 1510/2398/3168 1511/2410/3168
f 1517/2423/3169 1509/2422/3169 1511/2410/3169
f 65/2424/3170 46/2401/3170 54/2425/3170
f 72/2426/3171 65/2424/3171 54/2425/3171
f 54/2425/3172 46/2401/3172 23/2375/3172
f 1451/2427/3173 1446/2411/3173 1450/2428/3173
f 1450/2428/3174 1446/2411/3174 1448/2412/3174
f 1413/1171/3175 1441/2429/3175 1426/1172/3175
f 1986/2430/3176 1985/2381/3176 1976/2382/3176
f 1880/2342/3177 1881/1176/3177 1882/2431/3177
f 197/2406/3178 177/1110/3178 179/1177/3178
f 190/1236/3179 197/2406/3179 179/1177/3179
f 1664/1206/3180 1651/2360/3180 1663/2432/3180
f 1663/2432/3181 1651/2360/3181 1648/2396/3181
f 1624/2416/3182 1626/2370/3182 1623/2384/3182
f 2151/2417/3183 2149/2419/3183 2148/2433/3183
f 590/2346/3184 579/2254/3184 589/2434/3184
f 589/2434/3185 579/2254/3185 580/2420/3185
f 742/2408/3186 805/2347/3186 806/2435/3186
f 806/2435/3187 805/2347/3187 849/2436/3187
f 849/2436/3188 805/2347/3188 861/2397/3188
f 1516/2437/3189 1513/2409/3189 1509/2422/3189
f 1907/1161/3190 1877/1162/3190 1879/2438/3190
f 1879/2438/3191 1877/1162/3191 1878/2414/3191
f 1975/2439/3192 1986/2430/3192 1976/2382/3192
f 1975/2439/3193 1976/2382/3193 1977/2440/3193
f 1885/1192/3194 1883/1194/3194 1882/2431/3194
f 1883/1194/3195 1880/2342/3195 1882/2431/3195
f 146/1116/3196 147/1222/3196 144/1181/3196
f 1666/1207/3197 1664/1206/3197 1663/2432/3197
f 1649/2327/3198 1636/2361/3198 1635/2441/3198
f 1638/2344/3199 1681/2407/3199 1679/2442/3199
f 1624/2416/3200 1623/2384/3200 1620/2443/3200
f 1620/2443/3201 1623/2384/3201 1622/2444/3201
f 2148/2433/3202 2149/2419/3202 2150/2445/3202
f 691/2446/3203 616/2311/3203 590/2346/3203
f 426/2447/3204 427/2324/3204 417/2336/3204
f 23/2375/3205 12/1200/3205 8/1199/3205
f 8/1199/3206 11/1198/3206 10/2448/3206
f 2587/1201/3207 2570/1189/3207 2509/1173/3207
f 1891/1175/3208 1907/1161/3208 1904/1246/3208
f 1904/1246/3209 1907/1161/3209 1879/2438/3209
f 1987/2449/3210 1986/2430/3210 1975/2439/3210
f 1648/2396/3211 1649/2327/3211 1635/2441/3211
f 1635/2441/3212 1636/2361/3212 1637/2415/3212
f 1637/2415/3213 1638/2344/3213 1676/2450/3213
f 1676/2450/3214 1638/2344/3214 1679/2442/3214
f 1679/2442/3215 1681/2407/3215 1624/2416/3215
f 2148/2433/3216 2150/2445/3216 2153/2451/3216
f 1620/2443/3217 1622/2444/3217 1621/2452/3217
f 566/2282/3218 571/2288/3218 576/2453/3218
f 577/2421/3219 571/2288/3219 575/2290/3219
f 409/2454/3220 417/2336/3220 416/1100/3220
f 426/2447/3221 417/2336/3221 409/2454/3221
f 8/1199/3222 10/2448/3222 9/2455/3222
f 1882/2431/3223 1881/1176/3223 1888/1235/3223
f 1888/1235/3224 1881/1176/3224 1891/1175/3224
f 1887/1220/3225 1920/1193/3225 1885/1192/3225
f 1950/1195/3226 1920/1193/3226 1946/1221/3226
f 168/1262/3227 169/1163/3227 133/1214/3227
f 578/2385/3228 566/2282/3228 576/2453/3228
f 991/2372/3229 616/2311/3229 691/2446/3229
f 576/2453/3230 571/2288/3230 577/2421/3230
f 110/2456/3231 97/2457/3231 96/2458/3231
f 96/2458/3232 97/2457/3232 54/2425/3232
f 20/2459/3233 23/2375/3233 8/1199/3233
f 1891/1175/3234 1904/1246/3234 1894/2460/3234
f 1904/1246/3235 1879/2438/3235 1933/1247/3235
f 1933/1247/3236 1879/2438/3236 1948/2461/3236
f 1948/2461/3237 1879/2438/3237 1953/2462/3237
f 1978/2463/3238 1975/2439/3238 1977/2440/3238
f 1978/2463/3239 1977/2440/3239 1979/2464/3239
f 1887/1220/3240 1885/1192/3240 1886/2465/3240
f 1886/2465/3241 1885/1192/3241 1882/2431/3241
f 190/1236/3242 179/1177/3242 176/1237/3242
f 1666/1207/3243 1663/2432/3243 1656/2466/3243
f 1656/2466/3244 1663/2432/3244 1648/2396/3244
f 1624/2416/3245 1620/2443/3245 1619/2467/3245
f 1620/2443/3246 1621/2452/3246 1618/2468/3246
f 1619/2467/3247 1620/2443/3247 1618/2468/3247
f 1040/1243/3248 1039/1144/3248 1042/2469/3248
f 54/2425/3249 23/2375/3249 20/2459/3249
f 8/1199/3250 9/2455/3250 7/1314/3250
f 1894/2460/3251 1904/1246/3251 1902/1245/3251
f 1892/1234/3252 1891/1175/3252 1893/1271/3252
f 1891/1175/3253 1894/2460/3253 1893/1271/3253
f 1980/2470/3254 1978/2463/3254 1979/2464/3254
f 1886/2465/3255 1882/2431/3255 1888/1235/3255
f 1656/2466/3256 1648/2396/3256 1655/2471/3256
f 1640/2472/3257 1648/2396/3257 1635/2441/3257
f 1679/2442/3258 1624/2416/3258 1619/2467/3258
f 2057/1252/3259 2058/1251/3259 2056/1279/3259
f 755/2473/3260 991/2372/3260 691/2446/3260
f 413/2474/3261 416/1100/3261 991/2372/3261
f 413/2474/3262 991/2372/3262 755/2473/3262
f 742/2408/3263 806/2435/3263 770/2475/3263
f 1078/2476/3264 1039/1144/3264 1079/1185/3264
f 96/2458/3265 54/2425/3265 57/2477/3265
f 1042/2469/3266 1039/1144/3266 1078/2476/3266
f 2588/2478/3267 2587/1201/3267 2509/1173/3267
f 1981/2479/3268 1978/2463/3268 1980/2470/3268
f 1889/2480/3269 1888/1235/3269 1892/1234/3269
f 185/1321/3270 194/1238/3270 176/1237/3270
f 1668/2481/3271 1656/2466/3271 1655/2471/3271
f 1655/2471/3272 1648/2396/3272 1640/2472/3272
f 1675/2482/3273 1676/2450/3273 1679/2442/3273
f 580/2420/3274 578/2385/3274 576/2453/3274
f 577/2421/3275 600/2386/3275 602/2483/3275
f 409/2454/3276 416/1100/3276 413/2474/3276
f 57/2477/3277 54/2425/3277 19/2484/3277
f 19/2484/3278 54/2425/3278 20/2459/3278
f 2819/1211/3279 2820/1216/3279 2821/1313/3279
f 19/2484/3280 20/2459/3280 8/1199/3280
f 19/2484/3281 8/1199/3281 4/2485/3281
f 4/2485/3282 8/1199/3282 7/1314/3282
f 2588/2478/3283 2509/1173/3283 2574/1260/3283
f 1893/1271/3284 1894/2460/3284 1902/1245/3284
f 1902/1245/3285 1933/1247/3285 1940/2486/3285
f 1981/2479/3286 1980/2470/3286 1979/2464/3286
f 1886/2465/3287 1888/1235/3287 1889/2480/3287
f 1930/1255/3288 1887/1220/3288 1886/2465/3288
f 151/1223/3289 152/1264/3289 144/1181/3289
f 1640/2472/3290 1635/2441/3290 1637/2415/3290
f 1619/2467/3291 1618/2468/3291 1617/2487/3291
f 2057/1252/3292 2056/1279/3292 2054/1278/3292
f 1617/2487/3293 1618/2468/3293 1616/1296/3293
f 611/2488/3294 600/2386/3294 742/2408/3294
f 1903/2489/3295 1902/1245/3295 1940/2486/3295
f 1555/2490/3296 1557/2491/3296 1556/2492/3296
f 1892/1234/3297 1893/1271/3297 1895/1273/3297
f 1556/2492/3298 1557/2491/3298 1563/2493/3298
f 198/2494/3299 194/1238/3299 185/1321/3299
f 1890/2495/3300 1886/2465/3300 1889/2480/3300
f 1930/1255/3301 1886/2465/3301 1934/2496/3301
f 1641/2497/3302 1637/2415/3302 1676/2450/3302
f 1631/2498/3303 1679/2442/3303 1619/2467/3303
f 602/2483/3304 600/2386/3304 611/2488/3304
f 611/2488/3305 742/2408/3305 743/2499/3305
f 850/2500/3306 849/2436/3306 861/2397/3306
f 1901/1272/3307 1902/1245/3307 1903/2489/3307
f 1903/2489/3308 1940/2486/3308 1941/2501/3308
f 1551/2502/3309 1555/2490/3309 1552/2503/3309
f 1552/2503/3310 1555/2490/3310 1556/2492/3310
f 1889/2480/3311 1892/1234/3311 1895/1273/3311
f 1934/2496/3312 1886/2465/3312 1890/2495/3312
f 137/1274/3313 168/1262/3313 133/1214/3313
f 1640/2472/3314 1637/2415/3314 1641/2497/3314
f 1641/2497/3315 1676/2450/3315 1675/2482/3315
f 1619/2467/3316 1617/2487/3316 1615/1295/3316
f 1615/1295/3317 1617/2487/3317 1616/1296/3317
f 580/2420/3318 576/2453/3318 586/2504/3318
f 586/2504/3319 576/2453/3319 587/2505/3319
f 613/2506/3320 590/2346/3320 589/2434/3320
f 587/2505/3321 576/2453/3321 577/2421/3321
f 577/2421/3322 602/2483/3322 588/1329/3322
f 588/1329/3323 602/2483/3323 605/1330/3323
f 605/1330/3324 602/2483/3324 611/2488/3324
f 743/2499/3325 742/2408/3325 770/2475/3325
f 406/2507/3326 409/2454/3326 413/2474/3326
f 850/2500/3327 861/2397/3327 901/2508/3327
f 901/2508/3328 861/2397/3328 902/2509/3328
f 96/2458/3329 57/2477/3329 55/2510/3329
f 55/2510/3330 57/2477/3330 19/2484/3330
f 1552/2503/3331 1556/2492/3331 1553/2511/3331
f 1949/1339/3332 1890/2495/3332 1897/1337/3332
f 1890/2495/3333 1889/2480/3333 1897/1337/3333
f 189/1322/3334 198/2494/3334 185/1321/3334
f 1934/2496/3335 1890/2495/3335 1949/1339/3335
f 172/1263/3336 185/1321/3336 176/1237/3336
f 153/1265/3337 154/1303/3337 136/1256/3337
f 1669/2512/3338 1668/2481/3338 1655/2471/3338
f 1619/2467/3339 1615/1295/3339 1625/2513/3339
f 586/2504/3340 589/2434/3340 580/2420/3340
f 587/2505/3341 577/2421/3341 588/1329/3341
f 806/2435/3342 849/2436/3342 850/2500/3342
f 426/2447/3343 409/2454/3343 401/2514/3343
f 1551/2502/3344 1552/2503/3344 1553/2511/3344
f 1897/1337/3345 1889/2480/3345 1896/1372/3345
f 1896/1372/3346 1889/2480/3346 1895/1273/3346
f 1669/2512/3347 1655/2471/3347 1657/1408/3347
f 1655/2471/3348 1640/2472/3348 1657/1408/3348
f 1657/1408/3349 1640/2472/3349 1642/2515/3349
f 1642/2515/3350 1640/2472/3350 1641/2497/3350
f 1631/2498/3351 1619/2467/3351 1625/2513/3351
f 1627/2516/3352 1631/2498/3352 1625/2513/3352
f 1614/1294/3353 1625/2513/3353 1615/1295/3353
f 586/2504/3354 587/2505/3354 829/2517/3354
f 2053/1297/3355 2052/1287/3355 2051/1311/3355
f 691/2446/3356 590/2346/3356 613/2506/3356
f 406/2507/3357 413/2474/3357 755/2473/3357
f 770/2475/3358 806/2435/3358 807/2518/3358
f 807/2518/3359 806/2435/3359 850/2500/3359
f 401/2514/3360 409/2454/3360 406/2507/3360
f 87/2519/3361 96/2458/3361 55/2510/3361
f 1040/1243/3362 1042/2469/3362 1057/1417/3362
f 4/2485/3363 7/1314/3363 2/1316/3363
f 1901/1272/3364 1903/2489/3364 1905/2520/3364
f 1937/2521/3365 1901/1272/3365 1905/2520/3365
f 1905/2520/3366 1903/2489/3366 1941/2501/3366
f 1559/2522/3367 1551/2502/3367 1558/2523/3367
f 1895/1273/3368 1901/1272/3368 1918/1351/3368
f 1558/2523/3369 1551/2502/3369 1554/2524/3369
f 1554/2524/3370 1551/2502/3370 1553/2511/3370
f 1896/1372/3371 1895/1273/3371 1917/2525/3371
f 1929/1377/3372 1897/1337/3372 1908/1371/3372
f 1897/1337/3373 1896/1372/3373 1908/1371/3373
f 1641/2497/3374 1675/2482/3374 1644/2526/3374
f 1627/2516/3375 1625/2513/3375 1614/1294/3375
f 1627/2516/3376 1614/1294/3376 1628/2527/3376
f 610/2528/3377 589/2434/3377 586/2504/3377
f 829/2517/3378 587/2505/3378 828/2529/3378
f 587/2505/3379 588/1329/3379 828/2529/3379
f 828/2529/3380 588/1329/3380 909/1328/3380
f 2053/1297/3381 2051/1311/3381 2050/1327/3381
f 691/2446/3382 613/2506/3382 698/2530/3382
f 2044/1326/3383 2048/1310/3383 2047/2531/3383
f 2044/1326/3384 2047/2531/3384 2045/1343/3384
f 771/2532/3385 743/2499/3385 770/2475/3385
f 105/2533/3386 96/2458/3386 87/2519/3386
f 1057/1417/3387 1042/2469/3387 1078/2476/3387
f 1058/2534/3388 1040/1243/3388 1057/1417/3388
f 1939/1349/3389 1918/1351/3389 1901/1272/3389
f 1939/1349/3390 1901/1272/3390 1937/2521/3390
f 1937/2521/3391 1905/2520/3391 1938/2535/3391
f 1560/2536/3392 1559/2522/3392 1558/2523/3392
f 1917/2525/3393 1895/1273/3393 1918/1351/3393
f 184/1320/3394 203/2537/3394 189/1322/3394
f 1951/1338/3395 1897/1337/3395 1929/1377/3395
f 1691/2538/3396 1669/2512/3396 1657/1408/3396
f 1675/2482/3397 1679/2442/3397 1644/2526/3397
f 1644/2526/3398 1679/2442/3398 1631/2498/3398
f 830/2539/3399 586/2504/3399 829/2517/3399
f 830/2539/3400 829/2517/3400 828/2529/3400
f 619/2540/3401 589/2434/3401 610/2528/3401
f 1057/1417/3402 1078/2476/3402 1079/1185/3402
f 1057/1417/3403 1079/1185/3403 1081/2541/3403
f 19/2484/3404 4/2485/3404 17/2542/3404
f 1560/2536/3405 1558/2523/3405 1561/2543/3405
f 1925/1373/3406 1896/1372/3406 1917/2525/3406
f 1917/2525/3407 1918/1351/3407 1919/1350/3407
f 1561/2543/3408 1558/2523/3408 1554/2524/3408
f 1691/2538/3409 1657/1408/3409 1697/2544/3409
f 1642/2515/3410 1641/2497/3410 1643/2545/3410
f 1643/2545/3411 1641/2497/3411 1644/2526/3411
f 1631/2498/3412 1627/2516/3412 1630/2546/3412
f 1632/2547/3413 1631/2498/3413 1630/2546/3413
f 586/2504/3414 830/2539/3414 831/2548/3414
f 1630/2546/3415 1627/2516/3415 1628/2527/3415
f 613/2506/3416 589/2434/3416 619/2540/3416
f 755/2473/3417 691/2446/3417 698/2530/3417
f 87/2519/3418 55/2510/3418 56/2549/3418
f 1560/2536/3419 1561/2543/3419 1562/2550/3419
f 1564/2551/3420 1561/2543/3420 1554/2524/3420
f 1562/2550/3421 1561/2543/3421 1564/2551/3421
f 1935/1378/3422 1929/1377/3422 1908/1371/3422
f 1935/1378/3423 1908/1371/3423 1936/1391/3423
f 199/2552/3424 203/2537/3424 184/1320/3424
f 174/1336/3425 199/2552/3425 184/1320/3425
f 1658/2553/3426 1657/1408/3426 1642/2515/3426
f 1644/2526/3427 1631/2498/3427 1685/2554/3427
f 610/2528/3428 586/2504/3428 832/2555/3428
f 586/2504/3429 831/2548/3429 832/2555/3429
f 1634/2556/3430 1632/2547/3430 1630/2546/3430
f 1632/2547/3431 1634/2556/3431 1633/2557/3431
f 55/2510/3432 19/2484/3432 17/2542/3432
f 1/2558/3433 4/2485/3433 2/1316/3433
f 188/1400/3434 200/1402/3434 199/2552/3434
f 2785/1375/3435 2784/1374/3435 2787/1406/3435
f 188/1400/3436 199/2552/3436 174/1336/3436
f 1696/2559/3437 1697/2544/3437 1657/1408/3437
f 1685/2554/3438 1631/2498/3438 1633/2557/3438
f 610/2528/3439 832/2555/3439 845/2560/3439
f 1633/2557/3440 1631/2498/3440 1632/2547/3440
f 698/2530/3441 613/2506/3441 619/2540/3441
f 749/2561/3442 767/2562/3442 771/2532/3442
f 1023/2563/3443 755/2473/3443 723/2564/3443
f 755/2473/3444 698/2530/3444 723/2564/3444
f 771/2532/3445 770/2475/3445 807/2518/3445
f 406/2507/3446 755/2473/3446 1023/2563/3446
f 870/2565/3447 850/2500/3447 901/2508/3447
f 1082/1415/3448 1057/1417/3448 1081/2541/3448
f 1058/2534/3449 1057/1417/3449 1061/1418/3449
f 56/2549/3450 55/2510/3450 17/2542/3450
f 17/2542/3451 4/2485/3451 1/2558/3451
f 2568/1397/3452 2510/1254/3452 2517/1360/3452
f 2788/2566/3453 2785/1375/3453 2787/1406/3453
f 2788/2566/3454 2787/1406/3454 2789/1405/3454
f 173/1379/3455 188/1400/3455 174/1336/3455
f 1658/2553/3456 1642/2515/3456 1659/2567/3456
f 1659/2567/3457 1642/2515/3457 1643/2545/3457
f 1696/2559/3458 1657/1408/3458 1695/1410/3458
f 1643/2545/3459 1644/2526/3459 1677/2568/3459
f 1677/2568/3460 1644/2526/3460 1685/2554/3460
f 2168/1381/3461 2169/1395/3461 2170/1413/3461
f 610/2528/3462 845/2560/3462 844/1439/3462
f 1690/2569/3463 1685/2554/3463 1633/2557/3463
f 749/2561/3464 733/2570/3464 767/2562/3464
f 698/2530/3465 619/2540/3465 699/2571/3465
f 749/2561/3466 771/2532/3466 807/2518/3466
f 807/2518/3467 850/2500/3467 825/2572/3467
f 399/1472/3468 401/2514/3468 406/2507/3468
f 108/1433/3469 2/1316/3469 15/1315/3469
f 160/1393/3470 204/1427/3470 182/1420/3470
f 1686/1409/3471 1657/1408/3471 1658/2553/3471
f 1677/2568/3472 1685/2554/3472 1690/2569/3472
f 699/2571/3473 619/2540/3473 610/2528/3473
f 825/2572/3474 850/2500/3474 870/2565/3474
f 407/2573/3475 406/2507/3475 1023/2563/3475
f 400/1474/3476 401/2514/3476 399/1472/3476
f 2517/1360/3477 2491/1298/3477 2451/1387/3477
f 171/1428/3478 173/1379/3478 159/1407/3478
f 1686/1409/3479 1658/2553/3479 1660/2574/3479
f 1660/2574/3480 1658/2553/3480 1659/2567/3480
f 1659/2567/3481 1643/2545/3481 1670/2575/3481
f 1699/1411/3482 1686/1409/3482 1698/2576/3482
f 1670/2575/3483 1643/2545/3483 1677/2568/3483
f 1082/1415/3484 1081/2541/3484 1083/2577/3484
f 56/2549/3485 17/2542/3485 18/2578/3485
f 182/1420/3486 193/1426/3486 181/1429/3486
f 735/1438/3487 736/1437/3487 730/2579/3487
f 1698/2576/3488 1686/1409/3488 1660/2574/3488
f 732/2580/3489 733/2570/3489 749/2561/3489
f 700/2581/3490 698/2530/3490 699/2571/3490
f 701/2582/3491 699/2571/3491 610/2528/3491
f 749/2561/3492 807/2518/3492 764/2583/3492
f 104/2584/3493 105/2533/3493 87/2519/3493
f 18/2578/3494 17/2542/3494 1/2558/3494
f 1/2558/3495 2/1316/3495 3/1434/3495
f 701/2582/3496 610/2528/3496 703/1470/3496
f 703/1470/3497 610/2528/3497 844/1439/3497
f 703/1470/3498 844/1439/3498 735/1438/3498
f 731/2585/3499 733/2570/3499 732/2580/3499
f 723/2564/3500 698/2530/3500 700/2581/3500
f 700/2581/3501 699/2571/3501 701/2582/3501
f 732/2580/3502 749/2561/3502 764/2583/3502
f 870/2565/3503 901/2508/3503 900/2586/3503
f 104/2584/3504 87/2519/3504 86/2587/3504
f 86/2587/3505 87/2519/3505 56/2549/3505
f 2568/1397/3506 2517/1360/3506 2506/1431/3506
f 730/2579/3507 729/2588/3507 727/2589/3507
f 729/2588/3508 731/2585/3508 728/2590/3508
f 728/2590/3509 731/2585/3509 732/2580/3509
f 700/2581/3510 701/2582/3510 702/1469/3510
f 764/2583/3511 807/2518/3511 825/2572/3511
f 399/1472/3512 406/2507/3512 407/2573/3512
f 727/2589/3513 729/2588/3513 728/2590/3513
f 1064/2591/3514 1061/1418/3514 1062/1416/3514
f 56/2549/3515 18/2578/3515 59/2592/3515
f 734/2593/3516 735/1438/3516 730/2579/3516
f 734/2593/3517 730/2579/3517 727/2589/3517
f 703/1470/3518 735/1438/3518 734/2593/3518
f 723/2564/3519 700/2581/3519 710/2594/3519
f 710/2594/3520 700/2581/3520 702/1469/3520
f 702/1469/3521 701/2582/3521 703/1470/3521
f 799/2595/3522 764/2583/3522 825/2572/3522
f 825/2572/3523 870/2565/3523 859/2596/3523
f 1082/1415/3524 1083/2577/3524 1084/1481/3524
f 86/2587/3525 56/2549/3525 59/2592/3525
f 705/2597/3526 703/1470/3526 734/2593/3526
f 799/2595/3527 825/2572/3527 826/2598/3527
f 859/2596/3528 870/2565/3528 900/2586/3528
f 1065/1448/3529 1082/1415/3529 1084/1481/3529
f 1064/2591/3530 1062/1416/3530 1065/1448/3530
f 5/1494/3531 1/2558/3531 3/1434/3531
f 734/2593/3532 727/2589/3532 706/2599/3532
f 705/2597/3533 734/2593/3533 706/2599/3533
f 705/2597/3534 704/1471/3534 703/1470/3534
f 732/2580/3535 764/2583/3535 799/2595/3535
f 407/2573/3536 1023/2563/3536 408/1504/3536
f 18/2578/3537 1/2558/3537 5/1494/3537
f 717/2600/3538 727/2589/3538 728/2590/3538
f 717/2600/3539 728/2590/3539 732/2580/3539
f 724/2601/3540 723/2564/3540 710/2594/3540
f 710/2594/3541 702/1469/3541 709/2602/3541
f 1023/2563/3542 723/2564/3542 1024/2603/3542
f 1024/2603/3543 723/2564/3543 724/2601/3543
f 826/2598/3544 825/2572/3544 859/2596/3544
f 859/2596/3545 900/2586/3545 903/2604/3545
f 101/2605/3546 104/2584/3546 86/2587/3546
f 397/2606/3547 400/1474/3547 395/1473/3547
f 1066/1492/3548 1064/2591/3548 1065/1448/3548
f 709/2602/3549 702/1469/3549 704/1471/3549
f 704/1471/3550 705/2597/3550 706/2599/3550
f 706/2599/3551 727/2589/3551 717/2600/3551
f 5/1494/3552 3/1434/3552 6/1462/3552
f 704/1471/3553 706/2599/3553 707/2607/3553
f 724/2601/3554 710/2594/3554 709/2602/3554
f 717/2600/3555 732/2580/3555 769/2608/3555
f 843/2609/3556 799/2595/3556 826/2598/3556
f 1023/2563/3557 1024/2603/3557 408/1504/3557
f 393/2610/3558 397/2606/3558 395/1473/3558
f 101/2605/3559 86/2587/3559 64/2611/3559
f 64/2611/3560 86/2587/3560 59/2592/3560
f 59/2592/3561 18/2578/3561 21/2612/3561
f 21/2612/3562 18/2578/3562 5/1494/3562
f 2596/1476/3563 2566/1475/3563 2594/2613/3563
f 2468/1435/3564 2516/1486/3564 2525/1463/3564
f 708/2614/3565 709/2602/3565 704/1471/3565
f 708/2614/3566 704/1471/3566 707/2607/3566
f 707/2607/3567 706/2599/3567 711/2615/3567
f 711/2615/3568 706/2599/3568 717/2600/3568
f 769/2608/3569 732/2580/3569 799/2595/3569
f 398/1503/3570 407/2573/3570 408/1504/3570
f 398/1503/3571 399/1472/3571 407/2573/3571
f 64/2611/3572 59/2592/3572 21/2612/3572
f 711/2615/3573 717/2600/3573 763/2616/3573
f 763/2616/3574 717/2600/3574 769/2608/3574
f 843/2609/3575 826/2598/3575 859/2596/3575
f 395/1473/3576 399/1472/3576 398/1503/3576
f 718/2617/3577 707/2607/3577 711/2615/3577
f 833/2618/3578 769/2608/3578 799/2595/3578
f 14/2619/3579 5/1494/3579 13/1493/3579
f 718/2617/3580 708/2614/3580 707/2607/3580
f 750/2620/3581 724/2601/3581 709/2602/3581
f 1024/2603/3582 724/2601/3582 750/2620/3582
f 833/2618/3583 799/2595/3583 843/2609/3583
f 843/2609/3584 859/2596/3584 885/2621/3584
f 885/2621/3585 859/2596/3585 903/2604/3585
f 395/1473/3586 398/1503/3586 392/2622/3586
f 21/2612/3587 5/1494/3587 14/2619/3587
f 750/2620/3588 709/2602/3588 726/2623/3588
f 726/2623/3589 709/2602/3589 725/2624/3589
f 725/2624/3590 709/2602/3590 708/2614/3590
f 725/2624/3591 708/2614/3591 718/2617/3591
f 718/2617/3592 711/2615/3592 763/2616/3592
f 404/1502/3593 408/1504/3593 1024/2603/3593
f 394/2625/3594 398/1503/3594 404/1502/3594
f 392/2622/3595 398/1503/3595 394/2625/3595
f 763/2616/3596 769/2608/3596 810/2626/3596
f 127/2627/3597 101/2605/3597 100/2628/3597
f 393/2610/3598 395/1473/3598 392/2622/3598
f 100/2628/3599 101/2605/3599 71/2629/3599
f 71/2629/3600 101/2605/3600 64/2611/3600
f 22/2630/3601 21/2612/3601 14/2619/3601
f 2594/2613/3602 2566/1475/3602 2572/1532/3602
f 2411/1529/3603 2388/1507/3603 2365/1490/3603
f 361/1517/3604 393/2610/3604 392/2622/3604
f 364/1516/3605 393/2610/3605 361/1517/3605
f 64/2611/3606 21/2612/3606 22/2630/3606
f 16/1521/3607 14/2619/3607 13/1493/3607
f 2548/1509/3608 2572/1532/3608 2566/1475/3608
f 718/2617/3609 763/2616/3609 772/2631/3609
f 812/2632/3610 769/2608/3610 833/2618/3610
f 71/2629/3611 64/2611/3611 22/2630/3611
f 22/2630/3612 14/2619/3612 16/1521/3612
f 725/2624/3613 718/2617/3613 772/2631/3613
f 752/2633/3614 1024/2603/3614 750/2620/3614
f 752/2633/3615 750/2620/3615 726/2623/3615
f 762/2634/3616 726/2623/3616 725/2624/3616
f 772/2631/3617 763/2616/3617 809/2635/3617
f 809/2635/3618 763/2616/3618 810/2626/3618
f 810/2626/3619 769/2608/3619 812/2632/3619
f 404/1502/3620 1024/2603/3620 752/2633/3620
f 833/2618/3621 843/2609/3621 855/2636/3621
f 855/2636/3622 843/2609/3622 885/2621/3622
f 389/2637/3623 392/2622/3623 394/2625/3623
f 752/2633/3624 726/2623/3624 758/2638/3624
f 758/2638/3625 726/2623/3625 762/2634/3625
f 762/2634/3626 725/2624/3626 824/2639/3626
f 361/1517/3627 392/2622/3627 390/1596/3627
f 360/1542/3628 363/1518/3628 361/1517/3628
f 2507/1533/3629 2492/1499/3629 2477/1515/3629
f 773/2640/3630 725/2624/3630 772/2631/3630
f 404/1502/3631 752/2633/3631 391/1534/3631
f 388/1535/3632 394/2625/3632 404/1502/3632
f 389/2637/3633 394/2625/3633 388/1535/3633
f 390/1596/3634 392/2622/3634 389/2637/3634
f 118/2641/3635 127/2627/3635 100/2628/3635
f 824/2639/3636 725/2624/3636 773/2640/3636
f 812/2632/3637 833/2618/3637 855/2636/3637
f 857/2642/3638 855/2636/3638 885/2621/3638
f 361/1517/3639 390/1596/3639 356/1541/3639
f 100/2628/3640 71/2629/3640 90/2643/3640
f 90/2643/3641 71/2629/3641 62/2644/3641
f 71/2629/3642 22/2630/3642 62/2644/3642
f 62/2644/3643 22/2630/3643 16/1521/3643
f 758/2638/3644 762/2634/3644 876/2645/3644
f 762/2634/3645 824/2639/3645 875/2646/3645
f 876/2645/3646 762/2634/3646 875/2646/3646
f 759/2647/3647 752/2633/3647 758/2638/3647
f 809/2635/3648 810/2626/3648 812/2632/3648
f 857/2642/3649 885/2621/3649 904/2648/3649
f 118/2641/3650 100/2628/3650 90/2643/3650
f 63/1543/3651 62/2644/3651 16/1521/3651
f 1583/1554/3652 1589/1553/3652 1590/2649/3652
f 1584/1573/3653 1583/1554/3653 1590/2649/3653
f 1473/2650/3654 1476/2651/3654 1474/2652/3654
f 1469/2653/3655 1474/2652/3655 1478/2654/3655
f 1469/2653/3656 1478/2654/3656 1479/2655/3656
f 773/2640/3657 772/2631/3657 774/2656/3657
f 391/1534/3658 752/2633/3658 402/2657/3658
f 402/2657/3659 752/2633/3659 759/2647/3659
f 819/2658/3660 875/2646/3660 824/2639/3660
f 819/2658/3661 824/2639/3661 773/2640/3661
f 811/2659/3662 809/2635/3662 812/2632/3662
f 2474/1544/3663 2476/1538/3663 2475/1525/3663
f 2500/1551/3664 2668/1568/3664 2669/1585/3664
f 1473/2650/3665 1474/2652/3665 1466/2660/3665
f 1466/2660/3666 1474/2652/3666 1469/2653/3666
f 1469/2653/3667 1479/2655/3667 1468/2661/3667
f 819/2658/3668 773/2640/3668 818/2662/3668
f 389/2637/3669 388/1535/3669 386/2663/3669
f 812/2632/3670 855/2636/3670 857/2642/3670
f 390/1596/3671 389/2637/3671 386/2663/3671
f 2651/2664/3672 2582/1531/3672 2650/1576/3672
f 2582/1531/3673 2548/1509/3673 2547/1617/3673
f 2547/1617/3674 2548/1509/3674 2507/1533/3674
f 2473/1552/3675 2669/1585/3675 2670/2665/3675
f 1396/2666/3676 1397/2667/3676 1385/1607/3676
f 1475/2668/3677 1473/2650/3677 1472/2669/3677
f 1472/2669/3678 1473/2650/3678 1470/2670/3678
f 1473/2650/3679 1466/2660/3679 1470/2670/3679
f 1466/2660/3680 1469/2653/3680 1468/2661/3680
f 1466/2660/3681 1468/2661/3681 1461/2671/3681
f 385/2672/3682 391/1534/3682 402/2657/3682
f 814/2673/3683 818/2662/3683 773/2640/3683
f 774/2656/3684 772/2631/3684 798/2674/3684
f 772/2631/3685 809/2635/3685 798/2674/3685
f 386/2663/3686 388/1535/3686 385/2672/3686
f 857/2642/3687 904/2648/3687 905/2675/3687
f 62/2644/3688 63/1543/3688 73/2676/3688
f 2595/1575/3689 2582/1531/3689 2547/1617/3689
f 1396/2666/3690 1385/1607/3690 1395/2677/3690
f 1477/2678/3691 1475/2668/3691 1472/2669/3691
f 1470/2670/3692 1466/2660/3692 1457/2679/3692
f 1457/2679/3693 1466/2660/3693 1461/2671/3693
f 384/2680/3694 385/2672/3694 402/2657/3694
f 1458/2681/3695 1461/2671/3695 1468/2661/3695
f 775/2682/3696 773/2640/3696 774/2656/3696
f 388/1535/3697 391/1534/3697 385/2672/3697
f 811/2659/3698 812/2632/3698 848/2683/3698
f 848/2683/3699 812/2632/3699 857/2642/3699
f 357/1597/3700 390/1596/3700 386/2663/3700
f 117/2684/3701 118/2641/3701 90/2643/3701
f 117/2684/3702 90/2643/3702 94/2685/3702
f 94/2685/3703 90/2643/3703 62/2644/3703
f 94/2685/3704 62/2644/3704 74/2686/3704
f 1378/2687/3705 1396/2666/3705 1374/2688/3705
f 2845/2689/3706 2846/2690/3706 2847/2691/3706
f 1375/2692/3707 1395/2677/3707 1385/1607/3707
f 1375/2692/3708 1385/1607/3708 1379/1606/3708
f 1472/2669/3709 1470/2670/3709 1467/2693/3709
f 1467/2693/3710 1470/2670/3710 1457/2679/3710
f 1458/2681/3711 1457/2679/3711 1461/2671/3711
f 1458/2681/3712 1468/2661/3712 1460/2694/3712
f 820/2695/3713 818/2662/3713 814/2673/3713
f 814/2673/3714 773/2640/3714 775/2682/3714
f 382/2696/3715 385/2672/3715 384/2680/3715
f 798/2674/3716 809/2635/3716 811/2659/3716
f 798/2674/3717 811/2659/3717 808/2697/3717
f 808/2697/3718 811/2659/3718 848/2683/3718
f 848/2683/3719 857/2642/3719 905/2675/3719
f 74/2686/3720 62/2644/3720 73/2676/3720
f 1374/2688/3721 1395/2677/3721 1375/2692/3721
f 1310/1614/3722 1314/1613/3722 1317/2698/3722
f 1310/1614/3723 1317/2698/3723 1315/2699/3723
f 1471/2700/3724 1472/2669/3724 1467/2693/3724
f 1459/2701/3725 1467/2693/3725 1457/2679/3725
f 1457/2679/3726 1458/2681/3726 1459/2701/3726
f 1459/2701/3727 1458/2681/3727 1460/2694/3727
f 386/2663/3728 385/2672/3728 382/2696/3728
f 356/1541/3729 357/1597/3729 346/1640/3729
f 115/2702/3730 117/2684/3730 94/2685/3730
f 2650/1576/3731 2595/1575/3731 2608/1623/3731
f 1378/2687/3732 1374/2688/3732 1373/2703/3732
f 1271/1603/3733 1268/1618/3733 1270/1604/3733
f 1373/2703/3734 1374/2688/3734 1375/2692/3734
f 1373/2703/3735 1375/2692/3735 1376/2704/3735
f 1376/2704/3736 1375/2692/3736 1379/1606/3736
f 1311/2705/3737 1310/1614/3737 1315/2699/3737
f 1471/2700/3738 1467/2693/3738 1462/2706/3738
f 1467/2693/3739 1459/2701/3739 1462/2706/3739
f 1462/2706/3740 1459/2701/3740 1460/2694/3740
f 1462/2706/3741 1460/2694/3741 1463/2707/3741
f 382/2696/3742 384/2680/3742 383/2708/3742
f 815/2709/3743 820/2695/3743 814/2673/3743
f 356/1541/3744 346/1640/3744 348/1598/3744
f 85/2710/3745 94/2685/3745 74/2686/3745
f 74/2686/3746 73/2676/3746 75/2711/3746
f 1373/2703/3747 1377/2712/3747 1378/2687/3747
f 1377/2712/3748 1373/2703/3748 1376/2704/3748
f 1380/1620/3749 1376/2704/3749 1379/1606/3749
f 1315/2699/3750 1319/2713/3750 1316/2714/3750
f 1309/1616/3751 1310/1614/3751 1311/2705/3751
f 1309/1616/3752 1311/2705/3752 1312/2715/3752
f 1464/2716/3753 1462/2706/3753 1463/2707/3753
f 1465/2717/3754 1464/2716/3754 1463/2707/3754
f 405/2718/3755 815/2709/3755 411/2719/3755
f 815/2709/3756 814/2673/3756 411/2719/3756
f 411/2719/3757 814/2673/3757 775/2682/3757
f 774/2656/3758 798/2674/3758 797/2720/3758
f 798/2674/3759 808/2697/3759 797/2720/3759
f 357/1597/3760 386/2663/3760 345/1646/3760
f 345/1646/3761 386/2663/3761 382/2696/3761
f 848/2683/3762 905/2675/3762 908/2721/3762
f 115/2702/3763 94/2685/3763 85/2710/3763
f 76/2722/3764 85/2710/3764 74/2686/3764
f 211/1548/3765 225/1608/3765 208/1629/3765
f 76/2722/3766 74/2686/3766 75/2711/3766
f 2513/1622/3767 2547/1617/3767 2523/1624/3767
f 1269/1619/3768 1268/1618/3768 1273/2723/3768
f 1383/2724/3769 1381/2725/3769 1382/2726/3769
f 1381/2725/3770 1377/2712/3770 1376/2704/3770
f 1269/1619/3771 1273/2723/3771 1274/2727/3771
f 1382/2726/3772 1381/2725/3772 1376/2704/3772
f 1269/1619/3773 1274/2727/3773 1276/1628/3773
f 1384/1621/3774 1382/2726/3774 1380/1620/3774
f 1382/2726/3775 1376/2704/3775 1380/1620/3775
f 1311/2705/3776 1315/2699/3776 1312/2715/3776
f 1312/2715/3777 1315/2699/3777 1316/2714/3777
f 1312/2715/3778 1316/2714/3778 1318/2728/3778
f 396/2729/3779 387/2730/3779 405/2718/3779
f 396/2729/3780 405/2718/3780 377/2731/3780
f 377/2731/3781 405/2718/3781 411/2719/3781
f 775/2682/3782 774/2656/3782 776/2732/3782
f 776/2732/3783 774/2656/3783 797/2720/3783
f 382/2696/3784 383/2708/3784 376/1650/3784
f 376/1650/3785 383/2708/3785 387/2730/3785
f 357/1597/3786 345/1646/3786 346/1640/3786
f 348/1598/3787 346/1640/3787 347/1642/3787
f 84/2733/3788 85/2710/3788 76/2722/3788
f 1274/2727/3789 1273/2723/3789 1275/2734/3789
f 412/2735/3790 775/2682/3790 776/2732/3790
f 376/1650/3791 387/2730/3791 396/2729/3791
f 345/1646/3792 382/2696/3792 376/1650/3792
f 848/2683/3793 908/2721/3793 907/2736/3793
f 114/2737/3794 115/2702/3794 85/2710/3794
f 114/2737/3795 85/2710/3795 84/2733/3795
f 84/2733/3796 76/2722/3796 78/2738/3796
f 76/2722/3797 75/2711/3797 77/2739/3797
f 78/2738/3798 76/2722/3798 77/2739/3798
f 2603/1656/3799 2608/1623/3799 2513/1622/3799
f 411/2719/3800 775/2682/3800 412/2735/3800
f 797/2720/3801 808/2697/3801 796/2740/3801
f 451/2741/3802 808/2697/3802 848/2683/3802
f 377/2731/3803 411/2719/3803 410/2742/3803
f 410/2742/3804 411/2719/3804 412/2735/3804
f 412/2735/3805 776/2732/3805 777/2743/3805
f 796/2740/3806 808/2697/3806 788/2744/3806
f 788/2744/3807 808/2697/3807 451/2741/3807
f 451/2741/3808 848/2683/3808 907/2736/3808
f 410/2742/3809 412/2735/3809 415/2745/3809
f 776/2732/3810 797/2720/3810 796/2740/3810
f 341/1651/3811 376/1650/3811 374/1679/3811
f 116/2746/3812 114/2737/3812 84/2733/3812
f 84/2733/3813 78/2738/3813 80/2747/3813
f 80/2747/3814 78/2738/3814 79/2748/3814
f 79/2748/3815 78/2738/3815 77/2739/3815
f 2602/1657/3816 2603/1656/3816 2513/1622/3816
f 376/1650/3817 396/2729/3817 377/2731/3817
f 344/1641/3818 345/1646/3818 341/1651/3818
f 451/2741/3819 452/2749/3819 444/2750/3819
f 444/2750/3820 452/2749/3820 445/2751/3820
f 2602/1657/3821 2513/1622/3821 2481/1652/3821
f 376/1650/3822 377/2731/3822 375/2752/3822
f 381/2753/3823 377/2731/3823 410/2742/3823
f 777/2743/3824 776/2732/3824 778/2754/3824
f 778/2754/3825 776/2732/3825 796/2740/3825
f 2736/2755/3826 2737/2756/3826 2738/2757/3826
f 1954/2758/3827 1957/2759/3827 1955/2760/3827
f 1954/2758/3828 1955/2760/3828 1956/2761/3828
f 443/2762/3829 451/2741/3829 444/2750/3829
f 379/2763/3830 415/2745/3830 412/2735/3830
f 375/2752/3831 377/2731/3831 381/2753/3831
f 374/1679/3832 376/1650/3832 375/2752/3832
f 788/2744/3833 451/2741/3833 795/1690/3833
f 795/1690/3834 451/2741/3834 443/2762/3834
f 444/2750/3835 445/2751/3835 442/2764/3835
f 81/2765/3836 80/2747/3836 79/2748/3836
f 2604/1681/3837 2602/1657/3837 2481/1652/3837
f 381/2753/3838 414/2766/3838 379/2763/3838
f 375/2752/3839 381/2753/3839 379/2763/3839
f 414/2766/3840 415/2745/3840 379/2763/3840
f 778/2754/3841 796/2740/3841 788/2744/3841
f 344/1641/3842 341/1651/3842 343/1664/3842
f 81/2765/3843 79/2748/3843 82/1695/3843
f 82/1695/3844 79/2748/3844 88/2767/3844
f 2605/1675/3845 2602/1657/3845 2604/1681/3845
f 779/2768/3846 412/2735/3846 777/2743/3846
f 778/2754/3847 788/2744/3847 787/2769/3847
f 443/2762/3848 444/2750/3848 440/2770/3848
f 440/2770/3849 444/2750/3849 442/2764/3849
f 2604/1681/3850 2481/1652/3850 2480/1699/3850
f 2481/1652/3851 2444/1678/3851 2480/1699/3851
f 379/2763/3852 412/2735/3852 779/2768/3852
f 787/2769/3853 788/2744/3853 795/1690/3853
f 795/1690/3854 443/2762/3854 441/2771/3854
f 441/2771/3855 443/2762/3855 440/2770/3855
f 82/1695/3856 88/2767/3856 89/1693/3856
f 248/1666/3857 218/1665/3857 232/1686/3857
f 375/2752/3858 379/2763/3858 372/2772/3858
f 374/1679/3859 375/2752/3859 371/1705/3859
f 440/2770/3860 442/2764/3860 439/2773/3860
f 2606/1682/3861 2604/1681/3861 2480/1699/3861
f 372/2772/3862 379/2763/3862 779/2768/3862
f 777/2743/3863 778/2754/3863 780/2774/3863
f 371/1705/3864 375/2752/3864 372/2772/3864
f 787/2769/3865 795/1690/3865 781/2775/3865
f 794/1688/3866 795/1690/3866 441/2771/3866
f 342/1680/3867 374/1679/3867 371/1705/3867
f 343/1664/3868 342/1680/3868 349/1723/3868
f 93/2776/3869 81/2765/3869 83/1694/3869
f 83/1694/3870 81/2765/3870 82/1695/3870
f 218/1665/3871 220/1655/3871 221/1691/3871
f 232/1686/3872 218/1665/3872 223/1692/3872
f 779/2768/3873 777/2743/3873 780/2774/3873
f 778/2754/3874 787/2769/3874 781/2775/3874
f 781/2775/3875 795/1690/3875 793/1689/3875
f 441/2771/3876 440/2770/3876 438/2777/3876
f 438/2777/3877 440/2770/3877 439/2773/3877
f 372/2772/3878 779/2768/3878 780/2774/3878
f 780/2774/3879 778/2754/3879 781/2775/3879
f 794/1688/3880 441/2771/3880 438/2777/3880
f 1731/1716/3881 1736/2778/3881 1741/2779/3881
f 1735/1708/3882 1741/2779/3882 1742/1702/3882
f 371/1705/3883 372/2772/3883 370/1712/3883
f 438/2777/3884 439/2773/3884 436/2780/3884
f 1731/1716/3885 1741/2779/3885 1732/1717/3885
f 1732/1717/3886 1741/2779/3886 1735/1708/3886
f 794/1688/3887 438/2777/3887 437/1713/3887
f 437/1713/3888 438/2777/3888 436/2780/3888
f 793/1689/3889 794/1688/3889 783/1714/3889
f 1727/2781/3890 1736/2778/3890 1731/1716/3890
f 349/1723/3891 342/1680/3891 350/1706/3891
f 372/2772/3892 780/2774/3892 373/2782/3892
f 781/2775/3893 793/1689/3893 783/1714/3893
f 1727/2781/3894 1731/1716/3894 1719/2783/3894
f 1719/2783/3895 1731/1716/3895 1722/1718/3895
f 221/1691/3896 226/2784/3896 222/1707/3896
f 1732/1717/3897 1735/1708/3897 1734/1727/3897
f 1734/1727/3898 1735/1708/3898 1737/1701/3898
f 1734/1727/3899 1737/1701/3899 1738/1729/3899
f 370/1712/3900 372/2772/3900 368/2785/3900
f 372/2772/3901 373/2782/3901 368/2785/3901
f 781/2775/3902 783/1714/3902 782/2786/3902
f 437/1713/3903 436/2780/3903 435/2787/3903
f 435/2787/3904 436/2780/3904 429/2788/3904
f 1718/1741/3905 1727/2781/3905 1719/2783/3905
f 1722/1718/3906 1732/1717/3906 1734/1727/3906
f 2430/1725/3907 2429/1683/3907 2428/1704/3907
f 780/2774/3908 781/2775/3908 782/2786/3908
f 373/2782/3909 780/2774/3909 782/2786/3909
f 790/2789/3910 437/1713/3910 852/2790/3910
f 437/1713/3911 435/2787/3911 434/2791/3911
f 852/2790/3912 437/1713/3912 434/2791/3912
f 350/1706/3913 370/1712/3913 352/2792/3913
f 783/1714/3914 437/1713/3914 790/2789/3914
f 1718/1741/3915 1719/2783/3915 1717/1734/3915
f 1717/1734/3916 1719/2783/3916 1722/1718/3916
f 1717/1734/3917 1722/1718/3917 1729/1732/3917
f 351/1722/3918 350/1706/3918 352/2792/3918
f 1729/1732/3919 1722/1718/3919 1728/1749/3919
f 1728/1749/3920 1722/1718/3920 1733/1728/3920
f 2447/1711/3921 2448/1743/3921 2430/1725/3921
f 782/2786/3922 783/1714/3922 784/2793/3922
f 791/2794/3923 790/2789/3923 852/2790/3923
f 435/2787/3924 429/2788/3924 434/2791/3924
f 434/2791/3925 429/2788/3925 428/1755/3925
f 784/2793/3926 783/1714/3926 789/2795/3926
f 783/1714/3927 790/2789/3927 789/2795/3927
f 789/2795/3928 790/2789/3928 791/2794/3928
f 428/1755/3929 429/2788/3929 430/1756/3929
f 222/1707/3930 226/2784/3930 227/1724/3930
f 1728/1749/3931 1733/1728/3931 1726/1745/3931
f 2445/1744/3932 2434/1726/3932 2435/1736/3932
f 368/2785/3933 373/2782/3933 369/2796/3933
f 369/2796/3934 373/2782/3934 782/2786/3934
f 852/2790/3935 434/2791/3935 446/2797/3935
f 791/2794/3936 852/2790/3936 446/2797/3936
f 352/2792/3937 370/1712/3937 353/1769/3937
f 353/1769/3938 370/1712/3938 368/2785/3938
f 1728/1749/3939 1726/1745/3939 1724/1771/3939
f 1726/1745/3940 1739/1738/3940 1740/1751/3940
f 2488/1761/3941 2591/1740/3941 2486/1739/3941
f 369/2796/3942 782/2786/3942 367/2798/3942
f 792/2799/3943 791/2794/3943 446/2797/3943
f 784/2793/3944 789/2795/3944 786/2800/3944
f 789/2795/3945 791/2794/3945 792/2799/3945
f 1721/1748/3946 1728/1749/3946 1724/1771/3946
f 1724/1771/3947 1726/1745/3947 1725/1752/3947
f 434/2791/3948 428/1755/3948 432/2801/3948
f 446/2797/3949 434/2791/3949 432/2801/3949
f 368/2785/3950 369/2796/3950 366/2802/3950
f 792/2799/3951 446/2797/3951 447/2803/3951
f 227/1724/3952 226/2784/3952 228/1778/3952
f 1721/1748/3953 1724/1771/3953 1712/1763/3953
f 227/1724/3954 228/1778/3954 229/1746/3954
f 2441/1754/3955 2445/1744/3955 2435/1736/3955
f 2441/1754/3956 2435/1736/3956 2436/1759/3956
f 446/2797/3957 432/2801/3957 447/2803/3957
f 784/2793/3958 786/2800/3958 785/2804/3958
f 782/2786/3959 784/2793/3959 785/2804/3959
f 428/1755/3960 431/1757/3960 432/2801/3960
f 432/2801/3961 431/1757/3961 433/2805/3961
f 353/1769/3962 368/2785/3962 366/2802/3962
f 789/2795/3963 792/2799/3963 827/2806/3963
f 786/2800/3964 789/2795/3964 827/2806/3964
f 351/1722/3965 352/2792/3965 353/1769/3965
f 1715/2807/3966 1714/1742/3966 1713/1762/3966
f 2441/1754/3967 2470/1773/3967 2575/1765/3967
f 2485/1737/3968 2441/1754/3968 2575/1765/3968
f 366/2802/3969 369/2796/3969 367/2798/3969
f 367/2798/3970 782/2786/3970 785/2804/3970
f 827/2806/3971 792/2799/3971 846/2808/3971
f 792/2799/3972 447/2803/3972 846/2808/3972
f 226/2784/3973 231/2809/3973 228/1778/3973
f 447/2803/3974 432/2801/3974 449/2810/3974
f 367/2798/3975 785/2804/3975 403/2811/3975
f 785/2804/3976 786/2800/3976 403/2811/3976
f 353/1769/3977 366/2802/3977 355/2812/3977
f 827/2806/3978 846/2808/3978 893/2813/3978
f 846/2808/3979 918/2814/3979 894/2815/3979
f 893/2813/3980 846/2808/3980 894/2815/3980
f 1253/1768/3981 1246/1767/3981 1243/1786/3981
f 1730/2816/3982 1715/2807/3982 1713/1762/3982
f 354/1770/3983 353/1769/3983 355/2812/3983
f 1713/1762/3984 1712/1763/3984 1720/2817/3984
f 1720/2817/3985 1712/1763/3985 1723/1772/3985
f 1251/2818/3986 1252/2819/3986 1242/2820/3986
f 1251/2818/3987 1242/2820/3987 1250/1799/3987
f 2487/1760/3988 2575/1765/3988 2576/1793/3988
f 365/2821/3989 366/2802/3989 367/2798/3989
f 365/2821/3990 367/2798/3990 403/2811/3990
f 403/2811/3991 786/2800/3991 423/2822/3991
f 355/2812/3992 366/2802/3992 365/2821/3992
f 423/2822/3993 786/2800/3993 827/2806/3993
f 1246/1767/3994 1255/1777/3994 1240/1785/3994
f 1707/2823/3995 1730/2816/3995 1706/2824/3995
f 1257/2825/3996 1243/1786/3996 1254/2826/3996
f 1504/2827/3997 1508/2828/3997 1507/1788/3997
f 1254/2826/3998 1243/1786/3998 1244/2829/3998
f 1706/2824/3999 1730/2816/3999 1713/1762/3999
f 1706/2824/4000 1713/1762/4000 1720/2817/4000
f 228/1778/4001 231/2809/4001 230/1779/4001
f 1501/1783/4002 1507/1788/4002 1505/1781/4002
f 1497/1787/4003 1501/1783/4003 1498/1782/4003
f 1252/2819/4004 1254/2826/4004 1244/2829/4004
f 1252/2819/4005 1244/2829/4005 1242/2820/4005
f 1720/2817/4006 1723/1772/4006 1705/1795/4006
f 2554/1780/4007 2470/1773/4007 2527/1791/4007
f 1705/1795/4008 1723/1772/4008 1709/1792/4008
f 1250/1799/4009 1242/2820/4009 1239/1797/4009
f 432/2801/4010 433/2805/4010 448/2830/4010
f 449/2810/4011 432/2801/4011 448/2830/4011
f 355/2812/4012 365/2821/4012 358/1810/4012
f 423/2822/4013 827/2806/4013 422/2831/4013
f 1240/1785/4014 1255/1777/4014 1245/1801/4014
f 448/2830/4015 433/2805/4015 450/2832/4015
f 422/2831/4016 827/2806/4016 893/2813/4016
f 1243/1786/4017 1240/1785/4017 1236/1804/4017
f 1497/1787/4018 1504/2827/4018 1507/1788/4018
f 1502/2833/4019 1504/2827/4019 1497/1787/4019
f 1244/2829/4020 1243/1786/4020 1236/1804/4020
f 1502/2833/4021 1497/1787/4021 1499/2834/4021
f 1497/1787/4022 1498/1782/4022 1499/2834/4022
f 1242/2820/4023 1244/2829/4023 1236/1804/4023
f 1242/2820/4024 1236/1804/4024 1239/1797/4024
f 1706/2824/4025 1720/2817/4025 1705/1795/4025
f 1499/2834/4026 1498/1782/4026 1500/2835/4026
f 365/2821/4027 403/2811/4027 380/2836/4027
f 403/2811/4028 423/2822/4028 422/2831/4028
f 380/2836/4029 403/2811/4029 422/2831/4029
f 453/2837/4030 449/2810/4030 448/2830/4030
f 358/1810/4031 365/2821/4031 378/1808/4031
f 1708/2838/4032 1707/2823/4032 1702/2839/4032
f 354/1770/4033 355/2812/4033 358/1810/4033
f 1506/2840/4034 1504/2827/4034 1502/2833/4034
f 1707/2823/4035 1706/2824/4035 1702/2839/4035
f 1702/2839/4036 1706/2824/4036 1703/2841/4036
f 1239/1797/4037 1236/1804/4037 1238/1805/4037
f 1703/2841/4038 1706/2824/4038 1705/1795/4038
f 1703/2841/4039 1705/1795/4039 1704/1794/4039
f 230/1779/4040 235/1811/4040 244/1789/4040
f 378/1808/4041 365/2821/4041 380/2836/4041
f 1241/1802/4042 1245/1801/4042 1258/2842/4042
f 1506/2840/4043 1502/2833/4043 1503/2843/4043
f 354/1770/4044 358/1810/4044 362/1809/4044
f 1499/2834/4045 1503/2843/4045 1502/2833/4045
f 230/1779/4046 231/2809/4046 234/2844/4046
f 230/1779/4047 234/2844/4047 235/1811/4047
f 1702/2839/4048 1703/2841/4048 1700/2845/4048
f 1503/2843/4049 1499/2834/4049 1500/2835/4049
f 1703/2841/4050 1704/1794/4050 1700/2845/4050
f 1088/2846/4051 1094/2847/4051 1092/2848/4051
f 1092/2848/4052 1095/2849/4052 1089/2850/4052
f 1710/2851/4053 1708/2838/4053 1702/2839/4053
f 1093/2852/4054 1094/2847/4054 1088/2846/4054
f 1088/2846/4055 1092/2848/4055 1089/2850/4055
f 1089/2850/4056 1095/2849/4056 1097/2853/4056
f 1237/1803/4057 1241/1802/4057 1248/2854/4057
f 1701/2855/4058 1710/2851/4058 1702/2839/4058
f 1088/2846/4059 1089/2850/4059 1090/2856/4059
f 1090/2856/4060 1089/2850/4060 1097/2853/4060
f 1237/1803/4061 1248/2854/4061 1249/2857/4061
f 1700/2845/4062 1701/2855/4062 1702/2839/4062
f 1093/2852/4063 1088/2846/4063 1091/2858/4063
f 1091/2858/4064 1088/2846/4064 1090/2856/4064
f 1238/1805/4065 1237/1803/4065 1249/2857/4065
f 1096/2859/4066 1093/2852/4066 1091/2858/4066
f 1090/2856/4067 1097/2853/4067 1098/2860/4067
f 1099/2861/4068 1096/2859/4068 1091/2858/4068
f 1099/2861/4069 1091/2858/4069 1090/2856/4069
f 1099/2861/4070 1090/2856/4070 1098/2860/4070
f 1247/1798/4071 1238/1805/4071 1249/2857/4071
f 2578/1800/4072 2652/2862/4072 2579/1807/4072
