# Blender 4.2.0
# www.blender.org
mtllib Gnathonemus_petersii_3D.mtl
o geometry_0.001
v 0.001478 -0.035096 -0.288359
v 0.002426 -0.032582 -0.275624
v 0.001063 -0.037642 -0.301955
v -0.051524 -0.013264 0.096660
v -0.051444 -0.016324 0.080679
v -0.052129 -0.033762 0.100372
v -0.050338 0.005071 0.080766
v -0.050341 -0.006319 0.067019
v -0.047720 0.023564 0.055930
v -0.048032 0.009910 0.052652
v -0.047409 0.026452 0.071700
v -0.047346 0.032242 0.063383
v -0.050759 -0.031593 0.133221
v -0.049819 -0.018351 0.138460
v -0.048714 -0.006938 0.137281
v -0.047482 -0.014719 0.169536
v -0.046282 0.023057 0.097381
v -0.044294 0.026237 0.120125
v -0.041474 0.028363 0.175417
v -0.040117 0.022716 0.199705
v -0.038658 0.015399 0.219645
v -0.044214 0.033615 0.089887
v -0.042709 0.032797 0.132383
v -0.046123 0.033472 0.068173
v -0.043000 -0.015326 0.203689
v -0.038351 0.004295 0.228326
v -0.047574 -0.030883 0.171614
v -0.037357 0.031298 0.233023
v -0.039743 0.032995 0.209327
v -0.035864 0.053572 0.227753
v -0.037615 0.057624 0.200026
v -0.035782 0.057678 0.222723
v -0.041902 0.036579 0.180721
v -0.042099 0.041586 0.162630
v -0.039131 0.057711 0.168924
v -0.043752 0.040548 0.117212
v -0.033211 0.047039 0.254135
v -0.039853 0.058690 0.114194
v -0.044998 0.039203 0.084270
v -0.030216 0.067069 0.253469
v -0.031779 0.048910 0.271391
v -0.029365 0.066233 0.283022
v -0.033527 0.073117 0.211195
v -0.031174 0.078883 0.224067
v -0.030148 0.074269 0.241134
v -0.026997 0.083340 0.256573
v -0.026654 0.077098 0.284140
v -0.029102 0.087625 0.220143
v -0.045437 0.036947 0.064769
v -0.033332 0.032268 0.257987
v -0.032996 0.028705 0.266908
v -0.034806 -0.000363 0.252968
v -0.031566 0.057199 0.284895
v -0.030727 0.065971 0.294323
v -0.030043 0.089877 0.193924
v -0.040233 0.058987 0.072008
v -0.030612 0.091011 0.158026
v -0.031875 0.088654 0.093489
v -0.039256 -0.016937 0.226730
v -0.034079 -0.017168 0.258159
v -0.035653 -0.015878 0.246419
v -0.038925 -0.028838 0.226725
v -0.050805 -0.046061 0.123295
v -0.048013 -0.044459 0.156065
v -0.051269 -0.048971 0.103507
v -0.030531 0.036464 0.285324
v -0.031167 0.007586 0.281356
v -0.029505 0.040407 0.299334
v -0.030093 -0.004683 0.305959
v -0.029171 0.066176 0.298153
v -0.028816 0.052375 0.313831
v -0.027490 0.062008 0.321687
v -0.029031 0.051847 0.326973
v -0.032288 0.013778 0.328361
v -0.030572 0.007503 0.316730
v -0.027517 0.052063 0.341710
v -0.030387 0.042109 0.332482
v -0.031778 -0.012719 0.269789
v -0.029867 -0.018871 0.289437
v -0.031676 -0.034055 0.268775
v -0.029219 -0.034996 0.280271
v -0.028676 -0.043173 0.282009
v -0.028573 -0.028648 0.297930
v -0.029830 -0.013038 0.324701
v -0.031927 0.029632 0.339447
v -0.031213 0.036105 0.346571
v -0.032473 0.019493 0.339022
v -0.032967 0.011239 0.347923
v -0.032614 0.000679 0.345795
v -0.032182 -0.001088 0.359134
v -0.032363 0.010553 0.364272
v -0.030658 0.000799 0.371687
v -0.027189 0.071564 0.303759
v -0.031136 0.014398 0.370048
v -0.025444 0.002908 0.397538
v -0.025385 0.014717 0.393602
v -0.019617 0.004619 0.420569
v -0.029327 0.038591 0.358321
v -0.032673 -0.032381 0.253213
v -0.025466 0.022007 0.387599
v -0.048811 -0.057808 0.128642
v -0.028076 -0.025290 0.334246
v -0.050512 -0.037118 0.084118
v -0.030781 -0.037518 0.263557
v -0.026430 -0.037764 0.308092
v -0.042721 -0.043452 0.192133
v -0.030551 -0.051545 0.249066
v -0.027431 -0.048513 0.279550
v -0.029815 0.021847 0.372722
v -0.025077 -0.049648 0.294493
v -0.034599 -0.039002 0.239948
v -0.048699 -0.061808 0.109373
v -0.018044 0.014418 0.419117
v -0.045830 -0.055354 0.154784
v -0.029152 -0.013207 0.362138
v -0.034819 -0.052841 0.216772
v -0.015630 0.007443 0.430438
v -0.048539 -0.013953 0.060085
v -0.048577 -0.026311 0.068090
v -0.023754 0.034164 0.381078
v -0.045789 -0.070695 0.120026
v -0.037112 -0.051023 0.211286
v -0.040615 -0.053930 0.188162
v -0.048225 -0.047769 0.081895
v -0.028851 0.029095 0.370412
v -0.015661 -0.002027 0.429541
v -0.045326 -0.069939 0.128508
v -0.044469 -0.066122 0.140339
v -0.046788 -0.064210 0.097348
v -0.028834 0.035912 0.363441
v -0.045807 0.029629 0.054003
v -0.047810 -0.043306 0.077441
v -0.040865 -0.058804 0.176857
v -0.046088 -0.004276 0.049671
v -0.046205 -0.068118 0.105261
v -0.041437 -0.062043 0.165787
v -0.041508 -0.065519 0.153772
v -0.046577 -0.060434 0.091974
v -0.036053 0.023939 0.342966
v -0.038085 0.029751 0.349961
v -0.038414 0.018574 0.348511
v -0.036972 0.014838 0.355560
v -0.035261 0.019053 0.368840
v -0.034377 0.032195 0.366085
v -0.034362 0.023155 0.371281
v -0.000878 0.063787 0.370397
v -0.009776 0.059447 0.371102
v -0.001047 0.052678 0.386292
v -0.010774 0.045733 0.389856
v -0.008802 0.027587 0.416981
v -0.001159 0.039070 0.405337
v -0.001049 0.019367 0.432756
v -0.010679 0.072309 0.349563
v -0.001090 0.076557 0.349431
v -0.001038 0.085745 0.332708
v -0.009918 0.084217 0.328165
v -0.000732 0.098527 0.308024
v -0.009871 0.094538 0.306967
v -0.009711 0.103550 0.287262
v -0.000458 0.105248 0.293878
v -0.000366 0.110252 0.281998
v -0.013065 0.018542 0.424808
v -0.010270 0.009966 0.436475
v -0.000151 0.114291 0.271014
v -0.000404 0.117899 0.260635
v -0.009936 0.113103 0.259100
v -0.013514 0.035440 0.400274
v -0.016105 0.056459 0.367260
v -0.009828 0.117253 0.244402
v -0.000433 0.122371 0.242637
v -0.002140 0.008730 0.442070
v -0.010112 0.121744 0.221947
v -0.018647 0.104070 0.251217
v -0.017962 0.092718 0.288723
v -0.022082 0.085101 0.291035
v -0.018702 0.081333 0.315813
v -0.022932 0.072904 0.320896
v -0.017414 0.072837 0.336570
v -0.021595 0.044637 0.373786
v -0.001041 0.126197 0.221481
v -0.009817 0.126143 0.191213
v -0.023202 0.056257 0.351512
v -0.000238 0.130470 0.191482
v -0.018863 0.026691 0.401895
v -0.035895 0.034548 0.359445
v -0.035204 0.035261 0.351671
v -0.037120 0.023867 0.366142
v -0.010110 0.128019 0.166565
v -0.000904 0.131936 0.168692
v -0.001053 0.132895 0.123243
v -0.008765 0.129638 0.119040
v -0.001824 0.132154 0.027283
v -0.009313 0.129062 0.021293
v -0.011869 0.127257 0.026212
v -0.010915 0.129549 -0.004094
v -0.000459 0.133726 -0.012178
v -0.001589 0.134595 -0.031652
v -0.010516 0.130434 -0.029081
v -0.011043 0.128269 -0.043144
v -0.001392 0.134380 -0.036257
v -0.004811 0.130403 -0.047700
v -0.011906 0.120440 -0.064922
v -0.004846 0.128655 -0.053848
v -0.004983 0.123980 -0.066897
v -0.005760 0.117187 -0.082012
v -0.001484 0.058840 -0.242156
v -0.001764 0.069943 -0.227696
v -0.000186 0.066915 -0.233634
v 0.000139 0.061494 -0.242258
v 0.001674 0.057723 -0.245509
v 0.001713 0.071308 -0.228098
v -0.000174 0.074427 -0.225684
v 0.000309 0.079826 -0.220179
v 0.000050 0.086310 -0.213818
v -0.000218 0.091418 -0.208136
v -0.002012 0.097369 -0.198799
v -0.000061 0.097159 -0.202697
v -0.000283 0.102922 -0.197275
v -0.000665 0.111577 -0.188892
v -0.000017 0.054496 -0.255831
v 0.000348 0.150821 -0.046562
v -0.002127 0.148421 -0.047731
v -0.000282 0.144008 -0.040669
v -0.000169 0.160330 -0.053968
v -0.000148 0.170990 -0.063553
v -0.002488 0.175442 -0.072442
v -0.000084 0.177521 -0.069204
v -0.002064 0.189423 -0.081679
v -0.000162 0.186552 -0.075921
v 0.000037 0.194869 -0.083030
v -0.002319 0.206246 -0.095694
v -0.000258 0.211122 -0.096882
v -0.000608 0.216900 -0.107524
v -0.002712 0.212450 -0.106979
v -0.003129 0.150546 -0.055857
v -0.004220 0.168642 -0.108953
v -0.003032 0.212815 -0.122125
v -0.005903 0.126420 -0.123745
v -0.006397 0.108372 -0.097678
v -0.006885 0.102663 -0.108147
v -0.004078 0.179642 -0.127661
v -0.007038 0.094586 -0.119623
v -0.003145 0.202230 -0.136546
v -0.003686 0.165261 -0.142939
v -0.005029 0.133431 -0.144988
v -0.006130 0.091378 -0.163903
v -0.003975 0.137899 -0.155899
v -0.006834 0.090053 -0.127661
v -0.006742 0.084078 -0.139584
v -0.006632 0.074804 -0.158244
v -0.005583 0.085310 -0.181440
v -0.007262 0.064178 -0.179799
v -0.003934 0.115021 -0.171136
v -0.004146 0.094878 -0.187285
v -0.007534 0.057225 -0.191539
v -0.004199 0.076409 -0.208171
v -0.007121 0.047951 -0.209870
v -0.004543 0.052007 -0.232464
v -0.002029 0.211640 -0.135297
v -0.006330 0.041525 -0.227946
v -0.003992 0.037647 -0.247608
v -0.002217 0.050617 -0.254742
v -0.001620 0.039310 -0.264436
v -0.000506 0.036804 -0.272398
v -0.001858 0.168069 -0.151494
v -0.002125 0.196511 -0.142879
v -0.000491 0.043498 -0.267830
v -0.000375 0.050293 -0.263362
v -0.001747 0.138976 -0.166148
v -0.001747 0.150725 -0.158705
v -0.001543 0.130433 -0.171315
v -0.000350 0.216877 -0.121070
v -0.009601 0.042843 -0.215364
v 0.000057 0.118690 -0.183589
v -0.000059 0.128185 -0.175297
v -0.000343 -0.057302 -0.376112
v 0.000245 -0.067930 -0.392104
v 0.000174 -0.061662 -0.382292
v -0.001744 -0.068581 -0.401329
v -0.000396 -0.071900 -0.397233
v 0.000333 -0.076966 -0.402973
v -0.001077 -0.082094 -0.412383
v 0.000077 -0.084981 -0.413551
v -0.001599 -0.095358 -0.432158
v -0.000150 -0.093346 -0.423351
v 0.000153 -0.100148 -0.432550
v -0.000157 -0.106158 -0.439358
v 0.000002 -0.112988 -0.449573
v -0.001741 -0.109372 -0.452573
v -0.000800 -0.125176 -0.466518
v -0.000104 -0.121524 -0.459559
v -0.011275 0.127769 0.118541
v -0.018798 0.119097 0.081685
v -0.018812 0.118804 0.119920
v -0.018252 0.118432 0.160401
v -0.017020 0.120937 0.016078
v -0.014797 0.126034 -0.023302
v -0.018184 0.115660 0.194023
v -0.018382 0.111084 0.222040
v -0.023835 0.109077 0.150306
v -0.024720 0.104383 0.191596
v -0.022730 0.110898 0.014120
v -0.018156 0.119886 -0.018715
v -0.026273 0.105000 0.084503
v -0.024449 0.098012 0.233245
v -0.026822 0.102496 0.153411
v -0.025075 0.103596 -0.010107
v -0.026982 0.100755 0.025571
v -0.019328 0.111916 -0.043818
v -0.015697 0.115244 -0.067800
v -0.032941 0.084212 0.045147
v -0.030640 0.086086 -0.002486
v -0.033668 0.078702 0.024779
v -0.021786 0.101942 -0.051514
v -0.029840 0.084010 -0.020706
v -0.031355 0.078641 -0.015932
v -0.040872 0.050552 0.041918
v -0.034848 0.069961 0.005787
v -0.018313 0.099122 -0.085953
v -0.023828 0.087797 -0.064885
v -0.037485 0.056065 0.009854
v -0.035875 0.059291 -0.006390
v -0.044460 0.032200 0.044837
v -0.026804 0.068050 -0.072161
v -0.022544 0.073303 -0.095875
v -0.017786 0.086210 -0.106768
v -0.018139 0.073933 -0.120793
v -0.032575 0.051593 -0.044844
v -0.035561 0.047493 -0.021815
v -0.040274 0.032472 0.003936
v -0.036117 0.032302 -0.031225
v -0.014663 0.112320 -0.078428
v -0.027231 0.049721 -0.088428
v -0.024506 0.047714 -0.105707
v -0.032452 0.033132 -0.060148
v -0.022358 0.039808 -0.127513
v -0.019236 0.052876 -0.133678
v -0.020899 0.021090 -0.170617
v -0.018008 0.038089 -0.166629
v -0.015963 0.028191 -0.210640
v -0.017471 0.015455 -0.223745
v -0.014804 0.025731 -0.234392
v -0.015156 0.021309 -0.270548
v -0.011990 0.029562 -0.315589
v -0.016312 0.016131 -0.258236
v -0.014564 0.068884 -0.143112
v -0.023830 0.024318 -0.131910
v -0.012715 0.021103 -0.318371
v -0.009388 0.030640 -0.343912
v -0.011573 0.054108 -0.183995
v -0.011950 0.061587 -0.166104
v -0.026366 0.029121 -0.105934
v -0.028559 0.032109 -0.090824
v -0.012575 0.032009 -0.237377
v -0.012606 0.039880 -0.209996
v -0.010301 0.017461 -0.344434
v -0.007301 0.034129 -0.360186
v -0.005320 0.042141 -0.361775
v -0.005523 0.042770 -0.375443
v -0.003959 0.064365 -0.386301
v -0.015288 0.084756 -0.120199
v -0.014757 0.005212 -0.288223
v -0.010208 -0.000112 -0.347764
v -0.012512 0.005351 -0.323759
v -0.004528 0.063321 -0.390958
v -0.002093 0.078276 -0.392844
v -0.011348 0.031893 -0.298286
v -0.022676 0.003817 -0.147633
v -0.017774 0.001218 -0.220318
v -0.016643 0.004157 -0.253116
v -0.026069 0.000870 -0.105844
v -0.005166 -0.006644 -0.385324
v -0.002391 0.017680 -0.406937
v -0.003732 -0.015060 -0.400036
v -0.002276 -0.004428 -0.412575
v -0.002629 -0.027729 -0.419978
v -0.001898 -0.028655 -0.434951
v -0.001959 -0.043208 -0.449153
v -0.036438 0.001395 -0.030978
v -0.002426 -0.062156 -0.424918
v -0.003054 -0.038643 -0.403986
v -0.003914 -0.030751 -0.387349
v -0.002333 -0.077863 -0.451046
v -0.002607 -0.077644 -0.433425
v -0.001606 -0.063795 -0.469878
v -0.001424 -0.080024 -0.488825
v -0.002104 -0.109460 -0.468084
v -0.001610 -0.098687 -0.499376
v -0.003780 0.042460 -0.398960
v -0.001594 0.033501 -0.424583
v -0.002186 -0.097049 -0.455224
v -0.001649 -0.127713 -0.479266
v -0.001464 -0.122487 -0.499192
v -0.004130 0.081704 -0.409318
v -0.003092 0.092658 -0.449147
v -0.003563 0.097895 -0.427873
v -0.002660 0.116942 -0.453805
v -0.002423 0.106524 -0.474085
v -0.001409 0.131085 -0.482055
v -0.001189 0.125733 -0.495092
v -0.002534 0.068400 -0.446092
v -0.001634 0.053922 -0.446580
v -0.015758 -0.004548 -0.264912
v -0.010748 -0.014851 -0.336223
v -0.013586 -0.009932 -0.298674
v -0.000724 0.134699 -0.470006
v -0.038796 0.001636 -0.003769
v -0.041645 0.018676 0.020683
v -0.044450 0.018095 0.046178
v -0.006191 -0.023627 -0.367224
v -0.031228 0.001175 -0.068301
v -0.028229 0.003321 -0.092288
v -0.001014 0.096435 -0.485397
v -0.000300 0.110802 -0.498909
v -0.002006 -0.060012 -0.402619
v -0.002223 -0.046877 -0.373432
v -0.040640 0.002762 0.019781
v -0.043563 0.007880 0.043234
v -0.034489 -0.020647 -0.034854
v -0.002063 0.115198 -0.440964
v -0.028518 -0.017263 -0.078802
v -0.030969 -0.043068 -0.046027
v 0.000116 0.135436 -0.488226
v -0.036941 -0.020400 0.001587
v -0.019679 -0.010433 -0.168743
v -0.022144 -0.017963 -0.121902
v -0.025159 -0.027353 -0.092338
v -0.000632 -0.054998 -0.467013
v 0.000052 -0.071822 -0.486045
v -0.031166 -0.049035 -0.035269
v -0.033446 -0.043741 -0.002548
v -0.038448 -0.018404 0.032049
v -0.041279 -0.007875 0.045136
v -0.039578 -0.020423 0.048284
v -0.004049 -0.036435 -0.357675
v -0.027558 -0.047205 -0.061888
v -0.015962 -0.009145 -0.225178
v -0.001839 0.095743 -0.412751
v 0.000114 0.126628 -0.499516
v -0.013462 -0.014270 -0.251219
v -0.009654 -0.026939 -0.315156
v -0.007578 -0.028194 -0.343829
v -0.006477 -0.032987 -0.336711
v -0.033579 -0.045486 0.037521
v -0.028222 -0.072665 0.009489
v -0.027452 -0.080064 0.054105
v -0.027183 -0.069059 -0.029609
v -0.019367 -0.024094 -0.140720
v -0.016278 -0.024383 -0.174244
v -0.016876 -0.031511 -0.150220
v -0.020784 -0.035279 -0.107270
v -0.032283 -0.056797 0.058545
v -0.030655 -0.074751 0.082887
v -0.026785 -0.063875 -0.047274
v -0.023858 -0.038686 -0.088106
v -0.023803 -0.061663 -0.066418
v -0.010513 -0.023995 -0.286564
v -0.023460 -0.096515 0.043430
v -0.024120 -0.089741 0.006546
v -0.016525 -0.038847 -0.130420
v -0.019850 -0.044964 -0.099711
v -0.000033 0.127819 -0.451661
v -0.001657 0.065577 -0.375910
v -0.000334 -0.127405 -0.497331
v -0.000021 -0.132953 -0.483811
v -0.014025 -0.019969 -0.214617
v -0.012772 -0.016185 -0.244741
v 0.000055 0.061866 -0.460392
v -0.000460 0.055665 -0.453560
v 0.000260 -0.088382 -0.498784
v 0.000876 0.130364 -0.497555
v -0.000119 0.015895 -0.414785
v -0.000196 0.009739 -0.414431
v -0.000000 -0.000644 -0.417576
v -0.000008 -0.011619 -0.423879
v -0.000174 0.038510 -0.436475
v 0.000103 -0.129184 -0.472585
v -0.000317 -0.052183 -0.368536
v 0.000250 0.071850 -0.469471
v -0.000082 0.087907 -0.482006
v -0.014338 0.102508 -0.095755
v -0.000748 -0.048789 -0.362042
v -0.001943 -0.041055 -0.349206
v 0.000018 0.100484 -0.491706
v 0.000100 0.045697 -0.443937
v -0.000010 -0.040373 -0.452126
v 0.000181 -0.047054 -0.459458
v 0.000190 0.116495 -0.432957
v -0.011579 0.072043 -0.149829
v -0.012316 0.083661 -0.129337
v 0.000058 0.026105 -0.423491
v 0.000334 0.034442 -0.432303
v -0.007362 -0.032968 -0.308249
v -0.008414 0.034336 -0.332723
v -0.007085 0.036053 -0.348580
v -0.000615 0.056816 -0.362079
v -0.003031 0.040484 -0.344627
v 0.000175 -0.030742 -0.441833
v -0.008388 -0.027999 -0.283092
v -0.010718 -0.021719 -0.269922
v -0.010064 0.035434 -0.239886
v 0.000303 0.105010 -0.418253
v -0.000161 0.098871 -0.411828
v 0.000487 -0.080334 -0.492484
v 0.000362 0.093204 -0.403938
v 0.000310 0.086061 -0.396147
v -0.013375 -0.030082 -0.173289
v -0.013002 -0.024767 -0.200051
v -0.042569 -0.016494 0.051491
v -0.010633 0.033360 -0.267605
v -0.011894 0.094531 -0.112864
v -0.045250 -0.021219 0.059283
v 0.000173 0.077901 -0.387324
v -0.046137 -0.031798 0.067221
v -0.044782 -0.038362 0.069282
v -0.000155 0.070846 -0.379780
v -0.045820 -0.042125 0.073216
v 0.000018 0.063024 -0.369139
v 0.000546 0.135957 -0.473486
v 0.000515 0.051752 -0.353847
v 0.000040 0.045697 -0.345006
v 0.000495 0.040360 -0.335216
v 0.000536 -0.055917 -0.468599
v -0.007826 -0.071912 -0.146232
v -0.007813 -0.064782 -0.167067
v -0.006922 -0.088445 -0.137135
v -0.003994 -0.099062 -0.164994
v -0.005566 -0.068555 -0.192937
v -0.005228 -0.115443 -0.132567
v -0.008049 -0.054640 -0.171371
v -0.006523 -0.051280 -0.213235
v -0.003604 -0.064023 -0.231246
v -0.003232 -0.127307 -0.156607
v -0.005793 -0.119806 -0.103907
v -0.007467 -0.079974 -0.127241
v -0.002437 -0.058181 -0.269258
v -0.004003 -0.044003 -0.266855
v -0.002212 -0.047989 -0.292427
v -0.006512 -0.090005 -0.088093
v -0.003667 -0.169021 -0.126663
v -0.002629 -0.189182 -0.142564
v -0.002498 -0.197560 -0.128880
v -0.003753 -0.166771 -0.114996
v -0.004509 -0.146397 -0.097239
v -0.005081 -0.121064 -0.074282
v -0.006042 -0.104219 -0.049851
v -0.006576 -0.083657 -0.071798
v -0.007433 -0.042620 -0.146883
v -0.007517 -0.038909 -0.159778
v -0.007551 -0.040357 -0.158766
v -0.004113 -0.032347 -0.245610
v -0.005917 -0.033836 -0.184631
v -0.004655 -0.030395 -0.213819
v -0.006026 -0.072849 -0.085553
v -0.006640 -0.065264 -0.115760
v -0.001924 -0.190672 -0.111288
v -0.002023 -0.165505 -0.090497
v -0.002082 -0.106740 -0.175132
v -0.002080 -0.141989 -0.158071
v -0.002551 -0.090909 -0.188625
v -0.001314 -0.037768 -0.294181
v -0.001126 -0.037690 -0.302733
v -0.002151 -0.033732 -0.288269
v -0.002810 -0.076553 -0.208369
v -0.002134 -0.180014 -0.148165
v -0.002099 -0.150370 -0.077256
v -0.003438 -0.133888 -0.073388
v -0.002165 -0.130958 -0.058357
v -0.004189 -0.116108 -0.052471
v -0.006708 -0.046307 -0.134545
v -0.005814 -0.066743 -0.094899
v -0.005498 -0.059331 -0.109209
v -0.001552 -0.032712 -0.278973
v -0.002630 -0.028878 -0.259904
v -0.000227 -0.046268 -0.302184
v -0.002203 -0.069711 -0.231032
v -0.005449 -0.029791 -0.205565
v -0.000148 -0.201010 -0.117516
v -0.000232 -0.195856 -0.144233
v -0.000328 -0.201545 -0.137614
v -0.004828 -0.026073 -0.240205
v -0.002954 -0.109068 -0.043893
v -0.000246 -0.185579 -0.150066
v -0.000211 -0.066804 -0.256355
v -0.000538 -0.178283 -0.096688
v -0.000100 -0.050889 -0.295691
v -0.000019 -0.056365 -0.284040
v -0.006841 -0.052808 -0.118306
v -0.000365 -0.062594 -0.268282
v 0.000046 -0.170495 -0.088990
v -0.000364 -0.158563 -0.080692
v -0.000730 -0.100070 -0.184663
v 0.000032 -0.114992 -0.175392
v -0.000136 -0.105243 -0.181144
v 0.000214 -0.070543 -0.244420
v 0.000587 -0.074769 -0.230111
v 0.000400 -0.078959 -0.216908
v 0.000252 -0.083383 -0.208661
v 0.000752 -0.086896 -0.202633
v -0.001710 -0.114205 -0.045400
v 0.000164 -0.188643 -0.104308
v 0.000340 -0.094122 -0.191788
v 0.001145 -0.091000 -0.196099
v -0.000003 -0.171160 -0.153305
v 0.000150 -0.149161 -0.071803
v 0.000126 -0.131968 -0.166394
v 0.000057 -0.144195 -0.160935
v -0.000158 -0.155414 -0.156741
v 0.001065 -0.151923 -0.074630
v -0.023641 -0.156857 0.090772
v -0.027050 -0.164377 0.105247
v -0.030855 -0.174643 0.095058
v -0.028696 -0.168392 0.077195
v -0.036264 -0.184359 0.074124
v -0.039226 -0.191220 0.093701
v -0.042102 -0.196370 0.081291
v -0.034178 -0.178800 0.104007
v -0.017099 -0.137286 0.108990
v -0.018541 -0.139509 0.083193
v -0.012857 -0.127351 0.096190
v -0.016082 -0.133966 0.076529
v -0.013136 -0.127148 0.085108
v -0.021319 -0.143736 0.065824
v -0.016414 -0.133039 0.070344
v -0.028490 -0.162066 0.062723
v -0.014109 -0.126515 0.079079
v -0.023013 -0.151458 0.111697
v -0.016021 -0.134153 0.117768
v -0.011953 -0.129581 0.112332
v -0.042798 -0.195254 0.074623
v -0.038900 -0.183720 0.063634
v -0.029657 -0.163011 0.061074
v -0.028708 -0.163266 0.110888
v -0.035463 -0.173213 0.059946
v -0.006691 -0.125810 0.120780
v -0.008774 -0.124759 0.102246
v -0.022480 -0.144627 0.117218
v -0.018473 -0.131293 0.124030
v -0.044371 -0.196687 0.088675
v -0.027207 -0.150610 0.063155
v -0.042043 -0.190095 0.098248
v -0.011322 -0.125938 0.080666
v -0.020763 -0.139365 0.066949
v -0.011327 -0.118835 0.010616
v -0.002537 -0.118046 -0.002089
v -0.002170 -0.122545 0.024531
v -0.011108 -0.114206 -0.012448
v -0.002066 -0.113943 -0.025782
v -0.010655 -0.111196 -0.028377
v -0.013637 -0.122181 0.043678
v -0.001185 -0.110764 -0.038784
v -0.013633 -0.119300 0.020645
v -0.003046 -0.124661 0.058458
v -0.013541 -0.123234 0.059752
v -0.011322 -0.125938 0.080666
v -0.004045 -0.126420 0.074797
v -0.014598 -0.124920 0.080025
v 0.010157 -0.123941 0.057010
v 0.010500 -0.125531 0.071453
v 0.010065 -0.122605 0.036781
v 0.009469 -0.119410 0.012963
v -0.005889 -0.125482 0.092621
v 0.007068 -0.125369 0.091964
v 0.003870 -0.125564 0.113804
v -0.000919 -0.124870 0.119402
v -0.008774 -0.124759 0.102246
v 0.002648 -0.125495 0.122974
v -0.006691 -0.125810 0.120780
v 0.009358 -0.112167 -0.025972
v 0.012865 -0.124380 0.072350
v 0.010722 -0.127171 0.102483
v 0.010035 -0.107033 -0.040744
v 0.004661 -0.107048 -0.045272
v -0.013136 -0.127148 0.085108
v -0.012857 -0.127351 0.096190
v -0.004658 -0.122673 0.127687
v -0.009654 -0.107093 -0.040844
v -0.002954 -0.109068 -0.043893
v 0.002603 -0.109216 -0.043941
v 0.012537 -0.127745 0.073393
v 0.012706 -0.131440 0.119943
v -0.008916 -0.123883 0.126582
v 0.014347 -0.119569 0.032382
v -0.013632 -0.106403 -0.036522
v -0.006042 -0.104219 -0.049851
v -0.011281 -0.102585 -0.048711
v -0.013771 -0.113830 -0.005089
v 0.013597 -0.129818 0.124924
v 0.014392 -0.112952 -0.004538
v 0.002637 -0.121596 0.129671
v 0.013674 -0.105652 -0.037581
v -0.006588 -0.095390 -0.059158
v -0.006576 -0.083657 -0.071798
v 0.014904 -0.097721 -0.049208
v 0.006471 -0.100777 -0.052924
v -0.017898 -0.083340 -0.063005
v -0.017136 -0.077332 -0.069647
v -0.016954 -0.068274 -0.080712
v -0.006026 -0.072849 -0.085553
v -0.005814 -0.066743 -0.094899
v -0.016632 -0.061803 -0.092331
v -0.012173 -0.058223 -0.102559
v -0.005498 -0.059331 -0.109209
v -0.005656 0.035442 -0.304648
v -0.003971 0.035886 -0.277231
v 0.004897 0.036310 -0.324321
v 0.005092 0.035491 -0.278386
v -0.000145 0.036948 -0.323655
v -0.004383 0.036636 -0.328626
v -0.000506 0.036804 -0.272398
v -0.003992 0.037647 -0.247608
v 0.002373 0.036878 -0.263400
v -0.007350 0.037113 -0.240560
v 0.000495 0.040360 -0.335216
v -0.010633 0.033360 -0.267605
v -0.008414 0.034336 -0.332723
v -0.010064 0.035434 -0.239886
v -0.003031 0.040484 -0.344627
v -0.006330 0.041525 -0.227946
v -0.009601 0.042843 -0.215364
v 0.010361 0.033503 -0.266740
v 0.008619 0.034550 -0.329428
v 0.006606 0.037213 -0.245264
v 0.006847 0.037905 -0.348281
v 0.011640 0.034341 -0.235990
v 0.011358 0.032232 -0.313846
v -0.002438 -0.037699 0.460885
v -0.006887 -0.036831 0.454931
v -0.002211 -0.052055 0.474807
v -0.002741 -0.028825 0.452187
v -0.005645 -0.064920 0.481684
v -0.002584 -0.067536 0.488757
v -0.005576 -0.073309 0.488824
v -0.003871 -0.082726 0.497881
v -0.000655 -0.077903 0.497255
v -0.007235 -0.019136 0.441297
v -0.009419 -0.014620 0.434919
v -0.004188 -0.010294 0.439083
v -0.001269 -0.018219 0.444636
v -0.001290 -0.010162 0.440761
v -0.008491 -0.006096 0.434754
v -0.010138 -0.008442 0.432363
v -0.005700 -0.089342 0.496593
v -0.000355 -0.087775 0.500862
v 0.002027 -0.072186 0.492660
v 0.001961 -0.056013 0.478262
v 0.001977 -0.036745 0.459591
v 0.002313 -0.046511 0.469035
v 0.002295 -0.026914 0.450181
v 0.007058 -0.011343 0.436767
v 0.003342 -0.085453 0.498922
v 0.006585 -0.035847 0.454660
v 0.036738 -0.061211 0.089963
v 0.044821 -0.058404 0.085562
v 0.046291 -0.060534 0.092061
v 0.041801 -0.056802 0.084281
v 0.035642 -0.058511 0.083742
v 0.044989 -0.053673 0.081006
v 0.038267 -0.054131 0.081316
v 0.044827 -0.050715 0.077117
v 0.036609 -0.052371 0.078787
v 0.038144 -0.048822 0.074972
v 0.043513 -0.048035 0.073641
v 0.036833 -0.045347 0.070609
v 0.036128 -0.050867 0.075517
v 0.044950 -0.039545 0.070554
v 0.040151 -0.041075 0.067756
v 0.044899 -0.064033 0.092937
v 0.038821 -0.064812 0.094998
v 0.034896 -0.066265 0.094393
v 0.045531 -0.066558 0.097643
v 0.037828 -0.069074 0.103614
v 0.033818 -0.070764 0.102623
v 0.044800 -0.070208 0.113098
v 0.046149 -0.067854 0.110865
v 0.037425 -0.040576 0.062766
v 0.036513 -0.072332 0.115117
v 0.044224 -0.032758 0.065269
v 0.033443 -0.077113 0.124299
v 0.041132 -0.071510 0.117533
v 0.035527 -0.074499 0.121758
v 0.040635 -0.025123 0.054249
v 0.043894 -0.026302 0.059453
v 0.046671 -0.017422 0.057313
v 0.048039 -0.031105 0.070983
v 0.042317 -0.069795 0.130667
v 0.045185 -0.070030 0.120498
v -0.046577 -0.060434 0.091974
v -0.044699 -0.058913 0.086142
v -0.040416 -0.062102 0.091210
v -0.036454 -0.061395 0.091075
v -0.037093 -0.064946 0.098704
v -0.044793 -0.064626 0.093027
v -0.044775 -0.067506 0.097711
v -0.041759 -0.056559 0.084686
v -0.036993 -0.069988 0.109662
v -0.035063 -0.057636 0.083089
v -0.045325 -0.054366 0.082678
v -0.037147 -0.054920 0.083018
v -0.036239 -0.053443 0.079377
v -0.036044 -0.048015 0.073306
v -0.043837 -0.047958 0.077033
v -0.040844 -0.044400 0.072385
v -0.037304 -0.039911 0.067332
v -0.044782 -0.038362 0.069282
v -0.045820 -0.042125 0.073216
v -0.047810 -0.043306 0.077441
v -0.048225 -0.047769 0.081895
v -0.046137 -0.031798 0.067221
v -0.037803 -0.035611 0.060675
v -0.040345 -0.026151 0.056154
v -0.045250 -0.021219 0.059283
v -0.042569 -0.016494 0.051491
v -0.001683 -0.039238 -0.337284
v -0.001943 -0.041055 -0.349206
v 0.000818 -0.039905 -0.338718
v 0.001063 -0.037642 -0.301955
v -0.001126 -0.037690 -0.302733
v -0.007362 -0.032968 -0.308249
v -0.008388 -0.027999 -0.283092
v -0.002151 -0.033732 -0.288269
v -0.001552 -0.032712 -0.278973
v -0.002630 -0.028878 -0.259904
v -0.008163 -0.024633 -0.260379
v -0.009484 -0.021195 -0.245787
v -0.004828 -0.026073 -0.240205
v -0.014025 -0.019969 -0.214617
v 0.000483 -0.043806 -0.349432
v -0.006477 -0.032987 -0.336711
v -0.000748 -0.048789 -0.362042
v -0.013002 -0.024767 -0.200051
v -0.005449 -0.029791 -0.205565
v -0.010718 -0.021719 -0.269922
v -0.013462 -0.014270 -0.251219
v -0.012772 -0.016185 -0.244741
v -0.005917 -0.033836 -0.184631
v -0.013375 -0.030082 -0.173289
v -0.007517 -0.038909 -0.159778
v -0.013251 -0.035024 -0.155783
v -0.007433 -0.042620 -0.146883
v -0.016876 -0.031511 -0.150220
v -0.016525 -0.038847 -0.130420
v -0.006708 -0.046307 -0.134545
v -0.012029 -0.048692 -0.117976
v -0.016355 -0.048430 -0.107993
v -0.006841 -0.052808 -0.118306
v -0.012173 -0.058223 -0.102559
v -0.016632 -0.061803 -0.092331
v -0.005498 -0.059331 -0.109209
v -0.026110 -0.144700 0.118109
v -0.029066 -0.143721 0.116474
v -0.030386 -0.156252 0.114031
v -0.022851 -0.132883 0.122868
v -0.024201 -0.129769 0.122044
v -0.033375 -0.153283 0.111548
v -0.036858 -0.165051 0.108842
v -0.015948 -0.113271 0.133234
v -0.035716 -0.175490 0.107256
v -0.015243 -0.120406 0.130843
v -0.012408 -0.112903 0.136512
v -0.018400 -0.109024 0.129160
v -0.017682 -0.111518 0.130226
v -0.022174 -0.123046 0.122382
v -0.030874 -0.144898 0.111711
v -0.039239 -0.165758 0.101699
v -0.042018 -0.174882 0.103077
v -0.038614 -0.175226 0.106812
v -0.042654 -0.182850 0.102185
v -0.045002 -0.185623 0.096445
v -0.042043 -0.190095 0.098248
v -0.044371 -0.196687 0.088675
v -0.001967 -0.081385 0.474181
v 0.001526 -0.083170 0.475265
v 0.001878 -0.095902 0.488364
v -0.000431 -0.077520 0.469810
v -0.002015 -0.070371 0.462969
v -0.002176 -0.093153 0.485775
v 0.001813 -0.073223 0.465847
v -0.000975 -0.099809 0.494940
v 0.000290 -0.067181 0.456569
v -0.002624 -0.062132 0.452038
v 0.000274 -0.060973 0.445232
v -0.001557 -0.054776 0.431914
v 0.001687 -0.054712 0.431514
v 0.000421 -0.052404 0.419489
v -0.002125 0.196511 -0.142879
v -0.000591 0.187682 -0.146146
v -0.001858 0.168069 -0.151494
v 0.000093 0.167762 -0.152227
v -0.000073 0.158273 -0.156308
v -0.001747 0.150725 -0.158705
v 0.001976 0.207457 -0.137959
v -0.002029 0.211640 -0.135297
v 0.002742 0.201850 -0.139626
v 0.001855 0.153084 -0.156373
v 0.001928 0.213019 -0.132595
v 0.001987 0.182424 -0.145910
v -0.000151 0.147608 -0.162589
v 0.000011 0.138205 -0.168324
v 0.001574 0.130403 -0.171305
v -0.001543 0.130433 -0.171315
v -0.000059 0.128185 -0.175297
v 0.000139 0.061494 -0.242258
v -0.000186 0.066915 -0.233634
v 0.001847 0.065503 -0.234060
v 0.001674 0.057723 -0.245509
v 0.001713 0.071308 -0.228098
v -0.000174 0.074427 -0.225684
v 0.000309 0.079826 -0.220179
v 0.001742 0.084075 -0.214297
v 0.000050 0.086310 -0.213818
v 0.002207 0.099027 -0.196828
v -0.000218 0.091418 -0.208136
v -0.000061 0.097159 -0.202697
v -0.000283 0.102922 -0.197275
v 0.000430 0.107185 -0.192605
v 0.003956 0.068758 -0.220931
v 0.004295 0.051655 -0.239829
v 0.004434 0.080889 -0.205122
v 0.001890 0.047506 -0.263521
v 0.004196 0.106747 -0.177309
v 0.003815 0.131525 -0.162631
v 0.003643 0.159680 -0.144521
v -0.000665 0.111577 -0.188892
v 0.000057 0.118690 -0.183589
v -0.000017 0.054496 -0.255831
v -0.000375 0.050293 -0.263362
v -0.000491 0.043498 -0.267830
v -0.000506 0.036804 -0.272398
v 0.002373 0.036878 -0.263400
v -0.001290 -0.010162 0.440761
v 0.006696 -0.008669 0.437458
v 0.007384 -0.005467 0.443198
v -0.001186 -0.005282 0.446787
v 0.007058 -0.011343 0.436767
v -0.000601 -0.093434 0.500302
v -0.005700 -0.089342 0.496593
v -0.000975 -0.099809 0.494940
v -0.005095 -0.092707 0.493822
v -0.000355 -0.087775 0.500862
v -0.003871 -0.082726 0.497881
v 0.000260 -0.088382 -0.498784
v 0.000766 -0.115436 -0.499536
v -0.001610 -0.098687 -0.499376
v -0.001464 -0.122487 -0.499192
v -0.000334 -0.127405 -0.497331
v -0.000238 0.130470 0.191482
v -0.001041 0.126197 0.221481
v 0.000830 0.126350 0.218719
v -0.000433 0.122371 0.242637
v -0.000458 0.105248 0.293878
v -0.000732 0.098527 0.308024
v 0.009101 0.099367 0.296954
v 0.009239 0.089673 0.317789
v -0.000366 0.110252 0.281998
v 0.009075 0.108890 0.272878
v -0.000151 0.114291 0.271014
v -0.000404 0.117899 0.260635
v 0.008742 0.117669 0.243788
v 0.010078 0.122326 0.212263
v 0.018797 0.084492 0.308998
v 0.018541 0.075184 0.330566
v 0.009081 0.074002 0.347985
v 0.018266 0.093947 0.284894
v 0.019114 0.057810 0.360210
v 0.009155 0.060402 0.370123
v 0.018875 0.046698 0.377091
v 0.009256 0.047644 0.388447
v -0.001038 0.085745 0.332708
v 0.018292 0.031000 0.397915
v 0.008789 0.033809 0.408130
v 0.022359 0.073901 0.320760
v 0.014333 0.015780 0.425975
v 0.025298 0.052114 0.353896
v 0.008416 0.020910 0.426729
v -0.000878 0.063787 0.370397
v -0.001090 0.076557 0.349431
v -0.001159 0.039070 0.405337
v -0.001047 0.052678 0.386292
v 0.007661 0.010714 0.438466
v -0.001049 0.019367 0.432756
v -0.002140 0.008730 0.442070
v 0.018067 0.017284 0.416553
v 0.015968 0.006791 0.430954
v 0.026280 0.039798 0.369838
v 0.007049 0.003832 0.441986
v -0.001186 -0.005282 0.446787
v 0.007384 -0.005467 0.443198
v -0.040314 -0.070169 0.110122
v -0.041772 -0.070502 0.129670
v -0.043386 -0.071687 0.118625
v -0.044786 -0.070337 0.105995
v -0.036993 -0.069988 0.109662
v -0.038008 -0.071469 0.132977
v -0.044775 -0.067506 0.097711
v -0.045326 -0.069939 0.128508
v -0.045789 -0.070695 0.120026
v -0.044469 -0.066122 0.140339
v -0.034806 -0.071439 0.154846
v -0.041508 -0.065519 0.153772
v -0.041437 -0.062043 0.165787
v -0.036848 -0.063278 0.175627
v -0.040865 -0.058804 0.176857
v -0.046205 -0.068118 0.105261
v -0.046788 -0.064210 0.097348
v -0.044793 -0.064626 0.093027
v -0.046577 -0.060434 0.091974
v -0.034041 -0.069020 0.095479
v -0.034089 -0.076014 0.126391
v -0.034115 -0.075086 0.141491
v -0.037093 -0.064946 0.098704
v -0.029619 -0.085021 0.115263
v -0.030655 -0.074751 0.082887
v -0.024543 -0.097628 0.099331
v -0.019294 -0.111739 0.105745
v -0.026985 -0.085723 0.074494
v -0.027452 -0.080064 0.054105
v -0.017973 -0.116532 0.076777
v -0.022266 -0.101068 0.055072
v -0.023460 -0.096515 0.043430
v -0.017792 -0.114031 0.038619
v -0.024120 -0.089741 0.006546
v -0.018663 -0.106761 0.007865
v -0.020694 -0.093564 -0.023479
v -0.017592 -0.102656 -0.021759
v -0.016247 -0.122392 0.091796
v -0.027183 -0.069059 -0.029609
v -0.020481 -0.085507 -0.048441
v -0.026785 -0.063875 -0.047274
v -0.013637 -0.122181 0.043678
v -0.035063 -0.057636 0.083089
v -0.032283 -0.056797 0.058545
v -0.036044 -0.048015 0.073306
v -0.037803 -0.035611 0.060675
v -0.037304 -0.039911 0.067332
v -0.039578 -0.020423 0.048284
v -0.023803 -0.061663 -0.066418
v -0.017898 -0.083340 -0.063005
v -0.013632 -0.106403 -0.036522
v -0.015181 -0.097419 -0.050787
v -0.017435 -0.114852 0.113192
v -0.018400 -0.109024 0.129160
v -0.017682 -0.111518 0.130226
v -0.022192 -0.102569 0.131266
v -0.027430 -0.088902 0.149038
v -0.013633 -0.119300 0.020645
v -0.013771 -0.113830 -0.005089
v -0.019664 -0.065941 -0.077664
v -0.023695 -0.086203 0.206875
v -0.029425 -0.072951 0.207970
v -0.022564 -0.082271 0.234984
v -0.022199 -0.095484 0.171102
v -0.029778 -0.065703 0.229354
v -0.036142 -0.060386 0.188723
v -0.035800 -0.058328 0.198391
v -0.034819 -0.052841 0.216772
v -0.030551 -0.051545 0.249066
v -0.024543 -0.068182 0.259977
v -0.027431 -0.048513 0.279550
v -0.025077 -0.049648 0.294493
v -0.028676 -0.043173 0.282009
v -0.022699 -0.063078 0.283766
v -0.018266 -0.074352 0.283659
v -0.019725 -0.058477 0.305472
v -0.023313 -0.048390 0.309474
v -0.026430 -0.037764 0.308092
v -0.024675 -0.034783 0.337997
v -0.028076 -0.025290 0.334246
v -0.029152 -0.013207 0.362138
v -0.025013 -0.021259 0.366860
v -0.025001 -0.006148 0.390593
v -0.030658 0.000799 0.371687
v -0.025444 0.002908 0.397538
v -0.020004 -0.006752 0.410222
v -0.019617 0.004619 0.420569
v -0.015661 -0.002027 0.429541
v -0.019850 -0.044964 -0.099711
v -0.019250 -0.051691 0.321846
v -0.018677 -0.089624 0.237366
v -0.018663 -0.096993 0.199044
v -0.015321 -0.088007 0.258551
v -0.016632 -0.061803 -0.092331
v -0.016355 -0.048430 -0.107993
v -0.016014 -0.090537 -0.057794
v -0.020123 -0.015992 0.392903
v -0.019731 -0.042449 0.341674
v -0.020371 -0.028353 0.368246
v -0.015947 -0.012411 0.415890
v -0.014367 -0.079714 0.288527
v -0.013668 -0.065688 0.315163
v -0.015164 -0.054859 0.326895
v -0.010057 -0.058705 0.342566
v -0.014876 -0.047999 0.343973
v -0.010164 -0.046243 0.368726
v -0.012935 -0.039250 0.366993
v -0.006345 -0.045033 0.394901
v -0.012302 -0.026768 0.394390
v -0.008117 -0.037106 0.407719
v -0.011927 -0.020745 0.410095
v -0.010436 -0.020076 0.430108
v -0.011779 -0.014151 0.422764
v -0.006444 -0.042216 0.429349
v -0.009202 -0.029040 0.439873
v -0.007582 -0.042796 0.454763
v -0.005387 -0.050806 0.442049
v -0.006807 -0.051017 0.457524
v -0.006425 -0.064576 0.474003
v -0.005032 -0.059344 0.456774
v -0.005180 -0.067147 0.468961
v -0.005111 -0.045749 0.422886
v -0.004770 -0.086061 0.484834
v -0.005700 -0.089342 0.496593
v -0.005095 -0.092707 0.493822
v -0.005576 -0.073309 0.488824
v -0.009419 -0.014620 0.434919
v -0.010138 -0.008442 0.432363
v -0.006887 -0.036831 0.454931
v -0.005645 -0.064920 0.481684
v -0.013420 -0.030652 0.381200
v -0.002624 -0.062132 0.452038
v -0.001557 -0.054776 0.431914
v -0.001750 -0.050886 0.416892
v -0.010196 -0.075045 0.310140
v -0.005699 -0.051242 0.375852
v -0.016525 -0.038847 -0.130420
v -0.002015 -0.070371 0.462969
v -0.001967 -0.081385 0.474181
v -0.037112 -0.051023 0.211286
v -0.040615 -0.053930 0.188162
v -0.002176 -0.093153 0.485775
v -0.018407 -0.103570 0.153053
v -0.036454 -0.061395 0.091075
v -0.000975 -0.099809 0.494940
v -0.040345 -0.026151 0.056154
v -0.042569 -0.016494 0.051491
v -0.006154 -0.062094 0.346715
v -0.006333 -0.072371 0.324611
v -0.016954 -0.068274 -0.080712
v -0.017136 -0.077332 -0.069647
v -0.012458 -0.101211 0.214156
v -0.008957 -0.087977 0.281570
v -0.010064 -0.097972 0.241447
v -0.001602 -0.050236 0.400617
v -0.000393 -0.052143 0.389777
v -0.013541 -0.123234 0.059752
v -0.014598 -0.124920 0.080025
v -0.001155 -0.057323 0.368796
v -0.011281 -0.102585 -0.048711
v -0.005849 -0.081979 0.302435
v -0.014216 -0.108190 0.146869
v -0.012408 -0.112903 0.136512
v -0.011246 -0.106990 0.167010
v -0.001422 -0.065207 0.347317
v -0.005912 -0.093032 0.270008
v -0.008527 -0.102778 0.219185
v -0.001533 -0.072691 0.330546
v -0.000919 -0.091906 0.281234
v -0.001891 -0.101681 0.240768
v -0.006588 -0.095390 -0.059158
v -0.000609 -0.082278 0.307554
v -0.001589 -0.105942 0.213063
v 0.000421 -0.052404 0.419489
v 0.001267 -0.050134 0.402213
v 0.001446 -0.058224 0.366985
v -0.002954 -0.109068 -0.043893
v -0.001710 -0.114205 -0.045400
v 0.002091 -0.117231 -0.046782
v 0.002603 -0.109216 -0.043941
v 0.000187 -0.127536 -0.053026
v -0.002165 -0.130958 -0.058357
v 0.000199 -0.140927 -0.064514
v 0.000150 -0.149161 -0.071803
v -0.000148 -0.201010 -0.117516
v -0.000328 -0.201545 -0.137614
v 0.002073 -0.202088 -0.131098
v -0.001747 0.138976 -0.166148
v 0.000011 0.138205 -0.168324
v -0.001543 0.130433 -0.171315
v -0.000151 0.147608 -0.162589
v -0.001747 0.150725 -0.158705
v -0.000365 -0.062594 -0.268282
v -0.000019 -0.056365 -0.284040
v 0.001805 -0.061240 -0.269344
v 0.001718 -0.054505 -0.286481
v 0.001630 -0.065647 -0.256515
v -0.000211 -0.066804 -0.256355
v 0.000214 -0.070543 -0.244420
v -0.000100 -0.050889 -0.295691
v 0.002231 -0.048398 -0.297331
v -0.000227 -0.046268 -0.302184
v -0.000155 0.070846 -0.379780
v -0.001657 0.065577 -0.375910
v 0.001593 0.069649 -0.379840
v 0.000173 0.077901 -0.387324
v 0.000018 0.063024 -0.369139
v -0.000350 0.216877 -0.121070
v -0.000608 0.216900 -0.107524
v 0.001970 0.216213 -0.112497
v 0.001928 0.213019 -0.132595
v -0.002029 0.211640 -0.135297
v -0.000282 0.144008 -0.040669
v -0.001392 0.134380 -0.036257
v 0.001675 0.134214 -0.035587
v -0.001589 0.134595 -0.031652
v -0.000608 0.216900 -0.107524
v -0.000258 0.211122 -0.096882
v 0.002123 0.211931 -0.099776
v 0.001970 0.216213 -0.112497
v 0.000037 0.194869 -0.083030
v 0.002026 0.191224 -0.081671
v 0.003175 0.210344 -0.104499
v 0.003146 0.188370 -0.084663
v 0.002610 0.171034 -0.068012
v -0.000084 0.177521 -0.069204
v -0.000148 0.170990 -0.063553
v -0.000169 0.160330 -0.053968
v 0.002569 0.158754 -0.057562
v 0.000348 0.150821 -0.046562
v 0.001639 0.144618 -0.042967
v -0.000162 0.186552 -0.075921
v 0.001047 0.131642 0.030263
v 0.009086 0.128780 0.065300
v 0.009153 0.129045 0.014775
v -0.000459 0.133726 -0.012178
v 0.009458 0.131112 -0.020670
v 0.001103 0.132694 0.135619
v 0.009188 0.128743 0.133806
v 0.009803 0.130312 -0.038009
v 0.001296 0.131691 0.170112
v 0.008882 0.127300 0.177634
v -0.000238 0.130470 0.191482
v 0.004208 0.131996 -0.043930
v 0.000830 0.126350 0.218719
v 0.010078 0.122326 0.212263
v -0.001053 0.132895 0.123243
v -0.001824 0.132154 0.027283
v -0.000904 0.131936 0.168692
v 0.013129 0.125721 0.010312
v 0.014436 0.126772 -0.020337
v 0.012209 0.126196 -0.045550
v 0.004771 0.128445 -0.056153
v 0.011824 0.120755 -0.063908
v 0.014458 0.122180 0.170887
v 0.015352 0.122590 0.116059
v 0.005169 0.124302 -0.067406
v 0.016027 0.121494 0.044934
v 0.005981 0.118078 -0.081581
v 0.018278 0.112433 0.215505
v 0.008742 0.117669 0.243788
v 0.019122 0.116182 0.173306
v 0.018518 0.118435 0.121353
v 0.018586 0.102866 0.256162
v 0.009075 0.108890 0.272878
v 0.018266 0.093947 0.284894
v 0.018610 0.117839 0.007861
v 0.024289 0.109136 0.132268
v 0.025129 0.107419 0.152804
v 0.023398 0.109870 0.055597
v 0.025200 0.103853 0.191670
v 0.023590 0.099463 0.235981
v 0.023428 0.109042 0.009917
v 0.018035 0.119702 -0.018718
v 0.015067 0.114907 -0.069563
v 0.022794 0.090417 0.269944
v 0.026044 0.076697 0.296442
v 0.018260 0.111987 -0.056294
v 0.018797 0.084492 0.308998
v 0.022359 0.073901 0.320760
v 0.026614 0.079173 0.278886
v 0.027485 0.084203 0.251950
v 0.026975 0.066304 0.317697
v 0.025298 0.052114 0.353896
v 0.026947 0.057267 0.336280
v 0.030039 0.037706 0.359303
v 0.026280 0.039798 0.369838
v 0.029220 0.029874 0.370308
v 0.005123 0.158263 -0.108540
v 0.006764 0.106957 -0.100030
v 0.003612 0.196368 -0.128571
v 0.005851 0.136816 -0.124472
v 0.007288 0.095997 -0.118814
v 0.006259 0.110679 -0.145415
v 0.006359 0.094644 -0.163796
v 0.007350 0.086598 -0.135870
v 0.003815 0.131525 -0.162631
v 0.007482 0.073509 -0.161096
v 0.003643 0.159680 -0.144521
v 0.002742 0.201850 -0.139626
v 0.003259 0.210009 -0.126862
v 0.006291 0.075931 -0.187871
v 0.007965 0.060688 -0.185527
v 0.008013 0.050402 -0.205060
v 0.004434 0.080889 -0.205122
v 0.004196 0.106747 -0.177309
v 0.003956 0.068758 -0.220931
v 0.007526 0.045428 -0.218002
v 0.004295 0.051655 -0.239829
v 0.006811 0.041287 -0.229892
v 0.001890 0.047506 -0.263521
v 0.003747 0.038603 -0.252621
v 0.002373 0.036878 -0.263400
v 0.001928 0.213019 -0.132595
v -0.027207 -0.150610 0.063155
v -0.029657 -0.163011 0.061074
v -0.032427 -0.165421 0.059540
v -0.035463 -0.173213 0.059946
v 0.001606 -0.158329 -0.081513
v -0.000364 -0.158563 -0.080692
v 0.000046 -0.170495 -0.088990
v 0.001065 -0.151923 -0.074630
v -0.000538 -0.178283 -0.096688
v 0.001659 -0.177688 -0.097459
v 0.000164 -0.188643 -0.104308
v 0.002454 -0.194767 -0.114511
v -0.000148 -0.201010 -0.117516
v 0.002073 -0.202088 -0.131098
v 0.000199 -0.140927 -0.064514
v 0.000150 -0.149161 -0.071803
v 0.002366 -0.128700 -0.055607
v 0.000187 -0.127536 -0.053026
v 0.002091 -0.117231 -0.046782
v 0.004390 -0.117983 -0.052289
v 0.002603 -0.109216 -0.043941
v 0.004661 -0.107048 -0.045272
v 0.000252 -0.083383 -0.208661
v 0.000400 -0.078959 -0.216908
v 0.001603 -0.079297 -0.213858
v 0.000752 -0.086896 -0.202633
v 0.000587 -0.074769 -0.230111
v 0.004215 -0.074099 -0.207630
v 0.002961 -0.067523 -0.239088
v 0.000214 -0.070543 -0.244420
v 0.001145 -0.091000 -0.196099
v 0.003656 -0.090318 -0.185393
v 0.001582 -0.099895 -0.184738
v 0.006478 -0.065687 -0.196211
v 0.003887 -0.061157 -0.247502
v 0.001630 -0.065647 -0.256515
v 0.003834 -0.053502 -0.272311
v 0.001805 -0.061240 -0.269344
v 0.001718 -0.054505 -0.286481
v 0.002231 -0.048398 -0.297331
v 0.006021 -0.085168 -0.165739
v 0.007216 -0.050175 -0.216952
v 0.006122 -0.045984 -0.240852
v 0.008628 -0.066851 -0.152840
v 0.002937 -0.109230 -0.172881
v 0.006203 -0.098175 -0.145223
v 0.003845 -0.044514 -0.281837
v 0.008536 -0.051535 -0.175377
v 0.008429 -0.075786 -0.127693
v 0.006385 -0.110555 -0.128640
v 0.003564 -0.128741 -0.159175
v 0.007144 -0.103562 -0.107626
v 0.003583 -0.156750 -0.148769
v 0.004808 -0.154441 -0.130332
v 0.003361 -0.187116 -0.141130
v 0.004150 -0.176357 -0.124298
v 0.004914 -0.160683 -0.111803
v 0.003573 -0.195339 -0.130810
v 0.005879 -0.137490 -0.091573
v 0.007238 -0.088925 -0.091419
v 0.006848 -0.093342 -0.060723
v 0.006130 -0.112684 -0.066310
v 0.006471 -0.100777 -0.052924
v 0.007869 -0.041014 -0.152465
v 0.006728 -0.083105 -0.072339
v 0.006472 -0.073439 -0.084671
v 0.006026 -0.066412 -0.094990
v 0.007558 -0.070835 -0.111415
v 0.006409 -0.037310 -0.209651
v 0.006967 -0.037026 -0.169299
v 0.001063 -0.037642 -0.301955
v 0.003053 -0.166141 -0.095441
v 0.003630 -0.139819 -0.073218
v 0.006516 -0.045790 -0.134079
v 0.002252 -0.192857 -0.143374
v 0.004086 -0.028469 -0.241867
v 0.005333 -0.029631 -0.208845
v 0.006157 -0.033029 -0.184895
v 0.001804 -0.185068 -0.148685
v 0.002426 -0.032582 -0.275624
v 0.002998 -0.029359 -0.261717
v 0.001951 -0.157329 -0.155141
v 0.002163 -0.137096 -0.161778
v 0.001720 -0.116558 -0.173063
v 0.007335 -0.042845 -0.143169
v 0.008528 -0.038029 -0.157525
v 0.005433 -0.059471 -0.107440
v 0.005863 -0.050089 -0.123716
v 0.001689 -0.105902 -0.179830
v -0.000227 -0.046268 -0.302184
v -0.000232 -0.195856 -0.144233
v -0.000328 -0.201545 -0.137614
v 0.008010 -0.027794 -0.278342
v 0.001478 -0.035096 -0.288359
v 0.007098 -0.033339 -0.302890
v 0.008681 -0.021989 -0.250124
v 0.004724 -0.025706 -0.249679
v 0.003199 -0.038355 -0.338014
v 0.004924 -0.036635 -0.345392
v 0.005232 -0.026175 -0.233095
v 0.012402 -0.020028 -0.229175
v 0.000483 -0.043806 -0.349432
v 0.011400 -0.020519 -0.266109
v 0.012399 -0.016958 -0.250038
v 0.010486 -0.025279 -0.288667
v 0.009960 -0.028397 -0.320489
v 0.004833 -0.036089 -0.355477
v 0.015638 -0.016733 -0.208687
v 0.001392 -0.046469 -0.360156
v 0.002143 -0.048786 -0.370687
v -0.000317 -0.052183 -0.368536
v 0.012672 -0.023224 -0.212604
v 0.012730 -0.026875 -0.194122
v 0.015693 -0.024482 -0.183494
v 0.013425 -0.030531 -0.171722
v 0.013813 -0.013135 -0.266002
v -0.000343 -0.057302 -0.376112
v 0.016790 -0.031063 -0.155042
v 0.000174 -0.061662 -0.382292
v 0.016663 -0.036616 -0.137559
v -0.000748 -0.048789 -0.362042
v 0.016346 -0.043133 -0.120136
v 0.008512 -0.056244 -0.107984
v 0.016205 -0.050893 -0.103724
v 0.016694 -0.062158 -0.091434
v 0.000818 -0.039905 -0.338718
v 0.016887 -0.069818 -0.078994
v 0.016868 -0.079144 -0.067363
v 0.016094 -0.088849 -0.057524
v 0.014904 -0.097721 -0.049208
v 0.050356 0.004289 0.079173
v 0.051006 -0.013067 0.094462
v 0.050782 -0.018333 0.078140
v 0.049651 0.002532 0.063612
v 0.050816 -0.038561 0.092809
v 0.051373 -0.030806 0.107343
v 0.050567 -0.047888 0.108820
v 0.050209 -0.044379 0.126995
v 0.050103 -0.030355 0.141520
v 0.049133 -0.013025 0.143387
v 0.047056 -0.014951 0.173799
v 0.047131 -0.029905 0.175113
v 0.048491 0.002371 0.117732
v 0.043923 0.011145 0.172471
v 0.041717 0.009881 0.196227
v 0.047875 0.022159 0.073971
v 0.042861 -0.014098 0.205141
v 0.038366 0.018163 0.213964
v 0.042337 0.028294 0.150709
v 0.044142 0.032302 0.099758
v 0.041051 0.024438 0.179157
v 0.047671 0.021464 0.059167
v 0.046833 0.027705 0.062324
v 0.046803 0.032219 0.061577
v 0.045064 0.039305 0.079941
v 0.036493 0.006249 0.232551
v 0.043917 0.040670 0.105399
v 0.041995 0.038791 0.172337
v 0.040783 0.035496 0.193774
v 0.042301 0.042386 0.155051
v 0.038987 0.056947 0.177661
v 0.037415 0.056345 0.204250
v 0.035432 0.055427 0.224666
v 0.038097 0.035052 0.221489
v 0.037110 0.023434 0.229806
v 0.039585 0.057446 0.152003
v 0.030916 0.080516 0.222967
v 0.030724 0.077076 0.229925
v 0.040491 0.056066 0.102095
v 0.033035 0.081397 0.179739
v 0.033319 0.058241 0.234072
v 0.029594 0.069485 0.258440
v 0.032635 0.050118 0.251910
v 0.031710 0.049535 0.266997
v 0.034380 0.035717 0.246964
v 0.029867 0.065199 0.285014
v 0.027485 0.084203 0.251950
v 0.026614 0.079173 0.278886
v 0.034481 0.009286 0.251194
v 0.034926 -0.011176 0.244146
v 0.034212 0.003163 0.257334
v 0.032838 0.038481 0.273790
v 0.030964 0.064059 0.291166
v 0.031674 -0.032344 0.268459
v 0.031055 0.025085 0.284070
v 0.029828 0.054506 0.295858
v 0.029523 0.034044 0.301412
v 0.030584 0.008601 0.300584
v 0.028839 0.054504 0.310363
v 0.026975 0.066304 0.317697
v 0.028402 0.068124 0.300758
v 0.031291 0.006525 0.280662
v 0.030254 0.045746 0.323531
v 0.026947 0.057267 0.336280
v 0.030798 0.006236 0.314765
v 0.030558 -0.018314 0.274715
v 0.029788 -0.010467 0.300606
v 0.028360 -0.037905 0.284066
v 0.027879 -0.030191 0.306981
v 0.047852 -0.044489 0.158015
v 0.041017 -0.028082 0.213751
v 0.027976 -0.045029 0.284764
v 0.029170 -0.019172 0.324777
v 0.032561 -0.030647 0.251792
v 0.042913 -0.041465 0.194315
v 0.048376 -0.060435 0.124154
v 0.027035 0.092614 0.226906
v 0.032149 0.035463 0.346992
v 0.033082 0.028112 0.341163
v 0.032692 0.028155 0.329203
v 0.033475 0.013135 0.335415
v 0.033397 0.019453 0.341842
v 0.032931 0.011110 0.350273
v 0.033308 0.006076 0.345525
v 0.032202 0.001682 0.361403
v 0.032232 0.010865 0.364048
v 0.029087 0.001061 0.380537
v 0.030624 0.016690 0.372088
v 0.028610 0.007107 0.384591
v 0.026746 0.015895 0.389216
v 0.029220 0.029874 0.370308
v 0.031610 0.009760 0.322803
v 0.026044 0.076697 0.296442
v 0.022172 0.014392 0.406638
v 0.021914 0.005317 0.412830
v 0.037422 0.067147 0.108683
v 0.042001 0.050897 0.065041
v 0.033839 0.081049 0.102110
v 0.032770 0.083985 0.048799
v 0.040292 0.054146 0.045061
v 0.033147 0.076391 -0.000188
v 0.037721 0.050996 -0.001286
v 0.033669 0.066887 -0.015761
v 0.043118 0.039877 0.044276
v 0.043467 0.032654 0.034532
v 0.040364 0.032996 0.001697
v 0.029894 0.083228 -0.020574
v 0.039997 0.018614 -0.000887
v 0.042330 0.011071 0.025899
v 0.044645 0.012883 0.044056
v 0.036508 0.033499 -0.027908
v 0.032876 0.051873 -0.041905
v 0.027715 0.078653 -0.048898
v 0.026810 0.073110 -0.066959
v 0.026760 0.052352 -0.089412
v 0.029498 0.033416 -0.084107
v 0.033547 0.030801 -0.052169
v 0.029408 0.094230 0.171390
v 0.029153 0.096357 0.122755
v 0.025200 0.103853 0.191670
v 0.027972 0.096701 0.012296
v 0.024929 0.104302 -0.009098
v 0.027053 0.101565 0.066706
v 0.022309 0.098864 -0.056608
v 0.022700 0.078347 -0.089858
v 0.023428 0.109042 0.009917
v 0.030039 0.037706 0.359303
v 0.036382 0.008078 -0.032016
v 0.026331 0.030735 -0.105496
v 0.022058 0.040106 -0.126603
v 0.023727 0.025240 -0.129657
v 0.022910 0.022582 -0.143035
v 0.024121 0.004778 -0.129282
v 0.020344 0.005923 -0.177285
v 0.020537 0.021925 -0.168910
v 0.019344 0.043414 -0.146693
v 0.018611 0.054380 -0.133321
v 0.018642 0.017500 -0.203253
v 0.017071 0.001861 -0.229833
v 0.016642 0.017747 -0.232345
v 0.016739 0.006747 -0.250950
v 0.016220 0.018730 -0.251020
v 0.014980 0.020993 -0.277834
v 0.015546 -0.002313 -0.274020
v 0.014092 0.015992 -0.309223
v 0.013293 0.027153 -0.310823
v 0.012055 0.019878 -0.337439
v 0.010545 0.031461 -0.338462
v 0.014162 -0.005100 -0.304091
v 0.011640 -0.000134 -0.344559
v 0.011886 -0.014201 -0.336496
v 0.026869 0.007355 -0.102608
v 0.029759 0.012388 -0.082872
v 0.007651 0.024614 -0.371072
v 0.008326 0.034693 -0.356197
v 0.006304 0.043321 -0.375476
v 0.005193 0.037617 -0.389273
v 0.005154 0.059766 -0.389100
v 0.004291 0.057632 -0.410162
v 0.004865 0.081515 -0.408919
v 0.003940 0.076693 -0.425927
v 0.004135 0.099404 -0.428643
v 0.002770 0.106324 -0.468932
v 0.002822 0.121412 -0.464362
v 0.000876 0.130364 -0.497555
v 0.001840 0.130387 -0.468345
v 0.001519 0.123035 -0.447615
v 0.004953 0.052832 -0.373817
v 0.006782 0.039976 -0.363784
v 0.004394 0.071068 -0.394045
v 0.017417 0.038372 -0.169723
v 0.000546 0.135957 -0.473486
v 0.000800 0.108602 -0.495792
v 0.015519 0.029230 -0.212259
v 0.002606 0.016870 -0.409142
v 0.005304 -0.010718 -0.391950
v 0.002300 0.027050 -0.417893
v 0.001933 0.057098 -0.448916
v 0.002229 0.040462 -0.431856
v 0.006279 -0.021664 -0.380107
v 0.003196 -0.014733 -0.410918
v 0.002052 0.083024 -0.467942
v 0.003794 -0.032636 -0.404200
v 0.002594 -0.036428 -0.436735
v 0.002035 -0.024711 -0.432423
v 0.001843 -0.043923 -0.453279
v 0.002058 -0.003458 -0.414781
v 0.002155 -0.074205 -0.482118
v 0.003279 -0.083190 -0.444903
v 0.002672 -0.088898 -0.470779
v 0.001829 -0.099213 -0.496204
v 0.003038 -0.056516 -0.417973
v 0.003226 -0.074424 -0.430578
v 0.001969 -0.126103 -0.475962
v 0.002713 -0.099456 -0.457610
v 0.003279 -0.046869 -0.393786
v 0.000963 0.093094 -0.483817
v 0.031925 -0.001559 -0.062400
v 0.033580 -0.005780 -0.050607
v 0.000766 -0.115436 -0.499536
v 0.001353 -0.130190 -0.486635
v 0.039776 0.002291 0.004192
v 0.034361 -0.021067 -0.035901
v 0.002239 -0.068259 -0.401528
v 0.019534 -0.011625 -0.168078
v 0.022092 -0.016261 -0.128056
v 0.026869 -0.004458 -0.097715
v 0.031051 -0.009098 0.340920
v 0.015624 -0.005037 -0.249750
v 0.016457 -0.005866 -0.225564
v 0.047689 -0.005036 0.052507
v 0.048113 -0.012877 0.058124
v 0.001667 -0.108536 -0.447926
v 0.001307 -0.123650 -0.466549
v 0.001868 -0.085561 -0.421044
v 0.012265 -0.018002 -0.316693
v 0.033915 -0.041355 -0.009785
v 0.037657 -0.021514 0.020304
v 0.038772 -0.019761 0.033120
v 0.027814 -0.024689 -0.077622
v 0.043197 0.001840 0.041365
v 0.030946 -0.049035 -0.034628
v 0.024075 -0.026604 -0.099555
v 0.029684 -0.047753 -0.048556
v 0.004272 -0.036282 -0.375437
v 0.048090 -0.062073 0.103127
v 0.000260 -0.088382 -0.498784
v 0.033325 -0.046809 -0.000756
v 0.005570 -0.031461 -0.365836
v 0.048039 -0.031105 0.070983
v 0.047671 -0.047128 0.081247
v 0.014679 0.067245 -0.142052
v 0.018116 0.074469 -0.116964
v 0.000116 0.135436 -0.488226
v 0.034418 -0.042573 0.035652
v 0.026111 -0.045613 -0.070772
v 0.000250 0.071850 -0.469471
v 0.040277 -0.019316 0.047323
v 0.009718 -0.026431 -0.337277
v -0.000334 -0.127405 -0.497331
v 0.018963 -0.032619 -0.129934
v 0.027102 -0.029609 0.331191
v 0.032590 -0.055962 0.058133
v 0.028496 -0.072627 0.021871
v 0.023424 -0.097603 0.044876
v 0.027591 -0.081139 0.064316
v 0.026977 -0.069369 -0.032261
v 0.013049 0.029039 -0.258802
v 0.018568 0.097904 -0.085516
v 0.026118 -0.081652 0.004577
v 0.028467 -0.081420 0.077513
v 0.023532 -0.078134 -0.044289
v 0.011640 0.034341 -0.235990
v 0.012019 0.046572 -0.199432
v 0.011138 0.061055 -0.171707
v 0.002160 0.107420 -0.426717
v 0.023754 -0.065674 -0.061036
v 0.022254 -0.046796 -0.087458
v 0.000487 -0.080334 -0.492484
v 0.019425 -0.042862 -0.105722
v 0.001505 0.098704 -0.412457
v 0.018260 0.111987 -0.056294
v 0.036128 -0.050867 0.075517
v 0.036833 -0.045347 0.070609
v 0.015288 0.085802 -0.115791
v 0.014582 0.080042 -0.128949
v 0.011820 0.075722 -0.143763
v 0.004456 0.043996 -0.355334
v 0.037425 -0.040576 0.062766
v 0.025129 0.107419 0.152804
v 0.019142 -0.062610 -0.083341
v 0.011358 0.032232 -0.313846
v 0.046291 -0.060534 0.092061
v 0.001750 0.081672 -0.393869
v -0.000300 0.110802 -0.498909
v 0.000114 0.126628 -0.499516
v 0.006847 0.037905 -0.348281
v 0.001593 0.069649 -0.379840
v 0.001532 0.054515 -0.360879
v 0.014693 0.110110 -0.082151
v 0.015067 0.114907 -0.069563
v 0.023590 0.099463 0.235981
v 0.018035 0.119702 -0.018718
v 0.014928 0.103517 -0.092273
v 0.023398 0.109870 0.055597
v 0.024289 0.109136 0.132268
v 0.000055 0.061866 -0.460392
v 0.000552 0.052779 -0.450683
v 0.000100 0.045697 -0.443937
v 0.000334 0.034442 -0.432303
v 0.000058 0.026105 -0.423491
v 0.000333 -0.076966 -0.402973
v 0.015968 0.006791 0.430954
v 0.000245 -0.067930 -0.392104
v 0.046671 -0.017422 0.057313
v 0.000536 -0.055917 -0.468599
v 0.000052 -0.071822 -0.486045
v 0.023598 0.023663 0.392536
v -0.000033 0.127819 -0.451661
v 0.018067 0.017284 0.416553
v -0.000119 0.015895 -0.414785
v -0.000196 0.009739 -0.414431
v -0.000021 -0.132953 -0.483811
v 0.044968 -0.010129 0.049277
v 0.010361 0.033503 -0.266740
v 0.000018 0.100484 -0.491706
v 0.000515 0.051752 -0.353847
v 0.026280 0.039798 0.369838
v 0.000103 -0.129184 -0.472585
v 0.000153 -0.100148 -0.432550
v -0.000150 -0.093346 -0.423351
v 0.000077 -0.084981 -0.413551
v -0.000000 -0.000644 -0.417576
v -0.000008 -0.011619 -0.423879
v 0.044821 -0.058404 0.085562
v 0.007965 0.060688 -0.185527
v 0.007482 0.073509 -0.161096
v 0.044989 -0.053673 0.081006
v 0.044827 -0.050715 0.077117
v 0.044950 -0.039545 0.070554
v 0.011561 0.092832 -0.115449
v 0.008619 0.034550 -0.329428
v -0.000082 0.087907 -0.482006
v 0.040635 -0.025123 0.054249
v 0.018292 0.031000 0.397915
v 0.008013 0.050402 -0.205060
v -0.000157 -0.106158 -0.439358
v 0.007526 0.045428 -0.218002
v 0.000175 -0.030742 -0.441833
v 0.007350 0.086598 -0.135870
v 0.009912 0.037606 -0.233789
v 0.000002 -0.112988 -0.449573
v -0.000104 -0.121524 -0.459559
v 0.006606 0.037213 -0.245264
v 0.000181 -0.047054 -0.459458
v 0.000040 0.045697 -0.345006
v 0.000495 0.040360 -0.335216
v -0.000010 -0.040373 -0.452126
v 0.007288 0.095997 -0.118814
v 0.006764 0.106957 -0.100030
v 0.011824 0.120755 -0.063908
v 0.000018 0.063024 -0.369139
v 0.005981 0.118078 -0.081581
v 0.006811 0.041287 -0.229892
v 0.003747 0.038603 -0.252621
v 0.002373 0.036878 -0.263400
v 0.038117 0.024059 0.345091
v 0.039569 0.018275 0.348567
v 0.035880 0.020865 0.369508
v -0.000615 0.056816 -0.362079
v 0.038840 0.014646 0.351370
v 0.038325 0.014910 0.356831
v -0.000800 -0.125176 -0.466518
v 0.035057 0.034694 0.361570
v 0.034836 0.035401 0.352220
v 0.038278 0.031484 0.349599
v 0.038147 0.024473 0.365735
v 0.034423 0.030601 0.367566
v 0.002705 -0.100899 0.242081
v 0.009033 -0.097288 0.247243
v 0.006078 -0.092284 0.273457
v 0.007903 -0.104101 0.212505
v 0.013349 -0.098800 0.221582
v 0.013147 -0.103479 0.191322
v 0.007567 -0.107289 0.183590
v 0.017496 -0.102808 0.163288
v 0.009099 -0.108072 0.162638
v 0.017689 -0.106463 0.142510
v 0.017486 -0.099159 0.194532
v 0.010226 -0.084962 0.287059
v 0.014356 -0.089727 0.257616
v 0.018281 -0.092406 0.226600
v 0.006092 -0.085073 0.294612
v 0.005872 -0.078011 0.312799
v 0.009749 -0.074602 0.312840
v 0.008510 -0.068836 0.328688
v 0.022920 -0.090773 0.193229
v 0.020933 -0.105167 0.128010
v 0.024114 -0.092222 0.167556
v 0.017377 -0.079171 0.276901
v 0.014411 -0.077545 0.293249
v 0.017310 -0.111094 0.129502
v 0.017303 -0.114636 0.115316
v 0.023900 -0.080292 0.230759
v 0.013866 -0.066605 0.314606
v 0.010891 -0.058027 0.343788
v 0.026096 -0.093234 0.139815
v 0.019418 -0.065868 0.297401
v 0.033958 -0.074823 0.146143
v 0.036185 -0.064551 0.177879
v 0.033942 -0.065153 0.195322
v 0.034147 -0.070681 0.161942
v 0.022172 -0.066572 0.280694
v 0.023968 -0.100270 0.113303
v 0.016329 -0.119957 0.099506
v 0.030898 -0.082980 0.125697
v 0.033443 -0.077113 0.124299
v 0.032781 -0.061780 0.215052
v 0.015668 -0.054620 0.328210
v 0.014820 -0.047022 0.348101
v 0.009269 -0.045549 0.375944
v 0.023264 -0.053566 0.299778
v 0.027554 -0.061408 0.251769
v 0.019039 -0.048629 0.330803
v 0.022497 -0.045993 0.321987
v 0.023887 -0.035838 0.340395
v 0.018208 -0.116855 0.075141
v 0.036327 -0.060237 0.189220
v 0.035978 -0.055088 0.209648
v 0.034127 -0.054700 0.217497
v 0.037039 -0.051247 0.213232
v 0.040623 -0.054514 0.189498
v 0.019309 -0.035215 0.357994
v 0.024854 -0.020618 0.368841
v 0.028866 -0.015114 0.360347
v 0.025661 -0.041034 0.308490
v 0.026393 -0.006115 0.386396
v 0.032620 -0.045842 0.237647
v 0.019840 -0.019149 0.387943
v 0.016593 -0.008423 0.419706
v 0.013621 -0.034028 0.373020
v 0.013232 -0.023758 0.397501
v 0.016181 -0.001717 0.430356
v 0.023785 -0.100394 0.094981
v 0.009489 -0.032790 0.409862
v 0.005855 -0.044729 0.398697
v 0.004093 -0.047162 0.412872
v 0.006126 -0.053773 0.369349
v 0.005514 -0.048100 0.387150
v 0.014526 -0.123207 0.080169
v 0.007240 -0.039378 0.421871
v 0.027830 -0.046570 0.277584
v 0.012846 -0.018261 0.412022
v 0.011972 -0.012908 0.425257
v 0.044854 -0.054146 0.165463
v 0.041448 -0.060722 0.171418
v 0.044190 -0.063521 0.150322
v 0.045670 -0.064950 0.138278
v 0.041279 -0.067178 0.153091
v 0.001267 -0.050134 0.402213
v 0.017594 -0.115213 0.036995
v 0.021163 -0.104305 0.032123
v 0.035843 -0.038151 0.231976
v 0.011115 -0.021279 0.426516
v 0.045185 -0.070030 0.120498
v 0.046149 -0.067854 0.110865
v 0.044800 -0.070208 0.113098
v 0.045531 -0.066558 0.097643
v 0.030302 -0.038526 0.264949
v 0.017356 -0.104466 -0.021567
v 0.022445 -0.093461 -0.005372
v 0.031284 -0.074046 0.086659
v 0.035642 -0.058511 0.083742
v 0.033818 -0.070764 0.102623
v 0.034896 -0.066265 0.094393
v 0.005343 -0.047929 0.433300
v 0.001687 -0.054712 0.431514
v 0.008969 -0.035213 0.441940
v 0.018738 -0.088444 -0.052099
v 0.014392 -0.112952 -0.004538
v 0.005438 -0.058680 0.455630
v 0.007237 -0.054183 0.465022
v 0.014347 -0.119569 0.032382
v 0.013674 -0.105652 -0.037581
v 0.009924 -0.018556 0.434862
v 0.008032 -0.037457 0.452208
v 0.005999 -0.063527 0.466791
v 0.005629 -0.087936 0.494394
v 0.005466 -0.073963 0.475946
v 0.005251 -0.088003 0.488472
v 0.001878 -0.095902 0.488364
v 0.002816 -0.096448 0.496135
v 0.002951 -0.066182 0.458803
v 0.001813 -0.073223 0.465847
v 0.001526 -0.083170 0.475265
v 0.044899 -0.064033 0.092937
v 0.006495 -0.054200 0.470445
v 0.005505 -0.073248 0.487648
v 0.039001 -0.070707 0.140168
v 0.042317 -0.069795 0.130667
v 0.000421 -0.052404 0.419489
v 0.009829 -0.009395 0.431668
v 0.015055 0.002101 0.433484
v 0.006376 -0.061492 0.349097
v 0.002799 -0.089494 0.483283
v 0.036609 -0.052371 0.078787
v 0.035527 -0.074499 0.121758
v 0.003342 -0.085453 0.498922
v 0.012865 -0.124380 0.072350
v 0.016222 -0.123193 0.091374
v 0.010427 -0.000697 0.438784
v 0.006696 -0.008669 0.437458
v 0.007384 -0.005467 0.443198
v 0.007058 -0.011343 0.436767
v 0.006585 -0.035847 0.454660
v 0.006724 -0.019198 0.441617
v 0.021346 -0.123453 0.123125
v 0.017094 -0.116229 0.130928
v 0.022396 -0.133412 0.122803
v 0.013109 -0.111805 0.136247
v 0.024362 -0.130283 0.113298
v 0.025898 -0.134788 0.119141
v 0.031063 -0.145924 0.110523
v 0.029648 -0.145925 0.115674
v 0.033211 -0.153333 0.112015
v 0.040230 -0.169691 0.104474
v 0.037301 -0.166284 0.109166
v 0.041408 -0.178196 0.104957
v 0.045026 -0.186549 0.097267
v 0.040877 -0.170950 0.095847
v 0.040834 -0.173937 0.078467
v 0.043846 -0.188520 0.075796
v 0.044031 -0.196255 0.086705
v 0.043234 -0.195173 0.075700
v 0.042297 -0.190231 0.069621
v 0.040659 -0.183141 0.063780
v 0.038089 -0.173266 0.063328
v 0.033160 -0.151399 0.096447
v 0.033339 -0.157811 0.068396
v 0.026429 -0.138540 0.095099
v 0.026225 -0.144525 0.070339
v 0.003541 -0.066357 0.485985
v 0.041874 -0.195341 0.092596
v 0.034106 -0.168926 0.058194
v 0.002027 -0.072186 0.492660
v 0.021967 -0.141468 0.061910
v 0.025051 -0.150152 0.059146
v 0.014613 -0.128254 0.067894
v 0.007049 0.003832 0.441986
v -0.000601 -0.093434 0.500302
v 0.001961 -0.056013 0.478262
v 0.002313 -0.046511 0.469035
v -0.000975 -0.099809 0.494940
v -0.000393 -0.052143 0.389777
v 0.002295 -0.026914 0.450181
v 0.001446 -0.058224 0.366985
v 0.000290 -0.067181 0.456569
v 0.000274 -0.060973 0.445232
v 0.001636 -0.065053 0.347898
v -0.000355 -0.087775 0.500862
v 0.001928 -0.073829 0.327218
v 0.015515 -0.131865 0.065230
v -0.000609 -0.082278 0.307554
v -0.000919 -0.091906 0.281234
v -0.020763 -0.139365 0.066949
v -0.018050 -0.131496 0.073534
v -0.016414 -0.133039 0.070344
v -0.014109 -0.126515 0.079079
v -0.027207 -0.150610 0.063155
v -0.027788 -0.144968 0.077928
v -0.017971 -0.122373 0.102139
v -0.014598 -0.124920 0.080025
v -0.025219 -0.129977 0.116801
v -0.035852 -0.167437 0.065042
v -0.036590 -0.165314 0.074048
v -0.031530 -0.147107 0.102083
v -0.017435 -0.114852 0.113192
v -0.022174 -0.123046 0.122382
v -0.017682 -0.111518 0.130226
v -0.039239 -0.165758 0.101699
v -0.030874 -0.144898 0.111711
v -0.040811 -0.176498 0.077506
v -0.016247 -0.122392 0.091796
v -0.045002 -0.185623 0.096445
v -0.042018 -0.174882 0.103077
v -0.042200 -0.184827 0.073553
v -0.032427 -0.165421 0.059540
v -0.038900 -0.183720 0.063634
v -0.035463 -0.173213 0.059946
v -0.024201 -0.129769 0.122044
v -0.033375 -0.153283 0.111548
v -0.044371 -0.196687 0.088675
v -0.042798 -0.195254 0.074623
v -0.000724 0.134699 -0.470006
v -0.000033 0.127819 -0.451661
v 0.000546 0.135957 -0.473486
v -0.000730 -0.100070 -0.184663
v 0.001582 -0.099895 -0.184738
v -0.000136 -0.105243 -0.181144
v 0.000340 -0.094122 -0.191788
v 0.001689 -0.105902 -0.179830
v 0.000032 -0.114992 -0.175392
v 0.001720 -0.116558 -0.173063
v 0.000126 -0.131968 -0.166394
v 0.002163 -0.137096 -0.161778
v 0.000057 -0.144195 -0.160935
v 0.001951 -0.157329 -0.155141
v -0.000158 -0.155414 -0.156741
v -0.000003 -0.171160 -0.153305
v 0.001804 -0.185068 -0.148685
v -0.000246 -0.185579 -0.150066
v -0.000232 -0.195856 -0.144233
v -0.044371 -0.196687 0.088675
v -0.042798 -0.195254 0.074623
v -0.042102 -0.196370 0.081291
v -0.001126 -0.037690 -0.302733
v 0.001063 -0.037642 -0.301955
v -0.000227 -0.046268 -0.302184
v -0.008491 -0.006096 0.434754
v -0.010686 -0.001122 0.438414
v -0.010138 -0.008442 0.432363
v -0.008120 -0.001524 0.440030
v -0.015661 -0.002027 0.429541
v -0.004188 -0.010294 0.439083
v -0.001186 -0.005282 0.446787
v -0.001290 -0.010162 0.440761
v -0.002140 0.008730 0.442070
v -0.010270 0.009966 0.436475
v -0.015630 0.007443 0.430438
v 0.041874 -0.195341 0.092596
v 0.042166 -0.196520 0.085132
v 0.044031 -0.196255 0.086705
v 0.043234 -0.195173 0.075700
v 0.017267 -0.139593 0.112034
v 0.018419 -0.140997 0.100801
v 0.021518 -0.149296 0.108504
v 0.027874 -0.167922 0.095907
v 0.020845 -0.144823 0.070017
v 0.027809 -0.164805 0.074807
v 0.035549 -0.183417 0.083558
v 0.034669 -0.182543 0.099216
v 0.012537 -0.127745 0.073393
v 0.030660 -0.172220 0.107050
v 0.015515 -0.131865 0.065230
v 0.010722 -0.127171 0.102483
v 0.036098 -0.179705 0.067599
v 0.012358 -0.131705 0.116204
v 0.025051 -0.150152 0.059146
v 0.031398 -0.164973 0.058366
v 0.023063 -0.151628 0.112016
v 0.021967 -0.141468 0.061910
v 0.021459 -0.144135 0.116828
v 0.012706 -0.131440 0.119943
v 0.042297 -0.190231 0.069621
v 0.034106 -0.168926 0.058194
v 0.040659 -0.183141 0.063780
v 0.036626 -0.182257 0.104354
v 0.029888 -0.165182 0.110970
v 0.014613 -0.128254 0.067894
v 0.012865 -0.124380 0.072350
v -0.000161 0.098871 -0.411828
v 0.000362 0.093204 -0.403938
v 0.001505 0.098704 -0.412457
v 0.000303 0.105010 -0.418253
v 0.001750 0.081672 -0.393869
v 0.000310 0.086061 -0.396147
v 0.000173 0.077901 -0.387324
v 0.001593 0.069649 -0.379840
v 0.002160 0.107420 -0.426717
v 0.000190 0.116495 -0.432957
v 0.001519 0.123035 -0.447615
v -0.000033 0.127819 -0.451661
v 0.025051 -0.150152 0.059146
v 0.034106 -0.168926 0.058194
v 0.031398 -0.164973 0.058366
v -0.000665 0.111577 -0.188892
v 0.000430 0.107185 -0.192605
v -0.000283 0.102922 -0.197275
v 0.000055 0.061866 -0.460392
v 0.000552 0.052779 -0.450683
v -0.000460 0.055665 -0.453560
v 0.000100 0.045697 -0.443937
v 0.000100 0.045697 -0.443937
v 0.000334 0.034442 -0.432303
v -0.000174 0.038510 -0.436475
v -0.000919 -0.091906 0.281234
v 0.002705 -0.100899 0.242081
v 0.006078 -0.092284 0.273457
v 0.037301 -0.166284 0.109166
v 0.029399 -0.156199 0.114061
v 0.035884 -0.172845 0.108619
v 0.041408 -0.178196 0.104957
v 0.033211 -0.153333 0.112015
v 0.029648 -0.145925 0.115674
v 0.025865 -0.145679 0.117869
v 0.025898 -0.134788 0.119141
v 0.022396 -0.133412 0.122803
v 0.021346 -0.123453 0.123125
v 0.036626 -0.182257 0.104354
v 0.041220 -0.187186 0.101504
v 0.045026 -0.186549 0.097267
v 0.020086 -0.136974 0.121474
v 0.013597 -0.129818 0.124924
v 0.029888 -0.165182 0.110970
v 0.041874 -0.195341 0.092596
v 0.012643 -0.121813 0.130549
v 0.017094 -0.116229 0.130928
v 0.013109 -0.111805 0.136247
v 0.008330 -0.113714 0.137974
v 0.021459 -0.144135 0.116828
v 0.002637 -0.121596 0.129671
v -0.004658 -0.122673 0.127687
v -0.003699 -0.113043 0.139794
v 0.030660 -0.172220 0.107050
v -0.012408 -0.112903 0.136512
v -0.008916 -0.123883 0.126582
v -0.015243 -0.120406 0.130843
v -0.018473 -0.131293 0.124030
v -0.022851 -0.132883 0.122868
v -0.022480 -0.144627 0.117218
v -0.026110 -0.144700 0.118109
v -0.030386 -0.156252 0.114031
v -0.028708 -0.163266 0.110888
v -0.035716 -0.175490 0.107256
v -0.034178 -0.178800 0.104007
v -0.042043 -0.190095 0.098248
v -0.042654 -0.182850 0.102185
v 0.012706 -0.131440 0.119943
v 0.008716 -0.110104 0.146029
v -0.006691 -0.125810 0.120780
v -0.004466 -0.111097 0.145212
v -0.014216 -0.108190 0.146869
v 0.017689 -0.106463 0.142510
v -0.002783 -0.109311 0.159995
v 0.009099 -0.108072 0.162638
v -0.011246 -0.106990 0.167010
v -0.001589 -0.105942 0.213063
v 0.007567 -0.107289 0.183590
v 0.007903 -0.104101 0.212505
v -0.001891 -0.101681 0.240768
v -0.001533 -0.072691 0.330546
v -0.000609 -0.082278 0.307554
v 0.001928 -0.073829 0.327218
v 0.001636 -0.065053 0.347898
v -0.001422 -0.065207 0.347317
v 0.001446 -0.058224 0.366985
v -0.001155 -0.057323 0.368796
v -0.042200 -0.184827 0.073553
v -0.038900 -0.183720 0.063634
v -0.042798 -0.195254 0.074623
v 0.000274 -0.060973 0.445232
v 0.001687 -0.054712 0.431514
v 0.002951 -0.066182 0.458803
v -0.001750 -0.050886 0.416892
v -0.001602 -0.050236 0.400617
v 0.001267 -0.050134 0.402213
v -0.000393 -0.052143 0.389777
v -0.020763 -0.139365 0.066949
v -0.021319 -0.143736 0.065824
v -0.027207 -0.150610 0.063155
v 0.001582 -0.099895 -0.184738
v 0.000340 -0.094122 -0.191788
v 0.001145 -0.091000 -0.196099
v -0.014598 -0.124920 0.080025
v -0.014109 -0.126515 0.079079
v -0.018050 -0.131496 0.073534
v -0.011322 -0.125938 0.080666
vn 0.9353 -0.0318 -0.3525
vn 0.9530 -0.0365 -0.3009
vn 0.1465 0.0303 -0.9887
vn 0.9032 0.0288 -0.4282
vn -0.1265 -0.0085 -0.9919
vn 0.5059 -0.2011 -0.8388
vn 0.7890 -0.3351 -0.5149
vn 0.8960 -0.2655 -0.3560
vn 0.9767 0.0956 -0.1924
vn 0.9747 -0.1239 -0.1860
vn 0.9958 -0.0491 -0.0772
vn -0.8329 0.3062 -0.4610
vn 0.9512 0.1731 -0.2554
vn 0.9960 -0.0501 -0.0735
vn 0.9985 -0.0080 -0.0545
vn 0.9950 0.0942 -0.0329
vn 0.9984 0.0132 -0.0550
vn 0.9972 -0.0095 -0.0739
vn 0.8635 -0.3123 -0.3960
vn 0.9765 0.2125 -0.0360
vn 0.9953 -0.0345 -0.0901
vn 0.8842 0.3258 -0.3349
vn 0.9486 0.2202 -0.2271
vn 0.9993 0.0073 -0.0361
vn 0.9995 -0.0151 -0.0270
vn -0.7094 0.7048 -0.0042
vn 0.9797 0.1976 -0.0325
vn 0.8420 -0.3211 -0.4336
vn 0.9040 -0.4081 0.1270
vn 0.9249 -0.3698 0.0883
vn 0.9786 -0.1367 -0.1538
vn 0.5035 -0.6845 0.5272
vn 0.9127 -0.3752 0.1619
vn 0.9995 0.0146 -0.0267
vn 0.9997 -0.0166 -0.0164
vn 0.9913 -0.0922 0.0937
vn 0.0318 0.9362 0.3499
vn 0.9754 -0.1333 -0.1755
vn 0.8894 0.3200 -0.3264
vn 0.9966 -0.0725 0.0396
vn 0.9194 0.3599 0.1586
vn 0.9328 -0.2523 -0.2574
vn -0.3689 0.6601 -0.6543
vn 0.7434 0.4944 -0.4505
vn 0.9918 0.0934 -0.0874
vn 0.9995 0.0191 -0.0256
vn 0.9996 -0.0199 -0.0191
vn 0.8883 0.4283 0.1656
vn 0.8334 -0.4369 0.3385
vn 0.8941 -0.3450 0.2854
vn 0.9886 0.1364 0.0637
vn 0.9488 -0.2049 -0.2404
vn -0.1621 -0.7246 -0.6699
vn 0.7180 0.5236 -0.4585
vn 0.9988 -0.0324 -0.0379
vn 0.9855 0.1583 0.0613
vn 0.9994 0.0065 -0.0327
vn 0.8011 0.5162 0.3030
vn 0.0766 -0.6903 -0.7195
vn 0.9560 -0.2321 -0.1795
vn 0.6895 0.5227 -0.5014
vn 0.7358 0.4947 -0.4625
vn 0.9967 -0.0686 0.0434
vn 0.9214 -0.2701 -0.2794
vn 0.8796 -0.3758 0.2916
vn 0.9993 -0.0129 -0.0361
vn 0.9978 -0.0389 -0.0539
vn 0.9938 0.0769 -0.0800
vn 0.8996 0.3626 0.2434
vn 0.9217 -0.2693 -0.2791
vn -0.0523 -0.7182 -0.6938
vn 0.9133 -0.3130 0.2607
vn 0.9698 0.2086 0.1262
vn 0.9999 0.0158 -0.0067
vn 0.9962 -0.0696 0.0520
vn 0.8160 0.3997 -0.4175
vn 0.9999 0.0139 -0.0048
vn 0.9957 -0.0776 0.0512
vn 0.9977 -0.0315 -0.0603
vn 0.8666 0.3964 0.3030
vn 0.9326 -0.2763 -0.2322
vn 0.9124 -0.3142 0.2624
vn 0.9925 0.0809 -0.0912
vn 0.8984 -0.3145 -0.3066
vn 0.6564 0.4815 -0.5808
vn 0.9661 0.1983 0.1655
vn 0.9986 -0.0146 -0.0502
vn 0.9972 -0.0439 -0.0601
vn 0.9992 -0.0158 0.0373
vn 0.9957 -0.0782 0.0504
vn 0.8392 0.4460 0.3111
vn 0.9057 -0.2841 -0.3147
vn 0.8806 0.2355 -0.4112
vn 0.9189 -0.3103 0.2436
vn 0.9609 0.2219 0.1657
vn 0.9986 -0.0215 -0.0482
vn 0.9972 -0.0512 -0.0543
vn 0.9991 0.0187 -0.0390
vn 0.9993 -0.0111 -0.0355
vn 0.8794 -0.2949 -0.3737
vn 0.8650 0.1603 -0.4754
vn 0.9937 0.0707 -0.0865
vn 0.2853 0.7873 0.5466
vn 0.8077 0.4399 0.3925
vn 0.9024 -0.0358 -0.4295
vn 0.9508 -0.2405 0.1952
vn 0.9046 -0.3499 0.2433
vn 0.9542 0.2267 0.1951
vn 0.7768 0.1488 -0.6120
vn 0.9789 0.0297 -0.2020
vn 0.9525 0.2343 0.1947
vn 0.9955 -0.0434 -0.0846
vn 0.9994 -0.0336 0.0035
vn 0.7573 0.4789 0.4440
vn 0.9990 -0.0220 -0.0387
vn 0.9955 -0.0430 -0.0848
vn 0.9930 0.0251 -0.1156
vn 0.9940 -0.0077 -0.1088
vn 0.9986 -0.0525 0.0110
vn -0.3153 -0.7310 0.6052
vn 0.9475 -0.2421 0.2089
vn 0.9869 0.1156 0.1124
vn 0.9992 0.0021 -0.0412
vn 0.9953 -0.0150 -0.0958
vn 0.9970 -0.0643 0.0437
vn 0.9120 -0.3427 0.2256
vn 0.9236 -0.3227 0.2067
vn 0.9494 0.2332 0.2105
vn 0.9913 0.0027 -0.1319
vn 0.9914 -0.1294 0.0210
vn 0.9944 -0.0833 -0.0647
vn 0.9967 0.0024 -0.0812
vn 0.9909 0.0134 -0.1340
vn -0.7576 0.5127 0.4040
vn 0.9410 0.2639 0.2119
vn 0.9944 0.0906 0.0542
vn 0.9873 -0.1546 0.0357
vn 0.7739 -0.4852 0.4070
vn 0.9892 0.1281 0.0711
vn 0.9938 0.0480 -0.0999
vn -0.4768 0.7770 0.4110
vn 0.6962 0.5600 0.4492
vn 0.9403 0.2646 0.2142
vn 0.8530 -0.4338 0.2901
vn 0.9901 0.1407 -0.0002
vn 0.9274 0.3679 0.0674
vn 0.9953 0.0526 -0.0808
vn 0.9865 -0.1535 -0.0563
vn 0.9915 -0.0443 -0.1226
vn 0.3751 0.6792 0.6308
vn 0.4568 -0.7756 0.4357
vn 0.8464 -0.5042 0.1712
vn 0.9136 0.3568 0.1952
vn 0.9575 0.2493 0.1450
vn 0.9823 -0.1829 -0.0410
vn 0.9907 0.0143 -0.1356
vn 0.9173 -0.3702 0.1468
vn 0.9817 -0.1900 -0.0150
vn 0.9916 -0.0507 -0.1188
vn 0.5751 0.7297 0.3699
vn 0.8764 0.3915 0.2806
vn 0.8585 -0.5116 -0.0354
vn 0.9096 -0.3786 0.1711
vn 0.9418 0.3336 0.0406
vn 0.9917 0.0244 -0.1264
vn -0.9911 0.0731 -0.1114
vn 0.9077 0.4163 0.0518
vn 0.9900 0.0919 -0.1072
vn 0.9810 -0.1677 -0.0974
vn 0.9703 -0.2192 -0.1023
vn 0.9416 -0.3272 -0.0791
vn 0.8948 0.4399 0.0766
vn 0.8314 -0.5518 0.0657
vn 0.8831 0.4686 -0.0251
vn 0.9865 0.1187 -0.1125
vn 0.9295 -0.3645 -0.0561
vn 0.8932 -0.4484 -0.0323
vn 0.5308 0.8416 0.0999
vn 0.7785 0.5656 0.2722
vn 0.8609 0.5087 0.0096
vn 0.9894 0.1220 -0.0794
vn 0.5319 0.8411 0.0978
vn -0.3554 0.9016 0.2465
vn 0.1575 0.9447 0.2876
vn 0.9839 -0.1711 -0.0517
vn 0.7828 0.6206 -0.0453
vn 0.9416 0.3340 -0.0416
vn 0.9784 -0.2031 -0.0379
vn 0.9974 0.0047 -0.0713
vn -0.5076 0.8614 0.0160
vn -0.1232 0.9915 0.0428
vn 0.9961 0.0621 -0.0633
vn 0.9979 -0.0122 -0.0637
vn 0.9977 -0.0195 -0.0646
vn 0.1401 0.9830 0.1185
vn 0.5850 -0.8095 0.0507
vn 0.8588 -0.5123 -0.0042
vn 0.9934 -0.1074 -0.0396
vn 0.9037 -0.4274 0.0269
vn 0.9770 -0.2132 -0.0094
vn 0.3350 -0.0252 -0.9419
vn 0.8645 -0.1164 -0.4890
vn 0.4432 0.8963 0.0141
vn 0.8584 -0.5063 0.0825
vn 0.9835 -0.1787 -0.0287
vn 0.9916 -0.1282 -0.0180
vn -0.1003 0.9949 -0.0099
vn 0.0457 0.9988 0.0176
vn 0.6260 -0.7653 0.1496
vn 0.9914 0.0571 -0.1176
vn 0.9971 0.0658 -0.0387
vn 0.9989 -0.0077 -0.0453
vn -0.3801 0.9250 0.0009
vn 0.9993 0.0191 -0.0313
vn -0.3468 0.9379 0.0061
vn -0.2223 0.9595 -0.1729
vn 0.6657 0.7462 -0.0060
vn 0.9584 -0.2852 0.0121
vn 0.9838 0.1595 -0.0816
vn 0.9928 -0.0875 -0.0815
vn 0.9481 -0.2943 -0.1208
vn 0.3409 0.9401 0.0062
vn 0.8535 0.5211 0.0040
vn 0.9361 0.3517 -0.0083
vn 0.9701 0.2429 -0.0042
vn 0.4321 -0.8386 -0.3318
vn 0.6741 -0.7326 0.0944
vn 0.9479 -0.2949 -0.1207
vn 0.8488 -0.5233 0.0760
vn 0.0174 0.9799 -0.1986
vn 0.9599 0.2796 -0.0208
vn 0.9500 -0.3109 0.0271
vn 0.1655 0.9843 -0.0611
vn 0.6826 -0.7176 0.1382
vn 0.3836 0.9234 -0.0159
vn 0.9982 0.0148 -0.0575
vn 0.9982 0.0430 -0.0425
vn 0.9516 0.0398 -0.3047
vn 0.4810 0.4934 -0.7247
vn 0.3987 -0.8690 -0.2931
vn 0.9957 0.0726 -0.0578
vn 0.9861 0.1522 -0.0670
vn -0.1785 0.9822 -0.0585
vn 0.5196 0.4632 -0.7179
vn 0.9964 -0.0622 -0.0576
vn 0.9555 -0.2829 -0.0841
vn 0.3518 0.9308 -0.0993
vn 0.8344 -0.5434 0.0920
vn 0.9844 -0.1745 -0.0227
vn -0.4412 0.8946 -0.0706
vn 0.7112 0.5989 -0.3680
vn 0.9901 0.0435 -0.1332
vn 0.9517 -0.2929 -0.0924
vn 0.5574 0.8290 -0.0458
vn 0.8920 0.4493 -0.0494
vn 0.8008 -0.5933 0.0817
vn 0.9504 -0.3108 0.0098
vn 0.9953 -0.0956 -0.0139
vn -0.7261 0.6874 -0.0159
vn -0.5348 0.8434 -0.0521
vn 0.7854 0.5878 -0.1942
vn 0.9649 -0.2616 0.0228
vn 0.0177 0.9535 -0.3010
vn 0.7854 0.5424 -0.2983
vn 0.4942 -0.8244 -0.2759
vn 0.9504 0.2752 -0.1447
vn 0.9850 0.1225 -0.1215
vn 0.9897 0.0376 -0.1379
vn 0.9923 0.1124 -0.0511
vn 0.9909 -0.1278 -0.0415
vn 0.9561 -0.2746 -0.1026
vn 0.8318 -0.5415 -0.1218
vn 0.9461 -0.3215 -0.0381
vn 0.7793 0.5771 -0.2443
vn 0.9944 -0.0980 -0.0383
vn -0.6198 0.3522 -0.7013
vn 0.9432 -0.3303 -0.0368
vn 0.9579 0.2871 -0.0076
vn 0.9571 0.2896 -0.0064
vn 0.9943 -0.0998 -0.0377
vn 0.6293 0.6383 -0.4433
vn 0.8019 -0.5911 -0.0871
vn 0.9647 -0.2600 -0.0421
vn 0.9989 0.0431 -0.0203
vn 0.4364 0.7691 -0.4670
vn 0.9531 0.2434 -0.1798
vn 0.7586 0.6273 -0.1763
vn 0.9928 0.1131 -0.0406
vn 0.6292 0.7492 -0.2069
vn 0.9996 0.0254 -0.0098
vn -0.8461 0.5119 -0.1481
vn -0.5622 0.7945 -0.2295
vn -0.5530 0.7994 -0.2348
vn -0.6351 0.6067 -0.4781
vn -0.3663 0.7860 -0.4981
vn 0.3346 0.6789 -0.6536
vn 0.9848 0.1373 -0.1066
vn 0.9849 0.1365 -0.1068
vn 0.9909 -0.1171 -0.0659
vn -0.2828 0.4742 -0.8338
vn 0.9477 0.2391 -0.2115
vn 0.9424 0.2562 -0.2149
vn 0.9533 -0.2984 -0.0465
vn 0.9893 0.1420 -0.0324
vn 0.9963 0.0804 -0.0315
vn 0.9786 -0.1912 -0.0756
vn 0.8880 -0.4549 -0.0671
vn 0.5239 0.6247 -0.5790
vn 0.2444 0.6816 -0.6897
vn 0.9700 -0.2330 -0.0696
vn 0.5443 0.7815 -0.3050
vn 0.6800 -0.7255 -0.1062
vn 0.9585 0.2672 -0.0991
vn 0.9249 -0.3703 -0.0865
vn 0.9756 0.2096 -0.0653
vn 0.9975 0.0161 -0.0684
vn 0.9490 0.2303 -0.2151
vn 0.9861 0.1395 -0.0907
vn 0.9897 -0.1292 -0.0614
vn 0.9836 -0.1646 -0.0736
vn 0.7237 0.6556 -0.2155
vn 0.8064 0.5583 -0.1951
vn 0.6011 -0.7829 -0.1608
vn 0.5984 0.5732 -0.5599
vn 0.9862 0.1155 -0.1185
vn 0.9533 0.2251 -0.2015
vn 0.8221 0.5205 -0.2309
vn 0.9586 0.2669 -0.0992
vn -0.7742 0.4557 -0.4392
vn 0.5489 0.6343 -0.5445
vn 0.4485 -0.7556 -0.4775
vn 0.6255 0.5845 -0.5169
vn 0.9552 0.2118 -0.2067
vn 0.9965 0.0790 -0.0290
vn 0.9980 0.0062 -0.0626
vn 0.8089 0.3926 -0.4376
vn 0.9413 -0.3084 -0.1374
vn 0.5699 -0.8106 -0.1346
vn -0.6205 0.6940 -0.3651
vn 0.7777 0.4463 -0.4427
vn 0.9905 0.1161 -0.0733
vn 0.8962 -0.3494 -0.2735
vn 0.9950 -0.0937 -0.0347
vn 0.9276 -0.3564 -0.1116
vn 0.8326 -0.5428 -0.1098
vn 0.9956 -0.0754 -0.0562
vn 0.9913 -0.1144 -0.0645
vn 0.7537 0.4241 -0.5021
vn 0.9900 0.1402 -0.0142
vn 0.9314 -0.3049 -0.1990
vn 0.8317 0.4921 -0.2571
vn 0.9583 0.2676 -0.1003
vn 0.9772 0.1946 -0.0854
vn 0.9638 0.1993 -0.1770
vn 0.9923 0.0948 -0.0796
vn 0.9936 0.1013 -0.0509
vn 0.9896 0.1432 -0.0147
vn 0.9934 0.1135 -0.0145
vn 0.9877 -0.1489 -0.0479
vn -0.9720 0.1892 -0.1392
vn 0.9818 0.1655 0.0936
vn 0.9848 -0.1525 -0.0827
vn 0.9527 -0.2205 -0.2093
vn 0.8377 -0.5342 -0.1132
vn 0.9952 -0.0322 -0.0922
vn 0.5552 0.5316 -0.6397
vn 0.9762 0.1483 -0.1581
vn 0.9940 0.1038 -0.0348
vn 0.9862 -0.1447 -0.0807
vn 0.9307 -0.2214 -0.2912
vn 0.6794 0.4873 -0.5486
vn 0.0156 -0.5611 -0.8276
vn 0.3155 -0.5970 -0.7376
vn 0.8648 0.4559 -0.2107
vn 0.9802 0.1821 -0.0775
vn -0.8631 -0.3480 -0.3660
vn 0.4035 -0.4598 -0.7910
vn 0.5564 -0.4443 -0.7022
vn 0.9980 0.0479 -0.0400
vn 0.9907 -0.0993 -0.0932
vn 0.9380 -0.2153 -0.2715
vn 0.9574 -0.1529 -0.2451
vn 0.8738 0.4374 -0.2123
vn 0.9963 -0.0695 -0.0513
vn 0.9609 0.2569 -0.1037
vn 0.9762 -0.2044 -0.0727
vn 0.0099 0.8724 -0.4887
vn 0.9928 0.0933 -0.0753
vn 0.9927 0.1180 -0.0253
vn 0.9931 -0.1047 -0.0520
vn 0.9982 0.0180 -0.0574
vn 0.0064 0.3581 -0.9337
vn 0.6198 -0.3648 -0.6948
vn 0.9479 0.1729 -0.2674
vn 0.7623 -0.6235 -0.1736
vn -0.7712 0.5796 -0.2632
vn -0.6436 0.3904 -0.6583
vn 0.7376 0.3649 -0.5681
vn 0.7564 0.3500 -0.5525
vn 0.9498 0.1638 -0.2667
vn 0.9929 0.0715 -0.0949
vn 0.9916 -0.1048 -0.0752
vn 0.9536 -0.1519 -0.2599
vn 0.6363 -0.3609 -0.6818
vn 0.9721 -0.0964 -0.2136
vn 0.8369 0.4759 -0.2702
vn 0.6723 -0.7248 -0.1509
vn 0.8762 -0.4563 -0.1550
vn 0.9763 0.1792 -0.1209
vn -0.0812 0.7607 -0.6440
vn 0.7160 -0.2880 -0.6359
vn 0.9940 -0.0394 -0.1016
vn 0.9995 0.0291 0.0157
vn 0.9434 0.2835 -0.1718
vn 0.9540 0.2495 -0.1660
vn 0.9683 0.2144 -0.1280
vn 0.4499 0.1781 -0.8751
vn 0.3591 -0.3329 -0.8719
vn 0.9607 0.1544 -0.2309
vn 0.9959 0.0704 -0.0561
vn 0.9673 -0.0881 -0.2377
vn 0.9933 -0.0934 -0.0680
vn 0.9573 -0.2713 -0.0997
vn 0.9951 0.0363 -0.0922
vn -0.3696 0.3547 -0.8588
vn 0.7045 0.2699 -0.6563
vn 0.4840 -0.1819 -0.8559
vn 0.9957 0.0545 -0.0753
vn 0.9985 0.0504 -0.0209
vn 0.9668 -0.0884 -0.2397
vn 0.5696 -0.2616 -0.7792
vn 0.6667 -0.7118 -0.2212
vn 0.9839 0.1519 -0.0941
vn 0.9969 0.0073 -0.0783
vn 0.9929 -0.0879 -0.0802
vn 0.9922 -0.1000 -0.0750
vn 0.9805 -0.1780 -0.0833
vn -0.7846 0.5534 -0.2796
vn -0.7915 -0.1530 -0.5917
vn -0.3014 0.2689 -0.9148
vn 0.5892 0.2544 -0.7669
vn 0.4896 0.2909 -0.8220
vn 0.9991 0.0352 -0.0253
vn 0.5822 -0.1872 -0.7912
vn 0.9682 -0.0615 -0.2425
vn 0.5805 -0.1878 -0.7923
vn 0.8064 0.5267 -0.2691
vn 0.9831 -0.1819 0.0207
vn 0.9339 -0.3427 -0.1021
vn -0.3643 0.2668 -0.8922
vn 0.5784 -0.4021 -0.7098
vn 0.6807 -0.3856 -0.6228
vn 0.9815 0.0604 -0.1817
vn 0.9966 -0.0604 -0.0561
vn 0.9967 -0.0274 -0.0757
vn 0.9741 -0.0618 -0.2174
vn 0.9690 -0.0987 -0.2264
vn 0.9994 0.0291 0.0182
vn 0.9693 0.2135 -0.1219
vn -0.7145 0.5973 -0.3643
vn 0.1335 0.3643 -0.9217
vn 0.3810 0.3110 -0.8707
vn 0.5552 0.2363 -0.7974
vn 0.9590 0.0528 -0.2785
vn 0.9977 -0.0232 -0.0633
vn 0.9687 -0.2481 0.0069
vn 0.9920 0.0834 0.0947
vn 0.9851 0.1557 -0.0737
vn -0.1245 0.4452 -0.8867
vn 0.8419 -0.4151 -0.3447
vn 0.9647 0.1870 -0.1852
vn 0.9974 0.0541 -0.0481
vn 0.9975 -0.0335 -0.0621
vn 0.9991 -0.0365 -0.0235
vn 0.9817 -0.1386 -0.1306
vn 0.9674 -0.2089 -0.1430
vn 0.7830 0.5426 -0.3042
vn 0.9759 0.1728 -0.1336
vn 0.9880 0.1286 -0.0859
vn 0.9978 0.0180 -0.0645
vn -0.6692 0.6623 -0.3370
vn 0.2411 0.6748 -0.6975
vn 0.9991 0.0383 -0.0175
vn 0.9992 -0.0184 -0.0351
vn 0.7864 0.5266 -0.3229
vn 0.9964 -0.0823 -0.0214
vn 0.9388 0.2747 -0.2077
vn 0.9767 0.1609 -0.1424
vn 0.9975 0.0336 -0.0618
vn 0.9975 0.0288 -0.0642
vn 0.9968 0.0325 -0.0727
vn 0.9993 0.0323 -0.0208
vn 0.7167 0.6119 -0.3346
vn 0.9969 -0.0571 -0.0536
vn 0.9655 0.1384 -0.2204
vn 0.9681 0.1722 -0.1822
vn -0.9738 0.1534 -0.1678
vn -0.6475 0.6567 -0.3867
vn -0.8154 0.5678 -0.1128
vn -0.0991 0.9375 -0.3335
vn 0.9799 0.1547 0.1260
vn 0.9991 -0.0350 -0.0245
vn 0.9960 -0.0544 0.0703
vn 0.9728 -0.2194 0.0745
vn 0.9970 0.0704 0.0319
vn 0.8507 0.4632 -0.2484
vn 0.9532 0.2547 -0.1627
vn -0.6036 0.6725 -0.4283
vn 0.2637 0.9646 0.0034
vn 0.6562 0.7450 -0.1198
vn 0.9465 0.3185 -0.0526
vn 0.9991 -0.0377 -0.0184
vn 0.9992 -0.0348 -0.0175
vn 0.9982 -0.0582 -0.0167
vn 0.9491 -0.2831 -0.1379
vn 0.8484 -0.5007 -0.1718
vn 0.9712 0.1645 -0.1726
vn 0.9728 0.1533 -0.1735
vn 0.9944 0.0172 -0.1041
vn -0.8323 0.5540 -0.0168
vn 0.9794 0.2020 0.0007
vn 0.9997 0.0254 0.0034
vn 0.9993 0.0373 -0.0045
vn 0.9967 -0.0745 0.0325
vn 0.9765 -0.1718 -0.1303
vn 0.9808 0.1383 -0.1371
vn 0.9906 -0.1009 -0.0923
vn -0.9023 0.4301 0.0295
vn 0.9993 0.0377 -0.0037
vn 0.9833 0.1454 0.1098
vn 0.6398 -0.6730 -0.3711
vn 0.9657 -0.2319 -0.1166
vn 0.9830 0.0966 -0.1561
vn 0.9894 -0.0555 -0.1342
vn -0.6248 0.6424 -0.4438
vn 0.8344 -0.3695 0.4090
vn 0.7089 -0.5232 0.4731
vn 0.9395 0.3279 0.0990
vn 0.9931 -0.0786 0.0868
vn 0.7170 0.6106 -0.3363
vn 0.9986 0.0310 0.0440
vn 0.6538 -0.6862 -0.3189
vn 0.8957 -0.4048 -0.1838
vn 0.9940 0.0094 -0.1092
vn 0.9872 -0.1154 -0.1105
vn -0.7651 0.5347 -0.3586
vn -0.7184 -0.5460 -0.4310
vn -0.6644 0.6365 -0.3917
vn 0.6481 0.7241 0.2359
vn 0.9994 0.0350 -0.0014
vn 0.9994 0.0334 0.0084
vn 0.9950 0.0655 0.0752
vn 0.9912 -0.1081 0.0767
vn 0.9687 -0.1513 0.1967
vn 0.6488 0.6508 -0.3943
vn 0.8273 0.4547 -0.3298
vn 0.9714 0.1485 -0.1855
vn 0.9826 0.0979 -0.1578
vn -0.6092 0.7078 -0.3576
vn 0.2622 0.8517 0.4538
vn 0.9986 0.0343 0.0394
vn 0.9847 0.1677 0.0467
vn 0.9992 -0.0388 -0.0032
vn 0.9191 0.3214 -0.2281
vn 0.9445 0.2569 -0.2050
vn 0.9991 0.0354 0.0211
vn 0.9993 -0.0305 0.0218
vn 0.8302 -0.4231 -0.3628
vn 0.9147 -0.2791 -0.2922
vn 0.9498 0.2441 -0.1956
vn 0.9604 -0.2017 -0.1922
vn 0.9891 0.0046 -0.1471
vn 0.5705 0.5387 0.6200
vn 0.5664 0.5409 0.6217
vn 0.9752 0.1432 0.1690
vn 0.9652 0.1746 0.1948
vn 0.9986 0.0526 -0.0073
vn 0.9994 -0.0280 0.0195
vn 0.6529 0.6415 -0.4027
vn 0.9505 -0.2388 -0.1987
vn -0.5594 0.7167 -0.4163
vn -0.6081 0.7021 -0.3704
vn 0.7774 -0.3987 0.4865
vn 0.9982 0.0220 0.0550
vn 0.9880 -0.1119 0.1069
vn 0.6070 0.6917 -0.3912
vn 0.9152 0.3470 -0.2048
vn 0.9893 0.0037 -0.1458
vn 0.9813 -0.1107 -0.1577
vn 0.9792 -0.1306 -0.1556
vn 0.9558 -0.2096 -0.2061
vn 0.9899 -0.0543 -0.1311
vn 0.9994 0.0313 0.0172
vn 0.9996 -0.0280 0.0087
vn 0.9982 -0.0477 0.0370
vn 0.9873 -0.1180 0.1060
vn 0.9569 -0.1992 0.2111
vn 0.8537 -0.4375 -0.2826
vn 0.5447 0.5373 0.6438
vn 0.9650 0.1655 0.2034
vn 0.9980 0.0389 0.0496
vn 0.9990 0.0436 0.0134
vn 0.9296 -0.2305 0.2876
vn 0.6291 0.7104 -0.3156
vn 0.9785 0.1504 -0.1412
vn -0.5532 0.7590 -0.3434
vn -0.5086 -0.6621 -0.5504
vn 0.6323 0.4658 0.6191
vn 0.7202 0.4030 0.5648
vn 0.9973 0.0544 0.0494
vn 0.5675 0.7653 -0.3035
vn 0.7072 0.6534 -0.2700
vn 0.5220 -0.6658 -0.5331
vn 0.5217 -0.6662 -0.5330
vn 0.9326 0.3272 -0.1524
vn 0.9290 0.3370 -0.1526
vn 0.7911 -0.4778 -0.3819
vn 0.9634 0.2330 -0.1324
vn 0.9422 -0.2449 -0.2285
vn 0.9679 0.2189 -0.1237
vn 0.9832 0.1331 -0.1252
vn 0.9862 0.1074 -0.1259
vn 0.9893 -0.0484 -0.1377
vn -0.4939 -0.6159 -0.6138
vn -0.5029 0.7978 -0.3327
vn 0.2919 -0.6350 0.7152
vn 0.9973 0.0674 0.0275
vn 0.7811 -0.4861 -0.3918
vn 0.9268 -0.2953 -0.2322
vn 0.9553 -0.2122 -0.2058
vn 0.7738 0.4101 0.4827
vn 0.9991 -0.0400 0.0101
vn 0.9905 -0.1118 0.0807
vn 0.9427 -0.2474 0.2238
vn 0.9510 -0.2261 0.2110
vn 0.9463 0.2951 -0.1322
vn 0.9921 0.0049 -0.1254
vn 0.9933 -0.0136 -0.1144
vn -0.4095 -0.6029 -0.6847
vn 0.7665 0.4286 0.4783
vn 0.8086 0.3797 0.4494
vn 0.9973 0.0729 0.0084
vn 0.5593 0.7841 -0.2689
vn 0.5257 -0.6355 -0.5655
vn 0.8206 -0.4378 -0.3673
vn 0.9871 -0.0871 -0.1342
vn 0.9890 0.0890 -0.1181
vn -0.5719 0.7899 -0.2213
vn -0.4998 0.8170 -0.2875
vn 0.9900 -0.1168 0.0787
vn 0.8814 0.4592 -0.1110
vn 0.9697 0.2156 -0.1147
vn 0.9646 -0.1979 -0.1742
vn -0.8944 -0.3912 -0.2169
vn -0.4870 0.8279 -0.2783
vn 0.8070 0.3896 0.4439
vn 0.7720 0.4313 0.4669
vn 0.8689 -0.2887 0.4022
vn 0.5807 0.7771 -0.2426
vn 0.5086 -0.6242 -0.5931
vn 0.4918 -0.6420 -0.5882
vn 0.7631 0.6151 -0.1984
vn 0.8154 -0.4504 -0.3638
vn 0.9376 -0.2848 -0.1995
vn 0.9650 -0.2162 -0.1481
vn 0.9761 -0.1351 -0.1700
vn 0.9900 -0.0051 -0.1407
vn 0.9844 -0.0680 -0.1625
vn -0.3527 -0.6891 -0.6330
vn -0.4730 -0.6119 -0.6339
vn 0.9970 0.0736 0.0246
vn 0.7476 -0.3717 0.5504
vn 0.9837 -0.1138 0.1394
vn 0.8944 -0.1991 0.4006
vn 0.5454 0.8113 -0.2105
vn 0.9816 0.1633 -0.0992
vn 0.9851 -0.0983 -0.1414
vn 0.9564 0.1769 0.2322
vn 0.5285 0.8047 -0.2706
vn 0.9830 -0.0988 -0.1549
vn 0.9894 -0.0053 -0.1452
vn -0.8566 0.5052 -0.1052
vn -0.8682 0.2859 0.4055
vn 0.9540 0.1756 0.2430
vn 0.8828 -0.4264 -0.1974
vn 0.9699 0.2175 -0.1098
vn 0.9693 -0.2134 -0.1221
vn 0.9735 -0.2024 -0.1068
vn 0.9925 -0.0543 -0.1092
vn 0.6197 0.4555 0.6391
vn 0.4003 0.9085 -0.1199
vn 0.9514 0.2956 -0.0863
vn 0.9870 -0.1251 -0.1009
vn 0.9868 0.0953 -0.1310
vn -0.4475 0.8862 -0.1197
vn 0.7861 0.6125 -0.0834
vn 0.5298 -0.8083 -0.2567
vn 0.8904 0.4463 -0.0888
vn 0.8946 -0.4111 -0.1753
vn 0.9334 -0.3335 -0.1327
vn 0.9923 0.0149 -0.1228
vn 0.0638 0.9970 -0.0438
vn 0.4244 0.9049 -0.0333
vn -0.9328 -0.3405 -0.1179
vn 0.1576 0.9869 0.0349
vn 0.8957 0.4366 -0.0843
vn 0.9261 0.3705 -0.0705
vn 0.9802 0.1575 -0.1202
vn 0.9787 -0.1975 -0.0559
vn 0.9878 0.1200 -0.0989
vn 0.9926 0.0145 -0.1202
vn 0.2916 0.9554 0.0465
vn 0.6436 -0.7443 -0.1784
vn 0.6578 0.7529 -0.0217
vn 0.8085 -0.5707 -0.1437
vn 0.9587 0.2716 -0.0840
vn 0.9752 0.1940 -0.1064
vn 0.9890 -0.1244 -0.0798
vn 0.9843 0.1236 -0.1261
vn 0.9940 -0.0447 -0.1003
vn 0.9933 -0.0553 -0.1020
vn -0.4163 0.9089 0.0256
vn 0.9487 -0.3024 -0.0926
vn 0.9599 -0.2688 -0.0790
vn 0.9827 0.1312 -0.1310
vn 0.9914 -0.1109 -0.0693
vn 0.9665 -0.2495 -0.0607
vn 0.9627 0.2625 -0.0656
vn 0.9767 -0.2092 -0.0470
vn 0.9916 -0.0021 -0.1292
vn 0.6541 0.7545 0.0538
vn 0.9184 0.3949 -0.0259
vn 0.9759 0.1993 -0.0889
vn 0.9807 0.1799 -0.0770
vn -0.3776 0.9250 0.0416
vn -0.2811 0.9578 0.0591
vn 0.8899 0.4559 0.0127
vn 0.3006 0.9520 0.0581
vn 0.8277 0.5586 0.0545
vn 0.8755 0.4829 0.0149
vn 0.9390 0.3436 -0.0115
vn 0.9619 0.2702 -0.0408
vn 0.9919 -0.1188 -0.0450
vn -0.5119 0.8577 0.0488
vn -0.3970 0.9175 0.0228
vn 0.1307 0.9904 0.0440
vn 0.3614 0.9318 0.0329
vn 0.6724 0.7386 0.0489
vn 0.9390 -0.3377 -0.0656
vn 0.9781 -0.2064 -0.0268
vn 0.9815 0.1796 -0.0667
vn 0.9886 -0.1485 -0.0250
vn 0.8665 -0.4903 -0.0935
vn 0.9393 -0.3367 -0.0656
vn 0.9941 -0.0443 -0.0991
vn 0.9637 -0.2633 -0.0432
vn 0.9780 0.1974 -0.0677
vn 0.9877 0.1309 -0.0851
vn 0.8779 0.4788 -0.0081
vn 0.9871 -0.1599 -0.0110
vn 0.9955 -0.0084 -0.0942
vn 0.9894 -0.1310 -0.0634
vn 0.8211 0.5707 0.0009
vn 0.8422 0.5391 0.0055
vn 0.9633 0.2663 -0.0339
vn 0.9812 0.1701 -0.0910
vn 0.8432 -0.5293 -0.0938
vn 0.9817 -0.1901 -0.0074
vn 0.9683 0.2480 -0.0310
vn 0.9957 -0.0159 -0.0912
vn 0.9891 -0.1301 -0.0682
vn 0.9794 -0.1935 -0.0587
vn 0.9790 -0.1463 -0.1422
vn 0.3144 0.9493 0.0054
vn 0.9759 -0.2173 -0.0208
vn 0.9881 -0.1013 -0.1158
vn 0.6446 0.7645 0.0049
vn 0.7488 0.6625 0.0182
vn 0.9392 0.3430 -0.0148
vn 0.9660 -0.2559 -0.0367
vn 0.9470 0.3209 -0.0127
vn 0.9185 0.3954 -0.0066
vn 0.9816 -0.1633 -0.0989
vn 0.9928 0.0014 -0.1200
vn 0.9920 -0.0017 -0.1263
vn 0.7186 0.6955 -0.0039
vn 0.9807 -0.1952 0.0043
vn 0.9682 -0.2312 -0.0954
vn 0.9810 -0.1910 -0.0340
vn 0.9720 0.2042 -0.1166
vn 0.9924 -0.0136 -0.1226
vn 0.9214 -0.0263 -0.3877
vn 0.8712 -0.1744 -0.4589
vn -0.7441 -0.1853 -0.6419
vn -0.5789 0.8154 -0.0016
vn -0.3793 0.9253 -0.0033
vn 0.8910 0.2945 -0.3456
vn 0.9721 0.0578 -0.2275
vn 0.9779 -0.2045 -0.0423
vn 0.9786 -0.2020 -0.0387
vn 0.9675 0.2492 -0.0422
vn 0.9765 0.0531 -0.2087
vn 0.8922 -0.2301 -0.3887
vn 0.7616 -0.3914 -0.5165
vn 0.8969 -0.2159 -0.3859
vn 0.7486 -0.3670 -0.5521
vn -0.9775 -0.0435 -0.2062
vn -0.7491 -0.4200 -0.5123
vn 0.6432 -0.2876 -0.7097
vn 0.9595 -0.2807 -0.0226
vn 0.9745 -0.2237 -0.0195
vn 0.8213 0.4159 -0.3905
vn 0.0353 0.0676 -0.9971
vn 0.9539 -0.2494 -0.1672
vn 0.8546 -0.3753 -0.3588
vn 0.9658 0.2559 -0.0410
vn 0.9727 0.1992 -0.1190
vn -0.7339 -0.3672 -0.5715
vn 0.8068 -0.4124 -0.4230
vn 0.4409 0.0631 -0.8954
vn 0.8331 -0.0726 -0.5483
vn 0.8237 -0.5652 -0.0461
vn 0.9544 -0.2977 -0.0213
vn 0.9461 -0.3226 -0.0291
vn 0.8209 0.4159 -0.3914
vn 0.8585 0.3776 -0.3469
vn 0.7125 -0.4464 -0.5414
vn 0.8485 0.1984 -0.4906
vn 0.8159 -0.3634 -0.4497
vn 0.9886 -0.0461 -0.1432
vn 0.9880 -0.0508 -0.1456
vn -0.9307 0.3328 0.1520
vn -0.6691 -0.4591 -0.5844
vn 0.8279 -0.5075 -0.2390
vn 0.8698 -0.4285 -0.2447
vn 0.8371 -0.4173 -0.3536
vn 0.1722 0.2249 -0.9590
vn 0.4260 -0.0136 -0.9046
vn 0.8519 -0.5225 -0.0362
vn 0.5548 0.5792 -0.5972
vn 0.8103 0.5466 -0.2111
vn 0.9751 -0.2106 -0.0692
vn 0.8386 0.4852 -0.2477
vn 0.9638 0.2666 -0.0046
vn 0.9575 -0.2727 -0.0936
vn 0.7392 -0.4977 -0.4537
vn 0.9166 -0.2330 -0.3250
vn 0.8205 -0.3609 -0.4434
vn 0.9895 0.1432 -0.0203
vn 0.9943 0.0910 -0.0553
vn -0.3027 -0.3417 -0.8897
vn -0.9494 0.0223 -0.3133
vn -0.7586 0.5517 -0.3467
vn -0.5004 0.6506 -0.5713
vn 0.4395 0.1710 -0.8818
vn -0.5969 0.8023 -0.0006
vn 0.9518 -0.2989 -0.0695
vn 0.9607 -0.2489 -0.1226
vn 0.9635 -0.2359 -0.1270
vn 0.9683 0.2498 -0.0047
vn 0.8337 -0.2810 -0.4753
vn 0.5513 -0.4751 -0.6858
vn 0.9685 0.0192 -0.2483
vn 0.9911 0.1318 -0.0198
vn 0.9794 -0.1190 -0.1630
vn 0.9986 0.0210 -0.0476
vn -0.3937 -0.6102 -0.6875
vn -0.3058 -0.5953 -0.7430
vn -0.3159 -0.5886 -0.7442
vn 0.8411 -0.5124 -0.1736
vn 0.9035 -0.3973 -0.1608
vn 0.9302 -0.3409 -0.1357
vn 0.8434 -0.5229 -0.1237
vn 0.9156 -0.3990 -0.0493
vn -0.2724 0.8040 -0.5286
vn 0.9700 -0.2273 -0.0862
vn 0.1844 0.9828 -0.0091
vn 0.4633 -0.3035 -0.8326
vn 0.7965 0.6047 -0.0018
vn 0.8044 0.5669 -0.1773
vn 0.8136 0.5543 -0.1752
vn 0.4597 -0.6221 -0.6337
vn 0.9520 -0.2502 -0.1763
vn 0.9293 0.3360 -0.1536
vn 0.9974 0.0182 0.0695
vn 0.9649 0.2599 0.0375
vn 0.8568 -0.2920 -0.4250
vn 0.2572 -0.3683 -0.8934
vn 0.5079 -0.7152 -0.4801
vn 0.8846 -0.2434 -0.3977
vn 0.7714 -0.3286 -0.5449
vn 0.9566 0.2415 -0.1628
vn 0.9618 0.2267 -0.1536
vn 0.9717 -0.0862 -0.2199
vn 0.9792 -0.1179 -0.1649
vn -0.5738 -0.4289 -0.6977
vn -0.3393 -0.6287 -0.6997
vn 0.9472 -0.3115 -0.0757
vn 0.9442 -0.3195 -0.0802
vn 0.9648 -0.1951 -0.1763
vn 0.9163 -0.3760 -0.1382
vn 0.8471 0.5314 -0.0063
vn 0.9955 0.0647 0.0692
vn 0.8853 -0.3516 -0.3042
vn 0.9769 -0.1307 -0.1690
vn -0.4597 -0.8009 -0.3838
vn -0.3090 -0.2448 -0.9190
vn -0.0165 -0.6899 -0.7237
vn -0.0463 -0.9216 -0.3854
vn 0.3222 0.5542 -0.7675
vn -0.6825 -0.7228 -0.1085
vn 0.8398 0.5260 -0.1340
vn 0.8849 0.4510 -0.1163
vn 0.9572 -0.2813 -0.0680
vn 0.8703 0.4813 -0.1045
vn 0.3923 -0.6143 -0.6846
vn 0.8722 -0.3830 -0.3044
vn 0.8781 -0.3477 -0.3287
vn 0.9926 -0.0902 -0.0808
vn 0.0825 -0.5969 -0.7981
vn 0.6386 -0.7518 0.1640
vn -0.2601 -0.2239 -0.9393
vn 0.8941 -0.4474 -0.0215
vn 0.8932 -0.4492 -0.0223
vn 0.9058 -0.4220 -0.0382
vn -0.7812 0.5954 -0.1877
vn 0.9308 -0.3644 -0.0301
vn 0.8662 -0.4996 0.0032
vn 0.9349 0.3255 -0.1419
vn 0.9490 0.3151 -0.0063
vn 0.9551 0.2962 -0.0028
vn 0.9449 -0.2926 -0.1469
vn 0.9265 0.3681 -0.0782
vn 0.9204 0.3851 -0.0684
vn 0.9654 0.2606 0.0043
vn 0.2279 -0.5727 -0.7874
vn 0.9664 0.2529 -0.0458
vn 0.9740 0.2145 -0.0732
vn 0.9976 -0.0473 -0.0505
vn 0.9996 0.0198 -0.0201
vn 0.1208 -0.7909 -0.5999
vn 0.2078 -0.6892 -0.6942
vn 0.9247 -0.3802 -0.0213
vn 0.9097 -0.4151 -0.0095
vn 0.9675 0.2528 0.0074
vn 0.9495 -0.2503 -0.1892
vn 0.8855 -0.3435 -0.3129
vn 0.9804 0.1842 0.0695
vn 0.9867 0.1531 0.0553
vn 0.9753 -0.1732 -0.1370
vn 0.9999 -0.0067 -0.0116
vn -0.2011 -0.3182 -0.9264
vn 0.3317 -0.8031 -0.4951
vn 0.2978 -0.8412 -0.4513
vn 0.9556 -0.2932 -0.0282
vn 0.1493 0.9887 -0.0099
vn 0.3522 -0.6863 -0.6364
vn 0.7082 -0.5934 -0.3824
vn 0.9629 0.2698 -0.0054
vn 0.2248 -0.3200 -0.9203
vn 0.9403 -0.2306 -0.2502
vn 0.8917 -0.4053 -0.2013
vn 0.7969 -0.4803 0.3663
vn 0.8827 -0.4553 0.1162
vn 0.8858 -0.4481 0.1207
vn 0.9285 -0.3703 0.0263
vn 0.9121 -0.4097 -0.0157
vn 0.3717 0.9283 -0.0095
vn 0.7055 0.7087 -0.0007
vn 0.9497 -0.3129 -0.0073
vn 0.9263 -0.3759 0.0236
vn 0.8398 0.5240 -0.1424
vn 0.9550 -0.2907 -0.0598
vn 0.9306 -0.3584 -0.0740
vn 0.4375 -0.8119 -0.3865
vn 0.9302 0.3666 0.0162
vn 0.9741 0.2236 0.0319
vn 0.9650 0.2598 0.0344
vn 0.6726 -0.5206 0.5259
vn 0.9994 -0.0051 -0.0355
vn 0.1908 -0.9290 -0.3171
vn 0.3360 -0.8545 -0.3962
vn 0.9362 -0.3493 0.0391
vn 0.8802 0.4369 -0.1855
vn 0.9184 0.3956 -0.0064
vn 0.9373 0.3484 -0.0028
vn 0.9554 -0.2899 -0.0569
vn 0.9110 0.4045 -0.0801
vn 0.8870 0.4594 -0.0465
vn 0.9329 0.3601 -0.0011
vn 0.9470 0.1474 0.2855
vn 0.7380 -0.2553 0.6246
vn 0.9988 -0.0482 -0.0125
vn 0.0523 -0.9985 -0.0161
vn 0.8340 -0.4407 0.3319
vn 0.8407 -0.4282 0.3314
vn 0.9230 -0.3584 0.1402
vn 0.8487 -0.5153 -0.1187
vn 0.9084 -0.4099 0.0820
vn 0.8522 0.5231 -0.0049
vn 0.9298 -0.3608 -0.0734
vn 0.8888 0.1888 0.4177
vn 0.9307 0.3092 0.1956
vn 0.8836 0.1476 0.4443
vn 0.9059 -0.4153 -0.0830
vn 0.9871 -0.1447 -0.0689
vn 0.9952 0.0833 0.0523
vn -0.9722 0.2281 0.0531
vn 0.1489 -0.9814 -0.1215
vn 0.9242 -0.3813 0.0226
vn 0.6969 -0.7073 -0.1184
vn 0.8839 0.4242 -0.1972
vn 0.9298 0.3681 -0.0073
vn 0.9299 -0.3678 -0.0068
vn 0.9027 -0.4170 -0.1065
vn 0.9149 0.3158 0.2514
vn 0.9747 0.2221 0.0241
vn 0.9938 0.1047 0.0380
vn 0.9981 0.0484 0.0382
vn 0.7187 -0.4702 0.5123
vn 0.8039 -0.5846 0.1099
vn 0.6810 -0.7253 -0.1004
vn 0.9112 0.4119 -0.0066
vn 0.9315 0.3620 0.0343
vn 0.9213 0.3850 0.0547
vn 0.9372 0.2354 0.2575
vn 0.5492 -0.1426 0.8234
vn 0.9600 -0.2779 0.0333
vn 0.8537 -0.5198 -0.0320
vn 0.7250 -0.4734 0.5002
vn 0.4390 0.8985 -0.0002
vn 0.9327 0.3499 -0.0878
vn 0.4943 -0.1023 0.8633
vn 0.9475 -0.3197 0.0120
vn 0.9851 -0.1720 -0.0000
vn 0.9988 -0.0313 0.0375
vn 0.9986 -0.0447 0.0283
vn 0.4908 -0.8710 0.0218
vn -0.9041 0.4167 -0.0946
vn 0.4744 -0.7156 0.5126
vn 0.8603 -0.4948 0.1231
vn 0.7320 0.0553 0.6791
vn 0.9977 0.0611 0.0304
vn 0.9996 0.0073 0.0289
vn 0.9839 0.1720 0.0484
vn 0.9917 -0.1208 0.0429
vn 0.9980 0.0519 0.0364
vn -0.1975 -0.9712 0.1331
vn 0.9041 0.0785 0.4200
vn 0.9051 0.0820 0.4173
vn 0.2760 -0.9560 0.0999
vn 0.9011 -0.4316 0.0422
vn 0.9380 -0.3391 0.0713
vn 0.8380 0.1129 0.5339
vn 0.9203 -0.3901 0.0297
vn 0.7743 -0.6326 -0.0158
vn 0.9836 0.1799 0.0129
vn 0.9892 -0.1262 0.0747
vn 0.6738 -0.7364 0.0613
vn 0.9989 -0.0348 0.0327
vn 0.9851 0.1624 0.0562
vn -0.8664 0.4991 0.0166
vn -0.5983 0.8012 0.0104
vn 0.4669 -0.8118 0.3508
vn 0.7305 0.6827 0.0170
vn 0.7844 0.6200 0.0174
vn 0.9189 -0.3940 0.0196
vn 0.9882 0.1409 0.0599
vn -0.7673 0.6411 0.0165
vn -0.0758 0.9967 0.0294
vn 0.7858 0.6182 0.0177
vn 0.9167 -0.3990 0.0220
vn 0.9589 0.2836 0.0074
vn 0.9671 0.2544 0.0087
vn 0.7920 -0.6100 0.0269
vn 0.9694 -0.2159 0.1167
vn -0.3955 0.9182 0.0207
vn 0.0972 0.9951 0.0207
vn 0.8424 0.5387 0.0136
vn 0.9673 0.2535 0.0089
vn 0.9805 0.1882 0.0565
vn 0.9947 -0.0705 0.0753
vn 0.4432 0.8961 0.0236
vn 0.6946 0.7189 0.0285
vn 0.8371 0.5470 0.0115
vn 0.8201 -0.5601 0.1174
vn 0.7724 -0.6243 0.1170
vn 0.9474 0.3200 0.0090
vn 0.9065 -0.4146 0.0799
vn 0.9703 -0.2134 0.1139
vn 0.8836 -0.4614 0.0800
vn 0.9608 0.2772 0.0087
vn 0.9116 -0.4001 0.0940
vn 0.9874 0.1559 0.0261
vn 0.8311 -0.5268 0.1779
vn 0.9963 0.0481 0.0711
vn 0.4766 0.8785 0.0323
vn 0.9099 -0.4127 0.0424
vn 0.9718 0.2343 0.0272
vn 0.9945 -0.0549 0.0887
vn 0.9376 0.3465 0.0301
vn 0.7090 -0.6838 0.1724
vn 0.9817 0.1777 0.0685
vn 0.9289 -0.3318 0.1647
vn 0.9896 0.1226 0.0754
vn 0.9960 0.0128 0.0879
vn 0.8421 -0.5349 0.0694
vn 0.8343 -0.5475 0.0642
vn 0.9981 -0.0473 0.0387
vn 0.7414 -0.6303 0.2305
vn 0.9592 -0.2293 0.1653
vn 0.9280 -0.3373 0.1582
vn 0.9711 -0.1875 0.1477
vn -0.7734 0.6317 0.0536
vn 0.8687 0.4933 0.0437
vn 0.9979 -0.0419 0.0500
vn 0.9823 -0.1199 0.1436
vn 0.0706 0.9956 0.0620
vn 0.6701 -0.7372 0.0863
vn 0.9106 -0.4002 0.1033
vn 0.9817 0.1620 0.0998
vn 0.9875 0.1235 0.0983
vn 0.9911 0.0166 0.1322
vn -0.4123 0.9080 0.0740
vn 0.4367 0.8958 0.0825
vn 0.7732 0.6301 0.0714
vn 0.8549 0.5150 0.0629
vn 0.9870 0.0952 0.1295
vn 0.7216 0.6884 0.0739
vn 0.7549 0.6512 0.0776
vn 0.9522 0.3013 0.0495
vn 0.9709 0.2310 0.0626
vn 0.9959 -0.0625 0.0655
vn 0.9799 0.1692 0.1061
vn 0.4754 0.8724 0.1133
vn 0.8421 -0.5315 0.0911
vn 0.9493 0.3105 0.0496
vn 0.9738 0.2214 0.0523
vn 0.8852 -0.4238 0.1920
vn 0.9870 0.1408 0.0774
vn 0.9563 -0.2330 0.1765
vn 0.9869 -0.0330 0.1577
vn 0.9827 -0.0930 0.1599
vn -0.4116 0.9037 0.1177
vn 0.1314 0.9809 0.1432
vn 0.9124 -0.3997 0.0878
vn 0.9382 -0.3316 0.0996
vn 0.9897 0.1290 0.0614
vn 0.9852 0.0990 0.1399
vn -0.7678 0.6353 0.0835
vn 0.4604 0.8808 0.1106
vn 0.9558 0.2894 0.0528
vn 0.9950 -0.0269 0.0960
vn 0.5820 -0.8042 0.1205
vn 0.8722 0.4827 0.0795
vn 0.8437 -0.4883 0.2232
vn 0.9300 -0.3492 0.1144
vn 0.9716 -0.2171 0.0942
vn 0.7375 -0.6643 0.1216
vn 0.9255 0.3722 0.0705
vn 0.9777 0.1830 0.1032
vn 0.9887 0.1141 0.0976
vn 0.9889 0.1090 0.1010
vn 0.9960 -0.0227 0.0865
vn 0.9828 0.0934 0.1590
vn 0.9700 -0.1456 0.1949
vn 0.8887 -0.4471 0.1017
vn 0.9607 -0.1949 0.1975
vn 0.8702 -0.4237 0.2513
vn 0.9759 0.1836 0.1177
vn 0.9711 0.1706 0.1671
vn 0.9894 0.0189 0.1439
vn 0.9960 -0.0220 0.0863
vn -0.7827 0.6083 0.1316
vn 0.7424 0.6575 0.1286
vn 0.9544 0.2563 0.1530
vn 0.9769 0.0982 0.1900
vn 0.9797 0.0424 0.1961
vn 0.9798 -0.0062 0.1998
vn 0.1725 0.9701 0.1705
vn 0.8391 0.5308 0.1186
vn 0.9681 0.2422 0.0640
vn 0.9838 0.1461 0.1043
vn 0.9761 -0.0342 0.2147
vn 0.9705 -0.1232 0.2074
vn 0.4325 0.8854 0.1701
vn 0.7226 -0.6748 0.1497
vn 0.9629 -0.2311 0.1394
vn 0.9333 -0.3322 0.1363
vn 0.9873 0.0708 0.1422
vn 0.9942 -0.0188 0.1061
vn -0.4440 0.8775 0.1811
vn 0.4234 0.8794 0.2178
vn 0.6923 -0.7041 0.1579
vn 0.7654 0.6277 0.1419
vn 0.8802 -0.4548 0.1355
vn 0.9850 0.1533 0.0798
vn 0.9457 -0.2195 0.2398
vn 0.9937 -0.0167 0.1111
vn 0.9350 0.3409 0.0977
vn 0.9801 0.1785 0.0864
vn 0.9721 -0.1791 0.1514
vn 0.9900 0.0260 0.1389
vn -0.4350 0.8737 0.2178
vn 0.7387 0.6475 0.1869
vn 0.9259 0.3591 0.1174
vn 0.8317 -0.5276 -0.1731
vn 0.9876 -0.1047 0.1166
vn 0.9931 0.0981 0.0647
vn 0.9929 0.0225 0.1168
vn 0.9988 0.0050 0.0487
vn 0.9944 -0.0405 0.0978
vn 0.9937 -0.1041 0.0423
vn 0.9836 0.1689 0.0633
vn 0.9704 -0.2138 0.1125
vn 0.9961 0.0370 0.0805
vn 0.4790 0.8419 0.2486
vn 0.8797 0.4540 0.1416
vn 0.9961 0.0659 -0.0582
vn -0.9815 0.1839 0.0538
vn 0.4406 0.8512 0.2852
vn 0.6409 -0.7385 0.2094
vn 0.9141 0.3923 0.1028
vn 0.9889 0.1331 0.0658
vn 0.9807 -0.0090 0.1951
vn -0.4670 0.8363 0.2874
vn -0.4336 0.8478 0.3053
vn 0.7529 0.6261 0.2027
vn 0.8717 0.4652 0.1541
vn 0.9111 -0.3883 0.1382
vn 0.9417 -0.3147 0.1190
vn -0.7631 0.6101 0.2131
vn -0.4369 0.8470 0.3028
vn 0.4299 0.8446 0.3190
vn 0.9941 0.1085 0.0073
vn 0.9706 -0.2374 0.0388
vn 0.9901 -0.0258 0.1381
vn 0.9920 -0.0104 0.1257
vn 0.9893 -0.0610 0.1327
vn 0.9589 -0.2504 0.1337
vn 0.9790 -0.0128 0.2033
vn 0.9800 -0.0336 0.1961
vn 0.9699 -0.2415 0.0321
vn 0.9959 0.0880 -0.0222
vn 0.7185 0.6471 0.2552
vn 0.7688 -0.6055 0.2058
vn 0.7818 -0.5903 0.2006
vn 0.9631 -0.2666 0.0376
vn 0.9707 0.2385 0.0285
vn 0.9590 0.2551 -0.1237
vn -0.4065 0.8432 0.3520
vn 0.4393 0.8355 0.3300
vn 0.8615 0.4863 0.1461
vn 0.9214 0.3794 0.0834
vn 0.9861 -0.0377 0.1619
vn 0.9888 -0.0181 0.1480
vn 0.4031 0.8423 0.3579
vn 0.9041 -0.3939 0.1656
vn 0.9576 -0.0235 0.2872
vn 0.9495 -0.2818 0.1378
vn 0.9314 -0.3234 0.1671
vn 0.9148 0.3938 -0.0901
vn 0.9648 0.2541 0.0672
vn 0.9985 -0.0389 0.0395
vn 0.9948 -0.0852 0.0554
vn 0.9994 0.0064 0.0348
vn 0.8718 -0.4459 0.2026
vn 0.9969 0.0394 0.0677
vn 0.9982 -0.0416 0.0423
vn -0.8377 0.5113 0.1920
vn -0.4239 0.8212 0.3820
vn 0.8470 0.5010 0.1778
vn 0.9682 -0.2384 0.0764
vn 0.9410 0.3176 0.1168
vn 0.9671 0.0098 0.2542
vn 0.9964 0.0079 0.0839
vn 0.9956 -0.0808 0.0481
vn 0.3822 0.8318 0.4026
vn 0.3024 -0.8873 0.3482
vn 0.8523 -0.4564 0.2555
vn 0.9933 0.0712 0.0913
vn 0.9977 0.0036 0.0680
vn 0.6281 -0.7179 0.3001
vn 0.5733 -0.7614 0.3026
vn 0.9419 0.3161 0.1133
vn 0.9989 -0.0417 -0.0220
vn 0.3673 0.8442 0.3904
vn 0.6590 0.6836 0.3137
vn 0.9008 -0.3350 0.2763
vn 0.8506 0.4920 0.1855
vn 0.8712 0.4550 0.1843
vn 0.9785 -0.1884 0.0840
vn 0.9549 -0.2695 0.1248
vn 0.9911 0.1146 0.0676
vn 0.9989 0.0423 -0.0204
vn 0.9992 0.0398 -0.0084
vn 0.8565 -0.4788 0.1928
vn 0.8153 -0.5443 0.1976
vn 0.6555 0.6905 0.3058
vn 0.8936 -0.3889 0.2243
vn 0.9412 -0.3220 0.1023
vn 0.9958 0.0326 -0.0853
vn 0.9980 -0.0628 0.0029
vn 0.9950 -0.0997 -0.0105
vn -0.6594 0.6765 0.3279
vn 0.6261 -0.7158 0.3093
vn 0.8397 -0.4859 0.2424
vn 0.8055 0.5406 0.2428
vn 0.9801 -0.1954 0.0362
vn 0.9876 0.1571 -0.0017
vn 0.9728 0.0629 -0.2231
vn 0.9957 -0.0278 -0.0884
vn 0.8280 -0.5095 0.2342
vn 0.9942 -0.0880 -0.0619
vn 0.9843 -0.1731 0.0358
vn 0.9895 -0.0081 -0.1441
vn 0.3149 0.8418 0.4385
vn 0.8707 0.4428 0.2139
vn 0.8839 0.4200 0.2056
vn 0.9792 0.1817 0.0898
vn 0.9943 -0.0880 -0.0609
vn 0.9848 -0.1345 -0.1096
vn 0.0737 -0.9177 0.3905
vn 0.5965 0.7111 0.3722
vn 0.9395 -0.3249 0.1083
vn 0.9815 -0.1914 0.0051
vn 0.9914 0.1272 -0.0318
vn 0.5190 -0.7842 0.3401
vn 0.8593 -0.4725 0.1958
vn 0.9689 0.2456 0.0294
vn 0.9899 0.1403 -0.0185
vn 0.9987 0.0386 -0.0324
vn -0.6364 0.6834 0.3577
vn 0.2773 0.8417 0.4633
vn 0.7955 -0.5539 0.2455
vn 0.9992 0.0347 -0.0220
vn -0.6997 0.0675 -0.7112
vn -0.3567 0.8192 0.4490
vn 0.9528 0.2823 0.1119
vn 0.9992 -0.0219 0.0336
vn 0.9985 0.0357 0.0414
vn 0.9895 -0.1255 -0.0713
vn 0.7333 0.3412 -0.5880
vn 0.5935 -0.0414 -0.8037
vn -0.9406 0.0708 -0.3320
vn -0.7184 0.5491 -0.4270
vn -0.8227 0.2963 -0.4852
vn -0.7127 0.5190 -0.4718
vn -0.8557 -0.3549 -0.3766
vn -0.6250 -0.4109 -0.6637
vn 0.7930 0.5322 0.2966
vn 0.8376 -0.4931 0.2353
vn 0.8372 -0.4937 0.2353
vn 0.9049 -0.3873 0.1764
vn 0.9080 0.3714 0.1936
vn 0.9768 -0.2094 0.0450
vn 0.6015 0.5418 -0.5870
vn 0.6062 0.7354 -0.3028
vn 0.9694 0.1119 -0.2187
vn 0.6956 -0.2337 -0.6794
vn -0.7999 -0.5823 -0.1451
vn -0.3679 0.9199 -0.1356
vn 0.6252 0.6785 0.3856
vn 0.9974 0.0073 0.0715
vn 0.9876 -0.1548 0.0260
vn 0.9791 -0.1976 0.0490
vn 0.2702 0.9543 -0.1275
vn 0.4901 -0.6330 -0.5993
vn -0.5199 0.8536 0.0320
vn 0.5265 -0.7988 0.2911
vn 0.7537 -0.6110 0.2422
vn 0.8954 -0.3979 0.1996
vn 0.7561 -0.5646 0.3308
vn 0.9986 -0.0178 0.0503
vn 0.4960 0.8667 0.0538
vn 0.7610 0.6480 0.0310
vn 0.9944 0.0934 0.0486
vn 0.9876 -0.1218 0.0991
vn -0.4095 0.7916 0.4535
vn -0.5863 0.6845 0.4333
vn -0.3473 0.7993 0.4904
vn 0.2772 0.8218 0.4978
vn 0.8277 -0.5078 0.2388
vn 0.5955 0.6854 0.4191
vn 0.9321 -0.3009 0.2018
vn 0.8912 0.3839 0.2417
vn 0.9258 0.3439 0.1569
vn 0.9897 -0.0873 0.1135
vn -0.3803 0.8409 0.3850
vn 0.2890 0.8161 0.5004
vn 0.9193 0.2851 0.2714
vn 0.9171 -0.2624 0.3001
vn 0.7809 -0.4938 0.3825
vn -0.1446 0.7076 0.6917
vn 0.7974 0.4988 0.3396
vn 0.9677 -0.2017 0.1510
vn 0.9815 0.0069 0.1913
vn 0.9861 -0.0490 0.1589
vn 0.1869 0.8021 0.5672
vn 0.8403 0.4022 0.3634
vn 0.7150 0.2382 0.6573
vn 0.6106 0.6575 0.4415
vn 0.8255 -0.5034 0.2554
vn 0.9601 -0.2232 0.1682
vn -0.5909 0.6659 0.4555
vn 0.2809 0.7884 0.5473
vn 0.8617 -0.4742 0.1808
vn 0.6011 0.6574 0.4544
vn 0.9893 -0.0190 0.1448
vn 0.2692 0.7880 0.5536
vn 0.9653 0.1332 0.2247
vn 0.9706 0.0881 0.2238
vn 0.8103 -0.5685 0.1421
vn 0.9079 0.2835 0.3088
vn 0.9216 0.2447 0.3014
vn 0.8013 0.4667 0.3742
vn 0.2655 0.7837 0.5615
vn 0.8982 -0.4134 0.1497
vn 0.8613 0.3604 0.3580
vn -0.3463 0.7643 0.5441
vn 0.7992 -0.5829 0.1466
vn 0.6572 0.6092 0.4438
vn 0.9370 -0.3165 0.1477
vn 0.8745 -0.4087 0.2610
vn 0.8801 -0.4152 0.2302
vn 0.9276 0.2622 0.2662
vn -0.6074 0.6392 0.4718
vn 0.2592 0.7872 0.5595
vn 0.7564 -0.6539 -0.0182
vn 0.6490 0.6266 0.4315
vn 0.7674 -0.5926 0.2448
vn 0.8638 0.4008 0.3054
vn 0.9092 0.2998 0.2890
vn 0.9623 0.1341 0.2367
vn 0.9635 0.0681 0.2589
vn 0.9714 -0.0746 0.2256
vn 0.9574 -0.1678 0.2348
vn -0.3356 0.7715 0.5405
vn 0.9638 -0.2400 0.1165
vn 0.9540 -0.1804 0.2397
vn -0.5612 0.6768 0.4764
vn 0.9386 -0.3402 0.0582
vn 0.7676 0.5118 0.3859
vn 0.9106 -0.3329 0.2448
vn 0.9346 -0.3550 -0.0198
vn 0.9912 -0.0864 0.1004
vn 0.9699 -0.2341 0.0671
vn 0.2322 0.7903 0.5670
vn 0.2626 0.7904 0.5534
vn 0.9729 -0.2236 0.0595
vn 0.6151 0.6421 0.4576
vn 0.8157 -0.5156 0.2624
vn 0.9194 0.2418 0.3102
vn 0.9398 0.1740 0.2942
vn -0.3124 0.7709 0.5552
vn 0.8416 0.3707 0.3927
vn 0.9502 0.0018 0.3116
vn -0.4276 0.6983 0.5740
vn 0.9502 -0.3037 -0.0696
vn 0.8857 -0.4587 -0.0714
vn 0.9776 -0.2105 0.0047
vn 0.7445 -0.5516 0.3761
vn 0.9408 -0.0003 0.3389
vn -0.4413 0.6693 0.5977
vn 0.9589 0.1023 0.2646
vn 0.9834 -0.0758 0.1650
vn 0.5849 0.5933 0.5531
vn -0.8637 0.1036 0.4932
vn -0.3713 0.6329 0.6794
vn 0.2901 0.7131 0.6382
vn 0.7670 -0.4371 0.4698
vn 0.8793 -0.0039 0.4762
vn 0.8299 0.1914 0.5240
vn 0.9907 0.0235 0.1337
vn 0.9709 -0.2284 -0.0713
vn 0.7081 0.4363 0.5552
vn 0.7127 0.2682 0.6481
vn 0.7330 0.2069 0.6480
vn 0.7901 -0.2320 0.5674
vn 0.1462 0.6432 0.7516
vn 0.8880 -0.4386 0.1383
vn 0.8705 0.2312 0.4344
vn 0.9947 -0.0695 0.0756
vn 0.7333 0.0686 0.6765
vn 0.8829 -0.4216 -0.2067
vn 0.7581 0.1110 0.6427
vn 0.8472 0.3106 0.4309
vn 0.2163 -0.8964 -0.3868
vn 0.9005 -0.3844 -0.2033
vn 0.8964 0.2686 0.3525
vn 0.9755 -0.2000 -0.0912
vn 0.9728 -0.2069 -0.1037
vn 0.4144 0.5591 0.7181
vn 0.5459 0.5701 0.6140
vn 0.9950 0.0268 0.0967
vn 0.0575 0.6998 0.7120
vn 0.0258 0.6908 0.7226
vn 0.5271 0.6001 0.6018
vn 0.9816 -0.1519 -0.1154
vn 0.8968 -0.3875 -0.2134
vn 0.8956 0.2876 0.3395
vn 0.9891 0.0568 0.1355
vn 0.0600 0.6950 0.7165
vn 0.6840 0.4738 0.5547
vn 0.8745 -0.3443 -0.3416
vn 0.9028 -0.3682 -0.2221
vn 0.7062 0.4796 0.5208
vn 0.6974 0.4941 0.5191
vn 0.9883 0.0708 0.1355
vn 0.9806 -0.1531 -0.1222
vn 0.9755 -0.1710 -0.1381
vn 0.8529 -0.3354 -0.4000
vn -0.1502 -0.7110 -0.6870
vn -0.0207 -0.7015 -0.7124
vn 0.8375 0.3417 0.4265
vn 0.9884 0.0701 0.1344
vn 0.9955 -0.0713 -0.0628
vn 0.8910 -0.3098 -0.3319
vn 0.6990 -0.5033 -0.5080
vn 0.0124 0.6649 0.7468
vn 0.5845 0.5409 0.6048
vn -0.1885 -0.8062 -0.5608
vn 0.8036 0.3460 0.4843
vn 0.8765 -0.3701 -0.3078
vn -0.0190 0.6317 0.7750
vn 0.8098 0.3141 0.4955
vn 0.9141 0.1756 0.3655
vn 0.9186 -0.3915 -0.0543
vn 0.9320 -0.3358 -0.1362
vn 0.8384 -0.1712 0.5175
vn -0.9295 0.3013 -0.2128
vn -0.9599 0.0144 -0.2798
vn -0.9307 0.1870 -0.3143
vn -0.9282 0.2899 -0.2332
vn -0.9952 -0.0360 -0.0909
vn -0.9208 -0.2419 -0.3059
vn -0.8071 0.3778 -0.4536
vn -0.9745 0.2011 -0.0990
vn -0.9999 -0.0062 -0.0109
vn -0.9653 -0.2501 -0.0745
vn -0.9688 -0.2363 -0.0746
vn 0.7147 -0.6411 -0.2797
vn -0.9312 -0.2180 -0.2922
vn -0.9998 0.0158 -0.0104
vn -0.9997 -0.0126 -0.0201
vn -0.9567 0.2893 -0.0324
vn -0.9991 0.0316 -0.0298
vn -0.9951 -0.0363 -0.0916
vn -0.3074 0.7074 -0.6364
vn -0.9690 0.1667 -0.1822
vn -0.9449 0.2440 -0.2181
vn -0.9997 0.0059 -0.0244
vn -0.9015 -0.4072 0.1466
vn -0.9560 -0.1925 -0.2212
vn -0.9995 0.0181 -0.0251
vn -0.9991 0.0321 -0.0282
vn -0.9919 0.1253 0.0188
vn -0.8969 -0.4184 0.1430
vn -0.9997 0.0141 -0.0190
vn -0.9428 -0.2140 -0.2555
vn -0.9691 0.1666 -0.1820
vn -0.9989 -0.0394 0.0236
vn -0.9855 -0.1414 0.0938
vn 0.5544 -0.7585 0.3426
vn -0.9956 -0.0533 -0.0765
vn -0.9987 -0.0283 -0.0425
vn -1.0000 -0.0080 0.0013
vn -0.9950 -0.0591 -0.0807
vn -0.8570 0.3984 -0.3267
vn -0.9830 0.1700 0.0688
vn -0.9533 0.2694 0.1369
vn -0.9537 -0.1950 -0.2288
vn -0.9707 -0.1371 -0.1976
vn -0.9375 -0.2599 0.2313
vn -0.9398 -0.2549 0.2278
vn -0.9034 0.3050 -0.3014
vn -0.9992 -0.0310 0.0236
vn -0.9888 0.1344 0.0642
vn -0.9995 0.0124 -0.0293
vn -0.9992 -0.0301 0.0276
vn -0.9373 -0.2844 0.2017
vn -0.9996 0.0129 -0.0253
vn -0.9999 -0.0043 -0.0155
vn -0.9231 0.3241 0.2072
vn -0.9363 -0.2697 -0.2249
vn -0.8272 0.4176 -0.3759
vn -0.9034 0.3013 -0.3049
vn -0.9681 -0.2151 0.1288
vn 0.8515 -0.4297 0.3006
vn -0.9999 0.0114 -0.0104
vn -0.9981 -0.0547 0.0294
vn -0.9971 0.0549 -0.0521
vn -0.9036 -0.2914 -0.3140
vn -0.8715 -0.3472 0.3462
vn -0.9987 -0.0282 -0.0419
vn -0.9998 -0.0028 -0.0215
vn -0.9511 -0.2272 -0.2092
vn -0.8704 0.3326 -0.3631
vn -0.9997 0.0074 -0.0240
vn -0.9967 -0.0601 -0.0540
vn -0.9997 0.0204 -0.0158
vn -0.8833 -0.3849 -0.2675
vn -0.9078 -0.3509 0.2296
vn -0.9724 0.1885 0.1377
vn -0.9326 -0.2471 -0.2630
vn -0.8503 0.3499 -0.3932
vn -0.9982 0.0312 -0.0506
vn -0.9967 -0.0523 0.0614
vn -0.9994 -0.0170 -0.0307
vn -0.9959 -0.0652 -0.0622
vn -0.9302 0.2987 0.2133
vn -0.8717 0.3830 0.3058
vn -0.9161 -0.2508 -0.3128
vn -0.8218 -0.4629 0.3322
vn -0.9544 -0.2158 0.2064
vn -0.9716 0.1923 0.1382
vn -0.9994 -0.0273 0.0214
vn -0.9996 -0.0036 0.0279
vn -0.8746 0.3805 0.3006
vn -0.9392 0.1715 -0.2976
vn -0.9968 -0.0321 -0.0738
vn -0.9996 -0.0019 -0.0278
vn -0.9304 0.0901 -0.3552
vn -0.9943 -0.0923 0.0528
vn 0.3192 0.6736 0.6666
vn -0.9989 -0.0199 -0.0416
vn -0.9959 0.0408 -0.0810
vn -0.9986 -0.0475 0.0234
vn -0.9514 -0.2068 -0.2284
vn -0.9608 -0.0040 -0.2772
vn -0.9268 0.0883 -0.3651
vn -0.7978 -0.4711 0.3762
vn -0.9671 0.1971 0.1606
vn -0.9989 -0.0218 -0.0414
vn -0.8702 0.3712 0.3241
vn -0.9137 -0.2834 0.2913
vn -0.9601 -0.2587 0.1064
vn -0.8768 0.3573 0.3218
vn -0.8444 0.4079 0.3471
vn -0.9714 0.1780 0.1571
vn -0.9949 0.0200 -0.0986
vn -0.9989 -0.0218 -0.0413
vn -0.9820 0.1703 0.0819
vn -0.9983 -0.0507 -0.0276
vn -0.8320 0.4136 0.3697
vn -0.9680 -0.1248 0.2176
vn -0.9964 -0.0799 0.0285
vn -0.8977 -0.3815 0.2205
vn -0.5933 -0.6803 0.4303
vn 0.7466 0.4826 0.4579
vn -0.9884 0.1190 0.0942
vn -0.9972 -0.0075 -0.0738
vn -0.9968 -0.0322 -0.0735
vn -0.9941 0.0181 -0.1073
vn -0.8239 0.4314 0.3675
vn -0.9995 -0.0296 0.0059
vn -0.9658 -0.2124 0.1487
vn 0.6779 0.5544 0.4828
vn -0.9582 0.2165 0.1870
vn -0.9937 0.0150 -0.1107
vn -0.9963 -0.0270 -0.0817
vn -0.9940 -0.0617 -0.0906
vn 0.4590 0.6389 0.6174
vn -0.9494 0.2571 0.1803
vn -0.9965 0.0815 0.0185
vn -0.9662 -0.2119 0.1466
vn 0.3590 0.4838 0.7982
vn -0.9949 0.0534 -0.0857
vn -0.9903 -0.0691 -0.1209
vn -0.9799 -0.1950 -0.0418
vn -0.9912 -0.1292 -0.0293
vn -0.9181 0.2998 0.2591
vn -0.9693 0.2447 0.0256
vn -0.9904 0.0201 -0.1365
vn -0.9562 -0.2826 0.0764
vn -0.7668 0.5146 0.3837
vn -0.9591 -0.2721 0.0785
vn -0.9866 0.0253 -0.1611
vn -0.9898 -0.0636 -0.1275
vn -0.9398 0.3046 0.1549
vn -0.9655 -0.2389 -0.1039
vn -0.9552 -0.2844 0.0824
vn -0.6768 0.5819 0.4509
vn -0.6969 -0.6411 0.3214
vn 0.6089 -0.7563 0.2394
vn -0.7959 0.5832 0.1627
vn -0.9714 0.2250 -0.0763
vn -0.8853 0.4559 0.0919
vn -0.9793 -0.1796 -0.0931
vn -0.8126 0.5003 0.2990
vn -0.7422 0.6700 0.0103
vn -0.9499 -0.3067 -0.0596
vn -0.8893 -0.4565 -0.0279
vn -0.8093 0.4992 0.3097
vn -0.7137 -0.6508 0.2593
vn -0.1723 -0.9732 0.1521
vn 0.7686 0.5078 0.3890
vn 0.4601 -0.8388 0.2910
vn -0.9311 0.3626 -0.0388
vn -0.9950 0.0134 -0.0986
vn -0.7838 -0.6112 0.1102
vn -0.8976 0.4358 -0.0659
vn -0.9921 0.0728 -0.1021
vn -0.5092 0.8367 0.2017
vn -0.9953 0.0197 -0.0949
vn -0.7944 -0.6069 -0.0243
vn -0.5457 0.8352 0.0681
vn -0.9956 -0.0326 -0.0881
vn -0.9519 -0.3014 -0.0557
vn -0.9231 -0.3834 -0.0285
vn -0.9898 0.1133 -0.0866
vn -0.9784 -0.1970 -0.0622
vn -0.9980 0.0087 -0.0630
vn -0.9966 -0.0441 -0.0695
vn -0.9827 -0.1778 -0.0510
vn -0.2241 -0.9726 0.0614
vn 0.5349 -0.8435 0.0484
vn -0.8589 0.5108 -0.0369
vn 0.0060 -0.9990 0.0447
vn 0.7370 -0.6758 0.0147
vn -0.9974 -0.0336 -0.0632
vn -0.6280 -0.7769 0.0449
vn -0.9935 0.1020 -0.0512
vn -0.9376 -0.3476 0.0076
vn -0.8993 -0.4346 0.0492
vn -0.6640 -0.7382 0.1187
vn -0.5832 -0.7931 0.1757
vn -0.9851 -0.1704 -0.0232
vn -0.9692 -0.1156 -0.2176
vn -0.8944 -0.3725 -0.2477
vn 0.5889 -0.7975 0.1314
vn 0.4135 -0.7379 -0.5334
vn -0.9757 -0.2190 -0.0068
vn -0.9962 0.0840 -0.0211
vn 0.5239 -0.7527 -0.3988
vn -0.9982 0.0314 -0.0511
vn -0.7382 0.6744 -0.0150
vn -0.8839 -0.4256 -0.1938
vn 0.3451 -0.8485 -0.4012
vn -0.9976 -0.0369 -0.0583
vn -0.8991 -0.4351 0.0484
vn -0.6131 -0.7800 0.1251
vn -0.9365 -0.3369 0.0973
vn -0.8820 -0.4281 -0.1969
vn -0.9301 0.3670 -0.0149
vn -0.9671 0.2534 -0.0216
vn -0.9873 0.1458 -0.0639
vn -0.9940 0.0735 -0.0811
vn -0.9981 -0.0277 -0.0544
vn -0.9719 -0.2341 -0.0252
vn -0.8698 -0.4519 -0.1978
vn 0.3761 -0.8645 -0.3334
vn -0.9986 0.0047 -0.0535
vn -0.9960 0.0533 -0.0711
vn -0.6122 -0.7811 0.1224
vn -0.9883 0.1316 -0.0773
vn -0.9689 -0.2470 -0.0129
vn -0.8882 -0.4565 0.0515
vn -0.8665 -0.4925 0.0816
vn -0.6108 -0.7824 0.1220
vn -0.9914 0.1055 -0.0773
vn -0.9770 0.1216 -0.1751
vn -0.9902 0.0022 -0.1393
vn -0.8827 -0.4466 -0.1462
vn 0.4898 -0.8201 -0.2958
vn -0.8592 -0.5061 0.0755
vn -0.9935 -0.1006 -0.0539
vn -0.9775 0.1273 -0.1682
vn -0.2730 0.9603 -0.0573
vn -0.9685 0.1306 -0.2119
vn -0.9043 -0.4102 -0.1182
vn 0.6717 -0.7286 0.1339
vn -0.8153 0.5784 -0.0265
vn -0.8777 -0.4781 0.0332
vn -0.6106 -0.7814 0.1288
vn -0.8751 0.4391 -0.2035
vn 0.6869 -0.7169 0.1191
vn -0.9451 0.3261 -0.0197
vn -0.9851 -0.1651 0.0480
vn -0.8406 -0.5372 -0.0692
vn -0.9912 0.0761 -0.1082
vn -0.7320 -0.6812 0.0154
vn -0.9682 -0.2411 -0.0668
vn -0.8728 0.4303 -0.2303
vn -0.9891 0.0621 -0.1333
vn -0.8599 -0.4951 -0.1245
vn -0.9994 0.0134 -0.0333
vn -0.9576 0.2635 -0.1164
vn -0.5915 0.7748 -0.2231
vn -0.9932 -0.0996 -0.0602
vn 0.8576 -0.4868 -0.1661
vn -0.9884 0.1486 -0.0303
vn -0.9724 0.2328 -0.0190
vn -0.9994 0.0133 -0.0333
vn -0.9826 -0.1758 -0.0597
vn -0.9247 -0.3804 -0.0139
vn -0.9845 0.1082 -0.1384
vn -0.9317 -0.3594 -0.0528
vn -0.9611 0.2742 -0.0332
vn -0.9872 -0.1505 -0.0535
vn -0.8591 -0.4965 -0.1242
vn 0.6816 -0.7305 -0.0415
vn -0.9875 -0.1504 -0.0475
vn -0.8413 -0.5308 -0.1017
vn -0.8098 0.4825 -0.3339
vn 0.6652 -0.7451 -0.0484
vn -0.8182 0.5544 -0.1521
vn -0.9804 0.1851 -0.0670
vn -0.6801 -0.7298 -0.0704
vn -0.9534 0.2300 -0.1951
vn -0.9670 0.1865 -0.1737
vn 0.8339 -0.5159 -0.1959
vn 0.9342 -0.3398 -0.1083
vn -0.9506 0.3006 -0.0775
vn -0.9677 -0.2421 -0.0707
vn -0.9974 0.0609 -0.0386
vn -0.8494 -0.4995 -0.1705
vn 0.4350 -0.8600 -0.2668
vn -0.9568 0.2792 -0.0813
vn -0.7895 -0.5973 -0.1413
vn -0.9898 0.1072 -0.0937
vn -0.9875 0.1298 -0.0894
vn -0.7319 0.6313 -0.2565
vn -0.5989 -0.7950 -0.0961
vn -0.9160 -0.3968 -0.0590
vn -0.8080 0.4546 -0.3748
vn -0.8450 -0.5053 -0.1752
vn -0.9653 -0.2416 -0.0988
vn -0.5398 0.5784 -0.6116
vn -0.9779 -0.1957 -0.0732
vn -0.7483 0.4753 -0.4627
vn -0.8926 -0.3905 -0.2254
vn 0.6758 -0.6545 -0.3390
vn -0.9877 -0.1407 -0.0683
vn -0.9666 0.1817 -0.1807
vn -0.9889 -0.1327 -0.0663
vn -0.9036 -0.3984 -0.1573
vn 0.6029 -0.7824 -0.1564
vn -0.9751 -0.2106 -0.0690
vn -0.9643 -0.2519 -0.0814
vn -0.9914 0.1063 -0.0761
vn -0.9892 0.1444 -0.0257
vn -0.8009 0.4233 -0.4236
vn -0.8525 0.4770 -0.2140
vn -0.8212 0.3739 -0.4311
vn -0.8228 -0.4647 -0.3272
vn -0.7097 -0.6150 -0.3436
vn -0.9915 0.0988 -0.0848
vn -0.9970 0.0705 -0.0330
vn -0.9976 0.0624 -0.0314
vn -0.9932 -0.1077 -0.0449
vn -0.9757 0.2024 -0.0844
vn -0.9977 0.0050 -0.0675
vn -0.9530 0.2800 -0.1154
vn -0.8329 0.4988 -0.2398
vn -0.9951 0.0932 -0.0321
vn -0.6256 -0.7633 -0.1615
vn -0.9612 -0.2661 -0.0729
vn -0.9837 -0.1514 -0.0972
vn 0.3918 0.6490 -0.6521
vn -0.8259 0.3731 -0.4227
vn -0.8408 -0.3516 -0.4116
vn -0.9913 -0.1156 -0.0627
vn -0.9570 0.2703 -0.1053
vn -0.8632 -0.4943 -0.1022
vn -0.9754 0.1665 -0.1447
vn -0.9889 0.1460 -0.0257
vn -0.9953 -0.0563 -0.0783
vn -0.8406 -0.3471 -0.4160
vn 0.0375 -0.7699 -0.6371
vn -0.2023 -0.7749 -0.5989
vn 0.5545 -0.8184 -0.1508
vn -0.6272 -0.7622 -0.1601
vn -0.9890 0.0684 -0.1312
vn -0.8445 0.4692 -0.2583
vn -0.6886 0.4770 -0.5461
vn -0.9977 0.0149 -0.0659
vn -0.8790 -0.4652 -0.1046
vn -0.9672 0.1477 -0.2067
vn -0.9606 0.1799 -0.2118
vn -0.9912 0.0890 -0.0980
vn -0.9969 0.0785 -0.0096
vn -0.8765 -0.3271 -0.3533
vn -0.7253 0.4478 -0.5230
vn -0.9752 -0.2031 -0.0881
vn -0.6575 -0.7288 -0.1911
vn -0.9101 -0.2221 -0.3499
vn 0.6494 -0.7279 -0.2203
vn -0.9785 0.1869 -0.0875
vn -0.8643 0.4573 -0.2094
vn -0.9955 0.0750 -0.0570
vn -0.9992 0.0175 -0.0373
vn -0.9973 -0.0249 -0.0693
vn -0.9815 -0.1542 -0.1131
vn -0.9884 -0.1144 -0.0998
vn -0.9503 0.1442 -0.2760
vn -0.6474 0.3830 -0.6589
vn -0.8755 -0.2106 -0.4349
vn -0.7609 -0.3072 -0.5716
vn -0.9971 0.0019 -0.0757
vn -0.9601 0.2503 -0.1249
vn -0.8683 -0.4692 -0.1608
vn -0.8012 -0.5773 -0.1573
vn -0.8909 0.3911 -0.2310
vn -0.6425 -0.7386 -0.2040
vn -0.9716 0.1299 -0.1976
vn -0.9933 0.0627 -0.0968
vn -0.9910 -0.1146 -0.0694
vn -0.9885 -0.0670 -0.1357
vn -0.9890 -0.0644 -0.1329
vn -0.7108 0.3764 -0.5943
vn -0.9502 0.2492 -0.1871
vn -0.9996 -0.0275 -0.0100
vn -0.9721 0.1255 -0.1981
vn -0.9974 -0.0676 -0.0237
vn -0.9916 -0.1141 -0.0607
vn -0.8540 -0.2080 -0.4768
vn 0.9785 -0.1867 -0.0881
vn -0.9731 0.1944 -0.1235
vn -0.9728 -0.2143 -0.0878
vn -0.8483 -0.1711 -0.5011
vn 0.6638 -0.7312 -0.1572
vn -0.9698 0.2070 -0.1290
vn -0.9992 0.0352 0.0166
vn -0.9997 0.0223 0.0142
vn -0.9997 0.0138 0.0184
vn -0.9565 0.1067 -0.2714
vn -0.9957 0.0585 -0.0722
vn -0.9971 -0.0449 -0.0606
vn -0.2711 0.3843 -0.8825
vn -0.6571 -0.1669 -0.7351
vn -0.8990 0.3774 -0.2220
vn -0.6437 -0.7365 -0.2078
vn -0.9794 0.0947 -0.1781
vn -0.9959 0.0470 -0.0770
vn -0.9943 -0.0752 -0.0758
vn -0.9748 -0.0550 -0.2162
vn -0.8419 -0.1047 -0.5294
vn 0.6248 -0.7545 -0.2011
vn -0.9919 -0.1060 -0.0692
vn -0.8169 -0.5455 -0.1876
vn -0.6553 -0.7299 -0.1946
vn -0.9799 0.0493 -0.1931
vn -0.9988 0.0389 -0.0283
vn -0.9995 0.0242 -0.0179
vn -0.6426 -0.7436 -0.1845
vn -0.9972 -0.0256 -0.0701
vn -0.9854 -0.0468 -0.1637
vn -0.9092 -0.1802 -0.3753
vn -0.8931 -0.2230 -0.3908
vn -0.9772 0.1808 -0.1116
vn -0.9894 0.1181 -0.0848
vn -0.9045 0.3562 -0.2344
vn -0.9781 0.0492 -0.2020
vn -0.9782 -0.1909 -0.0822
vn -0.9693 -0.2357 -0.0702
vn -0.9457 0.1504 -0.2882
vn -0.9995 0.0276 -0.0184
vn -0.9996 0.0218 -0.0186
vn -0.9993 0.0142 0.0358
vn -0.9992 -0.0318 -0.0249
vn -0.9401 -0.2947 -0.1715
vn -0.9714 -0.1729 -0.1626
vn 0.7625 -0.5224 -0.3817
vn 0.6217 -0.7598 -0.1902
vn -0.8414 0.4314 -0.3254
vn -0.9987 0.0438 -0.0266
vn -0.9937 0.0772 0.0815
vn -0.9990 0.0312 0.0321
vn -0.9983 -0.0577 -0.0056
vn -0.9991 -0.0398 -0.0148
vn -0.9426 0.2598 -0.2098
vn -0.9666 0.1684 -0.1930
vn -0.9879 0.1287 -0.0867
vn -0.9986 0.0227 -0.0471
vn -0.9981 0.0302 -0.0541
vn -0.8575 -0.5140 0.0214
vn -0.2924 -0.9559 0.0281
vn 0.5903 -0.7581 -0.2773
vn -0.9967 0.0057 -0.0805
vn -0.9875 -0.1296 -0.0893
vn -0.9832 -0.1567 -0.0940
vn -0.9520 -0.2760 -0.1326
vn -0.6544 -0.6899 -0.3095
vn -0.6044 -0.7379 -0.3003
vn -0.9993 0.0344 -0.0174
vn -0.9987 0.0301 -0.0423
vn -0.9992 -0.0410 0.0006
vn 0.5948 -0.7564 -0.2721
vn -0.9846 0.1275 -0.1197
vn -0.7944 0.5161 -0.3203
vn -0.8826 -0.4340 -0.1810
vn -0.9918 0.0884 0.0928
vn -0.9973 -0.0676 -0.0300
vn -0.9992 -0.0318 -0.0245
vn -0.9960 -0.0671 0.0588
vn -0.9623 -0.2412 0.1258
vn 0.8747 -0.4506 0.1787
vn -0.9860 0.1003 -0.1335
vn -0.9954 -0.0108 -0.0952
vn -0.9439 0.2598 -0.2037
vn -0.9673 -0.2073 -0.1460
vn -0.8765 -0.4451 -0.1835
vn -0.6883 -0.6690 -0.2806
vn -0.9995 0.0299 0.0100
vn -0.9993 0.0352 0.0132
vn -0.9990 -0.0437 0.0011
vn -0.9989 -0.0457 0.0099
vn -0.9992 0.0334 0.0219
vn -0.9994 0.0342 -0.0108
vn 0.5980 -0.7071 -0.3774
vn -0.9770 0.1505 -0.1508
vn -0.6119 -0.7519 -0.2454
vn -0.9981 0.0320 0.0524
vn -0.9993 0.0359 0.0114
vn -0.9988 0.0475 0.0139
vn -0.9984 0.0528 0.0177
vn -0.9990 0.0310 0.0323
vn -0.8776 -0.3212 0.3559
vn -0.8571 -0.3658 0.3627
vn -0.9869 -0.0943 -0.1306
vn -0.9624 0.2158 -0.1647
vn -0.9757 0.1397 -0.1690
vn -0.9619 -0.2166 -0.1669
vn -0.9193 0.3345 -0.2072
vn -0.5491 -0.7154 -0.4320
vn -0.9974 -0.0713 0.0061
vn -0.9919 -0.1025 0.0753
vn -0.9952 -0.0647 0.0736
vn -0.9188 -0.2919 -0.2655
vn -0.6716 -0.5576 -0.4880
vn -0.5241 -0.7515 -0.4008
vn -0.9894 0.1365 0.0488
vn -0.9933 0.1060 0.0468
vn -0.9996 -0.0281 0.0075
vn -0.8571 0.4383 0.2708
vn -0.8645 0.4292 0.2615
vn -0.9190 -0.2532 0.3021
vn 0.6279 -0.6667 -0.4016
vn -0.9754 0.1401 -0.1701
vn -0.9814 0.0966 -0.1660
vn -0.9816 0.1002 -0.1623
vn -0.9878 -0.0109 -0.1554
vn -0.9624 0.2194 -0.1604
vn -0.9497 -0.2445 -0.1958
vn -0.9025 0.3553 -0.2433
vn -0.4567 -0.7586 -0.4647
vn -0.9994 0.0244 0.0265
vn 0.4050 -0.5238 0.7494
vn 0.4589 -0.7402 -0.4914
vn 0.6627 -0.5387 -0.5202
vn -0.9897 -0.0041 -0.1428
vn -0.9656 -0.1807 -0.1870
vn -0.9002 -0.2701 0.3416
vn 0.4019 -0.6588 0.6360
vn -0.9784 0.1494 -0.1427
vn -0.9865 -0.0797 -0.1428
vn -0.9160 -0.2944 -0.2724
vn -0.4573 -0.7715 -0.4423
vn -0.9485 0.1942 0.2503
vn -0.9988 0.0414 0.0258
vn -0.9991 -0.0360 0.0225
vn -0.9988 -0.0427 0.0222
vn -0.7286 0.4366 0.5278
vn 0.9713 -0.1496 0.1848
vn -0.9889 -0.0713 -0.1300
vn -0.9807 -0.1091 -0.1620
vn -0.9334 -0.2638 -0.2432
vn -0.8955 0.3799 -0.2319
vn -0.7963 -0.5188 -0.3110
vn -0.9963 0.0554 0.0662
vn -0.9985 0.0459 0.0307
vn -0.5109 -0.7143 -0.4782
vn -0.9871 -0.1191 0.1068
vn -0.9897 -0.1036 0.0988
vn -0.9905 -0.0933 0.1009
vn -0.7498 0.4168 0.5139
vn -0.8550 -0.3439 0.3882
vn -0.8998 -0.2695 0.3431
vn 0.4577 -0.7539 -0.4713
vn 0.5142 -0.6984 -0.4978
vn -0.9808 -0.1189 -0.1547
vn -0.9633 -0.1837 -0.1956
vn -0.9538 -0.2074 -0.2173
vn -0.7807 0.4167 0.4656
vn 0.3805 -0.5191 0.7653
vn -0.9875 0.0919 -0.1284
vn -0.9922 -0.0050 -0.1245
vn -0.9673 0.2120 -0.1392
vn -0.5173 -0.6627 -0.5415
vn -0.9978 0.0528 0.0407
vn -0.9994 0.0307 -0.0159
vn -0.9988 -0.0486 -0.0058
vn -0.6936 -0.3986 0.6000
vn -0.6531 -0.6364 0.4105
vn 0.3516 -0.6714 0.6524
vn -0.9921 -0.0059 -0.1257
vn -0.9720 0.1949 -0.1314
vn -0.9622 -0.1882 -0.1969
vn -0.8105 -0.4466 -0.3789
vn -0.9998 -0.0213 0.0044
vn -0.8478 0.3100 0.4303
vn -0.8421 0.3172 0.4363
vn -0.8047 -0.4155 0.4240
vn -0.9757 -0.1306 -0.1758
vn -0.9139 0.3599 -0.1879
vn -0.2434 -0.7108 -0.6600
vn -0.9890 -0.1048 0.1042
vn -0.6376 -0.5085 0.5787
vn -0.9864 0.1214 -0.1109
vn -0.9889 -0.0713 -0.1301
vn -0.9287 -0.2895 -0.2317
vn -0.6393 -0.5324 -0.5548
vn -0.7110 0.6572 -0.2500
vn -0.4813 -0.6422 -0.5966
vn -0.9969 0.0767 -0.0170
vn -0.9902 -0.1221 0.0683
vn -0.9766 -0.1798 0.1178
vn -0.8453 0.3543 0.4000
vn 0.4933 -0.5676 0.6592
vn -0.9500 0.2886 -0.1194
vn -0.9797 0.1280 0.1543
vn -0.9822 -0.1705 0.0789
vn -0.8451 0.3546 0.4001
vn 0.5093 -0.6324 -0.5837
vn -0.9904 -0.0027 -0.1382
vn -0.9612 0.2497 -0.1174
vn -0.8640 0.3377 0.3736
vn -0.6110 -0.5158 0.6006
vn 0.4830 -0.5698 0.6648
vn -0.9879 0.0949 -0.1225
vn -0.9856 -0.0807 -0.1487
vn -0.9838 0.1105 -0.1412
vn -0.9636 0.2433 -0.1103
vn -0.9749 0.1899 -0.1164
vn -0.9472 -0.2664 -0.1783
vn -0.9348 -0.2875 -0.2086
vn -0.9035 -0.3546 -0.2409
vn -0.7336 0.6482 -0.2040
vn -0.4318 -0.6686 -0.6053
vn -0.8829 -0.2720 0.3827
vn -0.6905 -0.4307 0.5811
vn -0.9885 -0.0632 -0.1376
vn -0.9695 -0.1853 -0.1602
vn -0.9651 -0.1964 -0.1730
vn -0.9852 0.0906 0.1452
vn -0.9884 0.1472 -0.0362
vn -0.9274 -0.2124 0.3079
vn -0.8626 -0.3230 0.3893
vn -0.6882 0.4221 0.5901
vn 0.5309 -0.5088 0.6777
vn 0.4790 -0.7311 -0.4858
vn -0.9454 0.3102 -0.1001
vn -0.6822 -0.6498 -0.3352
vn -0.3517 -0.8417 -0.4096
vn -0.4288 -0.7966 -0.4261
vn -0.7139 0.4947 0.4956
vn -0.0890 -0.5041 0.8591
vn 0.4497 -0.7180 -0.5313
vn 0.6089 -0.6838 -0.4020
vn -0.9921 0.0093 -0.1254
vn -0.9805 0.1636 -0.1086
vn -0.9744 -0.1886 -0.1225
vn -0.5115 -0.7869 -0.3452
vn -0.9608 0.1435 0.2372
vn -0.4327 0.8838 -0.1779
vn 0.5997 0.4910 0.6318
vn 0.1542 -0.2436 0.9575
vn -0.0008 -0.3341 0.9426
vn -0.9565 -0.2733 -0.1017
vn -0.9557 -0.2775 -0.0977
vn -0.9089 0.4091 -0.0808
vn -0.9146 -0.3795 -0.1397
vn -0.5021 0.8626 -0.0618
vn -0.3534 -0.9176 -0.1822
vn -0.0279 -0.9516 -0.3062
vn 0.7722 -0.4716 0.4258
vn 0.2539 -0.9201 -0.2982
vn -0.9782 0.1707 -0.1185
vn -0.9722 -0.2177 -0.0858
vn -0.9525 0.2946 -0.0775
vn -0.7599 0.6461 -0.0710
vn -0.4783 -0.8221 -0.3089
vn -0.3104 -0.8953 -0.3196
vn -0.1708 0.4267 0.8881
vn 0.2515 -0.9177 -0.3075
vn -0.9885 0.1041 -0.1096
vn -0.9833 0.1517 -0.1005
vn -0.9900 -0.1147 -0.0818
vn -0.9012 0.4234 -0.0924
vn -0.9119 -0.3830 -0.1474
vn 0.1460 -0.9632 -0.2256
vn -0.9782 -0.2045 -0.0351
vn -0.8747 -0.4708 -0.1151
vn -0.2272 -0.9423 -0.2458
vn -0.9772 0.1586 -0.1412
vn -0.9920 -0.1154 -0.0504
vn -0.9547 0.2826 -0.0930
vn -0.9592 -0.2727 -0.0747
vn -0.9310 0.3583 -0.0703
vn -0.6793 -0.7135 -0.1716
vn -0.9930 0.0094 -0.1175
vn -0.5761 -0.8000 -0.1676
vn -0.2477 -0.9507 -0.1867
vn -0.9937 -0.0728 -0.0855
vn -0.9885 -0.1364 -0.0656
vn -0.7076 0.7065 0.0137
vn -0.9866 0.1191 -0.1111
vn -0.9871 0.1088 -0.1172
vn -0.9680 0.2497 -0.0264
vn -0.9731 -0.2257 -0.0467
vn -0.2237 -0.9596 -0.1706
vn -0.1952 -0.9612 -0.1948
vn 0.9787 -0.1979 -0.0555
vn -0.9959 -0.0262 -0.0861
vn -0.9781 0.1996 -0.0585
vn -0.9599 0.2637 -0.0950
vn -0.9798 -0.1953 -0.0440
vn -0.9248 0.3796 -0.0249
vn -0.9386 -0.3354 -0.0804
vn 0.1488 -0.9749 -0.1659
vn -0.9928 -0.0997 -0.0661
vn -0.8731 0.4873 0.0138
vn -0.8908 -0.4446 -0.0938
vn -0.5734 -0.8022 -0.1665
vn 0.1172 -0.9763 -0.1819
vn -0.9947 -0.0227 -0.1001
vn -0.9883 0.1347 -0.0712
vn -0.9922 -0.1012 -0.0728
vn -0.9741 0.2044 -0.0969
vn -0.7698 0.6371 0.0390
vn -0.9837 0.1680 -0.0642
vn -0.9301 0.3667 -0.0205
vn -0.9484 -0.3094 -0.0688
vn -0.8889 -0.4490 -0.0907
vn -0.1478 -0.9755 -0.1628
vn 0.5348 -0.8305 -0.1560
vn -0.9954 -0.0586 -0.0751
vn -0.9721 0.2302 -0.0456
vn -0.7914 0.6109 0.0213
vn 0.0981 -0.9810 -0.1672
vn -0.9892 -0.1411 -0.0397
vn -0.9561 0.2917 -0.0279
vn -0.5688 -0.8051 -0.1681
vn 0.5549 -0.8190 -0.1461
vn -0.9912 -0.1263 -0.0408
vn -0.9832 -0.1822 -0.0112
vn -0.9945 -0.0249 -0.1019
vn -0.9834 0.1803 -0.0219
vn -0.9564 0.2909 -0.0274
vn -0.8703 0.4924 0.0135
vn -0.3219 -0.9394 -0.1176
vn -0.2202 -0.9688 -0.1134
vn -0.9756 0.2088 -0.0672
vn -0.9838 -0.1791 -0.0111
vn -0.9730 -0.2295 -0.0248
vn -0.9502 -0.3082 -0.0459
vn -0.8951 -0.4390 -0.0784
vn 0.1304 -0.9822 -0.1350
vn -0.9849 0.1415 -0.0998
vn -0.9809 0.1802 -0.0726
vn -0.9923 -0.0564 -0.1104
vn -0.9556 0.2913 -0.0447
vn -0.9835 -0.1805 -0.0130
vn 0.4825 -0.8664 -0.1283
vn -0.9745 -0.2233 -0.0202
vn -0.9537 -0.2983 -0.0377
vn -0.9939 -0.0112 -0.1096
vn -0.9923 -0.0539 -0.1119
vn -0.8736 -0.4829 -0.0606
vn -0.9841 -0.1534 -0.0892
vn -0.9841 -0.1537 -0.0893
vn -0.9766 -0.1942 -0.0921
vn 0.0613 -0.9959 -0.0661
vn -0.9886 -0.0149 -0.1495
vn -0.9724 0.2318 -0.0280
vn -0.1403 -0.9880 -0.0652
vn 0.5180 -0.8513 -0.0833
vn -0.9839 -0.1555 -0.0878
vn -0.9714 0.2332 -0.0447
vn -0.9529 -0.3027 -0.0206
vn 0.0477 -0.9970 -0.0609
vn 0.7691 -0.2694 -0.5796
vn -0.9798 0.1765 -0.0945
vn -0.9052 0.1604 -0.3935
vn -0.9221 0.1102 -0.3710
vn -0.8984 0.0479 -0.4366
vn -0.9058 -0.0354 -0.4222
vn -0.7642 -0.3047 -0.5685
vn -0.8380 -0.2370 -0.4915
vn -0.9602 -0.2351 -0.1506
vn -0.9761 -0.2108 -0.0532
vn -0.9452 0.3262 -0.0121
vn -0.8684 0.4958 -0.0096
vn -0.9540 -0.2987 -0.0241
vn -0.8814 -0.4710 -0.0351
vn -0.1422 -0.9878 -0.0638
vn 0.2120 -0.9751 -0.0654
vn 0.8621 -0.3655 -0.3510
vn -0.9797 0.1799 -0.0886
vn -0.9546 -0.0700 -0.2896
vn -0.8216 -0.3080 -0.4796
vn -0.9685 0.2444 -0.0479
vn -0.8606 -0.3682 -0.3519
vn -0.8346 -0.4035 -0.3750
vn -0.9798 -0.1949 -0.0444
vn -0.9283 0.3715 -0.0156
vn -0.9709 -0.2395 0.0060
vn -0.7726 0.6348 -0.0031
vn -0.8653 0.4279 -0.2611
vn -0.9483 0.2293 -0.2194
vn -0.9933 0.0480 -0.1054
vn -0.8200 -0.3188 -0.4753
vn -0.8136 -0.3143 -0.4891
vn -0.8269 -0.2915 -0.4809
vn -0.9332 0.2005 -0.2984
vn -0.9651 -0.2412 -0.1025
vn -0.8538 0.3109 -0.4175
vn -0.9689 -0.2180 -0.1172
vn -0.8394 0.3886 -0.3801
vn -0.9474 0.3200 -0.0085
vn -0.9694 -0.2414 -0.0448
vn -0.9534 -0.3007 -0.0257
vn 0.0428 -0.9936 -0.1044
vn 0.7340 -0.6770 -0.0543
vn -0.7591 -0.5020 -0.4145
vn -0.7445 -0.5117 -0.4287
vn -0.7438 -0.5189 -0.4214
vn 0.7049 -0.4545 -0.5445
vn -0.9994 0.0310 0.0140
vn -0.9491 0.2617 0.1750
vn -0.9962 0.0669 -0.0552
vn -0.9839 -0.0950 -0.1512
vn -0.6194 -0.6798 -0.3927
vn -0.9361 0.2002 -0.2891
vn -0.9810 -0.1878 -0.0479
vn -0.9792 -0.1892 -0.0741
vn -0.9147 -0.4010 -0.0514
vn -0.7117 -0.7013 -0.0417
vn -0.1474 -0.9828 -0.1114
vn -0.1579 -0.9807 -0.1153
vn 0.0354 -0.9933 -0.1102
vn 0.4676 -0.8774 -0.1077
vn -0.8360 -0.4564 -0.3046
vn -0.9369 -0.2575 -0.2363
vn -0.9154 -0.3615 -0.1770
vn -0.9055 -0.3776 -0.1938
vn -0.8941 -0.4050 -0.1910
vn -0.9910 0.1337 -0.0050
vn -0.9811 0.1935 -0.0003
vn -0.8490 -0.3096 -0.4281
vn -0.8082 -0.3043 -0.5042
vn -0.9729 0.2313 -0.0049
vn -0.9482 0.2507 -0.1950
vn -0.9620 -0.2464 -0.1174
vn -0.8806 0.4301 -0.1989
vn -0.9589 -0.2785 -0.0553
vn -0.7580 0.6522 0.0013
vn -0.2786 -0.9558 -0.0940
vn -0.3872 0.9220 -0.0040
vn -0.9359 -0.0177 -0.3517
vn -0.9343 0.0286 -0.3554
vn -0.9019 -0.4151 -0.1196
vn -0.7938 -0.5261 -0.3053
vn 0.5828 -0.7130 -0.3898
vn -0.9978 0.0517 -0.0426
vn -0.9784 -0.0962 -0.1830
vn -0.9582 -0.1699 -0.2303
vn -0.8288 -0.2980 -0.4736
vn -0.4340 -0.7937 -0.4263
vn -0.9394 0.3083 -0.1496
vn -0.9618 0.2738 -0.0039
vn -0.8918 0.4186 -0.1717
vn -0.8228 0.5194 -0.2307
vn -0.9565 -0.2824 -0.0733
vn -0.0373 -0.7871 -0.6157
vn -0.0325 -0.7975 -0.6025
vn -0.9896 -0.0655 -0.1278
vn -0.9573 -0.1547 -0.2441
vn -0.6502 -0.5056 -0.5671
vn -0.3108 -0.7036 -0.6391
vn -0.4457 -0.6602 -0.6046
vn -0.9584 -0.2451 -0.1462
vn -0.9653 -0.2595 -0.0295
vn -0.8839 0.4676 -0.0053
vn 0.3560 0.5552 -0.7517
vn 0.0653 -0.9977 0.0188
vn -0.8919 -0.4327 -0.1313
vn -0.8691 -0.4744 -0.1403
vn 0.5941 -0.6940 -0.4066
vn 0.0100 -0.7341 -0.6789
vn 0.0428 -0.8067 -0.5894
vn 0.0263 -0.7952 -0.6058
vn -0.9986 0.0517 -0.0149
vn -0.9846 0.1623 0.0647
vn -0.9948 -0.0514 0.0878
vn -0.9718 0.2202 0.0840
vn -0.9673 0.2424 0.0745
vn -0.9933 0.0461 -0.1064
vn -0.9923 0.0280 -0.1205
vn -0.2871 -0.9492 -0.1289
vn -0.7193 -0.5625 -0.4076
vn -0.8241 0.5403 -0.1700
vn 0.2791 -0.9493 -0.1447
vn -0.8724 -0.4603 -0.1645
vn 0.0185 -0.7318 -0.6812
vn -0.0613 -0.6912 -0.7201
vn 0.2321 -0.9663 -0.1118
vn -0.9945 -0.0589 -0.0868
vn -0.9938 -0.0735 -0.0837
vn -0.9729 -0.1783 -0.1470
vn -0.8298 -0.4096 -0.3790
vn -0.8369 -0.4000 -0.3737
vn -0.9703 0.2146 -0.1113
vn -0.9406 0.3288 -0.0849
vn -0.2451 -0.8601 -0.4475
vn -0.8098 -0.4638 -0.3593
vn -0.9204 0.3822 -0.0821
vn -0.9055 0.4115 -0.1038
vn 0.3364 -0.9344 -0.1173
vn -0.0259 -0.9984 0.0499
vn -0.9004 -0.4347 -0.0169
vn -0.9397 -0.3388 -0.0472
vn -0.9120 -0.4061 -0.0572
vn 0.2765 -0.8628 -0.4232
vn -0.9996 0.0277 -0.0103
vn -0.2846 -0.9013 -0.3267
vn -0.9531 0.2947 -0.0689
vn -0.8832 0.4689 0.0033
vn -0.9392 -0.3431 0.0139
vn -0.9607 -0.2775 0.0021
vn -0.4225 -0.9063 -0.0085
vn -0.8752 -0.4817 -0.0451
vn -0.9449 -0.3256 -0.0340
vn -0.9042 -0.4263 -0.0270
vn -0.8912 -0.4530 -0.0248
vn -0.8599 -0.5083 0.0466
vn -0.1077 -0.7366 -0.6676
vn 0.1399 -0.9311 -0.3369
vn 0.0089 -0.9877 0.1564
vn -0.9634 -0.2234 -0.1481
vn -0.9046 -0.3312 -0.2683
vn -0.8310 -0.4392 -0.3413
vn -0.8181 -0.3610 0.4476
vn -0.7937 -0.5195 -0.3163
vn -0.9644 0.2641 0.0105
vn 0.1470 -0.9014 -0.4073
vn 0.4068 -0.7956 0.4489
vn -0.7651 0.6439 0.0047
vn -0.9790 0.1222 -0.1634
vn 0.2475 -0.9686 -0.0239
vn 0.0115 -0.9985 0.0537
vn -0.8749 -0.4835 -0.0293
vn -0.0828 -0.8265 -0.5568
vn -0.0454 -0.8827 -0.4677
vn -0.9306 0.0334 0.3646
vn -0.8045 -0.3345 0.4908
vn -0.9943 -0.0978 0.0416
vn -0.9575 0.2866 -0.0333
vn -0.8610 -0.4296 -0.2721
vn -0.9237 0.3823 -0.0248
vn 0.5623 -0.6513 0.5095
vn -0.9591 -0.2771 -0.0572
vn -0.9487 -0.3113 -0.0559
vn 0.3357 -0.9265 0.1702
vn -0.9423 -0.3343 0.0189
vn -0.7469 -0.5845 0.3171
vn 0.3721 -0.8483 -0.3768
vn -0.0557 -0.8923 -0.4479
vn 0.9990 -0.0037 0.0452
vn -0.9648 -0.2412 -0.1052
vn -0.8264 -0.5266 -0.1992
vn -0.9706 0.2403 0.0104
vn -0.9971 -0.0677 0.0340
vn -0.7951 -0.5735 -0.1971
vn -0.8550 -0.4741 -0.2103
vn -0.9016 0.4202 -0.1025
vn -0.9269 -0.3671 0.0779
vn 0.0084 -0.9999 -0.0077
vn -0.3119 -0.9486 -0.0541
vn -0.9235 -0.3738 0.0867
vn -0.9106 -0.4072 0.0706
vn -0.7722 -0.5462 0.3246
vn -0.3698 -0.6987 0.6125
vn 0.2338 -0.9665 -0.1057
vn -0.9445 -0.3167 -0.0869
vn -0.9763 0.2145 0.0282
vn -0.9085 0.3177 0.2714
vn -0.7393 -0.0068 0.6733
vn -0.7397 -0.0163 0.6728
vn -0.9382 0.2758 0.2092
vn -0.9337 0.2095 0.2905
vn -0.1754 -0.4411 0.8801
vn -0.1230 -0.4818 0.8676
vn -0.9276 -0.3639 -0.0838
vn 0.3035 -0.5920 0.7466
vn -0.9452 0.3263 0.0043
vn -0.8409 0.5212 -0.1454
vn -0.9414 0.2984 -0.1575
vn 0.6688 -0.7304 -0.1384
vn -0.1069 -0.9934 0.0425
vn -0.0966 -0.9945 0.0406
vn -0.8620 -0.5029 -0.0634
vn -0.9210 -0.3867 -0.0461
vn -0.9144 -0.3744 0.1537
vn 0.4384 -0.7960 -0.4173
vn 0.5080 -0.7280 -0.4603
vn -0.9927 0.1090 0.0517
vn -0.8291 -0.5543 -0.0734
vn -0.4071 -0.9119 -0.0524
vn -0.5980 -0.7816 -0.1778
vn -0.9299 -0.3580 -0.0838
vn -0.9206 0.2691 0.2830
vn -0.1644 -0.1657 0.9724
vn -0.9328 0.3600 -0.0191
vn 0.4797 -0.4910 0.7272
vn -0.8865 0.4013 -0.2301
vn 0.1435 -0.9870 -0.0721
vn -0.8957 -0.4315 0.1075
vn 0.9087 -0.4146 0.0494
vn -0.7078 -0.4013 0.5813
vn -0.4506 -0.4715 0.7580
vn -0.1851 -0.4177 0.8895
vn 0.2069 -0.9642 -0.1657
vn 0.4277 -0.1665 0.8885
vn 0.2171 -0.3887 0.8954
vn 0.1865 -0.3557 0.9158
vn -0.9986 0.0366 0.0392
vn -0.9845 0.1637 0.0632
vn -0.9845 0.1638 0.0631
vn -0.9828 -0.1821 0.0321
vn -0.9369 -0.3479 -0.0343
vn -0.9647 0.2632 0.0093
vn -0.6783 -0.0711 0.7314
vn -0.6334 0.0096 0.7738
vn -0.4524 -0.1821 0.8730
vn -0.9488 0.3159 0.0070
vn 0.1699 -0.3689 0.9138
vn 0.1730 -0.3680 0.9136
vn -0.8837 0.4680 0.0037
vn 0.7984 -0.4149 0.4363
vn -0.4674 -0.8695 -0.1595
vn -0.9932 -0.0648 0.0970
vn -0.8011 -0.5789 0.1520
vn -0.8431 -0.4066 0.3520
vn -0.8013 -0.4352 0.4105
vn -0.1764 -0.3289 0.9278
vn 0.5688 -0.7919 -0.2221
vn 0.4932 -0.0354 0.8692
vn -0.0485 -0.3274 0.9437
vn 0.3685 -0.1560 0.9164
vn 0.9652 0.2612 0.0103
vn 0.2244 -0.9694 -0.0992
vn -0.9975 0.0522 0.0470
vn -0.9987 -0.0266 0.0434
vn -0.9983 -0.0502 0.0308
vn -0.9881 -0.1473 0.0448
vn -0.9649 -0.2583 0.0480
vn -0.9762 0.2149 0.0306
vn 0.0459 -0.9971 -0.0613
vn -0.8049 -0.5890 -0.0725
vn -0.9393 0.2978 0.1706
vn -0.9310 0.2036 0.3031
vn -0.5092 -0.1127 0.8533
vn -0.9413 -0.3358 -0.0342
vn -0.9339 -0.3570 -0.0211
vn 0.2263 -0.3976 0.8892
vn -0.8935 0.4445 -0.0644
vn -0.9644 -0.2619 0.0373
vn -0.1592 -0.9871 -0.0139
vn -0.5218 -0.8507 -0.0632
vn -0.8042 -0.5829 0.1162
vn -0.5340 -0.5298 0.6589
vn -0.3704 -0.5545 0.7452
vn -0.3454 -0.4198 0.8393
vn 0.4893 -0.1468 0.8597
vn 0.7179 -0.6862 -0.1172
vn 0.2975 -0.9198 -0.2558
vn -0.2213 -0.9746 -0.0331
vn -0.9092 0.4164 0.0079
vn -0.9454 0.2764 0.1726
vn -0.6449 -0.0787 0.7602
vn -0.5226 -0.1905 0.8310
vn -0.9103 -0.4115 0.0445
vn -0.8449 -0.5267 0.0933
vn -0.0807 -0.4342 0.8972
vn 0.2246 -0.4167 0.8809
vn 0.4758 -0.7638 0.4361
vn 0.1649 -0.9154 0.3672
vn 0.2306 -0.9097 0.3453
vn -0.2884 -0.9498 0.1217
vn -0.3972 -0.8494 0.3476
vn -0.6082 -0.7163 0.3420
vn 0.0292 -0.3659 0.9302
vn 0.7042 -0.0844 0.7049
vn 0.3399 -0.9405 0.0048
vn -0.9934 0.1017 0.0529
vn -0.3284 -0.9390 0.1016
vn -0.8815 -0.4715 0.0275
vn -0.8667 -0.0016 0.4988
vn -0.9199 0.2627 0.2911
vn -0.7052 -0.1211 0.6986
vn -0.0092 -0.8642 0.5031
vn -0.3956 -0.7940 0.4616
vn 0.0645 -0.3853 0.9206
vn 0.5079 -0.8589 0.0663
vn -0.9581 -0.2760 0.0769
vn -0.3726 -0.3277 0.8682
vn -0.0367 -0.5223 0.8520
vn 0.2251 -0.5640 0.7945
vn 0.1618 -0.6331 0.7570
vn -0.0017 -0.6710 0.7414
vn -0.1708 -0.6535 0.7374
vn 0.3994 -0.4948 0.7718
vn -0.0395 -0.5777 0.8153
vn 0.8600 -0.4881 0.1488
vn 0.3259 -0.3200 0.8896
vn 0.6346 -0.7475 0.1963
vn -0.9878 -0.1265 0.0904
vn -0.9961 0.0799 0.0368
vn -0.9815 0.1865 0.0429
vn -0.2479 -0.9166 0.3136
vn -0.4373 -0.8654 0.2447
vn -0.8773 -0.0485 0.4775
vn -0.6307 -0.3019 0.7149
vn -0.0936 -0.6892 0.7185
vn 0.0500 -0.7836 0.6193
vn 0.4971 -0.4466 0.7439
vn 0.4877 -0.8687 0.0869
vn 0.6708 -0.7231 0.1648
vn -0.9487 -0.2742 0.1572
vn -0.9844 0.1750 0.0161
vn -0.7266 -0.6858 0.0409
vn -0.9094 -0.4129 0.0495
vn -0.6683 0.2766 0.6905
vn -0.2440 -0.7495 0.6155
vn 0.4580 -0.4558 0.7632
vn 0.5570 -0.7874 0.2641
vn -0.9945 -0.0569 0.0875
vn -0.9870 0.1544 0.0444
vn -0.9437 -0.3016 0.1359
vn -0.5757 -0.8132 0.0854
vn -0.8023 -0.5851 0.1183
vn -0.8381 -0.5318 0.1212
vn -0.6910 -0.6958 0.1961
vn -0.5982 -0.7813 0.1782
vn -0.7642 0.6448 0.0152
vn -0.2057 -0.9038 0.3754
vn -0.3982 0.9171 0.0200
vn -0.1349 -0.9384 0.3180
vn 0.0109 -0.9127 0.4085
vn 0.4534 -0.8213 0.3464
vn -0.9673 0.2531 0.0173
vn 0.0493 -0.9377 0.3438
vn 0.6839 -0.7254 0.0775
vn 0.6710 -0.7222 0.1682
vn -0.9927 0.1026 0.0627
vn -0.9691 -0.2094 0.1301
vn -0.8910 -0.4002 0.2144
vn -0.6673 -0.7229 0.1795
vn -0.9116 -0.4062 0.0637
vn -0.9959 0.0383 0.0819
vn -0.9945 -0.0637 0.0837
vn -0.9958 0.0848 0.0343
vn -0.9958 -0.0880 0.0235
vn -0.9092 -0.3986 0.1207
vn -0.7850 -0.6099 0.1084
vn -0.2692 -0.9582 0.0968
vn -0.1556 -0.9784 0.1359
vn 0.0677 -0.9914 0.1120
vn 0.0767 -0.9899 0.1193
vn 0.4080 -0.9073 0.1016
vn 0.5164 -0.8426 0.1530
vn 0.6151 -0.7645 0.1931
vn -0.9972 0.0151 0.0732
vn -0.9050 0.4244 0.0288
vn -0.8922 -0.4446 0.0789
vn -0.6339 -0.7609 0.1388
vn 0.6555 -0.7142 0.2455
vn 0.9377 -0.3124 0.1523
vn -0.9893 0.1286 0.0688
vn -0.9976 -0.0660 0.0218
vn -0.6659 -0.7156 0.2110
vn -0.6600 -0.7191 0.2175
vn -0.9089 -0.4098 0.0778
vn -0.8748 0.4831 0.0362
vn 0.9054 -0.4195 0.0658
vn -0.9663 -0.2109 0.1476
vn -0.9221 -0.3560 0.1518
vn -0.6900 -0.6843 0.2359
vn -0.9009 -0.4268 0.0791
vn -0.9124 -0.4012 0.0810
vn -0.8916 -0.4459 0.0784
vn -0.8683 0.4941 0.0425
vn -0.8283 -0.5553 0.0748
vn 0.0939 -0.9946 0.0440
vn 0.5259 -0.8476 0.0701
vn -0.9463 0.3224 0.0252
vn 0.5069 -0.8601 0.0580
vn -0.9795 -0.1373 0.1475
vn -0.9543 -0.2524 0.1599
vn -0.9332 -0.3221 0.1596
vn -0.9365 0.3491 0.0343
vn -0.7787 0.6248 0.0568
vn -0.4043 0.9119 0.0705
vn -0.9912 0.0224 0.1305
vn -0.9855 0.1625 0.0485
vn -0.9937 -0.0926 0.0634
vn -0.9985 -0.0131 0.0528
vn -0.9884 0.1263 0.0846
vn -0.8061 -0.5368 0.2493
vn -0.7043 -0.6843 0.1891
vn -0.9667 0.2549 0.0234
vn -0.9405 -0.3177 0.1208
vn -0.5615 -0.8229 0.0864
vn 0.7712 -0.5905 0.2380
vn -0.9801 -0.1200 0.1583
vn -0.8190 -0.5546 0.1470
vn -0.7088 -0.6989 0.0960
vn -0.2121 -0.9750 0.0667
vn 0.0532 -0.9967 0.0621
vn -0.9869 0.1524 0.0529
vn 0.4723 -0.8767 0.0912
vn 0.9410 -0.3201 0.1100
vn -0.9872 -0.0316 0.1561
vn -0.9883 0.1051 0.1109
vn -0.9693 0.2428 0.0400
vn -0.8778 -0.4714 0.0856
vn -0.4714 -0.8767 0.0954
vn -0.3438 -0.9344 0.0934
vn -0.9888 0.0717 0.1310
vn -0.9738 0.2223 0.0481
vn -0.9500 -0.2578 0.1763
vn -0.8513 -0.4890 0.1904
vn 0.1953 -0.9751 0.1052
vn 0.7851 -0.5973 0.1640
vn -0.9764 0.2011 0.0784
vn -0.9642 0.2590 0.0568
vn -0.8494 -0.4915 0.1921
vn -0.9340 0.3523 0.0600
vn -0.9888 0.1192 0.0896
vn -0.9890 0.0731 0.1284
vn -0.8696 0.4882 0.0736
vn -0.4321 0.8933 0.1237
vn 0.6589 -0.7440 0.1106
vn 0.8641 -0.4498 0.2261
vn -0.9870 -0.0275 0.1585
vn -0.9380 -0.3309 0.1036
vn -0.9335 -0.3440 0.1012
vn -0.9380 0.3408 0.0629
vn -0.9111 -0.4016 0.0928
vn -0.7862 0.6107 0.0942
vn -0.9899 0.1174 0.0797
vn -0.9901 0.1155 0.0794
vn -0.9976 -0.0239 0.0643
vn -0.9531 -0.2401 0.1842
vn -0.9863 0.0298 0.1624
vn -0.9950 -0.0027 0.1000
vn -0.9675 -0.1766 0.1808
vn -0.9646 0.2563 0.0616
vn -0.9594 -0.2523 0.1265
vn -0.8770 0.4741 0.0782
vn -0.7478 -0.6520 0.1251
vn -0.9747 0.2064 0.0858
vn -0.9604 -0.2427 0.1367
vn -0.8926 -0.4402 0.0975
vn -0.8757 -0.4743 0.0909
vn 0.1965 -0.9705 0.1396
vn 0.4797 0.8649 0.1481
vn 0.9467 -0.2325 0.2228
vn -0.9901 0.0915 0.1063
vn -0.9683 0.2010 0.1483
vn -0.3047 -0.9419 0.1415
vn 0.1234 -0.9806 0.1522
vn 0.3833 -0.9086 0.1657
vn 0.5586 -0.8172 0.1421
vn -0.9974 0.0250 0.0672
vn -0.9830 -0.0274 0.1814
vn -0.8882 -0.3906 0.2417
vn -0.9675 -0.2131 0.1364
vn -0.9244 -0.3656 0.1086
vn -0.8616 0.4952 0.1112
vn -0.7230 -0.6758 0.1436
vn -0.5213 -0.8409 0.1455
vn -0.9741 0.1968 0.1118
vn -0.9491 0.2851 0.1341
vn -0.3959 -0.9029 0.1676
vn -0.9878 0.0953 0.1229
vn -0.9972 0.0469 -0.0586
vn -0.9832 -0.0228 0.1812
vn -0.9760 0.2025 0.0802
vn -0.7892 0.5987 0.1367
vn -0.9872 0.0202 0.1584
vn -0.9876 0.0186 0.1558
vn -0.9740 0.1978 0.1101
vn -0.9792 0.1509 0.1358
vn -0.9722 -0.0858 0.2180
vn -0.9678 -0.1389 0.2099
vn -0.9641 -0.1536 0.2167
vn -0.9466 0.3092 0.0911
vn -0.9245 -0.3587 0.1290
vn -0.7257 -0.6677 0.1659
vn -0.4268 0.8877 0.1728
vn 0.8422 -0.5175 0.1513
vn -0.9864 0.0491 0.1571
vn -0.7781 0.6060 0.1654
vn 0.9879 0.1234 0.0941
vn -0.9912 -0.0019 0.1327
vn -0.9845 -0.1336 0.1137
vn -0.9797 0.1754 0.0969
vn -0.9571 -0.2517 0.1433
vn -0.8928 -0.4159 0.1732
vn -0.3893 -0.8965 0.2116
vn -0.9846 -0.1293 0.1178
vn -0.9315 0.3450 0.1152
vn -0.8851 0.4451 0.1357
vn -0.4668 0.8520 0.2371
vn 0.3471 -0.9132 0.2134
vn -0.9979 0.0370 0.0524
vn -0.9560 -0.2919 0.0298
vn -0.9133 -0.3814 0.1427
vn -0.8698 -0.4691 0.1531
vn -0.3098 -0.9225 0.2303
vn 0.0986 -0.9678 0.2314
vn 0.9724 -0.2318 0.0282
vn -0.9798 -0.0149 0.1996
vn -0.9927 -0.1086 0.0519
vn -0.9844 -0.1340 0.1141
vn -0.6923 -0.6955 0.1924
vn -0.5298 -0.8194 0.2187
vn 0.2126 -0.9479 0.2374
vn -0.9964 0.0289 0.0796
vn -0.9973 0.0475 0.0565
vn -0.9954 -0.0228 0.0927
vn -0.9798 -0.0142 0.1993
vn -0.9866 0.1497 0.0657
vn -0.9002 0.4223 0.1068
vn -0.9565 -0.2640 0.1241
vn -0.9197 -0.3631 0.1492
vn -0.9926 0.1169 0.0319
vn -0.8619 -0.4810 0.1605
vn 0.6247 -0.7510 0.2138
vn -0.9975 0.0655 -0.0245
vn -0.9914 0.0038 0.1311
vn -0.9957 -0.0214 0.0901
vn -0.9705 0.2385 0.0347
vn -0.9781 -0.0146 0.2078
vn -0.9591 -0.2823 0.0229
vn -0.9694 -0.2426 0.0362
vn -0.9533 -0.2715 0.1321
vn -0.7849 0.5889 0.1926
vn -0.7319 -0.6504 0.2032
vn -0.9874 -0.0461 0.1516
vn -0.9781 -0.0209 0.2073
vn -0.9703 0.2125 -0.1152
vn -0.9942 -0.0806 0.0715
vn -0.8445 0.5081 0.1692
vn -0.4136 -0.8692 0.2711
vn 0.2937 -0.9048 0.3083
vn 0.5234 -0.8066 0.2746
vn -0.9616 0.2512 -0.1101
vn -0.9616 -0.0056 0.2744
vn -0.9511 -0.2808 0.1285
vn -0.9535 -0.2723 0.1296
vn -0.9705 0.2132 -0.1121
vn -0.9951 -0.0479 0.0863
vn -0.9950 -0.0763 0.0638
vn -0.9110 -0.3601 0.2011
vn -0.8730 -0.3160 0.3716
vn -0.9975 0.0124 0.0695
vn -0.9869 -0.1369 0.0853
vn -0.9766 -0.2004 0.0780
vn -0.9273 -0.3198 0.1948
vn -0.8762 -0.4157 0.2439
vn -0.6796 -0.6789 0.2778
vn -0.4075 -0.8598 0.3078
vn -0.9046 0.4160 0.0927
vn -0.9241 -0.0537 0.3784
vn -0.9862 0.0203 0.1644
vn -0.9983 0.0210 0.0540
vn -0.9989 -0.0422 0.0225
vn -0.9950 -0.0822 0.0570
vn -0.8978 0.4296 0.0967
vn -0.7576 0.6089 0.2352
vn -0.6215 -0.7235 0.3005
vn 0.2571 -0.9085 0.3293
vn 0.7106 0.6602 0.2433
vn -0.9993 0.0146 0.0355
vn -0.8558 0.4869 0.1745
vn -0.8253 0.5306 0.1933
vn -0.6902 0.6601 0.2963
vn -0.4068 0.8320 0.3772
vn -0.3658 -0.8727 0.3236
vn 0.7261 -0.6332 0.2679
vn -0.9554 -0.2627 0.1346
vn -0.9142 -0.3805 0.1396
vn -0.8779 -0.4138 0.2409
vn -0.8501 -0.4564 0.2627
vn 0.8302 -0.4873 0.2708
vn -0.9646 0.2391 0.1112
vn -0.9941 0.0689 0.0832
vn -0.9991 0.0400 0.0145
vn -0.9987 0.0056 -0.0507
vn -0.9993 -0.0371 -0.0025
vn -0.9982 -0.0592 -0.0123
vn -0.9921 -0.1226 0.0249
vn -0.9802 -0.1953 0.0315
vn -0.9591 -0.2705 0.0833
vn -0.8989 -0.3950 0.1898
vn -0.4051 0.8224 0.3995
vn -0.6223 -0.7231 0.2997
vn -0.9866 0.0282 -0.1608
vn -0.7724 -0.5785 0.2621
vn -0.8813 -0.3979 0.2548
vn -0.4756 -0.8109 0.3409
vn -0.3832 -0.8579 0.3423
vn 0.3080 -0.8879 0.3417
vn -0.9894 0.1446 -0.0104
vn -0.9963 0.0848 -0.0129
vn -0.9001 0.3906 0.1931
vn -0.6785 0.6641 0.3139
vn -0.3604 0.8301 0.4254
vn 0.0690 -0.9198 0.3863
vn 0.5095 -0.7791 0.3653
vn 0.9100 -0.3634 0.1996
vn -0.9482 -0.3057 0.0861
vn -0.8794 -0.4446 0.1701
vn -0.9114 -0.3537 0.2102
vn -0.8669 -0.4436 0.2273
vn 0.3164 0.8408 0.4393
vn -0.9915 -0.0766 -0.1049
vn -0.9916 0.0812 -0.1006
vn -0.7812 0.5592 0.2774
vn -0.7346 -0.6046 0.3078
vn -0.9973 0.0557 -0.0472
vn -0.9992 0.0260 -0.0313
vn -0.9936 -0.0803 -0.0789
vn -0.9753 0.1985 0.0973
vn -0.9938 0.0782 -0.0795
vn -0.9866 -0.1611 -0.0255
vn -0.9001 0.3906 0.1928
vn -0.8642 -0.4637 0.1952
vn -0.7691 -0.5862 0.2546
vn -0.7787 -0.5665 0.2697
vn -0.9767 0.1912 0.0975
vn -0.8865 0.4097 0.2150
vn -0.8868 -0.4235 0.1851
vn -0.3671 0.8183 0.4423
vn -0.4943 -0.7926 0.3570
vn -0.5445 -0.7589 0.3572
vn -0.9702 0.2383 0.0447
vn -0.9930 0.1182 -0.0078
vn -0.9844 -0.1758 0.0086
vn -0.7972 0.5333 0.2829
vn -0.7777 -0.5787 0.2456
vn -0.0316 -0.9126 0.4075
vn 0.5092 -0.7915 0.3380
vn 0.7717 -0.5685 0.2853
vn 0.8266 0.5012 0.2562
vn 0.9388 -0.3277 0.1061
vn -0.9989 -0.0257 -0.0380
vn -0.9485 -0.3025 0.0944
vn 0.8989 -0.3951 0.1892
vn -0.9132 -0.3731 0.1641
vn -0.8644 -0.4591 0.2050
vn 0.8183 -0.5186 0.2478
vn 0.5487 -0.5773 -0.6047
vn -0.9989 -0.0389 0.0272
vn -0.9621 0.2535 0.1008
vn -0.9718 -0.2278 0.0612
vn -0.8326 -0.4973 0.2438
vn -0.7777 -0.5629 0.2799
vn -0.7770 -0.5639 0.2798
vn -0.9269 -0.3181 0.1990
vn -0.8838 -0.4238 0.1983
vn -0.8811 0.4716 -0.0352
vn -0.9975 0.0207 0.0670
vn -0.6748 -0.7380 -0.0061
vn -0.9989 -0.0312 0.0356
vn -0.8911 0.3950 0.2233
vn -0.6679 0.6444 0.3724
vn -0.5510 -0.7811 0.2935
vn 0.5645 -0.8253 0.0140
vn 0.4993 -0.8619 0.0888
vn -0.9731 0.1916 0.1277
vn -0.9808 -0.1549 0.1185
vn -0.7555 0.5641 0.3332
vn -0.8608 -0.4608 0.2160
vn -0.7674 -0.5968 0.2343
vn -0.0168 -0.9415 0.3367
vn -0.0841 -0.9351 0.3443
vn 0.5746 -0.7624 0.2977
vn -0.9017 0.2991 0.3122
vn -0.9463 -0.2523 0.2021
vn -0.8684 -0.4294 0.2482
vn -0.9887 -0.0732 0.1310
vn -0.8704 0.4080 0.2756
vn -0.7678 0.5437 0.3390
vn -0.3501 0.7977 0.4910
vn -0.5694 -0.7674 0.2947
vn 0.2127 0.7885 0.5770
vn -0.8303 0.2767 0.4838
vn -0.8829 -0.0819 0.4624
vn -0.7124 -0.5048 0.4875
vn -0.9674 -0.2051 0.1483
vn -0.8719 0.3943 0.2902
vn -0.9083 0.3001 0.2914
vn -0.7676 -0.5597 0.3125
vn 0.8002 0.4975 0.3350
vn 0.9146 -0.3474 0.2068
vn 0.6734 -0.5281 0.5173
vn -0.3712 0.4623 0.8053
vn -0.4909 -0.2159 0.8441
vn -0.3804 -0.4101 0.8289
vn -0.2006 0.3216 0.9254
vn -0.8776 0.3824 0.2893
vn -0.9163 0.2271 0.3299
vn 0.4266 0.2379 0.8726
vn 0.3291 0.1607 0.9305
vn -0.9577 0.0695 0.2792
vn -0.9769 -0.0086 0.2133
vn -0.9240 0.2734 0.2672
vn -0.9141 -0.3419 0.2182
vn -0.1627 -0.9565 0.2421
vn 0.5973 -0.7616 0.2514
vn 0.7161 -0.6203 0.3201
vn -0.9562 0.1797 0.2310
vn -0.9800 -0.0105 0.1985
vn -0.9512 -0.2370 0.1975
vn -0.7016 0.5653 0.4338
vn -0.9312 -0.3316 0.1512
vn -0.8322 -0.5349 0.1461
vn -0.3349 0.7740 0.5374
vn -0.6566 -0.7264 0.2032
vn -0.9684 0.0832 0.2353
vn -0.9555 -0.2075 0.2097
vn -0.8310 -0.4939 0.2559
vn -0.6802 0.6030 0.4169
vn -0.7536 -0.5845 0.3006
vn -0.3482 0.7654 0.5412
vn -0.8904 -0.3838 0.2448
vn -0.6703 -0.7119 0.2093
vn 0.6211 -0.7403 0.2573
vn 0.7738 -0.5796 0.2555
vn -0.8413 0.4148 0.3466
vn -0.8941 -0.3925 0.2156
vn -0.9184 -0.3516 0.1814
vn -0.9399 -0.3021 0.1594
vn -0.7554 -0.6546 0.0309
vn 0.5802 -0.8127 0.0538
vn 0.6271 0.6135 0.4800
vn -0.9001 0.2975 0.3183
vn -0.7422 0.5298 0.4104
vn -0.8016 -0.5513 0.2315
vn -0.8043 -0.5480 0.2296
vn -0.9495 -0.3080 0.0592
vn -0.8048 -0.5476 0.2292
vn -0.0580 -0.9843 0.1667
vn -0.9636 -0.2412 0.1155
vn -0.7196 -0.6935 -0.0342
vn 0.9588 -0.2679 0.0946
vn -0.8879 0.3536 0.2942
vn -0.9381 0.2140 0.2724
vn -0.9675 0.0843 0.2385
vn -0.8844 -0.4092 0.2244
vn -0.9616 -0.2723 0.0354
vn -0.8246 -0.5652 0.0219
vn 0.8193 -0.5127 0.2569
vn -0.9458 -0.2255 0.2338
vn 0.0571 -0.9976 -0.0393
vn -0.9426 0.1918 0.2735
vn -0.9464 -0.1991 0.2542
vn -0.7559 0.5327 0.3807
vn -0.8056 0.4637 0.3687
vn -0.4515 -0.8815 -0.1379
vn 0.7933 -0.6074 -0.0410
vn -0.7537 -0.5794 0.3104
vn -0.9682 -0.2371 0.0801
vn -0.9834 -0.1784 0.0339
vn -0.9402 -0.3405 -0.0077
vn -0.9274 0.1961 0.3186
vn -0.9425 -0.2067 0.2625
vn -0.8911 -0.3520 0.2864
vn -0.7753 -0.4948 0.3926
vn -0.8190 -0.4206 0.3902
vn -0.9888 -0.1275 0.0779
vn 0.6580 -0.7237 -0.2081
vn -0.8135 0.4014 0.4208
vn -0.9233 -0.0332 0.3825
vn -0.9813 -0.0359 0.1891
vn -0.9815 0.0144 0.1911
vn -0.3580 -0.9050 -0.2298
vn -0.0038 -0.9821 -0.1881
vn 0.8386 -0.3081 0.4492
vn -0.7577 0.4259 0.4945
vn -0.7601 -0.4469 0.4717
vn -0.9837 -0.1761 -0.0373
vn -0.8843 -0.4546 -0.1064
vn -0.8695 -0.0437 0.4920
vn -0.7686 0.1380 0.6246
vn -0.1858 -0.6343 0.7505
vn -0.9859 0.0408 0.1621
vn 0.6945 -0.4836 0.5327
vn -0.5065 0.1669 0.8459
vn -0.4762 -0.6478 0.5947
vn -0.8140 -0.4095 0.4120
vn -0.6633 0.0866 0.7433
vn -0.7492 0.3919 0.5340
vn -0.9847 -0.1678 -0.0479
vn -0.9802 -0.1920 -0.0483
vn -0.9704 -0.2297 -0.0746
vn -0.8661 -0.4802 -0.1392
vn -0.0336 -0.9079 -0.4178
vn -0.9836 0.0452 0.1746
vn -0.7431 0.3992 0.5371
vn -0.5442 0.1533 0.8248
vn -0.6208 0.2119 0.7548
vn -0.7422 -0.3915 0.5439
vn -0.9024 -0.3871 -0.1893
vn -0.3143 -0.7351 0.6007
vn -0.4789 0.3650 0.7984
vn -0.4379 -0.8366 -0.3290
vn 0.2350 0.4259 0.8737
vn 0.4043 -0.1770 0.8973
vn 0.3342 -0.8396 0.4283
vn 0.2386 -0.7567 0.6087
vn 0.4417 0.3898 0.8080
vn -0.4697 0.5544 0.6871
vn -0.4959 0.3753 0.7830
vn 0.1816 0.3248 0.9282
vn 0.2410 0.5901 0.7705
vn 0.6256 0.3905 0.6754
vn 0.3854 0.1328 0.9132
vn -0.9728 0.1075 0.2052
vn -0.9880 -0.1241 -0.0924
vn -0.8890 -0.4052 -0.2135
vn -0.9755 -0.1997 -0.0922
vn -0.5362 0.5086 0.6737
vn -0.6437 0.5244 0.5574
vn -0.6125 -0.6937 -0.3790
vn 0.1106 0.5662 0.8168
vn 0.5911 -0.7071 -0.3881
vn -0.4459 -0.7266 -0.5228
vn -0.8993 -0.3632 -0.2435
vn -0.8820 -0.3987 -0.2514
vn -0.2422 -0.8307 -0.5013
vn 0.6360 -0.5948 -0.4917
vn -0.6410 0.5291 0.5561
vn -0.7077 0.4706 0.5270
vn -0.9902 -0.1183 -0.0743
vn -0.9773 0.1087 0.1819
vn -0.9713 -0.1948 -0.1365
vn 0.0337 -0.6870 -0.7258
vn -0.9932 0.0544 0.1032
vn -0.9705 -0.1967 -0.1393
vn -0.8987 -0.3148 -0.3053
vn -0.1935 -0.7003 -0.6871
vn 0.0616 0.6954 0.7160
vn -0.1523 -0.7133 -0.6841
vn 0.0361 -0.6877 -0.7251
vn 0.8730 -0.3484 -0.3413
vn -0.8798 -0.3255 -0.3463
vn 0.0646 0.6940 0.7171
vn -0.7403 0.4598 0.4905
vn -0.8385 -0.3608 -0.4082
vn -0.9745 -0.1562 -0.1610
vn -0.7739 0.4068 0.4854
vn -0.9913 0.0805 0.1042
vn -0.9951 0.0494 0.0861
vn -0.9843 -0.1339 -0.1153
vn -0.9903 -0.0924 -0.1042
vn -0.8824 -0.3625 -0.3000
vn 0.0450 0.6681 0.7427
vn -0.7414 0.3906 0.5457
vn -0.9143 0.1824 0.3617
vn -0.8148 -0.5147 -0.2670
vn 0.6806 -0.7205 -0.1328
vn -0.8355 -0.4310 0.3408
vn -0.5580 0.4615 0.6897
vn 0.4584 0.4161 0.7854
vn -0.3034 0.3188 0.8979
vn -0.6278 0.0222 0.7780
vn -0.6140 -0.0512 0.7877
vn -0.7290 -0.4150 0.5444
vn 0.2620 0.3382 0.9039
vn 0.5139 -0.1067 0.8512
vn 0.6752 -0.2114 0.7067
vn 0.3244 -0.6199 0.7145
vt 0.995553 0.387060
vt 0.992902 0.360330
vt 0.996502 0.362789
vt 0.997612 0.382341
vt 0.461354 0.431054
vt 0.460840 0.462896
vt 0.463706 0.443161
vt 0.991477 0.116910
vt 0.988237 0.103302
vt 0.991600 0.082818
vt 0.463706 0.471186
vt 0.462499 0.477018
vt 0.988538 0.350322
vt 0.979811 0.341706
vt 0.973717 0.134985
vt 0.977410 0.064677
vt 0.989091 0.067666
vt 0.964600 0.358684
vt 0.982357 0.704761
vt 0.989935 0.714304
vt 0.985657 0.714728
vt 0.984915 0.127236
vt 0.966087 0.070015
vt 0.964917 0.388370
vt 0.960373 0.377460
vt 0.977962 0.335156
vt 0.985990 0.393872
vt 0.970528 0.395179
vt 0.962734 0.330008
vt 0.960036 0.158624
vt 0.978316 0.138182
vt 0.961286 0.116864
vt 0.971030 0.452261
vt 0.951933 0.454642
vt 0.955506 0.452246
vt 0.964097 0.316014
vt 0.962246 0.065694
vt 0.974438 0.060741
vt 0.955992 0.073216
vt 0.955250 0.070040
vt 0.933787 0.124758
vt 0.946979 0.103954
vt 0.447469 0.969347
vt 0.449379 0.946749
vt 0.449379 0.973655
vt 0.941836 0.298877
vt 0.943701 0.173765
vt 0.936377 0.092754
vt 0.947159 0.386578
vt 0.954281 0.304015
vt 0.953137 0.676774
vt 0.963572 0.686296
vt 0.961323 0.686098
vt 0.950664 0.170192
vt 0.926232 0.183601
vt 0.942847 0.380417
vt 0.937712 0.086619
vt 0.948290 0.075688
vt 0.943707 0.293292
vt 0.079853 0.518498
vt 0.080707 0.534004
vt 0.078797 0.529249
vt 0.943144 0.178938
vt 0.922082 0.351927
vt 0.655683 0.870659
vt 0.676997 0.867619
vt 0.661774 0.872758
vt 0.079853 0.545404
vt 0.936488 0.284695
vt 0.932323 0.191143
vt 0.921990 0.198414
vt 0.923322 0.279119
vt 0.919896 0.103418
vt 0.926960 0.095560
vt 0.918393 0.324070
vt 0.687380 0.871929
vt 0.923850 0.271350
vt 0.286055 0.063341
vt 0.286055 0.082399
vt 0.285100 0.075532
vt 0.908191 0.122425
vt 0.920273 0.362162
vt 0.905707 0.159019
vt 0.913985 0.215636
vt 0.918709 0.136178
vt 0.901103 0.301289
vt 0.695309 0.867252
vt 0.914402 0.261348
vt 0.910169 0.112168
vt 0.899363 0.211527
vt 0.908213 0.263131
vt 0.903894 0.225431
vt 0.904861 0.352249
vt 0.900737 0.330781
vt 0.887839 0.144793
vt 0.703642 0.869211
vt 0.905190 0.249179
vt 0.907416 0.229077
vt 0.899953 0.123031
vt 0.891656 0.189396
vt 0.898693 0.250834
vt 0.904779 0.241864
vt 0.704043 0.867152
vt 0.713581 0.867715
vt 0.728304 0.871696
vt 0.888959 0.133543
vt 0.884684 0.332154
vt 0.884692 0.318673
vt 0.878322 0.277468
vt 0.880152 0.171887
vt 0.723927 0.868647
vt 0.879027 0.304927
vt 0.879266 0.217304
vt 0.884441 0.709020
vt 0.890212 0.712983
vt 0.896291 0.718895
vt 0.877572 0.145110
vt 0.866223 0.204133
vt 0.855463 0.170081
vt 0.867279 0.153237
vt 0.869458 0.318163
vt 0.858439 0.262118
vt 0.860860 0.185801
vt 0.863904 0.285200
vt 0.858011 0.546161
vt 0.861297 0.538953
vt 0.874867 0.529567
vt 0.862591 0.297237
vt 0.860627 0.158585
vt 0.196948 0.396300
vt 0.203916 0.399664
vt 0.190641 0.399664
vt 0.857523 0.311413
vt 0.848779 0.300941
vt 0.852780 0.165133
vt 0.851356 0.281723
vt 0.843107 0.275282
vt 0.850740 0.192328
vt 0.829276 0.232725
vt 0.849428 0.304986
vt 0.844270 0.172948
vt 0.845770 0.168765
vt 0.842605 0.287779
vt 0.839570 0.186718
vt 0.820225 0.215869
vt 0.841182 0.298421
vt 0.828863 0.186455
vt 0.832887 0.175934
vt 0.835017 0.280136
vt 0.822611 0.257651
vt 0.826648 0.592556
vt 0.843530 0.586573
vt 0.828198 0.608552
vt 0.824237 0.271923
vt 0.820623 0.200569
vt 0.821027 0.183694
vt 0.802998 0.199093
vt 0.175385 0.484970
vt 0.181800 0.495245
vt 0.163801 0.493858
vt 0.831296 0.292555
vt 0.820887 0.286754
vt 0.815084 0.277146
vt 0.795130 0.267727
vt 0.186533 0.490200
vt 0.182343 0.479028
vt 0.187085 0.484224
vt 0.799438 0.212221
vt 0.798554 0.274168
vt 0.793006 0.254157
vt 0.178674 0.473481
vt 0.206123 0.477973
vt 0.786816 0.228656
vt 0.784447 0.192925
vt 0.782939 0.183954
vt 0.770061 0.204229
vt 0.746987 0.220501
vt 0.392073 0.020740
vt 0.392073 0.024103
vt 0.383477 0.021976
vt 0.777372 0.171077
vt 0.783188 0.173248
vt 0.231884 0.491114
vt 0.759180 0.200614
vt 0.755717 0.233521
vt 0.233137 0.480556
vt 0.768797 0.187742
vt 0.761417 0.176868
vt 0.760666 0.261711
vt 0.242680 0.472534
vt 0.700983 0.813341
vt 0.713945 0.812220
vt 0.687201 0.812220
vt 0.243232 0.497751
vt 0.197061 0.499439
vt 0.755752 0.191925
vt 0.751113 0.166590
vt 0.765848 0.164148
vt 0.749854 0.278641
vt 0.741406 0.272804
vt 0.085402 0.563675
vt 0.085933 0.585084
vt 0.083572 0.567161
vt 0.747746 0.157034
vt 0.746821 0.211011
vt 0.237853 0.484666
vt 0.732833 0.260252
vt 0.246588 0.487883
vt 0.741551 0.196524
vt 0.732184 0.245715
vt 0.416873 0.449469
vt 0.426634 0.443183
vt 0.431232 0.453475
vt 0.422749 0.453072
vt 0.086437 0.600830
vt 0.083685 0.586871
vt 0.721277 0.198846
vt 0.262170 0.481732
vt 0.414289 0.452604
vt 0.719210 0.177733
vt 0.734320 0.152517
vt 0.264226 0.492525
vt 0.730063 0.208573
vt 0.730413 0.231368
vt 0.269166 0.478028
vt 0.406054 0.448804
vt 0.009074 0.900955
vt 0.019735 0.911296
vt 0.009126 0.913117
vt 0.725237 0.158915
vt 0.273069 0.499439
vt 0.718332 0.280768
vt 0.730183 0.216244
vt 0.779783 0.595338
vt 0.717717 0.600462
vt 0.748375 0.595547
vt 0.269808 0.474333
vt 0.736575 0.287837
vt 0.728638 0.285665
vt 0.747576 0.285452
vt 0.720814 0.565784
vt 0.725195 0.563822
vt 0.734837 0.569400
vt 0.396810 0.441345
vt 0.085502 0.616031
vt 0.084364 0.601555
vt 0.397791 0.430942
vt 0.032336 0.896495
vt 0.042118 0.908554
vt 0.716330 0.151693
vt 0.721793 0.146807
vt 0.729396 0.201969
vt 0.712427 0.202313
vt 0.716489 0.285425
vt 0.710120 0.241080
vt 0.720627 0.562194
vt 0.713555 0.260174
vt 0.705336 0.231951
vt 0.391554 0.442195
vt 0.383170 0.436995
vt 0.708407 0.213726
vt 0.381541 0.439319
vt 0.713345 0.291841
vt 0.687949 0.190118
vt 0.689516 0.593809
vt 0.720045 0.595278
vt 0.294651 0.479145
vt 0.281981 0.481653
vt 0.705451 0.554352
vt 0.711934 0.556776
vt 0.707261 0.550525
vt 0.374729 0.435992
vt 0.050732 0.877023
vt 0.053719 0.903901
vt 0.694622 0.174288
vt 0.703329 0.548862
vt 0.372085 0.427127
vt 0.687548 0.199406
vt 0.687389 0.219871
vt 0.362988 0.436190
vt 0.356051 0.433146
vt 0.370615 0.437768
vt 0.672720 0.157138
vt 0.701257 0.296894
vt 0.693652 0.275440
vt 0.691169 0.211162
vt 0.683649 0.261622
vt 0.066316 0.898263
vt 0.683881 0.146104
vt 0.681788 0.297583
vt 0.353926 0.435336
vt 0.066151 0.863327
vt 0.352675 0.422050
vt 0.688244 0.303180
vt 0.674354 0.525363
vt 0.684519 0.530807
vt 0.346400 0.434291
vt 0.333586 0.428510
vt 0.690066 0.138959
vt 0.678334 0.130543
vt 0.684836 0.133796
vt 0.652415 0.175483
vt 0.656427 0.249447
vt 0.338620 0.433348
vt 0.672160 0.207807
vt 0.663186 0.196741
vt 0.694866 0.588844
vt 0.670181 0.573452
vt 0.689333 0.582286
vt 0.330879 0.432865
vt 0.082938 0.869097
vt 0.671421 0.126319
vt 0.661258 0.212096
vt 0.646083 0.228981
vt 0.324757 0.431640
vt 0.660430 0.128379
vt 0.668969 0.316375
vt 0.650824 0.289086
vt 0.315503 0.416480
vt 0.093104 0.834012
vt 0.085264 0.886524
vt 0.647116 0.193274
vt 0.662969 0.529528
vt 0.663615 0.509540
vt 0.319019 0.432190
vt 0.640867 0.136091
vt 0.659344 0.116808
vt 0.649212 0.204427
vt 0.310252 0.432049
vt 0.293727 0.428716
vt 0.108894 0.871860
vt 0.653984 0.110155
vt 0.297934 0.431255
vt 0.151006 0.009374
vt 0.150550 0.006694
vt 0.157034 0.007786
vt 0.158081 0.005325
vt 0.654628 0.316873
vt 0.648826 0.269174
vt 0.746438 0.410306
vt 0.752352 0.408497
vt 0.757757 0.412434
vt 0.168098 0.006501
vt 0.170412 0.003820
vt 0.106245 0.847851
vt 0.646619 0.106957
vt 0.646446 0.098185
vt 0.645213 0.333381
vt 0.628873 0.158746
vt 0.293709 0.432250
vt 0.629717 0.189424
vt 0.285903 0.431707
vt 0.186933 0.005208
vt 0.287690 0.421203
vt 0.631866 0.206099
vt 0.626565 0.561496
vt 0.635441 0.555653
vt 0.657791 0.566398
vt 0.071086 0.077915
vt 0.082094 0.077915
vt 0.080279 0.074566
vt 0.267342 0.430222
vt 0.275306 0.432796
vt 0.107294 0.805983
vt 0.619508 0.122273
vt 0.631482 0.085130
vt 0.193356 0.001682
vt 0.633647 0.075001
vt 0.627219 0.335970
vt 0.634914 0.193155
vt 0.627673 0.296457
vt 0.270649 0.434211
vt 0.200080 0.005149
vt 0.624714 0.325591
vt 0.263197 0.434208
vt 0.214220 0.003357
vt 0.211825 0.005921
vt 0.255619 0.423256
vt 0.123988 0.829660
vt 0.625589 0.051784
vt 0.606087 0.206373
vt 0.622495 0.271674
vt 0.253697 0.439003
vt 0.253684 0.436669
vt 0.227586 0.007633
vt 0.124751 0.774156
vt 0.133260 0.856947
vt 0.619063 0.053102
vt 0.613727 0.200663
vt 0.607435 0.251460
vt 0.605021 0.226359
vt 0.616193 0.546355
vt 0.793448 0.395795
vt 0.815861 0.374047
vt 0.825850 0.371256
vt 0.234768 0.443979
vt 0.238415 0.438976
vt 0.242058 0.006553
vt 0.617095 0.019730
vt 0.242014 0.009529
vt 0.620945 0.350964
vt 0.620166 0.187693
vt 0.226676 0.448756
vt 0.253582 0.008455
vt 0.611072 0.011149
vt 0.612357 0.006699
vt 0.602130 0.109046
vt 0.609205 0.018138
vt 0.603343 0.149772
vt 0.614890 0.310501
vt 0.605027 0.550237
vt 0.214819 0.448063
vt 0.219659 0.445015
vt 0.600764 0.057397
vt 0.611034 0.184417
vt 0.211097 0.453475
vt 0.598133 0.001252
vt 0.605188 0.000561
vt 0.207736 0.449310
vt 0.144152 0.800045
vt 0.593192 0.032184
vt 0.598333 0.009418
vt 0.612207 0.341407
vt 0.607026 0.293743
vt 0.609081 0.275756
vt 0.603959 0.540335
vt 0.149705 0.846242
vt 0.600136 0.358342
vt 0.599603 0.335216
vt 0.136171 0.713721
vt 0.141774 0.717300
vt 0.129437 0.726488
vt 0.140116 0.732720
vt 0.604687 0.363437
vt 0.596793 0.563798
vt 0.611578 0.586956
vt 0.606399 0.603218
vt 0.595657 0.535797
vt 0.603180 0.397629
vt 0.589949 0.397456
vt 0.588636 0.391816
vt 0.976600 0.014013
vt 0.976403 0.032398
vt 0.972779 0.017787
vt 0.600673 0.179831
vt 0.587545 0.156591
vt 0.581686 0.118907
vt 0.582142 0.011392
vt 0.599386 0.349007
vt 0.587856 0.538953
vt 0.976600 0.048767
vt 0.973640 0.042755
vt 0.155650 0.710053
vt 0.581813 0.051615
vt 0.580890 0.196006
vt 0.595774 0.193951
vt 0.570118 0.310314
vt 0.580562 0.256517
vt 0.574975 0.393236
vt 0.163248 0.716956
vt 0.159467 0.775753
vt 0.575440 0.216421
vt 0.584932 0.283884
vt 0.574942 0.399058
vt 0.584215 0.170174
vt 0.584242 0.175423
vt 0.574879 0.242936
vt 0.583528 0.527439
vt 0.566113 0.032573
vt 0.571798 0.018772
vt 0.584220 0.003044
vt 0.167809 0.715131
vt 0.565013 0.046411
vt 0.587048 0.378289
vt 0.566657 0.137279
vt 0.578769 0.185701
vt 0.569738 0.532607
vt 0.595422 0.550810
vt 0.059391 0.550965
vt 0.069483 0.563329
vt 0.069303 0.543184
vt 0.160917 0.707960
vt 0.167801 0.833764
vt 0.571729 0.162947
vt 0.563263 0.080513
vt 0.577002 0.371236
vt 0.572389 0.340916
vt 0.563487 0.288465
vt 0.572685 0.521426
vt 0.171439 0.714648
vt 0.182392 0.741623
vt 0.569592 0.364463
vt 0.185561 0.821087
vt 0.556931 0.174938
vt 0.565198 0.174379
vt 0.561988 0.193475
vt 0.184863 0.733339
vt 0.185371 0.738263
vt 0.561140 0.155784
vt 0.567419 0.379554
vt 0.551707 0.523545
vt 0.556444 0.512360
vt 0.551455 0.056541
vt 0.557680 0.041306
vt 0.198520 0.761103
vt 0.544663 0.079161
vt 0.569597 0.393077
vt 0.560939 0.263965
vt 0.553341 0.220845
vt 0.545111 0.196846
vt 0.548237 0.145728
vt 0.535803 0.134915
vt 0.539888 0.111733
vt 0.552598 0.166120
vt 0.191724 0.742817
vt 0.208623 0.774935
vt 0.544910 0.064520
vt 0.550930 0.395023
vt 0.549174 0.336055
vt 0.538182 0.514228
vt 0.148735 0.914238
vt 0.165885 0.897057
vt 0.164273 0.913109
vt 0.198151 0.753059
vt 0.199239 0.814036
vt 0.203526 0.821855
vt 0.555328 0.386151
vt 0.540337 0.156208
vt 0.541724 0.383080
vt 0.540894 0.367182
vt 0.534161 0.174085
vt 0.522768 0.312916
vt 0.539558 0.249335
vt 0.173998 0.912822
vt 0.540891 0.505508
vt 0.534974 0.077682
vt 0.541723 0.067473
vt 0.524103 0.147383
vt 0.203539 0.760451
vt 0.527393 0.126897
vt 0.525421 0.106614
vt 0.527732 0.093500
vt 0.531453 0.287729
vt 0.887350 0.952344
vt 0.886699 0.972134
vt 0.882165 0.960933
vt 0.212727 0.772494
vt 0.210227 0.809433
vt 0.529897 0.145554
vt 0.520916 0.499688
vt 0.527380 0.501194
vt 0.198175 0.829294
vt 0.221277 0.816789
vt 0.210826 0.833872
vt 0.531700 0.343737
vt 0.522730 0.196682
vt 0.872714 0.953710
vt 0.516163 0.507386
vt 0.219730 0.783331
vt 0.222795 0.790639
vt 0.519438 0.107467
vt 0.520965 0.135658
vt 0.516742 0.160998
vt 0.527503 0.245455
vt 0.184405 0.894830
vt 0.197956 0.892461
vt 0.198272 0.899388
vt 0.875129 0.968679
vt 0.873771 0.976373
vt 0.222289 0.805274
vt 0.519171 0.120035
vt 0.517023 0.117109
vt 0.228465 0.811558
vt 0.511888 0.228973
vt 0.509944 0.263013
vt 0.541043 0.521574
vt 0.497079 0.513241
vt 0.520176 0.478129
vt 0.508954 0.494627
vt 0.512883 0.483150
vt 0.230610 0.801343
vt 0.508774 0.127134
vt 0.504112 0.350901
vt 0.505312 0.172636
vt 0.508877 0.196470
vt 0.225570 0.790664
vt 0.494572 0.376735
vt 0.507589 0.292644
vt 0.502346 0.506080
vt 0.504428 0.494787
vt 0.245260 0.817987
vt 0.212698 0.868051
vt 0.224584 0.875947
vt 0.209679 0.872721
vt 0.492686 0.131047
vt 0.231497 0.798432
vt 0.234535 0.798498
vt 0.244901 0.810664
vt 0.848117 0.962468
vt 0.846459 0.973574
vt 0.253085 0.799270
vt 0.246802 0.826884
vt 0.505389 0.395179
vt 0.498114 0.332140
vt 0.484910 0.207586
vt 0.479960 0.277631
vt 0.245500 0.871190
vt 0.475320 0.121578
vt 0.482705 0.314794
vt 0.478382 0.294303
vt 0.473926 0.259311
vt 0.478331 0.508712
vt 0.477283 0.146152
vt 0.468222 0.161203
vt 0.483629 0.344304
vt 0.475705 0.201934
vt 0.274962 0.817531
vt 0.476410 0.384117
vt 0.453682 0.509344
vt 0.485468 0.495446
vt 0.272694 0.828588
vt 0.279277 0.811504
vt 0.274825 0.840084
vt 0.473132 0.369333
vt 0.456697 0.233043
vt 0.449136 0.513308
vt 0.447387 0.500603
vt 0.291505 0.798289
vt 0.294438 0.801632
vt 0.439490 0.136446
vt 0.451794 0.173322
vt 0.438062 0.322138
vt 0.433901 0.123499
vt 0.453245 0.271214
vt 0.437604 0.305661
vt 0.319770 0.838812
vt 0.440313 0.209711
vt 0.446381 0.296536
vt 0.309126 0.822995
vt 0.436884 0.357218
vt 0.438201 0.116914
vt 0.444290 0.236186
vt 0.437486 0.262002
vt 0.329131 0.811103
vt 0.427387 0.145698
vt 0.435589 0.274942
vt 0.421093 0.379543
vt 0.432371 0.388843
vt 0.430469 0.238043
vt 0.419160 0.293419
vt 0.379409 0.820724
vt 0.417420 0.195970
vt 0.420282 0.298329
vt 0.425255 0.255971
vt 0.428323 0.249612
vt 0.433907 0.671964
vt 0.440318 0.657846
vt 0.440108 0.676349
vt 0.359515 0.515560
vt 0.421542 0.286042
vt 0.409490 0.166961
vt 0.418699 0.320143
vt 0.415486 0.265565
vt 0.419196 0.248089
vt 0.419682 0.242842
vt 0.423271 0.232249
vt 0.153295 0.478566
vt 0.145062 0.473476
vt 0.148902 0.467825
vt 0.416948 0.675153
vt 0.430065 0.656130
vt 0.424084 0.683367
vt 0.105540 0.949793
vt 0.094660 0.953733
vt 0.096703 0.944524
vt 0.739321 0.529709
vt 0.751194 0.532836
vt 0.742801 0.533072
vt 0.377721 0.147176
vt 0.406121 0.079210
vt 0.404806 0.090266
vt 0.403472 0.055201
vt 0.076886 0.193386
vt 0.076886 0.218049
vt 0.075931 0.212447
vt 0.413910 0.214802
vt 0.083031 0.944017
vt 0.430353 0.049441
vt 0.441538 0.045732
vt 0.421845 0.058548
vt 0.726361 0.532836
vt 0.453275 0.040311
vt 0.443442 0.047027
vt 0.390479 0.117031
vt 0.395999 0.125162
vt 0.394655 0.069247
vt 0.397122 0.049990
vt 0.136673 0.474646
vt 0.131902 0.463565
vt 0.395239 0.038336
vt 0.400063 0.244467
vt 0.418802 0.631640
vt 0.414117 0.630196
vt 0.417287 0.626016
vt 0.084097 0.957960
vt 0.426435 0.069910
vt 0.414995 0.075911
vt 0.833333 0.313341
vt 0.831423 0.308435
vt 0.833333 0.297646
vt 0.462504 0.041552
vt 0.404044 0.104232
vt 0.401775 0.108837
vt 0.395485 0.086704
vt 0.396501 0.168025
vt 0.385849 0.358340
vt 0.405926 0.209963
vt 0.128611 0.468929
vt 0.405701 0.229698
vt 0.134830 0.482623
vt 0.407662 0.288401
vt 0.401185 0.269160
vt 0.076059 0.956267
vt 0.076129 0.946569
vt 0.650437 0.712444
vt 0.642311 0.720291
vt 0.658548 0.720291
vt 0.165830 0.080762
vt 0.167273 0.053641
vt 0.164185 0.065330
vt 0.163801 0.055676
vt 0.466722 0.039798
vt 0.474894 0.041158
vt 0.360210 0.519048
vt 0.400718 0.204043
vt 0.403591 0.308250
vt 0.128343 0.475653
vt 0.382484 0.033623
vt 0.388523 0.030791
vt 0.070655 0.945083
vt 0.069360 0.951609
vt 0.065905 0.957650
vt 0.416956 0.083534
vt 0.443594 0.065361
vt 0.476597 0.048143
vt 0.473608 0.057987
vt 0.168473 0.044033
vt 0.484531 0.047294
vt 0.386310 0.797494
vt 0.319158 0.884420
vt 0.319338 0.881481
vt 0.321699 0.882012
vt 0.384717 0.826715
vt 0.398202 0.114489
vt 0.379201 0.118173
vt 0.123282 0.465845
vt 0.117946 0.467786
vt 0.116064 0.465197
vt 0.392084 0.196066
vt 0.382056 0.051056
vt 0.384294 0.302608
vt 0.394832 0.213467
vt 0.405910 0.219916
vt 0.119824 0.473748
vt 0.398737 0.208605
vt 0.115922 0.476015
vt 0.381822 0.025927
vt 0.384810 0.224182
vt 0.066836 0.941644
vt 0.063748 0.947804
vt 0.460130 0.074265
vt 0.486565 0.053996
vt 0.394864 0.205798
vt 0.060650 0.941144
vt 0.057906 0.956696
vt 0.055130 0.946050
vt 0.054322 0.955063
vt 0.052225 0.949897
vt 0.099829 0.924327
vt 0.101719 0.928812
vt 0.098717 0.926719
vt 0.338407 0.890863
vt 0.372194 0.097783
vt 0.368449 0.081475
vt 0.388137 0.177813
vt 0.112716 0.466674
vt 0.109931 0.469069
vt 0.104908 0.466262
vt 0.397332 0.202796
vt 0.390231 0.201165
vt 0.370825 0.026424
vt 0.050038 0.946341
vt 0.427032 0.094145
vt 0.418262 0.092526
vt 0.052218 0.957960
vt 0.444356 0.087412
vt 0.190806 0.032331
vt 0.170315 0.042857
vt 0.490679 0.065888
vt 0.371460 0.123166
vt 0.367369 0.377798
vt 0.381150 0.188210
vt 0.365654 0.057460
vt 0.378619 0.342915
vt 0.106363 0.473735
vt 0.361773 0.039282
vt 0.385495 0.251879
vt 0.043952 0.954733
vt 0.043700 0.949829
vt 0.373437 0.199728
vt 0.383856 0.199905
vt 0.365217 0.271059
vt 0.045199 0.942314
vt 0.040927 0.944243
vt 0.035563 0.953840
vt 0.035427 0.943940
vt 0.485874 0.084567
vt 0.398588 0.799895
vt 0.098518 0.469043
vt 0.092381 0.471819
vt 0.091915 0.466757
vt 0.383994 0.329568
vt 0.098385 0.480758
vt 0.094857 0.479031
vt 0.378177 0.193785
vt 0.382867 0.195839
vt 0.364651 0.027644
vt 0.443038 0.099432
vt 0.458127 0.093458
vt 0.396878 0.810353
vt 0.359622 0.149197
vt 0.355711 0.110793
vt 0.372867 0.183726
vt 0.082640 0.471393
vt 0.082643 0.466011
vt 0.357529 0.060657
vt 0.379701 0.312388
vt 0.650065 0.697870
vt 0.650799 0.703576
vt 0.640920 0.699916
vt 0.372155 0.233969
vt 0.717197 0.930621
vt 0.719818 0.921628
vt 0.727962 0.920747
vt 0.023400 0.953899
vt 0.339626 0.393193
vt 0.349468 0.171794
vt 0.355740 0.090824
vt 0.355481 0.050997
vt 0.659063 0.704674
vt 0.369400 0.215734
vt 0.716410 0.927002
vt 0.460702 0.099700
vt 0.472844 0.094344
vt 0.495671 0.083885
vt 0.356035 0.131026
vt 0.395687 0.839289
vt 0.352979 0.082337
vt 0.353274 0.066258
vt 0.365866 0.193878
vt 0.386653 0.643409
vt 0.364819 0.640807
vt 0.393243 0.630958
vt 0.708066 0.924168
vt 0.492325 0.092763
vt 0.497055 0.070525
vt 0.504776 0.089769
vt 0.359304 0.393717
vt 0.351402 0.178738
vt 0.350659 0.092363
vt 0.333312 0.318753
vt 0.340299 0.256590
vt 0.480935 0.097899
vt 0.347229 0.120856
vt 0.349335 0.106394
vt 0.682385 0.716860
vt 0.689454 0.722407
vt 0.679572 0.721621
vt 0.356822 0.192320
vt 0.363581 0.191184
vt 0.495608 0.100336
vt 0.342028 0.136579
vt 0.700250 0.727663
vt 0.689727 0.727320
vt 0.354361 0.203538
vt 0.340746 0.237615
vt 0.353035 0.221175
vt 0.697630 0.927199
vt 0.210750 0.026078
vt 0.213467 0.009529
vt 0.198725 0.019960
vt 0.344497 0.144463
vt 0.711428 0.733684
vt 0.701848 0.733269
vt 0.316919 0.316324
vt 0.336344 0.302896
vt 0.698648 0.923119
vt 0.340487 0.130743
vt 0.345942 0.109876
vt 0.066347 0.482358
vt 0.055874 0.481294
vt 0.068588 0.476653
vt 0.334692 0.161037
vt 0.340935 0.199571
vt 0.334354 0.134982
vt 0.354131 0.181878
vt 0.337833 0.190429
vt 0.337195 0.335356
vt 0.324383 0.223688
vt 0.331227 0.184375
vt 0.314896 0.285801
vt 0.331390 0.546875
vt 0.321049 0.535550
vt 0.359687 0.532338
vt 0.314216 0.522062
vt 0.725106 0.746510
vt 0.733095 0.742111
vt 0.733499 0.753935
vt 0.433815 0.819411
vt 0.432897 0.800216
vt 0.436384 0.828225
vt 0.321267 0.379035
vt 0.312651 0.364826
vt 0.329796 0.201852
vt 0.326570 0.197306
vt 0.354887 0.506463
vt 0.311208 0.511083
vt 0.431510 0.797603
vt 0.440423 0.810444
vt 0.416164 0.841141
vt 0.308171 0.165640
vt 0.310318 0.150908
vt 0.330006 0.144012
vt 0.316524 0.213547
vt 0.316795 0.191035
vt 0.313126 0.336920
vt 0.310104 0.206321
vt 0.311944 0.257211
vt 0.302833 0.200806
vt 0.309627 0.241057
vt 0.302664 0.391853
vt 0.309480 0.301169
vt 0.284041 0.171091
vt 0.281167 0.160329
vt 0.292682 0.207107
vt 0.290558 0.230033
vt 0.293687 0.214948
vt 0.289321 0.541055
vt 0.290824 0.525858
vt 0.455183 0.843701
vt 0.296673 0.314551
vt 0.454412 0.799341
vt 0.283029 0.152892
vt 0.286200 0.202150
vt 0.292595 0.286530
vt 0.282665 0.260992
vt 0.289242 0.514162
vt 0.478820 0.829891
vt 0.475289 0.814812
vt 0.268896 0.381377
vt 0.288214 0.338464
vt 0.276435 0.297317
vt 0.481885 0.803039
vt 0.252144 0.173411
vt 0.272013 0.367150
vt 0.271419 0.220700
vt 0.274206 0.215755
vt 0.273407 0.246497
vt 0.260804 0.521972
vt 0.933620 0.820987
vt 0.904402 0.829737
vt 0.906661 0.826868
vt 0.250359 0.188750
vt 0.261923 0.533250
vt 0.270693 0.316488
vt 0.255290 0.163513
vt 0.262125 0.152994
vt 0.500088 0.845385
vt 0.266616 0.216769
vt 0.268015 0.208484
vt 0.260638 0.390242
vt 0.269015 0.339238
vt 0.262011 0.304514
vt 0.258081 0.285928
vt 0.254989 0.237026
vt 0.248539 0.228859
vt 0.265260 0.363916
vt 0.260281 0.343286
vt 0.246764 0.319524
vt 0.263135 0.548181
vt 0.240910 0.539707
vt 0.507427 0.817197
vt 0.245779 0.267890
vt 0.883394 0.834474
vt 0.520446 0.837866
vt 0.244938 0.373622
vt 0.243083 0.335789
vt 0.236820 0.247203
vt 0.879294 0.823322
vt 0.223223 0.179934
vt 0.233345 0.213015
vt 0.240638 0.527568
vt 0.865307 0.838543
vt 0.230924 0.167551
vt 0.207085 0.195258
vt 0.238098 0.357697
vt 0.240843 0.290993
vt 0.223673 0.534024
vt 0.537534 0.824730
vt 0.535276 0.852396
vt 0.517407 0.862731
vt 0.223671 0.239946
vt 0.210996 0.232526
vt 0.228999 0.336348
vt 0.234652 0.284884
vt 0.221118 0.247251
vt 0.219570 0.369937
vt 0.849515 0.828945
vt 0.221978 0.324784
vt 0.236473 0.601139
vt 0.207182 0.591424
vt 0.232701 0.583052
vt 0.854491 0.840176
vt 0.195910 0.188041
vt 0.545194 0.865832
vt 0.216422 0.263165
vt 0.227275 0.545282
vt 0.201172 0.557292
vt 0.213881 0.538348
vt 0.550350 0.845116
vt 0.205520 0.210457
vt 0.201426 0.572328
vt 0.203614 0.543565
vt 0.843056 0.842315
vt 0.213269 0.354702
vt 0.211408 0.311149
vt 0.213130 0.290759
vt 0.205843 0.242852
vt 0.204562 0.235184
vt 0.207592 0.353592
vt 0.824200 0.832873
vt 0.831480 0.816267
vt 0.191811 0.198482
vt 0.192496 0.549672
vt 0.563310 0.866915
vt 0.202576 0.343773
vt 0.830416 0.844236
vt 0.189939 0.212867
vt 0.189391 0.227152
vt 0.203208 0.368302
vt 0.195009 0.294933
vt 0.193283 0.274425
vt 0.196109 0.322267
vt 0.200053 0.582018
vt 0.176928 0.586445
vt 0.179399 0.557806
vt 0.575814 0.853623
vt 0.182856 0.242155
vt 0.198927 0.358849
vt 0.185490 0.253871
vt 0.815049 0.846294
vt 0.187964 0.187001
vt 0.172035 0.197301
vt 0.174072 0.187268
vt 0.173177 0.212763
vt 0.183309 0.358109
vt 0.189322 0.344856
vt 0.173298 0.202754
vt 0.181950 0.293772
vt 0.801722 0.835321
vt 0.806135 0.819970
vt 0.588731 0.865960
vt 0.586131 0.876928
vt 0.169738 0.238055
vt 0.160955 0.235502
vt 0.162129 0.227701
vt 0.783263 0.823485
vt 0.163527 0.257498
vt 0.176788 0.336416
vt 0.170488 0.267915
vt 0.157913 0.596039
vt 0.163734 0.580096
vt 0.183064 0.567973
vt 0.159187 0.210753
vt 0.790718 0.814935
vt 0.170388 0.318160
vt 0.174944 0.298277
vt 0.147008 0.225113
vt 0.163890 0.303041
vt 0.787791 0.849137
vt 0.768509 0.838378
vt 0.625365 0.888148
vt 0.606417 0.885051
vt 0.165987 0.349888
vt 0.157147 0.280538
vt 0.952722 0.866063
vt 0.952680 0.840169
vt 0.948902 0.861970
vt 0.154364 0.251583
vt 0.159737 0.318997
vt 0.140317 0.214208
vt 0.158085 0.201711
vt 0.155196 0.327090
vt 0.144598 0.594240
vt 0.769037 0.850591
vt 0.144825 0.238217
vt 0.158671 0.310025
vt 0.153940 0.652179
vt 0.157823 0.645659
vt 0.158509 0.656593
vt 0.141355 0.583522
vt 0.156678 0.572812
vt 0.144514 0.330626
vt 0.150936 0.302361
vt 0.154594 0.296805
vt 0.151723 0.321324
vt 0.154708 0.315046
vt 0.147931 0.647562
vt 0.149275 0.657058
vt 0.151340 0.638928
vt 0.146644 0.642252
vt 0.150769 0.665533
vt 0.749684 0.824721
vt 0.751701 0.812820
vt 0.130975 0.271362
vt 0.138057 0.253294
vt 0.139447 0.276631
vt 0.632486 0.905922
vt 0.150403 0.325795
vt 0.151700 0.310869
vt 0.144102 0.660845
vt 0.140659 0.636358
vt 0.140531 0.294231
vt 0.149569 0.308333
vt 0.140927 0.643654
vt 0.140977 0.220664
vt 0.124215 0.224632
vt 0.123767 0.231907
vt 0.119309 0.242356
vt 0.123705 0.254681
vt 0.139261 0.303871
vt 0.143658 0.325087
vt 0.140633 0.316831
vt 0.146074 0.308631
vt 0.135952 0.638921
vt 0.130163 0.614059
vt 0.124929 0.608165
vt 0.122208 0.597953
vt 0.744912 0.851290
vt 0.743161 0.839246
vt 0.643438 0.900630
vt 0.136027 0.645530
vt 0.645177 0.913117
vt 0.137407 0.314381
vt 0.130013 0.646065
vt 0.729980 0.825263
vt 0.731943 0.811099
vt 0.123698 0.295723
vt 0.132729 0.310827
vt 0.134895 0.324053
vt 0.139158 0.322388
vt 0.113623 0.274368
vt 0.117536 0.288887
vt 0.108498 0.623913
vt 0.721376 0.839094
vt 0.108522 0.240478
vt 0.120763 0.302349
vt 0.725880 0.851457
vt 0.117324 0.311874
vt 0.098829 0.246219
vt 0.135641 0.334547
vt 0.114593 0.320521
vt 0.704517 0.824974
vt 0.702972 0.851290
vt 0.090946 0.261338
vt 0.109603 0.329558
vt 0.090812 0.625951
vt 0.107840 0.610511
vt 0.094454 0.239713
vt 0.697913 0.839368
vt 0.103446 0.269131
vt 0.086824 0.289905
vt 0.101542 0.312390
vt 0.100070 0.636436
vt 0.083735 0.643483
vt 0.085789 0.245936
vt 0.673728 0.831128
vt 0.091397 0.277301
vt 0.092543 0.316746
vt 0.095411 0.303725
vt 0.078777 0.298602
vt 0.078283 0.655426
vt 0.681973 0.824578
vt 0.079176 0.256356
vt 0.080291 0.285152
vt 0.077937 0.276474
vt 0.670116 0.850480
vt 0.676005 0.839614
vt 0.078902 0.307303
vt 0.066430 0.648537
vt 0.664449 0.826462
vt 0.067698 0.249431
vt 0.068200 0.241189
vt 0.074619 0.289684
vt 0.076289 0.302629
vt 0.066585 0.663403
vt 0.070810 0.280626
vt 0.661291 0.839318
vt 0.260235 0.841613
vt 0.266779 0.841368
vt 0.259312 0.845800
vt 0.057784 0.660154
vt 0.070071 0.300018
vt 0.069028 0.291105
vt 0.069453 0.288591
vt 0.052855 0.264151
vt 0.062190 0.264648
vt 0.653988 0.837938
vt 0.066352 0.305089
vt 0.656319 0.849746
vt 0.065036 0.295745
vt 0.064186 0.281563
vt 0.046364 0.242970
vt 0.558923 0.749439
vt 0.543935 0.752803
vt 0.573543 0.752803
vt 0.042455 0.235448
vt 0.050777 0.266437
vt 0.038965 0.249608
vt 0.054119 0.276906
vt 0.285332 0.858155
vt 0.298684 0.858826
vt 0.294349 0.864910
vt 0.288232 0.852354
vt 0.300546 0.853770
vt 0.312021 0.860289
vt 0.035839 0.240448
vt 0.034266 0.250760
vt 0.035718 0.259711
vt 0.026125 0.231970
vt 0.035277 0.229563
vt 0.026306 0.251946
vt 0.018477 0.242447
vt 0.008067 0.222379
vt 0.016999 0.217787
vt 0.025345 0.221681
vt 0.050990 0.471968
vt 0.054683 0.469786
vt 0.055676 0.448835
vt 0.051379 0.453001
vt 0.016250 0.235500
vt 0.012825 0.221030
vt 0.011335 0.212624
vt 0.320157 0.855595
vt 0.346285 0.862200
vt 0.325071 0.860823
vt 0.011432 0.238375
vt 0.052820 0.440022
vt 0.340529 0.856548
vt 0.353311 0.858991
vt 0.004151 0.225628
vt 0.005157 0.214629
vt 0.978748 0.463893
vt 0.981313 0.457629
vt 0.983509 0.462354
vt 0.983775 0.481937
vt 0.996870 0.723763
vt 0.997955 0.736480
vt 0.970517 0.500572
vt 0.977016 0.495247
vt 0.964777 0.458293
vt 0.999522 0.765410
vt 0.979287 0.773453
vt 0.998017 0.771739
vt 0.984404 0.779709
vt 0.967659 0.511389
vt 0.966362 0.752274
vt 0.957986 0.489029
vt 0.964854 0.696646
vt 0.946388 0.715382
vt 0.972381 0.776311
vt 0.955668 0.532049
vt 0.936134 0.477785
vt 0.965871 0.771613
vt 0.932828 0.507892
vt 0.946808 0.544936
vt 0.941864 0.673437
vt 0.950299 0.753541
vt 0.931216 0.537818
vt 0.952129 0.738328
vt 0.932692 0.555520
vt 0.922803 0.480812
vt 0.933072 0.464231
vt 0.939997 0.552987
vt 0.947287 0.758517
vt 0.958305 0.767940
vt 0.945028 0.669339
vt 0.910285 0.503112
vt 0.928116 0.738305
vt 0.928128 0.716645
vt 0.914077 0.479345
vt 0.930741 0.566063
vt 0.933764 0.658410
vt 0.926093 0.656973
vt 0.936245 0.751033
vt 0.918165 0.698574
vt 0.910485 0.657135
vt 0.923340 0.575309
vt 0.928641 0.744506
vt 0.883753 0.573185
vt 0.911128 0.582155
vt 0.913816 0.636714
vt 0.891995 0.524364
vt 0.919383 0.580741
vt 0.918693 0.736916
vt 0.894491 0.506657
vt 0.910747 0.591469
vt 0.901173 0.629365
vt 0.906648 0.723953
vt 0.899323 0.494397
vt 0.902401 0.604488
vt 0.907840 0.727746
vt 0.894913 0.697955
vt 0.894242 0.708472
vt 0.893030 0.502492
vt 0.906439 0.624094
vt 0.893822 0.602840
vt 0.894689 0.671812
vt 0.902464 0.611865
vt 0.874036 0.548245
vt 0.888820 0.643392
vt 0.885022 0.509881
vt 0.877325 0.519184
vt 0.876775 0.663654
vt 0.869114 0.547281
vt 0.868645 0.529782
vt 0.863628 0.684716
vt 0.867156 0.697365
vt 0.873786 0.702334
vt 0.735693 0.869692
vt 0.859043 0.574656
vt 0.872844 0.634332
vt 0.746418 0.872758
vt 0.855189 0.656601
vt 0.179083 0.396816
vt 0.190033 0.397620
vt 0.844668 0.576227
vt 0.858936 0.691942
vt 0.832977 0.629542
vt 0.846391 0.673392
vt 0.843939 0.557340
vt 0.852004 0.688463
vt 0.850746 0.549131
vt 0.822171 0.648360
vt 0.826596 0.578160
vt 0.831213 0.664108
vt 0.838097 0.680439
vt 0.835126 0.563007
vt 0.068745 0.831397
vt 0.074976 0.846973
vt 0.072386 0.831742
vt 0.831163 0.585030
vt 0.826274 0.570823
vt 0.814846 0.588713
vt 0.824330 0.670775
vt 0.816234 0.577461
vt 0.069948 0.819047
vt 0.067246 0.817653
vt 0.821547 0.180132
vt 0.807783 0.625134
vt 0.059344 0.817224
vt 0.797559 0.596858
vt 0.801026 0.606747
vt 0.166729 0.480768
vt 0.057947 0.784596
vt 0.801597 0.664974
vt 0.795095 0.673423
vt 0.771452 0.628504
vt 0.783280 0.645704
vt 0.067720 0.776917
vt 0.065589 0.777971
vt 0.752237 0.610893
vt 0.772139 0.664110
vt 0.768947 0.669849
vt 0.053142 0.755659
vt 0.061790 0.761277
vt 0.627103 0.387426
vt 0.619389 0.372609
vt 0.625601 0.379288
vt 0.625425 0.365568
vt 0.633696 0.371971
vt 0.633271 0.366402
vt 0.083627 0.552202
vt 0.084351 0.543161
vt 0.086437 0.549280
vt 0.645455 0.370590
vt 0.748469 0.642170
vt 0.755024 0.663057
vt 0.061275 0.750534
vt 0.633258 0.395463
vt 0.657246 0.381114
vt 0.715146 0.608626
vt 0.649674 0.395205
vt 0.735794 0.632909
vt 0.661042 0.377516
vt 0.740088 0.618200
vt 0.057326 0.728631
vt 0.657384 0.421617
vt 0.735385 0.655305
vt 0.046550 0.740469
vt 0.050360 0.729466
vt 0.644623 0.413536
vt 0.747415 0.581401
vt 0.752453 0.588736
vt 0.744303 0.586659
vt 0.727686 0.590319
vt 0.672518 0.383127
vt 0.038682 0.718946
vt 0.742474 0.573927
vt 0.733776 0.574546
vt 0.692704 0.400608
vt 0.046673 0.712634
vt 0.040636 0.711540
vt 0.711516 0.575097
vt 0.053366 0.706090
vt 0.688749 0.405511
vt 0.683741 0.388952
vt 0.705119 0.622137
vt 0.693418 0.430583
vt 0.706956 0.142875
vt 0.702804 0.639333
vt 0.708607 0.651285
vt 0.729018 0.658335
vt 0.707812 0.587861
vt 0.656974 0.431478
vt 0.679113 0.447986
vt 0.697003 0.396152
vt 0.042282 0.676660
vt 0.690974 0.608108
vt 0.685272 0.549103
vt 0.698997 0.665333
vt 0.709329 0.402753
vt 0.693385 0.138430
vt 0.046375 0.659612
vt 0.055414 0.666075
vt 0.684679 0.454987
vt 0.697681 0.542799
vt 0.713694 0.412346
vt 0.690652 0.536109
vt 0.719566 0.431455
vt 0.718146 0.405478
vt 0.652041 0.658086
vt 0.724847 0.406812
vt 0.658912 0.674267
vt 0.702574 0.467698
vt 0.678652 0.524648
vt 0.672720 0.518625
vt 0.737513 0.415430
vt 0.732312 0.408026
vt 0.725692 0.482182
vt 0.726001 0.460219
vt 0.651178 0.620753
vt 0.629584 0.643384
vt 0.662403 0.579207
vt 0.057695 0.641675
vt 0.961318 0.866031
vt 0.967261 0.868274
vt 0.973734 0.866031
vt 0.737407 0.409265
vt 0.645920 0.600777
vt 0.684978 0.672862
vt 0.735809 0.454929
vt 0.141834 0.009529
vt 0.541070 0.802130
vt 0.550144 0.804372
vt 0.555396 0.802130
vt 0.049553 0.628423
vt 0.657848 0.541339
vt 0.644720 0.489283
vt 0.658120 0.501426
vt 0.658750 0.681857
vt 0.645437 0.507457
vt 0.649234 0.491093
vt 0.625367 0.676998
vt 0.059784 0.612519
vt 0.762878 0.404679
vt 0.643773 0.572181
vt 0.639899 0.535769
vt 0.724004 0.482635
vt 0.760019 0.427034
vt 0.638944 0.479828
vt 0.090258 0.074591
vt 0.780551 0.397087
vt 0.612057 0.621022
vt 0.635597 0.684931
vt 0.047637 0.601603
vt 0.052875 0.607828
vt 0.628645 0.482111
vt 0.784818 0.409523
vt 0.066380 0.074552
vt 0.619816 0.566603
vt 0.755611 0.465025
vt 0.630773 0.466768
vt 0.773143 0.457967
vt 0.792559 0.391069
vt 0.802915 0.384706
vt 0.735799 0.489482
vt 0.622358 0.447194
vt 0.618087 0.488268
vt 0.794346 0.438456
vt 0.062287 0.597341
vt 0.613887 0.451257
vt 0.827997 0.364523
vt 0.605980 0.671579
vt 0.052906 0.578050
vt 0.611808 0.414724
vt 0.597435 0.498235
vt 0.065263 0.582886
vt 0.835992 0.367949
vt 0.839248 0.360426
vt 0.604991 0.408634
vt 0.616731 0.695678
vt 0.773302 0.494384
vt 0.834123 0.397465
vt 0.851358 0.371500
vt 0.847938 0.360871
vt 0.747178 0.495956
vt 0.774699 0.472902
vt 0.597691 0.435716
vt 0.862215 0.377143
vt 0.119866 0.991592
vt 0.139924 0.991592
vt 0.133418 0.988229
vt 0.588142 0.651116
vt 0.593186 0.693397
vt 0.062838 0.562856
vt 0.841079 0.408450
vt 0.585671 0.618236
vt 0.763136 0.503304
vt 0.774125 0.504613
vt 0.817978 0.457100
vt 0.859605 0.390940
vt 0.583890 0.596526
vt 0.581783 0.551057
vt 0.586685 0.705501
vt 0.924852 0.909146
vt 0.955587 0.903218
vt 0.933340 0.914233
vt 0.579829 0.450040
vt 0.840435 0.439624
vt 0.564144 0.407135
vt 0.809701 0.494807
vt 0.862343 0.412843
vt 0.863897 0.398068
vt 0.577317 0.685302
vt 0.571918 0.567817
vt 0.074976 0.551969
vt 0.858102 0.428536
vt 0.917296 0.928966
vt 0.068590 0.529709
vt 0.122625 0.907065
vt 0.117001 0.896644
vt 0.134633 0.897720
vt 0.789389 0.509363
vt 0.800194 0.511403
vt 0.564545 0.400786
vt 0.566448 0.596284
vt 0.570298 0.616465
vt 0.574342 0.649626
vt 0.560050 0.538621
vt 0.574274 0.698962
vt 0.134221 0.913573
vt 0.564145 0.030942
vt 0.862940 0.425465
vt 0.548876 0.576847
vt 0.562833 0.674806
vt 0.902255 0.932498
vt 0.551227 0.427792
vt 0.543011 0.444881
vt 0.840292 0.479089
vt 0.551537 0.420768
vt 0.550723 0.654521
vt 0.890871 0.926281
vt 0.905696 0.936158
vt 0.146839 0.897756
vt 0.849547 0.468820
vt 0.857731 0.451740
vt 0.861075 0.442067
vt 0.548897 0.711084
vt 0.554972 0.727645
vt 0.545211 0.431224
vt 0.549543 0.055389
vt 0.539852 0.618584
vt 0.540203 0.554624
vt 0.528162 0.475201
vt 0.817299 0.512892
vt 0.846788 0.512486
vt 0.862000 0.452434
vt 0.861577 0.457006
vt 0.894472 0.946148
vt 0.539095 0.442239
vt 0.858622 0.482966
vt 0.532720 0.707656
vt 0.719855 0.895959
vt 0.707666 0.898543
vt 0.731137 0.897070
vt 0.852888 0.500245
vt 0.533961 0.450272
vt 0.526085 0.539519
vt 0.513795 0.657992
vt 0.525177 0.463421
vt 0.701717 0.894403
vt 0.524205 0.094190
vt 0.523318 0.598947
vt 0.511436 0.622568
vt 0.519626 0.682912
vt 0.497322 0.564031
vt 0.871717 0.927621
vt 0.857473 0.507334
vt 0.685822 0.896557
vt 0.536101 0.731839
vt 0.854892 0.512892
vt 0.518080 0.474678
vt 0.204724 0.878369
vt 0.195844 0.873180
vt 0.199510 0.862668
vt 0.517899 0.528474
vt 0.861146 0.979201
vt 0.207436 0.897148
vt 0.205567 0.888332
vt 0.689353 0.891865
vt 0.522743 0.715598
vt 0.211097 0.902759
vt 0.680516 0.898543
vt 0.680878 0.891816
vt 0.854241 0.933174
vt 0.211044 0.886681
vt 0.205881 0.881892
vt 0.493062 0.570723
vt 0.519255 0.739654
vt 0.220260 0.899039
vt 0.501071 0.606057
vt 0.493056 0.521407
vt 0.224029 0.889207
vt 0.490247 0.712912
vt 0.830203 0.987383
vt 0.485118 0.594067
vt 0.485764 0.541993
vt 0.818609 0.957055
vt 0.242548 0.905796
vt 0.476919 0.625913
vt 0.235903 0.901313
vt 0.487116 0.660437
vt 0.483940 0.686347
vt 0.481357 0.747957
vt 0.485962 0.767738
vt 0.247132 0.892258
vt 0.258586 0.903680
vt 0.479532 0.563347
vt 0.461933 0.534932
vt 0.817341 0.977724
vt 0.459400 0.521944
vt 0.262608 0.879944
vt 0.461677 0.643295
vt 0.469544 0.599267
vt 0.463932 0.661495
vt 0.472575 0.582868
vt 0.451521 0.548201
vt 0.804922 0.993458
vt 0.272999 0.894440
vt 0.453653 0.574270
vt 0.453970 0.687263
vt 0.267982 0.907470
vt 0.281553 0.875539
vt 0.451297 0.719414
vt 0.436943 0.629994
vt 0.290214 0.909503
vt 0.438718 0.608440
vt 0.450594 0.779709
vt 0.787209 0.986082
vt 0.285638 0.881646
vt 0.436663 0.646276
vt 0.433655 0.569442
vt 0.438514 0.761538
vt 0.782453 0.964843
vt 0.782348 0.996690
vt 0.438244 0.691160
vt 0.304935 0.883416
vt 0.428119 0.633693
vt 0.305321 0.898702
vt 0.409211 0.600831
vt 0.771074 0.970322
vt 0.426308 0.640943
vt 0.434100 0.686484
vt 0.765975 0.893231
vt 0.778362 0.875944
vt 0.767834 0.918433
vt 0.431862 0.734820
vt 0.394550 0.547476
vt 0.396332 0.529308
vt 0.749897 0.988915
vt 0.305585 0.910921
vt 0.774892 0.870550
vt 0.770305 0.881923
vt 0.771955 0.945362
vt 0.426192 0.692073
vt 0.417024 0.697752
vt 0.418716 0.704338
vt 0.174798 0.099997
vt 0.171597 0.108054
vt 0.179008 0.118484
vt 0.753465 0.907404
vt 0.168078 0.099206
vt 0.743738 0.918295
vt 0.386941 0.567520
vt 0.752021 0.951894
vt 0.727729 0.965924
vt 0.320993 0.901484
vt 0.864767 0.045662
vt 0.869438 0.046495
vt 0.877201 0.060558
vt 0.883225 0.056966
vt 0.888478 0.065940
vt 0.411084 0.638463
vt 0.403344 0.663097
vt 0.189352 0.116327
vt 0.759415 0.898081
vt 0.409769 0.758151
vt 0.735245 0.996025
vt 0.766645 0.998058
vt 0.325911 0.910401
vt 0.828065 0.043342
vt 0.839803 0.042366
vt 0.840319 0.052666
vt 0.849200 0.042040
vt 0.859317 0.064129
vt 0.398440 0.624439
vt 0.417354 0.712108
vt 0.413406 0.716334
vt 0.190125 0.105638
vt 0.743766 0.938622
vt 0.177915 0.069104
vt 0.324920 0.914213
vt 0.818647 0.048702
vt 0.823806 0.044993
vt 0.821392 0.051218
vt 0.891595 0.074376
vt 0.404300 0.687055
vt 0.401909 0.710576
vt 0.408869 0.717511
vt 0.182587 0.094333
vt 0.746766 0.999439
vt 0.404619 0.722722
vt 0.731375 0.931138
vt 0.090258 0.928812
vt 0.876432 0.079577
vt 0.111186 0.476885
vt 0.388962 0.684377
vt 0.193871 0.127242
vt 0.207661 0.123397
vt 0.211337 0.108391
vt 0.776982 0.332399
vt 0.791309 0.332399
vt 0.784627 0.330157
vt 0.487593 0.048388
vt 0.889994 0.085339
vt 0.104797 0.477672
vt 0.891451 0.087562
vt 0.386202 0.707434
vt 0.383741 0.724548
vt 0.208736 0.084024
vt 0.735592 0.921865
vt 0.201606 0.062333
vt 0.329972 0.913205
vt 0.337839 0.905618
vt 0.828772 0.086267
vt 0.857132 0.088755
vt 0.721556 0.983361
vt 0.348702 0.887607
vt 0.813276 0.083758
vt 0.871707 0.096918
vt 0.887282 0.093494
vt 0.390382 0.742037
vt 0.395484 0.737649
vt 0.729014 0.916521
vt 0.735061 0.914332
vt 0.733064 0.919090
vt 0.121695 0.205422
vt 0.116452 0.202433
vt 0.116928 0.218049
vt 0.368861 0.603605
vt 0.428175 0.100336
vt 0.180847 0.035968
vt 0.340474 0.914238
vt 0.824405 0.098532
vt 0.089638 0.480158
vt 0.117097 0.187483
vt 0.120470 0.195976
vt 0.366932 0.624532
vt 0.213467 0.093674
vt 0.728024 0.925428
vt 0.209647 0.055752
vt 0.712006 0.950321
vt 0.346794 0.909801
vt 0.835405 0.097516
vt 0.871160 0.103301
vt 0.378620 0.739451
vt 0.720726 0.918810
vt 0.352845 0.633969
vt 0.208396 0.036544
vt 0.714287 0.987561
vt 0.358898 0.896736
vt 0.859326 0.102779
vt 0.654789 0.709297
vt 0.076537 0.482623
vt 0.382847 0.746922
vt 0.118944 0.173183
vt 0.112225 0.177769
vt 0.121770 0.184854
vt 0.212824 0.065123
vt 0.116747 0.158844
vt 0.124642 0.183746
vt 0.650276 0.789135
vt 0.640298 0.794282
vt 0.632760 0.791268
vt 0.700996 0.938752
vt 0.646406 0.785984
vt 0.328916 0.555165
vt 0.363871 0.902843
vt 0.814548 0.100562
vt 0.837205 0.102316
vt 0.073528 0.480531
vt 0.350029 0.679029
vt 0.706540 0.921455
vt 0.117555 0.145454
vt 0.113418 0.149418
vt 0.663472 0.783592
vt 0.698573 0.981171
vt 0.364352 0.909625
vt 0.851838 0.105942
vt 0.670723 0.719579
vt 0.663354 0.717718
vt 0.664119 0.711797
vt 0.070424 0.470660
vt 0.670353 0.710858
vt 0.354865 0.706421
vt 0.360038 0.735671
vt 0.368630 0.750348
vt 0.325293 0.568966
vt 0.121813 0.159551
vt 0.670488 0.786950
vt 0.683146 0.780244
vt 0.365713 0.885384
vt 0.813530 0.104748
vt 0.828879 0.105942
vt 0.689970 0.732680
vt 0.060180 0.466716
vt 0.349380 0.691862
vt 0.364812 0.722158
vt 0.323728 0.625715
vt 0.694440 0.931813
vt 0.213111 0.033688
vt 0.116897 0.127166
vt 0.121146 0.144563
vt 0.686095 0.938063
vt 0.682803 0.784463
vt 0.697582 0.984184
vt 0.367705 0.898981
vt 0.700221 0.745619
vt 0.697952 0.735379
vt 0.063430 0.469876
vt 0.119940 0.129403
vt 0.696485 0.972569
vt 0.698021 0.778812
vt 0.695426 0.783314
vt 0.702212 0.764452
vt 0.706846 0.769413
vt 0.369609 0.912832
vt 0.371403 0.908381
vt 0.370616 0.885805
vt 0.704960 0.743552
vt 0.116477 0.102732
vt 0.114299 0.119545
vt 0.120541 0.102499
vt 0.374881 0.901118
vt 0.360379 0.749888
vt 0.123639 0.110554
vt 0.710740 0.777737
vt 0.720149 0.776624
vt 0.709206 0.765052
vt 0.712570 0.757337
vt 0.724493 0.752610
vt 0.714278 0.745941
vt 0.719541 0.740870
vt 0.347112 0.192149
vt 0.333428 0.721749
vt 0.312152 0.641061
vt 0.687240 0.922223
vt 0.114022 0.100935
vt 0.124642 0.099215
vt 0.724370 0.767071
vt 0.348777 0.746182
vt 0.316926 0.607904
vt 0.678914 0.955992
vt 0.334764 0.734183
vt 0.672876 0.934288
vt 0.675080 0.976029
vt 0.691111 0.988960
vt 0.680959 0.983373
vt 0.730498 0.781201
vt 0.730036 0.769219
vt 0.319696 0.689079
vt 0.335525 0.746634
vt 0.674127 0.924082
vt 0.318254 0.707130
vt 0.306820 0.632188
vt 0.323968 0.742748
vt 0.657425 0.965854
vt 0.750460 0.781849
vt 0.744977 0.770470
vt 0.749855 0.757452
vt 0.308976 0.139693
vt 0.292586 0.555279
vt 0.661170 0.984500
vt 0.662355 0.920930
vt 0.652384 0.925239
vt 0.622332 0.956152
vt 0.298677 0.722000
vt 0.313298 0.739291
vt 0.651386 0.918289
vt 0.620959 0.939612
vt 0.630129 0.969647
vt 0.769964 0.763664
vt 0.288919 0.143590
vt 0.291397 0.572545
vt 0.302412 0.733984
vt 0.287089 0.690922
vt 0.287536 0.609589
vt 0.279890 0.637406
vt 0.289344 0.648395
vt 0.640039 0.913745
vt 0.639436 0.922766
vt 0.615252 0.977796
vt 0.265299 0.706684
vt 0.629894 0.920953
vt 0.797147 0.780507
vt 0.270687 0.657297
vt 0.276118 0.592637
vt 0.610123 0.982294
vt 0.615594 0.991518
vt 0.280029 0.731422
vt 0.617059 0.912900
vt 0.798526 0.769203
vt 0.266099 0.610549
vt 0.266795 0.576552
vt 0.611597 0.916007
vt 0.253717 0.565085
vt 0.262833 0.669940
vt 0.265020 0.693448
vt 0.599825 0.932409
vt 0.594861 0.953299
vt 0.261543 0.615318
vt 0.252496 0.718584
vt 0.257502 0.640215
vt 0.263644 0.586721
vt 0.592713 0.962851
vt 0.579774 0.917546
vt 0.827173 0.781463
vt 0.909867 0.813343
vt 0.588344 0.986839
vt 0.824909 0.786661
vt 0.233727 0.158201
vt 0.246041 0.692921
vt 0.274522 0.733974
vt 0.243580 0.733011
vt 0.236108 0.557953
vt 0.588481 0.976463
vt 0.247750 0.592561
vt 0.236805 0.623517
vt 0.239412 0.675918
vt 0.233657 0.639977
vt 0.239638 0.711580
vt 0.569924 0.938449
vt 0.571882 0.963519
vt 0.234869 0.694650
vt 0.229818 0.717549
vt 0.560012 0.974875
vt 0.206639 0.175722
vt 0.225373 0.644238
vt 0.224931 0.713569
vt 0.546982 0.948712
vt 0.548204 0.978019
vt 0.867717 0.794282
vt 0.223578 0.690031
vt 0.214637 0.730052
vt 0.548970 0.967740
vt 0.861159 0.784054
vt 0.220488 0.622153
vt 0.212256 0.667941
vt 0.549677 0.916969
vt 0.546363 0.934847
vt 0.208873 0.603570
vt 0.542332 0.956337
vt 0.207541 0.613775
vt 0.207754 0.636418
vt 0.205149 0.697205
vt 0.213895 0.714884
vt 0.212396 0.723949
vt 0.197174 0.172261
vt 0.198535 0.604854
vt 0.200482 0.731480
vt 0.535017 0.919978
vt 0.546946 0.910806
vt 0.194599 0.632602
vt 0.197261 0.708103
vt 0.524560 0.932338
vt 0.194811 0.604680
vt 0.187793 0.718349
vt 0.520472 0.954594
vt 0.527790 0.964275
vt 0.189398 0.598788
vt 0.189529 0.681949
vt 0.180820 0.620156
vt 0.173134 0.597154
vt 0.521732 0.968855
vt 0.520898 0.907245
vt 0.520149 0.920147
vt 0.515119 0.943321
vt 0.173241 0.609941
vt 0.179325 0.668899
vt 0.172227 0.691271
vt 0.163485 0.704741
vt 0.491347 0.906384
vt 0.507957 0.926116
vt 0.505554 0.954613
vt 0.168411 0.662413
vt 0.502773 0.931821
vt 0.498847 0.958557
vt 0.168734 0.621235
vt 0.949619 0.890695
vt 0.494530 0.894496
vt 0.487324 0.939116
vt 0.163940 0.631998
vt 0.152778 0.676606
vt 0.155189 0.621306
vt 0.487879 0.917029
vt 0.483057 0.944951
vt 0.145711 0.616157
vt 0.485471 0.925540
vt 0.481883 0.951416
vt 0.140802 0.678456
vt 0.949258 0.840816
vt 0.466436 0.882469
vt 0.462114 0.893147
vt 0.137941 0.691754
vt 0.460784 0.902982
vt 0.461896 0.918331
vt 0.460576 0.927177
vt 0.136317 0.652835
vt 0.136325 0.666092
vt 0.460292 0.944065
vt 0.453564 0.935017
vt 0.952722 0.816821
vt 0.949844 0.814462
vt 0.133802 0.656837
vt 0.129342 0.676513
vt 0.125639 0.628547
vt 0.132163 0.653195
vt 0.130936 0.661926
vt 0.119621 0.640189
vt 0.447253 0.909615
vt 0.128285 0.653911
vt 0.114167 0.653513
vt 0.437555 0.878144
vt 0.461643 0.947519
vt 0.439448 0.939707
vt 0.104544 0.233944
vt 0.108751 0.661390
vt 0.105110 0.674096
vt 0.455889 0.867152
vt 0.434375 0.928927
vt 0.429925 0.868450
vt 0.435585 0.890966
vt 0.100041 0.647547
vt 0.417878 0.881821
vt 0.433885 0.906479
vt 0.428887 0.937265
vt 0.412255 0.889896
vt 0.421223 0.920243
vt 0.417942 0.900742
vt 0.664930 0.081278
vt 0.653773 0.080882
vt 0.666418 0.077915
vt 0.412968 0.938594
vt 0.084479 0.661011
vt 0.083236 0.671731
vt 0.406699 0.931910
vt 0.681471 0.080882
vt 0.406627 0.869988
vt 0.427616 0.938212
vt 0.410904 0.942106
vt 0.079086 0.240394
vt 0.404876 0.894019
vt 0.398017 0.901754
vt 0.400088 0.927948
vt 0.073500 0.667896
vt 0.398069 0.879178
vt 0.394713 0.888649
vt 0.073713 0.678303
vt 0.392770 0.895952
vt 0.398494 0.943887
vt 0.052522 0.530014
vt 0.055676 0.544282
vt 0.055874 0.530152
vt 0.027538 0.479868
vt 0.017746 0.477676
vt 0.023593 0.469885
vt 0.388928 0.912982
vt 0.017670 0.488823
vt 0.025327 0.492713
vt 0.026698 0.472364
vt 0.030503 0.479472
vt 0.033359 0.468365
vt 0.265372 0.850445
vt 0.273989 0.845653
vt 0.375020 0.930005
vt 0.387998 0.938814
vt 0.053150 0.513033
vt 0.374456 0.923075
vt 0.296275 0.846613
vt 0.035301 0.492713
vt 0.040592 0.476134
vt 0.378955 0.953086
vt 0.036724 0.468049
vt 0.266079 0.854128
vt 0.049188 0.505668
vt 0.735924 0.508993
vt 0.734852 0.498802
vt 0.733047 0.509529
vt 0.742598 0.506949
vt 0.742598 0.496076
vt 0.265328 0.864910
vt 0.275014 0.853959
vt 0.642311 0.844750
vt 0.645197 0.834474
vt 0.372685 0.939729
vt 0.373886 0.949551
vt 0.052772 0.498200
vt 0.044644 0.232776
vt 0.055270 0.237244
vt 0.050392 0.489995
vt 0.362203 0.959197
vt 0.368703 0.963323
vt 0.054472 0.485510
vt 0.334298 0.850645
vt 0.357047 0.956294
vt 0.052389 0.478713
vt 0.349472 0.957053
vt 0.358085 0.976525
vt 0.347019 0.990571
vt 0.347209 0.981750
vt 0.345162 0.851419
vt 0.342771 0.967060
vt 0.335721 0.985981
vt 0.338599 0.989811
vt 0.357692 0.854825
vt 0.362418 0.848972
vt 0.338689 0.999439
vt 0.004567 0.209781
vt 0.165633 0.987372
vt 0.165712 0.992496
vt 0.159451 0.999439
vt 0.360635 0.863816
vt 0.363419 0.859214
vt 0.165712 0.979260
vt 0.159476 0.983005
vt 0.158071 0.989561
vt 0.000478 0.223139
vt 0.000656 0.217232
s 0
usemtl Material_0.002
f 1597/1/1 1605/2/1 1707/3/1
f 1708/4/2 1597/1/2 1707/3/2
f 942/5/3 943/6/3 944/7/3
f 1659/8/4 1623/9/4 1632/10/4
f 944/7/5 943/6/5 945/11/5
f 945/11/6 943/6/6 946/12/6
f 1707/3/7 1605/2/7 1738/13/7
f 1605/2/8 1629/14/8 1738/13/8
f 1659/8/9 1620/15/9 1623/9/9
f 1632/10/10 1633/16/10 1672/17/10
f 1605/2/11 1595/18/11 1629/14/11
f 429/19/12 504/20/12 386/21/12
f 1691/22/13 1620/15/13 1659/8/13
f 1623/9/14 1626/23/14 1632/10/14
f 1632/10/15 1626/23/15 1633/16/15
f 1598/24/16 1596/25/16 1597/1/16
f 1596/25/17 1595/18/17 1597/1/17
f 1597/1/18 1595/18/18 1605/2/18
f 1738/13/19 1629/14/19 1755/26/19
f 1666/27/20 1604/28/20 1597/1/20
f 1595/18/21 1614/29/21 1629/14/21
f 1728/30/22 1620/15/22 1691/22/22
f 1729/31/23 1728/30/23 1691/22/23
f 1620/15/24 1622/32/24 1623/9/24
f 1623/9/25 1622/32/25 1626/23/25
f 423/33/26 406/34/26 519/35/26
f 1604/28/27 1598/24/27 1597/1/27
f 1629/14/28 1669/36/28 1755/26/28
f 1626/23/29 1741/37/29 1735/38/29
f 1633/16/30 1626/23/30 1735/38/30
f 1629/14/31 1614/29/31 1669/36/31
f 1646/39/32 1785/40/32 1741/37/32
f 1626/23/33 1646/39/33 1741/37/33
f 1620/15/34 1621/41/34 1622/32/34
f 1622/32/35 1627/42/35 1626/23/35
f 1627/42/36 1646/39/36 1626/23/36
f 2006/43/37 2007/44/37 2008/45/37
f 1669/36/38 1614/29/38 1610/46/38
f 1728/30/39 1618/47/39 1620/15/39
f 1627/42/40 1645/48/40 1646/39/40
f 1604/28/41 1731/49/41 1598/24/41
f 1669/36/42 1610/46/42 1719/50/42
f 487/51/43 523/52/43 428/53/43
f 1767/54/44 1618/47/44 1728/30/44
f 1618/47/45 1616/55/45 1620/15/45
f 1620/15/46 1616/55/46 1621/41/46
f 1621/41/47 1627/42/47 1622/32/47
f 1598/24/48 1731/49/48 1599/56/48
f 1645/48/49 1764/57/49 1646/39/49
f 1646/39/50 1764/57/50 1765/58/50
f 1598/24/51 1599/56/51 1596/25/51
f 1719/50/52 1610/46/52 1720/59/52
f 2091/60/53 2092/61/53 2093/62/53
f 1770/63/54 1618/47/54 1767/54/54
f 1595/18/55 1610/46/55 1614/29/55
f 1596/25/56 1599/56/56 1594/64/56
f 1596/25/57 1594/64/57 1595/18/57
f 2084/65/58 2082/66/58 2083/67/58
f 2093/62/59 2092/61/59 2094/68/59
f 1720/59/60 1610/46/60 1721/69/60
f 1761/70/61 1618/47/61 1770/63/61
f 1761/70/62 1617/71/62 1618/47/62
f 1621/41/63 1645/48/63 1627/42/63
f 1610/46/64 1611/72/64 1721/69/64
f 1645/48/65 1742/73/65 1759/74/65
f 1595/18/66 1594/64/66 1593/75/66
f 1595/18/67 1593/75/67 1610/46/67
f 1617/71/68 1616/55/68 1618/47/68
f 2083/67/69 2082/66/69 2081/76/69
f 1721/69/70 1611/72/70 1722/77/70
f 2095/78/71 2096/79/71 2097/80/71
f 1647/81/72 1742/73/72 1645/48/72
f 1599/56/73 1688/82/73 1594/64/73
f 1616/55/74 1624/83/74 1621/41/74
f 1621/41/75 1647/81/75 1645/48/75
f 1761/70/76 1746/84/76 1617/71/76
f 1621/41/77 1624/83/77 1625/85/77
f 1625/85/78 1647/81/78 1621/41/78
f 1593/75/79 1591/86/79 1610/46/79
f 2082/66/80 2076/87/80 2081/76/80
f 1722/77/81 1611/72/81 1723/88/81
f 1647/81/82 1743/89/82 1742/73/82
f 1617/71/83 1613/90/83 1616/55/83
f 1611/72/84 1609/91/84 1723/88/84
f 1746/84/85 1619/92/85 1617/71/85
f 1688/82/86 1693/93/86 1594/64/86
f 1594/64/87 1592/94/87 1593/75/87
f 1610/46/88 1591/86/88 1611/72/88
f 1624/83/89 1636/95/89 1625/85/89
f 1625/85/90 1636/95/90 1647/81/90
f 2076/87/91 2075/96/91 2081/76/91
f 1609/91/92 1733/97/92 1723/88/92
f 1745/98/93 1619/92/93 1746/84/93
f 1647/81/94 1744/99/94 1743/89/94
f 1693/93/95 1592/94/95 1594/64/95
f 1593/75/96 1592/94/96 1591/86/96
f 1591/86/97 1609/91/97 1611/72/97
f 1613/90/98 1615/100/98 1616/55/98
f 1616/55/99 1615/100/99 1624/83/99
f 1609/91/100 1607/101/100 1733/97/100
f 1734/102/101 1619/92/101 1745/98/101
f 1619/92/102 1613/90/102 1617/71/102
f 2073/103/103 2074/104/103 2075/96/103
f 2075/96/104 2074/104/104 2077/105/104
f 1733/97/105 1607/101/105 1734/102/105
f 1636/95/106 1724/106/106 1647/81/106
f 1647/81/107 1724/106/107 1744/99/107
f 1693/93/108 1706/107/108 1592/94/108
f 1734/102/109 1607/101/109 1619/92/109
f 1619/92/110 1607/101/110 1613/90/110
f 1706/107/111 1602/108/111 1592/94/111
f 1591/86/112 1589/109/112 1609/91/112
f 1615/100/113 1628/110/113 1624/83/113
f 2074/104/114 2078/111/114 2077/105/114
f 1592/94/115 1590/112/115 1591/86/115
f 1589/109/116 1607/101/116 1609/91/116
f 1613/90/117 1607/101/117 1608/113/117
f 1613/90/118 1608/113/118 1615/100/118
f 1624/83/119 1628/110/119 1636/95/119
f 277/114/120 280/115/120 281/116/120
f 1636/95/121 1726/117/121 1724/106/121
f 1592/94/122 1602/108/122 1590/112/122
f 1591/86/123 1590/112/123 1589/109/123
f 1608/113/124 1612/118/124 1615/100/124
f 1628/110/125 1412/119/125 1636/95/125
f 1412/119/126 1421/120/126 1726/117/126
f 1636/95/127 1412/119/127 1726/117/127
f 1706/107/128 1710/121/128 1602/108/128
f 1589/109/129 1586/122/129 1607/101/129
f 1612/118/130 1657/123/130 1628/110/130
f 1615/100/131 1612/118/131 1628/110/131
f 1590/112/132 1588/124/132 1589/109/132
f 1607/101/133 1586/122/133 1608/113/133
f 463/125/134 516/126/134 366/127/134
f 1602/108/135 1710/121/135 1600/128/135
f 1602/108/136 1600/128/136 1590/112/136
f 1628/110/137 1657/123/137 1412/119/137
f 1412/119/138 1419/129/138 1421/120/138
f 1590/112/139 1600/128/139 1588/124/139
f 1588/124/140 1586/122/140 1589/109/140
f 1192/130/141 1195/131/141 1193/132/141
f 1710/121/142 1774/133/142 1711/134/142
f 1710/121/143 1711/134/143 1600/128/143
f 1412/119/144 1413/135/144 1419/129/144
f 1600/128/145 1601/136/145 1588/124/145
f 1601/136/146 1587/137/146 1588/124/146
f 1588/124/147 1587/137/147 1586/122/147
f 1612/118/148 1661/138/148 1657/123/148
f 1608/113/149 1582/139/149 1612/118/149
f 1774/133/150 1782/140/150 1711/134/150
f 1411/141/151 1423/142/151 1413/135/151
f 1412/119/152 1411/141/152 1413/135/152
f 1711/134/153 1700/143/153 1600/128/153
f 1600/128/154 1700/143/154 1601/136/154
f 1657/123/155 1661/138/155 1412/119/155
f 1586/122/156 1582/139/156 1608/113/156
f 1409/144/157 1411/141/157 1412/119/157
f 1661/138/158 1409/144/158 1412/119/158
f 1582/139/159 1583/145/159 1612/118/159
f 1782/140/160 1739/146/160 1711/134/160
f 1711/134/161 1739/146/161 1700/143/161
f 1409/144/162 1401/147/162 1404/148/162
f 1409/144/163 1404/148/163 1411/141/163
f 1601/136/164 1709/149/164 1587/137/164
f 1586/122/165 1579/150/165 1582/139/165
f 349/151/166 357/152/166 356/153/166
f 1700/143/167 1709/149/167 1601/136/167
f 1587/137/168 1580/154/168 1586/122/168
f 1583/145/169 1671/155/169 1612/118/169
f 1612/118/170 1671/155/170 1661/138/170
f 1671/155/171 1409/144/171 1661/138/171
f 1739/146/172 1709/149/172 1700/143/172
f 1401/147/173 1400/156/173 1404/148/173
f 1587/137/174 1709/149/174 1580/154/174
f 1580/154/175 1579/150/175 1586/122/175
f 1671/155/176 1408/157/176 1409/144/176
f 1409/144/177 1408/157/177 1401/147/177
f 714/158/178 722/159/178 724/160/178
f 1768/161/179 1769/162/179 1709/149/179
f 1709/149/180 1754/163/180 1580/154/180
f 1580/154/181 1578/164/181 1579/150/181
f 714/158/182 706/165/182 722/159/182
f 709/166/183 708/167/183 714/158/183
f 714/158/184 708/167/184 706/165/184
f 1583/145/185 1648/168/185 1671/155/185
f 1754/163/186 1704/169/186 1580/154/186
f 1580/154/187 1704/169/187 1578/164/187
f 1648/168/188 1408/157/188 1671/155/188
f 1579/150/189 1577/170/189 1582/139/189
f 716/171/190 704/172/190 709/166/190
f 709/166/191 704/172/191 708/167/191
f 1579/150/192 1578/164/192 1577/170/192
f 1577/170/193 1581/173/193 1582/139/193
f 1582/139/194 1581/173/194 1583/145/194
f 708/167/195 704/172/195 706/165/195
f 1400/156/196 1397/174/196 1373/175/196
f 1408/157/197 1397/174/197 1401/147/197
f 1583/145/198 1581/173/198 1648/168/198
f 1408/157/199 1407/176/199 1397/174/199
f 1648/168/200 1418/177/200 1408/157/200
f 2028/178/201 2029/179/201 2030/180/201
f 1373/175/202 1342/181/202 1392/182/202
f 706/165/203 707/183/203 722/159/203
f 1407/176/204 1395/184/204 1397/174/204
f 1581/173/205 1576/185/205 1418/177/205
f 1581/173/206 1418/177/206 1648/168/206
f 704/172/207 705/186/207 706/165/207
f 706/165/208 705/186/208 707/183/208
f 1395/184/209 1396/187/209 1397/174/209
f 1373/175/210 1349/188/210 1342/181/210
f 1578/164/211 1575/189/211 1577/170/211
f 1577/170/212 1576/185/212 1581/173/212
f 716/171/213 715/190/213 704/172/213
f 1577/170/214 1575/189/214 1576/185/214
f 715/190/215 705/186/215 704/172/215
f 1/191/216 2/192/216 3/193/216
f 722/159/217 721/194/217 726/195/217
f 1418/177/218 1407/176/218 1408/157/218
f 1373/175/219 1382/196/219 1349/188/219
f 1349/188/220 1339/197/220 1342/181/220
f 1342/181/221 1339/197/221 1341/198/221
f 707/183/222 721/194/222 722/159/222
f 1737/199/223 1680/200/223 1704/169/223
f 1704/169/224 1680/200/224 1578/164/224
f 1578/164/225 1680/200/225 1575/189/225
f 1184/201/226 1183/202/226 1182/203/226
f 1395/184/227 1382/196/227 1396/187/227
f 1339/197/228 1340/204/228 1341/198/228
f 1407/176/229 1405/205/229 1395/184/229
f 705/186/230 710/206/230 707/183/230
f 1680/200/231 1574/207/231 1575/189/231
f 1418/177/232 1405/205/232 1407/176/232
f 710/206/233 712/208/233 707/183/233
f 1395/184/234 1383/209/234 1382/196/234
f 707/183/235 712/208/235 721/194/235
f 1575/189/236 1573/210/236 1576/185/236
f 1575/189/237 1574/207/237 1573/210/237
f 920/211/238 930/212/238 929/213/238
f 928/214/239 920/211/239 929/213/239
f 1183/202/240 1185/215/240 1181/216/240
f 1382/196/241 1383/209/241 1378/217/241
f 1382/196/242 1378/217/242 1349/188/242
f 705/186/243 711/218/243 710/206/243
f 927/219/244 920/211/244 928/214/244
f 1349/188/245 1345/220/245 1339/197/245
f 1339/197/246 1338/221/246 1340/204/246
f 712/208/247 723/222/247 721/194/247
f 1405/205/248 1398/223/248 1395/184/248
f 1576/185/249 1641/224/249 1418/177/249
f 715/190/250 713/225/250 705/186/250
f 927/219/251 926/226/251 920/211/251
f 1299/227/252 1300/228/252 1301/229/252
f 1339/197/253 1337/230/253 1338/221/253
f 723/222/254 725/231/254 721/194/254
f 1685/232/255 1680/200/255 1737/199/255
f 1405/205/256 1406/233/256 1398/223/256
f 1418/177/257 1406/233/257 1405/205/257
f 1576/185/258 1573/210/258 1641/224/258
f 367/234/259 354/235/259 510/236/259
f 715/190/260 717/237/260 713/225/260
f 1777/238/261 1766/239/261 1778/240/261
f 1418/177/262 1641/224/262 1406/233/262
f 206/241/263 210/242/263 220/243/263
f 926/226/264 906/244/264 920/211/264
f 1185/215/265 1187/245/265 1186/246/265
f 920/211/266 906/244/266 918/247/266
f 1297/248/267 1298/249/267 1299/227/267
f 1299/227/268 1298/249/268 1300/228/268
f 1378/217/269 1345/220/269 1349/188/269
f 1339/197/270 1345/220/270 1337/230/270
f 1337/230/271 1331/250/271 1338/221/271
f 1338/221/272 1331/250/272 1332/251/272
f 1399/252/273 1402/253/273 1383/209/273
f 1766/239/274 1763/254/274 1685/232/274
f 1573/210/275 1571/255/275 1641/224/275
f 209/256/276 210/242/276 206/241/276
f 1402/253/277 1378/217/277 1383/209/277
f 1680/200/278 1685/232/278 1572/257/278
f 1680/200/279 1572/257/279 1574/207/279
f 1571/255/280 1642/258/280 1641/224/280
f 903/259/281 905/260/281 906/244/281
f 1406/233/282 1403/261/282 1398/223/282
f 1641/224/283 1642/258/283 1406/233/283
f 1574/207/284 1572/257/284 1573/210/284
f 903/259/285 904/262/285 905/260/285
f 905/260/286 918/247/286 906/244/286
f 1777/238/287 1776/263/287 1766/239/287
f 1378/217/288 1371/264/288 1345/220/288
f 1766/239/289 1776/263/289 1763/254/289
f 1572/257/290 1571/255/290 1573/210/290
f 354/235/291 355/265/291 501/266/291
f 717/237/292 720/267/292 719/268/292
f 717/237/293 719/268/293 713/225/293
f 206/241/294 207/269/294 208/270/294
f 208/270/295 207/269/295 211/271/295
f 904/262/296 907/272/296 905/260/296
f 1295/273/297 1296/274/297 1297/248/297
f 1297/248/298 1296/274/298 1298/249/298
f 1345/220/299 1344/275/299 1337/230/299
f 212/276/300 211/271/300 207/269/300
f 907/272/301 917/277/301 905/260/301
f 905/260/302 917/277/302 918/247/302
f 1402/253/303 1379/278/303 1378/217/303
f 1378/217/304 1379/278/304 1371/264/304
f 1345/220/305 1371/264/305 1344/275/305
f 1642/258/306 1410/279/306 1406/233/306
f 1406/233/307 1410/279/307 1403/261/307
f 909/280/308 910/281/308 907/272/308
f 908/282/309 909/280/309 907/272/309
f 1337/230/310 1336/283/310 1331/250/310
f 1776/263/311 1760/284/311 1763/254/311
f 1403/261/312 1379/278/312 1402/253/312
f 1685/232/313 1606/285/313 1572/257/313
f 1410/279/314 1414/286/314 1403/261/314
f 1572/257/315 1606/285/315 1570/287/315
f 1572/257/316 1570/287/316 1571/255/316
f 910/281/317 917/277/317 907/272/317
f 1295/273/318 1292/288/318 1296/274/318
f 1337/230/319 1344/275/319 1336/283/319
f 1331/250/320 1336/283/320 1330/289/320
f 1763/254/321 1760/284/321 1686/290/321
f 1763/254/322 1686/290/322 1685/232/322
f 1403/261/323 1414/286/323 1379/278/323
f 911/291/324 910/281/324 909/280/324
f 1293/292/325 1292/288/325 1295/273/325
f 910/281/326 919/293/326 917/277/326
f 1760/284/327 1758/294/327 1686/290/327
f 1686/290/328 1606/285/328 1685/232/328
f 207/269/329 216/295/329 215/296/329
f 913/297/330 912/298/330 911/291/330
f 1327/299/331 1328/300/331 1325/301/331
f 911/291/332 912/298/332 910/281/332
f 912/298/333 919/293/333 910/281/333
f 1344/275/334 1371/264/334 1350/302/334
f 1570/287/335 1566/303/335 1571/255/335
f 914/304/336 912/298/336 913/297/336
f 1327/299/337 1330/289/337 1328/300/337
f 1415/305/338 1380/306/338 1379/278/338
f 273/307/339 255/308/339 257/309/339
f 915/310/340 912/298/340 914/304/340
f 1293/292/341 1290/311/341 1292/288/341
f 1330/289/342 1333/312/342 1328/300/342
f 1344/275/343 1350/302/343 1336/283/343
f 1410/279/344 1416/313/344 1414/286/344
f 1414/286/345 1416/313/345 1415/305/345
f 1566/303/346 1637/314/346 1571/255/346
f 1637/314/347 1642/258/347 1571/255/347
f 916/315/348 912/298/348 915/310/348
f 1379/278/349 1380/306/349 1371/264/349
f 1330/289/350 1334/316/350 1333/312/350
f 1758/294/351 1748/317/351 1686/290/351
f 1686/290/352 1603/318/352 1606/285/352
f 1606/285/353 1603/318/353 1570/287/353
f 912/298/354 921/319/354 919/293/354
f 1294/320/355 1290/311/355 1293/292/355
f 1290/311/356 1291/321/356 1292/288/356
f 1380/306/357 1372/322/357 1371/264/357
f 1371/264/358 1372/322/358 1350/302/358
f 1410/279/359 1642/258/359 1416/313/359
f 254/323/360 219/324/360 216/295/360
f 924/325/361 912/298/361 916/315/361
f 1336/283/362 1343/326/362 1330/289/362
f 1334/316/363 1335/327/363 1333/312/363
f 1416/313/364 1417/328/364 1415/305/364
f 925/329/365 900/330/365 924/325/365
f 924/325/366 900/330/366 912/298/366
f 912/298/367 900/330/367 921/319/367
f 1290/311/368 1286/331/368 1291/321/368
f 1330/289/369 1343/326/369 1334/316/369
f 1334/316/370 1391/332/370 1335/327/370
f 925/329/371 902/333/371 900/330/371
f 2009/334/372 2010/335/372 2011/336/372
f 2010/335/373 2013/337/373 2011/336/373
f 1748/317/374 1687/338/374 1686/290/374
f 1603/318/375 1567/339/375 1570/287/375
f 592/340/376 594/341/376 558/342/376
f 2011/336/377 2013/337/377 2014/343/377
f 2013/337/378 2015/344/378 2014/343/378
f 1283/345/379 1286/331/379 1290/311/379
f 1334/316/380 1343/326/380 1347/346/380
f 1334/316/381 1347/346/381 1391/332/381
f 1347/346/382 1386/347/382 1391/332/382
f 1748/317/383 1749/348/383 1687/338/383
f 1350/302/384 1346/349/384 1336/283/384
f 1686/290/385 1687/338/385 1603/318/385
f 1642/258/386 1637/314/386 1416/313/386
f 902/333/387 901/350/387 900/330/387
f 1294/320/388 1283/345/388 1290/311/388
f 1366/351/389 1350/302/389 1372/322/389
f 1336/283/390 1346/349/390 1343/326/390
f 1570/287/391 1567/339/391 1566/303/391
f 899/352/392 900/330/392 901/350/392
f 2014/343/393 2015/344/393 2016/353/393
f 900/330/394 922/354/394 921/319/394
f 1416/313/395 1420/355/395 1417/328/395
f 489/356/396 250/357/396 252/358/396
f 1179/359/397 1177/360/397 1176/361/397
f 895/362/398 900/330/398 899/352/398
f 898/363/399 895/362/399 899/352/399
f 900/330/400 895/362/400 922/354/400
f 1285/364/401 1283/345/401 1294/320/401
f 1343/326/402 1348/365/402 1347/346/402
f 1347/346/403 1353/366/403 1386/347/403
f 2015/344/404 2017/367/404 2016/353/404
f 1386/347/405 1353/366/405 1385/368/405
f 1749/348/406 1699/369/406 1687/338/406
f 1417/328/407 1388/370/407 1372/322/407
f 1372/322/408 1388/370/408 1366/351/408
f 1603/318/409 1568/371/409 1567/339/409
f 891/372/410 895/362/410 898/363/410
f 2016/353/411 2017/367/411 2018/373/411
f 1347/346/412 1348/365/412 1353/366/412
f 1350/302/413 1366/351/413 1346/349/413
f 1687/338/414 1699/369/414 1664/374/414
f 1687/338/415 1664/374/415 1603/318/415
f 1603/318/416 1664/374/416 1568/371/416
f 890/375/417 895/362/417 891/372/417
f 2018/373/418 2019/376/418 2020/377/418
f 895/362/419 923/378/419 922/354/419
f 1285/364/420 1282/379/420 1283/345/420
f 1353/366/421 1384/380/421 1385/368/421
f 1346/349/422 1348/365/422 1343/326/422
f 1416/313/423 1673/381/423 1420/355/423
f 1567/339/424 1564/382/424 1566/303/424
f 888/383/425 890/375/425 891/372/425
f 889/384/426 895/362/426 890/375/426
f 2020/377/427 2019/376/427 2021/385/427
f 1285/364/428 1287/386/428 1282/379/428
f 1283/345/429 1284/387/429 1286/331/429
f 1353/366/430 1355/388/430 1384/380/430
f 2017/367/431 2019/376/431 2018/373/431
f 1388/370/432 1420/355/432 1422/389/432
f 1567/339/433 1568/371/433 1564/382/433
f 1566/303/434 1564/382/434 1565/390/434
f 1566/303/435 1565/390/435 1637/314/435
f 1565/390/436 1638/391/436 1637/314/436
f 1637/314/437 1638/391/437 1673/381/437
f 249/392/438 250/357/438 489/356/438
f 559/393/439 604/394/439 565/395/439
f 887/396/440 889/384/440 888/383/440
f 887/396/441 897/397/441 889/384/441
f 897/397/442 895/362/442 889/384/442
f 1283/345/443 1282/379/443 1284/387/443
f 2021/385/444 2019/376/444 2022/398/444
f 1384/380/445 1355/388/445 1381/399/445
f 2021/385/446 2022/398/446 2023/400/446
f 1762/401/447 1699/369/447 1749/348/447
f 1388/370/448 1387/402/448 1366/351/448
f 1673/381/449 1422/389/449 1420/355/449
f 886/403/450 887/396/450 888/383/450
f 2023/400/451 2022/398/451 2024/404/451
f 1381/399/452 1377/405/452 1393/406/452
f 897/397/453 923/378/453 895/362/453
f 1353/366/454 1348/365/454 1352/407/454
f 1352/407/455 1355/388/455 1353/366/455
f 1355/388/456 1357/408/456 1381/399/456
f 1381/399/457 1357/408/457 1377/405/457
f 1366/351/458 1351/409/458 1346/349/458
f 1664/374/459 1569/410/459 1568/371/459
f 490/411/460 249/392/460 489/356/460
f 886/403/461 892/412/461 887/396/461
f 887/396/462 892/412/462 894/413/462
f 894/413/463 897/397/463 887/396/463
f 897/397/464 894/413/464 923/378/464
f 1355/388/465 1356/414/465 1357/408/465
f 1387/402/466 1376/415/466 1366/351/466
f 1366/351/467 1376/415/467 1351/409/467
f 1569/410/468 1564/382/468 1568/371/468
f 893/416/469 892/412/469 886/403/469
f 1393/406/470 1316/417/470 1394/418/470
f 896/419/471 894/413/471 892/412/471
f 1287/386/472 1280/420/472 1282/379/472
f 1352/407/473 1356/414/473 1355/388/473
f 1356/414/474 1358/421/474 1357/408/474
f 1357/408/475 1360/422/475 1377/405/475
f 1360/422/476 1316/417/476 1377/405/476
f 1762/401/477 1698/423/477 1699/369/477
f 1564/382/478 1569/410/478 1562/424/478
f 1564/382/479 1562/424/479 1563/425/479
f 1564/382/480 1563/425/480 1565/390/480
f 490/411/481 248/426/481 249/392/481
f 896/419/482 892/412/482 893/416/482
f 1282/379/483 1281/427/483 1284/387/483
f 1357/408/484 1358/421/484 1360/422/484
f 1762/401/485 1753/428/485 1698/423/485
f 1346/349/486 1351/409/486 1348/365/486
f 1699/369/487 1665/429/487 1664/374/487
f 1302/430/488 1289/431/488 1288/432/488
f 1289/431/489 1279/433/489 1288/432/489
f 1288/432/490 1279/433/490 1287/386/490
f 1287/386/491 1279/433/491 1280/420/491
f 1280/420/492 1281/427/492 1282/379/492
f 1771/434/493 1753/428/493 1762/401/493
f 1348/365/494 1351/409/494 1352/407/494
f 1698/423/495 1665/429/495 1699/369/495
f 1664/374/496 1665/429/496 1569/410/496
f 327/435/497 337/436/497 336/437/497
f 490/411/498 242/438/498 248/426/498
f 259/439/499 237/440/499 272/441/499
f 1200/442/500 1196/443/500 1199/444/500
f 1390/445/501 1370/446/501 1376/415/501
f 1352/407/502 1354/447/502 1356/414/502
f 1358/421/503 1314/448/503 1360/422/503
f 1360/422/504 1314/448/504 1316/417/504
f 1376/415/505 1370/446/505 1351/409/505
f 1753/428/506 1697/449/506 1698/423/506
f 1698/423/507 1697/449/507 1665/429/507
f 490/411/508 511/450/508 242/438/508
f 1196/443/509 1197/451/509 1198/452/509
f 1196/443/510 1198/452/510 1199/444/510
f 1302/430/511 1208/453/511 1289/431/511
f 1356/414/512 1354/447/512 1359/454/512
f 1356/414/513 1359/454/513 1358/421/513
f 1351/409/514 1354/447/514 1352/407/514
f 1673/381/515 1692/455/515 1422/389/515
f 1422/389/516 1692/455/516 1424/456/516
f 1665/429/517 1547/457/517 1569/410/517
f 1569/410/518 1547/457/518 1562/424/518
f 1563/425/519 1584/458/519 1565/390/519
f 237/440/520 233/459/520 272/441/520
f 1208/453/521 1211/460/521 1289/431/521
f 1289/431/522 1211/460/522 1279/433/522
f 1279/433/523 1277/461/523 1280/420/523
f 1358/421/524 1359/454/524 1314/448/524
f 1638/391/525 1655/462/525 1673/381/525
f 1562/424/526 1561/463/526 1563/425/526
f 1565/390/527 1584/458/527 1638/391/527
f 237/440/528 234/464/528 233/459/528
f 1279/433/529 1211/460/529 1277/461/529
f 1390/445/530 1389/465/530 1370/446/530
f 1425/466/531 1389/465/531 1390/445/531
f 1655/462/532 1692/455/532 1673/381/532
f 1562/424/533 1547/457/533 1561/463/533
f 1584/458/534 1639/467/534 1638/391/534
f 242/438/535 511/450/535 240/468/535
f 1312/469/536 1313/470/536 1314/448/536
f 1314/448/537 1313/470/537 1315/471/537
f 1208/453/538 1207/472/538 1211/460/538
f 1359/454/539 1374/473/539 1314/448/539
f 1772/474/540 1753/428/540 1771/434/540
f 1370/446/541 1362/475/541 1351/409/541
f 1424/456/542 1426/476/542 1425/466/542
f 1424/456/543 1692/455/543 1426/476/543
f 1561/463/544 1584/458/544 1563/425/544
f 1638/391/545 1639/467/545 1655/462/545
f 481/477/546 511/450/546 361/478/546
f 845/479/547 846/480/547 847/481/547
f 511/450/548 481/477/548 240/468/548
f 1205/482/549 1207/472/549 1208/453/549
f 1280/420/550 1277/461/550 1281/427/550
f 1277/461/551 1278/483/551 1281/427/551
f 1370/446/552 1369/484/552 1362/475/552
f 1361/485/553 1374/473/553 1359/454/553
f 1374/473/554 1312/469/554 1314/448/554
f 1772/474/555 1716/486/555 1753/428/555
f 1753/428/556 1716/486/556 1697/449/556
f 1665/429/557 1557/487/557 1547/457/557
f 1547/457/558 1548/488/558 1561/463/558
f 481/477/559 239/489/559 240/468/559
f 1205/482/560 1206/490/560 1207/472/560
f 1211/460/561 1212/491/561 1277/461/561
f 1389/465/562 1369/484/562 1370/446/562
f 1354/447/563 1361/485/563 1359/454/563
f 1716/486/564 1681/492/564 1697/449/564
f 1697/449/565 1681/492/565 1665/429/565
f 1277/461/566 1247/493/566 1278/483/566
f 1351/409/567 1362/475/567 1354/447/567
f 1692/455/568 1703/494/568 1426/476/568
f 1703/494/569 1427/495/569 1426/476/569
f 1665/429/570 1681/492/570 1557/487/570
f 1655/462/571 1690/496/571 1692/455/571
f 1561/463/572 1548/488/572 1584/458/572
f 1206/490/573 1209/497/573 1207/472/573
f 1207/472/574 1209/497/574 1210/498/574
f 1207/472/575 1210/498/575 1211/460/575
f 1211/460/576 1210/498/576 1212/491/576
f 1369/484/577 1368/499/577 1362/475/577
f 1354/447/578 1362/475/578 1361/485/578
f 1772/474/579 1712/500/579 1716/486/579
f 1692/455/580 1690/496/580 1703/494/580
f 481/477/581 332/501/581 205/502/581
f 481/477/582 205/502/582 239/489/582
f 1307/503/583 1309/504/583 1312/469/583
f 1212/491/584 1213/505/584 1277/461/584
f 1361/485/585 1375/506/585 1374/473/585
f 1775/507/586 1712/500/586 1772/474/586
f 1716/486/587 1712/500/587 1681/492/587
f 1548/488/588 1585/508/588 1584/458/588
f 1655/462/589 1639/467/589 1652/509/589
f 1652/509/590 1668/510/590 1655/462/590
f 1655/462/591 1668/510/591 1690/496/591
f 1585/508/592 1639/467/592 1584/458/592
f 1362/475/593 1367/511/593 1363/512/593
f 1362/475/594 1363/512/594 1361/485/594
f 1363/512/595 1364/513/595 1361/485/595
f 1364/513/596 1375/506/596 1361/485/596
f 1375/506/597 1307/503/597 1374/473/597
f 1427/495/598 1703/494/598 1429/514/598
f 1209/497/599 1220/515/599 1210/498/599
f 1212/491/600 1210/498/600 1213/505/600
f 1213/505/601 1217/516/601 1277/461/601
f 1368/499/602 1367/511/602 1362/475/602
f 1375/506/603 1310/517/603 1307/503/603
f 1775/507/604 1773/518/604 1712/500/604
f 1557/487/605 1546/519/605 1547/457/605
f 332/501/606 202/520/606 205/502/606
f 698/521/607 693/522/607 697/523/607
f 1210/498/608 1220/515/608 1214/524/608
f 1210/498/609 1214/524/609 1213/505/609
f 1277/461/610 1217/516/610 1247/493/610
f 1245/525/611 1242/526/611 1247/493/611
f 1712/500/612 1773/518/612 1713/527/612
f 1368/499/613 1429/514/613 1430/528/613
f 1368/499/614 1430/528/614 1367/511/614
f 1712/500/615 1713/527/615 1694/529/615
f 1712/500/616 1694/529/616 1681/492/616
f 1703/494/617 1430/528/617 1429/514/617
f 1681/492/618 1556/530/618 1557/487/618
f 1690/496/619 1689/531/619 1703/494/619
f 1557/487/620 1556/530/620 1546/519/620
f 1547/457/621 1546/519/621 1544/532/621
f 1547/457/622 1544/532/622 1548/488/622
f 1585/508/623 1630/533/623 1639/467/623
f 697/523/624 693/522/624 696/534/624
f 202/520/625 204/535/625 205/502/625
f 1310/517/626 1317/536/626 1318/537/626
f 1217/516/627 1245/525/627 1247/493/627
f 1703/494/628 1891/538/628 1430/528/628
f 1703/494/629 1689/531/629 1891/538/629
f 1690/496/630 1668/510/630 1689/531/630
f 1214/524/631 1215/539/631 1213/505/631
f 1365/540/632 1364/513/632 1363/512/632
f 1364/513/633 1322/541/633 1375/506/633
f 1322/541/634 1319/542/634 1375/506/634
f 1375/506/635 1319/542/635 1310/517/635
f 1694/529/636 1556/530/636 1681/492/636
f 1548/488/637 1549/543/637 1585/508/637
f 1585/508/638 1549/543/638 1630/533/638
f 1038/544/639 1159/545/639 1084/546/639
f 1215/539/640 1216/547/640 1213/505/640
f 1213/505/641 1216/547/641 1217/516/641
f 1217/516/642 1241/548/642 1245/525/642
f 1245/525/643 1241/548/643 1242/526/643
f 1367/511/644 1430/528/644 1363/512/644
f 1891/538/645 1431/549/645 1430/528/645
f 1630/533/646 1652/509/646 1639/467/646
f 1548/488/647 1544/532/647 1549/543/647
f 202/520/648 201/550/648 203/551/648
f 202/520/649 203/551/649 204/535/649
f 1365/540/650 1322/541/650 1364/513/650
f 1263/552/651 1240/553/651 1266/554/651
f 1556/530/652 1545/555/652 1546/519/652
f 1668/510/653 1656/556/653 1689/531/653
f 1038/544/654 1084/546/654 1028/557/654
f 202/520/655 199/558/655 201/550/655
f 1217/516/656 1216/547/656 1218/559/656
f 1217/516/657 1218/559/657 1219/560/657
f 1321/561/658 1319/542/658 1322/541/658
f 1241/548/659 1240/553/659 1242/526/659
f 1363/512/660 1431/549/660 1432/562/660
f 1363/512/661 1432/562/661 1365/540/661
f 1242/526/662 1240/553/662 1263/552/662
f 1891/538/663 1432/562/663 1431/549/663
f 1689/531/664 1684/563/664 1891/538/664
f 1656/556/665 1684/563/665 1689/531/665
f 1652/509/666 1656/556/666 1668/510/666
f 1549/543/667 1631/564/667 1630/533/667
f 1630/533/668 1631/564/668 1652/509/668
f 692/565/669 685/566/669 686/567/669
f 1040/568/670 1159/545/670 1148/569/670
f 1217/516/671 1232/570/671 1241/548/671
f 1324/571/672 1323/572/672 1322/541/672
f 1365/540/673 1324/571/673 1322/541/673
f 1323/572/674 1321/561/674 1322/541/674
f 1232/570/675 1240/553/675 1241/548/675
f 1545/555/676 1544/532/676 1546/519/676
f 1631/564/677 1656/556/677 1652/509/677
f 1217/516/678 1219/560/678 1232/570/678
f 1232/570/679 1228/573/679 1240/553/679
f 1631/564/680 1635/574/680 1656/556/680
f 1549/543/681 1560/575/681 1631/564/681
f 310/576/682 297/577/682 199/558/682
f 222/578/683 200/579/683 223/580/683
f 1219/560/684 1203/581/684 1232/570/684
f 1432/562/685 1891/538/685 1896/582/685
f 1556/530/686 1539/583/686 1545/555/686
f 1656/556/687 1679/584/687 1684/563/687
f 1654/585/688 1679/584/688 1656/556/688
f 1560/575/689 1635/574/689 1631/564/689
f 1219/560/690 1201/586/690 1203/581/690
f 1232/570/691 1203/581/691 1228/573/691
f 1694/529/692 1554/587/692 1556/530/692
f 1635/574/693 1654/585/693 1656/556/693
f 1544/532/694 1543/588/694 1549/543/694
f 199/558/695 198/589/695 197/590/695
f 1228/573/696 1239/591/696 1240/553/696
f 691/592/697 669/593/697 672/594/697
f 1240/553/698 1239/591/698 1266/554/698
f 1891/538/699 1882/595/699 1896/582/699
f 1684/563/700 1882/595/700 1891/538/700
f 1549/543/701 1543/588/701 1560/575/701
f 1202/596/702 1204/597/702 1203/581/702
f 1203/581/703 1225/598/703 1228/573/703
f 1024/599/704 1028/557/704 1025/600/704
f 1204/597/705 1224/601/705 1203/581/705
f 1239/591/706 1262/602/706 1266/554/706
f 1694/529/707 1715/603/707 1554/587/707
f 1545/555/708 1535/604/708 1544/532/708
f 1649/605/709 1679/584/709 1654/585/709
f 1544/532/710 1535/604/710 1543/588/710
f 1543/588/711 1540/606/711 1560/575/711
f 1203/581/712 1224/601/712 1225/598/712
f 691/592/713 689/607/713 669/593/713
f 1228/573/714 1225/598/714 1239/591/714
f 1896/582/715 1882/595/715 1892/608/715
f 1556/530/716 1554/587/716 1539/583/716
f 1539/583/717 1535/604/717 1545/555/717
f 1635/574/718 1649/605/718 1654/585/718
f 1543/588/719 1534/609/719 1538/610/719
f 1540/606/720 1634/611/720 1560/575/720
f 1560/575/721 1634/611/721 1635/574/721
f 198/589/722 195/612/722 197/590/722
f 1684/563/723 1883/613/723 1882/595/723
f 1679/584/724 1883/613/724 1684/563/724
f 1535/604/725 1534/609/725 1543/588/725
f 1635/574/726 1634/611/726 1649/605/726
f 1679/584/727 1682/614/727 1883/613/727
f 1554/587/728 1533/615/728 1539/583/728
f 1679/584/729 1660/616/729 1682/614/729
f 1543/588/730 1538/610/730 1540/606/730
f 1225/598/731 1238/617/731 1239/591/731
f 1715/603/732 1558/618/732 1554/587/732
f 1539/583/733 1533/615/733 1535/604/733
f 1535/604/734 1533/615/734 1534/609/734
f 195/612/735 193/619/735 197/590/735
f 197/590/736 193/619/736 196/620/736
f 1239/591/737 1255/621/737 1262/602/737
f 1224/601/738 1223/622/738 1225/598/738
f 1239/591/739 1238/617/739 1255/621/739
f 1262/602/740 1255/621/740 1261/623/740
f 1554/587/741 1558/618/741 1553/624/741
f 1554/587/742 1553/624/742 1533/615/742
f 1634/611/743 1650/625/743 1649/605/743
f 195/612/744 194/626/744 193/619/744
f 193/619/745 192/627/745 196/620/745
f 1224/601/746 1236/628/746 1221/629/746
f 1224/601/747 1221/629/747 1223/622/747
f 1225/598/748 1223/622/748 1238/617/748
f 1883/613/749 1874/630/749 1882/595/749
f 1660/616/750 1676/631/750 1682/614/750
f 1533/615/751 1532/632/751 1534/609/751
f 1649/605/752 1650/625/752 1660/616/752
f 1882/595/753 1873/633/753 1892/608/753
f 1874/630/754 1873/633/754 1882/595/754
f 1540/606/755 1541/634/755 1634/611/755
f 1682/614/756 1874/630/756 1883/613/756
f 1534/609/757 1532/632/757 1536/635/757
f 1534/609/758 1536/635/758 1538/610/758
f 1255/621/759 1258/636/759 1261/623/759
f 1650/625/760 1667/637/760 1660/616/760
f 1538/610/761 1537/638/761 1540/606/761
f 1541/634/762 1650/625/762 1634/611/762
f 1238/617/763 1246/639/763 1255/621/763
f 1246/639/764 1258/636/764 1255/621/764
f 1553/624/765 1531/640/765 1533/615/765
f 1536/635/766 1537/638/766 1538/610/766
f 1892/608/767 1873/633/767 1895/641/767
f 1660/616/768 1667/637/768 1676/631/768
f 1533/615/769 1531/640/769 1532/632/769
f 1537/638/770 1541/634/770 1540/606/770
f 1541/634/771 1651/642/771 1650/625/771
f 1650/625/772 1651/642/772 1667/637/772
f 1541/634/773 1653/643/773 1651/642/773
f 1221/629/774 1222/644/774 1223/622/774
f 1676/631/775 1677/645/775 1682/614/775
f 1541/634/776 1542/646/776 1653/643/776
f 1223/622/777 1222/644/777 1238/617/777
f 1238/617/778 1222/644/778 1246/639/778
f 1558/618/779 1555/647/779 1553/624/779
f 1682/614/780 1677/645/780 1874/630/780
f 1553/624/781 1555/647/781 1531/640/781
f 1717/648/782 1555/647/782 1558/618/782
f 1653/643/783 1670/649/783 1651/642/783
f 1537/638/784 1455/650/784 1542/646/784
f 1537/638/785 1542/646/785 1541/634/785
f 1222/644/786 1244/651/786 1246/639/786
f 1676/631/787 1667/637/787 1677/645/787
f 1651/642/788 1670/649/788 1675/652/788
f 1651/642/789 1675/652/789 1667/637/789
f 1536/635/790 1456/653/790 1537/638/790
f 1537/638/791 1456/653/791 1455/650/791
f 1653/643/792 1542/646/792 1643/654/792
f 1643/654/793 1736/655/793 1653/643/793
f 134/656/794 418/657/794 433/658/794
f 194/626/795 191/659/795 193/619/795
f 193/619/796 191/659/796 192/627/796
f 1455/650/797 1454/660/797 1542/646/797
f 1542/646/798 1454/660/798 1643/654/798
f 1675/652/799 1678/661/799 1667/637/799
f 1667/637/800 1678/661/800 1677/645/800
f 1531/640/801 1529/662/801 1532/632/801
f 1454/660/802 1436/663/802 1643/654/802
f 1643/654/803 1644/664/803 1736/655/803
f 1736/655/804 1727/665/804 1756/666/804
f 1736/655/805 1644/664/805 1727/665/805
f 784/667/806 783/668/806 782/669/806
f 8/670/807 10/671/807 118/672/807
f 813/673/808 811/674/808 812/675/808
f 1304/676/809 1306/677/809 1305/678/809
f 1677/645/810 1856/679/810 1874/630/810
f 1677/645/811 1678/661/811 1856/679/811
f 1959/680/812 1958/681/812 1956/682/812
f 2085/683/813 2086/684/813 2087/685/813
f 1670/649/814 1701/686/814 1675/652/814
f 1670/649/815 1756/666/815 1701/686/815
f 1532/632/816 1529/662/816 1456/653/816
f 1532/632/817 1456/653/817 1536/635/817
f 812/675/818 811/674/818 809/687/818
f 634/688/819 632/689/819 631/690/819
f 1303/691/820 1304/676/820 1305/678/820
f 640/692/821 625/693/821 632/689/821
f 1873/633/822 1862/694/822 1895/641/822
f 1856/679/823 1839/695/823 1874/630/823
f 1874/630/824 1839/695/824 1873/633/824
f 1958/681/825 1951/696/825 1956/682/825
f 1956/682/826 1951/696/826 1949/697/826
f 782/669/827 778/698/827 776/699/827
f 1956/682/828 1949/697/828 1948/700/828
f 784/667/829 778/698/829 783/668/829
f 1643/654/830 1436/663/830 1435/701/830
f 1643/654/831 1435/701/831 1644/664/831
f 12/702/832 24/703/832 49/704/832
f 809/687/833 811/674/833 810/705/833
f 614/706/834 630/707/834 631/690/834
f 625/693/835 614/706/835 631/690/835
f 632/689/836 625/693/836 631/690/836
f 2170/708/837 2171/709/837 2172/710/837
f 640/692/838 623/711/838 625/693/838
f 1873/633/839 1839/695/839 1862/694/839
f 1974/712/840 1960/713/840 1958/681/840
f 1958/681/841 1960/713/841 1953/714/841
f 1675/652/842 1683/715/842 1678/661/842
f 1958/681/843 1953/714/843 1951/696/843
f 1531/640/844 1530/716/844 1529/662/844
f 1701/686/845 1696/717/845 1675/652/845
f 776/699/846 778/698/846 767/718/846
f 1727/665/847 1644/664/847 1662/719/847
f 784/667/848 785/720/848 778/698/848
f 1455/650/849 1448/721/849 1454/660/849
f 1454/660/850 1433/722/850 1436/663/850
f 809/687/851 804/723/851 805/724/851
f 2160/725/852 2161/726/852 2162/727/852
f 1981/728/853 1978/729/853 1977/730/853
f 1977/730/854 1978/729/854 1979/731/854
f 643/732/855 624/733/855 623/711/855
f 194/626/856 292/734/856 191/659/856
f 1678/661/857 1683/715/857 1856/679/857
f 1695/735/858 1683/715/858 1675/652/858
f 1696/717/859 1695/735/859 1675/652/859
f 1529/662/860 1457/736/860 1456/653/860
f 785/720/861 766/737/861 778/698/861
f 778/698/862 766/737/862 767/718/862
f 1948/700/863 1944/738/863 1947/739/863
f 1454/660/864 1448/721/864 1433/722/864
f 1644/664/865 1435/701/865 1662/719/865
f 1436/663/866 1433/722/866 1435/701/866
f 806/740/867 805/724/867 803/741/867
f 804/723/868 801/742/868 803/741/868
f 805/724/869 804/723/869 803/741/869
f 614/706/870 616/743/870 630/707/870
f 625/693/871 613/744/871 614/706/871
f 623/711/872 613/744/872 625/693/872
f 624/733/873 621/745/873 619/746/873
f 624/733/874 619/746/874 623/711/874
f 1978/729/875 1980/747/875 1979/731/875
f 624/733/876 626/748/876 621/745/876
f 1236/628/877 1235/749/877 1221/629/877
f 659/750/878 670/751/878 680/752/878
f 1244/651/879 1251/753/879 1246/639/879
f 1960/713/880 1921/754/880 1922/755/880
f 1960/713/881 1922/755/881 1953/714/881
f 764/756/882 762/757/882 765/758/882
f 1695/735/883 1885/759/883 1683/715/883
f 1951/696/884 1943/760/884 1949/697/884
f 1456/653/885 1452/761/885 1455/650/885
f 1455/650/886 1452/761/886 1448/721/886
f 1662/719/887 1663/762/887 1752/763/887
f 766/737/888 763/764/888 764/756/888
f 767/718/889 766/737/889 764/756/889
f 1752/763/890 1663/762/890 1751/765/890
f 766/737/891 760/766/891 763/764/891
f 1949/697/892 1943/760/892 1948/700/892
f 1948/700/893 1943/760/893 1944/738/893
f 1944/738/894 1946/767/894 1947/739/894
f 1435/701/895 1437/768/895 1662/719/895
f 807/769/896 803/741/896 802/770/896
f 803/741/897 801/742/897 802/770/897
f 623/711/898 619/746/898 610/771/898
f 623/711/899 610/771/899 613/744/899
f 626/748/900 622/772/900 621/745/900
f 1862/694/901 1922/755/901 1921/754/901
f 1246/639/902 1251/753/902 1258/636/902
f 1456/653/903 1457/736/903 1452/761/903
f 1663/762/904 1750/773/904 1751/765/904
f 1662/719/905 1437/768/905 1663/762/905
f 808/774/906 802/770/906 800/775/906
f 808/774/907 800/775/907 798/776/907
f 799/777/908 795/778/908 798/776/908
f 800/775/909 799/777/909 798/776/909
f 2176/779/910 2179/780/910 2177/781/910
f 659/750/911 680/752/911 663/782/911
f 1922/755/912 1952/783/912 1953/714/912
f 1953/714/913 1952/783/913 1950/784/913
f 1885/759/914 1884/785/914 1683/715/914
f 1953/714/915 1950/784/915 1951/696/915
f 761/786/916 759/787/916 757/788/916
f 1918/789/917 1885/759/917 1695/735/917
f 1663/762/918 1747/790/918 1750/773/918
f 1944/738/919 1945/791/919 1946/767/919
f 798/776/920 795/778/920 789/792/920
f 615/793/921 639/794/921 616/743/921
f 799/777/922 797/795/922 795/778/922
f 614/706/923 615/793/923 616/743/923
f 612/796/924 615/793/924 614/706/924
f 613/744/925 612/796/925 614/706/925
f 1978/729/926 1983/797/926 1984/798/926
f 622/772/927 620/799/927 621/745/927
f 1839/695/928 1827/800/928 1862/694/928
f 1862/694/929 1827/800/929 1922/755/929
f 1555/647/930 1551/801/930 1531/640/930
f 1531/640/931 1551/801/931 1530/716/931
f 1885/759/932 1887/802/932 1884/785/932
f 1951/696/933 1950/784/933 1942/803/933
f 1951/696/934 1942/803/934 1943/760/934
f 1529/662/935 1528/804/935 1457/736/935
f 759/787/936 756/805/936 757/788/936
f 1943/760/937 1942/803/937 1941/806/937
f 1943/760/938 1941/806/938 1944/738/938
f 1944/738/939 1941/806/939 1945/791/939
f 1433/722/940 1434/807/940 1435/701/940
f 791/808/941 790/809/941 789/792/941
f 795/778/942 791/808/942 789/792/942
f 610/771/943 612/796/943 613/744/943
f 621/745/944 620/799/944 619/746/944
f 1530/716/945 1528/804/945 1529/662/945
f 1663/762/946 1658/810/946 1705/811/946
f 1663/762/947 1705/811/947 1747/790/947
f 1452/761/948 1445/812/948 1448/721/948
f 1448/721/949 1445/812/949 1433/722/949
f 1437/768/950 1658/810/950 1663/762/950
f 1435/701/951 1434/807/951 1437/768/951
f 788/813/952 790/809/952 793/814/952
f 792/815/953 794/816/953 793/814/953
f 790/809/954 792/815/954 793/814/954
f 619/746/955 618/817/955 610/771/955
f 1235/749/956 1226/818/956 1221/629/956
f 753/819/957 769/820/957 770/821/957
f 753/819/958 770/821/958 757/788/958
f 1528/804/959 1471/822/959 1457/736/959
f 753/819/960 755/823/960 768/824/960
f 1658/810/961 1880/825/961 1908/826/961
f 1705/811/962 1658/810/962 1908/826/962
f 1941/806/963 1955/827/963 1945/791/963
f 612/796/964 617/828/964 615/793/964
f 612/796/965 611/829/965 617/828/965
f 610/771/966 611/829/966 612/796/966
f 620/799/967 618/817/967 619/746/967
f 1226/818/968 1222/644/968 1221/629/968
f 1222/644/969 1227/830/969 1244/651/969
f 1856/679/970 1826/831/970 1839/695/970
f 1839/695/971 1826/831/971 1827/800/971
f 1922/755/972 1933/832/972 1952/783/972
f 1884/785/973 1856/679/973 1683/715/973
f 1887/802/974 1886/833/974 1884/785/974
f 770/821/975 772/834/975 773/835/975
f 1950/784/976 1938/836/976 1942/803/976
f 1471/822/977 1459/837/977 1457/736/977
f 1942/803/978 1938/836/978 1941/806/978
f 2113/838/979 2112/839/979 2117/840/979
f 1434/807/980 1438/841/980 1437/768/980
f 993/842/981 992/843/981 995/844/981
f 792/815/982 796/845/982 794/816/982
f 618/817/983 611/829/983 610/771/983
f 1922/755/984 1827/800/984 1933/832/984
f 1717/648/985 1702/846/985 1555/647/985
f 1555/647/986 1702/846/986 1551/801/986
f 1884/785/987 1828/847/987 1856/679/987
f 1952/783/988 1933/832/988 1935/848/988
f 1952/783/989 1935/848/989 1950/784/989
f 1950/784/990 1935/848/990 1938/836/990
f 1938/836/991 1940/849/991 1941/806/991
f 2104/850/992 2112/839/992 2113/838/992
f 1438/841/993 1439/851/993 1437/768/993
f 993/842/994 989/852/994 992/843/994
f 611/829/995 633/853/995 617/828/995
f 627/854/996 633/853/996 611/829/996
f 618/817/997 627/854/997 611/829/997
f 620/799/998 629/855/998 618/817/998
f 1827/800/999 1826/831/999 1815/856/999
f 1251/753/1000 1256/857/1000 1258/636/1000
f 1886/833/1001 1828/847/1001 1884/785/1001
f 1937/858/1002 1939/859/1002 1938/836/1002
f 1935/848/1003 1937/858/1003 1938/836/1003
f 1938/836/1004 1939/859/1004 1940/849/1004
f 1880/825/1005 1658/810/1005 1878/860/1005
f 1437/768/1006 1439/851/1006 1658/810/1006
f 1433/722/1007 1445/812/1007 1434/807/1007
f 17/861/1008 18/862/1008 22/863/1008
f 989/852/1009 991/864/1009 992/843/1009
f 628/865/1010 627/854/1010 618/817/1010
f 636/866/1011 635/867/1011 629/855/1011
f 1827/800/1012 1815/856/1012 1933/832/1012
f 1717/648/1013 1718/868/1013 1702/846/1013
f 1856/679/1014 1828/847/1014 1826/831/1014
f 1886/833/1015 1829/869/1015 1828/847/1015
f 1936/870/1016 1937/858/1016 1935/848/1016
f 1471/822/1017 1462/871/1017 1459/837/1017
f 1445/812/1018 1442/872/1018 1434/807/1018
f 1442/872/1019 1438/841/1019 1434/807/1019
f 628/865/1020 637/873/1020 627/854/1020
f 629/855/1021 628/865/1021 618/817/1021
f 635/867/1022 628/865/1022 629/855/1022
f 1815/856/1023 1929/874/1023 1933/832/1023
f 1933/832/1024 1929/874/1024 1934/875/1024
f 1933/832/1025 1934/875/1025 1935/848/1025
f 1934/875/1026 1936/870/1026 1935/848/1026
f 2105/876/1027 2106/877/1027 2102/878/1027
f 1658/810/1028 1877/879/1028 1878/860/1028
f 1878/860/1029 1877/879/1029 1879/880/1029
f 628/865/1030 638/881/1030 637/873/1030
f 1226/818/1031 1227/830/1031 1222/644/1031
f 1815/856/1032 1814/882/1032 1929/874/1032
f 2108/883/1033 2107/884/1033 2106/877/1033
f 1658/810/1034 1508/885/1034 1877/879/1034
f 1439/851/1035 1508/885/1035 1658/810/1035
f 1438/841/1036 1441/886/1036 1440/887/1036
f 1438/841/1037 1440/887/1037 1439/851/1037
f 989/852/1038 990/888/1038 991/864/1038
f 1990/889/1039 1991/890/1039 1989/891/1039
f 635/867/1040 638/881/1040 628/865/1040
f 1810/892/1041 1814/882/1041 1815/856/1041
f 2110/893/1042 2109/894/1042 2108/883/1042
f 1459/837/1043 1462/871/1043 1460/895/1043
f 1459/837/1044 1460/895/1044 1452/761/1044
f 1452/761/1045 1451/896/1045 1445/812/1045
f 1440/887/1046 1508/885/1046 1439/851/1046
f 1438/841/1047 1442/872/1047 1441/886/1047
f 990/888/1048 996/897/1048 991/864/1048
f 1814/882/1049 1930/898/1049 1929/874/1049
f 1930/898/1050 1931/899/1050 1929/874/1050
f 787/900/1051 786/901/1051 780/902/1051
f 1826/831/1052 1819/903/1052 1810/892/1052
f 1508/885/1053 1870/904/1053 1877/879/1053
f 1814/882/1054 1932/905/1054 1930/898/1054
f 1828/847/1055 1819/903/1055 1826/831/1055
f 1919/906/1056 1911/907/1056 1829/869/1056
f 1471/822/1057 1468/908/1057 1462/871/1057
f 1440/887/1058 1502/909/1058 1508/885/1058
f 1911/907/1059 1821/910/1059 1829/869/1059
f 1460/895/1060 1451/896/1060 1452/761/1060
f 1445/812/1061 1451/896/1061 1446/911/1061
f 300/912/1062 295/913/1062 294/914/1062
f 292/734/1063 188/915/1063 191/659/1063
f 2120/916/1064 2145/917/1064 2141/918/1064
f 1227/830/1065 1243/919/1065 1244/651/1065
f 1244/651/1066 1243/919/1066 1251/753/1066
f 1829/869/1067 1821/910/1067 1828/847/1067
f 1446/911/1068 1442/872/1068 1445/812/1068
f 295/913/1069 188/915/1069 294/914/1069
f 1235/749/1070 1229/920/1070 1226/818/1070
f 1243/919/1071 1250/921/1071 1251/753/1071
f 1828/847/1072 1821/910/1072 1819/903/1072
f 1551/801/1073 1550/922/1073 1530/716/1073
f 1528/804/1074 1472/923/1074 1468/908/1074
f 1869/924/1075 1871/925/1075 1911/907/1075
f 1508/885/1076 1502/909/1076 1870/904/1076
f 190/926/1077 188/915/1077 189/927/1077
f 1235/749/1078 1237/928/1078 1229/920/1078
f 1251/753/1079 1250/921/1079 1256/857/1079
f 1530/716/1080 1472/923/1080 1528/804/1080
f 1468/908/1081 1460/895/1081 1462/871/1081
f 1441/886/1082 1502/909/1082 1440/887/1082
f 1226/818/1083 1229/920/1083 1227/830/1083
f 1227/830/1084 1230/929/1084 1243/919/1084
f 1250/921/1085 1257/930/1085 1256/857/1085
f 1810/892/1086 1811/931/1086 1798/932/1086
f 1810/892/1087 1798/932/1087 1800/933/1087
f 1702/846/1088 1550/922/1088 1551/801/1088
f 1821/910/1089 1811/931/1089 1819/903/1089
f 1502/909/1090 1867/934/1090 1870/904/1090
f 1819/903/1091 1811/931/1091 1810/892/1091
f 1530/716/1092 1550/922/1092 1472/923/1092
f 1824/935/1093 1811/931/1093 1821/910/1093
f 1468/908/1094 1463/936/1094 1460/895/1094
f 1869/924/1095 1868/937/1095 1871/925/1095
f 1442/872/1096 1443/938/1096 1441/886/1096
f 1227/830/1097 1229/920/1097 1230/929/1097
f 1824/935/1098 1822/939/1098 1811/931/1098
f 1472/923/1099 1463/936/1099 1468/908/1099
f 1441/886/1100 1444/940/1100 1502/909/1100
f 1702/846/1101 1552/941/1101 1550/922/1101
f 1868/937/1102 1822/939/1102 1824/935/1102
f 1453/942/1103 1446/911/1103 1451/896/1103
f 1867/934/1104 1868/937/1104 1869/924/1104
f 1446/911/1105 1443/938/1105 1442/872/1105
f 1443/938/1106 1444/940/1106 1441/886/1106
f 1809/943/1107 1801/944/1107 1811/931/1107
f 1811/931/1108 1801/944/1108 1798/932/1108
f 1460/895/1109 1453/942/1109 1451/896/1109
f 1868/937/1110 1840/945/1110 1822/939/1110
f 1507/946/1111 1844/947/1111 1867/934/1111
f 1867/934/1112 1844/947/1112 1868/937/1112
f 1502/909/1113 1507/946/1113 1867/934/1113
f 295/913/1114 298/948/1114 181/949/1114
f 1257/930/1115 1250/921/1115 1259/950/1115
f 1460/895/1116 1461/951/1116 1453/942/1116
f 1444/940/1117 1507/946/1117 1502/909/1117
f 1237/928/1118 1231/952/1118 1229/920/1118
f 1798/932/1119 1801/944/1119 1796/953/1119
f 1822/939/1120 1823/954/1120 1809/943/1120
f 1453/942/1121 1447/955/1121 1446/911/1121
f 1446/911/1122 1447/955/1122 1443/938/1122
f 1443/938/1123 1449/956/1123 1444/940/1123
f 188/915/1124 181/949/1124 183/957/1124
f 1231/952/1125 1230/929/1125 1229/920/1125
f 1243/919/1126 1248/958/1126 1250/921/1126
f 1250/921/1127 1248/958/1127 1259/950/1127
f 1447/955/1128 1449/956/1128 1443/938/1128
f 1230/929/1129 1234/959/1129 1243/919/1129
f 1243/919/1130 1234/959/1130 1248/958/1130
f 1509/960/1131 1472/923/1131 1550/922/1131
f 1472/923/1132 1464/961/1132 1463/936/1132
f 1461/951/1133 1450/962/1133 1453/942/1133
f 1453/942/1134 1450/962/1134 1447/955/1134
f 1231/952/1135 1233/963/1135 1230/929/1135
f 1809/943/1136 1804/964/1136 1801/944/1136
f 1552/941/1137 1509/960/1137 1550/922/1137
f 1472/923/1138 1469/965/1138 1464/961/1138
f 1843/966/1139 1841/967/1139 1844/947/1139
f 1463/936/1140 1461/951/1140 1460/895/1140
f 1507/946/1141 1843/966/1141 1844/947/1141
f 1449/956/1142 1503/968/1142 1444/940/1142
f 1444/940/1143 1503/968/1143 1507/946/1143
f 181/949/1144 180/969/1144 183/957/1144
f 947/970/1145 948/971/1145 949/972/1145
f 1809/943/1146 1823/954/1146 1816/973/1146
f 1840/945/1147 1841/967/1147 1823/954/1147
f 1463/936/1148 1464/961/1148 1461/951/1148
f 1447/955/1149 1450/962/1149 1449/956/1149
f 298/948/1150 172/974/1150 181/949/1150
f 1233/963/1151 1234/959/1151 1230/929/1151
f 1509/960/1152 1469/965/1152 1472/923/1152
f 1461/951/1153 1466/975/1153 1450/962/1153
f 1796/953/1154 1795/976/1154 1794/977/1154
f 1248/958/1155 1260/978/1155 1259/950/1155
f 1841/967/1156 1842/979/1156 1823/954/1156
f 1823/954/1157 1830/980/1157 1816/973/1157
f 1842/979/1158 1830/980/1158 1823/954/1158
f 1804/964/1159 1795/976/1159 1801/944/1159
f 1552/941/1160 1714/981/1160 1509/960/1160
f 1469/965/1161 1465/982/1161 1464/961/1161
f 1465/982/1162 1466/975/1162 1461/951/1162
f 1464/961/1163 1465/982/1163 1461/951/1163
f 1466/975/1164 1467/983/1164 1450/962/1164
f 1450/962/1165 1458/984/1165 1449/956/1165
f 1503/968/1166 1875/985/1166 1507/946/1166
f 1809/943/1167 1816/973/1167 1804/964/1167
f 1507/946/1168 1875/985/1168 1843/966/1168
f 1843/966/1169 1850/986/1169 1842/979/1169
f 1469/965/1170 1470/987/1170 1465/982/1170
f 1470/987/1171 1473/988/1171 1465/982/1171
f 1466/975/1172 1477/989/1172 1467/983/1172
f 1467/983/1173 1458/984/1173 1450/962/1173
f 299/990/1174 169/991/1174 172/974/1174
f 1234/959/1175 1249/992/1175 1248/958/1175
f 1509/960/1176 1470/987/1176 1469/965/1176
f 1465/982/1177 1473/988/1177 1466/975/1177
f 1458/984/1178 1482/993/1178 1449/956/1178
f 1449/956/1179 1482/993/1179 1503/968/1179
f 948/971/1180 950/994/1180 949/972/1180
f 1248/958/1181 1252/995/1181 1260/978/1181
f 1509/960/1182 1479/996/1182 1470/987/1182
f 1473/988/1183 1475/997/1183 1466/975/1183
f 1503/968/1184 1482/993/1184 1506/998/1184
f 1503/968/1185 1506/998/1185 1875/985/1185
f 949/972/1186 950/994/1186 959/999/1186
f 1804/964/1187 1803/1000/1187 1795/976/1187
f 1842/979/1188 1835/1001/1188 1830/980/1188
f 1830/980/1189 1835/1001/1189 1816/973/1189
f 1466/975/1190 1475/997/1190 1477/989/1190
f 1458/984/1191 1467/983/1191 1482/993/1191
f 172/974/1192 169/991/1192 170/1002/1192
f 950/994/1193 958/1003/1193 959/999/1193
f 1795/976/1194 1803/1000/1194 1792/1004/1194
f 1249/992/1195 1252/995/1195 1248/958/1195
f 1816/973/1196 1812/1005/1196 1804/964/1196
f 1470/987/1197 1474/1006/1197 1473/988/1197
f 1875/985/1198 1506/998/1198 1850/986/1198
f 1467/983/1199 1481/1007/1199 1482/993/1199
f 1509/960/1200 1714/981/1200 1479/996/1200
f 1479/996/1201 1474/1006/1201 1470/987/1201
f 1850/986/1202 1835/1001/1202 1842/979/1202
f 1467/983/1203 1477/989/1203 1481/1007/1203
f 169/991/1204 165/1008/1204 170/1002/1204
f 1249/992/1205 1253/1009/1205 1252/995/1205
f 1260/978/1206 1264/1010/1206 1270/1011/1206
f 1506/998/1207 1881/1012/1207 1864/1013/1207
f 1506/998/1208 1864/1013/1208 1850/986/1208
f 1475/997/1209 1476/1014/1209 1477/989/1209
f 1477/989/1210 1476/1014/1210 1481/1007/1210
f 1481/1007/1211 1483/1015/1211 1482/993/1211
f 1482/993/1212 1483/1015/1212 1486/1016/1212
f 1482/993/1213 1486/1016/1213 1506/998/1213
f 1479/996/1214 1480/1017/1214 1474/1006/1214
f 1850/986/1215 1864/1013/1215 1835/1001/1215
f 1481/1007/1216 1476/1014/1216 1483/1015/1216
f 959/999/1217 958/1003/1217 956/1018/1217
f 1260/978/1218 1252/995/1218 1264/1010/1218
f 1476/1014/1219 1484/1019/1219 1483/1015/1219
f 40/1020/1220 47/1021/1220 46/1022/1220
f 957/1023/1221 956/1018/1221 958/1003/1221
f 1803/1000/1222 1802/1024/1222 1792/1004/1222
f 1264/1010/1223 1269/1025/1223 1270/1011/1223
f 1474/1006/1224 1476/1014/1224 1475/997/1224
f 1498/1026/1225 1486/1016/1225 1483/1015/1225
f 166/1027/1226 159/1028/1226 165/1008/1226
f 159/1028/1227 164/1029/1227 165/1008/1227
f 1253/1009/1228 1254/1030/1228 1252/995/1228
f 1252/995/1229 1254/1030/1229 1264/1010/1229
f 1816/973/1230 1825/1031/1230 1812/1005/1230
f 1835/1001/1231 1825/1031/1231 1816/973/1231
f 174/1032/1232 159/1028/1232 166/1027/1232
f 159/1028/1233 161/1033/1233 164/1029/1233
f 957/1023/1234 955/1034/1234 956/1018/1234
f 1474/1006/1235 1478/1035/1235 1476/1014/1235
f 1486/1016/1236 1864/1013/1236 1881/1012/1236
f 1484/1019/1237 1487/1036/1237 1483/1015/1237
f 1483/1015/1238 1487/1036/1238 1494/1037/1238
f 1483/1015/1239 1494/1037/1239 1498/1026/1239
f 1864/1013/1240 1825/1031/1240 1835/1001/1240
f 1498/1026/1241 1500/1038/1241 1486/1016/1241
f 1500/1038/1242 1504/1039/1242 1486/1016/1242
f 1486/1016/1243 1504/1039/1243 1864/1013/1243
f 1476/1014/1244 1485/1040/1244 1484/1019/1244
f 956/1018/1245 953/1041/1245 964/1042/1245
f 1803/1000/1246 1813/1043/1246 1802/1024/1246
f 1812/1005/1247 1813/1043/1247 1803/1000/1247
f 1504/1039/1248 1825/1031/1248 1864/1013/1248
f 1474/1006/1249 1480/1017/1249 1478/1035/1249
f 1478/1035/1250 1485/1040/1250 1476/1014/1250
f 159/1028/1251 160/1044/1251 161/1033/1251
f 956/1018/1252 955/1034/1252 953/1041/1252
f 1254/1030/1253 1265/1045/1253 1264/1010/1253
f 1264/1010/1254 1265/1045/1254 1269/1025/1254
f 1485/1040/1255 1488/1046/1255 1484/1019/1255
f 1484/1019/1256 1488/1046/1256 1487/1036/1256
f 951/1047/1257 953/1041/1257 955/1034/1257
f 1825/1031/1258 1820/1048/1258 1812/1005/1258
f 1504/1039/1259 1500/1038/1259 1834/1049/1259
f 1504/1039/1260 1834/1049/1260 1825/1031/1260
f 1834/1049/1261 1820/1048/1261 1825/1031/1261
f 1525/1050/1262 1485/1040/1262 1478/1035/1262
f 1480/1017/1263 1525/1050/1263 1478/1035/1263
f 1494/1037/1264 1490/1051/1264 1498/1026/1264
f 1498/1026/1265 1499/1052/1265 1500/1038/1265
f 1487/1036/1266 1490/1051/1266 1494/1037/1266
f 1820/1048/1267 1813/1043/1267 1812/1005/1267
f 1489/1053/1268 1490/1051/1268 1487/1036/1268
f 1490/1051/1269 1499/1052/1269 1498/1026/1269
f 175/1054/1270 176/1055/1270 174/1032/1270
f 159/1028/1271 157/1056/1271 160/1044/1271
f 1254/1030/1272 1267/1057/1272 1265/1045/1272
f 1848/1058/1273 1834/1049/1273 1500/1038/1273
f 1525/1050/1274 1493/1059/1274 1485/1040/1274
f 1485/1040/1275 1493/1059/1275 1488/1046/1275
f 1488/1046/1276 1489/1053/1276 1487/1036/1276
f 1500/1038/1277 1499/1052/1277 1501/1060/1277
f 951/1047/1278 952/1061/1278 953/1041/1278
f 1805/1062/1279 1806/1063/1279 1975/1064/1279
f 1820/1048/1280 1817/1065/1280 1813/1043/1280
f 1493/1059/1281 1492/1066/1281 1488/1046/1281
f 1491/1067/1282 1489/1053/1282 1488/1046/1282
f 1802/1024/1283 1807/1068/1283 1806/1063/1283
f 1802/1024/1284 1806/1063/1284 1805/1062/1284
f 1525/1050/1285 1492/1066/1285 1493/1059/1285
f 1499/1052/1286 1490/1051/1286 1497/1069/1286
f 952/1061/1287 954/1070/1287 953/1041/1287
f 953/1041/1288 954/1070/1288 961/1071/1288
f 1820/1048/1289 1834/1049/1289 1817/1065/1289
f 1267/1057/1290 1268/1072/1290 1265/1045/1290
f 1265/1045/1291 1268/1072/1291 1271/1073/1291
f 1501/1060/1292 1848/1058/1292 1500/1038/1292
f 1848/1058/1293 1837/1074/1293 1834/1049/1293
f 1492/1066/1294 1491/1067/1294 1488/1046/1294
f 1489/1053/1295 1491/1067/1295 1490/1051/1295
f 1490/1051/1296 1491/1067/1296 1497/1069/1296
f 1834/1049/1297 1837/1074/1297 1836/1075/1297
f 1834/1049/1298 1836/1075/1298 1831/1076/1298
f 961/1071/1299 954/1070/1299 962/1077/1299
f 1834/1049/1300 1831/1076/1300 1817/1065/1300
f 1848/1058/1301 1674/1078/1301 1837/1074/1301
f 1491/1067/1302 1495/1079/1302 1497/1069/1302
f 1497/1069/1303 1505/1080/1303 1499/1052/1303
f 1499/1052/1304 1505/1080/1304 1501/1060/1304
f 178/1081/1305 156/1082/1305 158/1083/1305
f 1807/1068/1306 1808/1084/1306 1806/1063/1306
f 1817/1065/1307 1808/1084/1307 1807/1068/1307
f 961/1071/1308 962/1077/1308 972/1085/1308
f 1501/1060/1309 1674/1078/1309 1848/1058/1309
f 1492/1066/1310 1495/1079/1310 1491/1067/1310
f 1495/1079/1311 1512/1086/1311 1497/1069/1311
f 1497/1069/1312 1512/1086/1312 1524/1087/1312
f 1818/1088/1313 1808/1084/1313 1817/1065/1313
f 1524/1087/1314 1505/1080/1314 1497/1069/1314
f 1505/1080/1315 1674/1078/1315 1501/1060/1315
f 1512/1086/1316 1513/1089/1316 1524/1087/1316
f 969/1090/1317 963/1091/1317 954/1070/1317
f 1268/1072/1318 1272/1092/1318 1271/1073/1318
f 1272/1092/1319 1273/1093/1319 1271/1073/1319
f 1492/1066/1320 1496/1094/1320 1495/1079/1320
f 1524/1087/1321 1640/1095/1321 1505/1080/1321
f 1513/1089/1322 1640/1095/1322 1524/1087/1322
f 2155/1096/1323 2156/1097/1323 2153/1098/1323
f 954/1070/1324 963/1091/1324 962/1077/1324
f 1674/1078/1325 1838/1099/1325 1837/1074/1325
f 1640/1095/1326 1674/1078/1326 1505/1080/1326
f 1495/1079/1327 1511/1100/1327 1512/1086/1327
f 1808/1084/1328 1971/1101/1328 1973/1102/1328
f 1838/1099/1329 1836/1075/1329 1837/1074/1329
f 1496/1094/1330 1510/1103/1330 1495/1079/1330
f 1495/1079/1331 1510/1103/1331 1511/1100/1331
f 1511/1100/1332 1513/1089/1332 1512/1086/1332
f 178/1081/1333 153/1104/1333 156/1082/1333
f 969/1090/1334 977/1105/1334 963/1091/1334
f 1836/1075/1335 1832/1106/1335 1831/1076/1335
f 1511/1100/1336 1514/1107/1336 1513/1089/1336
f 139/1108/1337 85/1109/1337 87/1110/1337
f 153/1104/1338 154/1111/1338 155/1112/1338
f 1496/1094/1339 1559/1113/1339 1510/1103/1339
f 1513/1089/1340 1514/1107/1340 1515/1114/1340
f 1513/1089/1341 1515/1114/1341 1516/1115/1341
f 1513/1089/1342 1516/1115/1342 1640/1095/1342
f 1511/1100/1343 1788/1116/1343 1779/1117/1343
f 1511/1100/1344 1779/1117/1344 1514/1107/1344
f 140/1118/1345 139/1108/1345 141/1119/1345
f 140/1118/1346 86/1120/1346 85/1109/1346
f 140/1118/1347 85/1109/1347 139/1108/1347
f 140/1118/1348 186/1121/1348 86/1120/1348
f 139/1108/1349 87/1110/1349 88/1122/1349
f 139/1108/1350 88/1122/1350 141/1119/1350
f 962/1077/1351 965/1123/1351 974/1124/1351
f 1838/1099/1352 1846/1125/1352 1845/1126/1352
f 1838/1099/1353 1845/1126/1353 1836/1075/1353
f 1847/1127/1354 1846/1125/1354 1838/1099/1354
f 1273/1093/1355 1272/1092/1355 1274/1128/1355
f 1640/1095/1356 1847/1127/1356 1674/1078/1356
f 1510/1103/1357 1788/1116/1357 1511/1100/1357
f 1510/1103/1358 1787/1129/1358 1788/1116/1358
f 1788/1116/1359 1780/1130/1359 1779/1117/1359
f 1514/1107/1360 1779/1117/1360 1780/1130/1360
f 141/1119/1361 88/1122/1361 142/1131/1361
f 86/1120/1362 186/1121/1362 98/1132/1362
f 962/1077/1363 963/1091/1363 965/1123/1363
f 1515/1114/1364 1517/1133/1364 1516/1115/1364
f 1516/1115/1365 1517/1133/1365 1640/1095/1365
f 1640/1095/1366 1517/1133/1366 1847/1127/1366
f 1510/1103/1367 1559/1113/1367 1787/1129/1367
f 1514/1107/1368 1783/1134/1368 1515/1114/1368
f 185/1135/1369 98/1132/1369 186/1121/1369
f 1916/1136/1370 1968/1137/1370 1971/1101/1370
f 1818/1088/1371 1860/1138/1371 1916/1136/1371
f 1832/1106/1372 1833/1139/1372 1818/1088/1372
f 1845/1126/1373 1853/1140/1373 1832/1106/1373
f 1515/1114/1374 1518/1141/1374 1517/1133/1374
f 1559/1113/1375 1786/1142/1375 1787/1129/1375
f 1787/1129/1376 1786/1142/1376 1788/1116/1376
f 1788/1116/1377 1789/1143/1377 1780/1130/1377
f 1780/1130/1378 1784/1144/1378 1783/1134/1378
f 185/1135/1379 130/1145/1379 98/1132/1379
f 168/1146/1380 147/1147/1380 153/1104/1380
f 153/1104/1381 146/1148/1381 154/1111/1381
f 977/1105/1382 976/1149/1382 963/1091/1382
f 1833/1139/1383 1860/1138/1383 1818/1088/1383
f 963/1091/1384 966/1150/1384 965/1123/1384
f 1832/1106/1385 1853/1140/1385 1833/1139/1385
f 1272/1092/1386 1275/1151/1386 1274/1128/1386
f 1786/1142/1387 1789/1143/1387 1788/1116/1387
f 1780/1130/1388 1789/1143/1388 1784/1144/1388
f 185/1135/1389 144/1152/1389 130/1145/1389
f 976/1149/1390 966/1150/1390 963/1091/1390
f 1275/1151/1391 1276/1153/1391 1274/1128/1391
f 1789/1143/1392 1781/1154/1392 1784/1144/1392
f 1784/1144/1393 1781/1154/1393 1518/1141/1393
f 130/1145/1394 144/1152/1394 125/1155/1394
f 965/1123/1395 967/1156/1395 985/1157/1395
f 1517/1133/1396 1519/1158/1396 1847/1127/1396
f 1518/1141/1397 1520/1159/1397 1519/1158/1397
f 1518/1141/1398 1519/1158/1398 1517/1133/1398
f 1523/1160/1399 1790/1161/1399 1786/1142/1399
f 1786/1142/1400 1790/1161/1400 1789/1143/1400
f 1790/1161/1401 1781/1154/1401 1789/1143/1401
f 966/1150/1402 967/1156/1402 965/1123/1402
f 1846/1125/1403 1851/1162/1403 1845/1126/1403
f 1519/1158/1404 1849/1163/1404 1847/1127/1404
f 149/1164/1405 147/1147/1405 168/1146/1405
f 976/1149/1406 968/1165/1406 966/1150/1406
f 1833/1139/1407 1861/1166/1407 1860/1138/1407
f 966/1150/1408 968/1165/1408 967/1156/1408
f 1520/1159/1409 1521/1167/1409 1519/1158/1409
f 976/1149/1410 979/1168/1410 968/1165/1410
f 1523/1160/1411 1522/1169/1411 1520/1159/1411
f 1520/1159/1412 1522/1169/1412 1521/1167/1412
f 1833/1139/1413 1858/1170/1413 1861/1166/1413
f 1740/1171/1414 1730/1172/1414 1523/1160/1414
f 1523/1160/1415 1730/1172/1415 1522/1169/1415
f 967/1156/1416 970/1173/1416 985/1157/1416
f 979/1168/1417 978/1174/1417 968/1165/1417
f 1833/1139/1418 1857/1175/1418 1858/1170/1418
f 1740/1171/1419 1757/1176/1419 1730/1172/1419
f 149/1164/1420 151/1177/1420 148/1178/1420
f 1861/1166/1421 1858/1170/1421 1872/1179/1421
f 971/1180/1422 970/1173/1422 968/1165/1422
f 1853/1140/1423 1854/1181/1423 1833/1139/1423
f 1849/1163/1424 1851/1162/1424 1846/1125/1424
f 1849/1163/1425 1852/1182/1425 1851/1162/1425
f 1730/1172/1426 1526/1183/1426 1522/1169/1426
f 167/1184/1427 150/1185/1427 149/1164/1427
f 978/1174/1428 971/1180/1428 968/1165/1428
f 1858/1170/1429 1859/1186/1429 1872/1179/1429
f 970/1173/1430 971/1180/1430 973/1187/1430
f 1851/1162/1431 1865/1188/1431 1854/1181/1431
f 1757/1176/1432 1732/1189/1432 1730/1172/1432
f 1730/1172/1433 1732/1189/1433 1526/1183/1433
f 1526/1183/1434 1527/1190/1434 1521/1167/1434
f 1522/1169/1435 1526/1183/1435 1521/1167/1435
f 1521/1167/1436 1527/1190/1436 1519/1158/1436
f 1519/1158/1437 1527/1190/1437 1849/1163/1437
f 150/1185/1438 151/1177/1438 149/1164/1438
f 1865/1188/1439 1857/1175/1439 1854/1181/1439
f 1849/1163/1440 1527/1190/1440 1855/1191/1440
f 167/1184/1441 162/1192/1441 150/1185/1441
f 1857/1175/1442 1859/1186/1442 1858/1170/1442
f 970/1173/1443 973/1187/1443 983/1193/1443
f 1855/1191/1444 1852/1182/1444 1849/1163/1444
f 1857/1175/1445 1863/1194/1445 1859/1186/1445
f 1866/1195/1446 1876/1196/1446 1865/1188/1446
f 1865/1188/1447 1876/1196/1447 1857/1175/1447
f 978/1174/1448 981/1197/1448 975/1198/1448
f 978/1174/1449 975/1198/1449 971/1180/1449
f 1876/1196/1450 1863/1194/1450 1857/1175/1450
f 971/1180/1451 975/1198/1451 973/1187/1451
f 1852/1182/1452 1866/1195/1452 1865/1188/1452
f 1732/1189/1453 1725/1199/1453 1526/1183/1453
f 1526/1183/1454 1725/1199/1454 1527/1190/1454
f 150/1185/1455 152/1200/1455 151/1177/1455
f 983/1193/1456 973/1187/1456 984/1201/1456
f 1527/1190/1457 1725/1199/1457 1855/1191/1457
f 150/1185/1458 162/1192/1458 152/1200/1458
f 1863/1194/1459 1888/1202/1459 1859/1186/1459
f 1859/1186/1460 1888/1202/1460 1889/1203/1460
f 1876/1196/1461 1888/1202/1461 1863/1194/1461
f 1852/1182/1462 1855/1191/1462 1914/1204/1462
f 1725/1199/1463 1915/1205/1463 1855/1191/1463
f 162/1192/1464 163/1206/1464 152/1200/1464
f 1866/1195/1465 1914/1204/1465 1897/1207/1465
f 1866/1195/1466 1897/1207/1466 1876/1196/1466
f 975/1198/1467 980/1208/1467 973/1187/1467
f 742/1209/1468 737/1210/1468 741/1211/1468
f 163/1206/1469 171/1212/1469 152/1200/1469
f 981/1197/1470 980/1208/1470 975/1198/1470
f 1923/1213/1471 1924/1214/1471 1914/1204/1471
f 1914/1204/1472 1924/1214/1472 1926/1215/1472
f 1914/1204/1473 1926/1215/1473 1897/1207/1473
f 1897/1207/1474 1898/1216/1474 1876/1196/1474
f 1876/1196/1475 1890/1217/1475 1888/1202/1475
f 973/1187/1476 980/1208/1476 984/1201/1476
f 980/1208/1477 986/1218/1477 984/1201/1477
f 1725/1199/1478 1961/1219/1478 1915/1205/1478
f 1915/1205/1479 1923/1213/1479 1855/1191/1479
f 981/1197/1480 982/1220/1480 980/1208/1480
f 1923/1213/1481 1925/1221/1481 1924/1214/1481
f 1926/1215/1482 1928/1222/1482 1897/1207/1482
f 1876/1196/1483 1898/1216/1483 1890/1217/1483
f 1915/1205/1484 1961/1219/1484 1923/1213/1484
f 1888/1202/1485 1893/1223/1485 1889/1203/1485
f 1961/1219/1486 1925/1221/1486 1923/1213/1486
f 1897/1207/1487 1928/1222/1487 1898/1216/1487
f 2163/1224/1488 2164/1225/1488 2165/1226/1488
f 1889/1203/1489 1893/1223/1489 1905/1227/1489
f 1928/1222/1490 1927/1228/1490 1898/1216/1490
f 1890/1217/1491 1894/1229/1491 1893/1223/1491
f 1890/1217/1492 1893/1223/1492 1888/1202/1492
f 1928/1222/1493 1967/1230/1493 1927/1228/1493
f 749/1231/1494 747/1232/1494 752/1233/1494
f 1890/1217/1495 1898/1216/1495 1894/1229/1495
f 730/1234/1496 727/1235/1496 747/1232/1496
f 730/1234/1497 747/1232/1497 749/1231/1497
f 747/1232/1498 748/1236/1498 752/1233/1498
f 1894/1229/1499 1899/1237/1499 1893/1223/1499
f 1893/1223/1500 1899/1237/1500 1905/1227/1500
f 1927/1228/1501 1909/1238/1501 1898/1216/1501
f 1898/1216/1502 1909/1238/1502 1894/1229/1502
f 727/1235/1503 748/1236/1503 747/1232/1503
f 1927/1228/1504 1964/1239/1504 1909/1238/1504
f 1899/1237/1505 1901/1240/1505 1906/1241/1505
f 1905/1227/1506 1899/1237/1506 1906/1241/1506
f 1964/1239/1507 1963/1242/1507 1909/1238/1507
f 1909/1238/1508 1963/1242/1508 1954/1243/1508
f 1894/1229/1509 1909/1238/1509 1900/1244/1509
f 1894/1229/1510 1900/1244/1510 1899/1237/1510
f 1899/1237/1511 1900/1244/1511 1901/1240/1511
f 1901/1240/1512 1917/1245/1512 1907/1246/1512
f 872/1247/1513 873/1248/1513 874/1249/1513
f 872/1247/1514 874/1249/1514 877/1250/1514
f 1909/1238/1515 1954/1243/1515 1910/1251/1515
f 1909/1238/1516 1910/1251/1516 1900/1244/1516
f 1901/1240/1517 1900/1244/1517 1902/1252/1517
f 1901/1240/1518 1902/1252/1518 1917/1245/1518
f 1907/1246/1519 1917/1245/1519 1903/1253/1519
f 729/1254/1520 745/1255/1520 746/1256/1520
f 1963/1242/1521 1957/1257/1521 1954/1243/1521
f 874/1249/1522 879/1258/1522 877/1250/1522
f 1954/1243/1523 1957/1257/1523 1910/1251/1523
f 1902/1252/1524 1903/1253/1524 1917/1245/1524
f 732/1259/1525 735/1260/1525 745/1255/1525
f 1910/1251/1526 1957/1257/1526 1920/1261/1526
f 1910/1251/1527 1920/1261/1527 1900/1244/1527
f 1902/1252/1528 1900/1244/1528 1903/1253/1528
f 1903/1253/1529 1900/1244/1529 1904/1262/1529
f 1900/1244/1530 1920/1261/1530 1904/1262/1530
f 400/1263/1531 471/1264/1531 439/1265/1531
f 400/1263/1532 439/1265/1532 414/1266/1532
f 386/21/1533 470/1267/1533 388/1268/1533
f 423/33/1534 471/1264/1534 400/1263/1534
f 400/1263/1535 414/1266/1535 413/1269/1535
f 414/1266/1536 484/1270/1536 413/1269/1536
f 504/20/1537 470/1267/1537 386/21/1537
f 423/33/1538 400/1263/1538 399/1271/1538
f 388/1268/1539 393/1272/1539 392/1273/1539
f 392/1273/1540 393/1272/1540 464/1274/1540
f 392/1273/1541 464/1274/1541 465/1275/1541
f 1735/38/1542 1672/17/1542 1633/16/1542
f 413/1269/1543 484/1270/1543 480/1276/1543
f 386/21/1544 388/1268/1544 387/1277/1544
f 387/1277/1545 388/1268/1545 392/1273/1545
f 406/34/1546 423/33/1546 399/1271/1546
f 399/1271/1547 400/1263/1547 398/1278/1547
f 398/1278/1548 400/1263/1548 413/1269/1548
f 523/52/1549 429/19/1549 428/53/1549
f 428/53/1550 429/19/1550 385/1279/1550
f 385/1279/1551 429/19/1551 386/21/1551
f 383/1280/1552 386/21/1552 387/1277/1552
f 392/1273/1553 465/1275/1553 477/1281/1553
f 480/1276/1554 479/1282/1554 413/1269/1554
f 385/1279/1555 386/21/1555 383/1280/1555
f 397/1283/1556 399/1271/1556 398/1278/1556
f 406/34/1557 399/1271/1557 397/1283/1557
f 290/1284/1558 392/1273/1558 477/1281/1558
f 397/1283/1559 398/1278/1559 395/1285/1559
f 413/1269/1560 479/1282/1560 468/1286/1560
f 378/1287/1561 428/53/1561 385/1279/1561
f 289/1288/1562 387/1277/1562 392/1273/1562
f 289/1288/1563 392/1273/1563 290/1284/1563
f 1765/58/1564 1785/40/1564 1646/39/1564
f 398/1278/1565 413/1269/1565 401/1289/1565
f 395/1285/1566 398/1278/1566 401/1289/1566
f 383/1280/1567 387/1277/1567 391/1290/1567
f 401/1289/1568 413/1269/1568 402/1291/1568
f 487/51/1569 428/53/1569 378/1287/1569
f 406/34/1570 397/1283/1570 420/1292/1570
f 462/1293/1571 406/34/1571 420/1292/1571
f 413/1269/1572 468/1286/1572 402/1291/1572
f 402/1291/1573 468/1286/1573 469/1294/1573
f 289/1288/1574 290/1284/1574 288/1295/1574
f 288/1295/1575 290/1284/1575 291/1296/1575
f 486/1297/1576 487/51/1576 378/1287/1576
f 391/1290/1577 387/1277/1577 289/1288/1577
f 420/1292/1578 397/1283/1578 396/1298/1578
f 378/1287/1579 385/1279/1579 383/1280/1579
f 284/1299/1580 391/1290/1580 289/1288/1580
f 284/1299/1581 289/1288/1581 288/1295/1581
f 397/1283/1582 395/1285/1582 396/1298/1582
f 384/1300/1583 383/1280/1583 391/1290/1583
f 462/1293/1584 420/1292/1584 488/1301/1584
f 402/1291/1585 469/1294/1585 485/1302/1585
f 498/1303/1586 486/1297/1586 377/1304/1586
f 377/1304/1587 486/1297/1587 378/1287/1587
f 284/1299/1588 288/1295/1588 287/1305/1588
f 1759/74/1589 1764/57/1589 1645/48/1589
f 380/1306/1590 378/1287/1590 383/1280/1590
f 384/1300/1591 391/1290/1591 284/1299/1591
f 377/1304/1592 378/1287/1592 376/1307/1592
f 402/1291/1593 485/1302/1593 476/1308/1593
f 286/1309/1594 284/1299/1594 287/1305/1594
f 395/1285/1595 401/1289/1595 389/1310/1595
f 376/1307/1596 378/1287/1596 380/1306/1596
f 402/1291/1597 476/1308/1597 390/1311/1597
f 475/1312/1598 498/1303/1598 377/1304/1598
f 394/1313/1599 396/1298/1599 395/1285/1599
f 401/1289/1600 402/1291/1600 390/1311/1600
f 380/1306/1601 383/1280/1601 384/1300/1601
f 390/1311/1602 476/1308/1602 492/1314/1602
f 284/1299/1603 286/1309/1603 285/1315/1603
f 420/1292/1604 396/1298/1604 438/1316/1604
f 390/1311/1605 492/1314/1605 491/1317/1605
f 375/1318/1606 475/1312/1606 377/1304/1606
f 375/1318/1607 377/1304/1607 376/1307/1607
f 384/1300/1608 284/1299/1608 282/1319/1608
f 394/1313/1609 395/1285/1609 389/1310/1609
f 389/1310/1610 401/1289/1610 390/1311/1610
f 488/1301/1611 420/1292/1611 438/1316/1611
f 502/1320/1612 488/1301/1612 438/1316/1612
f 390/1311/1613 491/1317/1613 472/1321/1613
f 282/1319/1614 284/1299/1614 283/1322/1614
f 283/1322/1615 284/1299/1615 285/1315/1615
f 438/1316/1616 396/1298/1616 394/1313/1616
f 415/1323/1617 380/1306/1617 279/1324/1617
f 279/1324/1618 380/1306/1618 384/1300/1618
f 502/1320/1619 438/1316/1619 503/1325/1619
f 474/1326/1620 475/1312/1620 375/1318/1620
f 389/1310/1621 390/1311/1621 373/1327/1621
f 381/1328/1622 376/1307/1622 380/1306/1622
f 473/1329/1623 474/1326/1623 375/1318/1623
f 279/1324/1624 384/1300/1624 282/1319/1624
f 2076/87/1625 2073/103/1625 2075/96/1625
f 394/1313/1626 389/1310/1626 365/1330/1626
f 374/1331/1627 375/1318/1627 376/1307/1627
f 381/1328/1628 380/1306/1628 415/1323/1628
f 390/1311/1629 472/1321/1629 373/1327/1629
f 373/1327/1630 472/1321/1630 473/1329/1630
f 373/1327/1631 473/1329/1631 375/1318/1631
f 282/1319/1632 283/1322/1632 281/116/1632
f 438/1316/1633 394/1313/1633 366/127/1633
f 374/1331/1634 376/1307/1634 381/1328/1634
f 505/1332/1635 503/1325/1635 438/1316/1635
f 279/1324/1636 282/1319/1636 281/116/1636
f 280/115/1637 279/1324/1637 281/116/1637
f 505/1332/1638 438/1316/1638 506/1333/1638
f 506/1333/1639 438/1316/1639 366/127/1639
f 366/127/1640 394/1313/1640 365/1330/1640
f 373/1327/1641 375/1318/1641 374/1331/1641
f 374/1331/1642 381/1328/1642 382/1334/1642
f 366/127/1643 365/1330/1643 360/1335/1643
f 381/1328/1644 415/1323/1644 382/1334/1644
f 506/1333/1645 366/127/1645 513/1336/1645
f 279/1324/1646 280/115/1646 277/114/1646
f 382/1334/1647 415/1323/1647 416/1337/1647
f 276/1338/1648 279/1324/1648 277/114/1648
f 276/1338/1649 277/114/1649 278/1339/1649
f 2078/111/1650 2079/1340/1650 2077/105/1650
f 360/1335/1651 365/1330/1651 359/1341/1651
f 359/1341/1652 365/1330/1652 389/1310/1652
f 389/1310/1653 373/1327/1653 359/1341/1653
f 372/1342/1654 373/1327/1654 374/1331/1654
f 513/1336/1655 366/127/1655 516/126/1655
f 416/1337/1656 415/1323/1656 279/1324/1656
f 416/1337/1657 279/1324/1657 276/1338/1657
f 2077/105/1658 2079/1340/1658 2080/1343/1658
f 463/125/1659 366/127/1659 360/1335/1659
f 359/1341/1660 373/1327/1660 372/1342/1660
f 372/1342/1661 374/1331/1661 410/1344/1661
f 410/1344/1662 374/1331/1662 382/1334/1662
f 1194/1345/1663 1191/1346/1663 1193/132/1663
f 463/125/1664 360/1335/1664 358/1347/1664
f 360/1335/1665 359/1341/1665 358/1347/1665
f 478/1348/1666 416/1337/1666 276/1338/1666
f 1191/1346/1667 1192/130/1667 1193/132/1667
f 357/152/1668 359/1341/1668 363/1349/1668
f 363/1349/1669 372/1342/1669 410/1344/1669
f 410/1344/1670 382/1334/1670 435/1350/1670
f 382/1334/1671 416/1337/1671 435/1350/1671
f 496/1351/1672 463/125/1672 358/1347/1672
f 358/1347/1673 359/1341/1673 357/152/1673
f 363/1349/1674 359/1341/1674 372/1342/1674
f 435/1350/1675 416/1337/1675 482/1352/1675
f 518/1353/1676 463/125/1676 496/1351/1676
f 482/1352/1677 416/1337/1677 478/1348/1677
f 357/152/1678 363/1349/1678 356/153/1678
f 404/1354/1679 363/1349/1679 410/1344/1679
f 496/1351/1680 358/1347/1680 497/1355/1680
f 442/1356/1681 410/1344/1681 435/1350/1681
f 435/1350/1682 482/1352/1682 483/1357/1682
f 520/1358/1683 496/1351/1683 497/1355/1683
f 815/1359/1684 830/1360/1684 828/1361/1684
f 1404/148/1685 1423/142/1685 1411/141/1685
f 497/1355/1686 358/1347/1686 495/1362/1686
f 358/1347/1687 357/152/1687 349/151/1687
f 495/1362/1688 358/1347/1688 349/151/1688
f 404/1354/1689 410/1344/1689 442/1356/1689
f 521/1363/1690 520/1358/1690 497/1355/1690
f 497/1355/1691 495/1362/1691 494/1364/1691
f 443/1365/1692 442/1356/1692 435/1350/1692
f 443/1365/1693 435/1350/1693 483/1357/1693
f 522/1366/1694 521/1363/1694 497/1355/1694
f 815/1359/1695 828/1361/1695 816/1367/1695
f 814/1368/1696 815/1359/1696 816/1367/1696
f 1739/146/1697 1768/161/1697 1709/149/1697
f 1428/1369/1698 1404/148/1698 1400/156/1698
f 494/1364/1699 495/1362/1699 349/151/1699
f 364/1370/1700 356/153/1700 363/1349/1700
f 829/1371/1701 815/1359/1701 814/1368/1701
f 494/1364/1702 349/151/1702 344/1372/1702
f 348/1373/1703 349/151/1703 356/153/1703
f 714/158/1704 718/1374/1704 716/171/1704
f 348/1373/1705 356/153/1705 364/1370/1705
f 819/1375/1706 829/1371/1706 814/1368/1706
f 714/158/1707 716/171/1707 709/166/1707
f 364/1370/1708 363/1349/1708 404/1354/1708
f 441/1376/1709 442/1356/1709 443/1365/1709
f 441/1376/1710 443/1365/1710 493/1377/1710
f 344/1372/1711 349/151/1711 348/1373/1711
f 404/1354/1712 442/1356/1712 441/1376/1712
f 348/1373/1713 364/1370/1713 362/1378/1713
f 364/1370/1714 404/1354/1714 405/1379/1714
f 405/1379/1715 404/1354/1715 441/1376/1715
f 814/1368/1716 816/1367/1716 817/1380/1716
f 1373/175/1717 1428/1369/1717 1400/156/1717
f 494/1364/1718 344/1372/1718 367/234/1718
f 818/1381/1719 814/1368/1719 817/1380/1719
f 1400/156/1720 1401/147/1720 1397/174/1720
f 362/1378/1721 364/1370/1721 405/1379/1721
f 819/1375/1722 814/1368/1722 818/1381/1722
f 344/1372/1723 348/1373/1723 343/1382/1723
f 457/1383/1724 441/1376/1724 493/1377/1724
f 457/1383/1725 493/1377/1725 499/1384/1725
f 820/1385/1726 819/1375/1726 818/1381/1726
f 820/1385/1727 818/1381/1727 821/1386/1727
f 563/1387/1728 562/1388/1728 561/1389/1728
f 562/1388/1729 575/1390/1729 538/1391/1729
f 538/1391/1730 575/1390/1730 586/1392/1730
f 1396/187/1731 1373/175/1731 1397/174/1731
f 1188/1393/1732 1190/1394/1732 1189/1395/1732
f 405/1379/1733 441/1376/1733 457/1383/1733
f 561/1389/1734 562/1388/1734 538/1391/1734
f 1184/201/1735 1188/1393/1735 1189/1395/1735
f 343/1382/1736 348/1373/1736 362/1378/1736
f 510/236/1737 494/1364/1737 367/234/1737
f 538/1391/1738 586/1392/1738 587/1396/1738
f 1182/203/1739 1188/1393/1739 1184/201/1739
f 403/1397/1740 362/1378/1740 405/1379/1740
f 500/1398/1741 457/1383/1741 499/1384/1741
f 820/1385/1742 821/1386/1742 822/1399/1742
f 573/1400/1743 563/1387/1743 561/1389/1743
f 538/1391/1744 587/1396/1744 536/1401/1744
f 367/234/1745 344/1372/1745 342/1402/1745
f 342/1402/1746 344/1372/1746 343/1382/1746
f 573/1400/1747 561/1389/1747 537/1403/1747
f 537/1403/1748 561/1389/1748 538/1391/1748
f 370/1404/1749 362/1378/1749 403/1397/1749
f 403/1397/1750 405/1379/1750 457/1383/1750
f 536/1401/1751 587/1396/1751 589/1405/1751
f 1181/216/1752 1182/203/1752 1183/202/1752
f 345/1406/1753 362/1378/1753 370/1404/1753
f 343/1382/1754 362/1378/1754 345/1406/1754
f 820/1385/1755 822/1399/1755 823/1407/1755
f 551/1408/1756 573/1400/1756 537/1403/1756
f 403/1397/1757 457/1383/1757 440/1409/1757
f 440/1409/1758 457/1383/1758 500/1398/1758
f 833/1410/1759 820/1385/1759 824/1411/1759
f 824/1411/1760 820/1385/1760 823/1407/1760
f 574/1412/1761 573/1400/1761 551/1408/1761
f 267/1413/1762 264/1414/1762 263/1415/1762
f 263/1415/1763 264/1414/1763 261/1416/1763
f 536/1401/1764 589/1405/1764 584/1417/1764
f 1186/246/1765 1181/216/1765 1185/215/1765
f 834/1418/1766 833/1410/1766 824/1411/1766
f 537/1403/1767 538/1391/1767 536/1401/1767
f 268/1419/1768 267/1413/1768 263/1415/1768
f 711/218/1769 705/186/1769 713/225/1769
f 262/1420/1770 268/1419/1770 263/1415/1770
f 576/1421/1771 536/1401/1771 584/1417/1771
f 1398/223/1772 1383/209/1772 1395/184/1772
f 501/266/1773 510/236/1773 354/235/1773
f 834/1418/1774 824/1411/1774 825/1422/1774
f 825/1422/1775 824/1411/1775 823/1407/1775
f 220/243/1776 268/1419/1776 262/1420/1776
f 1399/252/1777 1383/209/1777 1398/223/1777
f 354/235/1778 367/234/1778 342/1402/1778
f 370/1404/1779 403/1397/1779 440/1409/1779
f 835/1423/1780 834/1418/1780 825/1422/1780
f 258/1424/1781 262/1420/1781 261/1416/1781
f 826/1425/1782 825/1422/1782 823/1407/1782
f 536/1401/1783 576/1421/1783 532/1426/1783
f 206/241/1784 220/243/1784 262/1420/1784
f 261/1416/1785 262/1420/1785 263/1415/1785
f 576/1421/1786 584/1417/1786 595/1427/1786
f 345/1406/1787 370/1404/1787 341/1428/1787
f 206/241/1788 262/1420/1788 258/1424/1788
f 719/268/1789 711/218/1789 713/225/1789
f 531/1429/1790 537/1403/1790 536/1401/1790
f 1329/1430/1791 1332/251/1791 1331/250/1791
f 343/1382/1792 345/1406/1792 341/1428/1792
f 342/1402/1793 343/1382/1793 341/1428/1793
f 341/1428/1794 370/1404/1794 369/1431/1794
f 370/1404/1795 440/1409/1795 437/1432/1795
f 437/1432/1796 440/1409/1796 467/1433/1796
f 258/1424/1797 261/1416/1797 260/1434/1797
f 581/1435/1798 574/1412/1798 553/1436/1798
f 553/1436/1799 574/1412/1799 551/1408/1799
f 531/1429/1800 536/1401/1800 532/1426/1800
f 576/1421/1801 595/1427/1801 596/1437/1801
f 1402/253/1802 1399/252/1802 1398/223/1802
f 369/1431/1803 370/1404/1803 437/1432/1803
f 827/1438/1804 835/1423/1804 825/1422/1804
f 208/270/1805 209/256/1805 206/241/1805
f 1402/253/1806 1398/223/1806 1403/261/1806
f 273/307/1807 501/266/1807 355/265/1807
f 340/1439/1808 342/1402/1808 341/1428/1808
f 827/1438/1809 825/1422/1809 826/1425/1809
f 207/269/1810 206/241/1810 256/1440/1810
f 256/1440/1811 206/241/1811 258/1424/1811
f 1327/299/1812 1329/1430/1812 1331/250/1812
f 1327/299/1813 1331/250/1813 1330/289/1813
f 354/235/1814 342/1402/1814 340/1439/1814
f 437/1432/1815 467/1433/1815 466/1441/1815
f 551/1408/1816 537/1403/1816 531/1429/1816
f 576/1421/1817 596/1437/1817 597/1442/1817
f 1326/1443/1818 1329/1430/1818 1327/299/1818
f 355/265/1819 354/235/1819 340/1439/1819
f 827/1438/1820 826/1425/1820 831/1444/1820
f 256/1440/1821 258/1424/1821 257/309/1821
f 257/309/1822 258/1424/1822 260/1434/1822
f 257/309/1823 260/1434/1823 273/307/1823
f 831/1444/1824 826/1425/1824 832/1445/1824
f 577/1446/1825 581/1435/1825 553/1436/1825
f 213/1447/1826 212/276/1826 207/269/1826
f 564/1448/1827 576/1421/1827 597/1442/1827
f 532/1426/1828 576/1421/1828 564/1448/1828
f 214/1449/1829 213/1447/1829 207/269/1829
f 528/1450/1830 532/1426/1830 564/1448/1830
f 215/296/1831 214/1449/1831 207/269/1831
f 564/1448/1832 597/1442/1832 598/1451/1832
f 1325/301/1833 1326/1443/1833 1327/299/1833
f 369/1431/1834 437/1432/1834 425/1452/1834
f 216/295/1835 207/269/1835 256/1440/1835
f 531/1429/1836 532/1426/1836 528/1450/1836
f 564/1448/1837 598/1451/1837 599/1453/1837
f 1379/278/1838 1414/286/1838 1415/305/1838
f 425/1452/1839 437/1432/1839 449/1454/1839
f 449/1454/1840 437/1432/1840 466/1441/1840
f 256/1440/1841 257/309/1841 255/308/1841
f 553/1436/1842 551/1408/1842 552/1455/1842
f 217/1456/1843 215/296/1843 216/295/1843
f 255/308/1844 273/307/1844 355/265/1844
f 218/1457/1845 217/1456/1845 216/295/1845
f 564/1448/1846 599/1453/1846 560/1458/1846
f 560/1458/1847 599/1453/1847 603/1459/1847
f 254/323/1848 256/1440/1848 255/308/1848
f 551/1408/1849 531/1429/1849 550/1460/1849
f 550/1460/1850 531/1429/1850 530/1461/1850
f 530/1461/1851 531/1429/1851 528/1450/1851
f 340/1439/1852 341/1428/1852 338/1462/1852
f 341/1428/1853 369/1431/1853 368/1463/1853
f 350/1464/1854 355/265/1854 340/1439/1854
f 255/308/1855 355/265/1855 350/1464/1855
f 254/323/1856 255/308/1856 252/358/1856
f 831/1444/1857 832/1445/1857 836/1465/1857
f 577/1446/1858 553/1436/1858 552/1455/1858
f 528/1450/1859 564/1448/1859 560/1458/1859
f 2088/1466/1860 2089/1467/1860 2090/1468/1860
f 219/324/1861 218/1457/1861 216/295/1861
f 560/1458/1862 603/1459/1862 602/1469/1862
f 368/1463/1863 369/1431/1863 425/1452/1863
f 350/1464/1864 340/1439/1864 339/1470/1864
f 449/1454/1865 466/1441/1865 508/1471/1865
f 254/323/1866 216/295/1866 256/1440/1866
f 552/1455/1867 551/1408/1867 550/1460/1867
f 530/1461/1868 528/1450/1868 525/1472/1868
f 560/1458/1869 602/1469/1869 592/340/1869
f 2009/334/1870 2012/1473/1870 2010/335/1870
f 2173/1474/1871 2174/1475/1871 2175/1476/1871
f 1380/306/1872 1415/305/1872 1417/328/1872
f 837/1477/1873 831/1444/1873 836/1465/1873
f 251/1478/1874 254/323/1874 252/358/1874
f 252/358/1875 255/308/1875 350/1464/1875
f 271/1479/1876 274/1480/1876 219/324/1876
f 338/1462/1877 341/1428/1877 368/1463/1877
f 449/1454/1878 508/1471/1878 507/1481/1878
f 253/1482/1879 271/1479/1879 219/324/1879
f 219/324/1880 254/323/1880 253/1482/1880
f 253/1482/1881 254/323/1881 251/1478/1881
f 250/357/1882 251/1478/1882 252/358/1882
f 560/1458/1883 592/340/1883 558/342/1883
f 275/1483/1884 274/1480/1884 271/1479/1884
f 448/1484/1885 425/1452/1885 449/1454/1885
f 837/1477/1886 836/1465/1886 838/1485/1886
f 558/342/1887 594/341/1887 593/1486/1887
f 1372/322/1888 1380/306/1888 1417/328/1888
f 339/1470/1889 340/1439/1889 338/1462/1889
f 252/358/1890 350/1464/1890 351/1487/1890
f 253/1482/1891 251/1478/1891 246/1488/1891
f 246/1488/1892 251/1478/1892 250/357/1892
f 549/1489/1893 552/1455/1893 550/1460/1893
f 528/1450/1894 560/1458/1894 527/1490/1894
f 527/1490/1895 560/1458/1895 558/342/1895
f 269/1491/1896 271/1479/1896 253/1482/1896
f 1176/361/1897 1177/360/1897 1178/1492/1897
f 558/342/1898 593/1486/1898 559/393/1898
f 593/1486/1899 606/1493/1899 559/393/1899
f 347/1494/1900 338/1462/1900 368/1463/1900
f 351/1487/1901 350/1464/1901 339/1470/1901
f 449/1454/1902 507/1481/1902 450/1495/1902
f 841/1496/1903 837/1477/1903 839/1497/1903
f 489/356/1904 252/358/1904 351/1487/1904
f 839/1497/1905 837/1477/1905 838/1485/1905
f 247/1498/1906 269/1491/1906 253/1482/1906
f 247/1498/1907 253/1482/1907 246/1488/1907
f 525/1472/1908 528/1450/1908 527/1490/1908
f 527/1490/1909 558/342/1909 533/1499/1909
f 558/342/1910 559/393/1910 533/1499/1910
f 1180/1500/1911 1179/359/1911 1176/361/1911
f 346/1501/1912 351/1487/1912 339/1470/1912
f 530/1461/1913 525/1472/1913 524/1502/1913
f 270/1503/1914 269/1491/1914 247/1498/1914
f 524/1502/1915 525/1472/1915 526/1504/1915
f 526/1504/1916 525/1472/1916 527/1490/1916
f 606/1493/1917 607/1505/1917 559/393/1917
f 1673/381/1918 1416/313/1918 1637/314/1918
f 337/436/1919 339/1470/1919 338/1462/1919
f 448/1484/1920 449/1454/1920 450/1495/1920
f 607/1505/1921 608/1506/1921 559/393/1921
f 1388/370/1922 1417/328/1922 1420/355/1922
f 346/1501/1923 339/1470/1923 337/436/1923
f 549/1489/1924 550/1460/1924 548/1507/1924
f 550/1460/1925 530/1461/1925 548/1507/1925
f 548/1507/1926 530/1461/1926 524/1502/1926
f 265/1508/1927 270/1503/1927 247/1498/1927
f 245/1509/1928 247/1498/1928 246/1488/1928
f 529/1510/1929 527/1490/1929 533/1499/1929
f 888/383/1930 889/384/1930 890/375/1930
f 608/1506/1931 604/394/1931 559/393/1931
f 489/356/1932 351/1487/1932 346/1501/1932
f 839/1497/1933 838/1485/1933 840/1511/1933
f 244/1512/1934 265/1508/1934 247/1498/1934
f 244/1512/1935 247/1498/1935 245/1509/1935
f 526/1504/1936 527/1490/1936 529/1510/1936
f 533/1499/1937 559/393/1937 565/395/1937
f 565/395/1938 604/394/1938 583/1513/1938
f 1387/402/1939 1388/370/1939 1422/389/1939
f 368/1463/1940 425/1452/1940 426/1514/1940
f 842/1515/1941 841/1496/1941 839/1497/1941
f 839/1497/1942 840/1511/1942 842/1515/1942
f 266/1516/1943 265/1508/1943 244/1512/1943
f 238/1517/1944 245/1509/1944 246/1488/1944
f 249/392/1945 246/1488/1945 250/357/1945
f 842/1515/1946 840/1511/1946 843/1518/1946
f 529/1510/1947 533/1499/1947 541/1519/1947
f 533/1499/1948 565/395/1948 541/1519/1948
f 565/395/1949 583/1513/1949 541/1519/1949
f 583/1513/1950 579/1520/1950 541/1519/1950
f 336/437/1951 337/436/1951 338/1462/1951
f 336/437/1952 338/1462/1952 347/1494/1952
f 490/411/1953 489/356/1953 346/1501/1953
f 243/1521/1954 266/1516/1954 244/1512/1954
f 426/1514/1955 425/1452/1955 448/1484/1955
f 448/1484/1956 450/1495/1956 460/1522/1956
f 259/439/1957 266/1516/1957 243/1521/1957
f 238/1517/1958 246/1488/1958 248/426/1958
f 248/426/1959 246/1488/1959 249/392/1959
f 548/1507/1960 524/1502/1960 555/1523/1960
f 529/1510/1961 541/1519/1961 540/1524/1961
f 541/1519/1962 579/1520/1962 542/1525/1962
f 542/1525/1963 579/1520/1963 580/1526/1963
f 1316/417/1964 1393/406/1964 1377/405/1964
f 1376/415/1965 1387/402/1965 1422/389/1965
f 490/411/1966 346/1501/1966 361/478/1966
f 238/1517/1967 244/1512/1967 245/1509/1967
f 570/1527/1968 548/1507/1968 555/1523/1968
f 555/1523/1969 524/1502/1969 535/1528/1969
f 535/1528/1970 524/1502/1970 526/1504/1970
f 541/1519/1971 542/1525/1971 540/1524/1971
f 361/478/1972 346/1501/1972 327/435/1972
f 327/435/1973 346/1501/1973 337/436/1973
f 237/440/1974 259/439/1974 243/1521/1974
f 243/1521/1975 244/1512/1975 241/1529/1975
f 238/1517/1976 241/1529/1976 244/1512/1976
f 542/1525/1977 580/1526/1977 578/1530/1977
f 1173/1531/1978 1174/1532/1978 1175/1533/1978
f 1390/445/1979 1376/415/1979 1422/389/1979
f 347/1494/1980 368/1463/1980 371/1534/1980
f 371/1534/1981 368/1463/1981 426/1514/1981
f 426/1514/1982 448/1484/1982 451/1535/1982
f 451/1535/1983 448/1484/1983 460/1522/1983
f 842/1515/1984 843/1518/1984 844/1536/1984
f 844/1536/1985 843/1518/1985 846/480/1985
f 237/440/1986 243/1521/1986 241/1529/1986
f 238/1517/1987 248/426/1987 242/438/1987
f 540/1524/1988 542/1525/1988 543/1537/1988
f 1390/445/1989 1422/389/1989 1424/456/1989
f 352/1538/1990 336/437/1990 347/1494/1990
f 511/450/1991 490/411/1991 361/478/1991
f 588/1539/1992 570/1527/1992 572/1540/1992
f 572/1540/1993 570/1527/1993 555/1523/1993
f 526/1504/1994 529/1510/1994 534/1541/1994
f 529/1510/1995 540/1524/1995 534/1541/1995
f 543/1537/1996 542/1525/1996 556/1542/1996
f 556/1542/1997 542/1525/1997 578/1530/1997
f 1314/448/1998 1315/471/1998 1316/417/1998
f 334/1543/1999 336/437/1999 352/1538/1999
f 352/1538/2000 347/1494/2000 371/1534/2000
f 326/1544/2001 361/478/2001 327/435/2001
f 451/1535/2002 460/1522/2002 461/1545/2002
f 1077/1546/2003 1125/1547/2003 1083/1548/2003
f 842/1515/2004 844/1536/2004 845/479/2004
f 237/440/2005 241/1529/2005 236/1549/2005
f 236/1549/2006 241/1529/2006 238/1517/2006
f 540/1524/2007 543/1537/2007 534/1541/2007
f 534/1541/2008 543/1537/2008 544/1550/2008
f 234/464/2009 237/440/2009 236/1549/2009
f 240/468/2010 238/1517/2010 242/438/2010
f 1425/466/2011 1390/445/2011 1424/456/2011
f 327/435/2012 336/437/2012 334/1543/2012
f 845/479/2013 844/1536/2013 846/480/2013
f 234/464/2014 236/1549/2014 231/1551/2014
f 236/1549/2015 238/1517/2015 205/502/2015
f 205/502/2016 238/1517/2016 239/489/2016
f 239/489/2017 238/1517/2017 240/468/2017
f 555/1523/2018 535/1528/2018 539/1552/2018
f 585/1553/2019 556/1542/2019 601/1554/2019
f 556/1542/2020 578/1530/2020 601/1554/2020
f 371/1534/2021 426/1514/2021 427/1555/2021
f 326/1544/2022 327/435/2022 325/1556/2022
f 325/1556/2023 327/435/2023 334/1543/2023
f 427/1555/2024 426/1514/2024 451/1535/2024
f 481/477/2025 361/478/2025 326/1544/2025
f 847/481/2026 846/480/2026 849/1557/2026
f 539/1552/2027 535/1528/2027 526/1504/2027
f 544/1550/2028 543/1537/2028 557/1558/2028
f 557/1558/2029 543/1537/2029 556/1542/2029
f 1077/1546/2030 1083/1548/2030 1082/1559/2030
f 845/479/2031 847/481/2031 848/1560/2031
f 702/1561/2032 703/1562/2032 700/1563/2032
f 572/1540/2033 555/1523/2033 571/1564/2033
f 571/1564/2034 555/1523/2034 554/1565/2034
f 539/1552/2035 526/1504/2035 534/1541/2035
f 233/459/2036 234/464/2036 231/1551/2036
f 232/1566/2037 233/459/2037 231/1551/2037
f 557/1558/2038 556/1542/2038 585/1553/2038
f 1369/484/2039 1389/465/2039 1425/466/2039
f 325/1556/2040 334/1543/2040 333/1567/2040
f 333/1567/2041 334/1543/2041 353/1568/2041
f 334/1543/2042 352/1538/2042 353/1568/2042
f 412/1569/2043 352/1538/2043 371/1534/2043
f 319/1570/2044 326/1544/2044 325/1556/2044
f 451/1535/2045 461/1545/2045 455/1571/2045
f 481/477/2046 326/1544/2046 319/1570/2046
f 702/1561/2047 700/1563/2047 701/1572/2047
f 554/1565/2048 555/1523/2048 539/1552/2048
f 1312/469/2049 1311/1573/2049 1313/470/2049
f 1369/484/2050 1425/466/2050 1427/495/2050
f 1427/495/2051 1425/466/2051 1426/476/2051
f 353/1568/2052 352/1538/2052 412/1569/2052
f 427/1555/2053 451/1535/2053 455/1571/2053
f 557/1558/2054 585/1553/2054 590/1574/2054
f 1309/504/2055 1311/1573/2055 1312/469/2055
f 324/1575/2056 325/1556/2056 333/1567/2056
f 412/1569/2057 371/1534/2057 421/1576/2057
f 1077/1546/2058 1082/1559/2058 1048/1577/2058
f 698/521/2059 701/1572/2059 700/1563/2059
f 228/1578/2060 231/1551/2060 226/1579/2060
f 231/1551/2061 236/1549/2061 204/535/2061
f 539/1552/2062 534/1541/2062 545/1580/2062
f 545/1580/2063 534/1541/2063 544/1550/2063
f 230/1581/2064 232/1566/2064 231/1551/2064
f 1374/473/2065 1307/503/2065 1312/469/2065
f 411/1582/2066 412/1569/2066 421/1576/2066
f 371/1534/2067 427/1555/2067 421/1576/2067
f 1037/1583/2068 1077/1546/2068 1048/1577/2068
f 332/501/2069 481/477/2069 319/1570/2069
f 1048/1577/2070 1082/1559/2070 1138/1584/2070
f 226/1579/2071 231/1551/2071 204/535/2071
f 204/535/2072 236/1549/2072 205/502/2072
f 698/521/2073 700/1563/2073 699/1585/2073
f 545/1580/2074 544/1550/2074 567/1586/2074
f 567/1586/2075 544/1550/2075 566/1587/2075
f 544/1550/2076 557/1558/2076 566/1587/2076
f 231/1551/2077 228/1578/2077 230/1581/2077
f 566/1587/2078 557/1558/2078 591/1588/2078
f 591/1588/2079 557/1558/2079 590/1574/2079
f 1369/484/2080 1427/495/2080 1429/514/2080
f 1368/499/2081 1369/484/2081 1429/514/2081
f 421/1576/2082 427/1555/2082 436/1589/2082
f 436/1589/2083 427/1555/2083 455/1571/2083
f 455/1571/2084 461/1545/2084 456/1590/2084
f 230/1581/2085 228/1578/2085 229/1591/2085
f 1307/503/2086 1308/1592/2086 1309/504/2086
f 335/1593/2087 333/1567/2087 353/1568/2087
f 353/1568/2088 412/1569/2088 411/1582/2088
f 320/1594/2089 319/1570/2089 325/1556/2089
f 698/521/2090 699/1585/2090 693/522/2090
f 226/1579/2091 204/535/2091 235/1595/2091
f 547/1596/2092 554/1565/2092 539/1552/2092
f 546/1597/2093 539/1552/2093 545/1580/2093
f 566/1587/2094 591/1588/2094 609/1598/2094
f 605/1599/2095 566/1587/2095 609/1598/2095
f 1310/517/2096 1308/1592/2096 1307/503/2096
f 353/1568/2097 411/1582/2097 335/1593/2097
f 320/1594/2098 325/1556/2098 324/1575/2098
f 436/1589/2099 455/1571/2099 456/1590/2099
f 1048/1577/2100 1138/1584/2100 1139/1600/2100
f 547/1596/2101 539/1552/2101 546/1597/2101
f 228/1578/2102 226/1579/2102 227/1601/2102
f 229/1591/2103 228/1578/2103 227/1601/2103
f 568/1602/2104 566/1587/2104 605/1599/2104
f 422/1603/2105 421/1576/2105 436/1589/2105
f 310/576/2106 332/501/2106 319/1570/2106
f 692/565/2107 693/522/2107 685/566/2107
f 568/1602/2108 567/1586/2108 566/1587/2108
f 1171/1604/2109 1170/1605/2109 1172/1606/2109
f 324/1575/2110 333/1567/2110 335/1593/2110
f 411/1582/2111 421/1576/2111 422/1603/2111
f 1037/1583/2112 1048/1577/2112 1038/544/2112
f 1048/1577/2113 1139/1600/2113 1038/544/2113
f 202/520/2114 332/501/2114 310/576/2114
f 696/534/2115 693/522/2115 692/565/2115
f 235/1595/2116 204/535/2116 203/551/2116
f 545/1580/2117 567/1586/2117 569/1607/2117
f 569/1607/2118 567/1586/2118 568/1602/2118
f 225/1608/2119 227/1601/2119 226/1579/2119
f 1319/542/2120 1317/536/2120 1310/517/2120
f 310/576/2121 319/1570/2121 314/1609/2121
f 226/1579/2122 235/1595/2122 222/578/2122
f 546/1597/2123 545/1580/2123 569/1607/2123
f 225/1608/2124 226/1579/2124 222/578/2124
f 1363/512/2125 1430/528/2125 1431/549/2125
f 335/1593/2126 411/1582/2126 379/1610/2126
f 314/1609/2127 319/1570/2127 320/1594/2127
f 224/1611/2128 225/1608/2128 222/578/2128
f 1170/1605/2129 1171/1604/2129 1169/1612/2129
f 1320/1613/2130 1317/536/2130 1319/542/2130
f 328/1614/2131 335/1593/2131 331/1615/2131
f 419/1616/2132 411/1582/2132 422/1603/2132
f 328/1614/2133 324/1575/2133 335/1593/2133
f 314/1609/2134 320/1594/2134 315/1617/2134
f 315/1617/2135 320/1594/2135 324/1575/2135
f 1029/1618/2136 1037/1583/2136 1028/557/2136
f 1037/1583/2137 1038/544/2137 1028/557/2137
f 1028/557/2138 1084/546/2138 1040/568/2138
f 199/558/2139 202/520/2139 310/576/2139
f 1040/568/2140 1084/546/2140 1159/545/2140
f 569/1607/2141 568/1602/2141 600/1619/2141
f 1166/1620/2142 1170/1605/2142 1169/1612/2142
f 379/1610/2143 411/1582/2143 419/1616/2143
f 422/1603/2144 436/1589/2144 454/1621/2144
f 436/1589/2145 456/1590/2145 454/1621/2145
f 222/578/2146 235/1595/2146 203/551/2146
f 222/578/2147 203/551/2147 201/550/2147
f 546/1597/2148 569/1607/2148 582/1622/2148
f 582/1622/2149 569/1607/2149 600/1619/2149
f 224/1611/2150 222/578/2150 221/1623/2150
f 1321/561/2151 1320/1613/2151 1319/542/2151
f 673/1624/2152 695/1625/2152 694/1626/2152
f 309/1627/2153 310/576/2153 314/1609/2153
f 1040/568/2154 1148/569/2154 1039/1628/2154
f 686/567/2155 685/566/2155 677/1629/2155
f 677/1629/2156 685/566/2156 678/1630/2156
f 221/1623/2157 222/578/2157 223/580/2157
f 1167/1631/2158 1166/1620/2158 1169/1612/2158
f 672/594/2159 673/1624/2159 694/1626/2159
f 672/594/2160 694/1626/2160 691/592/2160
f 331/1615/2161 335/1593/2161 379/1610/2161
f 315/1617/2162 324/1575/2162 328/1614/2162
f 430/1632/2163 422/1603/2163 454/1621/2163
f 684/1633/2164 686/567/2164 677/1629/2164
f 222/578/2165 201/550/2165 200/579/2165
f 200/579/2166 201/550/2166 199/558/2166
f 1218/559/2167 1201/586/2167 1219/560/2167
f 1165/1634/2168 1166/1620/2168 1167/1631/2168
f 1168/1635/2169 1165/1634/2169 1167/1631/2169
f 1029/1618/2170 1028/557/2170 1027/1636/2170
f 1027/1636/2171 1028/557/2171 1024/599/2171
f 297/577/2172 310/576/2172 309/1627/2172
f 1028/557/2173 1040/568/2173 1039/1628/2173
f 200/579/2174 199/558/2174 197/590/2174
f 677/1629/2175 678/1630/2175 651/1637/2175
f 678/1630/2176 679/1638/2176 651/1637/2176
f 651/1637/2177 679/1638/2177 673/1624/2177
f 651/1637/2178 673/1624/2178 672/594/2178
f 316/1639/2179 315/1617/2179 328/1614/2179
f 430/1632/2180 454/1621/2180 447/1640/2180
f 309/1627/2181 314/1609/2181 315/1617/2181
f 198/589/2182 199/558/2182 297/577/2182
f 684/1633/2183 677/1629/2183 649/1641/2183
f 649/1641/2184 677/1629/2184 651/1637/2184
f 1201/586/2185 1202/596/2185 1203/581/2185
f 651/1637/2186 672/594/2186 669/593/2186
f 329/1642/2187 328/1614/2187 331/1615/2187
f 316/1639/2188 328/1614/2188 329/1642/2188
f 419/1616/2189 422/1603/2189 430/1632/2189
f 297/577/2190 309/1627/2190 303/1643/2190
f 1028/557/2191 1039/1628/2191 1025/600/2191
f 648/1644/2192 651/1637/2192 669/593/2192
f 431/1645/2193 430/1632/2193 447/1640/2193
f 1025/600/2194 1039/1628/2194 1047/1646/2194
f 649/1641/2195 651/1637/2195 648/1644/2195
f 322/1647/2196 316/1639/2196 329/1642/2196
f 419/1616/2197 430/1632/2197 431/1645/2197
f 307/1648/2198 309/1627/2198 315/1617/2198
f 1022/1649/2199 1027/1636/2199 1024/599/2199
f 303/1643/2200 309/1627/2200 307/1648/2200
f 687/1650/2201 684/1633/2201 649/1641/2201
f 331/1615/2202 379/1610/2202 330/1651/2202
f 687/1650/2203 649/1641/2203 647/1652/2203
f 649/1641/2204 648/1644/2204 647/1652/2204
f 379/1610/2205 419/1616/2205 407/1653/2205
f 424/1654/2206 419/1616/2206 431/1645/2206
f 195/612/2207 198/589/2207 297/577/2207
f 322/1647/2208 329/1642/2208 330/1651/2208
f 330/1651/2209 329/1642/2209 331/1615/2209
f 315/1617/2210 316/1639/2210 307/1648/2210
f 445/1655/2211 447/1640/2211 459/1656/2211
f 647/1652/2212 648/1644/2212 645/1657/2212
f 644/1658/2213 647/1652/2213 645/1657/2213
f 1660/616/2214 1679/584/2214 1649/605/2214
f 330/1651/2215 379/1610/2215 407/1653/2215
f 312/1659/2216 316/1639/2216 322/1647/2216
f 307/1648/2217 316/1639/2217 312/1659/2217
f 431/1645/2218 447/1640/2218 445/1655/2218
f 303/1643/2219 307/1648/2219 302/1660/2219
f 1024/599/2220 1025/600/2220 1023/1661/2220
f 645/1657/2221 648/1644/2221 669/593/2221
f 407/1653/2222 419/1616/2222 424/1654/2222
f 297/577/2223 303/1643/2223 296/1662/2223
f 1023/1661/2224 1025/600/2224 1047/1646/2224
f 687/1650/2225 647/1652/2225 644/1658/2225
f 645/1657/2226 669/593/2226 661/1663/2226
f 330/1651/2227 407/1653/2227 408/1664/2227
f 322/1647/2228 330/1651/2228 321/1665/2228
f 407/1653/2229 424/1654/2229 417/1666/2229
f 318/1667/2230 312/1659/2230 322/1647/2230
f 195/612/2231 297/577/2231 296/1662/2231
f 318/1667/2232 322/1647/2232 321/1665/2232
f 308/1668/2233 302/1660/2233 307/1648/2233
f 1022/1649/2234 1024/599/2234 1023/1661/2234
f 1023/1661/2235 1047/1646/2235 1046/1669/2235
f 644/1658/2236 645/1657/2236 646/1670/2236
f 661/1663/2237 669/593/2237 689/607/2237
f 408/1664/2238 407/1653/2238 417/1666/2238
f 313/1671/2239 312/1659/2239 318/1667/2239
f 194/626/2240 195/612/2240 296/1662/2240
f 646/1670/2241 645/1657/2241 661/1663/2241
f 424/1654/2242 431/1645/2242 432/1672/2242
f 308/1668/2243 307/1648/2243 312/1659/2243
f 652/1673/2244 687/1650/2244 644/1658/2244
f 683/1674/2245 661/1663/2245 689/607/2245
f 417/1666/2246 424/1654/2246 432/1672/2246
f 431/1645/2247 445/1655/2247 444/1675/2247
f 323/1676/2248 330/1651/2248 408/1664/2248
f 313/1671/2249 318/1667/2249 321/1665/2249
f 308/1668/2250 312/1659/2250 313/1671/2250
f 296/1662/2251 303/1643/2251 302/1660/2251
f 652/1673/2252 644/1658/2252 650/1677/2252
f 650/1677/2253 644/1658/2253 646/1670/2253
f 313/1671/2254 321/1665/2254 317/1678/2254
f 432/1672/2255 431/1645/2255 444/1675/2255
f 458/1679/2256 445/1655/2256 459/1656/2256
f 1022/1649/2257 1023/1661/2257 1021/1680/2257
f 1023/1661/2258 1046/1669/2258 1021/1680/2258
f 646/1670/2259 661/1663/2259 660/1681/2259
f 321/1665/2260 330/1651/2260 323/1676/2260
f 317/1678/2261 321/1665/2261 323/1676/2261
f 409/1682/2262 408/1664/2262 417/1666/2262
f 311/1683/2263 308/1668/2263 313/1671/2263
f 444/1675/2264 445/1655/2264 446/1684/2264
f 661/1663/2265 683/1674/2265 660/1681/2265
f 446/1684/2266 445/1655/2266 458/1679/2266
f 1020/1685/2267 1022/1649/2267 1021/1680/2267
f 323/1676/2268 408/1664/2268 409/1682/2268
f 409/1682/2269 417/1666/2269 418/657/2269
f 1021/1680/2270 1046/1669/2270 1030/1686/2270
f 418/657/2271 417/1666/2271 433/658/2271
f 433/658/2272 417/1666/2272 432/1672/2272
f 432/1672/2273 444/1675/2273 434/1687/2273
f 646/1670/2274 660/1681/2274 658/1688/2274
f 131/1689/2275 323/1676/2275 409/1682/2275
f 311/1683/2276 313/1671/2276 317/1678/2276
f 650/1677/2277 646/1670/2277 653/1690/2277
f 670/751/2278 660/1681/2278 683/1674/2278
f 433/658/2279 432/1672/2279 434/1687/2279
f 311/1683/2280 317/1678/2280 56/1691/2280
f 1020/1685/2281 1021/1680/2281 1019/1692/2281
f 653/1690/2282 646/1670/2282 658/1688/2282
f 1670/649/2283 1653/643/2283 1736/655/2283
f 317/1678/2284 323/1676/2284 131/1689/2284
f 131/1689/2285 409/1682/2285 9/1693/2285
f 9/1693/2286 409/1682/2286 10/671/2286
f 409/1682/2287 418/657/2287 10/671/2287
f 418/657/2288 134/656/2288 10/671/2288
f 134/656/2289 433/658/2289 509/1694/2289
f 509/1694/2290 433/658/2290 434/1687/2290
f 1034/1695/2291 1036/1696/2291 1032/1697/2291
f 452/1698/2292 434/1687/2292 444/1675/2292
f 304/1699/2293 308/1668/2293 311/1683/2293
f 293/1700/2294 296/1662/2294 302/1660/2294
f 1019/1692/2295 1021/1680/2295 1018/1701/2295
f 1018/1701/2296 1021/1680/2296 1030/1686/2296
f 654/1702/2297 650/1677/2297 653/1690/2297
f 658/1688/2298 660/1681/2298 670/751/2298
f 1756/666/2299 1670/649/2299 1736/655/2299
f 49/704/2300 317/1678/2300 131/1689/2300
f 10/671/2301 134/656/2301 118/672/2301
f 134/656/2302 509/1694/2302 118/672/2302
f 317/1678/2303 49/704/2303 56/1691/2303
f 1135/1703/2304 1036/1696/2304 1134/1704/2304
f 1134/1704/2305 1036/1696/2305 1034/1695/2305
f 452/1698/2306 444/1675/2306 446/1684/2306
f 304/1699/2307 302/1660/2307 308/1668/2307
f 1017/1705/2308 1020/1685/2308 1019/1692/2308
f 194/626/2309 296/1662/2309 293/1700/2309
f 49/704/2310 131/1689/2310 12/702/2310
f 12/702/2311 131/1689/2311 9/1693/2311
f 9/1693/2312 10/671/2312 8/670/2312
f 118/672/2313 509/1694/2313 512/1706/2313
f 118/672/2314 512/1706/2314 119/1707/2314
f 512/1706/2315 514/1708/2315 119/1707/2315
f 1986/1709/2316 2001/1710/2316 2000/1711/2316
f 1034/1695/2317 1032/1697/2317 1033/1712/2317
f 1999/1713/2318 2001/1710/2318 1986/1709/2318
f 1033/1712/2319 1032/1697/2319 1031/1714/2319
f 1981/728/2320 1999/1713/2320 1986/1709/2320
f 304/1699/2321 311/1683/2321 58/1715/2321
f 1016/1716/2322 1017/1705/2322 1019/1692/2322
f 1014/1717/2323 1019/1692/2323 1018/1701/2323
f 656/1718/2324 653/1690/2324 658/1688/2324
f 1921/754/2325 1895/641/2325 1862/694/2325
f 2061/1719/2326 2067/1720/2326 2058/1721/2326
f 2058/1721/2327 2067/1720/2327 2068/1722/2327
f 2058/1721/2328 2068/1722/2328 2066/1723/2328
f 782/669/2329 783/668/2329 778/698/2329
f 12/702/2330 9/1693/2330 11/1724/2330
f 24/703/2331 12/702/2331 11/1724/2331
f 9/1693/2332 8/670/2332 7/1725/2332
f 8/670/2333 118/672/2333 119/1707/2333
f 809/687/2334 810/705/2334 804/723/2334
f 1986/1709/2335 2000/1711/2335 1998/1726/2335
f 1035/1727/2336 1034/1695/2336 1033/1712/2336
f 452/1698/2337 446/1684/2337 453/1728/2337
f 1018/1701/2338 1030/1686/2338 1026/1729/2338
f 1026/1729/2339 1030/1686/2339 1145/1730/2339
f 655/1731/2340 654/1702/2340 653/1690/2340
f 655/1731/2341 653/1690/2341 656/1718/2341
f 656/1718/2342 658/1688/2342 659/750/2342
f 659/750/2343 658/1688/2343 670/751/2343
f 2056/1732/2344 2063/1733/2344 2050/1734/2344
f 2063/1733/2345 2060/1735/2345 2050/1734/2345
f 2050/1734/2346 2060/1735/2346 2051/1736/2346
f 2051/1736/2347 2060/1735/2347 2061/1719/2347
f 2051/1736/2348 2061/1719/2348 2058/1721/2348
f 11/1724/2349 9/1693/2349 7/1725/2349
f 39/1737/2350 49/704/2350 24/703/2350
f 514/1708/2351 515/1738/2351 119/1707/2351
f 119/1707/2352 515/1738/2352 517/1739/2352
f 56/1691/2353 49/704/2353 39/1737/2353
f 1986/1709/2354 1998/1726/2354 1994/1740/2354
f 1031/1714/2355 1032/1697/2355 1013/1741/2355
f 1982/1742/2356 1981/728/2356 1986/1709/2356
f 1013/1741/2357 1017/1705/2357 1016/1716/2357
f 292/734/2358 194/626/2358 293/1700/2358
f 657/1743/2359 654/1702/2359 655/1731/2359
f 190/926/2360 192/627/2360 191/659/2360
f 2072/1744/2361 2071/1745/2361 2054/1746/2361
f 2071/1745/2362 2056/1732/2362 2054/1746/2362
f 2054/1746/2363 2056/1732/2363 2050/1734/2363
f 2058/1721/2364 2066/1723/2364 2045/1747/2364
f 764/756/2365 776/699/2365 767/718/2365
f 7/1725/2366 8/670/2366 5/1748/2366
f 8/670/2367 119/1707/2367 103/1749/2367
f 103/1749/2368 119/1707/2368 132/1750/2368
f 119/1707/2369 517/1739/2369 132/1750/2369
f 807/769/2370 806/740/2370 803/741/2370
f 1987/1751/2371 1986/1709/2371 1994/1740/2371
f 58/1715/2372 311/1683/2372 56/1691/2372
f 1982/1742/2373 1986/1709/2373 1987/1751/2373
f 1978/729/2374 1981/728/2374 1982/1742/2374
f 1026/1729/2375 1145/1730/2375 1146/1752/2375
f 762/757/2376 764/756/2376 763/764/2376
f 762/757/2377 763/764/2377 760/766/2377
f 5/1748/2378 8/670/2378 103/1749/2378
f 103/1749/2379 132/1750/2379 124/1753/2379
f 807/769/2380 802/770/2380 808/774/2380
f 802/770/2381 801/742/2381 800/775/2381
f 800/775/2382 801/742/2382 797/795/2382
f 1008/1754/2383 1031/1714/2383 1013/1741/2383
f 1014/1717/2384 1016/1716/2384 1019/1692/2384
f 293/1700/2385 302/1660/2385 304/1699/2385
f 2176/779/2386 2177/781/2386 2178/1755/2386
f 656/1718/2387 659/750/2387 663/782/2387
f 2051/1736/2388 2058/1721/2388 2052/1756/2388
f 2052/1756/2389 2058/1721/2389 2045/1747/2389
f 761/786/2390 765/758/2390 762/757/2390
f 761/786/2391 762/757/2391 760/766/2391
f 761/786/2392 760/766/2392 759/787/2392
f 759/787/2393 760/766/2393 758/1757/2393
f 4/1758/2394 7/1725/2394 5/1748/2394
f 17/861/2395 11/1724/2395 7/1725/2395
f 39/1737/2396 24/703/2396 22/863/2396
f 22/863/2397 24/703/2397 11/1724/2397
f 22/863/2398 11/1724/2398 17/861/2398
f 1998/1726/2399 2005/1759/2399 2004/1760/2399
f 1996/1761/2400 1998/1726/2400 2004/1760/2400
f 2025/1762/2401 2026/1763/2401 2027/1764/2401
f 799/777/2402 800/775/2402 797/795/2402
f 1983/797/2403 1978/729/2403 1982/1742/2403
f 622/772/2404 626/748/2404 642/1765/2404
f 2052/1756/2405 2045/1747/2405 2043/1766/2405
f 759/787/2406 758/1757/2406 756/805/2406
f 756/805/2407 758/1757/2407 754/1767/2407
f 2043/1766/2408 2045/1747/2408 2044/1768/2408
f 5/1748/2409 103/1749/2409 6/1769/2409
f 6/1769/2410 103/1749/2410 65/1770/2410
f 103/1749/2411 124/1753/2411 65/1770/2411
f 808/774/2412 798/776/2412 788/813/2412
f 788/813/2413 798/776/2413 789/792/2413
f 1994/1740/2414 1998/1726/2414 1996/1761/2414
f 1992/1771/2415 1987/1751/2415 1994/1740/2415
f 795/778/2416 797/795/2416 791/808/2416
f 1132/1772/2417 1031/1714/2417 1008/1754/2417
f 1988/1773/2418 1987/1751/2418 1992/1771/2418
f 1982/1742/2419 1987/1751/2419 1988/1773/2419
f 674/1774/2420 655/1731/2420 662/1775/2420
f 662/1775/2421 655/1731/2421 656/1718/2421
f 2054/1746/2422 2050/1734/2422 2047/1776/2422
f 2050/1734/2423 2051/1736/2423 2049/1777/2423
f 2051/1736/2424 2052/1756/2424 2049/1777/2424
f 753/819/2425 757/788/2425 756/805/2425
f 4/1758/2426 5/1748/2426 6/1769/2426
f 788/813/2427 789/792/2427 790/809/2427
f 1992/1771/2428 1994/1740/2428 1996/1761/2428
f 294/914/2429 293/1700/2429 304/1699/2429
f 1014/1717/2430 1018/1701/2430 1015/1778/2430
f 1015/1778/2431 1018/1701/2431 1026/1729/2431
f 663/782/2432 680/752/2432 671/1779/2432
f 2057/1780/2433 2054/1746/2433 2047/1776/2433
f 2047/1776/2434 2050/1734/2434 2049/1777/2434
f 2049/1777/2435 2052/1756/2435 2053/1781/2435
f 2052/1756/2436 2043/1766/2436 2053/1781/2436
f 2053/1781/2437 2043/1766/2437 2042/1782/2437
f 753/819/2438 756/805/2438 754/1767/2438
f 753/819/2439 754/1767/2439 755/823/2439
f 2042/1782/2440 2043/1766/2440 2044/1768/2440
f 65/1770/2441 124/1753/2441 129/1783/2441
f 124/1753/2442 138/1784/2442 129/1783/2442
f 1005/1785/2443 1007/1786/2443 1006/1787/2443
f 870/1788/2444 869/1789/2444 871/1790/2444
f 1005/1785/2445 1006/1787/2445 995/844/2445
f 58/1715/2446 56/1691/2446 38/1791/2446
f 792/815/2447 790/809/2447 791/808/2447
f 641/1792/2448 639/794/2448 615/793/2448
f 292/734/2449 293/1700/2449 294/914/2449
f 1995/1793/2450 1984/798/2450 1983/797/2450
f 675/1794/2451 674/1774/2451 662/1775/2451
f 662/1775/2452 656/1718/2452 663/782/2452
f 2057/1780/2453 2047/1776/2453 2046/1795/2453
f 769/820/2454 753/819/2454 768/824/2454
f 769/820/2455 768/824/2455 771/1796/2455
f 866/1797/2456 869/1789/2456 868/1798/2456
f 868/1798/2457 869/1789/2457 870/1788/2457
f 39/1737/2458 22/863/2458 36/1799/2458
f 1997/1800/2459 1992/1771/2459 1996/1761/2459
f 1011/1801/2460 1132/1772/2460 1008/1754/2460
f 1993/1802/2461 1988/1773/2461 1992/1771/2461
f 641/1792/2462 615/793/2462 617/828/2462
f 1012/1803/2463 1013/1741/2463 1016/1716/2463
f 1012/1803/2464 1016/1716/2464 1014/1717/2464
f 675/1794/2465 662/1775/2465 666/1804/2465
f 2047/1776/2466 2049/1777/2466 2048/1805/2466
f 2069/1806/2467 2053/1781/2467 2042/1782/2467
f 770/821/2468 769/820/2468 772/834/2468
f 772/834/2469 769/820/2469 771/1796/2469
f 1459/837/2470 1452/761/2470 1457/736/2470
f 65/1770/2471 129/1783/2471 112/1807/2471
f 1005/1785/2472 995/844/2472 1004/1808/2472
f 38/1791/2473 56/1691/2473 39/1737/2473
f 36/1799/2474 22/863/2474 23/1809/2474
f 1004/1808/2475 995/844/2475 992/843/2475
f 993/842/2476 1011/1801/2476 1008/1754/2476
f 1985/1810/2477 1982/1742/2477 1988/1773/2477
f 1041/1811/2478 1015/1778/2478 1026/1729/2478
f 662/1775/2479 663/782/2479 664/1812/2479
f 664/1812/2480 663/782/2480 671/1779/2480
f 2048/1805/2481 2049/1777/2481 2055/1813/2481
f 2055/1813/2482 2049/1777/2482 2053/1781/2482
f 2055/1813/2483 2053/1781/2483 2069/1806/2483
f 2112/839/2484 2111/1814/2484 2117/840/2484
f 772/834/2485 771/1796/2485 775/1815/2485
f 112/1807/2486 129/1783/2486 135/1816/2486
f 38/1791/2487 39/1737/2487 36/1799/2487
f 856/1817/2488 865/1818/2488 866/1797/2488
f 856/1817/2489 866/1797/2489 867/1819/2489
f 866/1797/2490 868/1798/2490 867/1819/2490
f 2003/1820/2491 1993/1802/2491 1992/1771/2491
f 855/1821/2492 865/1818/2492 856/1817/2492
f 858/1822/2493 867/1819/2493 868/1798/2493
f 2136/1823/2494 2139/1824/2494 2138/1825/2494
f 1008/1754/2495 1013/1741/2495 1009/1826/2495
f 2136/1823/2496 2138/1825/2496 2137/1827/2496
f 306/1828/2497 304/1699/2497 58/1715/2497
f 1983/797/2498 1982/1742/2498 1985/1810/2498
f 1989/891/2499 1995/1793/2499 1983/797/2499
f 629/855/2500 620/799/2500 636/866/2500
f 666/1804/2501 662/1775/2501 665/1829/2501
f 665/1829/2502 662/1775/2502 664/1812/2502
f 2059/1830/2503 2057/1780/2503 2046/1795/2503
f 2046/1795/2504 2047/1776/2504 2048/1805/2504
f 2062/1831/2505 2048/1805/2505 2055/1813/2505
f 773/835/2506 772/834/2506 774/1832/2506
f 774/1832/2507 772/834/2507 775/1815/2507
f 15/1833/2508 7/1725/2508 4/1758/2508
f 1004/1808/2509 992/843/2509 997/1834/2509
f 997/1834/2510 992/843/2510 991/864/2510
f 993/842/2511 1008/1754/2511 1009/1826/2511
f 1009/1826/2512 1013/1741/2512 1012/1803/2512
f 851/1835/2513 864/1836/2513 855/1821/2513
f 858/1822/2514 856/1817/2514 867/1819/2514
f 1985/1810/2515 1988/1773/2515 1993/1802/2515
f 2135/1837/2516 2136/1823/2516 2137/1827/2516
f 1989/891/2517 1983/797/2517 1985/1810/2517
f 1042/1838/2478 1015/1778/2478 1041/1811/2478
f 668/1839/2518 666/1804/2518 665/1829/2518
f 2046/1795/2519 2048/1805/2519 2062/1831/2519
f 1815/856/2520 1826/831/2520 1810/892/2520
f 2062/1831/2521 2055/1813/2521 2070/1840/2521
f 2116/1841/2522 2126/1842/2522 2111/1814/2522
f 2116/1841/2523 2111/1814/2523 2103/1843/2523
f 777/1844/2524 773/835/2524 774/1832/2524
f 2101/1845/2525 2103/1843/2525 2104/850/2525
f 2103/1843/2526 2111/1814/2526 2104/850/2526
f 2104/850/2527 2111/1814/2527 2112/839/2527
f 4/1758/2528 6/1769/2528 13/1846/2528
f 18/862/2529 17/861/2529 7/1725/2529
f 18/862/2530 7/1725/2530 15/1833/2530
f 101/1847/2531 65/1770/2531 112/1807/2531
f 112/1807/2532 135/1816/2532 121/1848/2532
f 57/1849/2533 58/1715/2533 38/1791/2533
f 851/1835/2534 855/1821/2534 852/1850/2534
f 852/1850/2535 855/1821/2535 856/1817/2535
f 852/1850/2536 856/1817/2536 858/1822/2536
f 306/1828/2537 58/1715/2537 57/1849/2537
f 2134/1851/2538 2136/1823/2538 2135/1837/2538
f 2132/1852/2539 2134/1851/2539 2135/1837/2539
f 294/914/2540 304/1699/2540 300/912/2540
f 637/873/2541 633/853/2541 627/854/2541
f 664/1812/2542 671/1779/2542 681/1853/2542
f 2065/1854/2543 2057/1780/2543 2059/1830/2543
f 2059/1830/2544 2046/1795/2544 2064/1855/2544
f 2046/1795/2545 2062/1831/2545 2064/1855/2545
f 2064/1855/2546 2062/1831/2546 2070/1840/2546
f 2102/878/2547 2122/1856/2547 2116/1841/2547
f 779/1857/2548 773/835/2548 777/1844/2548
f 2105/876/2549 2102/878/2549 2101/1845/2549
f 2102/878/2550 2116/1841/2550 2103/1843/2550
f 2101/1845/2551 2102/878/2551 2103/1843/2551
f 1528/804/2552 1468/908/2552 1471/822/2552
f 777/1844/2553 774/1832/2553 780/902/2553
f 14/1858/2554 4/1758/2554 13/1846/2554
f 13/1846/2555 6/1769/2555 63/1859/2555
f 63/1859/2556 6/1769/2556 65/1770/2556
f 63/1859/2557 65/1770/2557 101/1847/2557
f 101/1847/2558 112/1807/2558 121/1848/2558
f 34/1860/2559 38/1791/2559 36/1799/2559
f 989/852/2560 993/842/2560 994/1861/2560
f 994/1861/2561 993/842/2561 1009/1826/2561
f 2002/1862/2562 1985/1810/2562 1993/1802/2562
f 854/1863/2563 864/1836/2563 851/1835/2563
f 850/1864/2564 851/1835/2564 852/1850/2564
f 1012/1803/2565 1014/1717/2565 1010/1865/2565
f 1010/1865/2566 1014/1717/2566 1015/1778/2566
f 2133/1866/2567 2134/1851/2567 2132/1852/2567
f 1989/891/2568 1985/1810/2568 1990/889/2568
f 1043/1867/2569 1042/1838/2569 1041/1811/2569
f 665/1829/2570 664/1812/2570 667/1868/2570
f 667/1868/2571 664/1812/2571 681/1853/2571
f 2059/1830/2572 2064/1855/2572 2065/1854/2572
f 2140/1869/2573 2122/1856/2573 2114/1870/2573
f 2114/1870/2574 2122/1856/2574 2107/884/2574
f 2107/884/2575 2122/1856/2575 2102/878/2575
f 2107/884/2576 2102/878/2576 2106/877/2576
f 779/1857/2577 777/1844/2577 781/1871/2577
f 781/1871/2578 777/1844/2578 780/902/2578
f 990/888/2579 989/852/2579 994/1861/2579
f 300/912/2580 304/1699/2580 306/1828/2580
f 2002/1862/2581 1990/889/2581 1985/1810/2581
f 853/1872/2582 854/1863/2582 851/1835/2582
f 853/1872/2583 851/1835/2583 850/1864/2583
f 1044/1873/2584 1010/1865/2584 1015/1778/2584
f 1044/1873/2585 1015/1778/2585 1042/1838/2585
f 2130/1874/2586 2131/1875/2586 2132/1852/2586
f 2131/1875/2587 2133/1866/2587 2132/1852/2587
f 2130/1874/2588 2142/1876/2588 2128/1877/2588
f 682/1878/2589 668/1839/2589 676/1879/2589
f 676/1879/2590 668/1839/2590 665/1829/2590
f 676/1879/2591 665/1829/2591 667/1868/2591
f 667/1868/2592 681/1853/2592 688/1880/2592
f 2115/1881/2593 2140/1869/2593 2114/1870/2593
f 2109/894/2594 2114/1870/2594 2107/884/2594
f 2109/894/2595 2107/884/2595 2108/883/2595
f 780/902/2596 774/1832/2596 787/900/2596
f 15/1833/2597 4/1758/2597 14/1858/2597
f 996/897/2598 997/1834/2598 991/864/2598
f 1009/1826/2599 1012/1803/2599 1010/1865/2599
f 862/1882/2600 863/1883/2600 857/1884/2600
f 857/1884/2601 863/1883/2601 854/1863/2601
f 857/1884/2602 854/1863/2602 853/1872/2602
f 676/1879/2603 667/1868/2603 690/1885/2603
f 690/1885/2604 667/1868/2604 688/1880/2604
f 2109/894/2605 2115/1881/2605 2114/1870/2605
f 781/1871/2606 780/902/2606 786/901/2606
f 101/1847/2607 121/1848/2607 127/1886/2607
f 857/1884/2608 853/1872/2608 859/1887/2608
f 2129/1888/2609 2131/1875/2609 2130/1874/2609
f 2129/1888/2610 2130/1874/2610 2128/1877/2610
f 2129/1888/2611 2128/1877/2611 2127/1889/2611
f 2127/1889/2612 2128/1877/2612 2124/1890/2612
f 2123/1891/2613 2115/1881/2613 2121/1892/2613
f 2121/1892/2614 2115/1881/2614 2118/1893/2614
f 2118/1893/2615 2115/1881/2615 2109/894/2615
f 1814/882/2616 1810/892/2616 1800/933/2616
f 2119/1894/2617 2118/1893/2617 2109/894/2617
f 1912/1895/2618 1877/879/2618 1870/904/2618
f 64/1896/2619 63/1859/2619 101/1847/2619
f 23/1809/2620 22/863/2620 19/1897/2620
f 19/1897/2621 22/863/2621 18/862/2621
f 998/1898/2622 996/897/2622 990/888/2622
f 998/1898/2623 990/888/2623 994/1861/2623
f 861/1899/2624 862/1882/2624 857/1884/2624
f 860/1900/2625 857/1884/2625 859/1887/2625
f 2124/1890/2626 2123/1891/2626 2121/1892/2626
f 2125/1901/2627 2124/1890/2627 2121/1892/2627
f 2120/916/2628 2118/1893/2628 2119/1894/2628
f 1919/906/2629 1912/1895/2629 1911/907/2629
f 1911/907/2630 1912/1895/2630 1870/904/2630
f 101/1847/2631 127/1886/2631 128/1902/2631
f 35/1903/2632 38/1791/2632 34/1860/2632
f 994/1861/2633 1009/1826/2633 1010/1865/2633
f 1045/1904/2634 1010/1865/2634 1044/1873/2634
f 860/1900/2635 861/1899/2635 857/1884/2635
f 2125/1901/2636 2127/1889/2636 2124/1890/2636
f 2120/916/2637 2121/1892/2637 2118/1893/2637
f 1932/905/2638 1814/882/2638 1800/933/2638
f 13/1846/2639 63/1859/2639 64/1896/2639
f 19/1897/2640 18/862/2640 15/1833/2640
f 114/1905/2641 101/1847/2641 128/1902/2641
f 998/1898/2642 994/1861/2642 999/1906/2642
f 999/1906/2643 994/1861/2643 1010/1865/2643
f 1131/1907/2644 1044/1873/2644 1042/1838/2644
f 1042/1838/2645 1151/1908/2645 1150/1909/2645
f 1131/1907/2646 1042/1838/2646 1150/1909/2646
f 188/915/2647 292/734/2647 294/914/2647
f 2144/1910/2648 2127/1889/2648 2143/1911/2648
f 188/915/2649 190/926/2649 191/659/2649
f 2143/1911/2650 2127/1889/2650 2125/1901/2650
f 2125/1901/2651 2121/1892/2651 2141/918/2651
f 2121/1892/2652 2120/916/2652 2141/918/2652
f 57/1849/2653 38/1791/2653 35/1903/2653
f 2143/1911/2654 2125/1901/2654 2141/918/2654
f 1821/910/2655 1911/907/2655 1871/925/2655
f 1869/924/2656 1911/907/2656 1870/904/2656
f 15/1833/2657 14/1858/2657 16/1912/2657
f 64/1896/2658 101/1847/2658 114/1905/2658
f 114/1905/2659 128/1902/2659 137/1913/2659
f 1000/1914/2660 998/1898/2660 999/1906/2660
f 999/1906/2661 1010/1865/2661 1045/1904/2661
f 14/1858/2662 13/1846/2662 27/1915/2662
f 27/1915/2663 13/1846/2663 64/1896/2663
f 34/1860/2664 36/1799/2664 33/1916/2664
f 33/1916/2665 36/1799/2665 23/1809/2665
f 136/1917/2666 114/1905/2666 137/1913/2666
f 1052/1918/2667 1044/1873/2667 1131/1907/2667
f 2144/1910/2668 2143/1911/2668 2148/1919/2668
f 2148/1919/2669 2143/1911/2669 2146/1920/2669
f 2146/1920/2670 2143/1911/2670 2141/918/2670
f 2146/1920/2671 2141/918/2671 2147/1921/2671
f 2141/918/2672 2145/917/2672 2147/1921/2672
f 1799/1922/2673 1800/933/2673 1798/932/2673
f 1824/935/2674 1821/910/2674 1871/925/2674
f 16/1912/2675 14/1858/2675 27/1915/2675
f 300/912/2676 306/1828/2676 301/1923/2676
f 1052/1918/2677 1045/1904/2677 1044/1873/2677
f 1131/1907/2678 1150/1909/2678 1152/1924/2678
f 1868/937/2679 1824/935/2679 1871/925/2679
f 1867/934/2680 1869/924/2680 1870/904/2680
f 19/1897/2681 15/1833/2681 16/1912/2681
f 33/1916/2682 23/1809/2682 19/1897/2682
f 1001/1925/2683 1000/1914/2683 999/1906/2683
f 1001/1925/2684 999/1906/2684 1002/1926/2684
f 1049/1927/2685 999/1906/2685 1045/1904/2685
f 295/913/2686 300/912/2686 301/1923/2686
f 1809/943/2687 1811/931/2687 1822/939/2687
f 64/1896/2688 114/1905/2688 106/1928/2688
f 114/1905/2689 136/1917/2689 133/1929/2689
f 1003/1930/2690 1001/1925/2690 1002/1926/2690
f 1002/1926/2691 999/1906/2691 1050/1931/2691
f 1050/1931/2692 999/1906/2692 1049/1927/2692
f 1049/1927/2693 1045/1904/2693 1052/1918/2693
f 298/948/2694 295/913/2694 301/1923/2694
f 1052/1918/2695 1131/1907/2695 1080/1932/2695
f 2146/1920/2696 2147/1921/2696 2150/1933/2696
f 1797/1934/2697 1799/1922/2697 1798/932/2697
f 55/1935/2698 306/1828/2698 57/1849/2698
f 1797/1934/2699 1798/932/2699 1796/953/2699
f 27/1915/2700 64/1896/2700 106/1928/2700
f 106/1928/2701 114/1905/2701 123/1936/2701
f 123/1936/2702 114/1905/2702 133/1929/2702
f 301/1923/2703 306/1828/2703 55/1935/2703
f 188/915/2704 295/913/2704 181/949/2704
f 183/957/2705 189/927/2705 188/915/2705
f 25/1937/2706 16/1912/2706 27/1915/2706
f 35/1903/2707 34/1860/2707 31/1938/2707
f 33/1916/2708 19/1897/2708 29/1939/2708
f 29/1939/2709 19/1897/2709 20/1940/2709
f 20/1940/2710 19/1897/2710 16/1912/2710
f 1129/1941/2711 1003/1930/2711 1054/1942/2711
f 1003/1930/2712 1002/1926/2712 1054/1942/2712
f 55/1935/2713 57/1849/2713 35/1903/2713
f 1054/1942/2714 1002/1926/2714 1050/1931/2714
f 1131/1907/2715 1152/1924/2715 1140/1943/2715
f 1840/945/2716 1868/937/2716 1844/947/2716
f 27/1915/2717 106/1928/2717 62/1944/2717
f 1129/1941/2718 1054/1942/2718 1055/1945/2718
f 1080/1932/2719 1131/1907/2719 1140/1943/2719
f 2148/1919/2720 2146/1920/2720 2149/1946/2720
f 2149/1946/2721 2146/1920/2721 2150/1933/2721
f 31/1938/2722 34/1860/2722 33/1916/2722
f 1794/977/2723 1797/1934/2723 1796/953/2723
f 1823/954/2724 1822/939/2724 1840/945/2724
f 25/1937/2725 27/1915/2725 62/1944/2725
f 20/1940/2726 16/1912/2726 21/1947/2726
f 55/1935/2727 35/1903/2727 43/1948/2727
f 1049/1927/2728 1052/1918/2728 1080/1932/2728
f 1140/1943/2729 1152/1924/2729 1155/1949/2729
f 1155/1949/2730 1152/1924/2730 1161/1950/2730
f 21/1947/2731 16/1912/2731 25/1937/2731
f 35/1903/2732 31/1938/2732 43/1948/2732
f 106/1928/2733 123/1936/2733 122/1951/2733
f 1128/1952/2734 1129/1941/2734 1055/1945/2734
f 2149/1946/2735 2150/1933/2735 2151/1953/2735
f 1840/945/2736 1844/947/2736 1841/967/2736
f 43/1948/2737 31/1938/2737 32/1954/2737
f 55/1935/2738 43/1948/2738 48/1955/2738
f 1128/1952/2739 1055/1945/2739 1056/1956/2739
f 301/1923/2740 55/1935/2740 305/1957/2740
f 31/1938/2741 33/1916/2741 29/1939/2741
f 21/1947/2742 25/1937/2742 26/1958/2742
f 299/990/2743 298/948/2743 301/1923/2743
f 180/969/2744 181/949/2744 172/974/2744
f 1795/976/2745 1796/953/2745 1801/944/2745
f 1842/979/2746 1841/967/2746 1843/966/2746
f 59/1959/2747 25/1937/2747 62/1944/2747
f 1055/1945/2748 1054/1942/2748 1053/1960/2748
f 1053/1960/2749 1054/1942/2749 1050/1931/2749
f 305/1957/2750 55/1935/2750 48/1955/2750
f 1050/1931/2751 1049/1927/2751 1051/1961/2751
f 172/974/2752 298/948/2752 299/990/2752
f 32/1954/2753 31/1938/2753 30/1962/2753
f 30/1962/2754 31/1938/2754 29/1939/2754
f 29/1939/2755 20/1940/2755 21/1947/2755
f 111/1963/2756 106/1928/2756 122/1951/2756
f 26/1958/2757 25/1937/2757 59/1959/2757
f 28/1964/2758 29/1939/2758 21/1947/2758
f 62/1944/2759 106/1928/2759 111/1963/2759
f 44/1965/2760 48/1955/2760 43/1948/2760
f 1056/1956/2761 1055/1945/2761 1053/1960/2761
f 299/990/2762 301/1923/2762 305/1957/2762
f 1079/1966/2763 1080/1932/2763 1140/1943/2763
f 44/1965/2764 43/1948/2764 32/1954/2764
f 1057/1967/2765 1056/1956/2765 1053/1960/2765
f 1051/1961/2766 1049/1927/2766 1079/1966/2766
f 1079/1966/2767 1049/1927/2767 1080/1932/2767
f 2149/1946/2768 2151/1953/2768 2099/1968/2768
f 960/1969/2769 949/972/2769 959/999/2769
f 1850/986/2770 1843/966/2770 1875/985/2770
f 30/1962/2771 29/1939/2771 28/1964/2771
f 44/1965/2772 32/1954/2772 30/1962/2772
f 1158/1970/2773 1155/1949/2773 1161/1950/2773
f 2152/1971/2774 2149/1946/2774 2099/1968/2774
f 1791/1972/2775 1794/977/2775 1792/1004/2775
f 1792/1004/2776 1794/977/2776 1795/976/2776
f 28/1964/2777 21/1947/2777 26/1958/2777
f 61/1973/2778 59/1959/2778 62/1944/2778
f 111/1963/2779 122/1951/2779 116/1974/2779
f 111/1963/2780 116/1974/2780 107/1975/2780
f 1053/1960/2781 1050/1931/2781 1051/1961/2781
f 173/1976/2782 299/990/2782 305/1957/2782
f 1079/1966/2783 1140/1943/2783 1142/1977/2783
f 1142/1977/2784 1140/1943/2784 1155/1949/2784
f 45/1978/2785 44/1965/2785 30/1962/2785
f 48/1955/2786 44/1965/2786 45/1978/2786
f 1142/1977/2787 1155/1949/2787 1158/1970/2787
f 30/1962/2788 28/1964/2788 37/1979/2788
f 28/1964/2789 26/1958/2789 59/1959/2789
f 52/1980/2790 59/1959/2790 61/1973/2790
f 46/1022/2791 48/1955/2791 45/1978/2791
f 169/991/2792 299/990/2792 173/1976/2792
f 50/1981/2793 28/1964/2793 52/1980/2793
f 52/1980/2794 28/1964/2794 59/1959/2794
f 45/1978/2795 30/1962/2795 40/1020/2795
f 40/1020/2796 30/1962/2796 37/1979/2796
f 61/1973/2797 62/1944/2797 99/1982/2797
f 62/1944/2798 111/1963/2798 99/1982/2798
f 99/1982/2799 111/1963/2799 107/1975/2799
f 305/1957/2800 48/1955/2800 46/1022/2800
f 1058/1983/2801 1053/1960/2801 1051/1961/2801
f 1081/1984/2802 1079/1966/2802 1142/1977/2802
f 180/969/2803 172/974/2803 170/1002/2803
f 1803/1000/2804 1804/964/2804 1812/1005/2804
f 37/1979/2805 28/1964/2805 50/1981/2805
f 166/1027/2806 169/991/2806 173/1976/2806
f 1474/1006/2807 1475/997/2807 1473/988/2807
f 52/1980/2808 61/1973/2808 60/1985/2808
f 99/1982/2809 107/1975/2809 104/1986/2809
f 46/1022/2810 45/1978/2810 40/1020/2810
f 1057/1967/2811 1053/1960/2811 1058/1983/2811
f 1051/1961/2812 1079/1966/2812 1081/1984/2812
f 1154/1987/2813 1142/1977/2813 1158/1970/2813
f 60/1985/2814 61/1973/2814 99/1982/2814
f 175/1054/2815 305/1957/2815 46/1022/2815
f 173/1976/2816 305/1957/2816 175/1054/2816
f 165/1008/2817 169/991/2817 166/1027/2817
f 1791/1972/2818 1792/1004/2818 1793/1988/2818
f 50/1981/2819 52/1980/2819 51/1989/2819
f 80/1990/2820 99/1982/2820 104/1986/2820
f 1058/1983/2821 1051/1961/2821 1063/1991/2821
f 1063/1991/2822 1051/1961/2822 1081/1984/2822
f 1154/1987/2823 1158/1970/2823 1157/1992/2823
f 2098/1993/2824 2152/1971/2824 2099/1968/2824
f 1881/1012/2825 1506/998/2825 1486/1016/2825
f 51/1989/2808 52/1980/2808 60/1985/2808
f 51/1989/2826 60/1985/2826 78/1994/2826
f 60/1985/2827 99/1982/2827 80/1990/2827
f 104/1986/2828 107/1975/2828 108/1995/2828
f 1081/1984/2829 1142/1977/2829 1141/1996/2829
f 1141/1996/2830 1142/1977/2830 1154/1987/2830
f 2098/1993/2831 2099/1968/2831 2100/1997/2831
f 41/1998/2832 37/1979/2832 50/1981/2832
f 41/1998/2833 50/1981/2833 51/1989/2833
f 67/1999/2834 51/1989/2834 78/1994/2834
f 78/1994/2835 60/1985/2835 80/1990/2835
f 40/1020/2836 37/1979/2836 41/1998/2836
f 175/1054/2837 46/1022/2837 47/1021/2837
f 1059/2000/2838 1057/1967/2838 1058/1983/2838
f 1062/2001/2839 1058/1983/2839 1063/1991/2839
f 42/2002/2840 40/1020/2840 41/1998/2840
f 1063/1991/2841 1081/1984/2841 1089/2003/2841
f 1793/1988/2842 1792/1004/2842 1802/1024/2842
f 53/2004/2843 41/1998/2843 51/1989/2843
f 66/2005/2844 51/1989/2844 67/1999/2844
f 79/2006/2845 67/1999/2845 78/1994/2845
f 47/1021/2846 40/1020/2846 42/2002/2846
f 78/1994/2847 80/1990/2847 81/2007/2847
f 80/1990/2848 104/1986/2848 82/2008/2848
f 82/2008/2849 104/1986/2849 108/1995/2849
f 1059/2000/2850 1058/1983/2850 1062/2001/2850
f 174/1032/2851 166/1027/2851 173/1976/2851
f 1089/2003/2852 1081/1984/2852 1141/1996/2852
f 53/2004/2853 51/1989/2853 66/2005/2853
f 81/2007/2854 80/1990/2854 82/2008/2854
f 42/2002/2855 41/1998/2855 53/2004/2855
f 79/2006/2856 78/1994/2856 81/2007/2856
f 174/1032/2857 173/1976/2857 175/1054/2857
f 1141/1996/2858 1154/1987/2858 1157/1992/2858
f 1976/2009/2859 1793/1988/2859 1805/1062/2859
f 1793/1988/2860 1802/1024/2860 1805/1062/2860
f 47/1021/2861 42/2002/2861 54/2010/2861
f 81/2007/2862 82/2008/2862 110/2011/2862
f 1060/2012/2863 1061/2013/2863 1059/2000/2863
f 1060/2012/2864 1059/2000/2864 1062/2001/2864
f 54/2010/2865 42/2002/2865 53/2004/2865
f 53/2004/2866 66/2005/2866 68/2014/2866
f 83/2015/2867 79/2006/2867 81/2007/2867
f 1064/2016/2868 1062/2001/2868 1063/1991/2868
f 70/2017/2869 54/2010/2869 53/2004/2869
f 68/2014/2870 66/2005/2870 67/1999/2870
f 83/2015/2871 81/2007/2871 105/2018/2871
f 105/2018/2872 81/2007/2872 110/2011/2872
f 1060/2012/2873 1062/2001/2873 1064/2016/2873
f 1064/2016/2874 1063/1991/2874 1089/2003/2874
f 1089/2003/2875 1141/1996/2875 1123/2019/2875
f 1149/2020/2876 1141/1996/2876 1157/1992/2876
f 47/1021/2877 54/2010/2877 93/2021/2877
f 93/2021/2878 54/2010/2878 70/2017/2878
f 70/2017/2879 53/2004/2879 68/2014/2879
f 68/2014/2880 67/1999/2880 69/2022/2880
f 69/2022/2881 67/1999/2881 79/2006/2881
f 69/2022/2882 79/2006/2882 83/2015/2882
f 175/1054/2883 47/1021/2883 93/2021/2883
f 159/1028/2884 174/1032/2884 176/1055/2884
f 1123/2019/2885 1141/1996/2885 1149/2020/2885
f 1975/1064/2886 1976/2009/2886 1805/1062/2886
f 964/1042/2887 953/1041/2887 961/1071/2887
f 70/2017/2888 68/2014/2888 71/2023/2888
f 177/2024/2889 175/1054/2889 93/2021/2889
f 176/1055/2890 175/1054/2890 177/2024/2890
f 158/1083/2891 159/1028/2891 176/1055/2891
f 157/1056/2892 159/1028/2892 158/1083/2892
f 1160/2025/2893 1149/2020/2893 1157/1992/2893
f 1802/1024/2894 1813/1043/2894 1807/1068/2894
f 1066/2026/2895 1060/2012/2895 1065/2027/2895
f 1065/2027/2896 1060/2012/2896 1064/2016/2896
f 1090/2028/2897 1064/2016/2897 1089/2003/2897
f 1090/2028/2898 1089/2003/2898 1123/2019/2898
f 1807/1068/2899 1813/1043/2899 1817/1065/2899
f 93/2021/2900 70/2017/2900 72/2029/2900
f 72/2029/2901 70/2017/2901 71/2023/2901
f 71/2023/2902 68/2014/2902 75/2030/2902
f 68/2014/2903 69/2022/2903 75/2030/2903
f 75/2030/2904 69/2022/2904 84/2031/2904
f 84/2031/2905 69/2022/2905 83/2015/2905
f 84/2031/2906 83/2015/2906 102/2032/2906
f 102/2032/2907 83/2015/2907 105/2018/2907
f 1067/2033/2908 1066/2026/2908 1065/2027/2908
f 1078/2034/2909 1065/2027/2909 1064/2016/2909
f 157/1056/2910 158/1083/2910 156/1082/2910
f 1137/2035/2911 1123/2019/2911 1149/2020/2911
f 71/2023/2912 75/2030/2912 74/2036/2912
f 1078/2034/2913 1064/2016/2913 1091/2037/2913
f 1091/2037/2914 1064/2016/2914 1090/2028/2914
f 1137/2035/2915 1149/2020/2915 1156/2038/2915
f 1156/2038/2916 1149/2020/2916 1160/2025/2916
f 1975/1064/2917 1806/1063/2917 1973/1102/2917
f 72/2029/2918 71/2023/2918 73/2039/2918
f 73/2039/2919 71/2023/2919 74/2036/2919
f 177/2024/2920 93/2021/2920 72/2029/2920
f 178/1081/2921 158/1083/2921 176/1055/2921
f 155/1112/2922 157/1056/2922 156/1082/2922
f 2153/1098/2923 2154/2040/2923 2155/1096/2923
f 1973/1102/2924 1806/1063/2924 1808/1084/2924
f 1818/1088/2925 1817/1065/2925 1831/1076/2925
f 1068/2041/2926 1066/2026/2926 1067/2033/2926
f 1067/2033/2927 1065/2027/2927 1078/2034/2927
f 1091/2037/2928 1090/2028/2928 1092/2042/2928
f 1092/2042/2929 1090/2028/2929 1123/2019/2929
f 952/1061/2930 969/1090/2930 954/1070/2930
f 74/2036/2931 75/2030/2931 84/2031/2931
f 77/2043/2932 73/2039/2932 74/2036/2932
f 178/1081/2933 176/1055/2933 177/2024/2933
f 1092/2042/2934 1123/2019/2934 1137/2035/2934
f 85/1109/2935 74/2036/2935 87/1110/2935
f 87/1110/2936 74/2036/2936 88/1122/2936
f 74/2036/2937 84/2031/2937 89/2044/2937
f 76/2045/2938 72/2029/2938 73/2039/2938
f 77/2043/2939 74/2036/2939 85/1109/2939
f 89/2044/2940 84/2031/2940 102/2032/2940
f 177/2024/2941 72/2029/2941 76/2045/2941
f 1067/2033/2942 1078/2034/2942 1086/2046/2942
f 1086/2046/2943 1078/2034/2943 1091/2037/2943
f 1136/2047/2944 1092/2042/2944 1137/2035/2944
f 76/2045/2945 73/2039/2945 77/2043/2945
f 182/2048/2946 177/2024/2946 76/2045/2946
f 1093/2049/2947 1091/2037/2947 1092/2042/2947
f 155/1112/2948 156/1082/2948 153/1104/2948
f 1137/2035/2949 1156/2038/2949 1153/2050/2949
f 1136/2047/2950 1137/2035/2950 1153/2050/2950
f 76/2045/2951 77/2043/2951 86/1120/2951
f 86/1120/2952 77/2043/2952 85/1109/2952
f 89/2044/2953 102/2032/2953 90/2051/2953
f 178/1081/2954 177/2024/2954 182/2048/2954
f 1086/2046/2955 1091/2037/2955 1093/2049/2955
f 2157/2052/2956 2153/1098/2956 2156/1097/2956
f 1971/1101/2957 1808/1084/2957 1916/1136/2957
f 1916/1136/2958 1808/1084/2958 1818/1088/2958
f 972/1085/2959 962/1077/2959 974/1124/2959
f 1838/1099/2960 1674/1078/2960 1847/1127/2960
f 88/1122/2961 74/2036/2961 89/2044/2961
f 1069/2053/2962 1068/2041/2962 1067/2033/2962
f 1832/1106/2963 1818/1088/2963 1831/1076/2963
f 1069/2053/2964 1067/2033/2964 1070/2054/2964
f 1070/2054/2965 1067/2033/2965 1086/2046/2965
f 1832/1106/2966 1836/1075/2966 1845/1126/2966
f 1514/1107/2967 1780/1130/2967 1783/1134/2967
f 88/1122/2968 89/2044/2968 90/2051/2968
f 98/1132/2969 76/2045/2969 86/1120/2969
f 90/2051/2970 102/2032/2970 115/2055/2970
f 1070/2054/2971 1086/2046/2971 1087/2056/2971
f 1087/2056/2972 1086/2046/2972 1095/2057/2972
f 1095/2057/2973 1086/2046/2973 1093/2049/2973
f 1095/2057/2974 1093/2049/2974 1094/2058/2974
f 1094/2058/2975 1093/2049/2975 1092/2042/2975
f 185/1135/2976 186/1121/2976 140/1118/2976
f 187/2059/2977 140/1118/2977 141/1119/2977
f 142/1131/2978 88/1122/2978 91/2060/2978
f 91/2060/2979 88/1122/2979 90/2051/2979
f 182/2048/2980 76/2045/2980 98/1132/2980
f 168/1146/2981 153/1104/2981 178/1081/2981
f 1147/2061/2982 1136/2047/2982 1153/2050/2982
f 1518/1141/2983 1515/1114/2983 1784/1144/2983
f 1784/1144/2984 1515/1114/2984 1783/1134/2984
f 185/1135/2985 140/1118/2985 187/2059/2985
f 187/2059/2986 141/1119/2986 142/1131/2986
f 168/1146/2987 178/1081/2987 182/2048/2987
f 1094/2058/2988 1092/2042/2988 1124/2062/2988
f 1124/2062/2989 1092/2042/2989 1136/2047/2989
f 2157/2052/2990 2156/1097/2990 2158/2063/2990
f 2159/2064/2991 2157/2052/2991 2158/2063/2991
f 1968/1137/2992 1916/1136/2992 1860/1138/2992
f 144/1152/2993 185/1135/2993 187/2059/2993
f 187/2059/2994 142/1131/2994 143/2065/2994
f 143/2065/2995 142/1131/2995 91/2060/2995
f 91/2060/2996 90/2051/2996 92/2066/2996
f 179/2067/2997 182/2048/2997 98/1132/2997
f 168/1146/2998 182/2048/2998 179/2067/2998
f 146/1148/2999 153/1104/2999 147/1147/2999
f 1124/2062/3000 1136/2047/3000 1147/2061/3000
f 1786/1142/3001 1559/1113/3001 1523/1160/3001
f 144/1152/3002 187/2059/3002 145/2068/3002
f 145/2068/3003 187/2059/3003 143/2065/3003
f 143/2065/3004 91/2060/3004 94/2069/3004
f 92/2066/3005 90/2051/3005 115/2055/3005
f 98/1132/3006 130/1145/3006 120/2070/3006
f 120/2070/3007 130/1145/3007 125/1155/3007
f 1119/2071/3008 1087/2056/3008 1095/2057/3008
f 974/1124/3009 965/1123/3009 985/1157/3009
f 1846/1125/3010 1847/1127/3010 1849/1163/3010
f 1520/1159/3011 1518/1141/3011 1781/1154/3011
f 144/1152/3012 145/2068/3012 125/1155/3012
f 109/2072/3013 143/2065/3013 94/2069/3013
f 145/2068/3014 143/2065/3014 109/2072/3014
f 125/1155/3015 145/2068/3015 109/2072/3015
f 179/2067/3016 98/1132/3016 120/2070/3016
f 120/2070/3017 125/1155/3017 109/2072/3017
f 1790/1161/3018 1523/1160/3018 1781/1154/3018
f 1781/1154/3019 1523/1160/3019 1520/1159/3019
f 100/2073/3020 109/2072/3020 94/2069/3020
f 94/2069/3021 91/2060/3021 92/2066/3021
f 120/2070/3022 109/2072/3022 100/2073/3022
f 1071/2074/3023 1069/2053/3023 1070/2054/3023
f 1147/2061/3024 1164/2075/3024 1144/2076/3024
f 1966/2077/3025 1968/1137/3025 1860/1138/3025
f 1851/1162/3026 1853/1140/3026 1845/1126/3026
f 100/2073/3027 94/2069/3027 96/2078/3027
f 95/2079/3028 94/2069/3028 92/2066/3028
f 1072/2080/3029 1069/2053/3029 1071/2074/3029
f 149/1164/3030 168/1146/3030 179/2067/3030
f 1095/2057/3031 1094/2058/3031 1096/2081/3031
f 1096/2081/3032 1094/2058/3032 1124/2062/3032
f 146/1148/3033 147/1147/3033 148/1178/3033
f 1144/2076/3034 1124/2062/3034 1147/2061/3034
f 96/2078/3035 94/2069/3035 95/2079/3035
f 1073/2082/3036 1072/2080/3036 1071/2074/3036
f 1085/2083/3037 1070/2054/3037 1087/2056/3037
f 149/1164/3038 179/2067/3038 167/1184/3038
f 1085/2083/3039 1087/2056/3039 1119/2071/3039
f 147/1147/3040 149/1164/3040 148/1178/3040
f 1071/2074/3041 1070/2054/3041 1085/2083/3041
f 1096/2081/3042 1124/2062/3042 1144/2076/3042
f 1861/1166/3043 1966/2077/3043 1860/1138/3043
f 1853/1140/3044 1851/1162/3044 1854/1181/3044
f 179/2067/3045 120/2070/3045 184/2084/3045
f 1074/2085/3046 1071/2074/3046 1085/2083/3046
f 1119/2071/3047 1095/2057/3047 1097/2086/3047
f 1097/2086/3048 1095/2057/3048 1096/2081/3048
f 1096/2081/3049 1144/2076/3049 1143/2087/3049
f 1872/1179/3050 1966/2077/3050 1861/1166/3050
f 967/1156/3051 968/1165/3051 970/1173/3051
f 184/2084/3052 120/2070/3052 100/2073/3052
f 167/1184/3053 179/2067/3053 184/2084/3053
f 1085/2083/3054 1119/2071/3054 1088/2088/3054
f 1088/2088/3055 1119/2071/3055 1097/2086/3055
f 1097/2086/3056 1096/2081/3056 1098/2089/3056
f 1088/2088/3057 1097/2086/3057 1099/2090/3057
f 2167/2091/3058 2169/2092/3058 2168/2093/3058
f 1099/2090/3059 1097/2086/3059 1098/2089/3059
f 1122/2094/3060 1096/2081/3060 1143/2087/3060
f 1854/1181/3061 1857/1175/3061 1833/1139/3061
f 184/2084/3062 100/2073/3062 113/2095/3062
f 113/2095/3063 100/2073/3063 96/2078/3063
f 96/2078/3064 95/2079/3064 97/2096/3064
f 1074/2085/3065 1085/2083/3065 1088/2088/3065
f 1098/2089/3066 1096/2081/3066 1110/2097/3066
f 1110/2097/3067 1096/2081/3067 1122/2094/3067
f 1852/1182/3068 1865/1188/3068 1851/1162/3068
f 1073/2082/3069 1071/2074/3069 1074/2085/3069
f 2166/2098/3070 2167/2091/3070 2168/2093/3070
f 113/2095/3071 96/2078/3071 97/2096/3071
f 1075/2099/3072 1073/2082/3072 1074/2085/3072
f 167/1184/3073 184/2084/3073 162/1192/3073
f 162/1192/3074 184/2084/3074 113/2095/3074
f 1122/2094/3075 1163/2100/3075 1162/2101/3075
f 1913/2102/3076 1872/1179/3076 1859/1186/3076
f 1101/2103/3077 1088/2088/3077 1099/2090/3077
f 1099/2090/3078 1098/2089/3078 1100/2104/3078
f 1100/2104/3079 1098/2089/3079 1102/2105/3079
f 1102/2105/3080 1098/2089/3080 1110/2097/3080
f 113/2095/3081 97/2096/3081 117/2106/3081
f 1075/2099/3082 1074/2085/3082 1076/2107/3082
f 1074/2085/3083 1088/2088/3083 1076/2107/3083
f 1076/2107/3084 1088/2088/3084 1116/2108/3084
f 1116/2108/3085 1088/2088/3085 1101/2103/3085
f 1101/2103/3086 1099/2090/3086 1100/2104/3086
f 1889/1203/3087 1913/2102/3087 1859/1186/3087
f 162/1192/3088 113/2095/3088 117/2106/3088
f 117/2106/3089 97/2096/3089 126/2109/3089
f 1116/2108/3090 1101/2103/3090 1115/2110/3090
f 1115/2110/3091 1101/2103/3091 1100/2104/3091
f 1122/2094/3092 1162/2101/3092 1121/2111/3092
f 883/2112/3093 885/2113/3093 884/2114/3093
f 1866/1195/3094 1852/1182/3094 1914/1204/3094
f 162/1192/3095 117/2106/3095 163/1206/3095
f 2032/2115/3096 2035/2116/3096 2033/2117/3096
f 1103/2118/3097 1100/2104/3097 1102/2105/3097
f 1110/2097/3098 1122/2094/3098 1121/2111/3098
f 2041/2119/3099 2035/2116/3099 2032/2115/3099
f 2040/2120/3100 2041/2119/3100 2032/2115/3100
f 2031/2121/3101 2032/2115/3101 2033/2117/3101
f 1115/2110/3102 1100/2104/3102 1103/2118/3102
f 1855/1191/3103 1923/1213/3103 1914/1204/3103
f 2040/2120/3104 2032/2115/3104 2034/2122/3104
f 2032/2115/3105 2031/2121/3105 2034/2122/3105
f 2034/2122/3106 2031/2121/3106 2036/2123/3106
f 741/1211/3107 737/1210/3107 738/2124/3107
f 738/2124/3108 737/1210/3108 736/2125/3108
f 1103/2118/3109 1102/2105/3109 1104/2126/3109
f 1104/2126/3110 1102/2105/3110 1105/2127/3110
f 1102/2105/3111 1110/2097/3111 1105/2127/3111
f 1105/2127/3112 1110/2097/3112 1121/2111/3112
f 883/2112/3113 884/2114/3113 882/2128/3113
f 1115/2110/3114 1103/2118/3114 1117/2129/3114
f 736/2125/3115 737/1210/3115 728/2130/3115
f 2039/2131/3116 2040/2120/3116 2034/2122/3116
f 2039/2131/3117 2034/2122/3117 2037/2132/3117
f 2034/2122/3118 2036/2123/3118 2037/2132/3118
f 1105/2127/3119 1121/2111/3119 1120/2133/3119
f 2037/2132/3120 2036/2123/3120 2038/2134/3120
f 738/2124/3121 736/2125/3121 740/2135/3121
f 881/2136/3122 883/2112/3122 882/2128/3122
f 980/1208/3123 982/1220/3123 986/1218/3123
f 932/2137/3124 931/2138/3124 935/2139/3124
f 931/2138/3125 932/2137/3125 933/2140/3125
f 934/2141/3126 931/2138/3126 933/2140/3126
f 750/2142/3127 740/2135/3127 739/2143/3127
f 739/2143/3128 736/2125/3128 730/1234/3128
f 740/2135/3129 736/2125/3129 739/2143/3129
f 986/1218/3130 982/1220/3130 987/2144/3130
f 750/2142/3131 739/2143/3131 749/1231/3131
f 1926/1215/3132 1967/1230/3132 1928/1222/3132
f 986/1218/3133 987/2144/3133 988/2145/3133
f 1117/2129/3134 1103/2118/3134 1104/2126/3134
f 1104/2126/3135 1105/2127/3135 1106/2146/3135
f 1105/2127/3136 1120/2133/3136 1108/2147/3136
f 1106/2146/3137 1105/2127/3137 1108/2147/3137
f 730/1234/3138 736/2125/3138 728/2130/3138
f 730/1234/3139 728/2130/3139 727/1235/3139
f 881/2136/3140 882/2128/3140 880/2148/3140
f 749/1231/3141 739/2143/3141 730/1234/3141
f 1969/2149/3142 1970/2150/3142 1905/1227/3142
f 881/2136/3143 880/2148/3143 876/2151/3143
f 1108/2147/3144 1120/2133/3144 1109/2152/3144
f 1109/2152/3145 1120/2133/3145 1126/2153/3145
f 876/2151/3146 880/2148/3146 878/2154/3146
f 1906/1241/3147 1969/2149/3147 1905/1227/3147
f 727/1235/3148 728/2130/3148 729/1254/3148
f 729/1254/3149 728/2130/3149 731/2155/3149
f 1104/2126/3150 1106/2146/3150 1107/2156/3150
f 1117/2129/3151 1104/2126/3151 1107/2156/3151
f 1106/2146/3152 1108/2147/3152 1109/2152/3152
f 875/2157/3153 876/2151/3153 878/2154/3153
f 1117/2129/3154 1107/2156/3154 1118/2158/3154
f 1106/2146/3155 1109/2152/3155 1107/2156/3155
f 1109/2152/3156 1126/2153/3156 1127/2159/3156
f 876/2151/3157 875/2157/3157 872/1247/3157
f 748/1236/3158 727/1235/3158 729/1254/3158
f 872/1247/3159 875/2157/3159 873/1248/3159
f 873/1248/3160 875/2157/3160 878/2154/3160
f 1907/1246/3161 1906/1241/3161 1901/1240/3161
f 1109/2152/3162 1127/2159/3162 1130/2160/3162
f 748/1236/3163 729/1254/3163 746/1256/3163
f 729/1254/3164 731/2155/3164 732/1259/3164
f 1109/2152/3165 1130/2160/3165 1111/2161/3165
f 1107/2156/3166 1109/2152/3166 1111/2161/3166
f 732/1259/3167 731/2155/3167 733/2162/3167
f 1118/2158/3168 1107/2156/3168 1114/2163/3168
f 1114/2163/3169 1107/2156/3169 1112/2164/3169
f 1107/2156/3170 1111/2161/3170 1112/2164/3170
f 1112/2164/3171 1111/2161/3171 1113/2165/3171
f 1113/2165/3172 1111/2161/3172 1130/2160/3172
f 745/1255/3173 729/1254/3173 732/1259/3173
f 732/1259/3174 733/2162/3174 734/2166/3174
f 733/2162/3175 743/2167/3175 734/2166/3175
f 1113/2165/3176 1130/2160/3176 1133/2168/3176
f 1904/1262/3177 1965/2169/3177 1903/1253/3177
f 937/2170/3178 939/2171/3178 938/2172/3178
f 732/1259/3179 734/2166/3179 735/1260/3179
f 745/1255/3180 735/1260/3180 751/2173/3180
f 735/1260/3181 734/2166/3181 744/2174/3181
f 941/2175/3182 937/2170/3182 940/2176/3182
f 940/2176/3183 937/2170/3183 936/2177/3183
f 936/2177/3184 937/2170/3184 938/2172/3184
f 751/2173/3185 735/1260/3185 744/2174/3185
f 1920/1261/3186 1972/2178/3186 1962/2179/3186
f 1920/1261/3187 1962/2179/3187 1904/1262/3187
f 1962/2179/3188 1965/2169/3188 1904/1262/3188
