# Blender 4.2.0
# www.blender.org
mtllib Brienomyrus_brachyistius_3D_.mtl
o geometry_0
v 0.080916 -0.022829 0.157096
v 0.083930 -0.029027 0.143618
v 0.080024 -0.040623 0.153589
v 0.075719 -0.048419 0.165059
v 0.076469 -0.052537 0.160661
v 0.084823 0.003299 0.157016
v 0.087954 -0.000465 0.144191
v 0.092233 0.036165 0.149386
v 0.091800 0.008482 0.134695
v 0.088185 0.024764 0.157901
v 0.095843 0.036205 0.137124
v 0.089915 0.033578 0.156455
v 0.087758 0.035601 0.165051
v 0.083723 0.023451 0.171953
v 0.080999 0.012866 0.174666
v 0.079026 0.020507 0.185744
v 0.079827 -0.004044 0.168434
v 0.079890 0.030895 0.188035
v 0.084163 0.032375 0.174410
v 0.097965 0.034629 0.129736
v 0.097950 0.027866 0.125354
v 0.075964 0.012682 0.191305
v 0.076396 0.026362 0.197954
v 0.076312 -0.002816 0.179687
v 0.074414 -0.018410 0.177104
v 0.075276 -0.025168 0.171079
v 0.073883 -0.040229 0.171359
v 0.074114 -0.004933 0.186940
v 0.073306 -0.027336 0.176644
v 0.091809 0.036928 0.152595
v 0.072634 -0.036972 0.176937
v 0.094929 0.004605 0.118759
v 0.091906 -0.000896 0.126844
v 0.088315 -0.010651 0.135875
v 0.075466 0.025991 0.202696
v 0.071864 0.007329 0.205205
v 0.072512 0.019450 0.208450
v 0.097563 0.012013 0.113107
v 0.071830 -0.063354 0.175677
v 0.069497 -0.010242 0.206153
v 0.073117 -0.016144 0.185458
v 0.067571 0.004737 0.220297
v 0.069683 0.018225 0.217616
v 0.072320 0.024535 0.212350
v 0.066151 -0.018746 0.216410
v 0.064617 -0.015378 0.221808
v 0.066804 0.013815 0.225600
v 0.072934 -0.057244 0.173752
v 0.071484 -0.054441 0.181103
v 0.068399 0.017316 0.220364
v 0.101004 0.027087 0.109524
v 0.099745 0.036546 0.121894
v 0.102341 0.036081 0.109802
v 0.064311 0.009516 0.230684
v 0.064606 0.013562 0.231766
v 0.060670 -0.004620 0.236767
v 0.060937 0.001358 0.238918
v 0.064613 -0.041602 0.217886
v 0.066519 -0.049403 0.209992
v 0.064029 -0.056790 0.215928
v 0.066212 -0.062926 0.206078
v 0.068675 -0.061604 0.196171
v 0.068671 -0.043666 0.202552
v 0.070920 -0.019881 0.196328
v 0.066286 -0.072346 0.200267
v 0.061107 -0.062597 0.224771
v 0.062069 -0.073572 0.216670
v 0.064098 -0.071596 0.207655
v 0.063341 -0.079806 0.205908
v 0.068811 -0.069250 0.189479
v 0.061156 -0.069054 0.221408
v 0.060619 -0.073172 0.222668
v 0.060501 -0.054256 0.227493
v 0.082241 -0.038881 0.142619
v 0.074964 -0.059732 0.160861
v 0.072254 -0.067803 0.167665
v 0.069871 -0.073050 0.175117
v 0.063996 0.012758 0.236519
v 0.064081 -0.079247 0.200432
v 0.089647 -0.012061 0.125924
v 0.088025 -0.018701 0.127294
v 0.102158 0.025974 0.098970
v 0.064062 -0.083667 0.199099
v 0.060760 -0.009755 0.233999
v 0.060707 -0.017924 0.230418
v 0.060768 -0.024116 0.228495
v 0.060774 -0.037896 0.227487
v 0.103331 0.037426 0.102870
v 0.083896 -0.032973 0.138195
v 0.077599 -0.051575 0.154190
v 0.080200 -0.043574 0.147611
v 0.085310 -0.029153 0.131647
v 0.071883 -0.072529 0.169235
v 0.097897 0.008984 0.104448
v 0.095818 0.003498 0.109785
v 0.091611 -0.007749 0.116502
v 0.065553 -0.078592 0.194496
v 0.068189 -0.078277 0.177255
v 0.102309 0.038925 0.115858
v 0.068596 -0.074714 0.179534
v 0.103494 0.033685 0.092395
v 0.076320 -0.056453 0.152197
v 0.075725 -0.061624 0.156335
v 0.073719 -0.068927 0.166327
v 0.076302 -0.060014 0.152343
v 0.059650 -0.066525 0.225894
v 0.059621 -0.070311 0.224753
v 0.067487 0.017000 0.227560
v 0.062551 -0.076740 0.216086
v 0.077676 -0.053568 0.146309
v 0.083561 0.033803 0.178792
v 0.089368 -0.015993 0.113952
v 0.079584 0.031594 0.190999
v 0.064317 -0.083393 0.191988
v 0.099128 0.038346 0.130465
v 0.080272 -0.044867 0.136560
v 0.079986 -0.048094 0.136875
v 0.092229 -0.007759 0.105602
v 0.091321 -0.013206 0.106468
v 0.102029 0.025571 0.090564
v 0.103406 0.030987 0.087840
v 0.102711 0.024141 0.087099
v 0.101209 0.020683 0.090101
v 0.099709 0.017890 0.092292
v 0.099521 0.013338 0.091775
v 0.098276 0.010674 0.096833
v 0.097357 0.006292 0.096874
v 0.087568 -0.020913 0.113881
v 0.082258 -0.039534 0.130748
v 0.081686 -0.043884 0.132473
v 0.083484 -0.039051 0.126981
v 0.080074 -0.045988 0.133496
v 0.057722 -0.062943 0.230351
v 0.095945 0.004366 0.097983
v 0.095435 -0.000868 0.098905
v 0.061356 0.002505 0.241418
v 0.075971 0.027434 0.204002
v 0.073391 0.023424 0.209843
v 0.093269 -0.008961 0.103863
v 0.069483 -0.076554 0.178104
v 0.084016 -0.031851 0.121559
v 0.083692 -0.035475 0.123131
v 0.063160 0.009199 0.239573
v 0.059983 -0.071005 0.229091
v 0.095448 0.038008 0.141698
v 0.066668 -0.080557 0.190441
v 0.081869 0.033489 0.186114
v 0.076616 0.027126 0.201060
v 0.079940 -0.050742 0.138923
v 0.077697 -0.057339 0.150553
v 0.072022 0.023268 0.215472
v 0.069317 0.018502 0.220846
v 0.063707 -0.080187 0.210663
v 0.054341 -0.009640 0.241973
v 0.059646 0.001594 0.241884
v 0.054959 -0.009287 0.245622
v 0.059458 0.001874 0.245947
v 0.054017 -0.013851 0.237351
v 0.057081 -0.016292 0.233550
v 0.053300 -0.009152 0.244937
v 0.071980 -0.074414 0.172641
v 0.085535 -0.031027 0.119533
v 0.087410 -0.023181 0.113492
v 0.057172 -0.029926 0.229880
v 0.079922 -0.053486 0.141968
v 0.058527 -0.003799 0.248766
v 0.059999 0.001365 0.248233
v 0.064415 -0.081780 0.207737
v 0.075817 -0.066080 0.161169
v 0.057911 -0.009288 0.248463
v 0.053604 -0.013367 0.247122
v 0.104881 0.037468 0.101578
v -0.000948 0.156180 0.148330
v -0.006026 0.156093 0.131693
v -0.005926 0.152520 0.162564
v -0.001034 0.153027 0.174584
v -0.013858 0.153000 0.137102
v -0.016009 0.153741 0.125165
v -0.016751 0.150442 0.153112
v -0.015837 0.152629 0.134056
v -0.016102 0.148158 0.172301
v -0.008045 0.148396 0.192678
v 0.000015 0.152451 0.183750
v -0.017362 0.145690 0.188680
v -0.001022 0.148536 0.212849
v -0.001108 0.159422 0.115317
v -0.014097 0.155970 0.103019
v -0.005066 0.160534 0.079309
v -0.001165 0.161665 0.081813
v -0.016015 0.156717 0.089368
v -0.016273 0.157403 0.078502
v -0.008064 0.144658 0.215991
v -0.016776 0.143439 0.203538
v -0.016910 0.141428 0.215093
v -0.001146 0.162637 0.053435
v -0.016356 0.157864 0.057062
v -0.016209 0.157803 0.018048
v -0.001038 0.162675 0.025906
v -0.001064 0.162146 0.004184
v -0.016022 0.157297 0.000177
v -0.016822 0.155016 0.097396
v -0.017724 0.138620 0.226386
v -0.009258 0.140310 0.236706
v -0.018254 0.132883 0.255433
v -0.017788 0.129851 0.271308
v -0.009876 0.133787 0.268662
v -0.017137 0.136090 0.241452
v -0.017614 0.149478 0.153567
v -0.016256 0.126226 0.290498
v -0.009042 0.127715 0.299113
v -0.000886 0.143798 0.241344
v -0.000271 0.140811 0.257334
v -0.000995 0.137012 0.274129
v -0.000576 0.132775 0.296635
v -0.000800 0.128512 0.317050
v -0.015193 0.156490 -0.014094
v -0.001049 0.160729 -0.019193
v 0.000129 0.143996 0.240973
v -0.015277 0.153806 -0.033659
v -0.000379 0.159520 -0.031948
v 0.000229 0.159596 0.114254
v 0.000730 0.157563 0.135424
v 0.000844 0.162312 0.067001
v 0.000943 0.141477 0.251409
v 0.000146 0.148225 0.215143
v 0.000685 0.137183 0.273706
v 0.000830 0.132605 0.296260
v 0.000083 0.128891 0.317183
v 0.000910 0.149714 0.203409
v 0.001008 0.161952 0.000029
v 0.000995 0.162642 0.024551
v 0.000875 0.152716 0.177842
v 0.000905 0.155838 0.149936
v -0.007161 0.156302 -0.035116
v -0.014254 0.152999 -0.038372
v -0.001029 0.156499 -0.045778
v 0.000749 0.160745 -0.017810
v 0.000772 0.157597 -0.040932
v -0.018960 0.135526 0.235005
v -0.018210 0.139069 0.221333
v 0.010103 0.159097 0.076435
v -0.017757 0.150759 0.128885
v 0.015598 0.155982 0.098803
v 0.016288 0.157861 0.067086
v 0.009893 0.155369 0.126874
v 0.012028 0.159149 0.046550
v 0.016239 0.157905 0.019115
v 0.015969 0.157339 -0.001827
v 0.016568 0.153673 0.125128
v 0.014940 0.152278 0.139347
v 0.014258 0.148346 0.176658
v 0.017264 0.149952 0.155598
v 0.015128 0.156003 -0.022151
v 0.016815 0.148644 0.166951
v 0.018094 0.145597 0.188032
v 0.017613 0.150441 0.144323
v 0.014119 0.070725 0.436377
v 0.013824 0.065160 0.446886
v 0.018073 0.069173 0.431127
v 0.014562 0.077947 0.422321
v 0.018333 0.077384 0.415264
v 0.014974 0.082543 0.412803
v 0.018300 0.084431 0.401663
v 0.018359 0.059644 0.445716
v 0.013634 0.057364 0.459402
v 0.018259 0.051650 0.458205
v 0.014715 0.050097 0.466682
v 0.019370 0.044715 0.464700
v 0.018442 0.038570 0.474886
v 0.024051 0.049825 0.444654
v 0.022168 0.062762 0.428439
v 0.022484 0.037463 0.464416
v 0.026554 0.052155 0.430149
v 0.026721 0.046599 0.440730
v 0.028641 0.036123 0.447783
v 0.025346 0.039343 0.452929
v 0.021431 0.032520 0.472935
v 0.024499 0.063949 0.414494
v 0.022024 0.070475 0.413312
v 0.022788 0.076931 0.393720
v 0.027371 0.054975 0.418352
v 0.017867 0.030820 0.484246
v 0.023487 0.081838 0.378232
v 0.017947 0.093797 0.380176
v 0.020657 0.026820 0.480179
v 0.026880 0.032794 0.453444
v 0.029929 0.027304 0.449472
v 0.027459 0.027344 0.455430
v 0.013909 0.038659 0.481867
v 0.029266 0.052167 0.420494
v 0.031182 0.050820 0.405726
v 0.014350 0.032286 0.487946
v 0.013096 0.046905 0.472887
v 0.018039 0.021911 0.486709
v 0.015366 0.021610 0.490366
v 0.032498 0.049306 0.413174
v 0.030008 0.047466 0.433912
v 0.030351 0.043517 0.439770
v 0.029486 0.040285 0.443519
v 0.032699 0.032574 0.445425
v 0.035369 0.046589 0.428275
v 0.035347 0.047339 0.418795
v 0.039776 0.042749 0.422578
v 0.039824 0.041967 0.432396
v 0.037063 0.041003 0.438159
v 0.041127 0.039681 0.435712
v 0.040597 0.038195 0.437620
v 0.035759 0.038200 0.441949
v 0.047863 0.038487 0.431775
v 0.007873 0.059365 0.461365
v 0.045667 0.040278 0.430918
v 0.051076 0.038512 0.422711
v 0.046856 0.041337 0.422266
v 0.007251 0.044873 0.479361
v 0.000860 0.057552 0.469692
v 0.001251 0.051873 0.476181
v 0.001343 0.061695 0.464127
v 0.001288 0.039022 0.488957
v 0.034734 0.029536 0.444734
v 0.011985 0.020940 0.493225
v 0.001354 0.032662 0.493545
v 0.007393 0.027880 0.492667
v 0.049308 0.039235 0.418714
v 0.011718 0.016373 0.494178
v 0.015319 0.013357 0.490755
v 0.000170 0.021235 0.497894
v 0.011966 0.012373 0.493805
v 0.000304 0.014915 0.498902
v 0.049466 0.035587 0.414744
v -0.000655 0.033111 0.493468
v -0.000378 0.060952 0.465254
v 0.000036 0.064961 0.460333
v 0.046538 0.039541 0.415287
v 0.001532 0.012741 0.498357
v 0.038232 0.041269 0.416544
v 0.016001 0.096445 -0.113793
v 0.006764 0.101600 -0.114130
v 0.013026 0.105668 -0.104957
v 0.006148 0.089831 -0.127536
v 0.016736 0.088351 -0.121861
v 0.010999 0.081760 -0.133133
v 0.001868 0.080871 -0.139512
v 0.001935 0.097637 -0.121013
v 0.005071 0.079272 -0.139649
v 0.017137 0.069456 -0.141384
v 0.018277 0.079703 -0.129749
v 0.006487 0.069086 -0.149861
v 0.001892 0.063767 -0.159522
v 0.020492 0.051271 -0.157973
v 0.001904 0.075711 -0.145292
v 0.008750 0.049380 -0.171084
v 0.019847 0.102991 -0.102001
v 0.018113 0.108477 -0.097222
v 0.016248 0.114461 -0.091214
v 0.006561 0.115400 -0.096617
v 0.012742 0.119428 -0.087108
v 0.017652 0.121472 -0.080568
v 0.014335 0.125817 -0.077800
v 0.014226 0.130442 -0.072028
v 0.017028 0.131614 -0.068368
v 0.014176 0.136707 -0.064961
v 0.001625 0.107955 -0.109007
v 0.002154 0.068604 -0.152649
v 0.020449 0.040972 -0.169019
v 0.020176 0.097140 -0.108551
v 0.020448 0.083585 -0.123027
v 0.001689 0.114860 -0.100011
v 0.002110 0.087548 -0.131877
v 0.001967 0.128747 -0.080176
v 0.001874 0.124240 -0.086190
v 0.001951 0.118954 -0.093603
v 0.001657 0.134881 -0.072262
v 0.001688 0.104363 -0.113039
v 0.001686 0.140673 -0.065123
v 0.013125 0.142765 -0.058744
v 0.015896 0.140234 -0.059518
v 0.015528 0.149556 -0.048235
v 0.006568 0.153066 -0.048104
v 0.002274 0.147775 -0.056402
v 0.001031 0.155923 -0.046905
v 0.020800 0.058013 -0.150186
v 0.020546 0.065393 -0.142626
v 0.020468 0.072557 -0.134885
v 0.019975 0.111552 -0.090461
v 0.013739 0.153012 -0.041080
v 0.017998 0.134749 -0.061987
v 0.000772 0.157597 -0.040932
v 0.015449 0.153894 -0.035236
v 0.019578 0.122431 -0.075835
v 0.022372 0.065445 -0.139491
v 0.022300 0.074816 -0.128961
v -0.000379 0.159520 -0.031948
v -0.001029 0.156499 -0.045778
v 0.015128 0.156003 -0.022151
v 0.000749 0.160745 -0.017810
v -0.000173 0.157158 -0.048021
v 0.015969 0.157339 -0.001827
v 0.017530 0.154811 -0.001707
v 0.015919 0.155002 -0.023678
v 0.017387 0.152558 -0.019546
v 0.016239 0.157905 0.019115
v 0.017497 0.156222 0.026743
v 0.017455 0.156426 0.059045
v 0.016288 0.157861 0.067086
v 0.016988 0.155110 0.098002
v 0.021758 0.145071 0.077214
v 0.017664 0.153381 0.109875
v 0.026539 0.131127 0.117499
v 0.026050 0.133630 0.077009
v 0.016568 0.153673 0.125128
v 0.015598 0.155982 0.098803
v 0.000888 0.033328 -0.216819
v -0.001204 0.033817 -0.215354
v -0.000197 0.036237 -0.211821
v 0.000117 0.031958 -0.226977
v -0.000538 0.047816 -0.185319
v 0.000859 0.049616 -0.180897
v 0.000601 0.045690 -0.187451
v 0.006837 0.044715 -0.179280
v 0.006687 0.039341 -0.187587
v 0.000636 0.054536 -0.174145
v 0.003721 0.038357 -0.194756
v 0.000276 0.040942 -0.196877
v 0.018909 0.027302 -0.188601
v 0.020104 0.033275 -0.178268
v 0.014968 0.039376 -0.176745
v 0.016701 0.025888 -0.195574
v 0.000624 0.057772 -0.168985
v 0.008642 0.029527 -0.204567
v 0.000875 0.037972 -0.202621
v 0.016035 0.022809 -0.204742
v 0.018188 0.019774 -0.202072
v 0.008847 0.025275 -0.216891
v 0.015223 0.019522 -0.217175
v 0.012423 0.018872 -0.228800
v 0.014928 0.014127 -0.233754
v 0.001034 0.029980 -0.230891
v 0.011913 0.017528 -0.236964
v -0.001308 0.049905 -0.181396
v -0.001174 0.056914 -0.170222
v -0.000642 0.059694 -0.168426
v 0.000491 0.059941 -0.167993
v 0.000933 0.119951 0.346123
v 0.000145 0.117302 0.355700
v 0.001198 0.115294 0.358311
v 0.016222 0.110873 0.338878
v 0.019055 0.103431 0.350969
v 0.015718 0.102880 0.361249
v 0.001169 0.110782 0.370293
v 0.008360 0.102302 0.377635
v 0.001126 0.106367 0.381415
v 0.001311 0.122951 0.335825
v 0.011687 0.119081 0.324738
v 0.018780 0.114966 0.322568
v 0.015365 0.097404 0.377928
v 0.018414 0.099382 0.364440
v -0.000267 0.121309 0.344403
v 0.001178 0.102674 0.389401
v -0.000390 0.108780 0.377885
v 0.001326 0.127362 0.320662
v 0.010387 0.123515 0.312606
v -0.000013 0.124910 0.332379
v -0.000564 0.112929 0.367560
v 0.018879 0.118484 0.311800
v 0.018332 0.121934 0.300736
v 0.000083 0.128891 0.317183
v 0.009049 0.128355 0.295714
v 0.016889 0.124972 0.292957
v 0.000830 0.132605 0.296260
v 0.018227 0.127083 0.280210
v -0.000928 0.117023 0.355785
v -0.000326 0.104869 0.386467
v -0.000160 0.100913 0.394388
v 0.015157 0.093925 0.386883
v 0.015647 0.089304 0.396076
v 0.010186 0.087987 0.407140
v 0.001110 0.094183 0.405739
v 0.000892 0.088128 0.418931
v 0.001055 0.081218 0.433122
v -0.000062 0.085566 0.425516
v 0.000163 0.077117 0.441588
v 0.007408 0.072399 0.440966
v 0.001405 0.075027 0.443866
v 0.001379 0.067852 0.454972
v 0.011808 0.062536 0.453198
v 0.011733 0.129096 0.285829
v 0.000685 0.137183 0.273706
v 0.018199 0.129665 0.271795
v 0.011468 0.133941 0.263864
v -0.000271 0.140811 0.257334
v 0.000943 0.141477 0.251409
v 0.000129 0.143996 0.240973
v 0.011463 0.139568 0.236887
v 0.011495 0.142598 0.220304
v -0.000037 0.072395 0.449161
v 0.017487 0.137252 0.236460
v 0.019085 0.138480 0.225655
v 0.018705 0.141044 0.214425
v 0.000146 0.148225 0.215143
v 0.010639 0.146743 0.197015
v 0.000910 0.149714 0.203409
v 0.017329 0.132673 0.258793
v 0.018619 0.133524 0.252774
v -0.001057 0.122166 0.339628
v 0.000015 0.152451 0.183750
v 0.000875 0.152716 0.177842
v 0.018094 0.145597 0.188032
v 0.014258 0.148346 0.176658
v -0.000084 0.069086 0.453962
v -0.000381 0.089413 0.416578
v 0.017877 0.150854 0.131504
v 0.022175 0.141880 0.125350
v 0.017613 0.150441 0.144323
v 0.022903 0.137691 0.166273
v 0.025047 0.134857 0.128515
v 0.026147 0.129394 0.173763
v 0.034372 0.109178 0.156856
v 0.024782 0.129988 0.200843
v 0.034307 0.105432 0.207047
v 0.032098 0.112902 0.187067
v 0.034876 0.106477 0.178809
v 0.031976 0.116385 0.124301
v 0.026147 0.123479 0.221654
v 0.032443 0.108696 0.217892
v 0.038724 0.097429 0.128580
v 0.039101 0.093977 0.185489
v 0.039231 0.091232 0.214647
v 0.043581 0.078627 0.214805
v 0.043727 0.080718 0.179610
v 0.037110 0.101135 0.096735
v 0.029824 0.108318 0.253452
v 0.039069 0.088633 0.230315
v 0.044023 0.081003 0.124251
v 0.031672 0.117038 0.076712
v 0.037492 0.099919 0.075960
v 0.025953 0.132929 0.062621
v 0.034646 0.105787 0.048304
v 0.020923 0.147328 0.061881
v 0.025598 0.132550 0.026103
v 0.020055 0.149367 0.019596
v 0.020944 0.145502 -0.002330
v 0.025776 0.130112 -0.001499
v 0.048239 0.066350 0.144512
v 0.048160 0.065316 0.182991
v 0.047739 0.065310 0.212404
v 0.044938 0.075605 0.079067
v 0.046437 0.072508 0.124541
v 0.046151 0.066300 0.238255
v 0.039317 0.082665 0.252344
v 0.031104 0.114607 0.024434
v 0.041059 0.083730 0.042946
v 0.035661 0.099796 0.026512
v 0.029968 0.115941 0.001905
v 0.032000 0.107780 -0.006981
v 0.021072 0.142827 -0.017387
v 0.027191 0.118545 -0.037871
v 0.019017 0.144965 -0.035140
v 0.022233 0.129914 -0.052615
v 0.026701 0.115730 -0.053708
v 0.048652 0.064257 0.126427
v 0.047953 0.064030 0.088524
v 0.040151 0.080425 0.011999
v 0.035148 0.094345 -0.014656
v 0.032087 0.101375 -0.035023
v 0.036656 0.080397 -0.049366
v 0.037965 0.080759 -0.025021
v 0.040350 0.066776 -0.044354
v 0.035706 0.082996 -0.055087
v 0.040631 0.062459 -0.056650
v 0.047247 0.062905 0.232934
v 0.017434 0.144458 -0.050803
v 0.031115 0.095785 0.285129
v 0.043948 0.067048 0.255087
v 0.038593 0.080166 0.265917
v 0.032500 0.081023 0.317097
v 0.038364 0.071137 0.293077
v 0.043208 0.063697 0.268499
v 0.037690 0.065560 0.312089
v 0.034260 0.073900 0.323089
v 0.031292 0.080607 0.330544
v 0.041176 0.058584 0.297057
v 0.024781 0.098485 0.328062
v 0.025716 0.106783 0.295308
v 0.025091 0.111800 0.282245
v 0.024498 0.121453 0.249973
v 0.019500 0.135658 0.235461
v 0.018900 0.143039 0.196463
v 0.017264 0.149952 0.155598
v 0.021898 0.114104 0.300490
v 0.025545 0.092009 0.338840
v 0.026727 0.082861 0.352087
v 0.024029 0.085346 0.364594
v 0.028284 0.069993 0.367474
v 0.027189 0.068538 0.381739
v 0.030405 0.054665 0.385810
v 0.028557 0.059008 0.395560
v 0.030982 0.051770 0.396211
v 0.027768 0.057207 0.409070
v 0.030607 0.068764 0.350988
v 0.018864 0.109663 0.335390
v 0.032259 0.045699 0.403865
v 0.034581 0.045322 0.413533
v 0.034735 0.040436 0.410779
v 0.014940 0.152278 0.139347
v 0.037398 0.038492 0.412294
v 0.052821 0.006638 -0.006435
v 0.054713 0.003240 0.019864
v 0.055018 -0.010861 0.002438
v 0.054091 -0.020772 -0.023598
v 0.057451 -0.022803 0.031392
v 0.056819 -0.010282 0.037423
v 0.056113 -0.023650 0.006028
v 0.054916 0.009227 0.039052
v 0.056338 0.005462 0.054688
v 0.058871 -0.013649 0.074969
v 0.057552 0.003878 0.074651
v 0.059033 -0.023533 0.067328
v 0.059354 -0.012890 0.091583
v 0.058247 0.001801 0.091819
v 0.059893 -0.025893 0.093523
v 0.051881 0.001986 -0.032988
v 0.048603 0.017521 -0.064059
v 0.050050 0.009327 -0.054760
v 0.049111 0.010151 -0.067140
v 0.051025 -0.006561 -0.059990
v 0.051206 0.012823 -0.024021
v 0.048906 0.024373 -0.043948
v 0.054426 0.027814 0.073294
v 0.051047 0.022737 0.000513
v 0.048086 0.033163 -0.030612
v 0.051798 0.028759 0.032964
v 0.053279 0.028604 0.055939
v 0.051749 -0.020344 -0.058275
v 0.056247 0.022388 0.146833
v 0.057865 0.007335 0.164401
v 0.058404 0.003943 0.130605
v 0.055831 0.025431 0.126755
v 0.054998 0.027543 0.091989
v 0.059311 -0.009003 0.123667
v 0.059718 -0.013181 0.154010
v 0.059830 -0.022338 0.125145
v 0.060110 -0.022636 0.154033
v 0.049302 0.034611 0.006169
v 0.045783 0.038268 -0.057134
v 0.052436 0.044590 0.126279
v 0.052107 0.043585 0.095388
v 0.048548 0.059657 0.075967
v 0.049964 0.044929 0.051480
v 0.046602 0.064080 0.052084
v 0.048348 0.043549 0.021896
v 0.043166 0.065063 0.003229
v 0.042716 0.061334 -0.020496
v 0.052476 0.043755 0.150433
v 0.050840 0.051131 0.176709
v 0.051191 0.047458 0.185601
v 0.055384 0.022910 0.172133
v 0.050666 0.047078 0.215698
v 0.052321 0.033328 0.212755
v 0.053418 0.028878 0.193525
v 0.049247 0.053050 0.225193
v 0.045523 0.026389 -0.077467
v 0.042857 0.042623 -0.074031
v 0.045955 0.017783 -0.084059
v 0.056915 0.007218 0.179348
v 0.054819 0.020295 0.186385
v 0.059564 -0.016726 0.166498
v 0.054083 0.013906 0.203744
v 0.052476 0.020402 0.226066
v 0.055071 0.010140 0.194662
v 0.050766 0.033186 0.237689
v 0.051487 0.016566 0.251440
v 0.048274 0.049848 0.243101
v 0.052081 0.014184 0.242264
v 0.049598 0.027056 0.258955
v 0.046650 0.054095 0.255003
v 0.051871 0.004471 0.255407
v 0.046863 0.037481 0.272324
v 0.051065 -0.020895 -0.064805
v 0.048510 -0.000822 -0.076954
v 0.035768 0.073477 -0.071697
v 0.038325 0.053661 -0.085920
v 0.039140 0.041423 -0.097615
v 0.039356 0.035549 -0.102407
v 0.029563 0.100026 -0.064323
v 0.030005 0.088268 -0.081731
v 0.043193 0.016580 -0.098271
v 0.030693 0.075875 -0.094963
v 0.031030 0.055229 -0.118563
v 0.038122 0.019444 -0.118076
v 0.034680 0.035576 -0.121904
v 0.030945 0.035881 -0.137431
v 0.030598 0.023337 -0.146885
v 0.030285 0.049888 -0.127824
v 0.021672 0.114431 -0.080353
v 0.026398 0.039569 -0.151474
v 0.026697 0.025952 -0.160695
v 0.026356 0.075036 -0.113636
v 0.026614 0.062694 -0.127597
v 0.025120 0.087933 -0.102947
v 0.021604 0.105923 -0.093031
v 0.022053 0.099047 -0.100872
v 0.022693 0.037691 -0.166548
v 0.022955 0.027819 -0.174142
v 0.026801 0.014752 -0.168289
v 0.025301 0.012723 -0.177879
v 0.023135 0.018359 -0.183111
v 0.022498 0.009604 -0.195894
v 0.020132 0.013467 -0.203264
v 0.019186 0.008527 -0.217203
v 0.021020 0.030324 -0.179138
v 0.022823 0.052582 -0.151909
v 0.021828 0.084488 -0.118715
v -0.014910 0.033091 0.486519
v -0.011684 0.032638 0.488859
v -0.000867 0.042320 0.486056
v -0.013992 0.040180 0.479590
v -0.013864 0.047258 0.471278
v -0.000829 0.049108 0.478908
v -0.014395 0.054295 0.462142
v -0.008273 0.059776 0.459880
v -0.000372 0.055131 0.472260
v -0.000378 0.060952 0.465254
v -0.013903 0.059543 0.455237
v -0.000084 0.069086 0.453962
v -0.007532 0.071445 0.442278
v -0.000037 0.072395 0.449161
v 0.000163 0.077117 0.441588
v -0.014514 0.067376 0.441487
v -0.000675 0.081463 0.432791
v -0.015411 0.078865 0.419270
v -0.000381 0.089413 0.416578
v -0.015944 0.082701 0.410584
v -0.006087 0.096238 0.395092
v -0.000927 0.094268 0.405566
v -0.000160 0.100913 0.394388
v -0.000326 0.104869 0.386467
v -0.015611 0.093203 0.387661
v -0.007799 0.101564 0.380924
v -0.015922 0.097728 0.377252
v -0.001160 0.106307 0.382132
v -0.016249 0.072069 0.430387
v -0.000390 0.108780 0.377885
v -0.014101 0.099640 0.374999
v -0.007415 0.108327 0.364549
v -0.018236 0.084805 0.401416
v -0.000564 0.112929 0.367560
v -0.016150 0.105585 0.353602
v -0.005848 0.117877 0.341649
v -0.016426 0.111597 0.337587
v -0.000928 0.117023 0.355785
v -0.001039 0.124641 0.331294
v -0.018572 0.117788 0.314180
v -0.018714 0.114213 0.325048
v -0.000267 0.121309 0.344403
v -0.001057 0.122166 0.339628
v -0.000013 0.124910 0.332379
v -0.013019 0.121033 0.315771
v -0.018016 0.121959 0.302143
v -0.018153 0.099307 0.366114
v -0.017812 0.063554 0.442238
v -0.018133 0.077086 0.417336
v -0.000800 0.128512 0.317050
v -0.009042 0.127715 0.299113
v -0.016256 0.126226 0.290498
v -0.017827 0.093759 0.380926
v -0.018269 0.071441 0.427533
v -0.017905 0.126256 0.284331
v -0.000062 0.085566 0.425516
v -0.018583 0.109111 0.337833
v -0.018480 0.103167 0.353507
v -0.017788 0.129851 0.271308
v -0.017941 0.050648 0.461312
v -0.017746 0.039023 0.475784
v -0.017676 0.032126 0.483883
v 0.001326 0.127362 0.320662
v 0.000083 0.128891 0.317183
v 0.000036 0.064961 0.460333
v -0.022294 0.052661 0.445620
v -0.020301 0.033040 0.476574
v -0.023155 0.057294 0.434425
v -0.026496 0.052579 0.430789
v -0.026784 0.047753 0.439284
v -0.031006 0.043485 0.438780
v -0.031751 0.046258 0.433311
v -0.035645 0.045522 0.427102
v -0.027307 0.054328 0.419413
v -0.029560 0.052284 0.419099
v -0.037037 0.045225 0.420906
v -0.027016 0.042477 0.445121
v -0.024756 0.043323 0.449961
v -0.029889 0.040851 0.442969
v -0.040528 0.042232 0.421378
v -0.039532 0.041813 0.433347
v -0.030399 0.050853 0.407036
v -0.032042 0.049265 0.415128
v -0.026954 0.032255 0.452682
v -0.030715 0.033593 0.446522
v -0.034389 0.045181 0.414768
v -0.039282 0.039568 0.437722
v -0.044746 0.038816 0.433594
v -0.048263 0.038569 0.429830
v -0.045775 0.040321 0.428889
v -0.046510 0.040472 0.422483
v -0.036348 0.037969 0.441596
v -0.049326 0.038886 0.423396
v -0.050517 0.036462 0.422478
v -0.039971 0.037407 0.438069
v -0.014643 0.027146 0.489263
v -0.048607 0.038256 0.418549
v -0.016363 0.018883 0.489787
v -0.018340 0.022527 0.486028
v -0.000655 0.033111 0.493468
v -0.044507 0.030991 0.435215
v 0.000860 0.057552 0.469692
v -0.034491 0.033103 0.444446
v -0.038166 0.031235 0.440689
v -0.010274 0.021899 0.493675
v 0.001251 0.051873 0.476181
v -0.013075 0.014284 0.492960
v -0.049361 0.035657 0.418213
v -0.047658 0.029565 0.429489
v -0.033654 0.028682 0.445210
v -0.029595 0.028469 0.448873
v 0.000170 0.021235 0.497894
v -0.007815 0.014295 0.496253
v 0.001110 0.094183 0.405739
v 0.001288 0.039022 0.488957
v 0.001055 0.081218 0.433122
v 0.001126 0.106367 0.381415
v -0.038355 0.040023 0.415493
v 0.000304 0.014915 0.498902
v -0.009759 0.007850 0.493859
v 0.001902 -0.027272 0.473815
v -0.003157 -0.030911 0.484790
v 0.010568 -0.035147 0.493012
v 0.014114 -0.032824 0.486369
v -0.001238 -0.035574 0.497617
v -0.012789 -0.031267 0.486711
v -0.013541 -0.026707 0.473783
v -0.000200 -0.024342 0.467184
v 0.008526 -0.024256 0.466148
v 0.015039 -0.027966 0.475143
v -0.010335 -0.032161 0.489801
v -0.003464 -0.033583 0.493290
v -0.002111 -0.024290 0.466655
v -0.013235 -0.023455 0.465785
v 0.014420 -0.025065 0.469007
v 0.018163 -0.026095 0.468773
v 0.014086 -0.035046 0.490590
v 0.015419 -0.022926 0.466053
v 0.017504 -0.029754 0.476852
v -0.006197 -0.036122 0.496864
v -0.017446 -0.027735 0.473343
v -0.019040 -0.024311 0.465019
v -0.018624 -0.030532 0.478414
v -0.013832 -0.034288 0.490764
v -0.018927 -0.021300 0.461962
v -0.022092 -0.028221 0.468888
v 0.023699 -0.025871 0.461834
v -0.023089 -0.024795 0.460977
v 0.020394 -0.031437 0.476255
v 0.023449 -0.028666 0.465758
v -0.001217 -0.038289 0.499235
v 0.018071 -0.036203 0.486336
v -0.018596 -0.034609 0.484470
v -0.009951 -0.040008 0.497179
v -0.022890 -0.021479 0.458188
v 0.044543 -0.071176 -0.062761
v 0.042425 -0.083436 -0.054223
v 0.038550 -0.084764 -0.067866
v 0.040095 -0.091045 -0.052525
v 0.039629 -0.074737 -0.076703
v 0.046115 -0.070015 -0.056399
v 0.048075 -0.060536 -0.060954
v 0.033939 -0.095293 -0.067710
v 0.037350 -0.098446 -0.050495
v 0.032387 -0.086957 -0.085105
v 0.033336 -0.107463 -0.048870
v 0.042584 -0.093270 -0.029358
v 0.037736 -0.103165 -0.035654
v 0.043572 -0.090422 -0.028691
v 0.030045 -0.119320 -0.033969
v 0.037535 -0.106735 -0.023650
v 0.045418 -0.092713 -0.002603
v 0.037972 -0.109205 -0.005005
v 0.046601 -0.093128 0.015912
v 0.030714 -0.121972 -0.012564
v 0.039610 -0.107633 0.012662
v 0.047811 -0.093221 0.041363
v 0.042305 -0.104764 0.049702
v 0.034849 -0.116810 0.012746
v 0.047788 -0.095124 0.060663
v 0.031720 -0.121683 0.005607
v 0.034867 -0.118368 0.050253
v 0.040218 -0.109019 0.070523
v 0.047982 -0.095874 0.075939
v 0.030858 -0.112408 -0.047848
v 0.032811 -0.121440 0.070540
v 0.032277 -0.121798 0.080311
v 0.045532 -0.100229 0.086864
v 0.048087 -0.095736 0.105862
v 0.031649 -0.122626 0.041000
v 0.031900 -0.121229 0.100345
v 0.031364 -0.103816 -0.061366
v 0.032014 -0.096393 -0.071723
v 0.028110 -0.122035 -0.033349
v 0.029966 -0.122616 0.109120
v 0.039303 -0.107367 0.125963
v 0.047623 -0.094975 0.124955
v 0.031763 -0.118341 0.125606
v 0.040335 -0.103101 0.138889
v 0.047084 -0.093643 0.138246
v 0.044814 -0.095292 0.150154
v 0.023331 -0.133675 0.069761
v 0.024262 -0.130943 0.013522
v 0.022779 -0.133913 0.042839
v 0.024706 -0.130539 0.096917
v 0.034722 -0.110164 0.140580
v 0.036585 -0.106236 0.147636
v 0.040202 -0.100295 0.163848
v 0.043734 -0.095734 0.174549
v 0.038631 -0.102310 0.170705
v 0.042745 -0.098698 0.196920
v 0.035904 -0.106769 0.182571
v 0.030874 -0.114537 0.191647
v 0.026585 -0.121533 0.194568
v 0.029401 -0.117303 0.211109
v 0.041855 -0.099459 0.210782
v 0.034239 -0.109519 0.226913
v 0.028159 -0.117587 0.229988
v 0.030076 -0.113493 0.242481
v 0.026188 -0.121669 0.203664
v 0.035666 -0.105689 0.157638
v 0.026516 -0.117202 0.182570
v 0.026271 -0.120493 0.187176
v 0.025953 -0.122359 0.190104
v 0.026195 -0.118124 0.173492
v 0.026528 -0.114981 0.164621
v 0.025834 -0.115313 0.161021
v 0.028284 -0.113405 0.169040
v 0.027877 -0.122590 0.128610
v 0.027317 -0.116298 0.151473
v 0.026136 -0.120804 0.215028
v 0.027765 -0.113813 0.159963
v 0.025128 -0.119397 0.149850
v 0.022340 -0.122844 0.146654
v 0.023421 -0.124835 0.196380
v 0.023448 -0.124815 0.191523
v 0.028081 -0.124002 -0.018277
v 0.022668 -0.130533 -0.006137
v 0.025775 -0.125215 -0.024709
v 0.021827 -0.133345 0.020226
v 0.027669 -0.116833 -0.044949
v 0.023054 -0.122764 0.147804
v 0.028641 -0.083529 -0.095483
v 0.022197 -0.125849 0.146900
v 0.028551 -0.097971 -0.073872
v 0.026645 -0.106884 -0.062442
v 0.021196 -0.087858 -0.098262
v 0.022566 -0.080254 -0.107293
v 0.028268 -0.073908 -0.109129
v 0.020572 -0.070976 -0.121981
v 0.019731 -0.111520 -0.062337
v 0.019127 -0.096338 -0.087280
v 0.010620 -0.097130 -0.096013
v 0.010789 -0.102683 -0.085816
v 0.010570 -0.108888 -0.076034
v 0.021028 -0.120357 -0.046006
v 0.024613 -0.124724 -0.032289
v 0.010621 -0.090839 -0.104723
v 0.010491 -0.081203 -0.118776
v 0.010407 -0.117093 -0.061746
v 0.009906 -0.122656 -0.052758
v 0.009971 -0.126580 -0.044554
v 0.026166 -0.127436 0.189183
v 0.048615 -0.092331 0.126208
v 0.049252 -0.092423 0.102115
v 0.053540 -0.075709 0.126870
v 0.052146 -0.082064 0.104773
v 0.055036 -0.070823 0.102388
v 0.057823 -0.058995 0.108022
v 0.057861 -0.057616 0.126403
v 0.054269 -0.070381 0.135002
v 0.057642 -0.059256 0.088568
v 0.051754 -0.082757 0.078070
v 0.049222 -0.091785 0.075314
v 0.054943 -0.069026 0.071531
v 0.050876 -0.083554 0.053231
v 0.051468 -0.078670 0.037317
v 0.057170 -0.059244 0.072135
v 0.056649 -0.057728 0.053189
v 0.050837 -0.072913 0.001615
v 0.055254 -0.056813 0.023158
v 0.053539 -0.058847 -0.001184
v 0.050053 -0.072591 -0.009409
v 0.047204 -0.080146 -0.021019
v 0.051773 -0.059198 -0.024610
v 0.049845 -0.059780 -0.045215
v 0.058676 -0.050294 0.129101
v 0.059554 -0.041273 0.094755
v 0.058930 -0.044178 0.079735
v 0.050751 -0.048648 -0.048701
v 0.049227 -0.047194 -0.063328
v 0.057912 -0.043785 0.058904
v 0.054899 -0.043794 0.000732
v 0.056072 -0.043182 0.020533
v 0.052557 -0.035952 -0.037066
v 0.051749 -0.020344 -0.058275
v 0.050522 -0.032133 -0.063371
v 0.051065 -0.020895 -0.064805
v 0.059070 -0.033657 0.072225
v 0.056113 -0.023650 0.006028
v 0.057451 -0.022803 0.031392
v 0.054091 -0.020772 -0.023598
v 0.059747 -0.034793 0.133799
v 0.058847 -0.043696 0.163801
v 0.059909 -0.034069 0.160655
v 0.059033 -0.023533 0.067328
v 0.059893 -0.025893 0.093523
v 0.057968 -0.040755 0.182849
v 0.056846 -0.047610 0.189518
v 0.060110 -0.022636 0.154033
v 0.059830 -0.022338 0.125145
v 0.024725 0.009059 0.466006
v 0.020450 0.003027 0.474532
v 0.024364 0.004636 0.464979
v 0.027159 0.001203 0.451980
v 0.023840 -0.005553 0.459499
v 0.026673 -0.009722 0.448468
v 0.027635 0.019620 0.457797
v 0.029071 0.010292 0.449945
v 0.029840 0.020078 0.449918
v 0.030245 0.014870 0.446594
v 0.023720 -0.011660 0.458539
v 0.030384 0.007608 0.441089
v 0.030070 -0.000072 0.435534
v 0.029796 -0.010098 0.431864
v 0.031586 -0.005159 0.422334
v 0.032400 -0.000105 0.422973
v 0.031309 -0.016429 0.422448
v 0.027563 -0.018073 0.443882
v 0.025879 -0.021769 0.452240
v 0.023904 -0.015363 0.457635
v 0.032914 -0.010279 0.410629
v 0.032850 -0.000474 0.413043
v 0.030764 -0.035773 0.428571
v 0.035757 -0.038019 0.401771
v 0.030157 -0.042018 0.428918
v 0.029454 -0.052565 0.425891
v 0.034871 -0.056571 0.397773
v 0.038793 -0.044757 0.384464
v 0.038921 -0.060373 0.374482
v 0.040712 -0.045835 0.374433
v 0.028521 -0.051325 0.432827
v 0.043157 -0.057988 0.353251
v 0.043745 -0.047204 0.355695
v 0.045534 -0.047218 0.344837
v 0.046950 -0.052313 0.332541
v 0.047063 -0.046252 0.333544
v 0.043466 -0.034452 0.355708
v 0.028208 -0.042135 0.445647
v 0.027811 -0.034945 0.449332
v 0.028793 -0.029818 0.441810
v 0.026180 -0.037989 0.462777
v 0.027201 -0.049159 0.453375
v 0.025193 -0.045587 0.468666
v 0.025308 -0.050856 0.465525
v 0.046988 -0.029248 0.331447
v 0.048306 -0.037502 0.323677
v 0.038863 -0.030801 0.380492
v 0.034678 -0.015619 0.400541
v 0.045449 -0.030167 0.340113
v 0.024422 -0.037857 0.470512
v 0.023274 -0.041161 0.478072
v 0.048634 -0.047287 0.316354
v 0.034174 0.002600 0.396206
v 0.033843 0.010677 0.402512
v 0.027341 -0.024573 0.447952
v 0.036185 -0.005779 0.383061
v 0.038907 -0.019674 0.373666
v 0.048486 -0.021965 0.311426
v 0.035127 0.013117 0.379613
v 0.038437 -0.009121 0.367312
v 0.033877 0.020224 0.390469
v 0.035815 0.021746 0.365682
v 0.038293 0.009019 0.354762
v 0.033658 0.034761 0.378131
v 0.025721 -0.030775 0.460402
v 0.043054 -0.011351 0.340106
v 0.046702 -0.008683 0.315619
v 0.043438 0.008237 0.322186
v 0.038270 0.028010 0.340299
v 0.035000 0.039322 0.356098
v 0.050531 0.011527 0.263238
v 0.046751 0.030336 0.278203
v 0.048737 -0.002371 0.292717
v 0.046749 0.005812 0.301772
v 0.050584 -0.010538 0.278799
v 0.052766 -0.011542 0.254336
v 0.049392 -0.029491 0.304397
v 0.051871 0.004471 0.255407
v 0.051487 0.016566 0.251440
v 0.049598 0.027056 0.258955
v 0.042505 0.053923 0.291678
v 0.046863 0.037481 0.272324
v 0.043228 0.020142 0.314336
v 0.039377 0.048782 0.316849
v 0.041176 0.058584 0.297057
v 0.036978 0.050587 0.328778
v 0.034714 0.047167 0.348285
v 0.031686 0.055278 0.365748
v 0.032526 0.046428 0.375564
v 0.030405 0.054665 0.385810
v 0.037690 0.065560 0.312089
v 0.052368 -0.029708 0.263024
v 0.053251 -0.021394 0.250403
v 0.050986 -0.030292 0.278572
v 0.049382 -0.043542 0.304453
v 0.053299 -0.016323 0.249655
v 0.053604 -0.013367 0.247122
v 0.053300 -0.009152 0.244937
v 0.052391 -0.003179 0.245764
v 0.043942 0.054071 0.277197
v 0.046650 0.054095 0.255003
v 0.032555 0.058316 0.351326
v 0.033481 0.068554 0.332831
v 0.034260 0.073900 0.323089
v 0.032563 0.039866 0.393549
v 0.032219 0.045216 0.388993
v 0.030982 0.051770 0.396211
v 0.043208 0.063697 0.268499
v 0.022584 -0.036723 0.478161
v 0.030607 0.068764 0.350988
v 0.028284 0.069993 0.367474
v 0.052081 0.014184 0.242264
v 0.053155 -0.033049 0.249869
v 0.031292 0.080607 0.330544
v 0.043948 0.067048 0.255087
v 0.046151 0.066300 0.238255
v 0.033114 0.036145 0.403208
v 0.023018 -0.031651 0.470998
v 0.050906 -0.043897 0.272477
v 0.051847 -0.044088 0.262042
v 0.049873 -0.042683 0.289895
v 0.052586 -0.004078 0.230750
v 0.053406 -0.014409 0.230512
v 0.052476 0.020402 0.226066
v 0.053807 -0.005948 0.216381
v 0.053403 -0.017164 0.226287
v 0.054167 -0.018046 0.217946
v 0.054083 0.013906 0.203744
v 0.054707 -0.018016 0.207488
v 0.055515 -0.017702 0.200151
v 0.055071 0.010140 0.194662
v 0.056816 -0.001000 0.186040
v 0.057148 -0.017008 0.188792
v 0.056915 0.007218 0.179348
v 0.059564 -0.016726 0.166498
v 0.057383 -0.038459 0.189734
v 0.059919 -0.027591 0.163989
v 0.053344 -0.033418 0.226146
v 0.054402 -0.040312 0.206351
v 0.054014 -0.038664 0.211792
v 0.052177 -0.055226 0.223874
v 0.032259 0.045699 0.403865
v 0.054017 -0.013851 0.237351
v 0.027459 0.027344 0.455430
v 0.026288 0.023238 0.462294
v 0.022465 0.015187 0.476753
v 0.022129 0.021654 0.477598
v 0.051763 -0.050091 0.250296
v 0.052808 -0.042558 0.247447
v 0.052437 -0.050342 0.245895
v 0.054219 -0.052061 0.201448
v 0.052045 -0.062718 0.209069
v 0.051337 -0.062242 0.230036
v 0.022817 -0.049433 0.477513
v 0.053024 -0.046964 0.232054
v 0.054093 -0.024320 0.231847
v 0.021431 0.032520 0.472935
v 0.026880 0.032794 0.453444
v 0.020657 0.026820 0.480179
v 0.053904 -0.016979 0.233363
v 0.033771 0.005417 0.415817
v 0.021546 0.008969 0.477187
v 0.034111 0.008777 0.411412
v 0.034485 0.014806 0.407058
v 0.023805 -0.021225 0.457493
v 0.023699 -0.025871 0.461834
v 0.029929 0.027304 0.449472
v 0.034046 0.020531 0.405391
v 0.034285 0.030737 0.407252
v 0.034735 0.040436 0.410779
v 0.018057 0.014453 0.487173
v 0.023449 -0.028666 0.465758
v 0.018039 0.021911 0.486709
v 0.052875 -0.053770 0.234631
v 0.017831 -0.043547 0.489560
v 0.018898 -0.050588 0.486451
v 0.054825 -0.025839 0.248431
v 0.017537 -0.039913 0.489391
v 0.018071 -0.036203 0.486336
v 0.017298 0.009145 0.486020
v 0.033522 0.003202 0.422216
v 0.016120 -0.050168 0.491183
v 0.015366 0.021610 0.490366
v 0.020394 -0.031437 0.476255
v 0.015319 0.013357 0.490755
v 0.013334 0.007104 0.490949
v 0.020417 -0.000809 0.467728
v 0.011966 0.012373 0.493805
v 0.039791 -0.071984 0.333902
v 0.041719 -0.070081 0.323399
v 0.040301 -0.076394 0.315590
v 0.038602 -0.070788 0.350398
v 0.042879 -0.071594 0.303522
v 0.045988 -0.056458 0.322642
v 0.045529 -0.060542 0.307283
v 0.042202 -0.077355 0.295373
v 0.046209 -0.061039 0.291539
v 0.043680 -0.079654 0.274241
v 0.046734 -0.067533 0.270727
v 0.049525 -0.066455 0.248056
v 0.047395 -0.076812 0.244686
v 0.049132 -0.076769 0.225333
v 0.043344 -0.088690 0.248721
v 0.046099 -0.086837 0.223384
v 0.046677 -0.088141 0.200111
v 0.049795 -0.078289 0.199276
v 0.038743 -0.088749 0.286413
v 0.043119 -0.093911 0.227387
v 0.050070 -0.077655 0.176622
v 0.052518 -0.066877 0.191965
v 0.053009 -0.066816 0.179576
v 0.055568 -0.054791 0.188353
v 0.057186 -0.052988 0.167418
v 0.052049 -0.066467 0.200479
v 0.056867 -0.056318 0.152614
v 0.054757 -0.064670 0.152837
v 0.050716 -0.079661 0.146604
v 0.049550 -0.080932 0.158294
v 0.050944 -0.061200 0.240501
v 0.052449 -0.054810 0.241090
v 0.045592 -0.092971 0.155745
v 0.032515 -0.074941 0.377516
v 0.031768 -0.066944 0.401296
v 0.034579 -0.061789 0.394631
v 0.030104 -0.065129 0.412086
v 0.027425 -0.062691 0.427107
v 0.032842 -0.094403 0.312089
v 0.031987 -0.090704 0.329306
v 0.032397 -0.086817 0.340298
v 0.034294 -0.079406 0.352688
v 0.040533 -0.100292 0.222780
v 0.026106 -0.061089 0.433544
v 0.026015 -0.058171 0.448378
v 0.023783 -0.059840 0.462292
v 0.024306 -0.061230 0.451593
v 0.021359 -0.057493 0.477467
v 0.019837 -0.061431 0.477217
v 0.031932 -0.100482 0.296639
v 0.031941 -0.102290 0.289350
v 0.037405 -0.099498 0.252948
v 0.033869 -0.106168 0.252328
v 0.031976 -0.095959 0.312107
v 0.036384 -0.105435 0.232306
v 0.032236 -0.084140 0.349346
v 0.032209 -0.080106 0.361619
v 0.031629 -0.073518 0.384972
v 0.030984 -0.070529 0.396003
v 0.030957 -0.108821 0.261971
v 0.030925 -0.104346 0.284754
v 0.014584 -0.058899 0.490057
v 0.028562 -0.065445 0.416093
v 0.024512 -0.062436 0.434680
v 0.020814 -0.061961 0.467452
v 0.011885 -0.061982 0.490379
v 0.052825 -0.052003 0.243618
v -0.007751 0.117726 -0.092611
v -0.014040 0.113345 -0.093710
v -0.011182 0.118948 -0.088680
v -0.008414 0.112984 -0.098506
v -0.017046 0.105216 -0.101038
v -0.011242 0.101208 -0.110843
v -0.018651 0.114872 -0.087552
v -0.013900 0.124407 -0.079085
v -0.019108 0.122845 -0.076203
v -0.020370 0.098392 -0.106084
v -0.014522 0.093415 -0.117068
v -0.020019 0.109096 -0.093231
v -0.015485 0.132452 -0.066933
v -0.006494 0.098236 -0.117537
v -0.009063 0.085845 -0.129608
v -0.020439 0.083567 -0.122462
v -0.012783 0.070344 -0.142874
v -0.020499 0.092405 -0.112521
v -0.005396 0.075727 -0.142873
v -0.006973 0.065549 -0.153235
v -0.020950 0.066096 -0.140098
v -0.020664 0.074412 -0.131562
v -0.021102 0.055948 -0.151035
v -0.017990 0.048159 -0.163040
v -0.006352 0.059571 -0.160884
v -0.001474 0.063184 -0.160536
v -0.020920 0.044755 -0.163779
v -0.001174 0.056914 -0.170222
v -0.020525 0.103257 -0.099378
v -0.020314 0.036954 -0.173682
v -0.004148 0.050955 -0.175245
v -0.007634 0.042538 -0.182276
v -0.019278 0.027884 -0.186709
v -0.018346 0.130508 -0.066075
v -0.013935 0.136956 -0.063307
v -0.017101 0.137107 -0.059499
v -0.010919 0.132958 -0.069752
v -0.008623 0.128042 -0.077858
v -0.002032 0.073436 -0.147533
v -0.002107 0.079667 -0.140619
v -0.002328 0.087284 -0.131984
v -0.002049 0.067324 -0.154230
v -0.002083 0.105796 -0.110980
v -0.014188 0.141373 -0.058290
v -0.002173 0.111430 -0.104088
v -0.002258 0.133589 -0.073891
v -0.002140 0.098044 -0.119989
v -0.002546 0.130364 -0.079315
v -0.003340 0.126866 -0.082550
v -0.004435 0.120252 -0.090598
v -0.002464 0.144388 -0.060682
v -0.013953 0.145293 -0.053632
v -0.004927 0.150970 -0.051527
v -0.016534 0.141042 -0.055409
v -0.013104 0.149189 -0.049525
v -0.002356 0.140364 -0.064947
v -0.002176 0.116651 -0.096815
v -0.016231 0.145235 -0.050777
v -0.006235 0.153583 -0.046732
v -0.001029 0.156499 -0.045778
v -0.003105 0.150482 -0.054077
v -0.002288 0.119703 -0.092299
v -0.002656 0.123537 -0.089197
v -0.001308 0.049905 -0.181396
v -0.007382 0.037683 -0.190089
v -0.001044 0.042940 -0.191801
v -0.000538 0.047816 -0.185319
v -0.015220 0.149549 -0.045700
v -0.019931 0.116916 -0.082779
v -0.017053 0.025567 -0.194825
v -0.014254 0.152999 -0.038372
v -0.001322 0.039070 -0.199815
v 0.000276 0.040942 -0.196877
v 0.000601 0.045690 -0.187451
v -0.008552 0.029763 -0.204503
v -0.016030 0.022080 -0.205159
v -0.015277 0.153806 -0.033659
v -0.018791 0.022245 -0.196456
v -0.010340 0.024334 -0.214904
v 0.000875 0.037972 -0.202621
v -0.015104 0.017649 -0.222558
v -0.001204 0.033817 -0.215354
v -0.000197 0.036237 -0.211821
v 0.000117 0.031958 -0.226977
v -0.022881 0.053280 -0.150337
v -0.022644 0.070019 -0.132187
v -0.011564 0.018760 -0.232459
v -0.015315 0.013448 -0.235336
v -0.020108 0.031077 -0.180993
v -0.001087 0.030074 -0.230880
v -0.000592 0.029624 -0.237415
v -0.009134 0.018762 -0.247917
v -0.018254 0.018681 -0.203770
v -0.013486 0.013744 -0.246293
v -0.000642 0.059694 -0.168426
v -0.012174 0.013011 -0.265796
v -0.007471 0.019396 -0.269646
v -0.000552 0.028791 -0.260641
v 0.000075 0.029459 -0.249449
v -0.000513 0.029343 -0.272878
v -0.002151 0.154390 -0.053921
v -0.002754 0.145968 -0.059358
v -0.000173 0.157158 -0.048021
v -0.002135 0.147397 -0.068519
v -0.002310 0.137752 -0.078499
v -0.002621 0.133877 -0.097808
v -0.001900 0.167277 -0.065230
v -0.001328 0.168172 -0.060630
v -0.002107 0.067801 -0.164335
v -0.002093 0.174781 -0.072009
v -0.002766 0.159956 -0.106244
v -0.002715 0.158247 -0.140299
v -0.002622 0.133702 -0.117954
v -0.002219 0.219101 -0.153976
v -0.002564 0.178252 -0.162547
v -0.002670 0.193012 -0.142697
v -0.002438 0.128528 -0.172816
v -0.002020 0.109193 -0.195024
v -0.002611 0.109040 -0.168051
v -0.002110 0.082526 -0.196967
v -0.002658 0.114869 -0.139431
v -0.002451 0.110531 -0.121562
v -0.002542 0.095346 -0.136281
v -0.002201 0.070418 -0.178453
v -0.002047 0.063357 -0.199384
v -0.002572 0.187331 -0.112181
v -0.002239 0.186896 -0.088912
v 0.010472 -0.046257 0.496858
v 0.001745 -0.056570 0.499375
v 0.009831 -0.055507 0.496145
v -0.000026 -0.046958 0.499938
v 0.009592 -0.038496 0.495972
v -0.001217 -0.038289 0.499235
v -0.001079 -0.056653 0.499616
v 0.013004 -0.043052 0.494569
v 0.001854 -0.061463 0.498317
v 0.007150 -0.059946 0.495817
v 0.013068 -0.050577 0.494481
v -0.001062 -0.061918 0.498159
v -0.004492 -0.041272 0.499126
v -0.010618 -0.044816 0.497772
v -0.001238 -0.035574 0.497617
v 0.014086 -0.035046 0.490590
v 0.016120 -0.050168 0.491183
v 0.017831 -0.043547 0.489560
v 0.017537 -0.039913 0.489391
v 0.010568 -0.035147 0.493012
v 0.014584 -0.058899 0.490057
v 0.011885 -0.061982 0.490379
v 0.018071 -0.036203 0.486336
v -0.009852 -0.054858 0.497160
v -0.005719 -0.060046 0.497102
v -0.009951 -0.040008 0.497179
v -0.006197 -0.036122 0.496864
v 0.002112 -0.066361 0.492908
v 0.045467 0.033721 0.411397
v 0.046146 0.029808 0.411893
v 0.040251 0.029074 0.409076
v 0.046413 0.025587 0.413567
v 0.040674 0.024294 0.409627
v 0.036481 0.023079 0.407713
v 0.038519 0.019533 0.410004
v 0.044786 0.020992 0.414158
v 0.034485 0.014806 0.407058
v 0.048997 0.029134 0.415052
v 0.049466 0.035587 0.414744
v 0.034046 0.020531 0.405391
v 0.034285 0.030737 0.407252
v 0.034825 0.033722 0.408792
v 0.034735 0.040436 0.410779
v 0.037398 0.038492 0.412294
v 0.046538 0.039541 0.415287
v 0.049308 0.039235 0.418714
v 0.038232 0.041269 0.416544
v 0.028079 -0.139103 0.127983
v 0.031532 -0.142333 0.121738
v 0.029722 -0.144110 0.124638
v 0.032771 -0.146729 0.117462
v 0.033256 -0.151049 0.116976
v 0.035515 -0.150215 0.114382
v 0.037560 -0.156877 0.109453
v 0.036396 -0.157885 0.111979
v 0.040970 -0.167411 0.104341
v 0.041246 -0.165120 0.103607
v 0.043055 -0.168862 0.101154
v 0.044196 -0.176279 0.101261
v 0.026720 -0.140921 0.134776
v 0.024833 -0.136156 0.137302
v 0.041657 -0.171612 0.107220
v 0.024413 -0.138238 0.146475
v 0.022450 -0.133093 0.144553
v 0.019969 -0.131573 0.153656
v 0.019975 -0.129110 0.149575
v 0.032319 -0.152167 0.133071
v 0.036936 -0.160765 0.122089
v 0.044567 -0.177657 0.104201
v 0.041126 -0.170330 0.118089
v 0.029448 -0.147825 0.149471
v 0.033068 -0.154012 0.140780
v 0.036949 -0.160763 0.134859
v 0.038049 -0.163366 0.124461
v 0.024906 -0.140091 0.154825
v 0.020316 -0.133648 0.165348
v 0.043853 -0.175273 0.113198
v 0.040486 -0.167319 0.127144
v 0.029266 -0.146031 0.162491
v 0.025278 -0.140446 0.163382
v 0.032893 -0.152516 0.151621
v 0.037338 -0.159664 0.142039
v 0.024632 -0.138644 0.171061
v 0.034441 -0.153429 0.154671
v 0.028970 -0.143910 0.169086
v 0.044037 -0.173737 0.118910
v 0.032167 -0.148347 0.164340
v 0.047523 -0.180558 0.103273
v 0.017501 -0.131171 0.167351
v 0.020143 -0.132377 0.176986
v 0.047410 -0.178631 0.098260
v 0.041147 -0.164927 0.135940
v 0.017997 -0.129895 0.154105
v 0.024293 -0.136348 0.176562
v 0.018041 -0.126936 0.149357
v 0.043294 -0.169344 0.127755
v 0.048796 -0.179294 0.111692
v 0.020210 -0.127961 0.185861
v 0.023085 -0.129813 0.142988
v 0.046815 -0.174986 0.120166
v 0.029305 -0.139924 0.176727
v 0.042741 -0.162883 0.141596
v 0.037081 -0.153893 0.156752
v 0.033605 -0.146491 0.169202
v 0.040636 -0.157983 0.149927
v 0.049416 -0.180955 0.104565
v 0.026167 -0.131766 0.185118
v 0.025056 -0.133532 0.137822
v 0.027885 -0.135126 0.131505
v 0.044578 -0.167260 0.133195
v 0.046110 -0.171781 0.125161
v 0.022197 -0.125849 0.146900
v 0.014140 -0.128867 0.154403
v 0.026166 -0.127436 0.189183
v 0.023448 -0.124815 0.191523
v 0.030100 -0.136894 0.180636
v 0.022340 -0.122844 0.146654
v 0.037143 -0.149919 0.163475
v 0.032443 -0.141114 0.175430
v 0.030324 -0.138290 0.126096
v 0.029108 -0.133266 0.133508
v 0.023904 -0.015363 0.457635
v 0.014491 -0.015452 0.465284
v 0.019809 -0.019606 0.461670
v 0.014692 -0.019532 0.465132
v 0.023805 -0.021225 0.457493
v 0.014471 -0.011433 0.466064
v 0.023720 -0.011660 0.458539
v 0.015419 -0.022926 0.466053
v 0.021327 -0.022693 0.461373
v 0.020956 -0.008354 0.462534
v 0.023840 -0.005553 0.459499
v 0.013592 -0.005520 0.469001
v 0.024364 0.004636 0.464979
v 0.020417 -0.000809 0.467728
v 0.017370 -0.002769 0.468358
v 0.023699 -0.025871 0.461834
v 0.006078 -0.013392 0.465131
v 0.011414 -0.012726 0.465620
v 0.003352 -0.019561 0.465083
v 0.002152 -0.013865 0.465479
v -0.003174 -0.013465 0.465225
v -0.011892 -0.019806 0.464934
v -0.011199 -0.014483 0.465527
v 0.008526 -0.024256 0.466148
v -0.013235 -0.023455 0.465785
v -0.002111 -0.024290 0.466655
v -0.018927 -0.021300 0.461962
v -0.019035 -0.013119 0.461406
v -0.013529 -0.008784 0.466011
v -0.019147 -0.006409 0.464018
v -0.023023 -0.013438 0.457964
v -0.022890 -0.021479 0.458188
v -0.022550 -0.003649 0.461741
v 0.000787 -0.005572 0.474366
v 0.005041 -0.000917 0.479772
v 0.000726 -0.000414 0.483216
v 0.009571 -0.001686 0.474048
v 0.014061 0.002795 0.482607
v 0.008816 0.004568 0.489988
v 0.000712 0.004468 0.493726
v 0.016288 -0.000346 0.472271
v 0.013334 0.007104 0.490949
v 0.020450 0.003027 0.474532
v 0.005947 -0.005547 0.471532
v 0.001442 -0.009400 0.468705
v 0.002313 0.006473 0.495257
v 0.001182 0.007749 0.497366
v 0.007405 0.009477 0.494956
v 0.009146 -0.007499 0.468714
v 0.017559 0.004323 0.479866
v 0.017298 0.009145 0.486020
v -0.001969 0.003635 0.491196
v -0.010115 0.004266 0.490113
v -0.010232 -0.001360 0.476714
v -0.003604 -0.001791 0.477980
v -0.005289 -0.006380 0.469967
v -0.010638 -0.004834 0.471505
v -0.001392 -0.005444 0.472847
v -0.009596 -0.009528 0.467744
v -0.009759 0.007850 0.493859
v -0.014370 0.002913 0.481737
v -0.019876 0.001679 0.472168
v -0.019322 0.002394 0.475303
v -0.014696 -0.001446 0.469769
v -0.020374 -0.000015 0.467684
v -0.014128 0.007035 0.489621
v -0.001093 0.009352 0.497636
v -0.019932 0.004437 0.477633
v 0.011966 0.012373 0.493805
v 0.000304 0.014915 0.498902
v 0.001532 0.012741 0.498357
v -0.007815 0.014295 0.496253
v 0.038284 0.016121 0.412176
v 0.041849 0.014978 0.417876
v 0.039461 0.010501 0.419393
v 0.044786 0.020992 0.414158
v 0.045406 0.017538 0.419876
v 0.038519 0.019533 0.410004
v 0.034111 0.008777 0.411412
v 0.033771 0.005417 0.415817
v 0.034485 0.014806 0.407058
v 0.042375 0.014207 0.421032
v 0.049182 0.026102 0.419764
v 0.046413 0.025587 0.413567
v 0.048997 0.029134 0.415052
v 0.051490 0.033344 0.420051
v 0.049466 0.035587 0.414744
v 0.039151 0.009822 0.422625
v 0.033522 0.003202 0.422216
v 0.051076 0.038512 0.422711
v 0.047072 0.033180 0.432676
v 0.044869 0.024466 0.433276
v 0.047813 0.027548 0.427933
v 0.050987 0.036485 0.424066
v 0.047863 0.038487 0.431775
v 0.044610 0.018609 0.427759
v 0.038320 0.016233 0.434393
v 0.038861 0.019962 0.436633
v 0.034324 0.015232 0.441473
v 0.034594 0.010923 0.437783
v 0.039315 0.012205 0.426693
v 0.035371 0.007557 0.432810
v 0.035863 0.005895 0.426835
v 0.030384 0.007608 0.441089
v 0.032615 0.004308 0.433599
v 0.030070 -0.000072 0.435534
v 0.032400 -0.000105 0.422973
v 0.030245 0.014870 0.446594
v 0.035453 0.021198 0.441765
v 0.029840 0.020078 0.449918
v 0.038184 0.024499 0.439498
v 0.039360 0.029791 0.439355
v 0.034737 0.026384 0.444685
v 0.034734 0.029536 0.444734
v 0.040597 0.038195 0.437620
v 0.029929 0.027304 0.449472
v 0.006787 -0.025890 -0.341422
v 0.006531 -0.026424 -0.333725
v 0.004970 -0.031097 -0.344976
v 0.005869 -0.030198 -0.352416
v 0.004861 -0.033763 -0.356745
v 0.002879 -0.038229 -0.357898
v 0.004945 -0.036301 -0.367636
v 0.002426 -0.042666 -0.369456
v 0.004381 -0.039683 -0.376106
v 0.001794 -0.048750 -0.381615
v 0.004344 -0.043883 -0.387088
v 0.003832 -0.029008 -0.318609
v 0.001291 -0.037616 -0.347824
v 0.000387 -0.035142 -0.331411
v 0.006671 -0.025298 -0.323693
v 0.000238 -0.039851 -0.350554
v 0.001149 -0.041773 -0.361324
v 0.006930 -0.024413 -0.309897
v 0.009868 -0.017329 -0.303806
v 0.006985 -0.024686 -0.298710
v 0.010442 -0.019931 -0.279971
v 0.007215 -0.025093 -0.284792
v 0.011635 -0.020009 -0.268623
v 0.008292 -0.025683 -0.264151
v 0.010754 -0.023661 -0.256875
v 0.012599 -0.024512 -0.238615
v 0.000164 -0.043629 -0.363403
v 0.001263 -0.046343 -0.375388
v 0.000986 -0.030732 -0.267650
v 0.000752 -0.030552 -0.249913
v -0.001303 -0.030770 -0.256782
v -0.036459 -0.146143 0.116156
v -0.032003 -0.144338 0.119686
v -0.036582 -0.150211 0.113201
v -0.033243 -0.140718 0.122008
v -0.030097 -0.138014 0.127099
v -0.031116 -0.136488 0.128340
v -0.027187 -0.134021 0.134063
v -0.028958 -0.132742 0.134743
v -0.025500 -0.129710 0.140436
v -0.035614 -0.154390 0.112063
v -0.028241 -0.138037 0.129948
v -0.039675 -0.160638 0.107320
v -0.023815 -0.133140 0.141812
v -0.031635 -0.146944 0.120674
v -0.026207 -0.137043 0.137382
v -0.036517 -0.158300 0.112001
v -0.040198 -0.165531 0.107389
v -0.044290 -0.168453 0.101594
v -0.046483 -0.176059 0.099578
v -0.022773 -0.129657 0.142496
v -0.023909 -0.127046 0.142530
v -0.022190 -0.125971 0.145486
v -0.042802 -0.160625 0.105936
v -0.024902 -0.123374 0.146254
v -0.021662 -0.124000 0.146259
v 0.001291 -0.037616 -0.347824
v -0.000886 -0.038014 -0.348965
v 0.000238 -0.039851 -0.350554
v 0.000387 -0.035142 -0.331411
v -0.064481 -0.082543 0.196424
v -0.066367 -0.082184 0.200068
v -0.068889 -0.080913 0.195467
v -0.068214 -0.080752 0.187970
v -0.063918 -0.081760 0.205682
v -0.068360 -0.077999 0.177278
v -0.067453 -0.079960 0.186745
v -0.070948 -0.077521 0.181779
v -0.072091 -0.074166 0.173338
v -0.075821 -0.070793 0.175825
v -0.074858 -0.070534 0.170375
v -0.071927 -0.076948 0.188944
v -0.077984 -0.065438 0.167974
v -0.071363 -0.076978 0.195419
v -0.068378 -0.080160 0.203516
v -0.074889 -0.071860 0.182977
v -0.000800 0.144410 -0.499646
v 0.001356 0.139396 -0.499925
v -0.000518 0.133000 -0.499579
v 0.000818 0.155446 -0.499328
v -0.000468 0.155118 -0.499254
v 0.001112 0.123994 -0.498995
v 0.000008 0.119643 -0.498489
v 0.000428 0.113196 -0.496567
v 0.057911 -0.009288 0.248463
v 0.053604 -0.013367 0.247122
v 0.056883 -0.016972 0.248128
v 0.060041 -0.018317 0.247693
v 0.058527 -0.003799 0.248766
v 0.054825 -0.025839 0.248431
v 0.058272 -0.025762 0.247386
v 0.056473 -0.032024 0.247391
v 0.052808 -0.042558 0.247447
v 0.056855 -0.043292 0.246598
v 0.055914 -0.049519 0.245517
v 0.052437 -0.050342 0.245895
v 0.060845 -0.047829 0.244756
v 0.060725 -0.054907 0.244245
v 0.059266 -0.055448 0.244647
v 0.059999 0.001365 0.248233
v 0.060830 -0.030940 0.244157
v 0.053251 -0.021394 0.250403
v 0.053299 -0.016323 0.249655
v 0.052825 -0.052003 0.243618
v 0.061254 -0.056612 0.241035
v 0.057866 -0.057627 0.242117
v 0.059753 -0.060469 0.240823
v 0.083484 -0.039051 0.126981
v 0.084088 -0.040881 0.129342
v 0.081686 -0.043884 0.132473
v 0.083574 -0.044717 0.133741
v 0.080074 -0.045988 0.133496
v 0.081673 -0.048490 0.137495
v 0.086448 -0.033775 0.123223
v 0.083692 -0.035475 0.123131
v 0.085535 -0.031027 0.119533
v 0.087463 -0.027435 0.116343
v 0.079986 -0.048094 0.136875
v 0.079940 -0.050742 0.138923
v 0.079922 -0.053486 0.141968
v 0.087410 -0.023181 0.113492
v 0.089483 -0.020024 0.111743
v -0.001153 -0.046149 -0.374937
v 0.001263 -0.046343 -0.375388
v 0.000164 -0.043629 -0.363403
v -0.000227 -0.049906 -0.379567
v -0.066505 -0.078415 0.211115
v -0.063898 -0.079688 0.209503
v -0.064084 -0.077291 0.219178
v -0.063918 -0.081760 0.205682
v -0.068378 -0.080160 0.203516
v -0.066367 -0.082184 0.200068
v -0.067865 -0.076470 0.212849
v -0.065309 -0.075284 0.220047
v -0.064171 -0.073502 0.226087
v 0.000388 0.229759 -0.184496
v 0.000533 0.194696 -0.186003
v -0.000287 0.220884 -0.184702
v 0.000375 0.248473 -0.184107
v -0.000231 0.248650 -0.183536
v -0.000233 0.193254 -0.186501
v 0.060619 -0.073172 0.222668
v 0.063081 -0.073622 0.223787
v 0.059983 -0.071005 0.229091
v 0.063945 -0.077655 0.218385
v 0.062551 -0.076740 0.216086
v 0.063707 -0.080187 0.210663
v -0.087378 -0.032261 0.122321
v -0.083654 -0.034474 0.121343
v -0.084473 -0.038082 0.125342
v -0.085279 -0.032267 0.120949
v -0.085957 -0.038869 0.128523
v -0.087382 -0.029597 0.118193
v -0.089678 -0.022572 0.115721
v -0.087420 -0.026196 0.114963
v -0.089040 -0.020747 0.112358
v -0.091359 -0.015527 0.107867
v -0.083127 -0.038667 0.126643
v -0.084002 -0.042355 0.129491
v 0.001034 0.029980 -0.230891
v -0.000592 0.029624 -0.237415
v -0.001087 0.030074 -0.230880
v 0.000075 0.029459 -0.249449
v 0.000117 0.031958 -0.226977
v 0.057081 -0.016292 0.233550
v 0.053904 -0.016979 0.233363
v 0.054017 -0.013851 0.237351
v 0.054093 -0.024320 0.231847
v 0.052875 -0.053770 0.234631
v 0.053583 -0.055107 0.239344
v 0.052449 -0.054810 0.241090
v 0.055116 -0.058264 0.234121
v 0.059071 -0.066224 0.233409
v 0.057722 -0.062943 0.230351
v 0.060018 -0.068861 0.232305
v 0.059983 -0.071005 0.229091
v 0.057644 -0.054261 0.229635
v 0.057137 -0.049257 0.229791
v 0.053024 -0.046964 0.232054
v 0.060501 -0.054256 0.227493
v 0.060774 -0.037896 0.227487
v 0.057172 -0.029926 0.229880
v 0.060707 -0.017924 0.230418
v 0.060760 -0.009755 0.233999
v -0.098954 0.009129 0.095324
v -0.095958 0.005881 0.097650
v -0.098932 0.008230 0.097633
v -0.096863 0.002701 0.098522
v -0.095088 -0.003089 0.099522
v -0.098643 0.013130 0.093717
v -0.100088 0.015276 0.093478
v 0.091382 0.035863 0.156958
v 0.087758 0.035601 0.165051
v 0.088413 0.035020 0.165939
v 0.091809 0.036928 0.152595
v 0.083561 0.033803 0.178792
v 0.084975 0.033750 0.176464
v 0.094308 0.037318 0.147369
v 0.095448 0.038008 0.141698
v 0.099128 0.038346 0.130465
v 0.081869 0.033489 0.186114
v 0.022340 -0.122844 0.146654
v 0.018041 -0.126936 0.149357
v 0.018250 -0.125923 0.145229
v 0.021058 -0.125455 0.138525
v 0.027877 -0.122590 0.128610
v 0.024462 -0.126494 0.123016
v 0.027317 -0.116298 0.151473
v 0.029966 -0.122616 0.109120
v 0.023194 -0.130494 0.106517
v 0.024706 -0.130539 0.096917
v 0.022312 -0.133260 0.083960
v 0.023331 -0.133675 0.069761
v 0.016784 -0.130428 0.124322
v 0.012636 -0.129974 0.135132
v 0.009291 -0.129980 0.144433
v 0.015335 -0.133541 0.107299
v 0.010169 -0.129791 0.152229
v 0.001107 -0.133491 0.139603
v 0.000418 -0.136570 0.121592
v 0.000132 -0.133144 0.148294
v 0.010306 -0.135923 0.098032
v 0.014755 -0.136117 0.070800
v 0.001305 -0.132826 0.157637
v 0.000977 -0.138545 0.095723
v 0.017775 -0.135567 0.041689
v 0.022779 -0.133913 0.042839
v 0.021827 -0.133345 0.020226
v 0.009509 -0.131149 0.177484
v 0.001269 -0.134033 0.179971
v 0.015434 -0.128678 0.184952
v 0.016130 -0.127866 0.194945
v 0.023448 -0.124815 0.191523
v 0.023421 -0.124835 0.196380
v 0.018634 -0.125824 0.207306
v 0.000452 -0.131790 0.208322
v 0.001394 -0.129475 0.222593
v 0.017299 -0.124197 0.222079
v 0.024921 -0.120288 0.225554
v 0.013869 -0.129718 0.179138
v 0.014040 -0.130081 0.170243
v 0.026136 -0.120804 0.215028
v 0.001417 -0.127521 0.232430
v 0.000973 -0.139272 0.073217
v 0.008515 -0.137771 0.042041
v 0.014410 -0.117769 0.254946
v 0.025445 -0.115872 0.243987
v 0.028159 -0.117587 0.229988
v 0.026600 -0.112013 0.259584
v 0.012091 -0.114436 0.272771
v 0.028979 -0.108107 0.272827
v 0.000752 -0.124003 0.248250
v 0.010619 -0.111290 0.287363
v 0.030925 -0.104346 0.284754
v 0.030076 -0.113493 0.242481
v -0.000168 -0.120539 0.262573
v 0.000821 -0.116005 0.281128
v 0.014099 -0.103397 0.310904
v 0.031932 -0.100482 0.296639
v 0.031976 -0.095959 0.312107
v 0.030957 -0.108821 0.261971
v -0.000022 -0.108806 0.308507
v 0.001057 -0.104742 0.321470
v -0.000142 -0.112030 0.296869
v 0.012350 -0.098984 0.327612
v 0.001135 -0.099494 0.338513
v 0.028460 -0.090016 0.335625
v 0.031987 -0.090704 0.329306
v 0.015347 -0.088336 0.356909
v 0.032236 -0.084140 0.349346
v 0.032209 -0.080106 0.361619
v 0.031782 -0.077091 0.372169
v 0.012509 -0.081747 0.382235
v 0.022242 -0.076892 0.385170
v 0.032397 -0.086817 0.340298
v 0.001081 -0.078067 0.410476
v 0.023556 -0.068890 0.412626
v 0.030984 -0.070529 0.396003
v 0.031629 -0.073518 0.384972
v 0.013620 -0.069754 0.424450
v -0.000018 -0.073696 0.429634
v 0.015971 -0.066273 0.434161
v 0.001299 -0.071454 0.436865
v 0.018042 -0.063841 0.450690
v 0.001225 -0.070291 0.447819
v -0.000295 -0.069833 0.457548
v 0.000833 -0.084946 0.386567
v -0.000174 -0.089214 0.372357
v 0.001115 -0.094339 0.353918
v 0.025203 -0.063953 0.428048
v 0.006548 -0.066704 0.468669
v 0.020814 -0.061961 0.467452
v 0.019648 -0.065169 0.431317
v 0.024512 -0.062436 0.434680
v 0.024306 -0.061230 0.451593
v 0.028562 -0.065445 0.416093
v 0.012892 -0.064123 0.481077
v 0.019837 -0.061431 0.477217
v 0.011885 -0.061982 0.490379
v 0.006778 -0.066449 0.481252
v 0.007455 -0.064622 0.490512
v 0.001034 -0.069010 0.481610
v 0.002112 -0.066361 0.492908
v -0.000510 -0.096841 0.347687
v -0.000445 -0.077240 0.415067
v -0.001537 -0.079474 0.405604
v -0.000964 -0.100669 0.335593
v -0.000436 -0.139452 0.041518
v -0.000952 -0.135380 0.129472
v 0.010792 -0.136040 0.015719
v -0.001450 -0.093148 0.358172
v -0.000962 -0.084917 0.387066
v 0.014140 -0.128867 0.154403
v 0.013090 -0.133942 -0.002690
v 0.000877 -0.137819 0.013328
v -0.000279 -0.137028 -0.003829
v -0.001093 -0.070192 0.449729
v -0.000925 -0.116337 0.279970
v 0.001010 -0.135662 -0.016644
v 0.017389 -0.129044 0.182676
v 0.020210 -0.127961 0.185861
v -0.001183 -0.104824 0.321299
v 0.022668 -0.130533 -0.006137
v -0.001155 -0.138892 0.087285
v -0.001232 -0.139367 0.072401
v 0.021479 -0.129161 -0.017856
v 0.032515 -0.074941 0.377516
v 0.027425 -0.062691 0.427107
v 0.017691 -0.131217 0.174494
v -0.001070 -0.137683 0.011062
v -0.000986 -0.135750 -0.016068
v 0.005571 -0.133868 -0.018474
v 0.002126 -0.135738 -0.019796
v 0.013907 -0.128739 -0.034197
v 0.005436 -0.132770 -0.025352
v 0.006782 -0.130953 -0.037077
v 0.024613 -0.124724 -0.032289
v 0.025775 -0.125215 -0.024709
v 0.028081 -0.124002 -0.018277
v 0.028110 -0.122035 -0.033349
v 0.031941 -0.102290 0.289350
v 0.009971 -0.126580 -0.044554
v 0.020143 -0.132377 0.176986
v 0.008038 -0.127596 -0.047422
v 0.017501 -0.131171 0.167351
v 0.017997 -0.129895 0.154105
v -0.000839 -0.042001 -0.361778
v 0.001149 -0.041773 -0.361324
v 0.000238 -0.039851 -0.350554
v 0.000164 -0.043629 -0.363403
v -0.000959 0.058722 -0.180997
v 0.000622 0.058602 -0.181665
v 0.000491 0.059941 -0.167993
v -0.000642 0.059694 -0.168426
v -0.000142 0.056566 -0.183421
v -0.000245 -0.044814 -0.200305
v 0.000885 -0.047039 -0.201571
v -0.001213 -0.047066 -0.201934
v -0.001624 -0.058665 -0.245431
v -0.000223 -0.052846 -0.228783
v 0.000841 -0.053279 -0.228179
v -0.001184 -0.050479 -0.216668
v -0.000220 -0.048498 -0.211815
v 0.001070 -0.056852 -0.238924
v 0.000185 -0.058681 -0.247451
v -0.002779 -0.052850 -0.218912
v -0.083768 -0.045656 0.133720
v -0.081692 -0.047567 0.136770
v -0.083855 -0.047417 0.137967
v -0.079971 -0.049870 0.138609
v -0.079876 -0.053379 0.142364
v -0.082150 -0.053717 0.147572
v -0.078992 -0.057504 0.149822
v -0.082386 -0.043846 0.132418
v -0.084680 -0.043289 0.132611
v -0.084002 -0.042355 0.129491
v 0.034939 -0.139536 0.124794
v 0.037634 -0.145230 0.118797
v 0.033443 -0.140693 0.122336
v 0.036855 -0.147099 0.115959
v 0.032329 -0.136751 0.127241
v 0.031446 -0.132718 0.135745
v -0.000231 0.248650 -0.183536
v -0.000562 0.248096 -0.163659
v 0.000410 0.248298 -0.165218
v 0.000375 0.248473 -0.184107
v -0.000189 0.245768 -0.156590
v -0.000792 0.059444 -0.211180
v 0.000313 0.059406 -0.211262
v -0.000164 0.057613 -0.207767
v 0.000090 0.064290 -0.227421
v -0.001592 0.062926 -0.215747
v -0.001493 0.065684 -0.225080
v 0.000076 0.065711 -0.228924
v -0.001279 0.058496 -0.194696
v -0.000428 0.056166 -0.195370
v -0.002047 0.063357 -0.199384
v -0.001788 0.062400 -0.176228
v -0.000959 0.058722 -0.180997
v -0.002201 0.070418 -0.178453
v -0.002107 0.067801 -0.164335
v -0.002110 0.082526 -0.196967
v -0.001519 0.085394 -0.214712
v -0.001576 0.104607 -0.204939
v -0.002020 0.109193 -0.195024
v -0.001349 0.118783 -0.200762
v -0.001504 0.133612 -0.195416
v -0.002438 0.128528 -0.172816
v -0.000642 0.059694 -0.168426
v -0.000142 0.056566 -0.183421
v -0.044290 -0.168453 0.101594
v -0.046483 -0.176059 0.099578
v -0.047466 -0.176878 0.099302
v -0.045371 -0.166192 0.102875
v -0.042802 -0.160625 0.105936
v -0.042248 -0.157011 0.108696
v -0.050005 -0.177387 0.102202
v -0.036582 -0.150211 0.113201
v -0.036459 -0.146143 0.116156
v -0.023909 -0.127046 0.142530
v -0.025500 -0.129710 0.140436
v -0.028767 -0.128742 0.141978
v -0.024902 -0.123374 0.146254
v -0.028958 -0.132742 0.134743
v -0.031659 -0.133840 0.135220
v -0.031116 -0.136488 0.128340
v -0.034973 -0.140050 0.125139
v -0.033243 -0.140718 0.122008
v -0.037320 -0.144406 0.119281
v -0.041695 -0.153131 0.112540
v -0.027793 -0.125373 0.147128
v -0.026007 -0.120669 0.152987
v -0.030240 -0.129068 0.145585
v -0.033441 -0.135396 0.138771
v -0.037615 -0.143713 0.125033
v -0.027330 -0.122884 0.157678
v -0.044519 -0.159454 0.110594
v -0.047858 -0.168726 0.107371
v -0.033480 -0.135371 0.149653
v -0.042548 -0.154363 0.124099
v -0.029018 -0.127219 0.176316
v -0.037780 -0.145055 0.144186
v -0.044648 -0.159648 0.122341
v -0.025906 -0.119333 0.183346
v -0.033477 -0.138159 0.175950
v -0.029248 -0.128345 0.182900
v -0.038027 -0.148868 0.161930
v -0.040619 -0.153727 0.151075
v -0.047149 -0.167199 0.122098
v -0.029247 -0.129196 0.185758
v -0.026485 -0.122304 0.186556
v -0.048867 -0.172962 0.118175
v -0.050909 -0.178606 0.106932
v -0.025672 -0.117844 0.172409
v -0.025384 -0.118584 0.152487
v -0.045276 -0.164390 0.128946
v -0.043738 -0.161567 0.139483
v -0.041299 -0.157118 0.151019
v -0.043183 -0.162696 0.141365
v -0.026237 -0.119712 0.188251
v -0.045581 -0.168410 0.128376
v -0.024740 -0.121855 0.143599
v -0.049259 -0.176755 0.115872
v -0.037296 -0.148640 0.164406
v -0.049967 -0.181004 0.103075
v -0.025885 -0.115698 0.163192
v -0.044139 -0.167102 0.133009
v -0.038484 -0.154439 0.156476
v -0.029315 -0.132274 0.184729
v -0.032779 -0.139670 0.176541
v -0.046894 -0.174487 0.120936
v -0.049105 -0.179990 0.111740
v -0.024195 -0.126078 0.188719
v -0.001067 -0.117265 -0.499424
v 0.000871 -0.112890 -0.500047
v 0.001628 -0.117537 -0.499474
v -0.000560 -0.112920 -0.500037
v 0.001628 -0.122567 -0.500051
v -0.001171 -0.123287 -0.499799
v 0.000492 -0.128568 -0.499744
v -0.000710 -0.106337 -0.499171
v 0.000236 -0.099213 -0.497866
v -0.024195 -0.126078 0.188719
v -0.029247 -0.129196 0.185758
v -0.029315 -0.132274 0.184729
v -0.025776 -0.131799 0.185309
v -0.028477 -0.137566 0.179506
v -0.032779 -0.139670 0.176541
v -0.034420 -0.146884 0.168190
v -0.032403 -0.146193 0.168916
v -0.038484 -0.154439 0.156476
v -0.037296 -0.148640 0.164406
v -0.020512 -0.127409 0.186927
v -0.027453 -0.139185 0.176423
v -0.032935 -0.149820 0.162244
v -0.023032 -0.125290 0.190403
v -0.035851 -0.154524 0.153683
v -0.040966 -0.160886 0.144642
v -0.024426 -0.136005 0.177692
v -0.039339 -0.161916 0.140560
v -0.041968 -0.166566 0.133747
v -0.040672 -0.167831 0.129301
v -0.029770 -0.145438 0.166002
v -0.019210 -0.128315 0.183724
v -0.036739 -0.159965 0.138548
v -0.035026 -0.155195 0.148849
v -0.044139 -0.167102 0.133009
v -0.045332 -0.173900 0.121814
v -0.040811 -0.169883 0.123979
v -0.046285 -0.178120 0.113431
v -0.049105 -0.179990 0.111740
v -0.048656 -0.181615 0.104049
v -0.017527 -0.128553 0.183532
v -0.043183 -0.162696 0.141365
v -0.046894 -0.174487 0.120936
v -0.041299 -0.157118 0.151019
v -0.045581 -0.168410 0.128376
v -0.049259 -0.176755 0.115872
v -0.029528 -0.143737 0.129482
v -0.033937 -0.155065 0.124023
v -0.031635 -0.146944 0.120674
v -0.036517 -0.158300 0.112001
v -0.040650 -0.168826 0.111369
v -0.037307 -0.163446 0.124373
v -0.040503 -0.170064 0.120406
v -0.032349 -0.151619 0.134798
v -0.027966 -0.142156 0.138099
v -0.026071 -0.140398 0.153918
v -0.037166 -0.162702 0.130939
v -0.043942 -0.175275 0.112552
v -0.044601 -0.175573 0.104241
v -0.040198 -0.165531 0.107389
v -0.023840 -0.135492 0.147121
v -0.023815 -0.133140 0.141812
v -0.019996 -0.129166 0.151673
v -0.019460 -0.131811 0.167417
v -0.026207 -0.137043 0.137382
v -0.028241 -0.138037 0.129948
v -0.047676 -0.180660 0.101614
v -0.033073 -0.152586 0.146611
v -0.032880 -0.151202 0.156991
v -0.026570 -0.141334 0.158984
v -0.019477 -0.131039 0.175303
v -0.046483 -0.176059 0.099578
v -0.035614 -0.154390 0.112063
v -0.022773 -0.129657 0.142496
v -0.017551 -0.130301 0.168934
v -0.017332 -0.129392 0.176919
v -0.017753 -0.129742 0.159940
v -0.018496 -0.128062 0.153548
v -0.019939 -0.125948 0.148929
v -0.022190 -0.125971 0.145486
v -0.021662 -0.124000 0.146259
v -0.047466 -0.176878 0.099302
v -0.014221 -0.129788 0.167873
v -0.015257 -0.128813 0.156382
v -0.069454 -0.073254 0.174786
v -0.068360 -0.077999 0.177278
v -0.072091 -0.074166 0.173338
v -0.068233 -0.074730 0.175815
v -0.069922 -0.069907 0.174481
v -0.072013 -0.072329 0.169927
v -0.093031 -0.008909 0.104207
v -0.091062 -0.013502 0.107000
v -0.091359 -0.015527 0.107867
v -0.087903 -0.020373 0.113651
v -0.089040 -0.020747 0.112358
v -0.087420 -0.026196 0.114963
v -0.074970 -0.003981 0.184176
v -0.071107 -0.023289 0.191495
v -0.073852 -0.037472 0.173877
v -0.076705 -0.026984 0.167173
v -0.070386 -0.010280 0.199358
v -0.070178 -0.001157 0.203719
v -0.066324 -0.004021 0.217119
v -0.072653 0.009907 0.200829
v -0.077821 0.006979 0.179953
v -0.078631 -0.007980 0.169720
v -0.084273 -0.018526 0.145494
v -0.084266 0.003711 0.158116
v -0.086290 -0.012495 0.140736
v -0.080396 -0.041282 0.149712
v -0.078647 -0.043321 0.154926
v -0.083734 -0.029123 0.142474
v -0.089552 0.002734 0.138475
v -0.089306 0.010706 0.144393
v -0.068343 0.009693 0.214190
v -0.066454 0.013526 0.222183
v -0.072690 0.021846 0.205211
v -0.085874 0.025610 0.164749
v -0.092591 0.026988 0.142045
v -0.092228 0.032737 0.146125
v -0.091510 0.036409 0.150741
v -0.087259 0.033989 0.163959
v -0.095843 0.018878 0.124412
v -0.080359 0.015587 0.177207
v -0.081333 0.027026 0.179964
v -0.083900 0.032566 0.173754
v -0.076252 0.014300 0.190750
v -0.079461 0.022323 0.184937
v -0.075802 0.028261 0.198847
v -0.077445 0.028597 0.193964
v -0.095752 0.037546 0.137966
v -0.091094 -0.003124 0.127087
v -0.064158 -0.000680 0.224207
v -0.080053 0.030854 0.185195
v -0.075480 -0.052945 0.163732
v -0.098471 0.037939 0.129814
v -0.069878 0.023177 0.213477
v -0.071998 0.025657 0.208599
v -0.098505 0.027359 0.120213
v -0.065440 -0.021577 0.216098
v -0.060796 -0.024675 0.229486
v -0.062358 -0.041987 0.220124
v -0.064492 -0.051049 0.211585
v -0.060462 -0.040225 0.226972
v -0.060462 -0.053413 0.222175
v -0.060791 -0.062106 0.218925
v -0.062830 -0.063789 0.211445
v -0.068386 -0.050741 0.196012
v -0.065587 -0.067290 0.199668
v -0.063624 -0.072828 0.204462
v -0.064481 -0.082543 0.196424
v -0.065419 -0.080511 0.194025
v -0.062218 -0.005418 0.231000
v -0.064199 0.014573 0.229731
v -0.060584 -0.013771 0.233348
v -0.068444 -0.064668 0.187311
v -0.069862 -0.055226 0.186422
v -0.072577 -0.060069 0.173213
v -0.071745 -0.050892 0.180111
v -0.068260 0.022343 0.216500
v -0.060929 -0.003989 0.238379
v -0.081858 -0.040804 0.142695
v -0.074842 -0.060395 0.160696
v -0.099780 0.037831 0.122562
v -0.064527 0.013055 0.226729
v -0.088455 -0.015350 0.127333
v -0.087630 -0.018772 0.127740
v -0.085457 -0.029052 0.130294
v -0.078269 -0.053275 0.146810
v -0.079928 -0.046628 0.145708
v -0.094947 0.004118 0.113219
v -0.098045 0.016405 0.110322
v -0.063339 -0.078545 0.204488
v -0.063137 0.005137 0.238090
v -0.083242 0.033827 0.178591
v -0.067698 0.020161 0.222157
v -0.076470 -0.057733 0.152108
v -0.072438 -0.065983 0.166028
v -0.071747 -0.069754 0.167775
v -0.062071 -0.071102 0.215306
v -0.060671 -0.067226 0.219935
v -0.083668 -0.033645 0.137277
v -0.100323 0.034671 0.114711
v -0.100204 0.023507 0.101090
v -0.102482 0.035502 0.097110
v -0.103326 0.038429 0.099810
v -0.066641 -0.077278 0.187437
v -0.076128 -0.060559 0.154293
v -0.064413 0.016489 0.228276
v -0.091644 -0.006200 0.116722
v -0.062833 0.003883 0.234067
v -0.073686 0.026148 0.206721
v -0.098649 0.015232 0.099671
v -0.091805 -0.008791 0.106736
v -0.095921 0.006772 0.106978
v -0.094484 -0.001523 0.101287
v -0.095088 -0.003089 0.099522
v -0.095958 0.005881 0.097650
v -0.086108 -0.027164 0.118415
v -0.085279 -0.032267 0.120949
v -0.083945 -0.032991 0.124711
v -0.057072 -0.012687 0.241148
v -0.058540 -0.008382 0.241759
v -0.059787 -0.004173 0.241004
v -0.059491 -0.003103 0.246639
v -0.060353 0.001067 0.244147
v -0.100068 0.022147 0.090386
v -0.102346 0.031301 0.087505
v -0.101567 0.024603 0.087489
v -0.102864 0.034610 0.091598
v -0.080606 -0.045045 0.136523
v -0.079971 -0.049870 0.138609
v -0.095982 0.006985 0.100054
v -0.098643 0.013130 0.093717
v -0.099401 0.020376 0.090846
v -0.057996 -0.064638 0.225255
v -0.056643 -0.055781 0.227491
v -0.056787 -0.061904 0.229544
v -0.055993 -0.059763 0.233656
v -0.068214 -0.080752 0.187970
v -0.083654 -0.034474 0.121343
v -0.082212 -0.039845 0.131646
v -0.083127 -0.038667 0.126643
v -0.082386 -0.043846 0.132418
v -0.064209 0.012276 0.236206
v -0.062194 -0.074600 0.218261
v -0.060926 -0.070139 0.221177
v -0.060314 -0.070629 0.225672
v -0.054368 -0.050429 0.232711
v -0.055837 -0.049032 0.228903
v -0.056467 -0.045711 0.228756
v -0.094781 0.037844 0.144518
v -0.093603 0.036854 0.147484
v -0.058423 -0.011568 0.245375
v -0.099595 0.016193 0.091319
v -0.067453 -0.079960 0.186745
v -0.054732 -0.054337 0.237583
v -0.088202 0.035570 0.163502
v -0.090219 0.036519 0.157432
v -0.079956 0.031574 0.187995
v -0.061619 -0.002438 0.241370
v -0.054056 -0.045356 0.232522
v -0.053569 -0.049617 0.236407
v -0.057942 -0.040362 0.228580
v -0.063918 -0.081760 0.205682
v -0.055511 -0.019997 0.237056
v -0.054431 -0.019163 0.241066
v -0.076231 -0.062789 0.157195
v -0.074553 -0.065975 0.163089
v -0.066326 0.016847 0.225910
v -0.063898 -0.079688 0.209503
v -0.053944 -0.050824 0.242039
v -0.079876 -0.053379 0.142364
v -0.055652 -0.024954 0.235168
v -0.056526 -0.027352 0.232425
v -0.054768 -0.035914 0.232418
v -0.078992 -0.057504 0.149822
v -0.058060 -0.016228 0.245767
v -0.056401 -0.020009 0.245509
v -0.058296 -0.032121 0.229718
v -0.054431 -0.040699 0.231604
v -0.075084 0.027846 0.204881
v -0.060038 -0.004005 0.248552
v -0.081692 -0.047567 0.136770
v -0.084886 0.033790 0.174543
v -0.063647 0.004175 0.239948
v -0.059903 -0.014761 0.247634
v -0.078694 0.029492 0.195338
v -0.084002 -0.042355 0.129491
v -0.052573 -0.050117 0.245578
v -0.060314 -0.070629 0.225672
v -0.062163 -0.070577 0.229070
v -0.064171 -0.073502 0.226087
v -0.062413 -0.072943 0.224782
v -0.059433 -0.068929 0.230052
v -0.062194 -0.074600 0.218261
v -0.059570 -0.067390 0.233042
v -0.064084 -0.077291 0.219178
v -0.063898 -0.079688 0.209503
v -0.060926 -0.070139 0.221177
v -0.056787 -0.061904 0.229544
v -0.057996 -0.064638 0.225255
v -0.055993 -0.059763 0.233656
v -0.059686 -0.064941 0.236011
v -0.058575 -0.062303 0.237496
v -0.056145 -0.058360 0.237687
v -0.054732 -0.054337 0.237583
v -0.058324 -0.057841 0.241788
v -0.053944 -0.050824 0.242039
v -0.059665 -0.060678 0.240428
v -0.059957 -0.056400 0.244247
v -0.056377 -0.049403 0.245150
v 0.043213 -0.165457 0.104318
v 0.041246 -0.165120 0.103607
v 0.040075 -0.158432 0.107646
v 0.043055 -0.168862 0.101154
v 0.041918 -0.156465 0.110626
v 0.036855 -0.147099 0.115959
v 0.041587 -0.153473 0.113502
v 0.037634 -0.145230 0.118797
v 0.046408 -0.173361 0.100788
v 0.047410 -0.178631 0.098260
v 0.045087 -0.165134 0.109163
v 0.041566 -0.151812 0.117963
v 0.037896 -0.143740 0.124600
v 0.034939 -0.139536 0.124794
v 0.044544 -0.160399 0.116050
v 0.049192 -0.179064 0.104360
v 0.033345 -0.134451 0.141548
v 0.031446 -0.132718 0.135745
v 0.048858 -0.175702 0.114798
v 0.037705 -0.143297 0.134773
v 0.041690 -0.153549 0.133943
v 0.034015 -0.136701 0.153582
v 0.029743 -0.127186 0.154900
v 0.031492 -0.131690 0.166549
v 0.037702 -0.145535 0.150389
v 0.040014 -0.153104 0.153641
v 0.037174 -0.146798 0.162014
v 0.044217 -0.162489 0.137245
v 0.045758 -0.165890 0.125752
v 0.032738 -0.137518 0.175909
v 0.030357 -0.130998 0.179425
v 0.026049 -0.117644 0.166270
v 0.026195 -0.118124 0.173492
v 0.026271 -0.120493 0.187176
v 0.026633 -0.120611 0.155788
v 0.041399 -0.156898 0.149276
v 0.028336 -0.126462 0.146978
v 0.029997 -0.132892 0.183742
v 0.046060 -0.169222 0.127732
v 0.031026 -0.130542 0.143607
v 0.049416 -0.180955 0.104565
v 0.025128 -0.119397 0.149850
v 0.025953 -0.122359 0.190104
v 0.025834 -0.115313 0.161021
v 0.037143 -0.149919 0.163475
v 0.034425 -0.143846 0.171621
v 0.025318 -0.122505 0.149212
v 0.048796 -0.179294 0.111692
v 0.029087 -0.129565 0.140899
v 0.040636 -0.157983 0.149927
v 0.042741 -0.162883 0.141596
v 0.044578 -0.167260 0.133195
v 0.032443 -0.141114 0.175430
v 0.026589 -0.126621 0.144150
v 0.026166 -0.127436 0.189183
v 0.046110 -0.171781 0.125161
v 0.046815 -0.174986 0.120166
v 0.023054 -0.122764 0.147804
v 0.030100 -0.136894 0.180636
v -0.000309 -0.248349 -0.105008
v 0.000461 -0.246658 -0.114113
v 0.001088 -0.248202 -0.103483
v 0.000126 -0.245822 -0.093114
v -0.000568 -0.226515 -0.124327
v 0.000645 -0.226744 -0.124573
v 0.000272 -0.239537 -0.121568
v -0.001448 -0.218584 -0.125123
v 0.000487 -0.122778 -0.469941
v -0.001074 -0.123723 -0.471889
v -0.000174 -0.126520 -0.474069
v -0.000262 -0.118330 -0.461635
v 0.075725 -0.061624 0.156335
v 0.077836 -0.061840 0.157878
v 0.075817 -0.066080 0.161169
v 0.076302 -0.060014 0.152343
v 0.079794 -0.057562 0.152750
v 0.077697 -0.057339 0.150553
v 0.080952 -0.055202 0.151295
v 0.079922 -0.053486 0.141968
v 0.076845 -0.066681 0.167234
v 0.073719 -0.068927 0.166327
v 0.075236 -0.069678 0.168878
v 0.071883 -0.072529 0.169235
v 0.071980 -0.074414 0.172641
v 0.082945 -0.048302 0.140826
v 0.081673 -0.048490 0.137495
v 0.083574 -0.044717 0.133741
v 0.073319 -0.073457 0.180742
v 0.069483 -0.076554 0.178104
v 0.070290 -0.077603 0.181825
v 0.068189 -0.078277 0.177255
v 0.069594 -0.078615 0.190683
v 0.080033 -0.058803 0.163315
v 0.085212 -0.041480 0.135193
v 0.084088 -0.040881 0.129342
v 0.086448 -0.033775 0.123223
v 0.069120 -0.078072 0.199832
v 0.068005 -0.080853 0.192846
v 0.067347 -0.081281 0.197862
v 0.064415 -0.081780 0.207737
v 0.065857 -0.079096 0.209334
v 0.064062 -0.083667 0.199099
v 0.063707 -0.080187 0.210663
v 0.063945 -0.077655 0.218385
v 0.064317 -0.083393 0.191988
v 0.066668 -0.080557 0.190441
v -0.000201 -0.106658 -0.200502
v 0.001060 -0.108833 -0.194750
v -0.001268 -0.109293 -0.194936
v -0.000144 -0.114500 -0.192894
v 0.007888 -0.095758 -0.147738
v 0.007663 -0.118470 -0.126661
v 0.005819 -0.121504 -0.149931
v 0.006280 -0.102400 -0.163157
v 0.007703 -0.082057 -0.166875
v 0.009551 -0.084640 -0.127255
v 0.009037 -0.079587 -0.141298
v 0.010045 -0.097573 -0.098208
v 0.008855 -0.115402 -0.098793
v 0.006820 -0.148216 -0.105379
v 0.009996 -0.088971 -0.110110
v 0.005329 -0.151120 -0.128460
v 0.007019 -0.128574 -0.128893
v 0.005357 -0.160647 -0.119438
v 0.005990 -0.166720 -0.100739
v 0.009637 -0.109094 -0.080572
v 0.007275 -0.147278 -0.082931
v 0.009770 -0.079599 -0.123501
v 0.009425 -0.071693 -0.135357
v 0.003487 -0.191196 -0.113777
v 0.004368 -0.189223 -0.097328
v 0.002178 -0.195274 -0.126154
v 0.002454 -0.182145 -0.134870
v 0.000629 -0.212002 -0.133247
v 0.002139 -0.213304 -0.116212
v 0.003041 -0.210948 -0.098139
v 0.002050 -0.229387 -0.101347
v 0.001311 -0.216683 -0.125327
v 0.001376 -0.232956 -0.120950
v 0.009000 -0.065854 -0.151041
v 0.009297 -0.064530 -0.146868
v 0.007118 -0.074968 -0.182990
v 0.007794 -0.138418 -0.075515
v 0.009475 -0.113547 -0.071492
v 0.008879 -0.123051 -0.056274
v 0.001440 -0.242576 -0.115210
v 0.001088 -0.248202 -0.103483
v 0.003717 -0.198985 -0.088636
v 0.004291 -0.185204 -0.077848
v 0.005337 -0.173403 -0.077364
v 0.006427 -0.156502 -0.080459
v 0.003313 -0.146444 -0.153004
v 0.004040 -0.115890 -0.174271
v 0.004314 -0.106516 -0.180083
v 0.003412 -0.131612 -0.164608
v 0.002849 -0.157784 -0.149594
v 0.001843 -0.177744 -0.142621
v 0.003898 -0.101777 -0.188379
v 0.003798 -0.091585 -0.201731
v 0.004574 -0.074971 -0.214896
v 0.006131 -0.070766 -0.197579
v 0.005317 -0.062806 -0.209775
v 0.004179 -0.058740 -0.225159
v 0.003629 -0.063986 -0.230475
v 0.000644 -0.193511 -0.141476
v 0.000608 -0.201708 -0.137948
v 0.007299 -0.060906 -0.175652
v 0.008311 -0.060068 -0.158386
v 0.005020 -0.058617 -0.210872
v 0.003689 -0.074134 -0.221848
v 0.002991 -0.117207 -0.179019
v 0.000968 -0.244310 -0.117197
v 0.007084 -0.140030 -0.061743
v 0.008038 -0.127596 -0.047422
v 0.002203 -0.213959 -0.087305
v 0.000446 -0.238976 -0.086970
v 0.005629 -0.149940 -0.056627
v 0.005275 -0.160006 -0.065657
v 0.006177 -0.138225 -0.045073
v 0.006782 -0.130953 -0.037077
v 0.002374 -0.058594 -0.238115
v 0.001973 -0.060729 -0.241467
v 0.002173 -0.145352 -0.160034
v 0.002677 -0.197254 -0.075995
v 0.000372 -0.231728 -0.081873
v 0.007126 -0.055051 -0.169317
v 0.000612 -0.218013 -0.127889
v 0.001071 -0.186683 -0.053725
v 0.000319 -0.203891 -0.062036
v 0.000220 -0.218539 -0.071808
v 0.000645 -0.226744 -0.124573
v 0.000268 -0.196297 -0.055574
v 0.000284 -0.183802 -0.146230
v 0.000465 -0.173398 -0.040752
v 0.002122 -0.152333 -0.036257
v 0.004320 -0.140713 -0.037919
v 0.000126 -0.245822 -0.093114
v 0.002293 -0.102759 -0.196483
v 0.000230 -0.182017 -0.045599
v 0.010789 -0.102683 -0.085816
v 0.002313 -0.076209 -0.226118
v 0.002246 -0.088399 -0.212673
v 0.000299 -0.163213 -0.156351
v 0.000231 -0.170137 -0.152903
v 0.002257 -0.138316 -0.023951
v 0.004566 -0.134244 -0.030919
v 0.000195 -0.155238 -0.027160
v 0.000078 -0.162255 -0.031341
v 0.000055 -0.173182 -0.038906
v 0.004138 -0.054797 -0.213508
v 0.005342 -0.054735 -0.194023
v 0.005210 -0.049994 -0.180605
v 0.000046 -0.189239 -0.051054
v -0.000004 -0.134942 -0.175499
v 0.000133 -0.142019 -0.169238
v 0.000774 -0.068113 -0.237986
v 0.000272 -0.239537 -0.121568
v 0.000092 -0.159560 -0.159018
v 0.000757 -0.148089 -0.163541
v 0.000062 -0.150289 -0.023307
v 0.000556 -0.142200 -0.019960
v 0.002126 -0.135738 -0.019796
v 0.010621 -0.090839 -0.104723
v 0.010620 -0.097130 -0.096013
v -0.000001 -0.146291 -0.166161
v 0.000461 -0.246658 -0.114113
v 0.010491 -0.081203 -0.118776
v 0.010467 -0.072707 -0.130536
v -0.000149 -0.119105 -0.188424
v 0.000075 -0.122742 -0.184984
v -0.000074 -0.126195 -0.182048
v 0.000025 -0.128854 -0.179386
v -0.000186 -0.100495 -0.206641
v 0.006709 -0.051708 -0.174091
v 0.002869 -0.050066 -0.202467
v -0.000227 -0.065630 -0.243197
v 0.000261 -0.062044 -0.245630
v 0.000185 -0.058681 -0.247451
v 0.005133 -0.045449 -0.186004
v 0.001070 -0.056852 -0.238924
v 0.000328 -0.090364 -0.215970
v -0.000188 -0.096479 -0.210656
v -0.000066 -0.084345 -0.223433
v -0.000054 -0.080383 -0.227542
v 0.000037 -0.075998 -0.231791
v 0.000060 -0.071821 -0.235939
v 0.002834 -0.052929 -0.217554
v 0.003063 -0.047115 -0.188460
v 0.005436 -0.132770 -0.025352
v 0.010407 -0.117093 -0.061746
v 0.010570 -0.108888 -0.076034
v 0.009906 -0.122656 -0.052758
v 0.008993 -0.056544 -0.161602
v 0.010341 -0.060422 -0.151455
v 0.002212 -0.045291 -0.190742
v -0.000245 -0.044814 -0.200305
v 0.001695 -0.040825 -0.201708
v -0.000127 -0.140304 -0.017958
v 0.001010 -0.135662 -0.016644
v 0.000885 -0.047039 -0.201571
v 0.008582 -0.053076 -0.169107
v 0.000841 -0.053279 -0.228179
v 0.009971 -0.126580 -0.044554
v -0.000220 -0.048498 -0.211815
v -0.000344 -0.091924 -0.215375
v -0.000386 -0.088142 -0.219416
v -0.000525 -0.148142 -0.163490
v 0.000245 0.035719 -0.434542
v 0.000599 0.031203 -0.428359
v -0.000313 0.030999 -0.428199
v 0.000011 0.017291 -0.422608
v -0.073851 -0.069221 0.167294
v -0.071747 -0.069754 0.167775
v -0.072013 -0.072329 0.169927
v -0.072438 -0.065983 0.166028
v -0.074553 -0.065975 0.163089
v -0.054431 -0.019163 0.241066
v -0.056401 -0.020009 0.245509
v -0.053775 -0.020068 0.246085
v -0.100995 0.037715 0.122533
v -0.098502 0.037862 0.134009
v -0.098471 0.037939 0.129814
v -0.099780 0.037831 0.122562
v -0.102591 0.038692 0.112080
v -0.095752 0.037546 0.137966
v -0.096628 0.037410 0.139098
v -0.094781 0.037844 0.144518
v -0.103326 0.038429 0.099810
v 0.000245 0.053087 -0.450706
v 0.000793 0.047840 -0.443370
v -0.000317 0.045463 -0.440961
v 0.061356 0.002505 0.241418
v 0.059646 0.001594 0.241884
v 0.059999 0.001365 0.248233
v 0.060937 0.001358 0.238918
v 0.000818 0.155446 -0.499328
v -0.000646 0.156516 -0.493717
v 0.000597 0.156291 -0.490689
v -0.000039 0.155881 -0.485417
v -0.000468 0.155118 -0.499254
v -0.000227 -0.065630 -0.243197
v 0.000774 -0.068113 -0.237986
v -0.001293 -0.068343 -0.238226
v 0.000060 -0.071821 -0.235939
v -0.001614 -0.072374 -0.233944
v 0.000037 -0.075998 -0.231791
v -0.001571 -0.076894 -0.229637
v -0.000054 -0.080383 -0.227542
v -0.001114 -0.081190 -0.225546
v -0.000066 -0.084345 -0.223433
v -0.001496 -0.084800 -0.221151
v -0.000386 -0.088142 -0.219416
v 0.067487 0.017000 0.227560
v 0.064606 0.013562 0.231766
v 0.067049 0.013926 0.228616
v 0.086878 -0.018026 0.152402
v 0.085384 -0.010174 0.160642
v 0.081271 -0.044144 0.166260
v 0.080123 -0.003759 0.179899
v 0.076423 -0.004526 0.192588
v 0.077314 -0.057201 0.178574
v 0.073261 -0.037104 0.199086
v 0.072331 -0.062743 0.197573
v 0.071298 -0.010034 0.210954
v 0.071872 0.004638 0.212659
v 0.070604 -0.045546 0.208986
v 0.068224 -0.037267 0.218964
v 0.065942 -0.055464 0.224101
v 0.065151 -0.070352 0.222796
v 0.062524 -0.061309 0.235537
v 0.063083 -0.050506 0.236279
v 0.061254 -0.056612 0.241035
v 0.078221 -0.062905 0.172304
v 0.084062 -0.042233 0.153982
v 0.088333 -0.027199 0.140498
v 0.068937 -0.071671 0.207264
v 0.072463 -0.071892 0.192308
v 0.078461 0.019115 0.194302
v 0.079002 0.029743 0.195852
v 0.075953 0.019579 0.203432
v 0.081869 0.033489 0.186114
v 0.063872 -0.069601 0.227518
v 0.065709 -0.008779 0.229284
v 0.064603 -0.027798 0.231457
v 0.060845 -0.047829 0.244756
v 0.060725 -0.054907 0.244245
v 0.084695 0.029156 0.177447
v 0.090054 0.027318 0.159571
v 0.088413 0.035020 0.165939
v 0.084975 0.033750 0.176464
v 0.091780 0.006114 0.145238
v 0.095968 0.033222 0.141850
v 0.091382 0.035863 0.156958
v 0.095804 0.018229 0.135597
v 0.094140 0.002193 0.132801
v 0.069509 0.014118 0.221466
v 0.073689 0.020432 0.210232
v 0.071501 0.020922 0.217658
v 0.099334 0.034183 0.130959
v 0.094308 0.037318 0.147369
v 0.103031 0.031024 0.113266
v 0.099134 0.018860 0.122319
v 0.102967 0.038469 0.116542
v 0.061823 -0.011845 0.240413
v 0.062064 -0.002837 0.240516
v 0.063160 0.009199 0.239573
v 0.063996 0.012758 0.236519
v 0.065190 0.013385 0.233122
v 0.060830 -0.030940 0.244157
v 0.060706 -0.020483 0.244861
v 0.060041 -0.018317 0.247693
v 0.059999 0.001365 0.248233
v 0.100627 0.037844 0.125548
v 0.099128 0.038346 0.130465
v 0.072022 0.023268 0.215472
v 0.067449 -0.076439 0.209240
v 0.101974 0.021693 0.110342
v 0.096072 0.000050 0.120355
v 0.091222 -0.016445 0.132317
v 0.069317 0.018502 0.220846
v 0.104881 0.037468 0.101578
v 0.105619 0.034773 0.095884
v 0.069120 -0.078072 0.199832
v 0.061356 0.002505 0.241418
v 0.102595 0.017957 0.099855
v 0.080033 -0.058803 0.163315
v 0.083745 -0.046873 0.149673
v 0.073391 0.023424 0.209843
v 0.075971 0.027434 0.204002
v 0.076616 0.027126 0.201060
v 0.058272 -0.025762 0.247386
v 0.064952 -0.074599 0.219296
v 0.087632 -0.033297 0.136065
v 0.096007 -0.002592 0.115995
v 0.098825 0.004132 0.104912
v 0.072320 0.024535 0.212350
v 0.092727 -0.014210 0.121536
v 0.089328 -0.026729 0.127711
v 0.095787 -0.004910 0.107084
v 0.073319 -0.073457 0.180742
v 0.104966 0.031834 0.091887
v 0.063945 -0.077655 0.218385
v 0.091926 -0.017066 0.117187
v 0.093380 -0.011095 0.108333
v 0.102767 0.021333 0.090185
v 0.085212 -0.041480 0.135193
v 0.099795 0.008277 0.097174
v 0.062142 -0.065505 0.233276
v 0.080952 -0.055202 0.151295
v 0.076845 -0.066681 0.167234
v 0.059753 -0.060469 0.240823
v 0.063081 -0.073622 0.223787
v 0.075236 -0.069678 0.168878
v 0.082945 -0.048302 0.140826
v 0.065857 -0.079096 0.209334
v 0.086448 -0.033775 0.123223
v 0.089508 -0.022886 0.116219
v 0.091479 -0.016000 0.107935
v 0.102711 0.024141 0.087099
v 0.062090 -0.069878 0.229828
v 0.059982 -0.065064 0.236237
v 0.093269 -0.008961 0.103863
v 0.096339 -0.000937 0.100356
v 0.087463 -0.027435 0.116343
v 0.103406 0.030987 0.087840
v 0.089483 -0.020024 0.111743
v 0.102309 0.038925 0.115858
v 0.058477 -0.062238 0.237798
v 0.000651 -0.111645 -0.455294
v -0.001258 -0.112061 -0.455674
v -0.000329 -0.114615 -0.457112
v -0.000151 -0.109236 -0.449905
v -0.000157 0.000347 -0.423685
v 0.000359 0.002484 -0.423651
v -0.002233 -0.014135 -0.424208
v 0.000011 0.017291 -0.422608
v -0.078992 -0.057504 0.149822
v -0.076128 -0.060559 0.154293
v -0.076231 -0.062789 0.157195
v -0.077215 -0.065442 0.163874
v -0.074553 -0.065975 0.163089
v -0.073851 -0.069221 0.167294
v -0.078924 -0.061850 0.158156
v -0.079990 -0.058974 0.155178
v -0.077984 -0.065438 0.167974
v -0.074858 -0.070534 0.170375
v -0.072013 -0.072329 0.169927
v -0.072091 -0.074166 0.173338
v -0.082239 -0.054430 0.152749
v -0.082150 -0.053717 0.147572
v 0.000677 0.229127 -0.131267
v -0.000211 0.229599 -0.131043
v 0.000160 0.223583 -0.122058
v -0.000054 0.236140 -0.139808
v 0.000243 0.218681 -0.115244
v 0.000953 0.209536 -0.103772
v 0.000168 0.213337 -0.106737
v -0.000160 0.207417 -0.098975
v 0.000287 0.199498 -0.088810
v 0.000868 0.193491 -0.082962
v 0.001090 0.232091 -0.137883
v -0.000100 0.241479 -0.148491
v 0.000757 0.240235 -0.150627
v -0.000189 0.245768 -0.156590
v 0.000410 0.248298 -0.165218
v 0.001580 0.214659 -0.117337
v 0.001457 0.201550 -0.097611
v 0.001483 0.179187 -0.072555
v 0.000682 0.170244 -0.060282
v 0.002074 0.187505 -0.113069
v 0.002097 0.165946 -0.093681
v 0.001691 0.154038 -0.066683
v 0.001981 0.204631 -0.140264
v 0.001190 0.236114 -0.154164
v 0.000730 0.246938 -0.177067
v 0.002282 0.155960 -0.112709
v 0.001931 0.132891 -0.085573
v 0.001686 0.140673 -0.065123
v 0.002263 0.164743 -0.144556
v 0.002137 0.163836 -0.161893
v 0.001959 0.124063 -0.176457
v 0.001969 0.077380 -0.185767
v 0.002241 0.101534 -0.141244
v 0.002131 0.075170 -0.163613
v 0.002212 0.114874 -0.122093
v 0.002162 0.127340 -0.114260
v 0.001025 0.213420 -0.182188
v 0.001384 0.192883 -0.176800
v 0.001599 0.157441 -0.056734
v 0.001405 0.151628 -0.187893
v 0.001121 0.128893 -0.197747
v 0.001144 0.106402 -0.206048
v 0.001221 0.117946 -0.201056
v 0.001160 0.092545 -0.210347
v 0.001152 0.076286 -0.221320
v 0.001526 0.063393 -0.207171
v 0.001326 0.065181 -0.225397
v 0.001849 0.123113 -0.095887
v 0.001967 0.128747 -0.080176
v 0.001874 0.124240 -0.086190
v 0.001951 0.118954 -0.093603
v 0.001960 0.067078 -0.167503
v 0.002154 0.068604 -0.152649
v 0.001904 0.075711 -0.145292
v 0.001868 0.080871 -0.139512
v 0.001722 0.098415 -0.122993
v 0.001911 0.091112 -0.133780
v 0.001688 0.104363 -0.113039
v 0.001625 0.107955 -0.109007
v 0.001689 0.114860 -0.100011
v 0.001657 0.134881 -0.072262
v 0.001892 0.063767 -0.159522
v 0.002110 0.087548 -0.131877
v 0.001935 0.097637 -0.121013
v 0.000991 0.176974 -0.185620
v 0.001687 0.062661 -0.174752
v 0.002274 0.147775 -0.056402
v 0.000388 0.229759 -0.184496
v 0.000375 0.248473 -0.184107
v 0.000938 0.148243 -0.193221
v 0.000300 0.171891 -0.188960
v 0.001222 0.154025 -0.050736
v 0.000446 0.056430 -0.197469
v 0.000533 0.194696 -0.186003
v 0.000491 0.059941 -0.167993
v 0.001031 0.155923 -0.046905
v 0.000313 0.059406 -0.211262
v 0.000132 0.094858 -0.213508
v 0.000111 0.086868 -0.217505
v 0.000624 0.057772 -0.168985
v -0.000233 0.193254 -0.186501
v 0.000185 0.176409 -0.063906
v 0.000284 0.164557 -0.054716
v 0.000622 0.058602 -0.181665
v -0.000173 0.157158 -0.048021
v 0.000646 0.081049 -0.219804
v 0.000076 0.065711 -0.228924
v 0.000298 0.123330 -0.201978
v -0.000107 0.141559 -0.197309
v -0.000027 0.109669 -0.207295
v 0.000043 0.189006 -0.075614
v -0.000142 0.056566 -0.183421
v -0.000214 0.155956 -0.193701
v 0.000110 0.075381 -0.224206
v -0.000164 0.057613 -0.207767
v 0.000090 0.064290 -0.227421
v -0.000161 0.195921 -0.084565
v -0.000270 0.172941 -0.189178
v -0.000278 0.169297 -0.058746
v -0.000428 0.056166 -0.195370
v -0.047466 -0.176878 0.099302
v -0.047676 -0.180660 0.101614
v -0.049967 -0.181004 0.103075
v -0.050005 -0.177387 0.102202
v -0.048656 -0.181615 0.104049
v -0.049105 -0.179990 0.111740
v 0.101209 0.020683 0.090101
v 0.102767 0.021333 0.090185
v 0.099521 0.013338 0.091775
v 0.102711 0.024141 0.087099
v 0.099326 0.009266 0.094691
v 0.097357 0.006292 0.096874
v 0.099795 0.008277 0.097174
v 0.095435 -0.000868 0.098905
v 0.096339 -0.000937 0.100356
v 0.093269 -0.008961 0.103863
v 0.104966 0.031834 0.091887
v 0.103406 0.030987 0.087840
v 0.103494 0.033685 0.092395
v 0.105619 0.034773 0.095884
v 0.104881 0.037468 0.101578
v -0.000046 -0.049254 -0.460669
v 0.000535 -0.050249 -0.460997
v -0.000073 -0.054835 -0.465716
v 0.000071 -0.044068 -0.455961
v 0.001710 -0.072287 -0.476331
v 0.002078 -0.048436 -0.453562
v 0.000056 -0.060773 -0.471102
v 0.000001 -0.066246 -0.476514
v 0.000193 -0.040449 -0.452181
v 0.000043 -0.072718 -0.480848
v 0.000246 -0.032670 -0.446201
v 0.001873 -0.086550 -0.485041
v -0.000059 -0.079641 -0.484275
v -0.000139 -0.082486 -0.486601
v 0.000275 -0.086039 -0.489247
v -0.091510 0.036409 0.150741
v -0.093603 0.036854 0.147484
v -0.090219 0.036519 0.157432
v -0.060602 -0.016398 0.245083
v -0.058060 -0.016228 0.245767
v -0.059903 -0.014761 0.247634
v -0.053775 -0.020068 0.246085
v -0.056401 -0.020009 0.245509
v -0.056807 -0.024015 0.247166
v -0.060759 -0.021235 0.244088
v -0.058189 -0.029072 0.247361
v -0.055419 -0.028117 0.248139
v -0.056289 -0.042795 0.246882
v -0.056377 -0.049403 0.245150
v -0.052573 -0.050117 0.245578
v -0.060917 -0.048841 0.244519
v -0.053945 -0.037676 0.248167
v -0.057389 -0.036464 0.247403
v -0.059957 -0.056400 0.244247
v -0.060685 -0.039728 0.244401
v -0.053944 -0.050824 0.242039
v -0.055511 -0.019997 0.237056
v -0.054706 -0.027146 0.234484
v -0.055652 -0.024954 0.235168
v -0.054768 -0.035914 0.232418
v -0.054166 -0.020240 0.236565
v -0.000986 -0.135750 -0.016068
v -0.000127 -0.140304 -0.017958
v 0.001010 -0.135662 -0.016644
v -0.088202 0.035570 0.163502
v -0.086407 0.034043 0.172464
v -0.084886 0.033790 0.174543
v -0.071998 0.025657 0.208599
v -0.073686 0.026148 0.206721
v -0.070935 0.023729 0.215370
v -0.069878 0.023177 0.213477
v -0.068260 0.022343 0.216500
v -0.067698 0.020161 0.222157
v 0.000629 -0.212002 -0.133247
v 0.000612 -0.218013 -0.127889
v -0.000402 -0.218319 -0.127982
v 0.000645 -0.226744 -0.124573
v -0.001448 -0.218584 -0.125123
v -0.000484 -0.213286 -0.131307
v -0.000065 -0.202953 -0.136457
v 0.000608 -0.201708 -0.137948
v -0.000219 -0.194937 -0.139777
v 0.000644 -0.193511 -0.141476
v 0.062142 -0.065505 0.233276
v 0.059071 -0.066224 0.233409
v 0.060018 -0.068861 0.232305
v 0.062090 -0.069878 0.229828
v 0.059983 -0.071005 0.229091
v 0.063081 -0.073622 0.223787
v 0.059982 -0.065064 0.236237
v 0.079002 0.029743 0.195852
v 0.079584 0.031594 0.190999
v 0.076616 0.027126 0.201060
v 0.081869 0.033489 0.186114
v 0.058477 -0.062238 0.237798
v 0.059071 -0.066224 0.233409
v 0.059982 -0.065064 0.236237
v 0.053583 -0.055107 0.239344
v 0.059753 -0.060469 0.240823
v 0.057866 -0.057627 0.242117
v 0.054115 -0.053973 0.242280
v 0.059266 -0.055448 0.244647
v 0.052825 -0.052003 0.243618
v 0.052449 -0.054810 0.241090
v -0.100068 0.022147 0.090386
v -0.099595 0.016193 0.091319
v -0.101512 0.022437 0.090509
v -0.099401 0.020376 0.090846
v -0.101567 0.024603 0.087489
v -0.070935 0.023729 0.215370
v -0.068008 0.019048 0.223617
v -0.067698 0.020161 0.222157
v -0.066326 0.016847 0.225910
v -0.067604 0.015429 0.225725
v -0.065463 0.013606 0.229916
v -0.064413 0.016489 0.228276
v -0.064199 0.014573 0.229731
v -0.064209 0.012276 0.236206
v -0.000132 -0.090301 -0.492482
v 0.000275 -0.086039 -0.489247
v 0.000236 -0.099213 -0.497866
v -0.000139 -0.082486 -0.486601
v 0.000272 -0.239537 -0.121568
v 0.000968 -0.244310 -0.117197
v -0.000484 -0.243332 -0.118112
v 0.000461 -0.246658 -0.114113
v 0.000284 0.164557 -0.054716
v -0.000524 0.163707 -0.054396
v -0.000173 0.157158 -0.048021
v -0.000278 0.169297 -0.058746
v -0.001328 0.168172 -0.060630
v -0.001154 0.184498 -0.073846
v 0.000185 0.176409 -0.063906
v 0.000043 0.189006 -0.075614
v -0.000161 0.195921 -0.084565
v -0.001350 0.193295 -0.085634
v 0.000287 0.199498 -0.088810
v -0.000160 0.207417 -0.098975
v -0.001787 0.199298 -0.096467
v -0.001072 0.212520 -0.109592
v -0.002093 0.174781 -0.072009
v -0.001497 0.219744 -0.123885
v -0.002239 0.186896 -0.088912
v -0.000896 0.225158 -0.127044
v -0.001592 0.231959 -0.140641
v -0.001900 0.167277 -0.065230
v -0.000975 0.238175 -0.145225
v -0.001428 0.244498 -0.159587
v -0.002186 0.205942 -0.119699
v -0.002198 0.214246 -0.136697
v -0.002219 0.219101 -0.153976
v -0.002572 0.187331 -0.112181
v -0.002670 0.193012 -0.142697
v -0.002135 0.147397 -0.068519
v -0.001217 0.245896 -0.178192
v -0.000562 0.248096 -0.163659
v -0.000231 0.248650 -0.183536
v -0.001073 0.218895 -0.182631
v -0.001671 0.194527 -0.182830
v -0.000287 0.220884 -0.184702
v -0.000233 0.193254 -0.186501
v -0.001256 0.179391 -0.186130
v -0.000270 0.172941 -0.189178
v -0.000189 0.245768 -0.156590
v -0.000100 0.241479 -0.148491
v 0.000168 0.213337 -0.106737
v -0.000211 0.229599 -0.131043
v 0.000243 0.218681 -0.115244
v 0.000160 0.223583 -0.122058
v -0.000054 0.236140 -0.139808
v -0.102864 0.034610 0.091598
v -0.103558 0.034331 0.091627
v -0.103819 0.035865 0.098097
v -0.102346 0.031301 0.087505
v -0.080866 -0.031800 0.171229
v -0.084752 -0.015175 0.161607
v -0.085654 -0.029751 0.152550
v -0.079084 -0.054057 0.172570
v -0.083570 -0.049475 0.152542
v -0.086991 -0.034056 0.143280
v -0.081108 -0.056793 0.160574
v -0.078633 -0.063283 0.170585
v -0.089498 -0.017972 0.140866
v -0.087718 -0.003262 0.155346
v -0.092500 -0.003763 0.135749
v -0.070514 -0.075075 0.201448
v -0.074889 -0.071860 0.182977
v -0.071408 -0.058687 0.202617
v -0.064527 -0.069371 0.227957
v -0.075058 -0.035529 0.192141
v -0.067365 -0.040675 0.221949
v -0.070915 -0.010497 0.211588
v -0.077111 -0.000983 0.190933
v -0.075749 -0.010228 0.193493
v -0.073234 0.006952 0.207116
v -0.066692 -0.072270 0.218241
v -0.065065 -0.037108 0.230648
v -0.063382 -0.041246 0.237029
v -0.063504 -0.061930 0.233363
v -0.063901 -0.068315 0.230661
v -0.060917 -0.048841 0.244519
v -0.067865 -0.076470 0.212849
v -0.068442 -0.016661 0.220157
v -0.068419 0.008342 0.223108
v -0.073171 0.019924 0.210259
v -0.077508 0.025968 0.198761
v -0.063411 -0.016605 0.237125
v -0.065749 0.007434 0.230926
v -0.063647 0.004175 0.239948
v -0.063130 -0.007110 0.239670
v -0.074754 0.025013 0.206501
v -0.070583 0.019220 0.217669
v -0.080270 0.025502 0.190133
v -0.078694 0.029492 0.195338
v -0.080946 0.030661 0.188226
v -0.083541 0.027668 0.180367
v -0.088609 0.024600 0.162892
v -0.094875 0.031125 0.144574
v -0.085273 0.030665 0.175362
v -0.086407 0.034043 0.172464
v -0.088962 0.034718 0.163083
v -0.094094 0.035246 0.148143
v -0.096628 0.037410 0.139098
v -0.082745 0.033278 0.183525
v -0.092349 0.006743 0.142930
v -0.097893 0.020052 0.127853
v -0.099553 0.034295 0.129322
v -0.098502 0.037862 0.134009
v -0.067604 0.015429 0.225725
v -0.064223 0.005537 0.237740
v -0.060685 -0.039728 0.244401
v -0.100995 0.037715 0.122533
v -0.060632 -0.003483 0.246546
v -0.060602 -0.016398 0.245083
v -0.060759 -0.021235 0.244088
v -0.060038 -0.004005 0.248552
v -0.059903 -0.014761 0.247634
v -0.061146 -0.057299 0.241000
v -0.059957 -0.056400 0.244247
v -0.102880 0.035003 0.110224
v -0.100005 0.018945 0.114145
v -0.095314 0.004205 0.127998
v -0.064209 0.012276 0.236206
v -0.075084 0.027846 0.204881
v -0.064171 -0.073502 0.226087
v -0.102591 0.038692 0.112080
v -0.090716 -0.019983 0.130188
v -0.071363 -0.076978 0.195419
v -0.065463 0.013606 0.229916
v -0.096882 0.004085 0.116365
v -0.065309 -0.075284 0.220047
v -0.102679 0.025388 0.100029
v -0.070935 0.023729 0.215370
v -0.073686 0.026148 0.206721
v -0.068008 0.019048 0.223617
v -0.087629 -0.035001 0.136257
v -0.099048 0.008458 0.105468
v -0.103326 0.038429 0.099810
v -0.068378 -0.080160 0.203516
v -0.094781 0.037844 0.144518
v -0.084886 0.033790 0.174543
v -0.092998 -0.012182 0.121484
v -0.089101 -0.028588 0.126686
v -0.095390 -0.004476 0.108054
v -0.082239 -0.054430 0.152749
v -0.102855 0.027637 0.092063
v -0.061619 -0.002438 0.241370
v -0.060353 0.001067 0.244147
v -0.075821 -0.070793 0.175825
v -0.077984 -0.065438 0.167974
v -0.098932 0.008230 0.097633
v -0.086035 -0.041066 0.135580
v -0.092242 -0.014921 0.114877
v -0.082150 -0.053717 0.147572
v -0.062078 -0.061539 0.236165
v -0.061939 -0.065431 0.234006
v -0.101512 0.022437 0.090509
v -0.101567 0.024603 0.087489
v -0.078924 -0.061850 0.158156
v -0.083855 -0.047417 0.137967
v -0.058189 -0.029072 0.247361
v -0.085957 -0.038869 0.128523
v -0.089678 -0.022572 0.115721
v -0.087378 -0.032261 0.122321
v -0.091359 -0.015527 0.107867
v -0.093031 -0.008909 0.104207
v -0.100088 0.015276 0.093478
v -0.098954 0.009129 0.095324
v -0.095088 -0.003089 0.099522
v -0.096863 0.002701 0.098522
v -0.093603 0.036854 0.147484
v -0.090219 0.036519 0.157432
v -0.059665 -0.060678 0.240428
v -0.083768 -0.045656 0.133720
v -0.084680 -0.043289 0.132611
v -0.084002 -0.042355 0.129491
v -0.099595 0.016193 0.091319
v -0.088202 0.035570 0.163502
v -0.059686 -0.064941 0.236011
v -0.062163 -0.070577 0.229070
v -0.098643 0.013130 0.093717
v -0.058575 -0.062303 0.237496
v -0.079956 0.031574 0.187995
v -0.059570 -0.067390 0.233042
v -0.058324 -0.057841 0.241788
v -0.059491 -0.003103 0.246639
v -0.000332 -0.199927 -0.059270
v -0.000099 -0.208176 -0.064921
v 0.000319 -0.203891 -0.062036
v 0.000220 -0.218539 -0.071808
v 0.000268 -0.196297 -0.055574
v -0.009633 -0.072063 -0.135204
v -0.009541 -0.076056 -0.140029
v -0.010488 -0.081439 -0.121918
v -0.008922 -0.091852 -0.140747
v -0.009257 -0.101628 -0.126735
v -0.010959 -0.086303 -0.111901
v -0.011055 -0.093388 -0.101718
v -0.010136 -0.108479 -0.096727
v -0.008923 -0.129477 -0.100713
v -0.007821 -0.127653 -0.124761
v -0.006971 -0.152023 -0.109957
v -0.007327 -0.150129 -0.102307
v -0.008409 -0.140757 -0.081285
v -0.009745 -0.120977 -0.080922
v -0.006779 -0.163227 -0.096451
v -0.010785 -0.104539 -0.083820
v -0.010786 -0.097164 -0.096633
v -0.010209 -0.113936 -0.070073
v -0.009581 -0.122097 -0.058884
v -0.008775 -0.133872 -0.071648
v -0.008226 -0.081756 -0.166704
v -0.007358 -0.101182 -0.154227
v -0.006179 -0.126369 -0.145139
v -0.004778 -0.112725 -0.174252
v -0.006694 -0.098644 -0.166486
v -0.007704 -0.077134 -0.179152
v -0.009318 -0.065073 -0.144776
v -0.004443 -0.106244 -0.182484
v -0.004548 -0.095007 -0.193482
v -0.005636 -0.155890 -0.124907
v -0.003554 -0.199906 -0.113427
v -0.003944 -0.166739 -0.133632
v -0.001928 -0.227144 -0.115652
v -0.003581 -0.208556 -0.099174
v -0.002285 -0.226582 -0.100846
v -0.001999 -0.232393 -0.104814
v -0.001227 -0.243861 -0.114206
v -0.001616 -0.198808 -0.130976
v -0.002237 -0.205363 -0.123117
v -0.001448 -0.218584 -0.125123
v -0.001622 -0.226637 -0.121146
v -0.000484 -0.243332 -0.118112
v -0.006864 -0.075116 -0.192645
v -0.005138 -0.074846 -0.213625
v -0.005998 -0.071335 -0.205509
v -0.005000 -0.063198 -0.221428
v -0.003487 -0.145971 -0.153348
v -0.004213 -0.116210 -0.175790
v -0.008365 -0.065552 -0.163709
v -0.007387 -0.060683 -0.176845
v -0.006843 -0.159795 -0.082395
v -0.005917 -0.169100 -0.074677
v -0.004735 -0.188423 -0.087590
v -0.004174 -0.196195 -0.085992
v -0.000861 -0.245687 -0.102320
v -0.003859 -0.074750 -0.222353
v -0.003918 -0.063338 -0.232218
v -0.001762 -0.171573 -0.145339
v -0.000944 -0.184581 -0.142439
v -0.010750 -0.078414 -0.123360
v -0.004517 -0.058949 -0.224801
v -0.004419 -0.185293 -0.077171
v -0.007152 -0.146594 -0.066364
v -0.005941 -0.158529 -0.063974
v -0.003961 -0.088599 -0.205859
v -0.007525 -0.136731 -0.056398
v -0.008546 -0.126687 -0.049531
v -0.000929 -0.230908 -0.087907
v -0.010462 -0.117112 -0.062036
v -0.002103 -0.212097 -0.083662
v -0.008584 -0.061136 -0.153475
v -0.006048 -0.145376 -0.051301
v -0.007171 -0.130933 -0.043637
v -0.000929 -0.213923 -0.073306
v -0.002585 -0.197018 -0.073862
v -0.000309 -0.248349 -0.105008
v 0.000126 -0.245822 -0.093114
v -0.000012 -0.232461 -0.082769
v -0.002320 -0.146368 -0.158851
v -0.000484 -0.213286 -0.131307
v -0.000065 -0.202953 -0.136457
v -0.000219 -0.194937 -0.139777
v -0.002112 -0.089307 -0.214230
v -0.002185 -0.108010 -0.193301
v -0.002037 -0.097945 -0.204170
v -0.007147 -0.056391 -0.165412
v -0.003716 -0.128475 -0.167251
v -0.001624 -0.058665 -0.245431
v -0.002011 -0.061623 -0.243792
v -0.001268 -0.109293 -0.194936
v -0.002146 -0.128989 -0.173833
v -0.001808 -0.182837 -0.057609
v -0.006475 -0.131366 -0.038942
v -0.001614 -0.072374 -0.233944
v -0.006220 -0.052109 -0.173971
v -0.006023 -0.052856 -0.179551
v -0.005292 -0.047946 -0.182090
v -0.002318 -0.163763 -0.046891
v 0.000046 -0.189239 -0.051054
v 0.000055 -0.173182 -0.038906
v 0.000078 -0.162255 -0.031341
v -0.000377 -0.154364 -0.027252
v -0.002232 -0.137439 -0.025162
v -0.002455 -0.147859 -0.034680
v -0.010792 -0.109935 -0.074195
v -0.001571 -0.076894 -0.229637
v -0.001496 -0.084800 -0.221151
v -0.004130 -0.134052 -0.030524
v 0.000062 -0.150289 -0.023307
v -0.000127 -0.140304 -0.017958
v -0.002366 -0.135289 -0.022228
v -0.000986 -0.135750 -0.016068
v -0.000568 -0.226515 -0.124327
v 0.000272 -0.239537 -0.121568
v 0.000284 -0.183802 -0.146230
v 0.000231 -0.170137 -0.152903
v 0.000299 -0.163213 -0.156351
v 0.000092 -0.159560 -0.159018
v -0.000525 -0.148142 -0.163490
v -0.000001 -0.146291 -0.166161
v 0.000644 -0.193511 -0.141476
v -0.000201 -0.106658 -0.200502
v -0.004043 -0.048195 -0.184885
v -0.005343 -0.054812 -0.196003
v -0.004202 -0.054862 -0.214318
v -0.003347 -0.050579 -0.201040
v -0.000186 -0.100495 -0.206641
v -0.000188 -0.096479 -0.210656
v -0.009704 -0.126328 -0.045918
v -0.009945 -0.122247 -0.053477
v -0.000144 -0.114500 -0.192894
v -0.000896 -0.061266 -0.246120
v -0.000149 -0.119105 -0.188424
v -0.002779 -0.052850 -0.218912
v -0.003850 -0.045136 -0.188539
v -0.008533 -0.056559 -0.161284
v 0.000461 -0.246658 -0.114113
v -0.000344 -0.091924 -0.215375
v -0.000386 -0.088142 -0.219416
v -0.010111 -0.063352 -0.145292
v -0.010879 -0.072978 -0.130839
v -0.001823 -0.045455 -0.191914
v 0.000446 -0.238976 -0.086970
v 0.000133 -0.142019 -0.169238
v -0.000004 -0.134942 -0.175499
v 0.000025 -0.128854 -0.179386
v -0.000074 -0.126195 -0.182048
v 0.000075 -0.122742 -0.184984
v -0.001213 -0.047066 -0.201934
v -0.000245 -0.044814 -0.200305
v -0.001074 -0.043314 -0.201221
v -0.000227 -0.065630 -0.243197
v -0.001293 -0.068343 -0.238226
v -0.001380 -0.040182 -0.209395
v 0.000185 -0.058681 -0.247451
v 0.000195 -0.155238 -0.027160
v -0.006292 -0.039921 -0.197213
v -0.012450 -0.032053 -0.209424
v 0.000372 -0.231728 -0.081873
v -0.005789 -0.035775 -0.212265
v -0.001322 -0.036268 -0.224970
v -0.005750 -0.031766 -0.229609
v -0.001599 -0.032560 -0.239625
v -0.012898 -0.028725 -0.222819
v -0.015448 -0.027694 -0.217980
v -0.011913 -0.026885 -0.234725
v -0.016285 -0.030214 -0.204502
v -0.011776 -0.035131 -0.201568
v -0.017172 -0.036469 -0.189719
v -0.020653 -0.070673 -0.123327
v -0.015759 -0.063905 -0.138461
v -0.024067 -0.077501 -0.110602
v -0.022833 -0.087040 -0.098818
v -0.023603 -0.095108 -0.085507
v -0.016099 -0.056661 -0.150752
v -0.015920 -0.046799 -0.171653
v -0.015974 -0.042135 -0.179594
v -0.022315 -0.103217 -0.074021
v -0.006848 -0.028125 -0.246928
v -0.001303 -0.030770 -0.256782
v -0.064209 0.012276 0.236206
v -0.064223 0.005537 0.237740
v -0.063137 0.005137 0.238090
v -0.063647 0.004175 0.239948
v 0.000247 0.033371 -0.313708
v -0.000365 0.031779 -0.300306
v -0.000318 0.030449 -0.290741
v -0.000513 0.029343 -0.272878
v 0.000461 0.029621 -0.289641
v 0.002220 0.027493 -0.304840
v 0.005292 0.021104 -0.316571
v 0.001896 0.032097 -0.329714
v -0.000301 0.034702 -0.315396
v 0.005067 0.021655 -0.309149
v 0.008661 0.014196 -0.308360
v 0.006394 0.019741 -0.293955
v 0.002826 0.025299 -0.288308
v 0.000395 0.029159 -0.256755
v 0.007893 0.018755 -0.270908
v 0.007330 0.012602 -0.336310
v 0.012000 0.012812 -0.269394
v 0.012440 0.013851 -0.256330
v 0.008917 0.019278 -0.247374
v 0.003932 0.024883 -0.246807
v 0.010067 0.011049 -0.303016
v 0.012972 0.010537 -0.265086
v 0.015231 0.010820 -0.241673
v 0.014928 0.014127 -0.233754
v 0.011913 0.017528 -0.236964
v 0.012423 0.018872 -0.228800
v 0.019186 0.008527 -0.217203
v 0.000075 0.029459 -0.249449
v 0.001034 0.029980 -0.230891
v 0.000366 0.048580 -0.349319
v -0.000307 0.050146 -0.349586
v -0.000199 0.046190 -0.342747
v 0.000250 0.041527 -0.336499
v -0.000004 0.059799 -0.363143
v 0.003359 0.034827 -0.356819
v 0.002993 0.042680 -0.366159
v -0.000058 0.067314 -0.373215
v 0.003460 0.050861 -0.383822
v 0.001976 0.076223 -0.397787
v -0.000095 0.074896 -0.382502
v -0.000311 0.083132 -0.391269
v 0.003745 0.057564 -0.396701
v 0.004501 0.043438 -0.389556
v 0.004918 0.027485 -0.374843
v 0.004536 0.058906 -0.406648
v 0.004419 0.029226 -0.363344
v 0.004367 0.071938 -0.413898
v 0.004953 0.078719 -0.426070
v 0.001183 0.093760 -0.409329
v 0.004858 0.095709 -0.440309
v 0.002094 0.127844 -0.449556
v 0.001512 0.111047 -0.428881
v 0.005123 0.110720 -0.459094
v 0.004623 0.118879 -0.461936
v 0.003885 0.132628 -0.471522
v 0.001892 0.138198 -0.460520
v 0.002303 0.146619 -0.473490
v -0.000050 0.085926 -0.394099
v 0.002295 0.151165 -0.484509
v -0.000109 0.103664 -0.411723
v 0.005731 0.017759 -0.352187
v -0.000098 0.112016 -0.420689
v 0.000025 0.118002 -0.428148
v 0.000126 0.123268 -0.435506
v 0.005835 0.013640 -0.370258
v 0.004403 0.026043 -0.344979
v 0.004566 0.045905 -0.404516
v 0.004848 0.066761 -0.423834
v 0.003180 0.139518 -0.489315
v 0.005685 0.018423 -0.343318
v 0.004445 0.023056 -0.327443
v -0.000163 0.092531 -0.400788
v 0.002259 0.147226 -0.498289
v 0.001921 0.153292 -0.498068
v 0.007008 0.007831 -0.359826
v -0.000365 0.097576 -0.405698
v 0.008727 0.004252 -0.341607
v -0.000104 0.037886 -0.326462
v 0.010489 0.002494 -0.323255
v 0.012319 0.002433 -0.294681
v 0.015737 -0.000398 -0.258576
v 0.017649 0.000562 -0.238252
v 0.000597 0.156291 -0.490689
v 0.000007 0.134558 -0.450205
v 0.000096 0.138030 -0.454045
v 0.000066 0.142635 -0.460513
v 0.000818 0.155446 -0.499328
v -0.000066 0.131727 -0.447139
v 0.000066 0.129247 -0.444018
v -0.000134 0.127321 -0.441484
v -0.000040 0.152949 -0.477226
v -0.000075 0.147564 -0.468091
v -0.000039 0.155881 -0.485417
v 0.093269 -0.008961 0.103863
v 0.091479 -0.016000 0.107935
v 0.091321 -0.013206 0.106468
v 0.087568 -0.020913 0.113881
v 0.089483 -0.020024 0.111743
v 0.087410 -0.023181 0.113492
v -0.083242 0.033827 0.178591
v -0.084886 0.033790 0.174543
v -0.082745 0.033278 0.183525
v -0.079956 0.031574 0.187995
v -0.054166 -0.020240 0.236565
v -0.055511 -0.019997 0.237056
v -0.054431 -0.019163 0.241066
v 0.054341 -0.009640 0.241973
v 0.053300 -0.009152 0.244937
v 0.054959 -0.009287 0.245622
v -0.000896 -0.061266 -0.246120
v 0.000261 -0.062044 -0.245630
v -0.000227 -0.065630 -0.243197
v 0.000185 -0.058681 -0.247451
v 0.065190 0.013385 0.233122
v 0.064606 0.013562 0.231766
v 0.063996 0.012758 0.236519
v 0.067049 0.013926 0.228616
v -0.103326 0.038429 0.099810
v -0.102482 0.035502 0.097110
v -0.103819 0.035865 0.098097
v -0.102864 0.034610 0.091598
v -0.000317 0.045463 -0.440961
v 0.000793 0.047840 -0.443370
v 0.000434 0.044143 -0.440996
v 0.000245 0.035719 -0.434542
v -0.000163 0.092531 -0.400788
v -0.000365 0.097576 -0.405698
v -0.000311 0.083132 -0.391269
v -0.000050 0.085926 -0.394099
v 0.059646 0.001594 0.241884
v 0.059458 0.001874 0.245947
v 0.059999 0.001365 0.248233
v 0.000055 -0.173182 -0.038906
v 0.000046 -0.189239 -0.051054
v 0.000230 -0.182017 -0.045599
v -0.002451 0.110531 -0.121562
v -0.002140 0.098044 -0.119989
v -0.002083 0.105796 -0.110980
v -0.002542 0.095346 -0.136281
v -0.002328 0.087284 -0.131984
v -0.002173 0.111430 -0.104088
v -0.002107 0.079667 -0.140619
v -0.002032 0.073436 -0.147533
v -0.002107 0.067801 -0.164335
v -0.002621 0.133877 -0.097808
v -0.002622 0.133702 -0.117954
v -0.002176 0.116651 -0.096815
v -0.033521 -0.091481 0.319892
v -0.031694 -0.096397 0.310168
v -0.031811 -0.093461 0.320407
v -0.033254 -0.087572 0.334764
v -0.033475 -0.099589 0.289906
v 0.000452 -0.131790 0.208322
v 0.001394 -0.129475 0.222593
v -0.000994 -0.128781 0.226371
v 0.001417 -0.127521 0.232430
v -0.000686 -0.124289 0.246701
v 0.000752 -0.124003 0.248250
v -0.000168 -0.120539 0.262573
v -0.020695 -0.125245 0.208547
v -0.020398 -0.123103 0.223163
v -0.012416 -0.116778 0.261273
v -0.026148 -0.111050 0.265391
v -0.015215 -0.109492 0.287113
v -0.028437 -0.108469 0.272401
v -0.000925 -0.116337 0.279970
v -0.025698 -0.116092 0.245280
v -0.025113 -0.120889 0.226054
v -0.000142 -0.112030 0.296869
v -0.017342 -0.101875 0.311588
v -0.000022 -0.108806 0.308507
v -0.001183 -0.104824 0.321299
v -0.031620 -0.100500 0.296525
v -0.031219 -0.104843 0.281448
v -0.000964 -0.100669 0.335593
v -0.015611 -0.097297 0.328535
v -0.032154 -0.086778 0.341112
v -0.019777 -0.087705 0.353651
v -0.032247 -0.090370 0.329410
v -0.001450 -0.093148 0.358172
v -0.012639 -0.082127 0.381134
v -0.000174 -0.089214 0.372357
v -0.000962 -0.084917 0.387066
v -0.001537 -0.079474 0.405604
v -0.022664 -0.075840 0.388741
v -0.031505 -0.080360 0.362198
v -0.032000 -0.076894 0.372814
v -0.032247 -0.083718 0.350299
v -0.024577 -0.069664 0.407595
v -0.031221 -0.072577 0.388475
v -0.013906 -0.070595 0.420834
v -0.000445 -0.077240 0.415067
v -0.000018 -0.073696 0.429634
v -0.014042 -0.066814 0.435710
v -0.001284 -0.071580 0.436171
v -0.027860 -0.065076 0.418636
v -0.028046 -0.112340 0.256399
v -0.000510 -0.096841 0.347687
v -0.024509 -0.062502 0.433261
v -0.027555 -0.062736 0.427348
v -0.030851 -0.067761 0.402700
v -0.001172 -0.132901 0.194280
v -0.016192 -0.128329 0.193557
v -0.001093 -0.070192 0.449729
v -0.015346 -0.064782 0.451675
v -0.000295 -0.069833 0.457548
v -0.028083 -0.116043 0.239641
v -0.022629 -0.125497 0.197645
v -0.024880 -0.122207 0.212288
v -0.024098 -0.061426 0.452804
v -0.014871 -0.064223 0.463529
v -0.019177 -0.061873 0.477479
v -0.017527 -0.128553 0.183532
v -0.015211 -0.129600 0.179380
v -0.017332 -0.129392 0.176919
v -0.023032 -0.125290 0.190403
v -0.009149 -0.065894 0.480910
v -0.000552 -0.069002 0.481335
v -0.005924 -0.065867 0.486998
v -0.001126 -0.066196 0.492935
v -0.013533 -0.062337 0.487037
v -0.010930 -0.061703 0.492077
v -0.000658 -0.133768 0.179431
v -0.014221 -0.129788 0.167873
v 0.001269 -0.134033 0.179971
v -0.000968 -0.132792 0.157222
v -0.012806 -0.129212 0.149635
v 0.000132 -0.133144 0.148294
v -0.001074 -0.133208 0.144021
v -0.013022 -0.129309 0.142994
v -0.000952 -0.135380 0.129472
v -0.015265 -0.129539 0.133349
v -0.006389 -0.134062 0.126890
v -0.019072 -0.129437 0.124803
v -0.021139 -0.132240 0.096869
v -0.001207 -0.137617 0.107845
v 0.000418 -0.136570 0.121592
v -0.014431 -0.134913 0.089822
v -0.001155 -0.138892 0.087285
v -0.011773 -0.136666 0.071301
v -0.021129 -0.133360 0.075623
v -0.021813 -0.133775 0.062641
v -0.018459 -0.126351 0.144793
v -0.023741 -0.125586 0.130600
v -0.022737 -0.129614 0.110038
v -0.001232 -0.139367 0.072401
v -0.010573 -0.137314 0.041365
v -0.021846 -0.133971 0.040997
v -0.023443 -0.130734 0.097993
v -0.021662 -0.124000 0.146259
v -0.000436 -0.139452 0.041518
v -0.021148 -0.133239 0.019588
v -0.010565 -0.136152 0.017339
v -0.015257 -0.128813 0.156382
v -0.019939 -0.125948 0.148929
v -0.017245 -0.132847 -0.001781
v -0.009307 -0.135106 -0.001444
v -0.022107 -0.130841 -0.003004
v -0.001070 -0.137683 0.011062
v -0.000279 -0.137028 -0.003829
v 0.000977 -0.138545 0.095723
v -0.000986 -0.135750 -0.016068
v 0.002112 -0.066361 0.492908
v 0.001034 -0.069010 0.481610
v -0.015641 -0.131993 -0.013968
v 0.001107 -0.133491 0.139603
v -0.022293 -0.128723 -0.018424
v 0.001299 -0.071454 0.436865
v 0.001305 -0.132826 0.157637
v -0.015640 -0.129076 -0.031736
v -0.007924 -0.130377 -0.037008
v -0.005457 -0.131856 -0.030554
v -0.006475 -0.131366 -0.038942
v -0.005555 -0.133472 -0.020180
v -0.002366 -0.135289 -0.022228
v -0.004130 -0.134052 -0.030524
v -0.030063 -0.062851 0.415959
v -0.032912 -0.065314 0.399454
v -0.034528 -0.061136 0.397839
v -0.038714 -0.061885 0.375910
v -0.033694 -0.073563 0.376704
v -0.039606 -0.068806 0.350719
v -0.043527 -0.057147 0.353012
v -0.043456 -0.065506 0.324408
v -0.039457 -0.072161 0.339657
v -0.033741 -0.080743 0.352970
v -0.024059 -0.131583 0.067629
v -0.031253 -0.109026 0.255752
v -0.023945 -0.125657 -0.031525
v -0.024740 -0.121855 0.143599
v -0.024283 -0.130667 0.017913
v -0.028343 -0.117434 0.229235
v -0.028346 -0.121960 0.125779
v -0.026436 -0.060699 0.432378
v -0.026635 -0.126309 -0.007903
v -0.027263 -0.122425 -0.032865
v -0.022741 -0.059964 0.467789
v -0.030486 -0.122364 0.100928
v -0.030792 -0.123722 0.071345
v -0.030049 -0.124399 0.041747
v -0.030762 -0.123297 0.084871
v -0.028147 -0.118801 0.198651
v -0.009704 -0.126328 -0.045918
v -0.030897 -0.121358 -0.008362
v -0.025377 -0.058037 0.454781
v -0.038300 -0.081039 0.320551
v -0.039234 -0.083746 0.303169
v -0.033333 -0.115530 0.126334
v -0.036131 -0.107822 0.142929
v -0.034868 -0.115679 0.109351
v -0.026233 -0.116071 0.156521
v -0.035048 -0.106546 0.156375
v -0.025885 -0.115698 0.163192
v -0.037529 -0.103471 0.169818
v -0.039834 -0.101080 0.156803
v -0.026116 -0.116554 0.177139
v -0.037366 -0.104537 0.179892
v -0.043529 -0.095980 0.172220
v -0.044670 -0.095684 0.149090
v -0.030490 -0.123188 0.017563
v -0.042756 -0.102621 0.125148
v -0.031198 -0.114294 0.215189
v -0.031289 -0.113493 0.190839
v -0.034189 -0.105399 0.254102
v -0.036327 -0.114940 0.098275
v -0.035216 -0.117813 0.049587
v -0.034923 -0.118033 0.077095
v -0.027490 -0.118375 -0.042580
v -0.042878 -0.098687 0.198196
v -0.037061 -0.105257 0.227456
v -0.042523 -0.098951 0.208412
v -0.017226 -0.121648 -0.048220
v -0.023777 -0.119152 -0.045945
v -0.034567 -0.117274 0.010666
v -0.015969 -0.057695 0.489200
v -0.029648 -0.119308 -0.032415
v -0.030659 -0.113123 -0.047563
v -0.005719 -0.060046 0.497102
v -0.001062 -0.061918 0.498159
v -0.047726 -0.095204 0.123673
v -0.046288 -0.099701 0.091826
v -0.040115 -0.109815 0.068301
v -0.042004 -0.097478 0.226265
v -0.009945 -0.122247 -0.053477
v -0.034596 -0.115822 -0.004450
v -0.028225 -0.109398 -0.056930
v -0.022315 -0.103217 -0.074021
v -0.023365 -0.111267 -0.059708
v -0.010462 -0.117112 -0.062036
v -0.010792 -0.109935 -0.074195
v -0.025384 -0.118584 0.152487
v -0.025672 -0.117844 0.172409
v -0.025906 -0.119333 0.183346
v -0.026237 -0.119712 0.188251
v -0.014411 -0.055330 0.492574
v -0.018431 -0.051770 0.487537
v -0.017319 -0.043818 0.491449
v -0.024195 -0.126078 0.188719
v -0.026485 -0.122304 0.186556
v -0.031665 -0.103670 -0.061097
v -0.033574 -0.107594 -0.049245
v -0.034249 -0.098992 -0.062843
v -0.031953 -0.096853 -0.071883
v -0.034568 -0.089730 -0.076114
v -0.032094 -0.087593 -0.085018
v -0.023603 -0.095108 -0.085507
v -0.028340 -0.077463 -0.105423
v -0.031130 -0.078850 -0.098270
v -0.029214 -0.070415 -0.112664
v -0.020653 -0.070673 -0.123327
v -0.022833 -0.087040 -0.098818
v -0.024891 -0.063231 -0.128156
v -0.028063 -0.064903 -0.121237
v -0.009852 -0.054858 0.497160
v -0.024067 -0.077501 -0.110602
v -0.010618 -0.044816 0.497772
v -0.015759 -0.063905 -0.138461
v -0.021203 -0.059534 -0.138832
v -0.025112 -0.057839 -0.135471
v -0.024252 -0.051784 -0.146781
v -0.020641 -0.048955 -0.159329
v -0.016099 -0.056661 -0.150752
v -0.015920 -0.046799 -0.171653
v -0.000027 0.109669 -0.207295
v 0.000132 0.094858 -0.213508
v -0.000986 0.096108 -0.211545
v 0.000111 0.086868 -0.217505
v -0.000107 0.141559 -0.197309
v 0.000298 0.123330 -0.201978
v -0.000608 0.120952 -0.202197
v 0.000110 0.075381 -0.224206
v -0.000894 0.078333 -0.221094
v 0.000646 0.081049 -0.219804
v 0.000076 0.065711 -0.228924
v -0.001493 0.065684 -0.225080
v -0.001519 0.085394 -0.214712
v -0.001576 0.104607 -0.204939
v -0.001349 0.118783 -0.200762
v -0.001504 0.133612 -0.195416
v -0.000214 0.155956 -0.193701
v -0.001643 0.145257 -0.190440
v -0.001437 0.158439 -0.189039
v -0.000270 0.172941 -0.189178
v -0.001887 0.172846 -0.182441
v -0.001256 0.179391 -0.186130
v -0.001671 0.194527 -0.182830
v -0.002438 0.128528 -0.172816
v -0.002219 0.219101 -0.153976
v -0.002564 0.178252 -0.162547
v -0.001217 0.245896 -0.178192
v 0.026167 -0.131766 0.185118
v 0.029997 -0.132892 0.183742
v 0.026166 -0.127436 0.189183
v 0.030100 -0.136894 0.180636
v -0.045332 -0.173900 0.121814
v -0.044139 -0.167102 0.133009
v -0.045581 -0.168410 0.128376
v 0.037143 -0.149919 0.163475
v 0.034425 -0.143846 0.171621
v 0.033605 -0.146491 0.169202
v 0.032443 -0.141114 0.175430
v 0.025005 -0.129307 0.141664
v 0.029108 -0.133266 0.133508
v 0.023085 -0.129813 0.142988
v 0.022197 -0.125849 0.146900
v 0.026589 -0.126621 0.144150
v 0.029087 -0.129565 0.140899
v 0.031446 -0.132718 0.135745
v 0.032329 -0.136751 0.127241
v 0.027885 -0.135126 0.131505
v 0.030324 -0.138290 0.126096
v 0.033443 -0.140693 0.122336
v 0.031532 -0.142333 0.121738
v 0.036855 -0.147099 0.115959
v 0.032771 -0.146729 0.117462
v 0.035515 -0.150215 0.114382
v 0.040075 -0.158432 0.107646
v 0.037560 -0.156877 0.109453
v 0.041246 -0.165120 0.103607
v 0.023054 -0.122764 0.147804
v 0.025056 -0.133532 0.137822
v 0.000387 -0.035142 -0.331411
v 0.001080 -0.032850 -0.323014
v -0.000722 -0.033730 -0.329123
v -0.024740 -0.121855 0.143599
v -0.021662 -0.124000 0.146259
v -0.024902 -0.123374 0.146254
v 0.054959 -0.009287 0.245622
v 0.053300 -0.009152 0.244937
v 0.053604 -0.013367 0.247122
v -0.000095 -0.032070 -0.304586
v 0.001080 -0.032850 -0.323014
v 0.000476 -0.031739 -0.297069
v 0.003832 -0.029008 -0.318609
v 0.006985 -0.024686 -0.298710
v 0.007215 -0.025093 -0.284792
v 0.002366 -0.029678 -0.272217
v 0.008292 -0.025683 -0.264151
v 0.000387 -0.035142 -0.331411
v 0.008265 -0.026450 -0.250874
v 0.010754 -0.023661 -0.256875
v 0.007601 -0.027724 -0.240828
v 0.012599 -0.024512 -0.238615
v 0.012051 -0.027777 -0.226829
v 0.003953 -0.032873 -0.223077
v -0.001599 -0.032560 -0.239625
v -0.001322 -0.036268 -0.224970
v 0.015222 -0.022301 -0.230828
v 0.002371 -0.036327 -0.213417
v 0.015871 -0.028349 -0.212460
v -0.000313 -0.031844 -0.271311
v 0.000752 -0.030552 -0.249913
v -0.000206 -0.039931 -0.209687
v -0.001380 -0.040182 -0.209395
v -0.000722 -0.033730 -0.329123
v 0.014739 -0.017211 -0.247544
v 0.017263 -0.012928 -0.234522
v 0.014753 -0.009843 -0.266179
v 0.017941 -0.008532 -0.236526
v 0.016351 -0.005318 -0.252704
v 0.018484 -0.003746 -0.235297
v 0.015737 -0.000398 -0.258576
v 0.017649 0.000562 -0.238252
v 0.022350 0.001138 -0.204561
v 0.019186 0.008527 -0.217203
v 0.022498 0.009604 -0.195894
v 0.027179 0.001796 -0.175080
v 0.025301 0.012723 -0.177879
v 0.026801 0.014752 -0.168289
v 0.029350 0.013590 -0.156933
v 0.030229 0.002243 -0.156590
v 0.027073 -0.011670 -0.173084
v 0.033112 0.001778 -0.143058
v 0.030166 -0.013061 -0.155527
v 0.030598 0.023337 -0.146885
v 0.026697 0.025952 -0.160695
v 0.038122 0.019444 -0.118076
v 0.038667 0.003004 -0.119659
v 0.042630 0.002642 -0.104492
v 0.038317 -0.015404 -0.119620
v 0.043149 -0.017223 -0.101418
v 0.034413 -0.029569 -0.126389
v 0.041692 -0.030707 -0.101025
v 0.036487 -0.039312 -0.113802
v 0.031901 -0.044419 -0.125608
v 0.028333 -0.040860 -0.143087
v 0.026029 -0.048404 -0.144757
v 0.023747 -0.042794 -0.160539
v 0.024114 -0.050384 -0.148554
v 0.026584 -0.035314 -0.156492
v 0.022472 -0.033712 -0.177093
v 0.020695 -0.044742 -0.165153
v 0.020931 -0.053213 -0.149317
v 0.025158 -0.059263 -0.132688
v 0.020086 -0.061558 -0.135937
v 0.008582 -0.053076 -0.169107
v 0.008993 -0.056544 -0.161602
v 0.020572 -0.070976 -0.121981
v 0.010467 -0.072707 -0.130536
v 0.010491 -0.081203 -0.118776
v 0.010212 -0.065590 -0.141643
v 0.009425 -0.071693 -0.135357
v 0.028268 -0.073908 -0.109129
v 0.015880 -0.045390 -0.173224
v 0.006709 -0.051708 -0.174091
v 0.028218 -0.064612 -0.120950
v 0.022566 -0.080254 -0.107293
v 0.015386 -0.041532 -0.181106
v 0.031723 -0.058524 -0.115926
v 0.028995 -0.025959 -0.152299
v 0.036347 -0.057770 -0.103058
v 0.010341 -0.060422 -0.151455
v 0.040318 -0.049627 -0.096537
v 0.040462 -0.061224 -0.087971
v 0.047290 -0.018718 -0.084924
v 0.046915 -0.034254 -0.080864
v 0.049378 -0.025162 -0.072868
v 0.049227 -0.047194 -0.063328
v 0.050522 -0.032133 -0.063371
v 0.046245 -0.060602 -0.068731
v 0.048075 -0.060536 -0.060954
v 0.044543 -0.071176 -0.062761
v 0.039629 -0.074737 -0.076703
v 0.051065 -0.020895 -0.064805
v 0.043306 -0.052457 -0.084397
v 0.043836 -0.041917 -0.088986
v 0.046644 -0.004904 -0.087530
v 0.027199 -0.056393 -0.132283
v 0.043193 0.016580 -0.098271
v 0.030248 -0.067782 -0.112710
v 0.015231 0.010820 -0.241673
v 0.022414 -0.040177 -0.169225
v 0.011635 -0.020009 -0.268623
v 0.023904 -0.008852 -0.193520
v 0.012742 -0.006224 -0.293337
v -0.001074 -0.043314 -0.201221
v 0.001695 -0.040825 -0.201708
v 0.013019 -0.001546 -0.290389
v 0.012319 0.002433 -0.294681
v 0.010489 0.002494 -0.323255
v 0.012370 -0.009270 -0.296064
v 0.045955 0.017783 -0.084059
v 0.008358 -0.003874 -0.356596
v 0.008727 0.004252 -0.341607
v 0.007008 0.007831 -0.359826
v 0.007564 -0.002400 -0.367463
v 0.007371 -0.018009 -0.377079
v 0.006751 -0.023697 -0.388689
v 0.007046 -0.022968 -0.361962
v 0.005622 -0.032737 -0.381330
v 0.005604 -0.040798 -0.401169
v 0.004381 -0.039683 -0.376106
v 0.006127 -0.033537 -0.409128
v 0.004344 -0.043883 -0.387088
v 0.006052 -0.045455 -0.421377
v 0.005445 -0.061276 -0.423216
v 0.004397 -0.057183 -0.405826
v 0.004287 -0.063191 -0.413109
v 0.002652 -0.064146 -0.407514
v 0.003033 -0.054656 -0.395454
v -0.000051 -0.057786 -0.392019
v 0.000025 -0.060072 -0.394529
v 0.000051 -0.063097 -0.398458
v 0.000088 -0.054053 -0.384980
v 0.001794 -0.048750 -0.381615
v -0.000227 -0.049906 -0.379567
v 0.001445 -0.075966 -0.416894
v 0.004334 -0.071506 -0.423456
v 0.000146 -0.074442 -0.412922
v 0.004945 -0.036301 -0.367636
v 0.003522 -0.024532 -0.426793
v 0.003772 -0.012844 -0.416441
v 0.006038 -0.057134 -0.430161
v 0.002600 -0.032054 -0.437679
v 0.000427 -0.013320 -0.431010
v 0.000515 -0.009360 -0.428143
v 0.003445 -0.002556 -0.411740
v 0.000359 0.002484 -0.423651
v 0.003158 0.008027 -0.408754
v 0.000011 0.017291 -0.422608
v 0.002757 0.021718 -0.410308
v 0.003676 0.018625 -0.402944
v 0.004438 0.028960 -0.397444
v 0.003077 0.037245 -0.417463
v 0.004390 0.008137 -0.397477
v 0.000210 -0.021701 -0.436362
v 0.004758 -0.047425 -0.397763
v 0.000293 -0.025309 -0.439459
v 0.005205 -0.051122 -0.433978
v 0.006072 -0.069062 -0.444447
v 0.004626 -0.059005 -0.447547
v 0.001126 -0.065187 -0.404306
v -0.000700 -0.065455 -0.403919
v 0.000073 -0.067840 -0.405268
v -0.000068 -0.072011 -0.410279
v 0.008911 -0.012345 -0.352079
v 0.000246 -0.032670 -0.446201
v 0.005835 0.013640 -0.370258
v 0.005218 0.007144 -0.386773
v 0.000024 -0.069374 -0.407792
v -0.000491 -0.076690 -0.416111
v 0.002078 -0.048436 -0.453562
v 0.001263 -0.046343 -0.375388
v 0.000120 -0.079954 -0.418636
v 0.009616 -0.013846 -0.332286
v 0.034686 -0.013270 -0.134953
v 0.048510 -0.000822 -0.076954
v 0.021516 -0.015668 -0.200958
v 0.023470 -0.025686 -0.181480
v 0.005133 -0.045449 -0.186004
v 0.017143 -0.036970 -0.187596
v 0.006755 -0.039958 -0.194143
v 0.002212 -0.045291 -0.190742
v 0.016424 -0.033844 -0.196161
v 0.004965 0.017403 -0.383760
v 0.025328 -0.023582 -0.173733
v 0.005869 -0.030198 -0.352416
v 0.006167 -0.069591 -0.438793
v 0.005875 -0.014939 -0.395761
v 0.002265 -0.079749 -0.423494
v 0.020176 -0.021811 -0.200510
v 0.006787 -0.025890 -0.341422
v 0.004942 -0.079130 -0.436450
v 0.000599 0.031203 -0.428359
v 0.001902 0.048161 -0.438459
v 0.003558 0.055232 -0.433066
v 0.004133 0.048042 -0.416176
v 0.004848 0.066761 -0.423834
v 0.004536 0.058906 -0.406648
v 0.000245 0.035719 -0.434542
v 0.000434 0.044143 -0.440996
v 0.000793 0.047840 -0.443370
v 0.003696 0.072314 -0.448890
v 0.005032 0.079830 -0.434975
v 0.004689 0.092992 -0.459782
v 0.005124 0.089383 -0.440886
v 0.004953 0.078719 -0.426070
v 0.004858 0.095709 -0.440309
v 0.004056 0.091962 -0.466268
v 0.005004 0.098772 -0.449066
v 0.005123 0.110720 -0.459094
v 0.005194 0.102256 -0.459843
v 0.002097 0.077125 -0.465107
v 0.000245 0.053087 -0.450706
v 0.000370 0.060519 -0.456668
v 0.000401 0.064528 -0.460243
v 0.000396 0.069623 -0.465003
v 0.000389 0.075230 -0.470110
v 0.000630 0.087885 -0.480252
v 0.000343 0.080782 -0.475168
v 0.001911 0.094314 -0.481466
v 0.003677 0.109187 -0.480871
v 0.002007 0.114960 -0.492807
v 0.003230 0.122557 -0.488264
v 0.002249 0.136174 -0.497978
v 0.001112 0.123994 -0.498995
v 0.000428 0.113196 -0.496567
v 0.003180 0.139518 -0.489315
v 0.002259 0.147226 -0.498289
v 0.003774 0.130313 -0.482121
v 0.004497 0.126504 -0.472357
v 0.003885 0.132628 -0.471522
v 0.000795 0.102709 -0.490214
v 0.000063 0.104167 -0.492141
v 0.001356 0.139396 -0.499925
v 0.000818 0.155446 -0.499328
v 0.001921 0.153292 -0.498068
v 0.004566 0.045905 -0.404516
v 0.000264 0.096281 -0.487034
v 0.005064 0.111833 -0.469912
v 0.019286 -0.035647 -0.185701
v 0.004623 0.118879 -0.461936
v 0.006513 -0.081619 -0.452282
v 0.007249 -0.036367 -0.202550
v 0.009297 -0.064530 -0.146868
v 0.011706 -0.012923 -0.295168
v 0.009868 -0.017329 -0.303806
v 0.006671 -0.025298 -0.323693
v 0.010442 -0.019931 -0.279971
v 0.004955 -0.068893 -0.456331
v 0.006061 -0.084741 -0.459999
v 0.004431 -0.084084 -0.471195
v 0.005888 -0.097913 -0.469574
v 0.004279 -0.102164 -0.481940
v 0.005212 -0.106246 -0.471489
v 0.001873 -0.086550 -0.485041
v 0.001830 -0.105280 -0.495602
v 0.000236 -0.099213 -0.497866
v 0.000871 -0.112890 -0.500047
v 0.001628 -0.117537 -0.499474
v 0.000275 -0.086039 -0.489247
v 0.004724 -0.113995 -0.482982
v 0.001652 -0.121374 -0.473262
v 0.002579 -0.124099 -0.485805
v 0.003567 -0.108932 -0.463727
v 0.003787 -0.101639 -0.454692
v 0.002179 -0.100041 -0.444702
v 0.000651 -0.111645 -0.455294
v 0.000487 -0.122778 -0.469941
v -0.000262 -0.118330 -0.461635
v -0.000329 -0.114615 -0.457112
v -0.000151 -0.109236 -0.449905
v 0.000184 -0.128835 -0.478226
v 0.000111 -0.131177 -0.488848
v 0.000391 -0.131375 -0.493728
v 0.002444 -0.123258 -0.497833
v 0.000492 -0.128568 -0.499744
v 0.001628 -0.122567 -0.500051
v 0.000105 -0.105463 -0.445507
v -0.000098 -0.101650 -0.441113
v 0.000223 -0.099015 -0.438108
v 0.001448 -0.091511 -0.432869
v 0.000081 -0.095605 -0.434608
v -0.000015 -0.091417 -0.430261
v 0.001020 -0.088026 -0.428386
v -0.000009 -0.087419 -0.426094
v 0.003720 -0.120482 -0.488184
v 0.005871 -0.089732 -0.454944
v 0.001710 -0.072287 -0.476331
v 0.000535 -0.050249 -0.460997
v -0.000174 -0.126520 -0.474069
v 0.006531 -0.026424 -0.333725
v 0.004023 -0.091807 -0.442883
v -0.001303 -0.030770 -0.256782
v 0.004501 0.043438 -0.389556
v 0.004918 0.027485 -0.374843
v 0.018655 -0.027439 -0.200095
v 0.003666 -0.082390 -0.431796
v -0.000077 -0.081862 -0.420638
v 0.000046 -0.084622 -0.423676
v -0.000245 -0.044814 -0.200305
v 0.031354 -0.079155 -0.097314
v 0.028641 -0.083529 -0.095483
v 0.032387 -0.086957 -0.085105
v 0.000986 -0.030732 -0.267650
v 0.016218 -0.030754 -0.203641
v 0.003666 -0.082390 -0.431796
v 0.002265 -0.079749 -0.423494
v 0.001448 -0.091511 -0.432869
v 0.001020 -0.088026 -0.428386
v -0.000009 -0.087419 -0.426094
v 0.000046 -0.084622 -0.423676
v 0.004344 -0.043883 -0.387088
v 0.003033 -0.054656 -0.395454
v 0.004397 -0.057183 -0.405826
v 0.001794 -0.048750 -0.381615
v 0.004758 -0.047425 -0.397763
v 0.007249 -0.036367 -0.202550
v 0.006755 -0.039958 -0.194143
v 0.001695 -0.040825 -0.201708
v 0.002212 -0.045291 -0.190742
v -0.000313 -0.031844 -0.271311
v 0.000986 -0.030732 -0.267650
v -0.001303 -0.030770 -0.256782
v 0.040462 -0.061224 -0.087971
v 0.046245 -0.060602 -0.068731
v 0.039629 -0.074737 -0.076703
v 0.031354 -0.079155 -0.097314
v 0.043306 -0.052457 -0.084397
v 0.043836 -0.041917 -0.088986
v 0.032387 -0.086957 -0.085105
v 0.038550 -0.084764 -0.067866
v 0.031723 -0.058524 -0.115926
v 0.030248 -0.067782 -0.112710
v 0.028218 -0.064612 -0.120950
v 0.027199 -0.056393 -0.132283
v 0.020176 -0.021811 -0.200510
v 0.022472 -0.033712 -0.177093
v 0.019286 -0.035647 -0.185701
v 0.023470 -0.025686 -0.181480
v 0.018655 -0.027439 -0.200095
v 0.025328 -0.023582 -0.173733
v 0.030166 -0.013061 -0.155527
v 0.034686 -0.013270 -0.134953
v 0.028995 -0.025959 -0.152299
v 0.025328 -0.023582 -0.173733
v 0.005218 0.007144 -0.386773
v 0.005875 -0.014939 -0.395761
v 0.004390 0.008137 -0.397477
v 0.004965 0.017403 -0.383760
v 0.001628 -0.117537 -0.499474
v 0.003720 -0.120482 -0.488184
v 0.002444 -0.123258 -0.497833
v 0.001628 -0.122567 -0.500051
v -0.000450 0.041253 -0.336372
v -0.000104 0.037886 -0.326462
v 0.000250 0.041527 -0.336499
v -0.003526 0.029648 -0.341699
v -0.002296 0.031948 -0.331170
v -0.004489 0.024133 -0.325036
v -0.006913 0.014458 -0.334144
v -0.006859 0.012799 -0.345865
v -0.003679 0.034230 -0.355726
v -0.008311 0.007596 -0.337578
v -0.010042 0.011056 -0.304763
v -0.012749 0.000908 -0.294373
v -0.013408 0.002618 -0.281890
v -0.009475 0.001978 -0.334558
v -0.010577 -0.009899 -0.321542
v -0.012572 -0.007299 -0.293958
v -0.009196 -0.013054 -0.340644
v -0.015771 -0.000220 -0.259894
v -0.011471 -0.014279 -0.293551
v -0.013070 -0.011293 -0.280518
v -0.009351 -0.017598 -0.312280
v -0.008354 -0.017423 -0.335566
v -0.009381 0.013828 -0.302053
v -0.000301 0.034702 -0.315396
v -0.009318 -0.010341 -0.344176
v -0.007186 0.017234 -0.313417
v -0.005925 -0.025853 -0.326184
v -0.006685 -0.024139 -0.308129
v -0.002703 -0.029691 -0.312986
v -0.011149 -0.019037 -0.277951
v -0.015622 -0.013394 -0.248573
v -0.014635 -0.017793 -0.247143
v -0.012300 -0.022439 -0.249319
v -0.014845 -0.023554 -0.232358
v -0.011913 -0.026885 -0.234725
v -0.015448 -0.027694 -0.217980
v -0.019505 -0.021172 -0.207890
v -0.018939 -0.025783 -0.202771
v -0.022655 -0.020547 -0.190315
v -0.022854 -0.026642 -0.182886
v -0.019076 -0.030758 -0.194169
v -0.019338 -0.036521 -0.184900
v -0.022264 -0.037447 -0.173410
v -0.025458 -0.035262 -0.161341
v -0.023154 -0.042897 -0.163216
v -0.026470 -0.044472 -0.146908
v -0.030810 -0.047409 -0.126302
v -0.031062 -0.028561 -0.139782
v -0.033561 -0.036537 -0.124589
v -0.036771 -0.054620 -0.102191
v -0.034623 -0.067205 -0.100454
v -0.028063 -0.064903 -0.121237
v -0.029214 -0.070415 -0.112664
v -0.027267 -0.058712 -0.129017
v -0.024891 -0.063231 -0.128156
v -0.025112 -0.057839 -0.135471
v -0.038364 -0.062340 -0.092626
v -0.031130 -0.078850 -0.098270
v -0.042925 -0.061044 -0.078347
v -0.041537 -0.072537 -0.072061
v -0.046274 -0.061394 -0.065602
v -0.047044 -0.040839 -0.072041
v -0.049397 -0.048556 -0.057852
v -0.048664 -0.017780 -0.072745
v -0.044281 -0.032410 -0.087035
v -0.051101 -0.020095 -0.057732
v -0.048245 -0.061222 -0.056697
v -0.043914 -0.016791 -0.094419
v -0.037975 -0.015879 -0.117908
v -0.048970 -0.005544 -0.069242
v -0.049875 0.007839 -0.055572
v -0.048550 0.004170 -0.068151
v -0.045349 0.017582 -0.081627
v -0.052696 -0.018930 -0.040962
v -0.052299 -0.030908 -0.041235
v -0.053966 -0.019202 -0.024159
v -0.055452 -0.031684 -0.002325
v -0.055073 -0.009382 -0.000916
v -0.051323 0.005259 -0.038868
v -0.055930 -0.022317 -0.000555
v -0.044716 0.001682 -0.090444
v -0.048073 0.022610 -0.058439
v -0.043030 -0.047588 -0.085047
v -0.024252 -0.051784 -0.146781
v -0.020641 -0.048955 -0.159329
v -0.034338 -0.081506 -0.087085
v -0.017172 -0.036469 -0.189719
v -0.026801 -0.052393 -0.137287
v -0.022541 -0.009550 -0.202714
v -0.025749 -0.021869 -0.172344
v -0.016285 -0.030214 -0.204502
v -0.020301 -0.041428 -0.173950
v -0.006431 -0.024669 -0.298643
v -0.000095 -0.032070 -0.304586
v -0.002371 -0.028834 -0.292287
v -0.000313 -0.031844 -0.271311
v -0.017778 -0.015644 -0.228013
v -0.010517 -0.017838 -0.291477
v -0.006464 -0.024895 -0.337227
v -0.000722 -0.033730 -0.329123
v -0.002758 -0.029398 -0.267526
v -0.001303 -0.030770 -0.256782
v -0.006848 -0.028125 -0.246928
v -0.009925 -0.024552 -0.255639
v -0.006546 0.010918 -0.359721
v -0.011819 0.012844 -0.271266
v -0.006791 -0.023340 -0.360519
v -0.003571 -0.030935 -0.332866
v -0.004814 -0.032904 -0.360017
v -0.005803 -0.031051 -0.376386
v -0.004073 -0.038482 -0.370370
v -0.004184 -0.042824 -0.385995
v -0.007261 -0.018614 -0.381863
v -0.006241 -0.033490 -0.392849
v -0.006715 -0.025438 -0.396791
v -0.006468 -0.040589 -0.415160
v -0.005681 -0.051702 -0.411661
v -0.005118 -0.019378 -0.410324
v -0.006560 -0.055392 -0.428817
v -0.005872 -0.060355 -0.422910
v -0.006355 -0.068813 -0.434505
v -0.006735 -0.068699 -0.441197
v -0.006758 -0.085829 -0.454740
v -0.005713 -0.078753 -0.439627
v -0.004397 -0.082795 -0.435211
v -0.005262 -0.051795 -0.438036
v -0.004944 -0.089473 -0.444403
v -0.004515 -0.063269 -0.454648
v -0.004126 -0.029998 -0.427481
v -0.004411 -0.068676 -0.420027
v -0.006220 -0.010829 -0.393804
v -0.002354 -0.043966 -0.374246
v -0.001817 -0.050004 -0.384902
v -0.000227 -0.049906 -0.379567
v 0.000088 -0.054053 -0.384980
v -0.000051 -0.057786 -0.392019
v -0.002318 -0.059643 -0.400895
v 0.000025 -0.060072 -0.394529
v 0.000051 -0.063097 -0.398458
v -0.000700 -0.065455 -0.403919
v -0.002324 -0.071559 -0.415772
v 0.000073 -0.067840 -0.405268
v 0.000024 -0.069374 -0.407792
v -0.000068 -0.072011 -0.410279
v 0.000146 -0.074442 -0.412922
v -0.005318 -0.038766 -0.389285
v -0.006403 -0.080151 -0.455363
v -0.002399 -0.035869 -0.348865
v -0.000491 -0.076690 -0.416111
v 0.000120 -0.079954 -0.418636
v -0.000077 -0.081862 -0.420638
v -0.000199 0.046190 -0.342747
v -0.015974 -0.042135 -0.179594
v -0.001153 -0.046149 -0.374937
v 0.000164 -0.043629 -0.363403
v -0.000839 -0.042001 -0.361778
v -0.002826 -0.096155 -0.442007
v -0.005217 -0.095564 -0.453434
v 0.000238 -0.039851 -0.350554
v -0.001947 -0.087422 -0.430958
v -0.015920 -0.046799 -0.171653
v -0.015526 -0.007344 -0.260557
v -0.005084 0.022787 -0.346917
v -0.042981 0.030898 -0.083132
v -0.042988 0.040922 -0.071697
v -0.038331 0.045248 -0.094165
v -0.037100 0.068670 -0.071196
v -0.034182 0.074471 -0.080844
v -0.033597 0.087275 -0.064435
v -0.037280 0.077969 -0.054096
v -0.033428 0.092888 -0.053301
v -0.029408 0.107319 -0.051955
v -0.031134 0.107918 -0.022545
v -0.035049 0.096523 -0.010684
v -0.025618 0.118745 -0.053094
v -0.038894 0.076785 -0.033276
v -0.040300 0.064773 -0.054709
v -0.034127 0.058653 -0.100291
v -0.029067 0.118329 -0.003771
v -0.026331 0.106439 -0.071457
v -0.022160 0.136215 -0.026172
v -0.033889 0.046118 -0.116069
v -0.031198 0.064519 -0.107451
v -0.031098 0.047143 -0.127748
v -0.030075 0.084488 -0.087485
v -0.036292 0.096890 0.024412
v -0.027672 0.059263 -0.128115
v -0.026797 0.048422 -0.142269
v -0.026945 0.068620 -0.119533
v -0.022644 0.070019 -0.132187
v -0.024485 0.081088 -0.113060
v -0.020439 0.083567 -0.122462
v -0.020499 0.092405 -0.112521
v -0.020370 0.098392 -0.106084
v -0.039105 0.085139 0.015035
v -0.032654 0.110255 0.033659
v -0.020721 0.146948 0.013260
v -0.025790 0.132290 0.050859
v -0.020455 0.148348 0.051487
v -0.022109 0.143226 0.064300
v -0.017470 0.155164 0.068887
v -0.021900 0.143764 0.080418
v -0.016273 0.157403 0.078502
v -0.016822 0.155016 0.097396
v -0.017466 0.152761 0.112601
v -0.023178 0.138802 0.122883
v -0.028642 0.124958 0.111054
v -0.033572 0.112627 0.127037
v -0.037234 0.101848 0.101085
v -0.039341 0.096462 0.126015
v -0.043992 0.080765 0.099011
v -0.044778 0.079258 0.125721
v -0.038347 0.097887 0.078709
v -0.038908 0.097358 0.148642
v -0.044615 0.077260 0.079634
v -0.017757 0.150759 0.128885
v -0.033979 0.110698 0.158867
v -0.023745 0.136569 0.141771
v -0.017614 0.149478 0.153567
v -0.022262 0.137298 0.169888
v -0.017362 0.145690 0.188680
v -0.018293 0.142212 0.198111
v -0.027961 0.121164 0.201532
v -0.024461 0.124268 0.233437
v -0.029286 0.115059 0.223507
v -0.029244 0.109527 0.253708
v -0.035387 0.102536 0.208323
v -0.034873 0.106478 0.180768
v -0.028091 0.123909 0.174513
v -0.023782 0.122501 0.250263
v -0.017905 0.126256 0.284331
v -0.017788 0.129851 0.271308
v -0.025597 0.107088 0.295119
v -0.018572 0.117788 0.314180
v -0.018016 0.121959 0.302143
v -0.018714 0.114213 0.325048
v -0.028263 0.087858 0.331338
v -0.024249 0.092834 0.342790
v -0.018583 0.109111 0.337833
v -0.030305 0.091710 0.304207
v -0.036187 0.077309 0.297058
v -0.033693 0.074567 0.323605
v -0.037679 0.065483 0.311849
v -0.035408 0.057484 0.332753
v -0.031717 0.071499 0.339573
v -0.037677 0.050297 0.325222
v -0.039787 0.023656 0.333215
v -0.034768 0.039281 0.356905
v -0.033636 0.048430 0.356472
v -0.032260 0.051896 0.364336
v -0.031295 0.049556 0.381606
v -0.033180 0.036249 0.379202
v -0.036793 0.016827 0.359935
v -0.034227 0.021424 0.380674
v -0.032832 0.026569 0.392623
v -0.034501 0.001896 0.390207
v -0.032627 0.015999 0.401691
v -0.032406 0.021122 0.404373
v -0.032071 0.034918 0.403285
v -0.031533 0.041906 0.397796
v -0.031559 0.044251 0.403804
v -0.030399 0.050853 0.407036
v -0.033762 0.041096 0.409139
v -0.033293 0.024089 0.408228
v -0.032371 0.008388 0.406692
v -0.036328 -0.003411 0.379197
v -0.035992 -0.023962 0.394779
v -0.038949 -0.020301 0.373256
v -0.038850 -0.031376 0.380291
v -0.030853 0.048915 0.395222
v -0.033553 0.018883 0.408745
v -0.038271 0.012617 0.351798
v -0.041210 0.031033 0.319029
v -0.032413 -0.009102 0.412883
v -0.032034 0.003772 0.412763
v -0.032011 -0.000087 0.415336
v -0.031822 -0.001404 0.421604
v -0.030926 -0.016724 0.424856
v -0.033595 0.005147 0.421880
v -0.030714 -0.006434 0.427094
v -0.030267 -0.000615 0.433004
v -0.028720 -0.010419 0.437489
v -0.030648 0.063294 0.358445
v -0.031205 0.096008 0.283671
v -0.018480 0.103167 0.353507
v -0.026745 0.082225 0.351571
v -0.022254 0.087893 0.366930
v -0.022972 0.081337 0.379501
v -0.017827 0.093759 0.380926
v -0.018236 0.084805 0.401416
v -0.018153 0.099307 0.366114
v -0.016776 0.143439 0.203538
v -0.031255 0.080026 0.330371
v -0.018210 0.139069 0.221333
v -0.018254 0.132883 0.255433
v -0.036897 0.095039 0.229222
v -0.023970 0.069075 0.402721
v -0.026638 0.069599 0.380865
v -0.018133 0.077086 0.417336
v -0.024312 0.063367 0.416243
v -0.018269 0.071441 0.427533
v -0.022195 0.063207 0.427107
v -0.023155 0.057294 0.434425
v -0.027307 0.054328 0.419413
v -0.040570 0.061517 0.298617
v -0.048422 0.066088 0.123891
v -0.043990 0.081461 0.149068
v -0.016015 0.156717 0.089368
v -0.016009 0.153741 0.125165
v -0.016356 0.157864 0.057062
v -0.017551 0.155607 0.009551
v -0.033861 0.034111 -0.126601
v -0.028353 0.126484 0.078881
v -0.036231 0.101813 0.056222
v -0.022881 0.053280 -0.150337
v -0.038503 0.034438 -0.103831
v -0.017633 0.156077 0.052990
v -0.045237 0.007483 0.311643
v -0.045713 0.019419 0.297321
v -0.048292 -0.001557 0.295670
v -0.048419 0.008804 0.284657
v -0.050118 -0.004586 0.279242
v -0.049937 0.023683 0.259426
v -0.051458 0.016113 0.252872
v -0.048345 0.043319 0.252695
v -0.051362 0.029393 0.235488
v -0.052272 0.021985 0.227770
v -0.051471 0.041382 0.213218
v -0.052659 0.033327 0.207829
v -0.051147 0.046060 0.205462
v -0.048055 0.064959 0.206646
v -0.049306 0.052007 0.224451
v -0.052399 0.041656 0.180975
v -0.048294 0.065138 0.182738
v -0.052551 0.042945 0.170481
v -0.057031 0.013270 0.163687
v -0.056053 0.023579 0.145834
v -0.058357 0.004616 0.129435
v -0.055447 0.027800 0.126699
v -0.053576 0.038646 0.128457
v -0.056852 0.017325 0.125551
v -0.058619 -0.000008 0.090290
v -0.057905 0.004030 0.075565
v -0.059386 -0.010071 0.114850
v -0.059983 -0.021746 0.091336
v -0.059524 -0.012307 0.138671
v -0.059111 -0.011688 0.074600
v -0.059759 -0.022788 0.137695
v -0.058976 -0.021072 0.163379
v -0.059539 -0.036255 0.133811
v -0.058792 -0.009318 0.164190
v -0.057740 -0.018338 0.178782
v -0.058629 -0.034567 0.162680
v -0.057416 -0.047887 0.164293
v -0.058389 -0.047809 0.139354
v -0.059126 -0.045158 0.125109
v -0.057548 -0.058896 0.127502
v -0.056971 0.003369 0.181758
v -0.057672 -0.037591 0.175173
v -0.056534 0.001291 0.188989
v -0.056178 -0.059645 0.149583
v -0.053531 -0.075682 0.125975
v -0.053837 -0.075516 0.109169
v -0.048505 -0.095468 0.093897
v -0.053799 -0.075924 0.086489
v -0.048777 -0.091820 0.126670
v -0.047726 -0.095204 0.123673
v -0.046612 -0.092688 0.147537
v -0.044670 -0.095684 0.149090
v -0.048117 -0.095294 0.069155
v -0.053449 -0.076383 0.073234
v -0.057275 -0.059924 0.072944
v -0.053245 -0.075051 0.056277
v -0.057575 -0.059815 0.091101
v -0.046548 -0.098696 0.073720
v -0.040115 -0.109815 0.068301
v -0.037704 -0.113217 0.040217
v -0.035216 -0.117813 0.049587
v -0.041853 -0.105218 0.039118
v -0.047380 -0.093785 0.039403
v -0.044015 -0.098238 0.014896
v -0.046028 -0.091452 0.003180
v -0.034567 -0.117274 0.010666
v -0.043534 -0.096999 -0.002987
v -0.039452 -0.106348 -0.003493
v -0.038698 -0.103786 -0.025230
v -0.034596 -0.115822 -0.004450
v -0.033988 -0.112481 -0.030197
v -0.037782 -0.102112 -0.039064
v -0.033574 -0.107594 -0.049245
v -0.030659 -0.113123 -0.047563
v -0.029648 -0.119308 -0.032415
v -0.030897 -0.121358 -0.008362
v -0.039539 -0.092186 -0.053149
v -0.034249 -0.098992 -0.062843
v -0.034568 -0.089730 -0.076114
v -0.041673 -0.094670 -0.031723
v -0.038270 -0.110716 0.015024
v -0.051004 -0.078165 0.151598
v -0.046288 -0.099701 0.091826
v -0.044812 -0.093219 0.171408
v -0.043529 -0.095980 0.172220
v -0.042878 -0.098687 0.198196
v -0.047791 -0.084959 0.175008
v -0.048489 -0.083599 0.199664
v -0.047064 -0.086162 0.213679
v -0.042523 -0.098951 0.208412
v -0.042004 -0.097478 0.226265
v -0.047820 -0.082402 0.223461
v -0.060071 -0.031253 0.091238
v -0.058054 0.003550 0.163117
v -0.051476 0.050371 0.149227
v -0.054641 0.028535 0.076205
v -0.043179 0.082645 0.180989
v -0.046909 0.064347 0.233046
v -0.043464 0.077606 0.223873
v -0.041971 0.076738 0.248391
v -0.045179 0.063918 0.254627
v -0.054268 0.024844 0.188812
v -0.051888 0.006513 0.251605
v -0.051956 -0.002524 0.241044
v -0.052491 0.002148 0.225869
v -0.053164 -0.009112 0.221641
v -0.053802 0.004198 0.210783
v -0.050670 -0.075358 0.200404
v -0.052954 -0.011331 0.232052
v -0.053546 -0.018522 0.223944
v -0.054166 -0.020240 0.236565
v -0.054706 -0.027146 0.234484
v -0.053660 -0.029188 0.222548
v -0.054768 -0.035914 0.232418
v -0.054431 -0.040699 0.231604
v -0.053298 -0.045709 0.225470
v -0.054056 -0.045356 0.232522
v -0.052741 -0.052465 0.230819
v -0.053569 -0.049617 0.236407
v -0.051613 -0.057429 0.239726
v -0.052573 -0.050117 0.245578
v -0.052375 -0.044941 0.251375
v -0.049950 -0.061946 0.250870
v -0.049063 -0.055981 0.267761
v -0.050822 -0.042918 0.271820
v -0.049882 -0.042869 0.285927
v -0.047165 -0.069940 0.261421
v -0.053219 -0.033523 0.250673
v -0.045834 -0.066798 0.281961
v -0.049319 -0.043829 0.297266
v -0.049319 -0.032181 0.301547
v -0.047767 -0.048945 0.327795
v -0.047889 -0.035590 0.326287
v -0.049337 -0.022976 0.299224
v -0.045269 -0.052144 0.346510
v -0.046808 -0.052204 0.333676
v -0.045112 -0.039486 0.346884
v -0.046508 -0.027206 0.332558
v -0.043092 -0.046136 0.361134
v -0.045629 -0.060261 0.306441
v -0.043527 -0.057147 0.353012
v -0.042766 -0.084157 0.273380
v -0.041973 -0.079034 0.295516
v -0.039234 -0.083746 0.303169
v -0.039553 -0.091123 0.275784
v -0.033475 -0.099589 0.289906
v -0.045869 -0.081515 0.247712
v -0.041139 -0.073770 0.320325
v -0.038300 -0.081039 0.320551
v -0.039457 -0.072161 0.339657
v -0.043484 -0.069057 0.307707
v -0.049800 -0.072173 0.233651
v -0.051177 -0.027405 0.274645
v -0.052078 -0.057752 0.222391
v -0.053300 -0.014580 0.243001
v -0.048878 0.047455 0.240112
v -0.053945 -0.037676 0.248167
v -0.046270 0.040167 0.274214
v -0.047985 -0.018554 0.312179
v -0.047796 0.065116 0.077974
v -0.051902 0.047872 0.124825
v -0.056352 -0.058751 0.047468
v -0.053425 -0.071530 0.040961
v -0.053675 -0.059656 0.001731
v -0.055077 -0.044021 0.002109
v -0.051190 -0.059269 -0.030604
v -0.049475 -0.072287 -0.017386
v -0.051868 -0.069994 0.007873
v -0.058299 -0.041575 0.059201
v -0.059287 -0.039549 0.073799
v -0.048747 -0.090334 0.043844
v -0.028098 -0.020615 0.441474
v -0.029344 -0.032147 0.439225
v -0.027399 -0.032413 0.451678
v -0.028713 -0.039018 0.442584
v -0.026195 -0.022584 0.451148
v -0.026188 -0.029597 0.456405
v -0.026107 -0.038909 0.462784
v -0.024402 -0.029411 0.463879
v -0.024215 -0.038064 0.471045
v -0.025103 -0.045667 0.469847
v -0.022914 -0.037786 0.478215
v -0.023191 -0.042893 0.478274
v -0.025400 -0.050726 0.465890
v -0.022058 -0.051737 0.478881
v -0.018431 -0.051770 0.487537
v -0.015969 -0.057695 0.489200
v -0.022741 -0.059964 0.467789
v -0.017466 -0.040271 0.490507
v -0.025377 -0.058037 0.454781
v -0.020894 -0.057537 0.478246
v -0.018596 -0.034609 0.484470
v -0.013832 -0.034288 0.490764
v -0.009951 -0.040008 0.497179
v -0.010618 -0.044816 0.497772
v -0.023089 -0.024795 0.460977
v -0.021935 -0.032188 0.474205
v -0.017319 -0.043818 0.491449
v -0.030965 -0.037260 0.428348
v -0.027439 -0.046389 0.451689
v -0.052834 0.038328 0.075992
v -0.026371 -0.014982 0.448223
v -0.058317 -0.023302 0.047225
v -0.043068 0.050365 0.291295
v -0.042471 -0.029453 0.358035
v -0.030762 -0.012469 -0.152583
v -0.034373 -0.012713 -0.134988
v -0.030807 0.002541 -0.153710
v -0.034822 0.004346 -0.134519
v -0.030504 0.015752 -0.150227
v -0.035021 0.019387 -0.129670
v -0.029861 0.025764 -0.147785
v -0.025721 0.017143 -0.171115
v -0.026427 0.009899 -0.173205
v -0.043015 -0.090444 0.248051
v -0.053309 0.008493 -0.001440
v -0.055411 0.008333 0.040118
v -0.052450 0.026946 0.035416
v -0.050536 0.027110 -0.002600
v -0.046701 0.047359 0.000092
v -0.045638 0.063939 0.034374
v -0.056005 0.011131 0.054747
v -0.043258 0.063011 -0.005020
v -0.046047 0.040910 -0.042224
v -0.048889 0.027495 -0.035260
v -0.045274 0.040310 -0.056087
v -0.042930 0.082034 0.206069
v -0.012174 0.013011 -0.265796
v -0.052524 -0.009723 0.251550
v -0.038772 0.077859 0.272596
v -0.015005 0.010234 -0.244949
v -0.013486 0.013744 -0.246293
v -0.015315 0.013448 -0.235336
v -0.019017 0.008621 -0.218352
v -0.019694 0.013065 -0.206459
v -0.015104 0.017649 -0.222558
v -0.018254 0.018681 -0.203770
v -0.022205 0.002808 -0.203519
v -0.017523 0.001098 -0.239864
v -0.034803 -0.039727 0.406775
v -0.039674 -0.045549 0.380538
v -0.034472 -0.050481 0.404288
v -0.030409 -0.051005 0.423124
v -0.034528 -0.061136 0.397839
v -0.030063 -0.062851 0.415959
v -0.027555 -0.062736 0.427348
v -0.026436 -0.060699 0.432378
v -0.028741 -0.050511 0.432327
v -0.057083 -0.041141 0.036635
v -0.027756 0.126577 0.148242
v -0.029103 0.060157 0.381405
v -0.047890 0.067801 0.166152
v -0.027188 0.057811 0.408989
v -0.054707 -0.025616 0.207028
v -0.057153 -0.005867 0.044575
v -0.054625 0.001829 0.203043
v -0.007750 -0.002647 -0.362884
v -0.004523 -0.077726 -0.467315
v -0.001690 -0.072382 -0.476188
v -0.001832 -0.046466 -0.452925
v -0.000073 -0.054835 -0.465716
v -0.004044 -0.097141 -0.481182
v -0.001778 -0.092591 -0.488653
v -0.000059 -0.079641 -0.484275
v 0.000043 -0.072718 -0.480848
v -0.000139 -0.082486 -0.486601
v -0.000132 -0.090301 -0.492482
v -0.000366 -0.096735 -0.495410
v 0.000236 -0.099213 -0.497866
v -0.000710 -0.106337 -0.499171
v -0.000046 -0.049254 -0.460669
v 0.000071 -0.044068 -0.455961
v 0.000193 -0.040449 -0.452181
v 0.000001 -0.066246 -0.476514
v 0.000246 -0.032670 -0.446201
v -0.001792 -0.031364 -0.439144
v 0.000293 -0.025309 -0.439459
v 0.000210 -0.021701 -0.436362
v -0.054431 -0.019163 0.241066
v -0.053775 -0.020068 0.246085
v 0.000427 -0.013320 -0.431010
v -0.002233 -0.014135 -0.424208
v 0.000515 -0.009360 -0.428143
v 0.000359 0.002484 -0.423651
v -0.059393 -0.044300 0.090702
v -0.040420 0.068536 -0.040292
v -0.026736 -0.009912 -0.174902
v -0.045935 -0.084056 -0.022738
v -0.003698 -0.040542 -0.438158
v -0.022972 0.126852 -0.052172
v -0.019108 0.122845 -0.076203
v -0.019931 0.116916 -0.082779
v -0.020019 0.109096 -0.093231
v -0.018346 0.130508 -0.066075
v -0.017101 0.137107 -0.059499
v -0.016534 0.141042 -0.055409
v -0.016231 0.145235 -0.050777
v -0.041128 0.076057 0.010860
v -0.003417 -0.001985 -0.412645
v -0.003738 0.010364 -0.406998
v -0.005276 0.003736 -0.394953
v -0.004995 0.019755 -0.393808
v -0.004809 0.031307 -0.399500
v -0.007302 -0.001538 -0.371063
v -0.005413 0.015471 -0.381314
v -0.004970 0.031175 -0.377790
v -0.003488 0.026989 -0.410649
v -0.002219 0.016720 -0.414587
v -0.004994 0.050713 -0.408972
v -0.003720 -0.103597 -0.455140
v -0.004808 0.054572 -0.417868
v -0.005112 0.047949 -0.400604
v -0.001258 -0.112061 -0.455674
v -0.000151 -0.109236 -0.449905
v -0.003598 0.044442 -0.422547
v -0.004261 0.059556 -0.430199
v -0.003350 0.058031 -0.437714
v -0.003967 0.073016 -0.446888
v -0.004996 0.074772 -0.433934
v -0.005366 0.087654 -0.446081
v -0.005065 0.082783 -0.428169
v -0.005071 0.093841 -0.437972
v -0.005014 0.101486 -0.444710
v -0.005275 0.097792 -0.455416
v -0.004609 0.093983 -0.460845
v -0.005219 0.108613 -0.452411
v -0.005393 0.115169 -0.460375
v -0.003959 0.126754 -0.460163
v -0.004909 0.116017 -0.470910
v -0.004898 0.126674 -0.468795
v -0.003957 0.108853 -0.476625
v -0.003155 0.125153 -0.487514
v -0.001761 0.121091 -0.494475
v -0.001619 0.102040 -0.485266
v 0.000063 0.104167 -0.492141
v 0.000264 0.096281 -0.487034
v -0.000215 0.088880 -0.480340
v -0.001578 0.086326 -0.473646
v 0.000343 0.080782 -0.475168
v 0.000389 0.075230 -0.470110
v 0.000396 0.069623 -0.465003
v 0.000008 0.119643 -0.498489
v 0.000428 0.113196 -0.496567
v -0.002000 0.140926 -0.498122
v 0.000630 0.087885 -0.480252
v -0.001871 0.131276 -0.451748
v -0.000442 0.115697 -0.426709
v -0.000555 0.124356 -0.438660
v -0.000134 0.127321 -0.441484
v 0.000126 0.123268 -0.435506
v 0.000025 0.118002 -0.428148
v 0.000066 0.129247 -0.444018
v -0.000066 0.131727 -0.447139
v 0.000007 0.134558 -0.450205
v 0.000096 0.138030 -0.454045
v -0.001944 0.145196 -0.469929
v 0.000066 0.142635 -0.460513
v -0.000075 0.147564 -0.468091
v -0.000040 0.152949 -0.477226
v -0.002005 0.150608 -0.480868
v -0.000039 0.155881 -0.485417
v -0.001850 0.153576 -0.489192
v -0.000646 0.156516 -0.493717
v -0.001856 0.152901 -0.497732
v -0.000468 0.155118 -0.499254
v -0.000800 0.144410 -0.499646
v -0.003115 0.142277 -0.486719
v -0.003145 0.138956 -0.489250
v -0.003424 0.097504 -0.428378
v -0.000518 0.133000 -0.499579
v -0.003819 0.092213 -0.465929
v -0.000218 0.065605 -0.460396
v 0.000401 0.064528 -0.460243
v 0.000370 0.060519 -0.456668
v -0.000401 0.059344 -0.454583
v 0.000245 0.053087 -0.450706
v -0.000317 0.045463 -0.440961
v -0.005233 0.075998 -0.425635
v -0.002091 0.053280 -0.441602
v 0.000105 -0.105463 -0.445507
v -0.000098 -0.101650 -0.441113
v 0.000223 -0.099015 -0.438108
v -0.033368 -0.025146 0.413054
v -0.036816 -0.029052 -0.116469
v -0.026844 0.084864 -0.100429
v -0.020525 0.103257 -0.099378
v -0.007471 0.019396 -0.269646
v -0.001930 -0.117403 -0.497655
v -0.004946 -0.113041 -0.481141
v -0.003237 -0.120307 -0.489062
v -0.002066 -0.123205 -0.498093
v -0.001171 -0.123287 -0.499799
v -0.001067 -0.117265 -0.499424
v -0.001746 -0.126483 -0.485231
v -0.001074 -0.123723 -0.471889
v -0.004301 -0.109594 -0.467389
v -0.005587 -0.106148 -0.472510
v -0.000174 -0.126520 -0.474069
v 0.000184 -0.128835 -0.478226
v -0.000560 -0.112920 -0.500037
v -0.001218 -0.127933 -0.495240
v -0.004981 0.065928 -0.411260
v -0.020136 0.147642 -0.001241
v -0.016051 0.153986 -0.025623
v -0.016022 0.157297 0.000177
v -0.015193 0.156490 -0.014094
v -0.015277 0.153806 -0.033659
v -0.027783 0.072381 0.363848
v -0.057019 -0.020289 0.191920
v -0.043284 -0.080989 -0.053466
v -0.027310 -0.003569 0.446561
v -0.018960 0.135526 0.235005
v -0.004951 -0.101856 -0.460335
v -0.003402 -0.011767 -0.417515
v -0.052148 -0.007404 0.259710
v -0.056253 -0.051695 0.174867
v -0.007114 0.018804 -0.289031
v -0.005443 0.021548 -0.301483
v -0.002109 0.026712 -0.288234
v -0.000365 0.031779 -0.300306
v -0.000318 0.030449 -0.290741
v -0.000513 0.029343 -0.272878
v -0.030092 0.007588 0.440871
v -0.029865 0.012896 0.445141
v -0.027710 0.010982 0.452076
v -0.034124 0.011109 0.437645
v -0.029732 0.018893 0.447845
v -0.034409 0.016803 0.442091
v -0.032043 0.004703 0.434689
v -0.028114 0.019108 0.452483
v -0.024902 0.010875 0.464087
v -0.025860 0.023306 0.461562
v -0.026954 0.032255 0.452682
v -0.022723 0.033131 0.468273
v -0.024004 0.023277 0.468121
v -0.021569 0.023239 0.478736
v -0.020301 0.033040 0.476574
v -0.021693 0.044637 0.458229
v -0.024756 0.043323 0.449961
v -0.017676 0.032126 0.483883
v -0.018340 0.022527 0.486028
v -0.018125 0.014145 0.487315
v -0.016363 0.018883 0.489787
v -0.013075 0.014284 0.492960
v -0.014128 0.007035 0.489621
v -0.017909 0.008286 0.485298
v -0.019932 0.004437 0.477633
v -0.021608 0.008911 0.477050
v -0.009759 0.007850 0.493859
v -0.017941 0.050648 0.461312
v -0.022294 0.052661 0.445620
v -0.024602 0.000541 0.458496
v -0.029595 0.028469 0.448873
v -0.001705 0.097748 -0.413843
v -0.028044 0.037318 -0.147343
v -0.026261 0.096896 -0.086454
v -0.003855 0.131227 -0.481305
v -0.039187 -0.083797 -0.066976
v -0.004672 0.027323 -0.361787
v -0.039299 -0.057727 0.376621
v -0.004375 0.077950 -0.415330
v -0.023023 -0.013438 0.457964
v -0.016209 0.157803 0.018048
v -0.023028 -0.005028 -0.199862
v -0.008119 -0.014696 -0.365026
v -0.021598 -0.005778 -0.212119
v -0.056469 -0.045850 0.192106
v -0.055720 -0.051660 0.191307
v -0.052677 -0.062080 0.204527
v -0.027587 0.001512 -0.172441
v -0.032094 -0.087593 -0.085018
v -0.003880 0.025451 -0.314864
v -0.059685 -0.024881 0.072978
v -0.033404 0.010468 0.410997
v -0.000098 0.112016 -0.420689
v -0.000109 0.103664 -0.411723
v -0.000365 0.097576 -0.405698
v -0.000311 0.083132 -0.391269
v -0.051693 -0.043250 -0.040205
v -0.004440 0.048793 -0.387386
v -0.003459 0.044556 -0.370638
v -0.003450 0.060342 -0.389630
v -0.002067 0.051756 -0.366310
v -0.001788 0.066273 -0.382979
v -0.000058 0.067314 -0.373215
v -0.000095 0.074896 -0.382502
v -0.000004 0.059799 -0.363143
v -0.006217 -0.096221 -0.468268
v -0.016969 -0.008631 -0.244497
v -0.024824 -0.006156 0.454225
v -0.054005 -0.048031 0.206705
v -0.049448 -0.078612 0.001484
v -0.002710 0.076920 -0.400361
v -0.040295 0.018469 -0.105917
v -0.053048 -0.066912 0.172920
v -0.020145 0.139427 -0.037294
v -0.019177 -0.061873 0.477479
v -0.022890 -0.021479 0.458188
v -0.049318 -0.080849 0.166824
v -0.036770 0.020032 0.412006
v -0.044586 0.025634 0.415324
v -0.033891 0.030016 0.408539
v -0.045019 0.029222 0.414792
v -0.048991 0.028702 0.418776
v -0.048757 0.026538 0.421560
v -0.050517 0.036462 0.422478
v -0.047658 0.029565 0.429489
v -0.043831 0.018450 0.427047
v -0.043909 0.017753 0.421685
v -0.039029 0.013638 0.425676
v -0.039376 0.013309 0.419900
v -0.037465 0.010196 0.421866
v -0.043489 0.023660 0.434137
v -0.036431 0.009138 0.425453
v -0.044507 0.030991 0.435215
v -0.049361 0.035657 0.418213
v -0.044427 0.018886 0.419494
v -0.044752 0.034113 0.414911
v -0.029085 0.055211 0.397130
v -0.038403 0.002610 -0.117885
v -0.023222 0.013339 -0.186763
v -0.005079 0.056622 -0.405086
v 0.000081 -0.095605 -0.434608
v -0.007148 -0.024223 -0.287186
v -0.049209 0.021591 -0.043814
v -0.004335 -0.056024 -0.404800
v -0.006052 0.011720 -0.370870
v -0.035259 0.094470 0.252076
v -0.001886 0.031643 -0.422116
v -0.043182 0.063806 0.271605
v -0.054169 0.019277 0.197991
v -0.015220 0.149549 -0.045700
v -0.022141 0.015666 0.477005
v -0.000313 0.030999 -0.428199
v 0.000011 0.017291 -0.422608
v -0.022092 -0.028221 0.468888
v -0.050653 -0.073254 0.209894
v -0.034389 0.045181 0.414768
v -0.038355 0.040023 0.415493
v -0.040528 0.042232 0.421378
v -0.033459 0.007670 0.415492
v -0.053158 -0.047564 0.219503
v -0.034344 0.006896 0.433686
v -0.043456 -0.065506 0.324408
v -0.004769 -0.031143 -0.348343
v -0.003758 0.135974 -0.470679
v -0.033557 0.004118 0.426635
v -0.033785 0.035813 0.408450
v -0.017917 -0.004104 -0.241033
v -0.056914 -0.036434 0.192754
v -0.044098 -0.018731 0.341191
v -0.055419 -0.028117 0.248139
v -0.053564 -0.024069 0.249489
v 0.000387 -0.035142 -0.331411
v 0.000492 -0.128568 -0.499744
v 0.000391 -0.131375 -0.493728
v -0.022550 -0.003649 0.461741
v -0.018624 -0.030532 0.478414
v -0.030715 0.033593 0.446522
v -0.032681 0.022517 0.445463
v -0.002181 0.074723 -0.460444
v -0.022897 0.037122 -0.165763
v -0.020920 0.044755 -0.163779
v -0.020314 0.036954 -0.173682
v 0.000111 -0.131177 -0.488848
v -0.028219 -0.049441 0.439724
v -0.022923 0.026417 -0.174690
v -0.000015 -0.091417 -0.430261
v -0.000009 -0.087419 -0.426094
v -0.042147 0.082487 0.057932
v -0.046684 0.065111 0.055431
v -0.000886 -0.038014 -0.348965
v 0.000245 0.035719 -0.434542
v -0.000307 0.050146 -0.349586
v -0.039135 0.094992 0.180593
v -0.038714 -0.061885 0.375910
v -0.007542 -0.024592 -0.274212
v -0.039012 0.038128 0.414204
v 0.000046 -0.084622 -0.423676
v -0.034189 -0.105399 0.254102
v -0.018791 0.022245 -0.196456
v -0.019278 0.027884 -0.186709
v -0.053080 -0.020048 0.252994
v -0.046252 -0.012890 0.321979
v -0.020108 0.031077 -0.180993
v -0.050009 0.047474 0.054039
v -0.022817 0.005598 0.468660
v -0.020374 -0.000015 0.467684
v -0.019147 -0.006409 0.464018
v -0.046986 -0.073145 -0.041013
v -0.048607 0.038256 0.418549
v -0.019876 0.001679 0.472168
v -0.040907 -0.006142 0.349516
v -0.038901 0.014077 0.418728
v -0.019322 0.002394 0.475303
v -0.053286 0.028425 0.051942
v -0.000307 0.050146 -0.349586
v -0.002067 0.051756 -0.366310
v -0.003679 0.034230 -0.355726
v -0.003459 0.044556 -0.370638
v -0.004970 0.031175 -0.377790
v -0.004672 0.027323 -0.361787
v -0.006052 0.011720 -0.370870
v -0.000311 0.083132 -0.391269
v -0.002710 0.076920 -0.400361
v -0.001788 0.066273 -0.382979
v -0.000095 0.074896 -0.382502
v -0.002710 0.076920 -0.400361
v -0.004981 0.065928 -0.411260
v -0.003450 0.060342 -0.389630
v -0.004440 0.048793 -0.387386
v -0.005079 0.056622 -0.405086
v -0.003758 0.135974 -0.470679
v -0.003115 0.142277 -0.486719
v -0.004898 0.126674 -0.468795
v -0.003855 0.131227 -0.481305
v -0.003145 0.138956 -0.489250
v -0.002000 0.140926 -0.498122
v -0.001856 0.152901 -0.497732
v -0.000800 0.144410 -0.499646
v -0.000518 0.133000 -0.499579
v -0.006052 0.011720 -0.370870
v -0.007302 -0.001538 -0.371063
v -0.007750 -0.002647 -0.362884
v -0.008119 -0.014696 -0.365026
v -0.006758 -0.085829 -0.454740
v -0.006217 -0.096221 -0.468268
v -0.005587 -0.106148 -0.472510
v -0.004951 -0.101856 -0.460335
v -0.022205 0.002808 -0.203519
v -0.017917 -0.004104 -0.241033
v -0.021598 -0.005778 -0.212119
v -0.023028 -0.005028 -0.199862
v -0.027587 0.001512 -0.172441
v -0.023222 0.013339 -0.186763
v -0.038403 0.002610 -0.117885
v -0.034373 -0.012713 -0.134988
v -0.037975 -0.015879 -0.117908
v -0.031062 -0.028561 -0.139782
v -0.036816 -0.029052 -0.116469
v -0.040295 0.018469 -0.105917
v -0.035021 0.019387 -0.129670
v -0.038403 0.002610 -0.117885
v -0.033861 0.034111 -0.126601
v -0.029861 0.025764 -0.147785
v -0.028044 0.037318 -0.147343
v -0.055452 -0.031684 -0.002325
v -0.051693 -0.043250 -0.040205
v -0.055077 -0.044021 0.002109
v -0.057083 -0.041141 0.036635
v -0.059685 -0.024881 0.072978
v -0.058317 -0.023302 0.047225
v -0.058299 -0.041575 0.059201
v -0.057083 -0.041141 0.036635
v -0.059111 -0.011688 0.074600
v -0.057153 -0.005867 0.044575
v -0.060071 -0.031253 0.091238
v -0.059685 -0.024881 0.072978
v -0.059287 -0.039549 0.073799
v -0.059393 -0.044300 0.090702
v -0.051693 -0.043250 -0.040205
v -0.048245 -0.061222 -0.056697
v -0.051190 -0.059269 -0.030604
v -0.049475 -0.072287 -0.017386
v -0.046986 -0.073145 -0.041013
v -0.045935 -0.084056 -0.022738
v -0.043284 -0.080989 -0.053466
v -0.049448 -0.078612 0.001484
v -0.056005 0.011131 0.054747
v -0.057153 -0.005867 0.044575
v -0.057905 0.004030 0.075565
v -0.053286 0.028425 0.051942
v -0.040300 0.064773 -0.054709
v -0.045274 0.040310 -0.056087
v -0.046047 0.040910 -0.042224
v -0.040420 0.068536 -0.040292
v -0.002219 0.016720 -0.414587
v -0.000157 0.000347 -0.423685
v -0.003417 -0.001985 -0.412645
v 0.000011 0.017291 -0.422608
v -0.003402 -0.011767 -0.417515
v -0.002233 -0.014135 -0.424208
v -0.004126 -0.029998 -0.427481
v -0.001792 -0.031364 -0.439144
v -0.003698 -0.040542 -0.438158
v -0.056971 0.003369 0.181758
v -0.057031 0.013270 0.163687
v -0.058054 0.003550 0.163117
v -0.054268 0.024844 0.188812
v -0.051902 0.047872 0.124825
v -0.052834 0.038328 0.075992
v -0.053576 0.038646 0.128457
v -0.048422 0.066088 0.123891
v -0.051476 0.050371 0.149227
v -0.047890 0.067801 0.166152
v -0.053158 -0.047564 0.219503
v -0.054005 -0.048031 0.206705
v -0.052078 -0.057752 0.222391
v -0.052677 -0.062080 0.204527
v -0.050653 -0.073254 0.209894
v -0.054169 0.019277 0.197991
v -0.056534 0.001291 0.188989
v -0.054625 0.001829 0.203043
v -0.057019 -0.020289 0.191920
v -0.047985 -0.018554 0.312179
v -0.050118 -0.004586 0.279242
v -0.049337 -0.022976 0.299224
v -0.052148 -0.007404 0.259710
v -0.038894 0.076785 -0.033276
v -0.040420 0.068536 -0.040292
v -0.043258 0.063011 -0.005020
v -0.041128 0.076057 0.010860
v -0.045179 0.063918 0.254627
v -0.048878 0.047455 0.240112
v -0.048345 0.043319 0.252695
v -0.043068 0.050365 0.291295
v -0.043182 0.063806 0.271605
v -0.053080 -0.020048 0.252994
v -0.053775 -0.020068 0.246085
v -0.053564 -0.024069 0.249489
v -0.055419 -0.028117 0.248139
v -0.055720 -0.051660 0.191307
v -0.056253 -0.051695 0.174867
v -0.050670 -0.075358 0.200404
v -0.053048 -0.066912 0.172920
v -0.050653 -0.073254 0.209894
v -0.039674 -0.045549 0.380538
v -0.038850 -0.031376 0.380291
v -0.043092 -0.046136 0.361134
v -0.042471 -0.029453 0.358035
v -0.039299 -0.057727 0.376621
v -0.030965 -0.037260 0.428348
v -0.033368 -0.025146 0.413054
v -0.034803 -0.039727 0.406775
v -0.030409 -0.051005 0.423124
v -0.028741 -0.050511 0.432327
v -0.028219 -0.049441 0.439724
v -0.043179 0.082645 0.180989
v -0.043990 0.081461 0.149068
v -0.047890 0.067801 0.166152
v -0.039135 0.094992 0.180593
v -0.026638 0.069599 0.380865
v -0.029103 0.060157 0.381405
v -0.029085 0.055211 0.397130
v -0.030648 0.063294 0.358445
v -0.027783 0.072381 0.363848
v -0.028219 -0.049441 0.439724
v -0.026436 -0.060699 0.432378
v -0.025377 -0.058037 0.454781
v -0.049800 -0.072173 0.233651
v -0.050653 -0.073254 0.209894
v -0.047820 -0.082402 0.223461
v -0.045869 -0.081515 0.247712
v -0.043015 -0.090444 0.248051
v -0.000365 0.031779 -0.300306
v -0.000301 0.034702 -0.315396
v -0.003880 0.025451 -0.314864
v -0.026745 0.082225 0.351571
v -0.031255 0.080026 0.330371
v -0.031717 0.071499 0.339573
v -0.027783 0.072381 0.363848
v -0.027188 0.057811 0.408989
v -0.029085 0.055211 0.397130
v -0.030399 0.050853 0.407036
v -0.027307 0.054328 0.419413
v -0.034873 0.106478 0.180768
v -0.033979 0.110698 0.158867
v -0.039135 0.094992 0.180593
v -0.028091 0.123909 0.174513
v -0.027756 0.126577 0.148242
v -0.036897 0.095039 0.229222
v -0.042930 0.082034 0.206069
v -0.043464 0.077606 0.223873
v -0.041971 0.076738 0.248391
v -0.035259 0.094470 0.252076
v -0.020525 0.103257 -0.099378
v -0.026261 0.096896 -0.086454
v -0.020019 0.109096 -0.093231
v -0.004951 -0.101856 -0.460335
v -0.004301 -0.109594 -0.467389
v -0.001258 -0.112061 -0.455674
v -0.001074 -0.123723 -0.471889
v -0.000262 -0.118330 -0.461635
v -0.000329 -0.114615 -0.457112
v -0.041537 -0.072537 -0.072061
v -0.039187 -0.083797 -0.066976
v -0.043284 -0.080989 -0.053466
v -0.039539 -0.092186 -0.053149
v -0.034338 -0.081506 -0.087085
v -0.034568 -0.089730 -0.076114
v -0.039187 -0.083797 -0.066976
v -0.032094 -0.087593 -0.085018
v -0.004335 -0.056024 -0.404800
v -0.004411 -0.068676 -0.420027
v -0.002324 -0.071559 -0.415772
v -0.001947 -0.087422 -0.430958
v -0.004769 -0.031143 -0.348343
v -0.002399 -0.035869 -0.348865
v -0.003571 -0.030935 -0.332866
v 0.000387 -0.035142 -0.331411
v -0.000886 -0.038014 -0.348965
v -0.026801 -0.052393 -0.137287
v -0.024252 -0.051784 -0.146781
v -0.025112 -0.057839 -0.135471
v -0.038270 -0.110716 0.015024
v -0.034596 -0.115822 -0.004450
v -0.034567 -0.117274 0.010666
v -0.038901 0.014077 0.418728
v -0.033459 0.007670 0.415492
v -0.037465 0.010196 0.421866
v -0.033595 0.005147 0.421880
v -0.033557 0.004118 0.426635
v -0.036013 0.009404 0.429871
v -0.036431 0.009138 0.425453
v -0.033557 0.004118 0.426635
v -0.034344 0.006896 0.433686
v -0.034124 0.011109 0.437645
v -0.036213 0.014864 0.432564
v -0.039029 0.013638 0.425676
v -0.039530 0.017481 0.433412
v -0.043831 0.018450 0.427047
v -0.034993 0.014814 0.435927
v -0.035927 0.019610 0.439978
v -0.037755 0.023477 0.439774
v -0.043489 0.023660 0.434137
v -0.034508 0.014176 0.434574
v -0.034409 0.016803 0.442091
v -0.038166 0.031235 0.440689
v -0.033654 0.028682 0.445210
v -0.032681 0.022517 0.445463
v -0.029595 0.028469 0.448873
v -0.044507 0.030991 0.435215
v -0.034993 0.014814 0.435927
v -0.034508 0.014176 0.434574
v -0.034124 0.011109 0.437645
v -0.035927 0.019610 0.439978
v -0.034409 0.016803 0.442091
v -0.009925 -0.024552 -0.255639
v -0.006848 -0.028125 -0.246928
v -0.011913 -0.026885 -0.234725
v -0.005750 -0.031766 -0.229609
v -0.048607 0.038256 0.418549
v -0.038355 0.040023 0.415493
v -0.039012 0.038128 0.414204
vn -0.0805 -0.0357 -0.9961
vn -0.0043 -0.1391 -0.9903
vn -0.0309 -0.1274 -0.9914
vn -0.0066 0.1141 -0.9934
vn -0.1057 0.0636 -0.9924
vn 0.6656 0.6365 -0.3898
vn 0.1957 0.8960 -0.3986
vn 0.9828 -0.1829 -0.0260
vn 0.9903 -0.0486 0.1299
vn 0.9896 -0.0277 0.1414
vn 0.9821 -0.1497 0.1139
vn 0.9355 -0.0572 -0.3488
vn 0.9688 -0.1743 -0.1764
vn 0.9791 -0.1968 -0.0513
vn 0.9633 -0.2584 -0.0731
vn -0.2952 0.8983 -0.3254
vn 0.9621 -0.2714 -0.0248
vn -0.1294 0.9838 -0.1237
vn 0.9831 -0.1459 0.1102
vn 0.5578 0.8298 0.0158
vn 0.9702 -0.2043 0.1302
vn 0.9683 -0.2224 0.1138
vn 0.9673 -0.1689 0.1894
vn 0.8347 0.5123 0.2021
vn 0.4318 0.8851 0.1737
vn 0.9639 -0.1402 0.2265
vn 0.9667 0.0334 0.2536
vn 0.9718 -0.0879 0.2188
vn 0.9052 -0.3943 -0.1587
vn 0.9419 -0.3307 -0.0591
vn 0.9504 -0.3059 0.0561
vn 0.9696 -0.2153 0.1160
vn 0.9670 -0.1710 0.1889
vn 0.9669 -0.1799 0.1811
vn 0.9557 0.0808 0.2830
vn 0.9623 -0.1429 0.2313
vn 0.9597 -0.1419 0.2425
vn 0.9573 0.0802 0.2778
vn 0.5725 0.7922 0.2114
vn 0.9556 -0.0094 0.2945
vn 0.9507 -0.1282 0.2824
vn -0.9293 0.3689 0.0171
vn 0.8923 -0.4170 -0.1731
vn 0.8964 -0.3910 -0.2089
vn 0.9674 -0.2531 -0.0118
vn 0.9283 -0.3696 -0.0412
vn 0.9723 -0.2059 0.1102
vn 0.9688 -0.2320 0.0871
vn 0.9715 -0.1567 0.1778
vn 0.9601 -0.1166 0.2542
vn 0.9639 -0.1396 0.2269
vn 0.9566 -0.0046 0.2912
vn 0.9526 -0.0566 0.2991
vn 0.9532 -0.1122 0.2808
vn 0.3941 0.8832 0.2543
vn 0.9313 -0.3541 -0.0859
vn 0.9250 -0.3698 -0.0874
vn 0.9243 -0.3661 -0.1079
vn 0.9645 -0.2639 -0.0042
vn 0.9715 -0.2193 0.0901
vn 0.9791 -0.1992 0.0421
vn 0.9778 -0.1567 0.1394
vn 0.9774 -0.1857 0.1010
vn 0.9659 -0.1296 0.2241
vn 0.9662 -0.1331 0.2207
vn 0.9539 -0.1110 0.2787
vn 0.5013 0.8280 0.2513
vn 0.9539 -0.1108 0.2789
vn 0.4518 0.8619 0.2303
vn 0.9496 -0.0531 0.3089
vn 0.9562 -0.0364 0.2904
vn -0.9387 0.3438 -0.0247
vn 0.8826 -0.4034 -0.2415
vn 0.9411 -0.3249 -0.0939
vn 0.9423 -0.3171 -0.1069
vn 0.9594 -0.2810 -0.0262
vn 0.9783 -0.1829 0.0970
vn 0.9591 -0.2828 -0.0082
vn 0.9753 -0.1006 0.1967
vn 0.9779 -0.1741 0.1156
vn 0.9502 0.0087 0.3114
vn 0.4345 0.8664 0.2460
vn 0.4411 0.8625 0.2481
vn 0.9489 -0.1098 0.2957
vn 0.9489 -0.1097 0.2958
vn 0.4035 -0.6703 -0.6228
vn 0.9070 -0.3641 -0.2115
vn 0.9067 -0.4033 -0.1236
vn 0.9318 -0.3581 -0.0586
vn 0.9464 -0.3220 -0.0241
vn 0.9782 -0.1733 0.1146
vn 0.9659 -0.0760 0.2475
vn 0.9735 -0.0998 0.2058
vn 0.9740 -0.0916 0.2072
vn 0.9781 -0.1706 0.1194
vn 0.9563 -0.0688 0.2842
vn 0.1722 0.9816 0.0819
vn 0.9518 0.0076 0.3066
vn 0.9518 -0.1109 0.2860
vn -0.0173 0.9349 0.3546
vn 0.9443 -0.0377 0.3268
vn 0.9642 -0.0856 0.2510
vn -0.8186 0.5544 -0.1499
vn 0.8024 -0.5289 -0.2766
vn 0.8298 -0.5254 -0.1884
vn 0.8757 -0.4768 -0.0759
vn 0.9126 -0.4032 -0.0681
vn 0.9302 -0.3664 0.0204
vn 0.9716 -0.0872 0.2198
vn 0.9590 -0.0658 0.2757
vn 0.9654 -0.0516 0.2555
vn 0.9566 -0.1023 0.2728
vn 0.8959 0.0597 0.4403
vn 0.9594 -0.0879 0.2680
vn -0.9469 0.2978 -0.1211
vn 0.8196 -0.5397 -0.1924
vn 0.9118 -0.4102 0.0167
vn 0.9694 -0.0949 0.2266
vn 0.9671 -0.1162 0.2262
vn 0.9329 -0.3412 0.1152
vn 0.9702 -0.0468 0.2376
vn 0.9695 -0.0493 0.2399
vn 0.9656 -0.0425 0.2566
vn -0.7680 0.6325 -0.1011
vn 0.9591 -0.1018 0.2640
vn 0.9661 -0.0667 0.2495
vn 0.9763 -0.0179 0.2159
vn 0.9585 -0.0962 0.2682
vn 0.9718 -0.0319 0.2335
vn 0.9452 0.1331 0.2980
vn 0.9218 -0.0302 0.3865
vn 0.9449 -0.0593 0.3220
vn 0.9559 -0.0661 0.2860
vn 0.7991 -0.5981 -0.0614
vn -0.9875 0.0645 -0.1441
vn 0.8070 -0.5906 -0.0041
vn 0.9262 -0.3585 0.1171
vn 0.8707 -0.4861 0.0740
vn 0.9451 -0.2358 0.2263
vn 0.9743 -0.0483 0.2202
vn 0.9661 -0.1181 0.2295
vn 0.9645 -0.1020 0.2438
vn 0.9315 0.1368 0.3371
vn 0.9656 -0.0332 0.2579
vn 0.9648 -0.0711 0.2532
vn 0.9571 0.2250 0.1827
vn 0.9590 0.0475 0.2794
vn 0.7733 0.1218 0.6222
vn 0.9364 -0.0834 0.3410
vn 0.9527 -0.0716 0.2954
vn 0.9559 -0.0217 0.2930
vn 0.9568 0.0812 0.2790
vn 0.9493 -0.0516 0.3102
vn 0.8272 -0.4678 -0.3113
vn 0.8458 -0.5281 0.0752
vn 0.8549 -0.5143 0.0683
vn 0.9551 -0.2125 0.2064
vn -0.7545 0.6410 -0.1406
vn 0.9626 -0.0453 0.2672
vn 0.9655 -0.0732 0.2498
vn 0.9493 -0.1935 0.2478
vn -0.7748 0.6283 -0.0707
vn 0.9456 -0.0231 0.3246
vn 0.7805 0.1008 0.6170
vn 0.9450 -0.0463 0.3238
vn 0.9556 -0.0220 0.2937
vn 0.9527 -0.0342 0.3021
vn 0.0120 0.9922 0.1242
vn 0.9254 -0.0435 0.3766
vn -0.9217 0.3373 -0.1915
vn -0.7969 0.4279 -0.4265
vn 0.7966 -0.5677 0.2077
vn 0.8013 -0.5583 0.2150
vn 0.6155 -0.6200 0.4866
vn 0.8335 -0.4907 0.2542
vn -0.8992 0.0649 -0.4327
vn -0.9532 0.0449 -0.2989
vn 0.8809 -0.3760 0.2876
vn 0.8174 -0.3887 0.4252
vn 0.9649 -0.0673 0.2540
vn 0.9652 -0.0733 0.2510
vn 0.9545 -0.1120 0.2764
vn 0.7421 -0.4204 0.5220
vn 0.8115 -0.3326 0.4804
vn -0.0682 0.9851 0.1578
vn 0.9449 -0.0343 0.3257
vn 0.9455 -0.0178 0.3252
vn 0.9720 -0.0153 0.2344
vn 0.9670 -0.0086 0.2546
vn 0.7414 -0.0150 0.6709
vn 0.9399 -0.0593 0.3364
vn 0.9462 -0.0289 0.3224
vn 0.9993 -0.0128 -0.0340
vn 0.9988 0.0368 -0.0308
vn 0.9988 0.0390 -0.0293
vn 0.9993 -0.0244 -0.0297
vn 0.9987 -0.0376 -0.0342
vn 0.9998 -0.0221 -0.0013
vn 0.9993 0.0385 -0.0033
vn 0.9992 0.0410 -0.0026
vn 1.0000 -0.0049 0.0026
vn 0.9992 0.0380 -0.0082
vn 0.9999 -0.0135 -0.0099
vn 0.9991 0.0414 -0.0093
vn 0.9998 -0.0208 -0.0055
vn 0.9999 -0.0090 0.0148
vn 0.9988 0.0415 0.0241
vn 0.9992 0.0253 0.0318
vn -0.8852 0.2096 -0.4153
vn 0.1214 -0.3462 0.9303
vn 0.5316 -0.5283 0.6620
vn 0.7198 -0.3788 0.5817
vn 0.5117 -0.1902 0.8379
vn -0.5103 0.8109 -0.2866
vn 0.9661 -0.0099 0.2581
vn 0.9635 -0.0356 0.2655
vn 0.9680 -0.1172 0.2218
vn 0.8092 -0.3411 0.4783
vn 0.9576 -0.0688 0.2799
vn 0.3490 -0.1863 0.9184
vn 0.9733 0.0936 0.2094
vn 0.7182 0.6957 -0.0149
vn -0.4572 0.8875 0.0575
vn 0.9765 -0.0285 0.2138
vn 0.9725 -0.0059 0.2329
vn 0.9623 0.0153 0.2714
vn 0.8944 -0.2283 0.3847
vn 0.9591 -0.0077 0.2830
vn 0.7552 -0.0351 0.6545
vn 0.6146 -0.1760 0.7690
vn 0.9578 0.0111 0.2873
vn 0.6014 -0.0357 0.7982
vn 0.4489 0.0321 0.8930
vn 0.2157 -0.1986 0.9560
vn 0.2631 0.0071 0.9647
vn 0.1768 -0.0738 0.9815
vn 0.9653 -0.0051 0.2610
vn 0.4143 -0.0241 0.9098
vn 0.0858 -0.0646 0.9942
vn 0.1120 -0.0582 0.9920
vn 0.9966 -0.0411 -0.0720
vn 0.9958 0.0680 -0.0613
vn 0.9959 -0.0707 -0.0569
vn 0.9953 0.0827 -0.0495
vn 0.9960 0.0698 -0.0549
vn 0.9973 -0.0449 -0.0577
vn 0.9952 0.0786 -0.0589
vn 0.9979 -0.0402 -0.0513
vn 0.9941 0.1004 -0.0419
vn 0.9964 -0.0692 -0.0489
vn 0.9963 -0.0704 -0.0484
vn 0.9893 0.1339 -0.0577
vn 0.9926 0.1023 -0.0656
vn 0.9979 -0.0407 -0.0504
vn 0.9976 -0.0501 -0.0486
vn 0.9966 0.0707 -0.0424
vn 0.9989 -0.0179 -0.0443
vn 0.9955 0.0820 -0.0470
vn 0.9973 0.0547 -0.0496
vn 0.9958 0.0740 -0.0547
vn 0.9965 -0.0765 -0.0335
vn 0.9892 0.1340 -0.0592
vn 0.9747 -0.2191 -0.0443
vn 0.9907 0.1265 -0.0502
vn 0.9976 -0.0487 -0.0497
vn 0.9946 -0.0908 -0.0503
vn 0.9944 -0.1017 -0.0287
vn 0.9915 0.1281 -0.0247
vn 0.9967 0.0744 -0.0324
vn 0.9750 -0.2202 -0.0282
vn 0.9917 0.1253 -0.0286
vn 0.9966 0.0756 -0.0312
vn 0.9709 -0.2389 -0.0168
vn 0.9920 0.1253 -0.0161
vn 0.9949 -0.0981 -0.0224
vn 0.9946 -0.1031 -0.0078
vn 0.9740 -0.2266 -0.0060
vn 0.9971 0.0753 -0.0078
vn 0.9953 -0.0973 -0.0001
vn 0.9972 0.0742 -0.0081
vn 0.9936 -0.1131 0.0064
vn 0.9931 0.1171 -0.0105
vn 0.9726 -0.2319 0.0154
vn 0.9719 -0.2349 0.0125
vn 0.9975 -0.0710 0.0069
vn 0.9974 -0.0715 0.0087
vn 0.9710 -0.2302 0.0638
vn 0.9930 0.1184 -0.0026
vn 0.9974 0.0717 -0.0035
vn 0.9849 0.1729 0.0058
vn 0.9910 -0.1266 0.0438
vn 0.9687 -0.2435 0.0488
vn 0.9697 -0.2391 0.0501
vn 0.9937 0.1122 0.0046
vn 0.9962 0.0863 0.0072
vn 0.9858 -0.1658 0.0267
vn 0.9794 -0.2005 0.0240
vn 0.9893 0.1423 0.0308
vn 0.9652 -0.2587 0.0374
vn 0.9689 -0.2437 0.0438
vn 0.9968 0.0733 0.0331
vn 0.9964 -0.0401 0.0751
vn 0.9941 -0.0902 0.0598
vn 0.9900 0.1260 0.0639
vn 0.9951 0.0758 0.0639
vn 0.9864 -0.1556 0.0530
vn 0.9680 -0.2452 0.0537
vn 0.9940 0.0615 0.0902
vn 0.9934 0.0392 0.1081
vn 0.9941 0.0076 0.1078
vn 0.9928 -0.1025 0.0616
vn 0.9810 -0.1844 0.0599
vn 0.9902 0.1252 0.0622
vn 0.9957 -0.0178 0.0905
vn 0.9944 0.0155 0.1045
vn 0.9917 0.0738 0.1053
vn 0.9927 -0.0607 0.1046
vn 0.9887 0.0440 0.1432
vn 0.9884 0.0454 0.1449
vn 0.9895 0.0171 0.1433
vn 0.9843 -0.0001 0.1766
vn 0.9705 -0.1956 0.1408
vn 0.9836 -0.0617 0.1696
vn 0.9791 -0.0910 0.1817
vn -0.1330 0.7816 -0.6094
vn -0.2076 -0.6392 0.7405
vn 0.1285 0.9848 -0.1170
vn -0.3176 0.4182 0.8510
vn 0.1939 -0.0623 0.9790
vn 0.1527 -0.2001 0.9678
vn 0.1676 -0.1932 0.9667
vn 0.4074 0.5697 0.7138
vn 0.4085 0.1293 0.9036
vn 0.1374 0.0020 0.9905
vn 0.2908 -0.1083 0.9506
vn 0.6272 -0.1192 0.7697
vn 0.7387 -0.0368 0.6730
vn 0.2910 -0.0828 0.9531
vn 0.9902 0.0592 -0.1268
vn 0.9903 0.0468 -0.1310
vn 0.9832 -0.0691 -0.1691
vn 0.9800 -0.0848 -0.1802
vn 0.9935 0.0388 -0.1073
vn 0.9940 0.0840 -0.0698
vn 0.9932 -0.0607 -0.0989
vn 0.9939 -0.0651 -0.0888
vn 0.9901 -0.0854 -0.1117
vn 0.9920 0.1141 -0.0538
vn 0.9952 0.0798 -0.0568
vn 0.9944 -0.0638 -0.0848
vn 0.9968 0.0440 -0.0668
vn 0.9969 -0.0405 -0.0678
vn 0.9925 0.1114 -0.0500
vn 0.9935 0.1025 -0.0490
vn 0.9957 0.0740 -0.0550
vn 0.9900 -0.1086 -0.0895
vn 0.9894 0.1413 -0.0323
vn 0.9945 -0.0715 -0.0764
vn 0.9929 0.1063 -0.0537
vn 0.9959 0.0766 -0.0487
vn 0.9941 -0.0769 -0.0759
vn 0.9968 -0.0388 -0.0698
vn 0.9761 -0.2054 -0.0705
vn 0.9858 0.1635 -0.0390
vn 0.9895 0.1361 -0.0486
vn 0.9906 0.1288 -0.0456
vn 0.9936 0.0896 -0.0695
vn 0.9940 -0.0804 -0.0738
vn 0.9764 -0.2026 -0.0754
vn 0.9839 0.1705 -0.0544
vn 0.9897 0.1324 -0.0541
vn 0.9937 0.0948 -0.0593
vn 0.9802 0.1916 -0.0495
vn 0.9893 0.1379 -0.0485
vn 0.9787 -0.1984 -0.0524
vn 0.9885 0.1408 -0.0544
vn 0.9785 -0.1995 -0.0515
vn 0.9777 -0.2039 -0.0502
vn 0.9884 0.1382 -0.0628
vn 0.9827 0.1745 -0.0618
vn 0.9813 0.1823 -0.0620
vn 0.9813 0.1824 -0.0621
vn 0.9766 -0.2116 -0.0395
vn 0.9728 -0.2293 -0.0342
vn 0.9813 0.1839 -0.0564
vn 0.9811 0.1857 -0.0549
vn 0.9708 -0.2382 -0.0266
vn 0.9646 -0.2626 -0.0256
vn 0.9826 0.1837 -0.0274
vn 0.9827 0.1832 -0.0285
vn 0.9722 -0.2337 -0.0165
vn 0.9811 0.1924 -0.0205
vn 0.9634 -0.2678 -0.0074
vn 0.9681 -0.2506 -0.0077
vn 0.9636 -0.2673 -0.0072
vn 0.9810 0.1928 -0.0192
vn 0.9931 0.1168 -0.0058
vn 0.9871 -0.1141 0.1125
vn 0.9818 0.1890 -0.0166
vn 0.9834 0.1807 -0.0164
vn 0.9846 0.1741 -0.0130
vn 0.9618 -0.2733 0.0179
vn 0.9689 -0.2471 0.0099
vn 0.9582 -0.2849 0.0264
vn 0.9820 0.1890 0.0005
vn 0.9826 0.1855 0.0048
vn 0.9846 0.1746 0.0044
vn 0.9614 -0.2616 0.0852
vn 0.9564 -0.2848 0.0651
vn 0.9565 -0.2846 0.0645
vn 0.9824 0.1865 0.0088
vn 0.9554 -0.2928 0.0389
vn 0.9870 0.1583 0.0264
vn 0.9851 0.1717 0.0131
vn 0.9635 -0.2669 0.0204
vn 0.9879 0.1520 0.0306
vn 0.9887 0.1405 0.0517
vn 0.9846 0.1718 0.0320
vn 0.9919 0.1121 0.0599
vn 0.9715 -0.2340 0.0374
vn 0.9912 0.1301 0.0264
vn 0.9895 0.1053 0.0991
vn 0.9619 -0.2709 0.0368
vn 0.9735 -0.2288 0.0054
vn 0.9720 -0.2260 0.0644
vn 0.9786 -0.1564 0.1334
vn 0.9791 -0.1931 0.0632
vn 0.9931 0.1155 0.0188
vn 0.9922 0.0972 0.0779
vn 0.9938 0.0843 0.0732
vn 0.9950 0.0344 0.0940
vn 0.9966 0.0717 0.0403
vn 0.9933 0.0324 0.1108
vn 0.9939 -0.0192 0.1087
vn 0.9830 -0.0835 0.1636
vn 0.9859 -0.1530 0.0673
vn 0.9771 -0.1950 0.0856
vn 0.9969 -0.0176 0.0763
vn 0.9976 0.0271 0.0643
vn 0.9980 0.0364 0.0516
vn 0.9984 -0.0228 0.0515
vn 0.9952 -0.0480 0.0855
vn 0.9942 -0.0995 0.0415
vn 0.9976 0.0269 0.0640
vn 0.9852 0.1660 0.0429
vn 0.9964 0.0202 0.0820
vn 0.9962 0.0348 0.0801
vn 0.9954 0.0409 0.0869
vn 0.9958 -0.0044 0.0918
vn 0.9982 -0.0240 0.0554
vn 0.9958 -0.0604 0.0686
vn 0.9955 -0.0879 0.0356
vn 0.9862 -0.1617 0.0370
vn 0.9858 -0.1642 0.0347
vn 0.9911 0.1008 0.0864
vn 0.9964 0.0660 0.0525
vn 0.9949 0.0871 0.0505
vn 0.9954 0.0802 -0.0531
vn 1.0000 -0.0036 0.0016
vn 0.9973 -0.0476 -0.0552
vn 0.9938 -0.1109 0.0092
vn 0.9949 0.0860 0.0518
vn 0.9996 0.0099 0.0281
vn 0.9906 0.0516 -0.1265
vn 0.9799 0.0416 -0.1953
vn 0.9817 -0.0859 -0.1701
vn 0.9811 -0.1853 0.0553
vn 0.9839 -0.1686 0.0595
vn 0.9903 0.1168 0.0746
vn 0.9969 0.0626 0.0483
vn 0.9674 0.2304 -0.1052
vn 0.9968 0.0789 0.0082
vn 0.9917 0.0861 -0.0956
vn 0.9704 -0.2340 0.0598
vn 0.9801 -0.1959 0.0332
vn 0.9895 0.1240 0.0738
vn 0.9886 0.1505 0.0002
vn -0.8120 0.4588 -0.3609
vn 0.9997 0.0202 0.0118
vn 0.6571 -0.5513 0.5142
vn 0.9428 -0.2430 0.2282
vn 0.9889 0.1191 0.0886
vn 0.9895 0.1154 0.0876
vn 0.9975 0.0487 0.0520
vn 0.9991 0.0247 0.0343
vn 0.9984 0.0551 0.0101
vn 0.9863 0.1375 0.0910
vn 0.9932 -0.0030 0.1162
vn 0.9896 0.1158 0.0857
vn 0.9843 -0.0764 0.1590
vn 0.9848 -0.0779 0.1553
vn 0.9911 -0.1215 0.0550
vn 0.9641 -0.2120 0.1598
vn 0.9852 -0.1519 0.0793
vn 0.9943 0.0062 0.1069
vn 0.9962 -0.0805 0.0340
vn 0.9885 0.0923 0.1196
vn 0.9917 0.0673 0.1091
vn 0.9966 0.0168 0.0808
vn 0.9980 -0.0110 0.0626
vn 0.9967 -0.0408 0.0701
vn 0.9830 -0.1593 0.0916
vn 0.9907 0.0469 0.1274
vn 0.9959 0.0202 0.0880
vn 0.9950 -0.0422 0.0906
vn 0.9943 0.0631 0.0861
vn 0.9958 0.0192 0.0892
vn 0.9952 -0.0447 0.0868
vn 0.9934 0.0675 0.0923
vn 0.9976 -0.0334 0.0615
vn 0.9979 0.0196 0.0610
vn 0.9981 -0.0005 0.0616
vn 0.9976 -0.0621 0.0300
vn 0.9934 0.0726 0.0893
vn 0.9958 0.0453 0.0799
vn 0.9788 0.0596 -0.1957
vn 0.9839 0.0124 -0.1784
vn 0.9744 -0.0786 -0.2108
vn 0.9808 0.1473 -0.1279
vn 0.9842 0.1216 -0.1287
vn 0.9858 0.0787 -0.1484
vn 0.9830 0.0145 -0.1829
vn 0.9672 -0.1262 -0.2206
vn 0.9762 -0.0917 -0.1964
vn 0.9662 -0.1236 -0.2263
vn 0.9790 0.1705 -0.1121
vn 0.9853 0.1567 -0.0682
vn 0.9929 0.0971 -0.0688
vn 0.9421 -0.2820 -0.1814
vn 0.9889 -0.1042 -0.1062
vn 0.9645 -0.2459 -0.0967
vn 0.9838 0.1713 -0.0525
vn 0.9649 -0.2431 -0.0993
vn 0.9697 -0.2270 -0.0903
vn 0.9658 -0.2480 -0.0756
vn 0.9788 0.2010 -0.0403
vn 0.9657 -0.2481 -0.0759
vn 0.9659 -0.2500 -0.0673
vn 0.9685 -0.2427 -0.0563
vn 0.9656 -0.2557 -0.0468
vn 0.9661 -0.2546 -0.0422
vn 0.8890 -0.4558 -0.0439
vn 0.9624 -0.2701 -0.0286
vn 0.9835 0.1742 -0.0479
vn 0.9555 -0.2939 -0.0266
vn 0.9565 -0.2904 -0.0275
vn 0.9731 0.2275 -0.0372
vn 0.9734 0.2267 -0.0328
vn 0.9569 -0.2906 -0.0020
vn 0.8707 -0.4918 -0.0008
vn 0.9400 -0.3409 -0.0092
vn 0.9706 0.2401 -0.0156
vn 0.9227 0.2947 -0.2487
vn 0.9581 0.0835 -0.2740
vn 0.9667 0.2551 -0.0193
vn 0.8070 0.4800 -0.3441
vn 0.9238 0.3357 -0.1840
vn 0.9534 0.2783 -0.1161
vn 0.9505 0.3033 -0.0672
vn 0.9297 -0.3664 0.0372
vn 0.9520 -0.3050 0.0263
vn 0.8639 -0.3378 0.3736
vn 0.9627 0.2688 0.0317
vn 0.9778 0.1652 0.1287
vn 0.8666 -0.3452 0.3603
vn 0.8399 -0.3950 0.3721
vn 0.9549 -0.2861 0.0794
vn 0.9213 -0.3814 0.0756
vn 0.9500 -0.2995 0.0882
vn 0.9662 0.2576 -0.0078
vn 0.9489 -0.3018 0.0925
vn 0.9445 -0.3230 0.0591
vn 0.9831 0.1827 0.0069
vn 0.9604 0.2785 0.0095
vn 0.9535 -0.3015 0.0031
vn 0.9855 0.1694 0.0141
vn 0.9866 0.1619 0.0193
vn 0.9536 -0.2983 0.0417
vn 0.9546 -0.2953 0.0402
vn 0.9852 0.1660 0.0430
vn 0.9709 0.2341 0.0507
vn 0.9823 0.1569 0.1023
vn 0.9872 0.1387 0.0784
vn 0.9853 0.1509 0.0806
vn 0.9884 0.1212 0.0916
vn 0.9678 -0.2314 0.0994
vn 0.9772 -0.1807 0.1117
vn 0.9709 -0.2129 0.1094
vn 0.9867 0.1231 0.1059
vn 0.9872 0.0919 0.1304
vn 0.9870 0.0950 0.1298
vn 0.9877 0.1095 0.1118
vn 0.9805 -0.1790 0.0806
vn 0.9794 -0.1891 0.0712
vn 0.9832 0.1263 0.1315
vn 0.9870 0.1114 0.1160
vn 0.9887 0.0966 0.1145
vn 0.9870 0.1094 0.1178
vn 0.9808 -0.1947 0.0121
vn 0.9643 -0.2600 0.0498
vn 0.9932 -0.1130 0.0269
vn 0.9668 -0.2527 0.0383
vn 0.9959 0.0487 0.0764
vn 0.9982 -0.0109 0.0593
vn 0.9984 -0.0005 0.0561
vn 0.9638 -0.2660 0.0176
vn 0.9930 0.0660 0.0983
vn 0.9891 0.0982 0.1097
vn 0.9951 -0.0358 0.0924
vn 0.9949 -0.0342 0.0950
vn 0.9893 0.0221 0.1443
vn 0.9905 0.0211 0.1359
vn 0.9185 -0.0853 -0.3862
vn 0.9315 -0.2881 -0.2219
vn 0.8691 0.3811 -0.3154
vn 0.5608 0.8220 -0.0993
vn 0.9395 0.2133 -0.2681
vn 0.9942 0.0260 0.1041
vn 0.5350 0.8266 0.1747
vn 0.9361 -0.2104 0.2818
vn 0.9199 -0.1747 0.3512
vn 0.9292 -0.3044 0.2095
vn 0.9271 0.1794 0.3290
vn 0.5696 0.7962 0.2040
vn 0.9180 -0.0706 0.3903
vn 0.9720 -0.0109 -0.2348
vn 0.9798 0.0472 -0.1944
vn 0.9699 -0.0006 -0.2435
vn 0.9615 -0.1112 -0.2514
vn 0.9677 0.1519 -0.2009
vn 0.9771 0.0609 -0.2041
vn 0.9598 -0.0924 -0.2649
vn 0.9584 -0.1027 -0.2664
vn 0.9682 0.1811 -0.1729
vn 0.9511 -0.1623 -0.2628
vn 0.9415 -0.1925 -0.2767
vn 0.9217 -0.2803 -0.2680
vn 0.9233 -0.2905 -0.2512
vn 0.9751 0.1857 -0.1210
vn 0.9712 0.2091 -0.1142
vn 0.9406 -0.2878 -0.1799
vn 0.9522 -0.2812 -0.1197
vn 0.9596 -0.2613 -0.1043
vn 0.9781 0.2029 -0.0459
vn 0.9584 -0.2704 -0.0916
vn 0.9472 -0.3065 -0.0939
vn 0.9800 0.1928 -0.0489
vn 0.9800 0.1926 -0.0500
vn 0.9815 0.1797 -0.0654
vn 0.9038 -0.4256 -0.0445
vn 0.9718 0.2271 -0.0638
vn 0.8935 -0.4481 -0.0303
vn 0.9674 0.2474 -0.0548
vn 0.9669 0.2507 -0.0475
vn 0.8668 -0.4974 -0.0354
vn 0.9620 0.2728 -0.0131
vn 0.6268 0.5147 -0.5850
vn 0.3576 0.6268 -0.6923
vn 0.3673 0.5271 -0.7663
vn 0.8566 0.3732 -0.3562
vn 0.5048 0.5433 -0.6708
vn 0.9238 0.3135 -0.2198
vn 0.9141 0.3642 -0.1783
vn 0.9283 0.3499 -0.1259
vn 0.9571 0.2864 0.0430
vn 0.9464 0.3220 0.0277
vn 0.9567 0.2878 0.0431
vn 0.9857 0.1429 0.0899
vn 0.8291 -0.5473 0.1145
vn 0.9235 -0.2052 0.3242
vn 0.9620 0.2732 -0.0026
vn 0.8135 -0.5744 0.0906
vn 0.9357 -0.1843 0.3007
vn 0.8141 -0.5758 0.0755
vn 0.9505 0.2994 0.0834
vn 0.9368 -0.1772 0.3017
vn 0.8553 -0.5098 0.0925
vn 0.8422 -0.3440 0.4152
vn 0.9585 0.2849 0.0066
vn 0.9522 0.3054 0.0067
vn 0.9203 -0.3898 0.0337
vn 0.9460 -0.3208 0.0464
vn 0.9420 -0.3339 0.0330
vn 0.9441 -0.3296 -0.0108
vn 0.9376 -0.3477 -0.0046
vn 0.9552 0.2957 0.0137
vn 0.9596 0.2807 0.0206
vn 0.9323 -0.3593 0.0402
vn 0.9331 -0.3569 0.0431
vn 0.9303 -0.3634 0.0506
vn 0.9559 0.2898 0.0476
vn 0.9441 0.3230 0.0663
vn 0.9335 -0.3504 0.0759
vn 0.9515 -0.2967 0.0818
vn 0.9474 0.3003 0.1106
vn 0.9722 0.2020 0.1183
vn 0.9737 0.2024 0.1043
vn 0.9516 -0.2935 0.0914
vn 0.9760 0.1822 0.1193
vn 0.9831 0.1378 0.1201
vn 0.9846 0.1442 0.0992
vn 0.9855 0.0984 0.1383
vn 0.9716 -0.2180 0.0925
vn 0.9738 -0.2110 0.0847
vn 0.9864 0.1056 0.1260
vn 0.9673 -0.2488 0.0496
vn 0.9820 0.1192 0.1464
vn 0.9828 0.1135 0.1459
vn 0.9806 0.1336 0.1432
vn 0.9635 -0.2568 0.0758
vn 0.9538 -0.2961 0.0503
vn 0.9790 0.1269 0.1597
vn 0.9774 0.1372 0.1606
vn 0.9543 -0.2973 0.0317
vn 0.9363 -0.3331 0.1115
vn 0.9385 -0.3361 0.0798
vn 0.9746 0.1241 0.1863
vn 0.9821 0.0549 0.1803
vn 0.9906 -0.0400 0.1307
vn 0.9895 0.0431 0.1376
vn 0.9834 -0.0971 0.1535
vn 0.9794 0.1247 0.1588
vn 0.9826 -0.0903 0.1621
vn 0.9865 0.0214 0.1625
vn 0.1602 0.9541 -0.2528
vn 0.8634 -0.3849 -0.3262
vn 0.8650 -0.3524 -0.3571
vn 0.1763 0.9446 -0.2769
vn 0.9060 -0.3975 0.1456
vn 0.1983 0.9771 0.0769
vn 0.3108 0.9374 0.1574
vn 0.9185 -0.3333 0.2128
vn 0.9023 -0.2019 0.3808
vn 0.8947 -0.3266 0.3046
vn 0.4241 0.7577 0.4960
vn 0.4729 0.6269 0.6191
vn 0.6236 0.0689 0.7787
vn 0.6459 0.0331 0.7627
vn 0.6799 -0.1221 0.7231
vn 0.9663 0.0562 -0.2512
vn 0.9672 -0.0189 -0.2532
vn 0.9688 0.0673 -0.2384
vn 0.9633 0.1457 -0.2256
vn 0.9661 -0.0147 -0.2579
vn 0.9461 -0.1352 -0.2944
vn 0.9449 -0.1425 -0.2948
vn 0.9478 -0.1661 -0.2720
vn 0.9685 0.1777 -0.1742
vn 0.9415 -0.1926 -0.2766
vn 0.9619 0.2197 -0.1628
vn 0.9676 0.1932 -0.1624
vn 0.9609 0.2322 -0.1508
vn 0.9624 0.2318 -0.1413
vn 0.9179 -0.3133 -0.2435
vn 0.9194 -0.3190 -0.2301
vn 0.9156 -0.3313 -0.2278
vn 0.9696 0.2371 -0.0611
vn 0.9766 0.2090 -0.0511
vn 0.9398 -0.3166 -0.1288
vn 0.9458 -0.2975 -0.1302
vn 0.9165 -0.3768 -0.1347
vn 0.9214 -0.3628 -0.1393
vn 0.9727 0.2275 -0.0446
vn 0.9768 0.2083 -0.0494
vn 0.9171 -0.3861 -0.0995
vn 0.9728 0.2254 -0.0539
vn 0.9195 -0.3827 -0.0894
vn 0.9129 -0.4013 -0.0746
vn 0.9733 0.2227 -0.0555
vn 0.9624 0.2655 -0.0566
vn 0.9571 0.2874 -0.0375
vn 0.9568 0.2882 -0.0379
vn 0.8586 -0.5119 0.0282
vn 0.8567 -0.5152 0.0224
vn 0.8540 -0.5200 -0.0158
vn 0.9566 0.2910 -0.0154
vn 0.9464 0.3229 -0.0015
vn 0.8473 -0.5301 0.0310
vn 0.8428 -0.5381 0.0139
vn -0.3230 0.4471 -0.8341
vn 0.5299 0.6175 -0.5814
vn 0.9507 0.3099 -0.0121
vn 0.8320 0.5211 -0.1902
vn 0.8360 0.5212 -0.1716
vn 0.9321 0.3622 0.0018
vn 0.9204 0.3895 0.0352
vn -0.4411 -0.7971 0.4124
vn 0.9316 0.3564 0.0712
vn 0.9616 0.2638 0.0758
vn 0.9499 0.3093 0.0445
vn 0.7811 -0.6137 0.1149
vn 0.9470 0.3211 0.0123
vn 0.9436 0.3217 0.0779
vn 0.8200 -0.2769 0.5009
vn 0.7934 -0.6070 0.0454
vn 0.9422 -0.1185 0.3134
vn 0.7646 -0.6441 0.0222
vn 0.9632 0.1063 0.2468
vn 0.9454 0.3254 0.0183
vn 0.7898 -0.6134 0.0008
vn 0.9456 0.3252 0.0106
vn 0.8015 -0.5965 -0.0436
vn 0.9448 0.3264 0.0265
vn 0.9471 0.3203 0.0229
vn 0.9397 0.3408 0.0279
vn 0.9056 -0.4181 0.0708
vn 0.9431 0.3263 0.0639
vn 0.8796 -0.4555 0.1372
vn 0.8764 -0.4726 0.0928
vn 0.9420 0.3264 0.0778
vn 0.8832 -0.4576 0.1027
vn 0.8816 -0.4707 0.0352
vn 0.9481 0.2997 0.1058
vn 0.9503 0.2857 0.1239
vn 0.9287 -0.3532 0.1128
vn 0.9814 0.1646 0.0993
vn 0.9536 0.2833 0.1022
vn 0.9812 0.1654 0.0991
vn 0.9259 -0.3631 0.1043
vn 0.9612 0.2513 0.1134
vn 0.9645 -0.2468 0.0943
vn 0.9624 0.2497 0.1073
vn 0.9830 0.1127 0.1452
vn 0.9607 -0.2580 0.1026
vn 0.9766 0.1436 0.1599
vn 0.9473 -0.3103 0.0789
vn 0.9810 0.1185 0.1534
vn 0.9765 0.1212 0.1780
vn 0.9818 0.1279 0.1405
vn 0.9326 -0.3440 0.1089
vn 0.9811 0.1199 0.1521
vn 0.9814 0.1171 0.1522
vn 0.9314 -0.3521 0.0926
vn 0.9807 0.1163 0.1569
vn 0.9800 0.1230 0.1562
vn 0.9872 0.0214 0.1582
vn 0.9820 -0.0910 0.1656
vn 0.9218 -0.3600 0.1435
vn 0.9813 0.1295 0.1425
vn 0.9809 0.0989 0.1676
vn 0.9832 0.0503 0.1752
vn 0.9761 -0.1197 0.1813
vn 0.9820 0.0471 0.1828
vn 0.6110 -0.6102 -0.5043
vn 0.5609 -0.4716 -0.6804
vn 0.8115 -0.5219 -0.2629
vn 0.7958 -0.6035 -0.0503
vn 0.7444 -0.6445 0.1745
vn 0.7112 -0.4985 0.4957
vn 0.3498 0.8299 0.4346
vn 0.6751 -0.1304 0.7261
vn 0.6399 -0.3399 0.6893
vn 0.5507 0.5778 0.6024
vn 0.9675 0.0696 -0.2432
vn 0.9730 -0.0220 -0.2298
vn 0.9618 0.1510 -0.2284
vn 0.9709 0.0546 -0.2333
vn 0.9723 -0.0190 -0.2329
vn 0.9579 -0.1459 -0.2471
vn 0.9542 -0.1354 -0.2668
vn 0.9497 0.2150 -0.2275
vn 0.9614 0.1505 -0.2304
vn 0.9471 -0.1588 -0.2789
vn 0.9499 0.2178 -0.2242
vn 0.9267 -0.1942 -0.3217
vn 0.9150 -0.2596 -0.3090
vn 0.9055 -0.3077 -0.2923
vn 0.9048 -0.3043 -0.2980
vn 0.9504 0.2527 -0.1813
vn 0.8975 -0.3332 -0.2889
vn 0.8980 -0.3413 -0.2777
vn 0.8816 -0.3901 -0.2656
vn 0.9613 0.2407 -0.1344
vn 0.8857 -0.3916 -0.2495
vn 0.8843 -0.3958 -0.2477
vn 0.8668 -0.4311 -0.2507
vn 0.9684 0.2443 -0.0497
vn 0.8911 -0.4252 -0.1584
vn 0.9670 0.2487 -0.0557
vn 0.9686 0.2422 -0.0557
vn 0.9672 0.2466 -0.0603
vn 0.9659 0.2541 -0.0486
vn 0.9685 0.2428 -0.0550
vn 0.8867 -0.4605 -0.0412
vn 0.9654 0.2570 -0.0443
vn 0.9592 0.2802 -0.0381
vn 0.8871 -0.4606 -0.0289
vn 0.8769 -0.4802 -0.0204
vn 0.9574 0.2867 -0.0342
vn 0.8772 -0.4800 -0.0102
vn 0.8589 -0.5121 0.0095
vn 0.9460 0.3229 -0.0288
vn 0.8307 -0.5483 0.0964
vn 0.8308 -0.5550 0.0419
vn 0.8220 -0.5667 0.0574
vn 0.9427 0.3336 -0.0089
vn 0.3197 0.7486 -0.5809
vn 0.8001 0.5713 -0.1828
vn 0.3084 0.7744 -0.5524
vn 0.7912 -0.5968 0.1338
vn 0.5389 0.7814 -0.3146
vn 0.9417 0.3364 0.0052
vn 0.8119 0.5756 -0.0975
vn 0.8149 0.5716 -0.0959
vn 0.8962 0.4436 -0.0024
vn 0.9052 0.4240 0.0289
vn 0.7911 -0.5989 0.1244
vn 0.9282 0.3683 0.0529
vn 0.9299 0.3588 0.0813
vn 0.9398 0.3377 0.0524
vn 0.9407 0.3297 0.0801
vn 0.9645 0.0887 0.2487
vn 0.9642 0.1048 0.2436
vn 0.3557 -0.6885 0.6320
vn 0.8339 -0.1395 0.5340
vn 0.3031 -0.6927 0.6545
vn 0.9381 0.3430 0.0487
vn 0.9382 0.3451 0.0253
vn 0.8077 -0.5871 -0.0549
vn 0.7981 -0.6010 -0.0425
vn 0.8200 -0.5719 0.0213
vn 0.9341 0.3529 0.0543
vn 0.8360 -0.5460 0.0542
vn 0.9341 0.3505 0.0678
vn 0.8390 -0.5389 0.0745
vn 0.9421 0.3172 0.1087
vn 0.8879 -0.4493 0.0988
vn 0.8976 -0.4272 0.1089
vn 0.9416 0.3195 0.1067
vn 0.9478 0.3002 0.1078
vn 0.8976 -0.4276 0.1072
vn 0.8990 -0.4230 0.1135
vn 0.9524 0.2819 0.1164
vn 0.9086 -0.3998 0.1208
vn 0.9524 0.2962 0.0724
vn 0.9705 0.1510 0.1881
vn 0.9737 0.1575 0.1643
vn 0.9024 -0.4157 0.1133
vn 0.9066 -0.4010 0.1312
vn 0.9734 0.1505 0.1729
vn 0.9827 0.1257 0.1361
vn 0.9785 0.1513 0.1401
vn 0.9848 0.1394 0.1040
vn 0.9073 -0.4072 0.1046
vn 0.9003 -0.4246 0.0957
vn 0.9861 0.1014 0.1315
vn 0.9892 0.1029 0.1046
vn 0.9001 -0.4130 0.1388
vn 0.9888 0.0903 0.1192
vn 0.9929 0.0890 0.0789
vn 0.9905 0.0897 0.1045
vn 0.9163 -0.3719 0.1487
vn 0.9899 0.1145 0.0840
vn 0.9928 0.0738 0.0948
vn 0.9842 0.0897 0.1526
vn 0.9866 0.1143 0.1168
vn 0.9891 0.0782 0.1249
vn 0.9951 0.0721 0.0674
vn 0.9864 0.0915 0.1366
vn 0.9757 -0.1122 0.1880
vn 0.9654 -0.1719 0.1959
vn 0.9953 0.0446 0.0854
vn 0.9918 0.0746 0.1042
vn 0.9867 0.0399 0.1576
vn 0.9917 0.0551 0.1165
vn 0.9432 -0.2767 0.1838
vn 0.9742 -0.0910 0.2063
vn 0.9850 0.0564 0.1629
vn 0.6610 -0.1005 -0.7436
vn 0.7895 -0.3672 -0.4917
vn 0.7887 0.3206 -0.5246
vn 0.6784 0.5471 -0.4905
vn 0.7971 -0.4066 -0.4465
vn 0.7833 -0.3953 -0.4799
vn 0.7992 0.5131 -0.3131
vn 0.6151 0.7876 -0.0363
vn 0.8101 0.4868 -0.3268
vn 0.7539 -0.6293 -0.1885
vn 0.6928 -0.7163 -0.0839
vn 0.6955 0.7164 0.0551
vn 0.6308 0.7736 0.0598
vn 0.7621 -0.6474 -0.0088
vn 0.6946 0.7174 0.0538
vn 0.8685 -0.4421 0.2239
vn 0.8476 -0.4891 0.2057
vn 0.4984 0.7929 0.3506
vn 0.4786 0.7994 0.3630
vn 0.4970 0.7852 0.3694
vn 0.8594 -0.3990 0.3197
vn 0.8892 -0.3022 0.3436
vn 0.7333 -0.5141 0.4449
vn 0.7433 -0.4943 0.4508
vn 0.4065 0.7684 0.4942
vn 0.7785 -0.2480 0.5766
vn 0.7991 -0.1794 0.5738
vn 0.8303 -0.3704 0.4163
vn 0.8444 -0.3169 0.4318
vn 0.7408 -0.4096 0.5325
vn 0.5473 0.5718 0.6112
vn 0.3811 0.6550 0.6525
vn 0.4005 0.6654 0.6299
vn 0.6584 0.1586 0.7358
vn 0.3366 0.3557 0.8719
vn 0.5609 0.1925 0.8052
vn 0.7574 0.0232 0.6525
vn 0.8315 -0.0079 0.5555
vn 0.7531 -0.1501 0.6406
vn 0.9762 0.0694 -0.2056
vn 0.9777 -0.0185 -0.2090
vn 0.9766 -0.0135 -0.2147
vn 0.9666 -0.1413 -0.2138
vn 0.9771 0.0788 -0.1978
vn 0.9664 -0.1320 -0.2205
vn 0.9571 -0.1819 -0.2255
vn 0.9616 0.1477 -0.2312
vn 0.9536 0.1996 -0.2254
vn 0.9569 0.2115 -0.1990
vn 0.9393 -0.2022 -0.2773
vn 0.9147 -0.2548 -0.3138
vn 0.9466 0.2536 -0.1993
vn 0.9488 0.2444 -0.2003
vn 0.9517 0.2473 -0.1821
vn 0.9515 0.2655 -0.1552
vn 0.8504 -0.4408 -0.2871
vn 0.9532 0.2638 -0.1476
vn 0.8426 -0.4613 -0.2778
vn 0.9532 0.2681 -0.1396
vn 0.8494 -0.4553 -0.2669
vn 0.8371 -0.4754 -0.2708
vn 0.9630 0.2666 -0.0387
vn 0.9621 0.2617 -0.0763
vn 0.8631 -0.4704 -0.1837
vn 0.8861 -0.4377 -0.1526
vn 0.8922 -0.4367 -0.1150
vn 0.8851 -0.4576 -0.0844
vn 0.9645 0.2580 -0.0559
vn 0.8863 -0.4559 -0.0812
vn 0.8789 -0.4753 -0.0411
vn 0.8739 -0.4832 -0.0532
vn 0.9565 0.2900 -0.0310
vn 0.8556 -0.5172 -0.0219
vn 0.8121 -0.5834 -0.0139
vn 0.9566 0.2894 -0.0350
vn 0.8060 -0.5919 -0.0079
vn 0.9468 0.3219 -0.0015
vn 0.9442 0.3293 0.0051
vn 0.9401 0.3406 -0.0133
vn -0.2788 0.5989 -0.7507
vn -0.2020 0.7405 -0.6410
vn 0.1788 0.8960 -0.4064
vn 0.9369 0.3495 0.0084
vn 0.2133 0.8738 -0.4370
vn 0.8292 0.5485 -0.1075
vn 0.6282 0.7579 -0.1762
vn 0.6961 0.6707 -0.2562
vn 0.7277 -0.6780 0.1040
vn 0.7971 0.5976 -0.0871
vn 0.9133 0.4065 0.0251
vn 0.8435 0.5334 -0.0627
vn 0.9131 0.4071 0.0204
vn 0.9326 0.3603 0.0229
vn 0.9483 0.3102 0.0669
vn -0.0427 -0.7854 0.6175
vn 0.9509 0.2462 0.1873
vn 0.5676 -0.4957 0.6574
vn 0.9104 -0.1271 0.3937
vn 0.8144 -0.5611 -0.1481
vn 0.8158 -0.5783 0.0090
vn 0.9231 0.3820 0.0437
vn 0.8329 -0.5471 0.0831
vn 0.9328 0.3529 0.0724
vn 0.8337 -0.5457 0.0847
vn 0.9358 0.3428 0.0823
vn 0.8253 -0.5565 0.0961
vn 0.9348 0.3417 0.0971
vn 0.7774 -0.6201 0.1054
vn 0.8385 -0.5344 0.1062
vn 0.8661 -0.4805 0.1381
vn 0.8651 -0.4799 0.1461
vn 0.9450 0.3130 0.0946
vn 0.9585 0.2105 0.1922
vn 0.9672 0.2043 0.1508
vn 0.9708 0.1859 0.1515
vn 0.9776 0.1594 0.1372
vn 0.8595 -0.4858 0.1590
vn 0.9748 0.1858 0.1235
vn 0.8580 -0.4874 0.1621
vn 0.9819 0.1646 0.0939
vn 0.9844 0.1408 0.1053
vn 0.9841 0.1653 0.0647
vn 0.5303 -0.8093 0.2527
vn 0.9833 0.1687 0.0679
vn 0.9786 0.2015 0.0406
vn 0.9941 0.1035 0.0321
vn 0.9946 0.0968 0.0386
vn 0.9970 0.0586 0.0514
vn 0.8404 -0.5052 0.1963
vn 0.8781 -0.4465 0.1723
vn 0.9822 0.1878 -0.0023
vn 0.9911 0.1175 0.0631
vn 0.9995 0.0240 0.0218
vn 0.9884 0.1428 -0.0516
vn 0.9956 0.0907 -0.0219
vn 0.9970 0.0713 -0.0295
vn 0.9993 0.0279 0.0249
vn 0.9882 0.0608 0.1406
vn 0.9786 0.2058 -0.0000
vn 0.9588 0.1040 -0.2642
vn 0.9724 0.0386 -0.2300
vn 0.9713 0.0342 -0.2355
vn 0.9993 -0.0282 0.0259
vn 0.9860 0.0278 -0.1646
vn 0.9605 -0.1810 0.2116
vn 0.9443 -0.2683 0.1907
vn 0.8867 0.4580 -0.0635
vn 0.9372 0.2750 -0.2144
vn 0.9617 0.1570 -0.2249
vn 0.7339 0.2018 -0.6486
vn 0.9938 -0.0986 -0.0510
vn 0.9875 -0.1453 -0.0608
vn 0.9970 -0.0178 0.0752
vn 0.9970 -0.0122 0.0762
vn 0.9604 -0.1820 0.2110
vn 0.9896 -0.1404 -0.0308
vn 0.9827 -0.1778 0.0511
vn 0.9875 0.0368 0.1532
vn 0.9865 0.0560 0.1538
vn 0.9831 0.0295 0.1807
vn 0.9755 -0.0899 0.2007
vn 0.9383 -0.3365 -0.0799
vn 0.9850 -0.1651 0.0507
vn 0.9921 -0.0238 0.1230
vn 0.9783 -0.0845 0.1893
vn 0.9758 -0.1179 0.1839
vn 0.9922 -0.0231 0.1227
vn 0.5508 0.8199 0.1557
vn 0.9489 -0.2979 0.1045
vn 0.9846 -0.0224 0.1732
vn 0.5479 0.7306 0.4074
vn 0.8827 -0.4400 0.1649
vn 0.9673 -0.1786 0.1799
vn 0.9864 -0.0796 0.1439
vn 0.7291 -0.4045 0.5521
vn 0.7049 0.4326 0.5621
vn 0.6331 0.2338 0.7379
vn 0.6202 0.2459 0.7449
vn 0.7045 -0.0104 0.7096
vn 0.8207 -0.1901 0.5389
vn 0.7085 0.0348 0.7049
vn 0.8101 -0.2694 0.5207
vn 0.7760 -0.1765 0.6056
vn 0.9696 0.1352 -0.2039
vn 0.9839 0.0712 -0.1640
vn 0.9863 -0.0318 -0.1619
vn 0.9683 0.1463 -0.2024
vn 0.9742 -0.1339 -0.1815
vn 0.9845 -0.0162 -0.1747
vn 0.9549 0.1805 -0.2356
vn 0.9602 0.1311 -0.2465
vn 0.9675 -0.1626 -0.1935
vn 0.9496 0.1715 -0.2624
vn 0.9330 0.2476 -0.2613
vn 0.9442 0.2154 -0.2491
vn 0.9420 -0.2346 -0.2401
vn 0.9417 -0.2362 -0.2397
vn 0.9340 0.2718 -0.2319
vn 0.9354 -0.2080 -0.2858
vn 0.9132 -0.2865 -0.2899
vn 0.9336 0.2769 -0.2276
vn 0.9106 -0.2574 -0.3233
vn 0.7926 -0.4777 -0.3790
vn 0.9331 0.2772 -0.2291
vn 0.7643 -0.4912 -0.4177
vn 0.6685 -0.5991 -0.4406
vn 0.9368 0.2721 -0.2200
vn 0.6693 -0.5991 -0.4395
vn 0.9275 0.2957 -0.2287
vn 0.6237 -0.6469 -0.4388
vn 0.7213 -0.6870 -0.0883
vn 0.7996 -0.5925 -0.0984
vn 0.9626 0.2649 -0.0575
vn 0.9587 0.2798 -0.0517
vn 0.9606 0.2760 -0.0339
vn 0.7008 -0.7098 -0.0708
vn 0.9548 0.2958 -0.0306
vn 0.9600 0.2795 -0.0185
vn 0.9547 0.2960 -0.0323
vn 0.9503 0.3109 -0.0125
vn 0.9479 0.3176 -0.0265
vn 0.7906 -0.6122 -0.0065
vn 0.9468 0.3212 -0.0220
vn 0.9471 0.3208 0.0084
vn 0.7851 -0.6186 0.0323
vn 0.7762 -0.6264 0.0721
vn 0.9369 0.3495 0.0085
vn 0.7639 -0.6400 0.0827
vn -0.6599 0.4799 -0.5782
vn 0.7714 -0.6101 0.1808
vn 0.7863 -0.5905 0.1818
vn -0.0275 0.8938 -0.4477
vn 0.7554 -0.6367 0.1549
vn 0.4899 0.7995 -0.3475
vn 0.5995 0.6880 -0.4090
vn 0.7548 -0.6392 0.1473
vn 0.8913 0.4376 -0.1184
vn 0.6533 0.6828 -0.3272
vn 0.9321 0.3617 0.0210
vn 0.9316 0.3600 -0.0500
vn 0.9051 0.4243 0.0282
vn 0.9302 0.3617 0.0625
vn 0.9514 0.3081 0.0012
vn 0.9317 0.3619 0.0319
vn 0.6804 -0.7239 -0.1142
vn 0.9430 0.3286 0.0516
vn 0.9295 0.3667 0.0388
vn 0.9543 0.2360 0.1831
vn 0.7914 -0.5735 -0.2116
vn 0.9458 0.2173 0.2413
vn 0.7748 -0.0813 0.6270
vn 0.9287 0.3692 0.0353
vn 0.7844 -0.6197 0.0249
vn 0.9260 0.3733 0.0561
vn 0.7526 -0.6573 0.0396
vn 0.9241 0.3753 0.0720
vn 0.9240 0.3670 0.1075
vn 0.9258 0.3656 0.0961
vn 0.9297 0.3499 0.1152
vn 0.9334 0.3396 0.1164
vn 0.9311 0.3522 0.0946
vn 0.9223 0.3566 0.1488
vn 0.9233 0.3496 0.1591
vn 0.9526 0.2484 0.1758
vn 0.9599 0.2551 0.1162
vn 0.9717 0.2125 0.1033
vn 0.9625 0.2523 0.0996
vn 0.9737 0.2170 0.0688
vn 0.9665 0.2457 0.0737
vn 0.9466 0.3204 0.0366
vn 0.9409 0.3241 0.0982
vn 0.8875 0.4600 0.0273
vn 0.9017 0.4100 0.1373
vn 0.8091 0.5855 0.0516
vn 0.6928 0.7207 0.0242
vn 0.9651 -0.1694 0.1996
vn 0.7383 -0.6324 0.2343
vn 0.7309 0.6506 0.2061
vn 0.9712 -0.1751 0.1619
vn 0.9843 0.0274 0.1741
vn 0.9824 -0.1091 0.1516
vn 0.5796 0.7252 0.3717
vn 0.9851 -0.0186 0.1707
vn 0.9904 0.0844 0.1095
vn 0.9893 -0.0898 0.1147
vn 0.6528 0.6453 0.3968
vn 0.9900 0.0160 0.1402
vn 0.9898 -0.0179 0.1415
vn 0.6058 0.5282 0.5950
vn 0.5711 0.5279 0.6286
vn 0.9674 -0.1731 0.1847
vn 0.9779 -0.0948 0.1861
vn 0.9828 0.0033 0.1848
vn 0.9827 0.0729 0.1701
vn 0.9855 -0.1254 0.1140
vn 0.9764 -0.1182 0.1806
vn 0.9681 -0.1605 0.1922
vn 0.9782 -0.1018 0.1810
vn 0.8788 0.2383 0.4134
vn 0.8931 0.2070 0.3995
vn 0.9687 -0.0755 0.2363
vn 0.8994 0.2308 0.3713
vn 0.9560 0.1056 0.2737
vn 0.9237 0.0122 0.3829
vn 0.9614 -0.0749 0.2647
vn 0.9388 -0.1256 0.3208
vn 0.9752 0.1499 -0.1631
vn 0.9866 -0.0245 -0.1611
vn 0.9626 0.1988 -0.1842
vn 0.9771 0.1235 -0.1734
vn 0.9731 -0.1502 -0.1748
vn 0.9689 -0.1601 -0.1889
vn 0.9871 -0.0311 -0.1574
vn 0.9763 -0.1338 -0.1699
vn 0.9626 0.1959 -0.1873
vn 0.9615 -0.2138 -0.1725
vn 0.9548 0.1728 -0.2417
vn 0.9614 0.1969 -0.1920
vn 0.9763 0.1221 -0.1785
vn 0.9497 0.2065 -0.2356
vn 0.9575 -0.2013 -0.2068
vn 0.9466 0.1947 -0.2570
vn 0.9466 -0.2464 -0.2081
vn 0.9332 0.2477 -0.2603
vn 0.9454 -0.2385 -0.2220
vn 0.9452 -0.2396 -0.2218
vn 0.8935 -0.3665 -0.2594
vn 0.8007 0.4304 -0.4167
vn 0.9256 0.2792 -0.2555
vn 0.9027 -0.3188 -0.2889
vn 0.7885 -0.5131 -0.3390
vn 0.9250 0.2699 -0.2675
vn 0.9189 0.2979 -0.2588
vn 0.7661 -0.4856 -0.4210
vn 0.9211 0.2999 -0.2481
vn 0.9189 0.3072 -0.2476
vn 0.9180 0.3015 -0.2576
vn 0.9281 0.3047 -0.2140
vn 0.9294 0.2973 -0.2187
vn 0.5685 -0.6851 -0.4555
vn 0.9282 0.3067 -0.2109
vn 0.9338 0.3071 -0.1837
vn 0.9320 0.3083 -0.1909
vn 0.9348 0.2995 -0.1910
vn 0.9486 0.3052 -0.0836
vn 0.9506 0.3017 -0.0737
vn 0.9566 0.2865 -0.0539
vn 0.9538 0.2970 -0.0447
vn 0.6986 -0.7120 -0.0715
vn 0.9542 0.2985 -0.0202
vn 0.9442 0.3292 -0.0126
vn 0.7854 -0.6189 -0.0106
vn 0.9441 0.3297 -0.0029
vn 0.9359 0.3515 -0.0234
vn 0.9363 0.3511 0.0104
vn 0.7332 -0.6695 0.1186
vn 0.9281 0.3722 0.0060
vn 0.9260 0.3775 -0.0024
vn 0.7366 -0.6681 0.1054
vn 0.7004 -0.6836 0.2053
vn -0.9459 0.0289 -0.3231
vn -0.8767 0.1638 -0.4523
vn 0.9217 0.3873 0.0233
vn 0.8472 -0.4856 -0.2154
vn 0.2638 0.7797 -0.5678
vn 0.9689 0.1053 -0.2240
vn 0.6625 -0.7276 0.1780
vn 0.7556 -0.6291 0.1823
vn 0.9236 0.3825 0.0237
vn 0.5985 -0.8000 -0.0415
vn 0.9982 -0.0275 -0.0530
vn 0.8399 0.5327 -0.1040
vn 0.8816 -0.4542 -0.1279
vn 0.9984 0.0546 -0.0166
vn 0.9873 -0.1575 -0.0188
vn 0.9187 0.3932 0.0377
vn 0.9939 -0.1076 -0.0241
vn -0.3273 -0.6468 0.6888
vn 0.9535 -0.2901 -0.0813
vn 0.9843 -0.1639 -0.0649
vn 0.5772 -0.1223 0.8074
vn 0.9079 0.4134 0.0698
vn 0.4815 -0.8709 0.0984
vn 0.9110 0.4043 0.0819
vn 0.9035 0.4174 0.0974
vn 0.9159 0.3930 0.0814
vn 0.9034 0.4144 0.1102
vn 0.9013 0.4193 0.1089
vn 0.9122 0.3969 0.1020
vn 0.9061 0.4093 0.1069
vn 0.9110 0.3978 0.1092
vn 0.9132 0.3882 0.1244
vn 0.9368 0.3213 0.1383
vn 0.9252 0.3571 0.1286
vn 0.9543 0.2695 0.1288
vn 0.9509 0.2918 0.1027
vn 0.9443 0.2991 0.1374
vn 0.9399 0.3189 0.1219
vn 0.9427 0.3108 0.1210
vn 0.9250 0.3659 0.1028
vn 0.9132 0.3751 0.1592
vn 0.9283 0.3504 0.1241
vn 0.9105 0.3704 0.1837
vn 0.9033 0.3990 0.1579
vn 0.9447 -0.2155 0.2473
vn 0.7318 -0.6109 0.3021
vn 0.5543 -0.7970 0.2400
vn 0.8890 0.4027 0.2180
vn 0.8664 0.4477 0.2214
vn 0.9703 -0.2362 0.0524
vn 0.9058 -0.4147 0.0871
vn 0.6694 -0.7404 0.0610
vn 0.8816 0.3639 0.3006
vn 0.9954 -0.0648 0.0708
vn 0.9813 -0.1742 0.0814
vn 0.8707 0.3665 0.3280
vn 0.9806 -0.0032 0.1962
vn 0.9611 0.1223 0.2478
vn 0.9615 0.1620 0.2219
vn 0.9836 0.0884 0.1571
vn 0.9931 -0.0203 0.1159
vn 0.9458 -0.1368 0.2946
vn 0.9609 -0.0613 0.2699
vn 0.9605 -0.0200 0.2777
vn 0.9508 0.0338 0.3079
vn 0.9290 -0.0247 0.3693
vn 0.9844 0.1082 0.1384
vn 0.9726 -0.1967 0.1241
vn 0.8810 0.3665 0.2992
vn 0.9013 0.3315 0.2789
vn 0.9321 0.2396 0.2715
vn 0.9705 -0.0951 0.2217
vn 0.9609 -0.1345 0.2421
vn 0.9496 -0.1849 0.2530
vn 0.9014 0.2843 0.3265
vn 0.6045 0.5365 0.5889
vn 0.9041 0.2782 0.3244
vn 0.9929 -0.0062 0.1190
vn 0.9927 -0.0103 0.1200
vn 0.9687 -0.2112 0.1301
vn 0.9088 -0.4058 0.0972
vn 0.9300 0.2563 0.2636
vn 0.9382 0.2020 0.2809
vn 0.9716 0.0893 0.2192
vn 0.9519 -0.0250 0.3053
vn 0.9152 0.2984 0.2708
vn 0.9905 -0.0236 0.1355
vn 0.9873 -0.0649 0.1448
vn 0.9451 0.1886 0.2669
vn 0.9102 0.3232 0.2589
vn 0.9562 0.1995 0.2140
vn 0.9558 0.1450 0.2558
vn 0.9743 0.0445 0.2207
vn 0.9441 -0.2411 0.2248
vn 0.9446 0.1788 0.2752
vn 0.9645 0.0157 0.2637
vn 0.9718 -0.0467 0.2309
vn 0.9588 0.2011 0.2005
vn 0.9709 -0.1067 0.2144
vn 0.9666 0.1459 0.2106
vn 0.9831 0.0566 0.1740
vn 0.9706 -0.0691 0.2306
vn 0.9731 0.1826 -0.1402
vn 0.9739 0.1792 -0.1390
vn 0.9856 0.0956 -0.1392
vn 0.9875 -0.0765 -0.1375
vn 0.9483 0.2733 -0.1612
vn 0.9918 0.0139 -0.1270
vn 0.9721 -0.1893 -0.1386
vn 0.9680 -0.2112 -0.1358
vn 0.9764 0.1458 -0.1591
vn 0.9208 0.3247 -0.2160
vn 0.9571 0.2146 -0.1947
vn 0.9519 -0.2229 -0.2101
vn 0.9432 -0.2692 -0.1949
vn 0.9490 -0.2337 -0.2118
vn 0.9054 -0.3360 -0.2596
vn 0.9219 0.2587 -0.2883
vn 0.9215 0.3408 -0.1861
vn 0.9390 0.2459 -0.2404
vn 0.9077 -0.3275 -0.2623
vn 0.7730 -0.5589 -0.3004
vn 0.8766 0.3533 -0.3267
vn 0.9197 0.2544 -0.2990
vn 0.9299 -0.2876 -0.2294
vn 0.7842 -0.5505 -0.2863
vn 0.8080 0.4294 -0.4035
vn 0.8750 0.3354 -0.3490
vn 0.8099 -0.4840 -0.3313
vn 0.6666 -0.6531 -0.3593
vn 0.8082 0.4290 -0.4035
vn 0.7529 0.4835 -0.4466
vn 0.5794 -0.7075 -0.4047
vn 0.7913 0.4484 -0.4157
vn 0.6227 0.5735 -0.5323
vn 0.5968 0.5962 -0.5370
vn 0.8367 0.4170 -0.3550
vn 0.5944 -0.6568 -0.4640
vn 0.5931 0.5948 -0.5426
vn 0.8477 0.3950 -0.3540
vn 0.5651 0.6292 -0.5336
vn 0.9180 0.3014 -0.2576
vn 0.8817 0.3601 -0.3049
vn 0.8648 0.3953 -0.3096
vn 0.8721 0.3883 -0.2978
vn 0.6552 0.6032 -0.4548
vn 0.8665 0.3989 -0.3001
vn 0.6018 0.6514 -0.4620
vn 0.8909 0.3749 -0.2564
vn 0.8894 0.3781 -0.2571
vn 0.7130 0.5717 -0.4059
vn 0.5351 -0.7072 -0.4622
vn 0.7376 0.5373 -0.4089
vn 0.9047 0.3643 -0.2209
vn 0.9122 0.3311 -0.2414
vn 0.9404 0.3234 -0.1055
vn 0.9493 0.3025 -0.0859
vn 0.9379 0.3402 -0.0676
vn 0.9363 0.3470 -0.0537
vn 0.9377 0.3438 -0.0510
vn 0.9381 0.3456 -0.0229
vn 0.9308 0.3651 -0.0170
vn 0.9514 0.3075 -0.0156
vn 0.9361 0.3516 -0.0023
vn 0.9345 0.3559 -0.0010
vn 0.9503 0.3115 -0.0045
vn 0.9342 0.3567 0.0016
vn 0.9214 0.3878 0.0241
vn 0.9099 0.4147 0.0086
vn 0.9263 0.3763 0.0204
vn 0.4723 -0.8643 0.1732
vn 0.9113 0.4099 0.0389
vn 0.9098 0.4138 0.0320
vn 0.9059 0.4226 0.0271
vn 0.8373 -0.2089 -0.5052
vn 0.8913 0.4510 0.0472
vn 0.2787 0.9528 0.1208
vn 0.8954 0.4438 0.0367
vn 0.0992 -0.9655 0.2407
vn 0.9025 0.4286 0.0437
vn 0.9050 0.4230 0.0451
vn 0.8732 0.4833 0.0632
vn 0.9029 0.4261 0.0571
vn 0.9093 0.4112 0.0631
vn 0.9099 0.4073 0.0788
vn 0.6642 0.7254 0.1807
vn 0.6535 0.7465 0.1253
vn 0.2986 0.9340 0.1961
vn 0.9692 0.2361 0.0693
vn 0.9025 0.4187 0.1004
vn 0.6009 0.7760 0.1916
vn 0.3420 -0.9050 0.2529
vn 0.9079 0.4109 0.0832
vn 0.9340 0.3370 0.1187
vn 0.9204 0.3736 0.1154
vn 0.9113 0.3826 0.1523
vn 0.9121 0.3768 0.1617
vn 0.9170 0.3741 0.1384
vn 0.9200 0.3611 0.1523
vn 0.9175 0.3687 0.1494
vn 0.9071 0.3976 0.1383
vn 0.9162 0.3682 0.1579
vn 0.3581 -0.8931 0.2725
vn 0.9056 0.3940 0.1569
vn 0.6593 0.6932 0.2913
vn 0.9126 0.3761 0.1604
vn 0.8881 0.4252 0.1747
vn 0.9167 0.3556 0.1821
vn 0.7173 0.6193 0.3192
vn 0.8973 0.4013 0.1841
vn 0.8753 0.3849 0.2928
vn 0.8604 0.4467 0.2453
vn 0.8599 0.4430 0.2535
vn 0.8428 0.4581 0.2827
vn 0.8395 0.4545 0.2976
vn 0.8520 0.4241 0.3071
vn 0.7166 -0.0291 0.6968
vn 0.7442 0.3090 0.5922
vn 0.8150 -0.3064 0.4918
vn 0.7704 -0.1137 0.6273
vn 0.5759 -0.3879 0.7196
vn 0.6247 -0.1458 0.7671
vn 0.6210 -0.1566 0.7680
vn 0.6245 0.1296 0.7702
vn 0.6002 0.2212 0.7687
vn 0.5278 0.4940 0.6909
vn 0.7110 -0.6920 0.1247
vn 0.7916 -0.3072 0.5283
vn 0.4629 -0.4800 0.7452
vn 0.5914 0.6386 0.4924
vn 0.4842 0.7723 0.4112
vn 0.8805 0.3662 0.3011
vn 0.9228 -0.1569 0.3518
vn 0.8393 -0.4752 0.2639
vn 0.5701 0.7299 0.3771
vn 0.9674 -0.1761 0.1818
vn 0.9093 -0.3641 0.2016
vn 0.6954 -0.7104 0.1081
vn 0.8888 0.3401 0.3071
vn 0.9604 0.1596 0.2283
vn 0.9549 -0.1223 0.2705
vn 0.9222 -0.2863 0.2599
vn 0.7693 0.5258 0.3628
vn 0.5241 0.7733 0.3567
vn 0.7983 0.4677 0.3796
vn 0.8846 0.3311 0.3285
vn 0.8981 0.2938 0.3272
vn 0.8764 0.1440 0.4596
vn 0.9115 0.0561 0.4076
vn 0.9122 0.0276 0.4087
vn 0.9210 -0.0030 0.3894
vn 0.9182 -0.1092 0.3808
vn 0.8778 -0.2182 0.4265
vn 0.8447 -0.3404 0.4130
vn 0.6401 -0.5913 0.4905
vn 0.7848 0.4706 0.4033
vn 0.5203 0.7455 0.4166
vn 0.6510 0.6172 0.4418
vn 0.8718 0.1260 0.4733
vn 0.9071 -0.0779 0.4136
vn 0.9107 -0.1670 0.3778
vn 0.8796 0.2206 0.4214
vn 0.8922 0.0927 0.4419
vn 0.9169 -0.0365 0.3974
vn 0.9754 0.1962 -0.1010
vn 0.9771 0.1896 -0.0966
vn 0.9937 -0.0378 -0.1052
vn 0.9761 -0.1945 -0.0964
vn 0.9874 0.1237 -0.0987
vn 0.9926 -0.0192 -0.1199
vn 0.9900 -0.0829 -0.1138
vn 0.9625 -0.2506 -0.1042
vn 0.9251 0.3618 -0.1156
vn 0.7521 0.6226 -0.2160
vn 0.9518 -0.2669 -0.1512
vn 0.9276 -0.3439 -0.1460
vn 0.9054 0.3988 -0.1459
vn 0.9526 0.2605 -0.1570
vn 0.8697 0.4601 -0.1784
vn 0.9281 0.3216 -0.1876
vn 0.9436 -0.2692 -0.1927
vn 0.8696 -0.4666 -0.1615
vn 0.6407 0.7125 -0.2859
vn 0.8751 0.4360 -0.2101
vn 0.8796 -0.4306 -0.2021
vn 0.7530 0.5564 -0.3512
vn 0.6397 0.6883 -0.3421
vn 0.8240 -0.4759 -0.3075
vn 0.6795 -0.6690 -0.3013
vn 0.6079 0.6550 -0.4489
vn 0.6761 -0.6763 -0.2923
vn 0.5752 0.6181 -0.5358
vn 0.5422 0.6135 -0.5741
vn 0.6052 -0.6982 -0.3825
vn 0.5772 0.6059 -0.5475
vn 0.5235 0.6184 -0.5861
vn 0.5716 0.5872 -0.5732
vn 0.4650 0.6413 -0.6103
vn 0.4652 0.6404 -0.6112
vn 0.4559 0.6973 -0.5531
vn 0.5945 0.6333 -0.4955
vn 0.4112 0.7354 -0.5385
vn 0.4504 0.6983 -0.5564
vn 0.4554 0.6990 -0.5514
vn 0.4390 0.7018 -0.5610
vn 0.4818 0.6574 -0.5794
vn 0.6487 0.6393 -0.4128
vn 0.4545 0.6752 -0.5810
vn 0.7908 0.4842 -0.3743
vn 0.7993 0.4732 -0.3705
vn 0.9226 0.3675 -0.1170
vn 0.9130 0.3943 -0.1050
vn 0.5026 0.8210 -0.2709
vn 0.9068 0.4146 -0.0767
vn 0.9257 0.3691 -0.0829
vn 0.7040 0.7037 -0.0961
vn 0.7231 0.6867 -0.0751
vn 0.8507 0.5225 -0.0578
vn 0.8986 0.4343 -0.0621
vn 0.8511 0.5244 -0.0252
vn 0.2659 -0.9610 -0.0764
vn 0.8517 0.5234 -0.0250
vn 0.7754 0.6315 -0.0002
vn 0.8068 0.5908 -0.0027
vn 0.8468 0.5311 0.0281
vn 0.5557 0.8291 0.0612
vn 0.7871 0.6153 0.0448
vn 0.5525 0.8318 0.0526
vn 0.8560 0.5143 0.0517
vn 0.7242 0.6733 0.1490
vn 0.5167 0.8553 0.0382
vn 0.4967 0.8663 0.0530
vn 0.6281 -0.7625 -0.1554
vn 0.3507 0.9287 0.1209
vn 0.3292 0.9372 0.1155
vn 0.2992 0.9456 0.1276
vn 0.3279 0.9322 0.1532
vn 0.3570 0.9132 0.1964
vn 0.3640 0.9161 0.1681
vn 0.3813 0.9105 0.1598
vn 0.3431 0.9206 0.1866
vn 0.3756 0.9031 0.2082
vn 0.3599 0.9140 0.1873
vn 0.3426 -0.9160 0.2087
vn 0.4812 0.8385 0.2557
vn 0.4379 0.8784 0.1914
vn 0.5119 0.8269 0.2326
vn 0.5095 0.8165 0.2715
vn 0.6779 0.6809 0.2772
vn 0.5446 0.7893 0.2835
vn 0.6709 0.6913 0.2683
vn 0.6446 0.7232 0.2480
vn 0.7033 0.6631 0.2562
vn 0.6420 0.7243 0.2513
vn 0.5437 0.7939 0.2721
vn 0.6922 0.6671 0.2754
vn 0.7127 0.6413 0.2844
vn 0.5705 0.7338 0.3689
vn 0.5437 0.7855 0.2955
vn 0.7111 0.6206 0.3304
vn 0.7129 0.6180 0.3315
vn 0.7011 0.6250 0.3432
vn 0.7044 0.6189 0.3475
vn 0.7596 0.5512 0.3452
vn 0.7581 0.5483 0.3530
vn 0.4987 0.7323 0.4637
vn 0.7619 0.5427 0.3534
vn 0.7494 0.5210 0.4087
vn 0.7592 0.5055 0.4100
vn 0.5604 -0.0031 0.8282
vn 0.5330 0.3260 0.7808
vn 0.6738 0.5706 0.4695
vn 0.4713 -0.4734 0.7441
vn 0.5619 -0.2994 0.7711
vn 0.2438 0.7445 0.6215
vn 0.7639 0.5195 0.3829
vn 0.5298 -0.6476 0.5476
vn 0.5524 -0.6316 0.5439
vn 0.6901 0.5543 0.4653
vn 0.3307 0.8492 0.4116
vn 0.2670 0.8814 0.3898
vn 0.7001 0.5564 0.4476
vn 0.6420 -0.5889 0.4909
vn 0.7256 0.5074 0.4648
vn 0.3427 0.8516 0.3968
vn 0.4576 0.7856 0.4164
vn 0.7161 0.5071 0.4797
vn 0.7481 0.1902 0.6357
vn 0.7676 -0.4882 0.4152
vn 0.8624 -0.2588 0.4351
vn 0.8404 -0.3509 0.4130
vn 0.7088 -0.5782 0.4040
vn 0.7815 0.2077 0.5883
vn 0.6012 0.2306 0.7651
vn 0.7906 0.0243 0.6118
vn 0.8052 0.0388 0.5917
vn 0.6262 0.1241 0.7697
vn 0.7016 0.0296 0.7120
vn 0.6769 -0.0266 0.7356
vn 0.8057 -0.2335 0.5444
vn 0.6907 -0.1977 0.6956
vn 0.8026 -0.2379 0.5470
vn 0.7258 0.3721 0.5785
vn 0.8547 -0.0958 0.5103
vn 0.8343 -0.2124 0.5087
vn 0.4212 0.0760 0.9038
vn 0.7116 0.2331 0.6627
vn 0.7341 -0.0017 0.6791
vn 0.7192 -0.0156 0.6946
vn 0.7245 -0.2605 0.6381
vn 0.9769 -0.1976 -0.0817
vn 0.9583 -0.2767 -0.0713
vn 0.9765 0.2013 -0.0767
vn 0.9929 0.0802 -0.0877
vn 0.9955 -0.0496 -0.0803
vn 0.9959 0.0182 -0.0889
vn 0.9964 -0.0056 -0.0849
vn 0.9918 -0.0943 -0.0860
vn 0.9576 -0.2683 -0.1054
vn 0.9520 0.3009 -0.0560
vn 0.9608 -0.2582 -0.1014
vn 0.9336 0.3420 -0.1070
vn 0.9150 0.3927 -0.0930
vn 0.9227 -0.3757 -0.0860
vn 0.7874 0.6092 -0.0942
vn 0.7467 0.6570 -0.1044
vn 0.8044 0.5762 -0.1451
vn 0.8199 -0.5604 -0.1172
vn 0.7079 0.6885 -0.1576
vn 0.6517 0.7322 -0.1980
vn 0.6454 0.7270 -0.2343
vn 0.6501 0.7216 -0.2382
vn 0.6507 0.6971 -0.3011
vn 0.6400 0.6799 -0.3580
vn 0.6135 0.6341 -0.4707
vn 0.5841 0.6766 -0.4483
vn 0.5787 0.6433 -0.5012
vn 0.4987 0.6748 -0.5440
vn 0.4417 0.6805 -0.5847
vn 0.4251 0.6581 -0.6215
vn 0.4102 0.6964 -0.5889
vn 0.3834 0.7345 -0.5599
vn 0.5016 -0.7562 -0.4201
vn 0.2937 0.7708 -0.5653
vn 0.3218 0.9178 -0.2326
vn 0.2919 0.9535 -0.0748
vn 0.2869 0.9580 0.0006
vn 0.2188 0.9756 0.0158
vn 0.2860 0.9562 0.0629
vn 0.2639 0.9617 0.0746
vn 0.2749 0.9533 0.1250
vn 0.2267 0.9682 0.1062
vn 0.3182 0.9390 0.1305
vn 0.3157 -0.9397 0.1316
vn 0.3266 0.9325 0.1540
vn 0.3639 0.9118 0.1901
vn 0.3488 0.9161 0.1979
vn 0.4785 0.8534 0.2066
vn 0.4562 0.8543 0.2490
vn 0.5408 0.8071 0.2370
vn 0.5733 0.7750 0.2660
vn 0.6109 0.7301 0.3062
vn 0.6033 0.7616 0.2367
vn 0.4330 0.8042 0.4071
vn 0.4799 0.7697 0.4211
vn 0.4425 0.7692 0.4611
vn 0.4357 0.7027 0.5624
vn 0.0775 -0.4827 0.8723
vn 0.1316 -0.4252 0.8955
vn -0.0616 -0.1905 0.9797
vn -0.1515 0.8243 0.5455
vn 0.3140 -0.6187 0.7201
vn 0.2504 -0.6644 0.7042
vn -0.0869 0.8972 0.4330
vn 0.4184 0.6876 0.5935
vn 0.3829 0.3228 0.8655
vn 0.2841 0.8477 0.4480
vn 0.4283 -0.3421 0.8363
vn 0.4822 0.4971 0.7214
vn 0.6488 0.2665 0.7127
vn 0.5464 0.1559 0.8229
vn 0.6726 -0.0029 0.7400
vn 0.5736 -0.1024 0.8127
vn 0.5940 -0.4099 0.6922
vn 0.5872 -0.4432 0.6773
vn 0.9973 0.0288 -0.0680
vn 0.9972 0.0300 -0.0688
vn 0.9886 -0.1482 -0.0273
vn 0.9927 0.0938 -0.0752
vn 0.9865 -0.1632 -0.0108
vn 0.9800 -0.1926 -0.0495
vn 0.9978 0.0084 -0.0654
vn 0.9975 0.0313 -0.0633
vn 0.9794 -0.1958 -0.0497
vn 0.9902 0.1110 -0.0845
vn 0.9707 -0.2399 0.0157
vn 0.9750 0.2097 -0.0736
vn 0.9708 -0.2396 0.0133
vn 0.9743 0.2140 -0.0701
vn 0.9965 -0.0251 -0.0798
vn 0.9595 -0.2786 -0.0426
vn 0.9253 0.3735 -0.0654
vn 0.9467 0.3159 -0.0631
vn 0.9804 -0.1906 -0.0505
vn 0.9507 -0.3066 -0.0459
vn 0.9787 0.1955 -0.0622
vn 0.9923 0.1064 -0.0633
vn 0.9213 -0.3887 0.0077
vn 0.9016 0.4318 -0.0243
vn 0.9694 0.0871 -0.2295
vn 0.9277 -0.3730 -0.0136
vn 0.9551 -0.2911 -0.0548
vn 0.9126 -0.4034 -0.0660
vn 0.8596 -0.5101 -0.0291
vn 0.8865 0.4611 -0.0380
vn 0.9490 0.3077 -0.0685
vn 0.9799 0.1859 -0.0725
vn 0.8277 0.5589 -0.0511
vn 0.9593 0.2729 -0.0725
vn 0.8819 -0.4616 -0.0959
vn 0.8389 -0.5410 -0.0592
vn 0.8129 -0.5707 -0.1165
vn 0.8291 0.5545 -0.0721
vn 0.7997 0.5985 -0.0481
vn 0.7440 0.6665 -0.0472
vn 0.7016 -0.7115 -0.0397
vn 0.6953 -0.7173 -0.0450
vn 0.7035 0.6925 -0.1598
vn 0.6744 0.6842 -0.2776
vn 0.6504 0.6323 -0.4209
vn 0.9981 0.0182 -0.0594
vn 0.9983 -0.0311 -0.0499
vn 0.9933 0.0974 -0.0630
vn 0.9972 0.0324 -0.0680
vn 0.7839 -0.5462 -0.2953
vn 0.8550 -0.4299 -0.2900
vn 0.8658 -0.4182 -0.2748
vn 0.9943 -0.0821 -0.0684
vn 0.8207 -0.5056 -0.2661
vn 0.9968 0.0206 -0.0773
vn 0.9975 -0.0388 -0.0585
vn 0.9983 -0.0320 -0.0490
vn 0.9975 -0.0522 -0.0470
vn 0.8380 -0.4872 -0.2456
vn 0.4526 0.6619 -0.5975
vn 0.9062 -0.3544 -0.2306
vn 0.9992 -0.0277 -0.0284
vn 0.8779 -0.3938 -0.2725
vn 0.9990 -0.0181 -0.0412
vn 0.9991 -0.0129 -0.0412
vn 0.9973 -0.0493 -0.0542
vn 0.3799 0.6704 -0.6373
vn 0.9971 -0.0565 -0.0503
vn 0.8913 -0.3649 -0.2693
vn 0.8995 -0.3534 -0.2572
vn 0.9993 -0.0204 -0.0311
vn 0.9976 -0.0564 -0.0401
vn 0.9052 -0.3409 -0.2538
vn 0.9976 -0.0545 -0.0435
vn 0.9324 -0.2940 -0.2102
vn 0.9972 -0.0654 -0.0354
vn 0.9978 -0.0545 -0.0367
vn 0.3513 0.7432 -0.5694
vn 0.3535 0.7329 -0.5812
vn 0.3197 0.7505 -0.5784
vn 0.9379 -0.2793 -0.2057
vn 0.9440 -0.2675 -0.1930
vn 0.9981 -0.0583 -0.0178
vn 0.9976 -0.0660 -0.0200
vn 0.2981 0.7787 -0.5521
vn 0.9268 -0.3230 -0.1913
vn 0.9330 -0.3107 -0.1814
vn 0.9979 -0.0604 -0.0219
vn 0.2894 0.7638 -0.5769
vn 0.2915 0.7647 -0.5747
vn 0.8387 -0.4682 -0.2782
vn 0.9579 -0.2641 -0.1124
vn 0.9981 -0.0620 0.0042
vn 0.2917 0.7492 -0.5947
vn 0.9978 -0.0652 -0.0142
vn 0.2806 0.7639 -0.5811
vn 0.2669 0.7220 -0.6383
vn 0.2467 0.7521 -0.6112
vn 0.8648 -0.4396 -0.2426
vn 0.9977 -0.0670 -0.0028
vn 0.9924 -0.1170 0.0374
vn 0.8614 -0.4453 -0.2443
vn 0.2116 0.7508 -0.6257
vn 0.8828 -0.4199 -0.2107
vn 0.9926 -0.1161 0.0347
vn 0.2231 0.7654 -0.6036
vn 0.7468 -0.5976 -0.2918
vn 0.8356 -0.5169 -0.1860
vn 0.3388 0.8776 -0.3392
vn 0.3134 0.8965 -0.3131
vn 0.6401 -0.7502 -0.1658
vn 0.3003 0.9399 -0.1628
vn 0.3047 0.9415 -0.1442
vn 0.2827 0.9534 -0.1051
vn 0.2862 0.9557 -0.0689
vn 0.2975 0.9547 0.0024
vn 0.2864 0.9581 0.0085
vn 0.3083 0.9510 0.0215
vn 0.2875 0.9557 0.0624
vn 0.3064 0.9483 0.0830
vn 0.3054 0.9485 0.0839
vn 0.3227 -0.9324 0.1630
vn 0.3216 0.9412 0.1031
vn 0.3171 0.9426 0.1051
vn 0.3755 0.9218 0.0960
vn 0.3770 0.9142 0.1489
vn 0.4099 0.8971 0.1647
vn 0.4175 0.8896 0.1855
vn 0.4244 0.8889 0.1722
vn 0.4367 0.8796 0.1888
vn 0.4574 0.8517 0.2558
vn 0.5208 0.8307 0.1968
vn 0.5490 0.8023 0.2344
vn 0.5787 0.7770 0.2476
vn 0.5845 0.7621 0.2785
vn 0.3160 -0.8996 0.3015
vn 0.5901 0.7529 0.2915
vn 0.5375 0.7869 0.3032
vn 0.5877 0.7005 0.4050
vn 0.5186 0.7928 0.3202
vn 0.5273 0.7701 0.3590
vn 0.5291 0.7717 0.3530
vn 0.4764 0.7759 0.4136
vn 0.3879 0.7807 0.4900
vn 0.4312 0.7514 0.4995
vn -0.0654 -0.1947 0.9787
vn -0.0043 -0.0059 1.0000
vn -0.0275 -0.0384 0.9989
vn -0.0242 0.1957 0.9804
vn -0.0048 0.2609 0.9653
vn -0.0144 -0.5140 0.8577
vn 0.4002 0.7070 0.5831
vn 0.2185 -0.6684 0.7110
vn 0.0111 0.9272 0.3744
vn 0.0082 0.9175 0.3977
vn 0.3799 0.6659 0.6421
vn 0.0573 0.9325 0.3566
vn 0.3861 0.6506 0.6540
vn 0.3434 0.5518 0.7600
vn 0.3822 0.3239 0.8654
vn 0.3565 0.3067 0.8825
vn 0.3665 0.1541 0.9176
vn 0.3581 0.1707 0.9179
vn 0.3839 -0.0144 0.9232
vn 0.3974 -0.0608 0.9156
vn 0.3805 -0.2447 0.8918
vn 0.3404 -0.4971 0.7981
vn 0.2746 0.5906 0.7588
vn 0.4477 -0.6364 0.6281
vn 0.9982 0.0563 -0.0187
vn 0.9944 -0.0038 -0.1054
vn 0.9832 -0.0538 -0.1747
vn 0.9830 0.0952 -0.1573
vn 0.9958 0.0870 -0.0275
vn 0.9944 -0.0036 -0.1055
vn 0.9843 -0.0590 -0.1663
vn 0.9736 0.1104 -0.1997
vn 0.9807 0.0535 -0.1880
vn 0.9800 0.0450 -0.1937
vn 0.9830 -0.0050 -0.1835
vn 0.9968 0.0793 -0.0087
vn 0.9964 -0.0024 -0.0853
vn 0.9760 -0.1084 -0.1890
vn 0.9737 0.1104 -0.1995
vn 0.9662 -0.2348 0.1063
vn 0.8842 0.4321 0.1776
vn 0.9917 0.1189 0.0483
vn 0.9986 0.0481 -0.0209
vn 0.9940 0.1038 -0.0330
vn 0.9970 -0.0088 -0.0772
vn 0.9961 0.0243 -0.0853
vn 0.9925 -0.0320 -0.1179
vn 0.9816 -0.1104 -0.1557
vn 0.9698 0.1352 -0.2032
vn 0.9839 0.0852 -0.1573
vn 0.9924 -0.0552 -0.1101
vn 0.9965 0.0438 -0.0718
vn 0.9632 -0.2389 0.1231
vn 0.9916 -0.0702 -0.1085
vn 0.9769 -0.1415 -0.1598
vn 0.9629 -0.2408 0.1215
vn 0.9853 0.1274 0.1139
vn 0.9942 0.0919 0.0551
vn 0.9990 0.0417 0.0184
vn 0.9630 -0.2407 0.1208
vn 0.9847 0.1354 0.1098
vn 0.9981 0.0615 0.0008
vn 1.0000 0.0087 -0.0046
vn 0.9946 -0.0548 -0.0883
vn 0.9952 -0.0640 -0.0737
vn 0.9865 0.0877 -0.1385
vn 0.9943 -0.0929 0.0531
vn 0.9858 0.1285 0.1083
vn 0.9804 -0.1403 -0.1383
vn 0.9695 0.1613 -0.1847
vn 0.9725 0.1449 -0.1824
vn 0.9854 0.1006 -0.1375
vn 0.9772 -0.1683 0.1291
vn 0.9704 -0.1988 0.1369
vn 0.9260 -0.3056 0.2219
vn 0.9865 0.1044 0.1260
vn 0.9924 -0.0911 -0.0824
vn 0.9913 0.0912 -0.0950
vn 0.9938 -0.0968 0.0553
vn 0.9963 0.0417 -0.0753
vn 0.9430 -0.2699 0.1949
vn 0.9998 0.0057 0.0187
vn 0.9998 0.0066 0.0198
vn 0.9985 -0.0544 -0.0000
vn 0.9778 0.1564 -0.1394
vn 0.9876 0.1155 0.1063
vn 0.9997 -0.0087 -0.0247
vn 0.9892 0.1142 -0.0914
vn 0.9915 0.0922 -0.0919
vn 0.9782 -0.1687 0.1209
vn 0.9475 -0.2548 0.1932
vn 0.9992 -0.0270 -0.0281
vn 0.9956 -0.0765 -0.0543
vn 0.9990 0.0430 -0.0127
vn 0.9842 -0.1314 0.1183
vn 0.9841 -0.1206 0.1301
vn 0.9846 0.1209 0.1260
vn 0.9988 0.0392 0.0304
vn 0.9828 -0.1298 -0.1316
vn 0.9754 0.1367 -0.1730
vn 0.9883 0.1096 -0.1058
vn 0.9886 -0.0990 0.1137
vn 0.9343 -0.2564 0.2478
vn 0.9324 -0.2635 0.2475
vn 0.9876 0.1139 -0.1083
vn 0.9997 0.0206 -0.0148
vn 0.9931 0.0910 -0.0736
vn 0.9752 -0.1523 0.1608
vn 0.9985 0.0384 0.0392
vn 0.9960 -0.0655 -0.0603
vn 0.9962 -0.0635 -0.0599
vn 0.9824 0.1041 -0.1552
vn 0.9893 -0.1011 0.1056
vn 1.0000 -0.0044 0.0084
vn 0.9999 -0.0072 0.0081
vn 0.9751 0.1349 -0.1758
vn 0.9973 -0.0344 0.0646
vn 0.9884 -0.1098 0.1044
vn 0.9741 -0.1721 0.1466
vn 0.9366 -0.2559 0.2395
vn 0.9847 0.1221 0.1245
vn 0.9863 0.1093 0.1239
vn 0.9829 -0.1348 -0.1251
vn 0.9899 0.0918 -0.1078
vn 0.9922 0.0741 -0.1000
vn 0.9426 -0.2377 0.2347
vn 0.9962 -0.0628 -0.0607
vn 0.9935 -0.0887 -0.0716
vn 0.9907 0.0944 -0.0979
vn 0.9896 -0.1097 0.0927
vn 0.9862 0.1199 0.1143
vn 0.9862 0.1201 0.1144
vn 0.9973 -0.0450 0.0583
vn 0.9349 -0.2746 0.2250
vn 0.9383 -0.2367 0.2522
vn 0.9990 0.0309 0.0323
vn 0.9988 0.0003 0.0482
vn 0.9993 -0.0039 -0.0378
vn 0.9993 -0.0378 0.0009
vn 0.9913 0.0746 -0.1081
vn 0.9880 -0.1264 0.0893
vn 0.9345 -0.2749 0.2261
vn 0.9954 -0.0432 -0.0855
vn 0.9944 -0.0909 -0.0536
vn 0.9988 -0.0381 0.0309
vn 0.9986 -0.0420 0.0318
vn 0.9919 -0.0966 0.0826
vn 0.8563 -0.4444 0.2631
vn 0.9888 0.0823 0.1248
vn 0.9935 -0.0637 -0.0939
vn 0.9930 0.0157 -0.1172
vn 0.9935 -0.0923 0.0671
vn 0.9314 -0.2875 0.2231
vn 0.9920 -0.0060 -0.1262
vn 0.9940 0.0110 -0.1087
vn 0.9924 0.0577 -0.1090
vn 0.9928 0.0743 -0.0935
vn 0.9925 0.0801 -0.0928
vn 0.9908 0.0993 0.0921
vn 0.9966 0.0157 0.0813
vn 0.9910 -0.0021 -0.1335
vn 0.9926 0.0559 -0.1077
vn 0.9976 -0.0689 0.0027
vn 0.9399 -0.2821 0.1923
vn 0.9981 0.0606 0.0144
vn 1.0000 -0.0062 0.0034
vn 0.9992 -0.0022 -0.0404
vn 0.9957 0.0588 -0.0716
vn 0.9969 0.0540 -0.0564
vn 0.9468 -0.2613 0.1881
vn 0.9931 -0.0946 0.0699
vn 0.9925 0.0983 0.0731
vn 0.9963 0.0460 -0.0728
vn 0.9949 -0.0939 0.0373
vn 0.9934 -0.0914 0.0689
vn 0.9421 -0.2695 0.1994
vn 0.9939 0.0872 0.0674
vn 0.9995 0.0114 -0.0289
vn 0.9892 -0.1359 0.0543
vn 0.9868 -0.1523 0.0549
vn 0.9939 0.0877 0.0668
vn 0.9998 0.0152 -0.0119
vn 0.9939 0.0655 -0.0884
vn 0.9973 0.0293 -0.0677
vn 0.9964 0.0380 -0.0763
vn 0.9304 -0.3434 0.1282
vn 0.9978 0.0402 -0.0531
vn 0.9928 0.0941 -0.0741
vn 0.9958 -0.0912 -0.0085
vn 0.9915 -0.1298 -0.0074
vn 0.9325 -0.3400 0.1217
vn 0.9939 0.0877 0.0669
vn 0.9975 0.0494 -0.0505
vn 0.9873 -0.1588 0.0075
vn 0.9849 -0.1732 0.0036
vn 0.9161 -0.3896 0.0946
vn 0.9935 0.1108 0.0264
vn 0.9966 0.0765 0.0317
vn 0.9936 0.0971 -0.0576
vn 0.9912 0.1176 0.0600
vn 0.9951 0.0978 -0.0165
vn 0.9934 0.0983 -0.0593
vn 0.9876 -0.1569 0.0030
vn 0.9220 -0.3755 0.0946
vn 0.8984 -0.4262 0.1062
vn 0.9119 -0.3939 0.1155
vn 0.7987 -0.5715 0.1881
vn 0.9886 0.1468 0.0345
vn 0.9885 0.1488 -0.0282
vn 0.9896 0.1426 0.0185
vn 0.9864 0.1644 -0.0072
vn 0.9841 -0.1771 -0.0128
vn 0.9342 -0.3497 0.0706
vn 0.9019 -0.4229 0.0875
vn 0.9779 0.2086 -0.0105
vn 0.9834 0.1718 -0.0590
vn 0.9268 -0.3694 0.0673
vn 0.8271 -0.5379 0.1630
vn 0.9774 0.2024 -0.0613
vn 0.9736 0.2159 0.0743
vn 0.9848 0.1715 0.0269
vn 0.9424 -0.3345 0.0082
vn 0.9584 0.2818 0.0457
vn 0.9633 0.2684 -0.0031
vn 0.8770 -0.4746 0.0754
vn 0.7855 -0.6134 0.0825
vn 0.9584 0.2845 -0.0236
vn 0.8259 -0.5614 0.0515
vn 0.7358 -0.6662 0.1212
vn 0.9639 0.2649 -0.0275
vn 0.9281 0.3662 0.0665
vn 0.8087 -0.5878 0.0226
vn 0.9274 0.3720 0.0403
vn 0.8971 0.4417 -0.0056
vn 0.9011 0.4336 -0.0049
vn 0.8924 0.4508 -0.0211
vn 0.8439 -0.5362 -0.0172
vn 0.7380 -0.6742 0.0295
vn 0.8575 0.5131 0.0366
vn 0.8725 0.4876 0.0327
vn 0.7308 -0.6819 -0.0320
vn 0.6960 -0.7180 0.0066
vn 0.8272 0.5612 -0.0298
vn 0.8043 0.5942 -0.0107
vn 0.7960 0.6049 -0.0230
vn 0.7626 0.6468 0.0070
vn 0.4792 -0.8777 0.0003
vn 0.7409 0.6670 -0.0787
vn 0.7795 0.6237 -0.0578
vn 0.7264 0.6807 -0.0946
vn 0.8245 0.5419 -0.1627
vn 0.9897 0.0330 -0.1394
vn 0.9189 0.3746 -0.1238
vn 0.8143 0.5546 -0.1711
vn 0.9899 0.0356 -0.1375
vn 0.9583 -0.1818 -0.2204
vn 0.7016 0.6948 -0.1580
vn 0.9965 -0.0234 -0.0799
vn 0.9191 0.3742 -0.1234
vn 0.9964 -0.0273 -0.0797
vn 0.9839 -0.1123 -0.1388
vn 0.7077 0.6892 -0.1555
vn 0.9809 0.1855 -0.0594
vn 0.9967 0.0550 -0.0592
vn 0.9541 -0.2241 -0.1985
vn 0.6922 0.6861 -0.2238
vn 0.7461 0.6330 -0.2064
vn 0.9962 -0.0258 -0.0833
vn 0.6906 0.6871 -0.2256
vn 0.8943 0.4392 -0.0854
vn 0.7306 0.6706 -0.1289
vn 0.9767 -0.1593 -0.1435
vn 0.9533 -0.2255 -0.2008
vn 0.9542 -0.2224 -0.2000
vn 0.6803 0.6776 -0.2794
vn 0.5708 -0.7667 -0.2940
vn 0.9219 0.3831 -0.0582
vn 0.9810 0.1842 -0.0612
vn 0.9960 -0.0418 -0.0794
vn 0.9909 -0.1089 -0.0790
vn 0.9075 0.4083 -0.0985
vn 0.8107 0.5706 -0.1314
vn 0.9435 0.3151 -0.1021
vn 0.6682 0.6482 -0.3653
vn 0.6898 0.6367 -0.3446
vn 0.5723 -0.7281 -0.3771
vn 0.9977 -0.0024 -0.0682
vn 0.9911 -0.1019 -0.0852
vn 0.9641 -0.2077 -0.1657
vn 0.8180 -0.2603 -0.5130
vn 0.9736 0.2182 -0.0675
vn 0.9747 0.2129 -0.0677
vn 0.9967 0.0545 -0.0609
vn 0.9981 0.0179 -0.0590
vn 0.6417 0.6466 -0.4125
vn 0.8108 -0.4420 -0.3837
vn 0.9940 0.0924 -0.0583
vn 0.9896 -0.0977 -0.1055
vn 0.9574 -0.2401 -0.1605
vn 0.6375 0.6325 -0.4399
vn 0.8955 -0.3341 -0.2940
vn 0.9829 -0.1342 -0.1261
vn 0.9576 -0.1884 -0.2179
vn 0.5910 0.6340 -0.4988
vn 0.9104 -0.2972 -0.2877
vn 0.9924 -0.0954 -0.0780
vn 0.9745 -0.1382 -0.1770
vn 0.5942 0.6820 -0.4264
vn 0.9917 -0.0872 -0.0939
vn 0.9999 0.0028 -0.0131
vn 0.9918 -0.0866 -0.0941
vn 0.9737 -0.1462 -0.1746
vn 1.0000 -0.0018 -0.0072
vn 1.0000 -0.0006 -0.0058
vn 0.9724 -0.1478 -0.1806
vn 1.0000 -0.0003 0.0017
vn 1.0000 0.0018 -0.0071
vn 0.9918 -0.0882 -0.0928
vn 0.9906 -0.0980 -0.0950
vn 0.2737 0.7816 -0.5605
vn 0.9947 -0.0738 -0.0720
vn 0.9909 -0.0869 -0.1027
vn 0.9805 -0.0922 -0.1733
vn 0.9997 -0.0168 0.0149
vn 0.3407 0.6820 -0.6472
vn 1.0000 0.0011 0.0047
vn 0.3588 0.6853 -0.6338
vn 0.3257 0.7063 -0.6285
vn 0.9949 -0.0741 -0.0692
vn 0.9962 -0.0474 -0.0728
vn 0.9923 -0.0890 -0.0865
vn 0.9925 -0.0762 -0.0960
vn 0.9931 -0.0691 -0.0947
vn 0.9909 -0.0677 -0.1166
vn 0.9925 -0.0817 -0.0907
vn 0.2789 0.7185 -0.6372
vn 1.0000 -0.0041 -0.0017
vn 0.2988 0.7017 -0.6468
vn 0.9938 -0.0752 -0.0818
vn 1.0000 0.0066 0.0012
vn 1.0000 0.0070 0.0010
vn 0.9962 -0.0738 0.0467
vn 0.9937 -0.0752 -0.0825
vn 0.9961 -0.0681 -0.0558
vn 0.9970 -0.0519 -0.0579
vn 0.9939 -0.0757 -0.0801
vn 0.9948 -0.0509 -0.0884
vn 0.9958 -0.0715 -0.0569
vn 1.0000 0.0067 0.0062
vn 0.2705 0.7400 -0.6158
vn 0.9969 -0.0579 -0.0526
vn 0.9959 -0.0785 -0.0439
vn 0.9974 -0.0556 -0.0467
vn 0.9974 -0.0593 -0.0420
vn 0.9980 -0.0460 -0.0438
vn 0.2768 0.8046 -0.5254
vn 0.9986 -0.0494 -0.0182
vn 0.9981 -0.0612 0.0060
vn 0.9975 -0.0708 0.0076
vn 0.9961 -0.0858 0.0218
vn 0.9980 -0.0625 0.0100
vn 0.9958 -0.0891 0.0223
vn 0.9985 -0.0533 0.0149
vn 0.9941 -0.0961 0.0502
vn 0.9913 -0.0919 0.0941
vn 0.9883 -0.1174 0.0974
vn 0.9949 -0.0922 0.0405
vn 0.9915 -0.1199 0.0499
vn 0.9955 -0.0769 0.0545
vn 0.9965 -0.0523 0.0651
vn 0.9858 -0.1129 0.1247
vn 0.9947 -0.0861 0.0570
vn 0.9896 -0.0922 0.1107
vn 0.9871 -0.0993 0.1257
vn 0.9857 -0.0924 0.1407
vn 0.2549 0.7501 -0.6102
vn 0.9851 -0.1569 0.0706
vn 0.9916 -0.1115 0.0661
vn 0.9747 -0.1672 0.1482
vn 0.9854 -0.1060 0.1333
vn 0.4064 0.8842 -0.2301
vn 0.9852 -0.1574 0.0685
vn 0.9606 -0.2166 0.1740
vn 0.9405 -0.2838 0.1869
vn 0.9597 -0.2224 0.1718
vn 0.9753 -0.1632 0.1487
vn 0.8399 -0.5426 0.0124
vn 0.9557 -0.2322 0.1810
vn 0.8671 -0.4980 -0.0037
vn 0.5145 -0.8451 -0.1450
vn 0.8604 -0.4205 0.2879
vn 0.2912 0.9562 -0.0296
vn 0.2879 0.9573 -0.0268
vn 0.2735 0.9601 0.0587
vn 0.2516 -0.9646 0.0791
vn 0.3400 -0.9291 0.1458
vn 0.3202 0.9412 0.1080
vn 0.3187 0.9419 0.1057
vn 0.3162 -0.9473 -0.0507
vn 0.3573 0.9272 0.1128
vn 0.3087 -0.9475 0.0838
vn 0.3876 0.9110 0.1408
vn 0.3838 0.9112 0.1494
vn 0.3145 -0.9237 0.2186
vn 0.4143 0.8916 0.1829
vn 0.4174 0.8896 0.1855
vn 0.4493 0.8761 0.1750
vn 0.4521 0.8739 0.1786
vn 0.2870 -0.9239 0.2530
vn 0.4615 0.8705 0.1710
vn 0.5173 0.8361 0.1826
vn 0.5492 0.8023 0.2339
vn 0.5432 0.8005 0.2532
vn 0.6901 0.6809 0.2451
vn 0.5886 0.7561 0.2862
vn 0.5820 0.7550 0.3019
vn 0.5887 0.7351 0.3361
vn 0.4700 0.7813 0.4106
vn 0.4836 0.7924 0.3717
vn 0.4910 0.7850 0.3776
vn 0.4919 0.7850 0.3766
vn 0.4914 0.7853 0.3767
vn 0.5201 0.7433 0.4207
vn 0.5149 0.7489 0.4171
vn 0.5234 0.7507 0.4032
vn 0.4202 0.7618 0.4931
vn 0.5331 0.7101 0.4600
vn 0.5072 0.7314 0.4558
vn 0.4700 0.7316 0.4939
vn 0.0941 -0.0493 0.9943
vn 0.0450 0.2678 0.9624
vn 0.4773 0.6845 0.5510
vn 0.1400 -0.5652 0.8130
vn 0.1388 -0.5662 0.8125
vn 0.0013 0.9956 0.0939
vn 0.4884 0.6713 0.5575
vn 0.0377 0.9184 0.3939
vn 0.4875 0.6714 0.5582
vn 0.3810 -0.8273 0.4127
vn 0.4087 0.6441 0.6467
vn 0.0806 0.9344 0.3469
vn 0.0938 0.9401 0.3278
vn 0.3642 0.2981 0.8823
vn 0.4240 -0.6561 0.6243
vn 0.4025 -0.2055 0.8921
vn 0.2597 0.4959 0.8286
vn 0.2891 0.1167 0.9501
vn 0.2702 0.1394 0.9527
vn 0.3802 -0.0973 0.9198
vn 0.2818 -0.0042 0.9595
vn 0.4613 -0.1778 0.8693
vn 0.3877 -0.2986 0.8721
vn 0.4697 -0.6431 0.6048
vn -0.2522 0.9363 -0.2443
vn 0.9677 -0.0701 -0.2424
vn 0.9345 -0.1334 -0.3299
vn 0.9216 0.1025 -0.3742
vn 0.9209 0.1035 -0.3758
vn 0.9006 -0.1906 -0.3906
vn 0.9449 -0.3024 -0.1253
vn 0.8947 0.4461 -0.0208
vn 0.3658 0.9271 -0.0814
vn 0.9347 -0.1597 -0.3176
vn 0.8019 -0.2888 -0.5230
vn 0.9222 0.2097 -0.3248
vn 0.6882 0.3958 -0.6081
vn 0.9514 0.1496 -0.2691
vn 0.9655 -0.2588 -0.0289
vn -0.0069 0.9970 0.0767
vn 0.9382 0.3448 0.0282
vn 0.9326 -0.3545 0.0680
vn 0.8762 0.4608 0.1414
vn 0.9010 -0.2498 -0.3547
vn 0.9022 -0.2465 -0.3539
vn 0.8781 0.2879 -0.3822
vn 0.8957 0.3280 -0.3003
vn 0.9318 -0.3559 0.0720
vn 0.8708 0.4628 0.1658
vn 0.9063 0.2278 -0.3561
vn 0.7624 0.2780 -0.5844
vn 0.9529 -0.2739 0.1299
vn 0.9371 -0.2353 -0.2579
vn 0.9466 -0.2125 -0.2426
vn 0.9491 -0.2078 -0.2368
vn 0.9020 0.2444 -0.3560
vn 0.8327 0.4756 0.2835
vn 0.9294 0.2548 -0.2671
vn 0.9193 -0.3534 0.1732
vn 0.8910 -0.3597 0.2771
vn -0.4194 -0.6381 0.6457
vn 0.9353 0.2487 -0.2518
vn 0.9331 -0.2980 0.2015
vn 0.8371 0.4656 0.2872
vn 0.8915 0.3665 0.2662
vn 0.9459 -0.2178 -0.2404
vn 0.8148 0.3598 -0.4547
vn 0.8937 0.3674 0.2575
vn 0.9474 -0.2181 -0.2343
vn 0.9419 0.2243 -0.2502
vn 0.8724 -0.3938 0.2895
vn 0.9462 -0.2192 -0.2378
vn 0.9236 0.2814 -0.2603
vn 0.7465 -0.5088 0.4289
vn -0.0610 -0.5062 0.8602
vn 0.9265 0.2683 0.2640
vn 0.9101 0.3095 0.2756
vn 0.9314 -0.2372 -0.2762
vn 0.9207 0.2666 -0.2849
vn 0.8679 -0.3923 0.3046
vn 0.8999 0.3094 0.3073
vn 0.9572 -0.1994 -0.2097
vn 0.8908 0.2731 -0.3632
vn 0.8842 -0.3788 0.2734
vn 0.9041 0.3526 0.2416
vn 0.9609 -0.1863 -0.2049
vn 0.9320 0.2365 -0.2745
vn 0.8552 0.4455 0.2649
vn 0.9258 0.2621 0.2725
vn -0.8381 0.4339 0.3306
vn 0.9542 -0.2217 -0.2011
vn 0.9297 0.2455 -0.2745
vn 0.8760 -0.3639 0.3165
vn 0.8276 -0.4628 0.3175
vn 0.8488 -0.3793 0.3683
vn 0.9539 0.2193 0.2050
vn 0.9515 -0.2003 -0.2335
vn 0.9316 0.2487 -0.2649
vn 0.7562 -0.4530 0.4721
vn 0.9699 0.1915 0.1504
vn 0.9627 -0.1892 -0.1934
vn 0.8643 0.2546 -0.4337
vn 0.7724 -0.4488 0.4494
vn 0.9783 -0.1561 -0.1359
vn 0.7592 -0.4768 0.4430
vn 0.7440 -0.4827 0.4620
vn 0.9675 0.1891 0.1678
vn -0.9001 0.3470 0.2636
vn 0.8155 -0.3875 0.4298
vn 0.7958 -0.3923 0.4613
vn 0.9807 -0.1088 -0.1627
vn 0.8248 -0.4476 0.3453
vn 0.8319 -0.3935 0.3912
vn 0.9690 0.1804 0.1691
vn 0.9724 0.1663 0.1634
vn 0.9780 -0.1036 -0.1811
vn 0.9757 0.0037 -0.2192
vn 0.9795 0.0370 -0.1978
vn 0.9727 0.0871 -0.2152
vn 0.9727 0.0934 -0.2125
vn 0.8327 -0.4294 0.3496
vn 0.4773 -0.4801 0.7360
vn 0.8013 -0.4251 0.4211
vn 0.7775 -0.4301 0.4587
vn 0.9593 0.2157 0.1821
vn 0.9588 0.1785 0.2211
vn 0.8667 -0.4335 0.2468
vn 0.2465 -0.4153 0.8756
vn 0.8782 -0.3759 0.2957
vn 0.9632 0.1991 0.1804
vn 0.0029 0.7116 0.7026
vn 0.9773 0.1456 0.1540
vn 0.9249 -0.2668 0.2709
vn 0.8780 -0.3764 0.2957
vn 0.9699 0.1225 0.2105
vn 0.8147 -0.5188 0.2589
vn 0.9720 0.1826 0.1476
vn 0.9835 0.1279 0.1278
vn 0.8556 -0.4440 0.2661
vn 0.9714 0.1858 0.1478
vn 0.7375 -0.5147 0.4373
vn 0.9842 0.1491 0.0951
vn 0.6896 -0.6538 0.3115
vn 0.0569 -0.7697 0.6359
vn 0.9823 0.1528 0.1088
vn 0.7647 -0.6164 0.1877
vn 0.7903 -0.5780 0.2034
vn 0.9830 0.1546 0.0991
vn 0.9822 0.1610 0.0968
vn -0.0726 -0.7267 0.6831
vn 0.8501 0.4198 0.3179
vn 0.8119 -0.5589 0.1684
vn 0.8021 -0.5750 0.1613
vn -0.2202 -0.7115 0.6673
vn 0.8799 0.4172 0.2274
vn 0.9822 0.1607 0.0973
vn 0.9031 0.3728 0.2133
vn 0.9718 0.2235 0.0750
vn -0.2958 0.9013 0.3165
vn 0.9574 0.2590 0.1277
vn 0.9563 0.2762 0.0964
vn 0.8958 0.4408 0.0572
vn 0.8713 0.4811 0.0969
vn 0.9203 0.3877 0.0522
vn 0.6449 0.7560 0.1121
vn 0.3690 0.9208 0.1262
vn 0.6320 -0.7748 0.0162
vn 0.6916 0.7204 0.0521
vn 0.8761 0.4821 0.0085
vn -0.0454 0.9989 0.0139
vn 0.6311 -0.7756 0.0117
vn -0.8704 0.4920 0.0194
vn 0.4630 0.8862 -0.0160
vn -0.1328 0.9909 -0.0210
vn 0.9306 0.3260 -0.1665
vn -0.1989 0.9623 -0.1858
vn 0.9298 -0.1588 -0.3321
vn 0.9096 -0.3109 -0.2758
vn 0.8170 0.4371 -0.3762
vn 0.9027 -0.2944 -0.3137
vn 0.0436 0.9969 -0.0653
vn 0.5076 0.7991 -0.3221
vn 0.1168 0.9432 -0.3112
vn 0.8591 -0.3640 -0.3597
vn 0.8608 -0.3610 -0.3587
vn 0.9405 0.1300 -0.3139
vn 0.9045 0.1844 -0.3845
vn 0.8560 -0.3716 -0.3594
vn 0.8593 -0.3650 -0.3583
vn 0.8935 0.2197 -0.3915
vn -0.4399 0.5764 -0.6887
vn 0.7585 0.6357 -0.1434
vn 0.1296 0.9813 -0.1423
vn 0.4394 0.8875 -0.1386
vn 0.8607 -0.3678 -0.3521
vn 0.7641 -0.6145 -0.1963
vn 0.8859 -0.3459 -0.3092
vn 0.8662 -0.3656 -0.3407
vn 0.6206 -0.5940 -0.5119
vn 0.9998 0.0190 -0.0091
vn -0.1714 0.8349 -0.5230
vn 0.6723 -0.7072 -0.2186
vn -0.3871 0.8780 -0.2816
vn 0.9032 0.1742 -0.3922
vn 0.9636 0.0802 -0.2549
vn 0.9662 0.1133 -0.2314
vn 0.9327 0.2033 -0.2979
vn 0.9405 0.1898 -0.2819
vn 0.8861 -0.3444 -0.3102
vn 0.9997 0.0036 -0.0231
vn 0.9704 -0.2338 -0.0598
vn 0.9657 -0.2571 -0.0358
vn 0.8925 -0.4390 -0.1033
vn 0.2152 0.9548 -0.2052
vn 0.8007 0.5749 -0.1682
vn 0.0123 0.9898 -0.1422
vn 0.8693 -0.3493 -0.3497
vn 0.9392 0.1050 -0.3271
vn 0.8993 0.1686 -0.4035
vn 0.9996 0.0153 -0.0234
vn 0.8989 -0.3265 -0.2922
vn 0.9134 -0.2883 -0.2872
vn 0.9426 0.1024 -0.3179
vn 0.9407 0.1060 -0.3224
vn 0.9996 0.0095 -0.0270
vn -0.1612 0.8697 -0.4665
vn 0.9051 0.1097 -0.4107
vn 0.9109 0.1021 -0.3999
vn 0.8373 -0.4914 -0.2397
vn 0.9596 0.1482 -0.2392
vn 0.8493 0.5096 -0.1381
vn 0.9134 -0.2719 -0.3031
vn 0.6469 0.1982 -0.7364
vn 0.8877 0.1047 -0.4483
vn 0.9934 0.0349 -0.1093
vn 0.9995 0.0072 -0.0318
vn 0.9995 0.0065 -0.0314
vn 0.9526 -0.3026 0.0310
vn 0.9863 -0.1649 -0.0086
vn 0.9228 -0.3830 0.0423
vn -0.3183 0.8510 -0.4177
vn 0.9089 -0.2910 -0.2988
vn 0.5495 -0.0039 -0.8355
vn 0.9571 0.0566 -0.2843
vn 0.9651 0.0390 -0.2591
vn 0.9919 0.0479 -0.1174
vn 0.9998 -0.0174 -0.0093
vn 0.9987 -0.0515 -0.0061
vn 0.3003 0.7508 -0.5883
vn 0.9290 -0.2672 -0.2563
vn 0.9407 -0.2007 -0.2736
vn 0.9825 0.0121 -0.1859
vn 0.9741 0.0203 -0.2252
vn 0.9993 0.0041 -0.0384
vn 0.2389 -0.6841 0.6891
vn 0.5071 0.7305 -0.4574
vn 0.2153 0.8789 -0.4257
vn 0.9987 0.0017 -0.0500
vn 0.9945 0.0244 -0.1022
vn 0.9987 0.0039 -0.0516
vn 0.9958 0.0241 -0.0879
vn 0.9992 0.0197 -0.0349
vn 0.9476 -0.3170 0.0402
vn 0.9365 -0.2302 -0.2646
vn 0.9413 -0.2414 -0.2361
vn 0.9740 0.2268 0.0003
vn 0.2876 0.9577 0.0083
vn 0.9996 0.0082 -0.0287
vn 0.9998 -0.0169 -0.0090
vn -0.0376 0.8467 -0.5307
vn 0.9136 -0.2219 -0.3408
vn -0.1646 0.9860 0.0247
vn 0.9994 0.0082 -0.0345
vn -0.0386 0.8465 -0.5310
vn 0.9498 -0.2070 -0.2346
vn 0.9743 -0.2067 0.0893
vn 0.9515 -0.1933 -0.2393
vn 0.9998 0.0111 -0.0148
vn 0.9998 0.0132 -0.0165
vn 0.9998 -0.0156 -0.0115
vn 0.9991 -0.0416 -0.0088
vn 0.9778 -0.1962 -0.0732
vn 0.9581 0.1658 -0.2334
vn 0.9456 -0.1763 -0.2735
vn 0.9434 -0.0733 -0.3236
vn 0.9260 -0.2394 -0.2920
vn 0.2717 0.9183 0.2881
vn 0.9970 0.0758 0.0182
vn 0.9960 0.0867 0.0210
vn 0.9997 0.0150 -0.0211
vn 0.9523 -0.1581 -0.2610
vn 0.9286 0.3337 0.1624
vn 0.9996 0.0157 -0.0214
vn 0.9999 0.0079 -0.0077
vn 0.9434 -0.1590 -0.2909
vn 0.9238 0.3424 0.1712
vn 0.9997 0.0231 0.0117
vn 0.9580 -0.1353 -0.2528
vn 0.9999 -0.0072 0.0126
vn 0.9535 -0.1292 -0.2721
vn 0.9279 0.3247 0.1832
vn 0.9963 0.0820 0.0264
vn 0.9694 -0.1230 -0.2123
vn 0.9610 -0.0920 -0.2607
vn 0.9079 0.3593 0.2161
vn 0.9994 0.0312 0.0138
vn 0.9996 -0.0163 0.0215
vn 0.9072 0.3599 0.2179
vn 0.4990 0.6902 0.5240
vn 0.9982 0.0264 -0.0547
vn 0.9885 -0.0843 -0.1258
vn 0.9861 -0.0693 -0.1510
vn 0.9995 0.0321 0.0034
vn 0.9996 -0.0128 0.0263
vn 0.9856 -0.0687 -0.1548
vn 0.5041 0.7271 0.4660
vn 0.9660 0.2082 0.1536
vn 0.9914 0.1161 -0.0612
vn 0.9988 0.0429 -0.0238
vn 0.9958 -0.0644 -0.0655
vn 0.9927 -0.0445 -0.1118
vn 0.2600 -0.6430 -0.7204
vn 0.9998 0.0196 0.0089
vn 0.9993 -0.0303 0.0227
vn 0.9992 -0.0326 0.0229
vn 0.9701 -0.1631 -0.1799
vn 0.9715 -0.0810 -0.2230
vn 0.8160 0.4738 0.3310
vn 0.8012 0.4911 0.3419
vn 0.9805 0.1647 0.1075
vn 0.9963 -0.0433 -0.0745
vn 0.9368 -0.0874 -0.3388
vn 0.9151 -0.1173 -0.3858
vn 0.9467 -0.1312 -0.2942
vn 0.9992 -0.0207 0.0338
vn 0.9918 0.1112 -0.0631
vn 0.9963 -0.0185 -0.0837
vn 0.9836 -0.0874 -0.1575
vn 0.8948 0.3744 0.2431
vn 0.9996 0.0214 0.0205
vn 0.9992 -0.0181 0.0352
vn 0.9991 -0.0319 -0.0286
vn 0.9994 -0.0124 -0.0321
vn 0.9996 -0.0256 0.0125
vn 0.9996 -0.0246 0.0114
vn 0.9790 -0.1938 -0.0635
vn 0.9349 -0.3392 -0.1044
vn 0.7925 0.4684 0.3907
vn 0.9857 0.1373 0.0974
vn 0.9987 -0.0517 0.0052
vn 0.9999 -0.0116 0.0030
vn 0.9999 -0.0051 0.0159
vn 0.9991 0.0016 -0.0419
vn 0.9957 -0.0591 0.0717
vn 0.7035 0.5753 0.4173
vn 0.8902 0.3590 0.2805
vn 0.9789 0.1600 0.1274
vn 0.9996 0.0227 0.0192
vn 0.9997 0.0174 0.0181
vn 1.0000 -0.0065 -0.0018
vn 0.9997 0.0218 -0.0051
vn 0.9956 -0.0652 0.0676
vn 0.9788 -0.1603 0.1276
vn 0.9873 0.1190 0.1052
vn 0.9959 -0.0692 0.0578
vn 0.5492 0.6095 0.5717
vn 0.9999 -0.0055 0.0126
vn 0.9999 -0.0058 -0.0111
vn 0.9915 -0.0681 0.1113
vn -0.6210 -0.4551 0.6381
vn 0.6937 0.5776 0.4304
vn 0.9999 0.0010 0.0116
vn 0.9999 -0.0001 0.0128
vn 0.9990 -0.0372 0.0262
vn 0.9940 -0.0793 0.0755
vn 0.9997 0.0131 0.0208
vn 0.9994 0.0297 0.0162
vn 0.9875 -0.0883 0.1307
vn 0.9336 0.2495 0.2571
vn 0.9541 0.2052 0.2182
vn 0.9625 0.1855 0.1980
vn 0.9999 0.0096 0.0059
vn 0.9882 -0.0896 0.1244
vn 0.9804 0.1231 0.1537
vn 0.9900 0.0862 0.1113
vn 0.9878 -0.1007 0.1190
vn -0.0563 -0.5538 0.8307
vn 0.6181 0.4349 0.6549
vn 0.9981 -0.0075 -0.0613
vn 0.4459 0.6099 0.6551
vn 0.9510 0.1798 0.2516
vn -0.3273 0.5892 0.7387
vn 0.9975 0.0692 -0.0145
vn 0.9849 -0.1083 0.1350
vn -0.5935 -0.5239 0.6109
vn 0.9445 0.1863 0.2704
vn -0.3971 0.6291 0.6682
vn 0.9741 0.2181 -0.0596
vn 0.9919 0.0729 0.1038
vn 0.9606 -0.1277 0.2467
vn 0.7939 0.5596 -0.2377
vn 0.9773 -0.1235 0.1721
vn 0.9635 -0.1765 0.2011
vn 0.4447 0.7992 0.4044
vn 0.1237 0.9569 -0.2628
vn 0.9602 -0.1564 0.2315
vn 0.9654 -0.1248 0.2290
vn -0.0242 0.9769 -0.2123
vn 0.9786 -0.1184 0.1680
vn 0.9759 -0.1491 0.1591
vn 0.9785 -0.1175 0.1697
vn -0.6704 -0.3715 0.6423
vn 0.9567 -0.1624 0.2416
vn -0.7369 -0.4275 0.5237
vn 0.0614 0.9940 -0.0910
vn 0.9554 -0.2366 0.1768
vn 0.9548 -0.1616 0.2496
vn 0.8052 -0.2681 0.5290
vn 0.2753 -0.3238 0.9052
vn 0.8936 -0.3107 0.3239
vn 0.8423 -0.2172 0.4934
vn 0.0438 0.9967 -0.0681
vn -0.0282 0.9978 -0.0605
vn 0.0368 0.9989 -0.0281
vn -0.0004 0.9997 -0.0243
vn 0.1483 0.9889 0.0019
vn 0.0211 0.9997 0.0079
vn -0.0696 0.9970 0.0341
vn 0.1119 0.9920 0.0585
vn -0.0766 0.9948 0.0667
vn -0.0526 0.9939 0.0967
vn -0.0662 0.9930 0.0978
vn 0.0816 0.9898 0.1167
vn 0.0795 0.9897 0.1191
vn -0.0275 0.9934 0.1111
vn 0.0692 0.9961 0.0547
vn 0.0571 0.9892 0.1351
vn 0.0153 0.9918 0.1269
vn -0.0541 0.9854 0.1613
vn -0.1315 0.9778 0.1632
vn -0.1008 0.9653 0.2409
vn 0.2882 0.9432 0.1651
vn -0.0445 0.9748 0.2186
vn 0.1656 0.9697 0.1794
vn -0.0498 0.9787 0.1990
vn 0.1713 0.9640 0.2032
vn -0.4076 0.9015 0.1455
vn -0.4045 0.7752 0.4852
vn 0.0745 0.9620 0.2627
vn 0.5687 0.7897 0.2302
vn -0.3915 0.9086 0.1454
vn 0.3135 0.8723 0.3753
vn -0.0338 0.9827 0.1819
vn 0.4515 0.8260 0.3373
vn -0.2269 0.9433 0.2422
vn -0.1463 0.7547 0.6395
vn 0.3663 0.8823 0.2955
vn 0.5150 0.8017 0.3032
vn 0.5012 0.8059 0.3153
vn 0.5238 0.7911 0.3160
vn 0.1401 0.8443 0.5172
vn 0.4564 0.8087 0.3710
vn 0.0698 0.9507 0.3020
vn 0.4138 0.8179 0.3998
vn -0.0072 0.8598 0.5106
vn 0.0042 0.9151 0.4033
vn 0.1405 0.8989 0.4149
vn 0.2066 0.9014 0.3805
vn 0.0286 0.8696 0.4930
vn 0.0428 0.8973 0.4392
vn 0.3977 0.7738 0.4929
vn 0.2872 0.7874 0.5455
vn 0.3203 0.7980 0.5106
vn 0.4089 0.7565 0.5104
vn -0.0536 -0.0805 0.9953
vn 0.0829 0.7692 0.6336
vn -0.0827 -0.5923 0.8014
vn 0.0473 0.7993 0.5991
vn -0.0938 0.7464 0.6589
vn -0.1153 0.7401 0.6625
vn 0.1783 0.7130 0.6781
vn -0.0075 0.7050 0.7092
vn -0.0922 0.6231 0.7767
vn 0.2443 0.9225 0.2988
vn 0.0996 0.5828 0.8065
vn 0.0430 0.3515 0.9352
vn 0.3223 -0.7234 0.6106
vn -0.0344 -0.2135 0.9763
vn 0.0797 -0.1996 0.9766
vn 0.0861 -0.0424 0.9954
vn -0.0104 -0.2666 0.9637
vn 0.0891 -0.2087 0.9739
vn -0.8528 -0.4074 0.3266
vn -0.8969 0.4389 0.0547
vn -0.7022 0.6884 -0.1815
vn -0.7461 0.6291 -0.2183
vn -0.7808 0.6172 -0.0969
vn -0.8612 0.5000 -0.0909
vn -0.7020 0.6914 -0.1708
vn -0.6552 0.6890 -0.3100
vn -0.9988 -0.0489 0.0091
vn -0.6505 0.6305 -0.4234
vn -0.6343 0.6583 -0.4053
vn -0.9994 -0.0308 0.0148
vn -0.3803 0.7569 -0.5316
vn -0.3923 0.6812 -0.6181
vn -0.3231 0.7070 -0.6291
vn -0.3161 0.7201 -0.6176
vn -0.9917 0.0913 0.0906
vn -0.9921 0.0976 0.0785
vn -0.9989 0.0280 0.0365
vn -0.4109 0.7931 -0.4497
vn -0.4307 0.7784 -0.4567
vn -0.9696 0.2336 0.0731
vn -0.3429 0.7823 -0.5200
vn -0.3498 0.9185 -0.1842
vn -0.3057 0.9504 -0.0578
vn -0.2976 0.9541 0.0325
vn -0.3157 0.9467 0.0639
vn -0.3242 0.9413 0.0940
vn -0.3697 0.9229 0.1080
vn -0.3656 0.9243 0.1098
vn -0.3573 0.9287 0.0993
vn -0.3437 0.9322 0.1132
vn -0.4616 0.8686 0.1800
vn -0.4294 0.8861 0.1748
vn -0.4666 0.8668 0.1759
vn -0.4826 0.8399 0.2484
vn -0.5909 0.7714 0.2361
vn -0.5433 0.7465 0.3842
vn -0.5366 0.7410 0.4037
vn -0.4591 0.8043 0.3774
vn -0.7107 0.6367 0.2993
vn -0.5142 0.7485 0.4188
vn -0.5043 0.7387 0.4473
vn -0.8026 0.4937 0.3348
vn -0.0093 -0.0331 0.9994
vn -0.0133 0.2318 0.9727
vn -0.0456 0.3620 0.9310
vn -0.1057 -0.5748 0.8115
vn -0.4818 0.6738 0.5602
vn -0.0445 0.9656 0.2561
vn 0.0328 0.9180 0.3952
vn -0.3395 0.3077 0.8889
vn -0.3168 0.1428 0.9377
vn -0.2974 -0.1402 0.9444
vn -0.1839 0.5022 0.8450
vn -0.3017 0.2979 0.9057
vn -0.0948 0.0675 0.9932
vn -0.1932 -0.0116 0.9811
vn -0.3102 -0.2543 0.9160
vn -0.9913 0.1062 -0.0777
vn -0.9563 0.2878 -0.0512
vn -0.9007 0.4337 -0.0252
vn -0.7849 0.6182 -0.0420
vn -0.7605 0.6473 -0.0510
vn -0.7228 0.6835 -0.1018
vn -0.7008 0.6921 -0.1729
vn -0.7007 0.6931 -0.1693
vn -0.6646 0.6763 -0.3177
vn -0.4815 0.6608 -0.5758
vn -0.3679 0.6868 -0.6268
vn -0.3706 0.7225 -0.5837
vn -0.2904 0.7613 -0.5797
vn -0.3012 0.8039 -0.5129
vn -0.3089 0.7628 -0.5680
vn -0.3388 0.7490 -0.5694
vn -0.3418 0.7186 -0.6057
vn -0.3113 0.7054 -0.6367
vn -0.2967 0.6908 -0.6594
vn -0.3119 0.7346 -0.6026
vn -0.3159 0.7281 -0.6084
vn -0.3011 0.8003 -0.5184
vn -0.4125 0.8465 -0.3365
vn -0.3454 0.9207 -0.1817
vn -0.3242 0.9160 -0.2363
vn -0.3454 0.9324 -0.1065
vn -0.2949 0.9553 -0.0229
vn -0.3058 0.9521 0.0001
vn -0.3121 0.9479 0.0636
vn -0.3347 0.9380 0.0902
vn -0.2980 0.9481 0.1107
vn -0.3495 0.9312 0.1029
vn -0.4435 0.8901 0.1049
vn -0.4420 0.8805 0.1712
vn -0.4101 0.8922 0.1891
vn -0.5262 0.8228 0.2148
vn -0.5864 0.7611 0.2773
vn -0.5334 0.7861 0.3122
vn -0.4857 0.7876 0.3792
vn -0.4856 0.7883 0.3778
vn -0.4886 0.7526 0.4415
vn -0.4318 0.7600 0.4857
vn -0.4971 0.7327 0.4648
vn 0.0522 -0.1173 0.9917
vn -0.0184 -0.5600 0.8283
vn -0.4257 0.7080 0.5635
vn -0.4311 0.7026 0.5661
vn 0.0399 0.9251 0.3776
vn -0.4510 0.6484 0.6133
vn -0.4044 0.6994 0.5894
vn 0.0339 0.9431 0.3307
vn 0.0302 0.9445 0.3271
vn -0.3942 0.6333 0.6660
vn 0.0171 0.9641 0.2650
vn -0.3336 0.5864 0.7381
vn -0.3752 0.3378 0.8632
vn -0.1263 -0.8947 0.4284
vn 0.0443 0.9526 0.3011
vn -0.3568 0.1944 0.9137
vn -0.3552 -0.2295 0.9062
vn -0.2659 -0.5150 0.8149
vn -0.1744 0.8117 0.5575
vn -0.0325 0.9015 0.4316
vn -0.3723 -0.6949 0.6152
vn -0.2524 0.3179 0.9139
vn -0.2991 0.1577 0.9411
vn -0.2075 -0.0149 0.9781
vn -0.2839 -0.0799 0.9555
vn -0.3088 -0.2562 0.9160
vn -0.7689 0.6279 -0.1208
vn -0.6513 0.6637 -0.3679
vn -0.6030 0.6435 -0.4715
vn -0.5863 0.6185 -0.5232
vn -0.4645 0.6375 -0.6146
vn -0.4385 0.6721 -0.5966
vn -0.4357 0.6665 -0.6050
vn -0.4147 0.7313 -0.5416
vn -0.3994 0.7168 -0.5716
vn -0.3907 0.7481 -0.5363
vn -0.3868 0.7449 -0.5436
vn -0.4505 0.6488 -0.6132
vn -0.4085 0.8500 -0.3325
vn -0.3234 0.9185 -0.2274
vn -0.3009 0.9532 -0.0301
vn -0.2999 0.9540 -0.0026
vn -0.2946 0.9554 0.0217
vn -0.2713 0.9618 0.0371
vn -0.2729 0.9597 0.0670
vn -0.2544 0.9630 0.0885
vn -0.2736 0.9591 0.0729
vn -0.2969 0.9483 0.1124
vn -0.2738 0.9562 0.1033
vn -0.2894 0.9493 0.1228
vn -0.3022 0.9471 0.1084
vn -0.3228 0.9392 0.1167
vn -0.3342 0.9307 0.1489
vn -0.3527 0.9226 0.1564
vn -0.3539 0.9133 0.2016
vn -0.3791 0.9081 0.1780
vn -0.3816 0.9022 0.2009
vn -0.5637 0.7866 0.2520
vn -0.5692 0.7664 0.2975
vn -0.5102 0.8137 0.2785
vn -0.5235 0.7748 0.3545
vn -0.5208 0.7789 0.3493
vn -0.4855 0.7883 0.3779
vn -0.5807 0.7133 0.3923
vn -0.4566 0.7236 0.5176
vn -0.4296 -0.2493 0.8679
vn -0.4151 0.6629 0.6231
vn -0.3442 0.7931 0.5025
vn -0.5272 0.1150 0.8419
vn -0.5241 -0.1531 0.8378
vn -0.2933 0.7502 0.5927
vn -0.4615 0.5049 0.7295
vn -0.6303 -0.3964 0.6675
vn -0.5456 -0.4425 0.7117
vn -0.7478 0.6343 -0.1962
vn -0.6591 0.7197 -0.2184
vn -0.6718 0.6792 -0.2957
vn -0.5221 0.6239 -0.5815
vn -0.5216 0.6198 -0.5863
vn -0.5004 0.6275 -0.5966
vn -0.4974 0.6592 -0.5639
vn -0.5133 0.6604 -0.5481
vn -0.4673 0.7106 -0.5261
vn -0.4659 0.7059 -0.5336
vn -0.4943 0.7018 -0.5130
vn -0.4971 0.6923 -0.5231
vn -0.5895 0.6649 -0.4587
vn -0.5888 0.6236 -0.5143
vn -0.5805 0.6225 -0.5250
vn -0.6607 0.5846 -0.4708
vn -0.6356 0.5926 -0.4948
vn -0.6112 0.6334 -0.4746
vn -0.6444 0.6413 -0.4166
vn -0.6290 0.7320 -0.2618
vn -0.7490 0.6569 -0.0869
vn -0.5423 0.8313 0.1217
vn -0.4273 0.9025 0.0539
vn -0.8070 0.5838 0.0887
vn -0.3198 0.9429 0.0929
vn -0.6829 0.7189 0.1296
vn -0.3878 0.9032 0.1839
vn -0.6880 0.7011 0.1874
vn -0.4647 0.8518 0.2419
vn -0.4692 0.8526 0.2300
vn -0.5411 0.8020 0.2529
vn -0.5057 0.8214 0.2636
vn -0.5606 0.7864 0.2594
vn -0.5593 0.7978 0.2252
vn -0.6195 0.7170 0.3195
vn -0.6735 0.6521 0.3479
vn -0.4846 -0.2688 0.8324
vn -0.4574 0.0542 0.8876
vn -0.3789 -0.0537 0.9239
vn -0.4267 0.3514 0.8333
vn -0.1940 0.7025 0.6847
vn -0.1854 0.8958 0.4039
vn -0.2752 0.8942 0.3530
vn -0.2750 0.8674 0.4147
vn -0.3579 0.8738 0.3291
vn -0.5209 0.3383 0.7837
vn -0.5107 0.7472 0.4254
vn -0.4640 0.3111 0.8294
vn -0.5894 0.1727 0.7891
vn -0.5808 0.1384 0.8022
vn -0.6534 -0.2364 0.7191
vn -0.6776 -0.4174 0.6055
vn -0.6283 0.3518 0.6939
vn -0.6636 0.1662 0.7294
vn -0.6564 0.1816 0.7322
vn -0.6908 -0.1045 0.7155
vn -0.5932 0.6450 -0.4817
vn -0.6935 0.5761 -0.4327
vn -0.9418 0.3354 -0.0219
vn -0.9408 0.3378 0.0290
vn -0.8311 0.5536 0.0532
vn -0.0022 -0.9672 -0.2540
vn -0.4515 0.8868 0.0989
vn -0.8384 0.5331 0.1138
vn -0.7920 0.6046 0.0847
vn -0.7418 0.6579 0.1298
vn -0.7161 0.6833 0.1426
vn -0.6534 0.7475 0.1193
vn -0.6435 0.7450 0.1757
vn -0.7151 0.6467 0.2654
vn -0.6852 0.6536 0.3214
vn -0.3900 -0.8857 0.2521
vn -0.6864 0.6401 0.3452
vn -0.6963 0.6232 0.3559
vn -0.4370 -0.3326 0.8357
vn -0.4070 -0.5118 0.7566
vn -0.4297 0.8291 0.3576
vn -0.6670 0.5644 0.4864
vn -0.6639 0.5649 0.4900
vn -0.7037 -0.5428 0.4584
vn -0.7222 -0.5650 0.3991
vn -0.8604 0.0556 0.5066
vn -0.9118 0.3326 -0.2409
vn 0.7560 0.3360 -0.5618
vn 0.4988 0.6800 -0.5374
vn 0.8370 -0.0098 -0.5472
vn 0.7559 -0.4326 -0.4914
vn 0.9522 0.0868 -0.2928
vn 0.8927 -0.4137 -0.1789
vn 0.9356 -0.2264 -0.2710
vn 0.8820 -0.4589 -0.1071
vn 0.8531 -0.5138 -0.0909
vn 0.8125 -0.5823 -0.0275
vn 0.7392 -0.6473 0.1860
vn 0.4930 -0.7311 0.4716
vn 0.5559 -0.7127 0.4278
vn -0.9100 0.4121 0.0462
vn 0.2013 -0.5419 0.8159
vn -0.9253 0.3522 0.1406
vn -0.8701 0.4282 0.2441
vn -0.6897 0.0089 0.7240
vn -0.5937 0.5385 0.5980
vn -0.7426 -0.4148 0.5257
vn -0.4898 0.7759 0.3977
vn -0.9475 -0.2262 0.2261
vn -0.9462 0.2807 0.1608
vn -0.9649 -0.1071 0.2399
vn 0.7952 0.3194 -0.5154
vn 0.3349 0.7598 -0.5573
vn 0.0307 0.8744 -0.4843
vn 0.9637 0.0199 -0.2663
vn 0.9164 -0.3440 -0.2047
vn 0.8729 0.2644 -0.4100
vn 0.9149 -0.1251 -0.3839
vn 0.9190 -0.3434 -0.1938
vn -0.6019 0.7156 -0.3543
vn -0.1569 0.6820 -0.7143
vn 0.9200 -0.3599 -0.1549
vn -0.6010 0.7026 -0.3809
vn 0.8795 -0.4730 -0.0528
vn 0.7969 -0.6040 0.0102
vn -0.9305 0.3664 0.0009
vn 0.7929 -0.6063 0.0610
vn 0.6328 -0.7179 0.2901
vn 0.7391 -0.6478 0.1849
vn 0.5007 -0.6867 0.5270
vn -0.5598 0.1295 0.8185
vn -0.8437 -0.2351 0.4827
vn -0.3438 -0.2910 0.8928
vn -0.0756 -0.4950 0.8656
vn 0.4501 -0.7294 0.5152
vn -0.9092 0.4121 0.0597
vn -0.9111 0.4045 0.0792
vn -0.9461 0.2996 0.1227
vn -0.7178 -0.5750 0.3926
vn -0.6061 0.6730 0.4238
vn -0.6882 0.6406 0.3406
vn -0.6452 0.5794 0.4981
vn -0.7436 0.3947 0.5397
vn -0.8902 0.2675 0.3688
vn -0.9553 -0.1274 0.2669
vn -0.9384 0.3454 0.0080
vn 0.7835 0.3587 -0.5075
vn 0.3498 0.7204 -0.5989
vn 0.9661 -0.2053 -0.1564
vn 0.9386 0.0016 -0.3451
vn 0.9431 -0.3133 -0.1116
vn 0.3833 0.7231 -0.5747
vn -0.4051 0.8421 -0.3561
vn 0.9357 -0.3520 -0.0253
vn -0.4039 0.8050 -0.4344
vn 0.9155 -0.3912 -0.0941
vn -0.6931 0.6861 -0.2210
vn 0.8640 -0.5034 0.0117
vn 0.9139 -0.4006 -0.0650
vn 0.8438 -0.5363 -0.0159
vn 0.8516 -0.5214 0.0537
vn 0.7012 -0.7083 0.0814
vn 0.8353 -0.5464 0.0613
vn 0.7145 -0.6747 0.1850
vn 0.5930 -0.7263 0.3476
vn -0.1331 -0.7068 0.6948
vn -0.9257 0.3717 0.0694
vn -0.7240 -0.6578 0.2077
vn -0.7825 -0.5848 0.2139
vn -0.9746 0.2034 0.0934
vn -0.9729 0.2138 -0.0877
vn -0.7557 0.6544 -0.0251
vn -0.6763 0.7296 0.1021
vn -0.6426 0.7491 0.1610
vn -0.6563 0.6778 0.3314
vn -0.6515 0.1940 0.7334
vn -0.6701 -0.0756 0.7384
vn -0.6768 -0.0690 0.7329
vn 0.3427 0.5876 -0.7330
vn 0.3802 0.5359 -0.7538
vn -0.3488 0.7751 -0.5268
vn 0.9151 -0.0235 -0.4025
vn 0.5982 0.3365 -0.7272
vn 0.9440 -0.2140 -0.2511
vn 0.9417 -0.3152 -0.1173
vn 0.9234 -0.3748 -0.0823
vn 0.9280 -0.3581 -0.1028
vn -0.4167 0.8143 -0.4041
vn -0.4620 0.8148 -0.3501
vn 0.9274 -0.3737 -0.0171
vn 0.9134 -0.4062 0.0264
vn -0.7796 0.6143 -0.1221
vn 0.8880 -0.4595 0.0168
vn 0.8987 -0.4264 0.1029
vn 0.8381 -0.5347 0.1083
vn 0.6184 -0.7584 0.2060
vn -0.9601 0.2274 0.1625
vn -0.9941 0.0583 0.0909
vn -0.6960 0.7104 -0.1050
vn -0.6672 0.7361 0.1145
vn -0.4849 0.8506 0.2034
vn -0.6907 -0.4757 0.5447
vn -0.4406 0.7750 0.4530
vn -0.4050 0.6954 0.5937
vn -0.4340 0.7061 0.5596
vn -0.3708 0.4420 0.8168
vn -0.4896 0.2938 0.8210
vn -0.7115 -0.0131 0.7026
vn -0.7372 -0.1274 0.6636
vn -0.8035 -0.1029 0.5863
vn -0.7349 -0.1658 0.6576
vn -0.6907 -0.2844 0.6649
vn 0.9185 -0.3495 -0.1852
vn 0.8471 -0.0980 -0.5224
vn 0.9141 -0.3996 -0.0696
vn -0.8044 0.5835 -0.1116
vn 0.8768 -0.4795 0.0355
vn 0.8713 -0.4805 0.0997
vn 0.7748 -0.5965 0.2096
vn -0.9074 0.4197 0.0216
vn 0.7878 -0.5924 0.1689
vn 0.7014 -0.6618 0.2646
vn -0.9390 0.3396 0.0539
vn -0.9867 0.1026 0.1262
vn -0.6459 0.7087 -0.2838
vn -0.6388 0.7619 0.1069
vn -0.6190 0.7814 0.0788
vn -0.6252 -0.4734 0.6206
vn 0.3733 0.3947 -0.8395
vn 0.8355 -0.0970 -0.5409
vn 0.8355 -0.0977 -0.5407
vn 0.8977 -0.2894 -0.3322
vn 0.8853 -0.4619 -0.0536
vn 0.9202 -0.3463 -0.1823
vn 0.8820 -0.4647 -0.0780
vn -0.9064 0.4217 -0.0220
vn 0.7807 -0.6210 0.0701
vn 0.7662 -0.6351 0.0984
vn -0.9501 0.3116 0.0126
vn -0.9829 0.1495 0.1077
vn -0.9755 0.1302 0.1771
vn -0.2624 0.8938 -0.3636
vn -0.3271 0.8386 -0.4355
vn -0.2726 0.9606 0.0540
vn -0.4470 0.8231 0.3504
vn -0.4504 0.8137 0.3675
vn -0.4344 0.7910 0.4307
vn -0.6000 0.3097 0.7376
vn -0.6504 0.1351 0.7475
vn -0.6594 0.1220 0.7418
vn 0.8754 -0.3665 -0.3152
vn -0.8773 0.4054 -0.2570
vn 0.7778 -0.6270 0.0432
vn -0.0705 -0.7664 0.6385
vn -0.9590 0.2824 0.0219
vn -0.9595 0.2815 0.0117
vn -0.9575 0.2879 0.0165
vn -0.9581 0.2823 0.0481
vn -0.9565 0.2885 0.0431
vn -0.9880 0.1028 0.1152
vn -0.5275 0.8290 -0.1859
vn -0.4579 0.8810 0.1190
vn -0.5526 0.8293 0.0831
vn -0.9802 0.1921 -0.0485
vn -0.9824 0.1861 -0.0176
vn -0.9823 0.1868 -0.0173
vn -0.9803 0.1975 0.0043
vn -0.9808 0.1947 0.0073
vn -0.9949 0.0515 0.0863
vn -0.9879 0.1402 -0.0670
vn -0.9821 0.1800 -0.0557
vn 0.0926 0.9696 -0.2265
vn -0.0174 0.9836 0.1796
vn -0.1889 0.3916 0.9005
vn -0.0735 -0.2109 0.9747
vn -0.1541 -0.2485 0.9563
vn 0.0320 0.2410 0.9700
vn -0.8822 0.2773 0.3807
vn -0.6783 0.0668 0.7318
vn -0.8711 -0.1330 0.4728
vn -0.9355 -0.0476 0.3500
vn 0.8344 0.1650 -0.5259
vn 0.9091 -0.0341 -0.4151
vn 0.9035 -0.0624 -0.4239
vn 0.8912 -0.3637 -0.2711
vn 0.9774 -0.1494 -0.1494
vn 0.5389 0.1212 -0.8336
vn 0.8168 0.0231 -0.5765
vn 0.9723 -0.0945 -0.2139
vn 0.9343 -0.3546 -0.0374
vn 0.9305 -0.3632 -0.0463
vn 0.6486 0.2428 -0.7213
vn 0.6346 0.1899 -0.7492
vn 0.6940 0.1431 -0.7057
vn 0.7060 0.1667 -0.6883
vn 0.6541 0.1309 -0.7450
vn 0.6441 -0.0977 -0.7587
vn 0.8150 0.2070 -0.5412
vn 0.8431 -0.0717 -0.5329
vn 0.9390 0.1647 -0.3019
vn 0.9283 -0.0334 -0.3704
vn 0.9563 -0.1891 -0.2230
vn 0.9856 -0.0740 -0.1518
vn 0.9028 -0.4273 0.0481
vn 0.9194 -0.3309 0.2125
vn -0.2516 -0.6551 0.7124
vn 0.8096 0.4087 -0.4213
vn 0.7380 0.2217 -0.6373
vn 0.8176 0.2785 -0.5040
vn 0.8801 0.1811 -0.4388
vn 0.9782 -0.0674 -0.1966
vn 0.9515 -0.2708 -0.1462
vn 0.9342 -0.3244 0.1482
vn 0.9816 -0.1779 -0.0694
vn 0.8273 -0.5201 0.2123
vn 0.8386 -0.4886 0.2407
vn 0.8265 -0.4180 0.3771
vn -0.5508 -0.4198 0.7214
vn -0.3965 -0.3177 0.8613
vn 0.9036 0.1995 -0.3792
vn 0.6447 0.7293 -0.2293
vn 0.9174 0.3418 -0.2040
vn 0.8785 0.3621 -0.3118
vn 0.9717 -0.2358 0.0142
vn 0.8139 -0.5175 0.2642
vn 0.8326 -0.2802 0.4779
vn 0.7079 -0.5480 0.4455
vn 0.7140 -0.4654 0.5231
vn -0.3086 -0.2886 0.9063
vn 0.9846 0.1551 -0.0812
vn -0.2252 0.4652 0.8561
vn 0.9587 0.2658 -0.1008
vn 0.9910 0.1147 0.0690
vn 0.9320 0.2863 0.2221
vn 0.9552 0.0980 0.2794
vn 0.8354 0.3352 0.4355
vn 0.8354 0.3368 0.4345
vn -0.2567 -0.1867 0.9483
vn -0.2452 -0.1727 0.9540
vn -0.3823 0.3860 0.8396
vn -0.7777 0.0075 0.6286
vn -0.5250 0.1756 0.8328
vn -0.6364 -0.0645 0.7687
vn -0.5698 -0.1652 0.8050
vn -0.4789 0.0236 0.8775
vn -0.1635 -0.2480 0.9549
vn 0.6215 -0.4046 0.6708
vn -0.1441 -0.0539 0.9881
vn 0.6269 -0.4149 0.6594
vn -0.3227 0.8883 0.3268
vn 0.9490 0.0739 0.3065
vn 0.8569 -0.0332 0.5144
vn 0.7500 0.1134 0.6516
vn 0.9854 0.0483 -0.1634
vn 0.9803 -0.1924 -0.0433
vn 0.9876 0.0484 -0.1491
vn 0.9859 -0.1491 0.0759
vn -0.1328 -0.8710 0.4730
vn 0.9890 0.0257 -0.1457
vn 0.9947 -0.0845 -0.0585
vn 0.9350 -0.3538 0.0236
vn 0.9383 0.0929 -0.3331
vn 0.9494 0.1270 -0.2873
vn 0.9660 -0.0280 -0.2570
vn 0.9648 -0.0374 -0.2604
vn 0.8323 -0.5342 0.1483
vn 0.9440 0.0794 -0.3202
vn 0.9343 0.0933 -0.3441
vn 0.9741 -0.1555 -0.1644
vn 0.9720 -0.1706 -0.1615
vn 0.9473 0.0636 -0.3139
vn 0.9473 0.0820 -0.3096
vn 0.9571 0.0662 -0.2821
vn 0.9510 0.1056 -0.2906
vn 0.7617 -0.6248 -0.1719
vn 0.9322 -0.3422 0.1183
vn 0.4481 -0.8627 0.2343
vn 0.8280 -0.4872 0.2776
vn -0.6077 0.5483 0.5745
vn -0.3101 0.5529 0.7734
vn 0.9927 0.0203 -0.1187
vn 0.9897 0.0513 -0.1340
vn 0.9720 0.0824 -0.2201
vn 0.9724 0.0888 -0.2157
vn 0.5864 -0.7395 0.3305
vn 0.5613 -0.6867 0.4620
vn -0.5463 -0.3841 0.7443
vn 0.9922 0.0931 -0.0832
vn 0.9713 0.1350 -0.1959
vn 0.9429 0.0947 -0.3193
vn -0.7476 -0.2189 0.6271
vn 0.9875 0.1481 0.0540
vn -0.5581 0.7823 0.2767
vn 0.9875 0.1552 0.0263
vn -0.2264 0.2166 0.9496
vn 0.9518 0.2237 -0.2097
vn 0.9971 0.0458 0.0611
vn 0.1593 0.8583 0.4878
vn 0.8432 0.3469 0.4107
vn 0.9663 0.2370 0.1001
vn -0.6759 -0.0491 0.7354
vn 0.9813 -0.1090 -0.1584
vn 0.9568 -0.2526 -0.1440
vn 0.9847 0.1398 -0.1043
vn 0.9369 -0.2121 -0.2778
vn 0.5234 -0.8261 -0.2087
vn 0.9739 0.0995 -0.2041
vn 0.9836 0.1396 -0.1139
vn 0.9067 -0.0722 -0.4156
vn 0.9555 0.1260 -0.2668
vn 0.9682 0.0680 -0.2408
vn 0.9627 0.1282 -0.2382
vn 0.9608 0.1059 -0.2564
vn 0.9617 0.1001 -0.2552
vn 0.9679 0.0629 -0.2435
vn 0.4606 0.8876 -0.0019
vn 0.9623 0.0820 -0.2593
vn 0.9554 0.1048 -0.2760
vn -0.2720 0.7923 0.5462
vn 0.3304 0.8912 0.3110
vn 0.9825 0.1841 -0.0265
vn 0.9681 0.0388 -0.2474
vn 0.9365 0.1036 -0.3350
vn 0.9451 0.0662 -0.3200
vn 0.1604 0.7683 0.6196
vn -0.5323 0.3810 0.7560
vn 0.8971 0.4380 0.0586
vn 0.9136 0.1699 -0.3695
vn 0.9201 0.0946 -0.3801
vn -0.6518 0.5148 0.5569
vn -0.8618 0.1205 0.4927
vn 0.9559 0.2355 -0.1753
vn 0.9637 0.0558 -0.2610
vn 0.8882 0.0829 -0.4519
vn 0.9159 -0.3088 -0.2563
vn 0.5361 -0.2922 -0.7919
vn 0.4896 -0.7723 -0.4047
vn 0.9515 0.2306 -0.2037
vn 0.9384 0.2685 -0.2177
vn 0.6608 0.0239 -0.7502
vn 0.9693 0.0853 -0.2306
vn 0.9625 0.1217 -0.2425
vn 0.9685 0.0754 -0.2372
vn 0.9699 0.1260 -0.2082
vn 0.9809 0.0672 -0.1824
vn 0.9697 0.0848 -0.2292
vn 0.9719 0.0588 -0.2280
vn 0.9460 0.1143 -0.3033
vn 0.9440 0.1321 -0.3024
vn 0.9319 0.1314 -0.3382
vn 0.9385 0.0892 -0.3336
vn 0.6229 0.7727 0.1222
vn -0.0301 0.9601 0.2781
vn 0.8876 0.0771 -0.4541
vn -0.9083 0.1317 0.3971
vn -0.9085 0.1301 0.3972
vn -0.9404 -0.0174 0.3396
vn -0.9658 -0.0295 0.2575
vn 0.9800 -0.0331 -0.1960
vn 0.9797 0.1416 -0.1418
vn 0.9449 -0.0865 -0.3158
vn 0.9424 -0.2805 -0.1821
vn 0.9712 0.1564 -0.1798
vn 0.9542 0.2398 -0.1789
vn 0.7944 -0.2041 -0.5721
vn 0.7008 -0.5033 -0.5056
vn 0.9569 0.0821 -0.2787
vn 0.9726 0.0470 -0.2277
vn 0.9689 0.0863 -0.2318
vn 0.9641 0.1069 -0.2430
vn 0.9665 0.1044 -0.2346
vn 0.9778 0.0603 -0.2009
vn 0.9486 0.1803 -0.2601
vn 0.9548 0.1492 -0.2573
vn 0.9632 0.0977 -0.2503
vn 0.9632 0.0978 -0.2503
vn 0.9556 0.1470 -0.2555
vn 0.4976 0.8607 -0.1082
vn 0.9503 0.1327 -0.2815
vn 0.3712 0.9283 0.0197
vn 0.9351 0.1247 -0.3316
vn 0.7984 0.5997 -0.0537
vn -0.5456 0.3672 0.7533
vn 0.9431 0.2807 -0.1782
vn -0.5534 0.3766 0.7429
vn 0.9710 0.2372 -0.0308
vn 0.9819 0.0503 -0.1828
vn 0.8767 -0.3694 -0.3082
vn 0.8951 -0.3143 -0.3162
vn 0.5332 -0.5494 -0.6434
vn 0.9437 0.2473 -0.2198
vn 0.9569 0.2046 -0.2063
vn 0.9717 0.1702 -0.1635
vn 0.9669 0.1963 -0.1632
vn 0.9507 0.1338 -0.2797
vn 0.9626 0.0798 -0.2591
vn 0.9513 0.1337 -0.2779
vn 0.9500 0.1395 -0.2792
vn 0.8332 0.5278 -0.1647
vn 0.9455 0.1830 -0.2694
vn 0.9439 0.1929 -0.2679
vn 0.8811 0.4497 -0.1463
vn 0.9609 0.0748 -0.2665
vn 0.9381 0.1486 -0.3128
vn -0.6035 0.7339 0.3118
vn 0.6508 0.7524 0.1015
vn -0.9567 -0.0941 0.2753
vn -0.9328 0.0346 0.3588
vn 0.8073 0.5627 -0.1779
vn 0.9732 0.2293 -0.0166
vn 0.9666 -0.1453 -0.2110
vn 0.9769 -0.0807 -0.1977
vn 0.5403 -0.5909 -0.5991
vn 0.9328 0.3604 -0.0018
vn 0.9711 0.2387 -0.0090
vn 0.9720 0.2349 -0.0108
vn 0.9569 0.2904 -0.0055
vn 0.8973 -0.1210 -0.4246
vn 0.7983 -0.3889 -0.4599
vn 0.3064 -0.6988 -0.6464
vn 0.9517 0.3064 -0.0175
vn 0.9803 0.1551 -0.1225
vn 0.9696 0.1521 -0.1916
vn 0.9575 0.2219 -0.1844
vn 0.9623 0.1186 -0.2446
vn 0.9423 0.1651 -0.2913
vn 0.9510 0.1083 -0.2897
vn 0.9437 0.1574 -0.2911
vn 0.9410 0.1549 -0.3009
vn 0.9495 0.1108 -0.2937
vn 0.9359 0.1793 -0.3031
vn 0.9546 0.2298 -0.1897
vn 0.9432 0.1515 -0.2956
vn -0.3638 0.9210 0.1393
vn 0.9150 0.1845 -0.3588
vn 0.9546 0.0750 -0.2884
vn 0.4576 0.8876 0.0527
vn -0.4872 0.6704 0.5596
vn 0.9345 -0.0027 -0.3559
vn 0.9731 0.2259 -0.0446
vn 0.9317 -0.0284 -0.3621
vn 0.0768 -0.6862 -0.7234
vn 0.9792 0.2016 -0.0217
vn 0.9358 0.3524 0.0047
vn 0.9416 -0.0140 -0.3365
vn 0.9578 0.2074 -0.1989
vn 0.9810 0.1364 -0.1379
vn 0.9708 0.1610 -0.1778
vn 0.9756 0.1717 -0.1369
vn 0.9597 0.1210 -0.2535
vn 0.9500 0.1666 -0.2640
vn 0.9504 0.1644 -0.2640
vn 0.9621 0.1345 -0.2374
vn 0.9503 0.1520 -0.2715
vn 0.7366 0.6667 -0.1137
vn 0.8635 0.4483 -0.2310
vn -0.0895 0.9787 0.1846
vn 0.9438 0.1273 -0.3051
vn -0.7668 0.2499 0.5913
vn 0.9868 0.1525 -0.0554
vn 0.6134 -0.3853 -0.6894
vn 0.7640 -0.1907 -0.6164
vn 0.9706 0.2168 -0.1047
vn 0.9348 0.3440 -0.0886
vn 0.9717 0.2075 -0.1131
vn 0.9723 0.2292 -0.0449
vn 0.9589 0.2030 -0.1981
vn 0.9602 0.1732 -0.2191
vn 0.9524 0.1340 -0.2737
vn 0.9502 0.1525 -0.2719
vn 0.9519 0.1500 -0.2673
vn 0.3210 0.9439 -0.0774
vn 0.8282 0.5345 -0.1685
vn -0.8785 0.3626 0.3111
vn 0.9505 0.1306 -0.2818
vn 0.8647 0.4532 -0.2166
vn -0.7784 0.5269 0.3412
vn 0.9402 0.0202 -0.3400
vn 0.9331 0.0423 -0.3572
vn 0.9825 0.1851 -0.0216
vn 0.9992 0.0386 -0.0077
vn 0.8997 0.0043 -0.4366
vn 0.9754 0.2117 -0.0622
vn 0.9551 0.2805 -0.0955
vn 0.9570 0.2768 -0.0872
vn 0.9563 0.2625 -0.1286
vn 0.9672 0.1880 -0.1705
vn 0.9583 0.1798 -0.2222
vn 0.9482 0.1837 -0.2593
vn 0.9560 0.1563 -0.2482
vn -0.1767 0.9841 -0.0186
vn 0.9023 0.4034 -0.1520
vn 0.9370 0.1607 -0.3100
vn -0.7838 0.4249 0.4530
vn 0.8974 0.3760 -0.2310
vn 0.8784 -0.0937 -0.4686
vn 0.9131 0.3812 0.1443
vn 0.9953 0.0918 -0.0314
vn 0.9476 0.3015 -0.1055
vn 0.9505 0.2859 -0.1218
vn 0.9515 0.3077 0.0010
vn 0.9823 0.1467 -0.1168
vn 0.9774 0.1970 -0.0770
vn 0.9670 0.2415 -0.0814
vn 0.9712 0.2325 -0.0527
vn 0.9623 0.1990 -0.1854
vn 0.9600 0.2089 -0.1867
vn 0.9807 0.1480 -0.1274
vn -0.1366 0.9905 0.0170
vn -0.0944 0.9955 0.0022
vn 0.9713 0.1581 -0.1777
vn 0.9570 0.1933 -0.2164
vn 0.9299 0.2132 -0.2999
vn 0.0876 0.9960 0.0187
vn -0.0273 0.9948 0.0985
vn -0.9363 0.0426 0.3486
vn -0.3149 0.7182 -0.6205
vn 0.9174 0.1077 -0.3831
vn 0.9729 0.2166 -0.0809
vn 0.9510 0.2881 -0.1125
vn -0.3721 0.8997 -0.2284
vn 0.1408 0.9757 -0.1677
vn 0.9830 0.1831 -0.0108
vn 0.9824 0.1866 -0.0112
vn 0.9289 0.3574 -0.0971
vn 0.9823 0.1489 -0.1135
vn 0.9808 0.1548 -0.1184
vn 0.9697 0.1960 -0.1460
vn 0.4449 0.8944 -0.0458
vn -0.0964 0.9896 0.1072
vn 0.5786 0.6091 -0.5425
vn 0.3247 -0.6965 -0.6398
vn 0.1569 -0.2536 -0.9545
vn 0.8767 -0.3664 -0.3116
vn 0.7506 -0.4081 -0.5197
vn -0.9627 0.1238 -0.2405
vn -0.9473 0.1838 -0.2622
vn -0.8718 0.0906 -0.4814
vn -0.9752 0.1983 -0.0987
vn -0.9055 0.1880 -0.3804
vn -0.9843 0.1762 0.0067
vn -0.9572 0.2893 0.0008
vn 0.6097 -0.6901 -0.3900
vn 0.7485 -0.4493 -0.4878
vn 0.3868 -0.3463 -0.8547
vn -0.9908 0.1215 -0.0588
vn -0.9692 0.2362 0.0696
vn -0.9837 0.1394 -0.1135
vn -0.9695 0.2451 0.0062
vn -0.9743 0.2019 -0.1000
vn -0.9811 0.1497 -0.1231
vn -0.9710 0.2024 -0.1275
vn 0.9666 -0.2529 0.0420
vn -0.8804 0.4274 -0.2054
vn -0.9655 0.1501 -0.2130
vn -0.8517 0.4972 -0.1657
vn -0.9763 0.0637 -0.2067
vn -0.0239 -0.5813 -0.8133
vn -0.9703 0.2024 -0.1321
vn -0.5298 -0.0968 -0.8426
vn -0.7268 0.1463 -0.6711
vn -0.9357 0.3515 0.0315
vn 0.7300 -0.4882 -0.4782
vn 0.9211 -0.3420 -0.1862
vn -0.9746 0.1971 -0.1066
vn -0.9617 0.2450 -0.1228
vn -0.9611 0.2459 -0.1256
vn -0.9732 0.1240 -0.1938
vn -0.9653 0.1741 -0.1948
vn -0.9609 0.1836 -0.2072
vn -0.9378 0.3200 -0.1347
vn -0.9737 0.1255 -0.1904
vn -0.8821 0.3401 -0.3259
vn -0.8393 0.4772 -0.2606
vn -0.9077 0.0146 -0.4195
vn -0.8745 -0.0608 -0.4812
vn -0.8400 0.0542 -0.5399
vn -0.1501 -0.4663 -0.8718
vn -0.9539 0.2998 0.0118
vn -0.9454 0.3215 -0.0539
vn 0.5521 -0.7010 -0.4514
vn 0.8775 -0.4017 -0.2619
vn -0.9516 0.2791 -0.1287
vn -0.9455 0.2833 -0.1607
vn -0.9536 0.1901 -0.2335
vn -0.9552 0.1836 -0.2322
vn -0.9486 0.1735 -0.2646
vn -0.9384 0.1635 -0.3044
vn -0.9467 0.1624 -0.2782
vn -0.8576 0.4489 -0.2511
vn 0.1653 0.9745 0.1517
vn -0.8348 0.5006 -0.2291
vn -0.9329 0.3029 -0.1950
vn -0.9702 0.1292 -0.2050
vn -0.9591 0.2778 -0.0546
vn -0.5724 -0.4063 -0.7122
vn -0.9323 0.3427 -0.1155
vn -0.6167 -0.3577 -0.7012
vn -0.7675 0.1601 -0.6208
vn 0.1427 -0.5497 -0.8231
vn -0.9568 0.2820 -0.0704
vn 0.3221 -0.7194 -0.6154
vn -0.9726 0.2058 -0.1086
vn -0.9726 0.2267 -0.0519
vn 0.8578 -0.4679 -0.2126
vn -0.9651 0.2084 -0.1587
vn -0.9663 0.2032 -0.1581
vn -0.9589 0.1757 -0.2228
vn -0.9635 0.1481 -0.2232
vn -0.9572 0.1471 -0.2491
vn -0.9573 0.1599 -0.2410
vn -0.9494 0.1500 -0.2758
vn -0.9547 0.1447 -0.2601
vn -0.9372 0.2038 -0.2831
vn -0.3125 -0.5315 -0.7873
vn -0.9795 0.0987 -0.1757
vn -0.7398 -0.2087 -0.6396
vn 0.4326 -0.6686 -0.6049
vn -0.7388 -0.2115 -0.6399
vn -0.9686 0.2483 -0.0080
vn -0.9436 0.3296 0.0329
vn 0.4342 -0.6716 -0.6004
vn 0.1014 -0.7556 -0.6471
vn -0.9752 0.1767 -0.1329
vn -0.9721 0.2049 -0.1143
vn -0.9794 0.1660 -0.1147
vn 0.7428 -0.6216 -0.2486
vn -0.9667 0.1405 -0.2140
vn -0.9517 0.1396 -0.2733
vn -0.9517 0.1421 -0.2723
vn -0.9451 0.1598 -0.2851
vn -0.9461 0.1515 -0.2862
vn -0.9397 0.1330 -0.3151
vn -0.9123 0.3356 -0.2347
vn -0.9836 0.0100 -0.1799
vn -0.8940 -0.3031 -0.3299
vn -0.9594 0.2779 0.0487
vn 0.1378 -0.7654 -0.6286
vn -0.9510 0.0023 -0.3093
vn 0.2639 -0.5779 -0.7723
vn -0.9576 0.2851 -0.0405
vn -0.9658 0.2589 -0.0156
vn -0.9446 -0.0061 -0.3282
vn 0.3117 -0.7445 -0.5904
vn -0.0052 -0.8487 -0.5289
vn 0.1445 -0.6068 -0.7816
vn -0.9438 0.3301 -0.0195
vn 0.3845 -0.6869 -0.6167
vn -0.9757 0.1799 -0.1248
vn -0.9336 0.3552 -0.0477
vn 0.5695 -0.7949 -0.2092
vn -0.9603 0.0995 -0.2604
vn -0.9689 0.1830 -0.1667
vn -0.9554 0.2528 -0.1529
vn 0.5366 -0.6178 -0.5748
vn 0.5186 -0.6456 -0.5606
vn -0.9503 0.1412 -0.2774
vn 0.5582 -0.7294 -0.3954
vn -0.9370 0.1391 -0.3205
vn 0.7300 -0.6355 -0.2514
vn -0.9411 0.1668 -0.2943
vn -0.9384 0.1749 -0.2981
vn -0.9333 0.1794 -0.3111
vn 0.8961 -0.4362 0.0817
vn -0.8991 0.3646 -0.2423
vn -0.9505 0.1251 -0.2845
vn -0.9458 0.1430 -0.2916
vn -0.9434 0.1697 -0.2851
vn -0.8405 0.5138 -0.1721
vn -0.8453 0.4940 -0.2038
vn -0.9953 0.0914 0.0310
vn -0.9774 0.0672 -0.2004
vn -0.8845 -0.2755 -0.3765
vn -0.7867 -0.4564 -0.4157
vn -0.9678 0.2491 -0.0355
vn -0.7808 -0.4690 -0.4129
vn -0.9694 0.2075 -0.1309
vn -0.9646 0.2532 -0.0734
vn -0.9555 0.2837 -0.0810
vn -0.7861 -0.4639 -0.4084
vn -0.7723 -0.0221 -0.6349
vn -0.9685 0.2069 -0.1384
vn 0.1604 -0.9233 -0.3490
vn 0.3900 -0.6733 -0.6281
vn -0.9523 0.1042 -0.2866
vn -0.9291 0.0761 -0.3620
vn -0.9536 0.1208 -0.2758
vn -0.9248 0.1558 -0.3470
vn 0.6078 -0.7735 -0.1797
vn 0.5907 -0.6081 -0.5304
vn -0.9361 0.1654 -0.3104
vn -0.9350 0.1619 -0.3155
vn -0.9373 0.1857 -0.2950
vn -0.9464 0.1798 -0.2682
vn -0.9566 0.1607 -0.2431
vn -0.9391 0.1466 -0.3108
vn -0.9267 0.3330 -0.1743
vn -0.9517 0.1579 -0.2631
vn -0.3207 0.8971 0.3038
vn -0.8823 0.4678 -0.0525
vn -0.8313 0.5038 -0.2349
vn -0.9897 -0.0008 -0.1434
vn -0.9764 0.2022 -0.0763
vn -0.9870 -0.0143 -0.1599
vn -0.5413 -0.6234 -0.5643
vn -0.9838 0.0279 -0.1771
vn -0.9676 0.1981 -0.1563
vn -0.9672 0.0808 -0.2407
vn -0.7521 -0.2586 -0.6063
vn -0.9686 0.1920 -0.1580
vn 0.5242 -0.6804 -0.5121
vn -0.7306 -0.1630 -0.6631
vn -0.9250 0.0786 -0.3717
vn -0.9557 0.0120 -0.2940
vn -0.9739 0.1144 -0.1959
vn 0.5645 -0.7153 -0.4119
vn -0.9495 0.1325 -0.2845
vn -0.9608 0.0840 -0.2642
vn -0.9479 0.0566 -0.3135
vn -0.9788 0.0260 -0.2031
vn -0.9744 0.0106 -0.2244
vn 0.6337 -0.7735 -0.0133
vn 0.7197 -0.6116 -0.3285
vn -0.9569 0.1570 -0.2443
vn -0.9771 0.1109 -0.1818
vn -0.9737 0.1304 -0.1866
vn -0.9809 0.1098 -0.1605
vn -0.9727 0.1133 -0.2024
vn -0.9760 0.1193 -0.1820
vn -0.9616 0.1568 -0.2253
vn -0.9623 0.1557 -0.2230
vn -0.9266 0.3723 -0.0526
vn -0.9358 0.1369 -0.3248
vn -0.9339 0.2831 -0.2182
vn -0.7957 0.3495 -0.4947
vn -0.9649 0.2044 -0.1647
vn -0.9447 -0.0342 -0.3262
vn -0.7442 -0.5932 -0.3071
vn -0.9678 0.1025 -0.2300
vn -0.8004 -0.3350 -0.4971
vn -0.9236 -0.1841 -0.3361
vn -0.1885 0.5443 -0.8174
vn 0.4845 -0.8697 -0.0945
vn -0.9860 0.0571 -0.1567
vn -0.9791 0.1237 -0.1613
vn -0.9710 0.2034 -0.1255
vn -0.9371 0.3141 -0.1523
vn 0.5551 -0.8302 -0.0513
vn 0.5315 -0.7529 -0.3882
vn -0.9888 0.0574 -0.1380
vn -0.9890 0.0305 -0.1450
vn -0.9860 0.0558 -0.1573
vn -0.9820 0.0424 -0.1839
vn -0.9723 0.1202 -0.2004
vn -0.9722 0.0783 -0.2208
vn -0.9816 0.0442 -0.1856
vn -0.9604 0.1157 -0.2533
vn -0.9672 0.0974 -0.2348
vn 0.8374 -0.4938 0.2344
vn -0.9788 0.1001 -0.1785
vn -0.9438 0.1477 -0.2955
vn -0.9614 0.0996 -0.2564
vn -0.8860 0.4530 0.0992
vn -0.9119 0.0622 -0.4057
vn -0.9196 0.3686 -0.1359
vn 0.4038 0.5740 0.7124
vn 0.9209 -0.2728 0.2786
vn -0.9864 0.1523 -0.0623
vn -0.9559 0.2574 -0.1415
vn -0.9607 -0.2330 -0.1511
vn 0.5803 -0.7041 -0.4093
vn -0.9558 0.2520 -0.1514
vn 0.5690 -0.8222 -0.0112
vn -0.9718 0.1452 -0.1858
vn -0.9348 0.2940 -0.1995
vn 0.5897 -0.8076 0.0084
vn -0.9662 0.1298 -0.2229
vn -0.9111 0.2841 -0.2987
vn -0.9694 0.0884 -0.2292
vn -0.9390 0.1751 -0.2960
vn 0.6164 -0.7742 0.1438
vn -0.9690 0.0500 -0.2418
vn -0.9342 0.1708 -0.3134
vn -0.9605 0.0469 -0.2744
vn -0.9598 0.0458 -0.2771
vn -0.9496 0.0757 -0.3041
vn -0.9561 0.1013 -0.2749
vn 0.5546 -0.7956 0.2438
vn -0.9353 0.1121 -0.3357
vn -0.9560 0.2722 -0.1093
vn -0.9658 0.0649 -0.2509
vn -0.9375 0.1130 -0.3291
vn -0.9270 0.1158 -0.3567
vn 0.8143 -0.3951 0.4252
vn -0.8791 0.3719 -0.2981
vn -0.9325 0.1552 -0.3261
vn 0.8445 -0.4440 0.2994
vn 0.6856 -0.5631 0.4614
vn 0.9939 -0.1107 -0.0030
vn -0.9993 0.0150 -0.0354
vn -0.9907 0.0433 -0.1294
vn -0.9858 0.1166 -0.1212
vn -0.9730 0.1302 -0.1904
vn -0.9611 -0.2713 0.0521
vn -0.7436 -0.6462 0.1716
vn -0.9890 -0.1443 -0.0333
vn -0.9261 -0.3750 0.0411
vn -0.9749 0.1052 -0.1963
vn -0.9625 0.1013 -0.2515
vn -0.9601 0.0717 -0.2702
vn -0.9246 0.1705 -0.3407
vn -0.9697 0.0537 -0.2381
vn -0.9074 -0.0101 -0.4202
vn -0.9681 -0.1054 -0.2271
vn -0.7131 -0.6824 0.1606
vn -0.7642 -0.6056 0.2222
vn -0.9245 0.0275 -0.3802
vn -0.9264 0.0153 -0.3763
vn -0.9381 0.0440 -0.3436
vn -0.3753 -0.7705 0.5152
vn -0.9408 0.1035 -0.3227
vn -0.9154 0.1666 -0.3665
vn -0.9168 0.1100 -0.3839
vn -0.6411 0.2218 -0.7347
vn -0.4483 0.0651 -0.8915
vn -0.5459 0.0048 -0.8378
vn -0.5549 0.0089 -0.8319
vn -0.5994 -0.0359 -0.7996
vn 0.2423 -0.8064 0.5395
vn -0.2943 -0.9140 0.2792
vn -0.9092 0.1851 -0.3730
vn -0.5194 0.3459 -0.7814
vn 0.2442 -0.8079 0.5364
vn -0.9888 0.1014 -0.1096
vn -0.9596 0.2208 -0.1744
vn -0.9567 0.1355 -0.2577
vn 0.2297 -0.9242 0.3051
vn -0.9599 0.2745 0.0572
vn -0.9630 0.2666 0.0390
vn 0.3861 -0.8580 0.3387
vn 0.4182 -0.7719 0.4789
vn 0.3875 -0.7936 0.4690
vn 0.9946 -0.0818 -0.0632
vn -0.9186 0.1204 -0.3763
vn -0.8531 0.1048 -0.5111
vn -0.5983 -0.0711 -0.7981
vn -0.8471 0.1703 -0.5034
vn -0.9966 -0.0166 0.0805
vn -0.9468 -0.2305 -0.2244
vn -0.9386 -0.3442 0.0232
vn -0.5136 0.3567 -0.7803
vn 0.0140 0.2026 -0.9792
vn -0.3376 0.1412 -0.9307
vn -0.5167 0.0166 -0.8560
vn -0.4800 0.0049 -0.8773
vn -0.7249 -0.0521 -0.6868
vn -0.5774 -0.2781 -0.7676
vn -0.7082 -0.2793 -0.6484
vn -0.8499 -0.0509 -0.5244
vn -0.8957 -0.4383 -0.0752
vn -0.9333 -0.2940 0.2061
vn -0.9357 -0.3511 0.0361
vn -0.5861 0.3790 -0.7161
vn -0.5855 0.3766 -0.7178
vn -0.8946 -0.4469 0.0076
vn -0.4866 -0.8569 -0.1701
vn -0.8953 -0.4454 0.0065
vn -0.7003 -0.5730 0.4257
vn -0.6549 -0.6014 0.4577
vn -0.7282 0.2606 -0.6339
vn -0.8325 0.3900 -0.3934
vn -0.7500 0.5143 -0.4158
vn -0.6384 -0.6720 0.3753
vn 0.2390 -0.9195 0.3120
vn -0.6105 -0.5439 0.5757
vn -0.6484 -0.6272 0.4314
vn -0.8983 0.4251 0.1109
vn -0.9246 0.3747 -0.0686
vn -0.4570 -0.6849 0.5676
vn -0.3076 -0.3062 0.9009
vn 0.2455 -0.7627 0.5983
vn -0.4751 -0.5194 0.7103
vn -0.9148 0.2899 0.2812
vn -0.8580 0.3345 0.3898
vn -0.6930 0.0381 0.7200
vn -0.6214 0.4436 0.6458
vn -0.2956 -0.0021 0.9553
vn 0.2707 -0.0891 0.9585
vn 0.9107 -0.1329 0.3912
vn 0.9816 -0.0332 -0.1878
vn 0.9866 -0.1161 -0.1144
vn 0.9704 -0.2261 -0.0844
vn -0.3230 -0.9275 0.1881
vn 0.9699 -0.2277 0.0865
vn 0.9619 -0.1341 -0.2381
vn 0.9367 -0.2740 -0.2181
vn 0.5213 0.4476 -0.7266
vn 0.0498 -0.9319 -0.3594
vn 0.8679 -0.3436 0.3588
vn 0.9494 -0.3023 0.0845
vn 0.4476 0.4385 -0.7793
vn 0.6622 -0.0837 -0.7446
vn 0.7464 0.0453 -0.6640
vn 0.6990 -0.2248 -0.6788
vn 0.6674 0.5615 -0.4892
vn 0.4011 0.8825 -0.2454
vn 0.8235 -0.4618 -0.3295
vn 0.9130 -0.4024 -0.0673
vn 0.8747 -0.4846 -0.0114
vn -0.7233 -0.1211 -0.6798
vn -0.7089 -0.6636 -0.2391
vn -0.7176 -0.6610 -0.2194
vn -0.6708 -0.7283 0.1398
vn -0.5790 -0.7889 0.2060
vn -0.4999 -0.8136 0.2968
vn -0.5709 -0.7881 0.2302
vn 0.8311 -0.5546 0.0423
vn -0.2613 -0.8287 0.4949
vn -0.5107 -0.7863 0.3477
vn -0.3546 -0.8421 0.4063
vn -0.2791 -0.8753 0.3950
vn 0.2126 0.5156 -0.8300
vn 0.4348 -0.0386 -0.8997
vn 0.4413 -0.3064 -0.8434
vn 0.5721 -0.0438 -0.8190
vn 0.5847 -0.3040 -0.7521
vn 0.5741 -0.3196 -0.7538
vn 0.6741 -0.5976 -0.4341
vn 0.6595 -0.6975 -0.2804
vn 0.7572 -0.6327 0.1625
vn 0.9539 -0.1112 -0.2787
vn 0.9296 -0.2114 -0.3020
vn 0.9039 -0.4253 -0.0460
vn -0.8484 -0.0657 -0.5253
vn -0.8564 -0.1389 -0.4972
vn -0.9426 -0.2795 -0.1828
vn -0.9124 -0.4025 -0.0736
vn 0.4269 0.6106 -0.6670
vn -0.8900 -0.4532 0.0495
vn 0.5472 0.6221 -0.5600
vn -0.8687 -0.4951 0.0159
vn -0.7686 -0.6112 0.1890
vn -0.7692 -0.6206 0.1520
vn -0.5992 -0.7359 0.3153
vn -0.6014 -0.7583 0.2514
vn -0.2747 -0.8745 0.3998
vn 0.6997 -0.7070 0.1030
vn -0.0133 -0.8608 0.5088
vn 0.7711 -0.6366 -0.0103
vn 0.9083 -0.4003 0.1217
vn 0.9727 -0.1192 0.1989
vn 0.2994 0.0285 -0.9537
vn 0.2053 0.5048 -0.8385
vn 0.2323 0.2133 -0.9490
vn 0.3648 0.3739 -0.8527
vn 0.4300 -0.0658 -0.9004
vn 0.4642 -0.2767 -0.8414
vn 0.0876 0.8260 -0.5568
vn 0.6657 -0.5323 -0.5229
vn 0.8203 -0.5073 0.2640
vn 0.6679 -0.6206 0.4109
vn 0.6686 -0.4517 0.5907
vn 0.9410 -0.1744 -0.2900
vn -0.8745 -0.0488 -0.4825
vn -0.2590 0.5224 -0.8124
vn -0.2619 0.5208 -0.8125
vn -0.8938 -0.0747 -0.4421
vn -0.9361 -0.2897 -0.1993
vn -0.2528 0.5211 -0.8152
vn -0.9381 -0.3430 -0.0476
vn -0.9156 -0.4022 0.0027
vn 0.3407 0.7535 -0.5623
vn -0.9007 -0.4273 0.0784
vn -0.5767 -0.6714 -0.4655
vn -0.8614 -0.5066 0.0357
vn 0.8130 -0.5634 0.1470
vn -0.7145 -0.6596 0.2331
vn -0.7154 -0.6838 0.1433
vn -0.4696 -0.8297 0.3018
vn -0.3010 -0.8533 0.4258
vn -0.3967 -0.8637 0.3109
vn -0.0105 -0.8608 0.5088
vn 0.7350 -0.6728 -0.0839
vn 0.8199 -0.5717 0.0306
vn 0.8758 -0.4732 0.0952
vn 0.8372 -0.5247 0.1544
vn 0.9159 -0.3708 0.1534
vn 0.6110 0.1282 -0.7812
vn 0.7523 -0.1303 -0.6458
vn 0.8591 0.4234 -0.2874
vn 0.6040 0.2336 -0.7620
vn 0.7375 -0.5631 -0.3727
vn 0.6330 -0.7640 0.1247
vn 0.7690 -0.5967 0.2292
vn 0.7704 -0.2286 0.5951
vn 0.9573 -0.1741 -0.2309
vn 0.5857 -0.6758 -0.4476
vn 0.5590 -0.7091 -0.4298
vn 0.7592 -0.5992 -0.2539
vn 0.6487 -0.6849 -0.3318
vn -0.7696 0.2100 -0.6030
vn -0.8916 -0.0843 -0.4449
vn -0.2095 0.6508 -0.7298
vn -0.7523 -0.0102 -0.6587
vn -0.3355 0.6424 -0.6891
vn -0.9228 -0.3806 -0.0591
vn -0.9174 -0.3898 -0.0805
vn -0.8804 -0.4742 0.0010
vn -0.9196 -0.3928 0.0011
vn -0.8774 -0.4788 -0.0293
vn -0.8048 -0.5786 0.1321
vn -0.8033 -0.5916 0.0687
vn -0.7225 -0.6712 0.1656
vn -0.4184 -0.8408 0.3436
vn 0.7305 -0.6828 0.0109
vn 0.7155 -0.6986 -0.0095
vn -0.3151 -0.8518 0.4185
vn -0.4470 -0.7836 0.4314
vn -0.0185 -0.7586 0.6513
vn 0.7640 -0.6341 -0.1193
vn 0.8059 -0.5905 0.0441
vn 0.8090 -0.5840 0.0673
vn 0.5782 -0.8005 0.1580
vn 0.6560 -0.7324 0.1825
vn 0.3628 -0.8827 0.2986
vn 0.3969 -0.8782 0.2669
vn 0.6214 -0.7527 0.2175
vn 0.8400 -0.4989 0.2135
vn 0.7585 -0.6041 0.2443
vn 0.8586 -0.3230 0.3981
vn 0.9743 -0.1328 -0.1821
vn 0.9686 -0.1670 -0.1842
vn 0.5787 -0.6590 -0.4804
vn 0.5859 -0.6749 -0.4486
vn 0.5565 -0.6977 -0.4512
vn 0.4985 -0.7532 -0.4291
vn 0.5470 -0.6975 -0.4629
vn 0.6598 -0.7453 -0.0960
vn 0.5765 -0.8050 -0.1405
vn 0.7648 -0.6434 -0.0321
vn 0.7723 -0.6351 -0.0154
vn 0.7842 -0.6201 -0.0232
vn 0.7897 -0.6132 0.0207
vn 0.7846 -0.6192 0.0318
vn 0.6945 -0.7156 0.0754
vn -0.8802 0.1793 -0.4394
vn -0.9265 -0.0621 -0.3710
vn -0.6650 0.4465 -0.5986
vn -0.8617 0.0542 -0.5045
vn -0.2668 0.7747 -0.5733
vn -0.2590 0.7814 -0.5677
vn -0.9212 -0.3807 -0.0801
vn -0.8953 -0.4258 -0.1311
vn -0.0877 0.7039 -0.7048
vn -0.8795 -0.4750 -0.0282
vn -0.8184 -0.5709 0.0656
vn -0.8306 -0.4831 0.2768
vn -0.7782 -0.6236 0.0750
vn -0.6872 -0.6970 0.2048
vn 0.6753 -0.7375 -0.0055
vn -0.6849 -0.7021 0.1949
vn 0.7675 -0.6362 -0.0782
vn -0.4475 -0.7847 0.4290
vn -0.2524 -0.7392 0.6244
vn 0.1038 -0.6082 0.7870
vn 0.0604 -0.6833 0.7277
vn 0.7277 -0.6856 0.0215
vn 0.7592 -0.6487 0.0528
vn 0.5491 -0.8292 0.1041
vn 0.4985 -0.8435 0.2000
vn 0.4943 -0.8517 0.1741
vn 0.5164 -0.8377 0.1774
vn 0.5288 -0.8351 0.1513
vn 0.3557 -0.8973 0.2614
vn 0.3190 -0.9065 0.2767
vn 0.3317 -0.9076 0.2573
vn 0.4121 -0.8703 0.2699
vn 0.4377 -0.8688 0.2314
vn 0.5569 -0.7904 0.2551
vn 0.6607 -0.6357 -0.3992
vn 0.7705 0.4788 -0.4208
vn 0.7109 -0.5514 -0.4366
vn 0.5623 -0.6670 -0.4889
vn 0.5719 -0.6563 -0.4922
vn 0.5680 -0.6700 -0.4780
vn 0.5246 -0.7188 -0.4562
vn 0.9060 0.3616 -0.2201
vn 0.4737 -0.7582 -0.4480
vn 0.4805 -0.7932 -0.3740
vn 0.4896 -0.7857 -0.3781
vn 0.5428 -0.8286 -0.1369
vn 0.6114 -0.7882 -0.0706
vn 0.6024 -0.7834 -0.1528
vn 0.6036 -0.7946 -0.0655
vn 0.6344 -0.7716 -0.0461
vn 0.5750 -0.8156 0.0651
vn 0.5126 -0.8544 0.0847
vn 0.5949 -0.7827 0.1830
vn -0.8626 0.3111 -0.3988
vn -0.9381 -0.2382 -0.2514
vn -0.9592 -0.1583 -0.2342
vn -0.4903 0.7673 -0.4133
vn -0.8848 0.1615 -0.4371
vn 0.5771 -0.7996 0.1658
vn -0.6578 0.4696 -0.5889
vn -0.5538 0.6049 -0.5722
vn -0.4475 0.3639 -0.8169
vn -0.2629 0.7342 -0.6259
vn -0.5761 0.5051 -0.6426
vn -0.9429 -0.3128 -0.1142
vn -0.8972 -0.4349 -0.0772
vn -0.8811 -0.4719 -0.0293
vn 0.5000 0.2035 -0.8418
vn -0.8769 -0.4775 -0.0542
vn -0.8412 -0.5372 0.0623
vn -0.8129 -0.5823 0.0112
vn -0.7922 -0.5904 0.1542
vn -0.7519 -0.6530 0.0901
vn -0.7049 -0.6690 0.2358
vn -0.5393 -0.7367 0.4080
vn -0.3952 -0.7281 0.5601
vn -0.5354 -0.7306 0.4238
vn -0.2531 -0.7770 0.5764
vn 0.7084 -0.7052 0.0302
vn 0.7223 -0.6915 0.0012
vn 0.6808 -0.7301 0.0587
vn 0.4615 -0.8786 0.1227
vn 0.3157 -0.8952 0.3147
vn 0.4069 -0.8938 0.1884
vn 0.3552 -0.9132 0.1997
vn 0.3413 -0.9110 0.2316
vn 0.3558 -0.8972 0.2615
vn 0.3529 -0.8933 0.2785
vn 0.3497 -0.8922 0.2859
vn 0.3520 -0.8889 0.2930
vn 0.3605 -0.8929 0.2698
vn 0.3603 -0.8904 0.2780
vn 0.3312 -0.9057 0.2647
vn 0.3418 -0.9078 0.2433
vn 0.9652 -0.2207 -0.1403
vn 0.9272 0.3036 -0.2193
vn 0.8775 0.3642 -0.3120
vn 0.6319 -0.6917 -0.3495
vn 0.6821 -0.6390 -0.3556
vn 0.7501 0.4891 -0.4451
vn 0.5344 0.6230 -0.5712
vn 0.5877 0.5961 -0.5471
vn 0.5314 -0.7160 -0.4528
vn 0.4834 -0.7436 -0.4620
vn 0.7721 0.5160 -0.3710
vn 0.4874 -0.7374 -0.4676
vn 0.4174 -0.8287 -0.3729
vn 0.3748 -0.9059 -0.1971
vn 0.3045 -0.9481 -0.0914
vn 0.2568 -0.9651 -0.0514
vn 0.3213 -0.9462 -0.0373
vn 0.3134 -0.9496 0.0020
vn 0.2750 -0.9614 0.0104
vn 0.2789 -0.9591 0.0480
vn 0.3683 -0.9244 0.0990
vn 0.4716 -0.8669 0.1616
vn 0.5526 -0.8149 0.1746
vn -0.9088 -0.3958 -0.1315
vn 0.8492 -0.0831 -0.5214
vn -0.4994 -0.0468 -0.8651
vn -0.8691 0.2350 -0.4354
vn -0.3783 -0.4194 -0.8252
vn -0.9051 -0.0274 -0.4244
vn -0.9247 -0.3253 -0.1978
vn -0.8960 -0.4076 -0.1762
vn -0.6460 -0.6530 -0.3952
vn -0.8598 -0.5068 -0.0617
vn -0.8595 -0.5070 -0.0645
vn -0.8062 -0.5916 0.0105
vn -0.7951 -0.6019 0.0744
vn -0.6956 -0.7118 -0.0968
vn -0.7478 -0.6523 0.1233
vn -0.6543 -0.7114 0.2567
vn -0.5716 -0.7980 0.1908
vn -0.6285 -0.6945 0.3504
vn -0.1583 -0.8835 0.4409
vn 0.0441 -0.8838 0.4658
vn 0.3842 -0.9233 -0.0016
vn 0.3696 -0.9259 0.0781
vn 0.4023 -0.9053 0.1360
vn 0.3640 -0.9075 0.2095
vn 0.3408 -0.9114 0.2308
vn 0.3605 -0.8918 0.2733
vn 0.3520 -0.9030 0.2463
vn 0.3715 -0.8950 0.2469
vn 0.3592 -0.8905 0.2793
vn 0.3963 -0.9039 0.1613
vn 0.4041 -0.9109 0.0834
vn 0.3751 -0.9243 0.0705
vn 0.3794 -0.9243 0.0409
vn 0.4033 -0.7979 0.4479
vn 0.8739 -0.4575 -0.1646
vn 0.7619 -0.6067 -0.2267
vn 0.5554 0.6434 -0.5269
vn 0.6053 -0.7365 -0.3020
vn 0.5808 -0.7264 -0.3674
vn 0.5737 -0.7368 -0.3578
vn 0.5685 -0.7137 -0.4092
vn 0.5320 -0.7520 -0.3891
vn 0.5502 -0.6973 -0.4594
vn 0.5309 -0.6938 -0.4867
vn 0.5362 -0.6837 -0.4951
vn 0.5317 -0.6816 -0.5027
vn 0.4998 0.6778 -0.5392
vn 0.5183 -0.7031 -0.4869
vn 0.5070 -0.6957 -0.5089
vn 0.5021 0.6528 -0.5673
vn 0.5057 -0.6994 -0.5051
vn 0.4848 -0.7434 -0.4608
vn 0.6765 0.5019 -0.5389
vn 0.4731 0.6867 -0.5519
vn 0.4355 -0.7768 -0.4549
vn 0.4369 -0.7756 -0.4556
vn 0.4103 -0.8214 -0.3962
vn 0.3823 -0.8648 -0.3255
vn 0.2858 -0.9454 -0.1569
vn 0.2850 -0.9358 -0.2076
vn 0.2922 -0.9460 -0.1404
vn 0.2893 -0.9479 -0.1335
vn 0.2734 -0.9605 0.0515
vn 0.3035 -0.9495 0.0793
vn 0.3699 -0.9190 0.1366
vn 0.4027 -0.8949 0.1922
vn 0.4319 -0.8941 0.1185
vn 0.1816 -0.9571 -0.2257
vn -0.6646 -0.6314 -0.3996
vn -0.2578 -0.8190 -0.5127
vn -0.6579 -0.7469 -0.0966
vn -0.6982 -0.7082 -0.1050
vn -0.2635 -0.9592 -0.1023
vn -0.3549 -0.9320 -0.0737
vn -0.2989 -0.9543 0.0018
vn -0.4324 -0.9017 0.0056
vn -0.0703 -0.9648 0.2536
vn -0.3308 -0.9431 0.0322
vn 0.0156 -0.9850 0.1720
vn 0.4027 -0.9142 0.0462
vn 0.3290 -0.9209 0.2090
vn 0.3485 -0.9121 0.2159
vn 0.3406 -0.8880 0.3089
vn 0.3409 -0.8972 0.2808
vn 0.3459 -0.9051 0.2472
vn 0.3494 -0.9090 0.2272
vn 0.4276 -0.8789 0.2115
vn 0.4030 -0.9108 0.0898
vn 0.4691 -0.8118 0.3477
vn 0.4662 -0.8498 0.2460
vn 0.6132 -0.6787 0.4041
vn 0.7097 -0.2115 0.6720
vn 0.9192 -0.3812 -0.0993
vn 0.8273 -0.5510 -0.1092
vn 0.5678 -0.8176 -0.0955
vn 0.5891 -0.7854 -0.1902
vn 0.4716 -0.8672 -0.1599
vn 0.4923 -0.8347 -0.2470
vn 0.4663 -0.8130 -0.3487
vn 0.4554 -0.8281 -0.3270
vn 0.4512 -0.8254 -0.3392
vn 0.4854 -0.7666 -0.4204
vn 0.4895 -0.7702 -0.4088
vn 0.5461 -0.7384 -0.3957
vn 0.5441 -0.7342 -0.4061
vn 0.4790 0.6382 -0.6027
vn 0.4300 0.6409 -0.6359
vn 0.4200 0.6740 -0.6078
vn 0.4014 0.6791 -0.6146
vn 0.3837 0.7340 -0.5604
vn 0.4389 -0.7813 -0.4437
vn 0.3992 -0.8554 -0.3300
vn 0.2864 -0.9452 -0.1565
vn 0.2297 -0.9723 -0.0440
vn 0.2317 -0.9728 0.0057
vn 0.2282 -0.9731 0.0314
vn 0.2590 -0.9646 0.0492
vn 0.3978 -0.9064 0.1424
vn 0.3074 -0.9375 -0.1631
vn 0.4142 -0.9099 -0.0246
vn 0.2634 -0.9620 -0.0721
vn 0.1543 -0.9868 -0.0490
vn 0.2963 -0.9540 0.0447
vn 0.2773 -0.9559 0.0964
vn 0.3409 -0.9392 0.0404
vn 0.3368 -0.9401 0.0529
vn 0.3160 -0.9395 0.1320
vn 0.3149 -0.9311 0.1842
vn 0.3655 -0.8925 0.2642
vn 0.3468 -0.9332 0.0939
vn 0.3411 -0.9345 0.1015
vn 0.3191 -0.9462 0.0533
vn 0.3179 -0.9475 0.0345
vn 0.3558 -0.9345 0.0124
vn 0.2684 -0.9041 0.3325
vn 0.5017 -0.8296 0.2452
vn 0.3613 -0.8152 0.4526
vn 0.6080 -0.7921 -0.0544
vn 0.5998 -0.7989 -0.0449
vn 0.4741 -0.8669 -0.1540
vn 0.4419 -0.8818 -0.1649
vn 0.5081 -0.8340 -0.2151
vn 0.5071 -0.8304 -0.2306
vn 0.4989 -0.7383 -0.4539
vn 0.7508 -0.5084 -0.4217
vn 0.5585 0.6648 -0.4960
vn 0.3404 0.7326 -0.5894
vn 0.3243 0.7034 -0.6325
vn 0.2792 0.8055 -0.5227
vn 0.2358 0.7157 -0.6575
vn 0.3342 -0.9364 -0.1068
vn 0.2307 -0.9697 -0.0801
vn 0.2294 -0.9715 -0.0602
vn 0.1961 -0.9767 -0.0869
vn 0.2243 -0.9745 0.0074
vn 0.2823 -0.9549 0.0922
vn 0.3267 -0.9342 0.1430
vn 0.3315 -0.9360 0.1186
vn 0.3215 -0.9468 -0.0132
vn 0.3196 -0.9475 -0.0079
vn 0.2999 -0.9530 -0.0434
vn 0.3151 -0.9446 0.0922
vn 0.3020 -0.9220 0.2424
vn 0.2884 -0.9337 0.2121
vn 0.2994 -0.9260 0.2298
vn 0.3062 -0.9153 0.2616
vn 0.3150 -0.9090 0.2730
vn 0.3220 -0.9068 0.2720
vn 0.3405 -0.9069 0.2483
vn 0.3427 -0.9037 0.2565
vn 0.3524 -0.9048 0.2390
vn 0.3602 -0.9076 0.2158
vn 0.3388 -0.7158 0.6106
vn 0.2673 -0.9042 0.3331
vn 0.2306 -0.8791 0.4171
vn 0.2328 -0.8950 0.3805
vn 0.3551 -0.9217 0.1559
vn 0.2881 -0.7425 0.6047
vn 0.2893 -0.7160 0.6353
vn 0.4591 -0.7460 0.4824
vn 0.8042 0.0664 -0.5907
vn 0.7547 0.0497 -0.6542
vn 0.9006 -0.0130 -0.4345
vn 0.8796 -0.0426 -0.4738
vn 0.9416 0.0385 -0.3344
vn 0.9467 -0.3203 -0.0330
vn 0.9522 -0.1505 -0.2660
vn 0.9227 -0.3190 0.2164
vn 0.9820 -0.1316 -0.1358
vn 0.9553 0.1911 -0.2256
vn 0.8769 -0.3354 0.3443
vn 0.9637 0.1421 -0.2259
vn 0.9642 0.1349 -0.2282
vn 0.8040 -0.4179 0.4231
vn 0.8279 -0.4532 0.3304
vn 0.6022 -0.7260 0.3320
vn 0.8394 -0.5287 0.1259
vn 0.7871 -0.6152 0.0447
vn 0.6403 -0.7679 0.0163
vn 0.4697 -0.8792 -0.0805
vn 0.4571 -0.8867 -0.0687
vn 0.5813 -0.7861 -0.2099
vn 0.9420 -0.2556 -0.2177
vn 0.9477 -0.1928 -0.2544
vn 0.5785 -0.7935 -0.1890
vn 0.5794 -0.7715 -0.2629
vn 0.6574 -0.7154 -0.2368
vn 0.6082 -0.7247 -0.3238
vn 0.9588 -0.1503 -0.2411
vn 0.2563 0.7238 -0.6407
vn 0.9723 -0.1594 0.1709
vn 0.4191 -0.8919 0.1698
vn 0.1876 -0.9811 -0.0481
vn 0.1871 -0.9811 -0.0483
vn 0.1848 -0.9828 -0.0026
vn 0.3544 -0.9319 0.0769
vn 0.2878 -0.9337 0.2128
vn 0.2854 -0.9250 0.2511
vn 0.3063 -0.9153 0.2615
vn 0.3119 -0.9085 0.2783
vn 0.2357 -0.9215 0.3087
vn 0.3242 -0.9054 0.2743
vn 0.3492 -0.9090 0.2274
vn 0.3419 -0.9347 0.0975
vn 0.3307 -0.9417 0.0615
vn 0.1735 -0.7063 0.6863
vn 0.3097 -0.7706 0.5570
vn 0.4037 -0.9148 0.0090
vn 0.4078 -0.9130 0.0110
vn 0.2898 -0.8260 0.4834
vn 0.4104 -0.8999 0.1475
vn 0.3756 -0.9096 0.1774
vn 0.2014 -0.8882 0.4129
vn -0.0669 0.0386 -0.9970
vn -0.0463 0.0356 -0.9983
vn -0.1500 -0.0095 -0.9886
vn 0.0228 -0.0607 -0.9979
vn -0.1169 -0.0854 -0.9895
vn 0.4831 -0.2211 -0.8472
vn 0.1293 0.1620 -0.9783
vn -0.0100 0.1302 -0.9914
vn -0.8621 0.2355 -0.4487
vn 0.7701 -0.3327 -0.5442
vn -0.5636 -0.5338 -0.6304
vn -0.5030 -0.4896 -0.7123
vn -0.0499 -0.8823 0.4680
vn -0.7102 -0.4810 -0.5141
vn 0.5879 0.5410 -0.6015
vn -0.6948 -0.4757 -0.5394
vn 0.5815 0.5397 -0.6088
vn -0.7685 -0.3925 -0.5054
vn 0.1128 -0.9007 0.4195
vn 0.3755 -0.7404 -0.5575
vn -0.6613 -0.3588 -0.6588
vn -0.7335 -0.4029 -0.5474
vn 0.0755 -0.8031 -0.5910
vn -0.0774 -0.3781 -0.9225
vn -0.2021 0.0641 -0.9773
vn 0.4661 -0.7643 0.4456
vn 0.2102 -0.9078 0.3630
vn -0.0379 -0.9753 0.2174
vn 0.0711 -0.9809 0.1811
vn 0.0988 -0.9832 0.1537
vn -0.4998 -0.8242 0.2662
vn 0.2727 -0.9604 0.0580
vn 0.0128 -0.9990 0.0431
vn 0.4122 -0.9111 0.0089
vn 0.4752 -0.8745 0.0970
vn 0.0690 -0.9976 0.0111
vn 0.0529 -0.4747 -0.8786
vn 0.3936 -0.9150 -0.0887
vn -0.0248 -0.5589 -0.8288
vn 0.1502 -0.8810 -0.4487
vn 0.1547 -0.5002 -0.8520
vn -0.5243 -0.5985 -0.6057
vn 0.0373 0.8954 -0.4436
vn -0.5056 -0.5950 -0.6248
vn -0.6061 -0.5716 -0.5530
vn 0.1120 0.3739 -0.9207
vn -0.6844 -0.5019 -0.5289
vn -0.0551 -0.9560 -0.2882
vn 0.7305 -0.4948 -0.4707
vn -0.7702 0.2397 -0.5911
vn 0.1457 -0.9596 -0.2406
vn 0.7069 -0.4971 -0.5032
vn -0.0655 -0.8843 -0.4623
vn -0.6104 0.2998 -0.7332
vn 0.1092 -0.9268 -0.3593
vn -0.3678 0.2230 -0.9027
vn 0.0232 -0.9930 -0.1155
vn 0.6273 -0.7431 -0.2327
vn 0.2199 -0.4171 -0.8819
vn 0.1369 0.5412 -0.8297
vn 0.2086 -0.8988 -0.3856
vn 0.1407 -0.3350 -0.9316
vn 0.5257 0.1102 -0.8435
vn 0.3404 -0.9400 0.0233
vn -0.6798 0.0321 -0.7327
vn 0.0309 0.0208 -0.9993
vn -0.2394 0.0407 -0.9701
vn 0.4637 0.0585 -0.8840
vn -0.0346 -0.9947 0.0971
vn 0.2359 0.7890 -0.5672
vn 0.1866 -0.9799 0.0711
vn 0.2444 0.4156 -0.8761
vn 0.3420 0.4629 -0.8178
vn 0.0112 -0.8228 -0.5682
vn -0.0222 -0.3656 -0.9305
vn -0.7591 -0.2545 -0.5992
vn -0.7789 -0.2618 -0.5699
vn -0.6238 -0.4379 -0.6474
vn 0.1892 -0.3480 -0.9182
vn -0.2330 -0.2160 -0.9482
vn 0.0110 -0.6745 -0.7382
vn -0.1363 -0.7772 -0.6143
vn 0.2681 -0.9510 -0.1539
vn -0.1279 -0.9692 0.2106
vn 0.0134 -0.9944 -0.1046
vn -0.0177 -0.9988 -0.0448
vn -0.0024 -0.9983 -0.0580
vn 0.0418 -0.9991 0.0038
vn 0.0347 -0.9989 0.0322
vn 0.0314 -0.9990 0.0317
vn -0.0817 -0.9948 0.0615
vn -0.0013 -0.9971 0.0761
vn 0.0924 -0.9821 0.1644
vn 0.1713 -0.9742 0.1469
vn -0.0630 -0.9975 0.0327
vn -0.0220 -0.9991 0.0367
vn -0.0055 -0.9985 -0.0540
vn -0.1248 -0.9913 -0.0418
vn -0.1507 -0.9872 0.0524
vn -0.0001 -0.9969 0.0788
vn -0.0300 -0.9863 0.1620
vn 0.0233 -0.9806 0.1947
vn -0.0329 -0.9758 0.2161
vn -0.0377 -0.9758 0.2154
vn -0.0558 -0.9713 0.2313
vn 0.0283 -0.9714 0.2358
vn 0.0211 -0.9690 0.2460
vn 0.0122 -0.9544 0.2982
vn 0.0139 -0.9602 0.2789
vn 0.1256 -0.9483 0.2914
vn 0.1197 -0.9478 0.2955
vn 0.1314 -0.9313 0.3398
vn -0.0035 -0.9635 0.2675
vn 0.0632 -0.9570 0.2830
vn 0.0019 -0.9610 0.2765
vn 0.1211 -0.9691 0.2148
vn 0.1677 -0.9590 0.2284
vn -0.0348 -0.9527 0.3018
vn 0.0211 -0.9946 0.1015
vn 0.0445 -0.9934 0.1057
vn -0.0047 -0.9989 0.0463
vn -0.3850 -0.7846 0.4860
vn -0.0110 -0.9993 0.0348
vn -0.0449 -0.9717 0.2321
vn -0.0476 -0.9714 0.2326
vn -0.1149 -0.9010 0.4184
vn 0.0789 -0.7370 0.6712
vn -0.0341 -0.7731 0.6334
vn -0.7716 0.0471 -0.6344
vn -0.8163 0.0286 -0.5770
vn -0.8992 0.0427 -0.4355
vn -0.8832 0.0558 -0.4657
vn -0.8802 0.4527 -0.1424
vn -0.7598 -0.0226 -0.6497
vn -0.9218 -0.0675 -0.3818
vn -0.8994 -0.0895 -0.4278
vn -0.8897 0.1938 -0.4134
vn -0.8954 0.0380 -0.4436
vn -0.8992 0.0435 -0.4354
vn -0.9078 -0.2891 -0.3039
vn -0.8212 -0.3954 -0.4114
vn -0.8322 -0.4971 -0.2458
vn -0.9387 0.3437 -0.0266
vn -0.8589 -0.1969 -0.4727
vn -0.9236 -0.1483 -0.3535
vn -0.9381 0.1711 -0.3010
vn -0.9464 0.1466 -0.2878
vn -0.9758 -0.2105 -0.0590
vn -0.8561 0.5068 0.1014
vn -0.9508 -0.1405 -0.2761
vn -0.9774 -0.0978 -0.1873
vn -0.9314 -0.2143 -0.2942
vn -0.9299 -0.2118 -0.3006
vn 0.0550 0.6004 -0.7978
vn -0.9697 -0.2439 -0.0158
vn -0.9286 -0.3710 0.0048
vn -0.8995 -0.4356 -0.0341
vn -0.8795 0.4532 0.1453
vn -0.9578 0.1978 -0.2087
vn -0.9376 0.2086 -0.2783
vn -0.8678 0.4679 0.1674
vn -0.9159 0.1888 -0.3542
vn -0.8785 0.2535 -0.4048
vn -0.9111 -0.3922 0.1270
vn -0.8958 -0.4326 0.1016
vn -0.9191 -0.3726 0.1282
vn -0.8849 0.4155 0.2104
vn -0.9420 -0.2011 -0.2686
vn -0.9278 -0.2441 -0.2822
vn -0.9064 0.2309 -0.3537
vn -0.8463 0.4603 0.2681
vn -0.9311 -0.2498 -0.2657
vn -0.9274 -0.2524 -0.2759
vn 0.8802 0.3292 -0.3418
vn -0.9335 0.2432 -0.2634
vn -0.8480 0.4370 0.2999
vn -0.8764 -0.2989 -0.3775
vn -0.9523 -0.2063 -0.2248
vn -0.8686 -0.4069 0.2828
vn -0.8629 0.4098 0.2957
vn -0.8941 0.3538 0.2745
vn -0.9058 0.2866 -0.3121
vn -0.9179 0.2623 -0.2978
vn -0.9641 0.1745 -0.2003
vn -0.7637 -0.5044 0.4029
vn -0.9461 -0.2051 -0.2506
vn -0.7101 -0.4678 -0.5263
vn -0.8964 0.3089 -0.3179
vn -0.8813 0.3606 0.3055
vn -0.9575 -0.1927 -0.2147
vn -0.8943 0.3373 -0.2942
vn -0.8517 -0.3873 0.3530
vn -0.8807 0.3582 0.3099
vn -0.8390 0.3353 -0.4286
vn -0.9040 0.2895 -0.3146
vn -0.8846 0.3461 0.3126
vn -0.7858 0.5207 0.3337
vn -0.8592 0.4116 0.3040
vn -0.9345 -0.2521 -0.2512
vn -0.9443 -0.2333 -0.2320
vn -0.8215 -0.4083 0.3981
vn -0.8741 -0.3860 0.2947
vn -0.8648 0.4026 0.2999
vn -0.9329 -0.2341 -0.2737
vn -0.9023 0.2943 -0.3150
vn -0.8883 0.2872 -0.3583
vn -0.8536 -0.3734 0.3631
vn -0.8448 -0.3542 0.4010
vn -0.8404 -0.4050 0.3602
vn -0.7986 0.4946 0.3430
vn -0.9030 0.3439 0.2577
vn -0.8469 0.3016 -0.4380
vn -0.8709 -0.3634 0.3309
vn -0.9468 -0.2203 -0.2346
vn -0.9550 -0.1916 -0.2266
vn -0.9104 0.2557 -0.3252
vn -0.9099 0.2582 -0.3247
vn -0.8670 -0.3589 0.3456
vn -0.9663 0.1914 0.1722
vn -0.8878 0.1530 -0.4342
vn -0.8893 -0.2890 0.3545
vn -0.9522 -0.1344 -0.2742
vn -0.9659 -0.0991 -0.2392
vn -0.2033 0.0644 -0.9770
vn -0.8683 -0.3536 0.3478
vn -0.7871 -0.4721 0.3969
vn -0.9639 0.1953 0.1808
vn -0.9636 0.0264 -0.2660
vn -0.9604 0.0328 -0.2767
vn -0.9583 0.1261 -0.2564
vn -0.8055 -0.3874 0.4484
vn -0.9140 -0.3410 0.2197
vn -0.9657 0.2021 0.1631
vn -0.8527 -0.3312 0.4040
vn -0.8519 -0.4181 0.3154
vn -0.8930 -0.2919 0.3427
vn -0.9735 0.1597 0.1635
vn -0.7163 -0.5902 0.3723
vn -0.8153 -0.4618 0.3495
vn 0.4470 0.6330 0.6320
vn -0.9765 0.1483 0.1563
vn -0.8722 -0.3938 0.2900
vn -0.8722 -0.3904 0.2947
vn -0.9760 0.1588 0.1490
vn -0.8263 -0.4706 0.3095
vn -0.8832 -0.3597 0.3009
vn -0.9650 0.1789 0.1918
vn -0.8769 -0.4172 0.2386
vn -0.9713 0.1823 0.1527
vn -0.8165 -0.5190 0.2530
vn -0.8700 -0.4145 0.2670
vn -0.8063 -0.5279 0.2670
vn -0.9696 0.1923 0.1513
vn -0.9705 0.1908 0.1475
vn -0.8277 -0.5211 0.2083
vn -0.7388 -0.6461 0.1916
vn -0.9719 0.2014 0.1216
vn -0.9797 0.1618 0.1186
vn -0.7846 -0.5907 0.1884
vn -0.7800 -0.5966 0.1889
vn -0.9801 0.1649 0.1109
vn -0.8116 -0.5768 0.0928
vn -0.9791 0.1775 0.0990
vn -0.9721 0.2198 0.0824
vn -0.1973 0.7788 0.5954
vn -0.8043 -0.5744 0.1523
vn -0.7451 -0.6507 0.1461
vn -0.9722 0.2094 0.1051
vn -0.9476 0.3168 0.0415
vn -0.7370 -0.6734 0.0583
vn -0.9524 0.2971 0.0686
vn -0.7461 -0.6617 0.0740
vn -0.7747 -0.6293 0.0624
vn -0.8807 0.4686 0.0694
vn -0.8970 0.4416 0.0175
vn -0.8206 -0.5716 -0.0015
vn -0.7276 -0.6854 -0.0270
vn -0.7038 -0.7104 0.0046
vn -0.4930 -0.8689 -0.0442
vn -0.5616 -0.8219 -0.0954
vn -0.7446 -0.0319 -0.6667
vn -0.8862 -0.1305 -0.4444
vn -0.5126 -0.8462 -0.1454
vn -0.7923 -0.4187 -0.4437
vn -0.8118 -0.4215 -0.4042
vn -0.6710 -0.5142 -0.5342
vn -0.5225 -0.6010 -0.6048
vn -0.5020 -0.5991 -0.6238
vn -0.8282 0.2482 -0.5025
vn -0.9142 0.1606 -0.3720
vn -0.8552 -0.3806 -0.3518
vn -0.5911 -0.5884 -0.5518
vn -0.6461 -0.5613 -0.5172
vn -0.7238 0.6642 -0.1871
vn -0.6466 -0.5609 -0.5170
vn -0.8872 0.2637 -0.3787
vn -0.9677 0.1163 -0.2236
vn -0.7877 -0.5885 -0.1823
vn -0.8819 -0.4364 -0.1781
vn -0.7293 0.3077 -0.6111
vn -0.8875 0.1707 -0.4280
vn -0.8060 -0.4607 -0.3717
vn -0.8371 -0.4037 -0.3692
vn -0.9994 0.0149 -0.0309
vn -0.8379 -0.4063 -0.3645
vn -0.9381 0.1013 -0.3311
vn -0.8631 0.2056 -0.4614
vn -0.9825 0.0670 -0.1740
vn -0.9638 0.1186 -0.2387
vn -0.9998 -0.0006 -0.0216
vn -0.9982 -0.0533 -0.0263
vn -0.9682 -0.2493 -0.0203
vn -0.8558 -0.3956 -0.3334
vn -0.8867 -0.3271 -0.3267
vn -0.9994 0.0129 -0.0312
vn -0.9803 -0.1935 -0.0401
vn -0.9123 -0.4065 -0.0504
vn -0.9431 -0.3275 -0.0583
vn -0.8867 -0.3252 -0.3287
vn -0.9382 0.1013 -0.3311
vn -0.9988 0.0069 -0.0479
vn -0.8036 -0.5627 -0.1941
vn -0.7764 -0.5977 -0.2000
vn -0.6310 -0.7381 -0.2386
vn -0.8740 0.4685 -0.1286
vn -0.8970 -0.3182 -0.3068
vn -0.9334 0.0807 -0.3496
vn -0.9504 0.0966 -0.2955
vn -0.9963 0.0197 -0.0836
vn -0.9976 0.0337 -0.0602
vn -0.9884 -0.1515 0.0048
vn -0.2642 0.8721 -0.4119
vn -0.9147 -0.2681 -0.3023
vn -0.9542 0.0740 -0.2898
vn -0.9603 0.0443 -0.2755
vn -0.9783 0.0714 -0.1945
vn -0.9991 0.0205 -0.0367
vn -0.9092 0.0560 -0.4126
vn -0.8980 0.0681 -0.4346
vn -0.9992 0.0052 -0.0401
vn -0.8834 -0.3237 -0.3389
vn -0.8751 -0.3366 -0.3478
vn -0.9399 0.0162 -0.3409
vn -0.9411 0.0201 -0.3376
vn -0.9278 0.0258 -0.3721
vn -0.9227 0.0578 -0.3812
vn -0.9877 0.0071 -0.1565
vn -0.9919 0.0258 -0.1240
vn -0.9908 0.0295 -0.1320
vn -0.9671 -0.2529 0.0268
vn -0.9356 -0.3515 0.0342
vn -0.9240 -0.3813 0.0279
vn -0.7288 0.5347 -0.4278
vn -0.6503 0.6273 -0.4286
vn -0.8086 -0.4298 -0.4018
vn -0.9245 -0.2231 -0.3091
vn -0.9852 0.0227 -0.1700
vn -0.9819 0.0256 -0.1876
vn -0.8594 -0.3773 -0.3451
vn -0.9986 -0.0522 -0.0030
vn -0.9056 -0.2252 -0.3595
vn -0.9455 0.3255 -0.0067
vn -0.9995 0.0114 -0.0287
vn -0.9602 -0.2756 0.0455
vn -0.9274 -0.2578 -0.2711
vn -0.9703 0.2417 0.0071
vn -0.9749 -0.2115 0.0699
vn -0.9118 0.3312 -0.2427
vn -0.4991 0.7203 -0.4817
vn -0.8294 -0.3092 -0.4653
vn -0.9233 -0.2454 -0.2954
vn -0.9995 0.0291 -0.0092
vn -0.9863 -0.1618 -0.0325
vn -0.9394 -0.1666 -0.2997
vn -0.9393 -0.1680 -0.2991
vn -0.8860 0.4245 0.1866
vn -0.9907 -0.1363 -0.0008
vn -1.0000 -0.0034 0.0056
vn -0.9706 -0.1754 -0.1649
vn -0.9004 0.3803 0.2113
vn -0.8628 0.4521 0.2263
vn -0.9781 0.1774 0.1090
vn -0.3734 0.6857 -0.6248
vn -0.9281 -0.1917 -0.3192
vn -0.9528 -0.1278 -0.2754
vn -0.9993 0.0342 0.0140
vn -0.9993 -0.0329 0.0189
vn -0.9508 -0.1389 -0.2769
vn -0.7768 0.5346 0.3328
vn -0.9993 0.0368 0.0115
vn -0.9996 -0.0273 -0.0015
vn -0.9347 -0.1324 -0.3299
vn -0.9193 -0.2000 -0.3389
vn -0.7937 -0.2030 -0.5734
vn -0.8492 0.4303 0.3060
vn -0.9656 0.2095 0.1542
vn -0.8762 0.3901 0.2831
vn -0.9702 0.1931 0.1462
vn -0.9850 -0.0942 -0.1447
vn -0.7884 -0.2483 -0.5629
vn -0.9984 0.0423 0.0365
vn -0.9830 -0.0849 -0.1629
vn -0.9707 -0.1213 -0.2074
vn -0.9747 -0.1012 -0.1992
vn -0.9726 -0.0710 -0.2215
vn -0.7456 -0.2728 -0.6080
vn -0.9996 -0.0123 0.0267
vn -0.9994 -0.0213 0.0282
vn -0.9744 -0.0713 -0.2130
vn -0.9023 -0.2478 -0.3529
vn -0.8560 0.4126 0.3115
vn -0.9978 0.0587 0.0294
vn -0.9926 -0.0420 -0.1135
vn -0.9004 -0.2547 -0.3528
vn -0.2192 -0.1215 -0.9681
vn -0.9914 -0.0402 -0.1249
vn -0.9977 -0.0343 -0.0587
vn -0.9389 -0.1358 -0.3162
vn -0.9401 -0.1276 -0.3162
vn -0.9315 -0.1256 -0.3414
vn -0.8513 0.4210 0.3132
vn -0.9768 0.1780 0.1191
vn -0.8020 0.4876 0.3450
vn -0.9995 -0.0217 0.0250
vn -0.9949 -0.0792 -0.0627
vn -0.9793 -0.0578 -0.1942
vn -0.8697 0.4213 0.2570
vn -0.9976 0.0602 0.0344
vn -0.9991 -0.0378 0.0178
vn -0.9992 -0.0337 -0.0229
vn -0.9986 -0.0443 -0.0280
vn -0.8305 -0.5087 -0.2270
vn -0.8418 -0.5135 -0.1666
vn -0.9799 0.1646 0.1124
vn -0.8775 0.3984 0.2669
vn -0.9965 -0.0819 0.0181
vn -0.9794 -0.2021 -0.0009
vn -0.9462 0.2523 0.2025
vn -0.9927 -0.0977 0.0714
vn -0.9950 -0.0721 0.0693
vn -0.9888 -0.1064 0.1045
vn -0.9503 -0.2956 0.0976
vn -0.9537 0.2450 0.1743
vn -0.8453 0.4028 0.3509
vn -0.9825 -0.1646 0.0869
vn -0.4323 0.5418 -0.7209
vn -0.9938 -0.0795 0.0776
vn -0.9212 0.3400 0.1892
vn -0.9917 -0.0839 0.0976
vn -0.9831 -0.1183 0.1396
vn -0.8604 -0.3175 0.3986
vn -0.9164 0.3134 0.2491
vn -0.8902 0.3505 0.2911
vn -0.9830 -0.1196 0.1392
vn -0.9881 0.1148 0.1021
vn -0.9910 -0.0939 0.0958
vn -0.9594 -0.1644 0.2291
vn -0.5622 -0.5058 0.6543
vn -0.9833 0.1208 0.1363
vn -0.9914 0.0730 0.1090
vn -0.9999 -0.0134 -0.0008
vn -0.9867 -0.0922 0.1339
vn -0.9622 -0.1706 0.2122
vn -0.8208 0.3839 0.4230
vn -0.9610 -0.1743 0.2146
vn -0.8999 0.2801 0.3342
vn -0.8549 0.3399 0.3918
vn -0.9889 0.1086 0.1018
vn -0.9863 -0.0981 0.1327
vn 0.0779 -0.5620 0.8235
vn -0.8988 0.2931 0.3259
vn -0.9554 0.1734 0.2390
vn -0.9341 0.2220 0.2795
vn -0.9797 -0.1174 0.1624
vn -0.9789 -0.1018 0.1774
vn -0.8439 -0.3079 0.4394
vn -0.7266 0.6828 -0.0767
vn -0.9811 -0.1163 0.1544
vn 0.0390 -0.6029 0.7968
vn -0.9807 -0.1099 0.1617
vn -0.9785 -0.1307 0.1593
vn -0.9763 -0.1413 0.1641
vn -0.9785 -0.1273 0.1623
vn -0.9452 -0.2825 0.1638
vn -0.9595 -0.1357 0.2469
vn -0.9640 -0.1395 0.2262
vn -0.9466 -0.2584 0.1928
vn -0.4748 -0.8792 0.0406
vn -0.2217 -0.9736 -0.0546
vn -0.2762 -0.9593 0.0588
vn -0.2709 -0.9569 0.1049
vn -0.2774 -0.9559 0.0961
vn -0.2751 -0.9603 0.0465
vn -0.3064 -0.9285 0.2098
vn -0.3148 -0.9162 0.2481
vn -0.3198 -0.9125 0.2550
vn -0.3180 -0.9059 0.2798
vn -0.3493 -0.9081 0.2312
vn -0.1766 0.7570 0.6291
vn -0.2409 -0.7789 0.5791
vn -0.3412 -0.9396 0.0291
vn -0.3531 -0.8274 0.4367
vn -0.1813 -0.8364 0.5172
vn -0.3150 -0.8209 0.4763
vn -0.1889 -0.9000 0.3928
vn -0.3422 -0.9211 0.1854
vn -0.3205 -0.9242 0.2077
vn -0.9950 0.0152 -0.0992
vn -0.9900 0.0908 -0.1076
vn -0.9912 -0.0158 -0.1314
vn -0.9842 -0.0435 -0.1718
vn -0.9897 0.0336 -0.1391
vn -0.9940 0.1095 -0.0081
vn -0.9675 0.1018 -0.2314
vn -0.9725 0.0772 -0.2197
vn -0.9796 0.0551 -0.1935
vn -0.9848 -0.0500 -0.1666
vn -0.9930 0.1162 0.0230
vn -0.9980 0.0441 -0.0463
vn -0.9949 -0.0119 -0.1005
vn -0.9849 -0.0600 -0.1623
vn -0.9726 -0.2326 0.0035
vn -0.9920 0.1256 0.0096
vn -0.9942 -0.0046 -0.1076
vn -0.9918 -0.0335 -0.1232
vn -0.9603 -0.2597 0.1021
vn -0.9781 0.1845 0.0966
vn -0.9969 0.0316 -0.0716
vn -0.9923 0.1234 0.0087
vn -0.9969 0.0163 -0.0772
vn -0.9781 -0.1183 -0.1714
vn -0.9744 -0.1354 -0.1796
vn -0.9681 0.1347 -0.2115
vn -0.9840 0.0554 -0.1695
vn -0.9716 -0.2147 0.0994
vn -0.9646 0.1372 -0.2254
vn -0.9802 0.0986 -0.1720
vn -0.9982 -0.0481 -0.0356
vn -0.9610 -0.2542 0.1088
vn -0.9940 -0.0585 -0.0923
vn -0.9749 -0.1890 0.1175
vn -0.9842 0.1421 0.1058
vn -0.9989 0.0100 -0.0451
vn -0.9987 -0.0203 -0.0475
vn -0.9925 -0.0720 -0.0993
vn -0.9788 0.0906 -0.1837
vn -0.9743 -0.1452 -0.1721
vn -0.9860 0.0973 -0.1353
vn -0.9975 -0.0689 0.0130
vn -0.9838 -0.1469 0.1032
vn -0.9431 -0.2750 0.1871
vn -0.9734 0.1799 0.1417
vn -0.9726 0.1837 0.1425
vn -0.9870 0.1203 0.1063
vn -0.9635 0.1768 -0.2012
vn -0.9853 -0.1435 0.0928
vn -0.9476 -0.2550 0.1925
vn -0.9499 -0.2845 0.1297
vn -0.9998 -0.0007 0.0213
vn -0.9950 -0.0629 -0.0780
vn -0.9854 -0.1321 -0.1072
vn -0.9912 -0.0893 -0.0978
vn -0.9846 0.1156 -0.1314
vn -0.9953 0.0534 -0.0808
vn -0.9855 0.1198 0.1202
vn -0.9796 -0.1376 -0.1464
vn -0.9804 -0.1322 -0.1458
vn -0.9643 -0.2131 0.1571
vn -0.9317 -0.2852 0.2250
vn -0.9760 0.1393 0.1672
vn -0.9997 -0.0017 0.0250
vn -0.9996 0.0238 0.0162
vn -0.9659 0.1739 -0.1918
vn -0.9865 0.1152 -0.1163
vn -0.9826 -0.1389 0.1234
vn -0.9537 -0.2351 0.1874
vn -0.9573 -0.2186 0.1890
vn -0.9779 0.1399 0.1555
vn -0.9791 -0.1341 -0.1532
vn -0.9962 0.0549 -0.0677
vn -0.9836 -0.1274 0.1277
vn -0.9996 0.0236 0.0183
vn -0.9899 -0.1016 -0.0994
vn -0.9645 0.1795 -0.1939
vn -0.9813 0.1350 -0.1373
vn -0.9869 0.1083 -0.1192
vn -0.9975 -0.0430 0.0560
vn -0.9831 -0.1299 0.1288
vn -0.9767 -0.1418 0.1612
vn -0.9501 -0.2228 0.2184
vn -0.9312 -0.2462 0.2687
vn -0.9805 0.1368 0.1411
vn -0.9801 0.1486 0.1316
vn -0.9853 0.1170 0.1244
vn -0.9996 0.0189 0.0219
vn -0.9936 -0.0913 -0.0665
vn -0.9954 -0.0653 -0.0702
vn -0.9896 0.1046 -0.0984
vn -0.9998 -0.0174 0.0120
vn -0.9994 0.0133 -0.0305
vn -0.9899 0.1002 -0.1002
vn -0.9977 -0.0390 0.0561
vn -0.9767 -0.1448 0.1585
vn -0.9857 0.1117 0.1265
vn -0.9904 -0.0946 -0.1009
vn -0.9794 -0.1422 -0.1434
vn -0.9807 -0.1359 -0.1405
vn -0.9644 0.1588 -0.2116
vn -0.9609 0.1767 -0.2130
vn -0.9761 0.1339 -0.1713
vn -0.9960 -0.0475 0.0761
vn -0.9806 -0.1440 0.1330
vn -0.9317 -0.2664 0.2469
vn -0.9820 0.1506 0.1136
vn -0.9993 -0.0287 -0.0243
vn -0.9954 -0.0654 -0.0705
vn -0.9897 0.1002 -0.1020
vn -0.9830 -0.1265 0.1332
vn -0.9236 -0.2764 0.2657
vn -0.9892 0.1116 0.0952
vn -0.9960 0.0519 0.0731
vn -0.9935 -0.0829 -0.0775
vn -0.9856 0.1244 0.1145
vn -0.9949 0.0734 0.0689
vn -0.9998 -0.0181 0.0049
vn -0.9998 -0.0025 -0.0220
vn -0.9925 -0.0732 -0.0982
vn -0.9720 -0.1364 -0.1912
vn -0.9644 0.1462 -0.2202
vn -0.9610 0.1611 -0.2249
vn -0.9867 0.1064 -0.1229
vn -0.9968 -0.0511 0.0620
vn -0.9960 -0.0615 0.0643
vn -0.9842 -0.1319 0.1182
vn -0.9852 0.1240 0.1181
vn -0.9998 -0.0020 -0.0190
vn -0.9850 -0.0597 -0.1618
vn -0.9850 0.0756 -0.1550
vn -0.9897 0.0886 -0.1121
vn -0.9853 -0.1290 0.1121
vn -0.9214 -0.2966 0.2510
vn -0.9971 -0.0600 -0.0468
vn -0.9740 -0.0345 -0.2239
vn -0.9863 0.0467 -0.1583
vn -0.9339 -0.2789 0.2238
vn -0.9892 0.0892 0.1162
vn -0.9999 -0.0043 -0.0155
vn -0.9938 -0.0563 -0.0960
vn -0.9907 0.0343 -0.1313
vn -0.9894 0.1075 0.0978
vn -0.9996 -0.0195 -0.0206
vn -0.9934 -0.0101 -0.1138
vn -0.9938 0.0569 -0.0956
vn -0.9907 0.0824 -0.1087
vn -0.9934 0.0816 -0.0807
vn -0.9986 -0.0466 0.0250
vn -0.9977 -0.0614 0.0297
vn -0.9841 -0.1466 0.1007
vn -0.9972 0.0487 0.0575
vn -0.9899 0.1037 0.0968
vn -0.9966 -0.0228 -0.0788
vn -0.9933 0.0254 -0.1128
vn -0.9942 0.0529 -0.0937
vn -0.9896 -0.1168 0.0836
vn -0.9772 -0.1699 0.1271
vn -0.9387 -0.2785 0.2030
vn -0.9325 -0.2957 0.2075
vn -0.9984 0.0290 0.0489
vn -0.9965 -0.0234 -0.0801
vn -0.9973 0.0455 -0.0572
vn -0.9830 0.1286 0.1309
vn -1.0000 -0.0032 0.0038
vn -0.9995 0.0194 -0.0268
vn -0.9980 -0.0626 -0.0078
vn -0.9973 0.0557 0.0471
vn -0.9992 0.0331 -0.0221
vn -0.9889 -0.1412 0.0472
vn -0.9913 0.1013 0.0837
vn -0.9957 0.0589 -0.0715
vn -0.9943 -0.0985 0.0410
vn -0.9754 -0.2036 0.0850
vn -0.9482 -0.2944 0.1191
vn -0.9862 0.1274 0.1054
vn -0.9981 0.0418 -0.0460
vn -0.9816 -0.1820 0.0575
vn -0.9242 -0.3663 0.1084
vn -0.9824 0.1486 0.1130
vn -0.9945 0.0715 0.0763
vn -0.9981 0.0387 -0.0472
vn -0.9935 0.0946 -0.0634
vn -0.9795 -0.1983 0.0367
vn -0.9951 0.0877 0.0461
vn -0.9936 0.1045 0.0437
vn -0.9971 0.0679 0.0349
vn -0.9947 0.0944 -0.0417
vn -0.9930 -0.1183 -0.0043
vn -0.9790 -0.2005 0.0365
vn -0.9865 0.1409 0.0830
vn -0.9934 0.1089 -0.0361
vn -0.9946 0.0970 -0.0370
vn -0.9354 -0.3349 0.1135
vn -0.9211 -0.3713 0.1168
vn -0.9913 0.1314 0.0126
vn -0.9934 0.1144 0.0074
vn -0.8883 -0.4535 0.0718
vn -0.9828 0.1722 0.0670
vn -0.9844 0.1701 -0.0453
vn -0.9793 -0.2024 0.0002
vn -0.9333 -0.3545 0.0570
vn -0.9820 0.1804 0.0561
vn -0.9789 0.2018 -0.0331
vn -0.9196 -0.3853 0.0764
vn -0.8880 -0.4537 0.0748
vn -0.9038 -0.4278 0.0070
vn -0.9521 0.3026 0.0451
vn -0.9738 0.2264 0.0187
vn -0.8677 -0.4922 0.0687
vn -0.9583 0.2849 0.0204
vn -0.9302 0.3630 0.0543
vn -0.9273 0.3743 0.0070
vn -0.8029 -0.5957 0.0228
vn -0.9293 0.3634 0.0665
vn -0.9277 0.3734 0.0005
vn -0.8965 0.4423 0.0243
vn -0.8169 -0.5767 -0.0104
vn -0.7424 -0.6687 0.0412
vn -0.7439 -0.6672 0.0378
vn -0.7034 -0.7106 -0.0164
vn -0.8452 0.5345 0.0044
vn -0.8448 0.5351 -0.0039
vn -0.8239 0.5658 -0.0324
vn -0.7091 -0.7046 -0.0271
vn -0.6787 -0.7332 -0.0414
vn -0.8156 0.5781 0.0235
vn -0.6474 -0.7578 -0.0814
vn -0.6479 -0.7573 -0.0819
vn -0.7576 0.6527 0.0035
vn -0.5407 -0.8295 -0.1401
vn -0.5978 -0.7798 -0.1860
vn -0.9166 0.3803 -0.1233
vn -0.9868 0.0423 -0.1563
vn -0.9859 0.0967 -0.1369
vn -0.9596 -0.2086 -0.1890
vn -0.9534 -0.2000 -0.2257
vn -0.7220 0.6835 -0.1073
vn -0.9944 0.0335 -0.1002
vn -0.9911 -0.0900 -0.0982
vn -0.9461 -0.2281 -0.2300
vn -0.6012 -0.7783 -0.1812
vn -0.9857 -0.0857 -0.1453
vn -0.9427 -0.2483 -0.2230
vn -0.7116 0.6766 -0.1891
vn -0.6285 -0.7537 -0.1918
vn -0.9185 0.3770 -0.1194
vn -0.5395 -0.8201 -0.1907
vn -0.9953 -0.0457 -0.0857
vn -0.9366 -0.2497 -0.2459
vn -0.7065 0.6699 -0.2282
vn -0.7087 0.6667 -0.2308
vn -0.9698 -0.1969 -0.1442
vn -0.9614 -0.1930 -0.1961
vn -0.5615 -0.7658 -0.3133
vn -0.8941 0.4398 -0.0843
vn -0.9540 -0.2310 -0.1913
vn -0.5775 -0.7873 -0.2160
vn -0.4960 -0.8221 -0.2795
vn -0.9281 0.3677 -0.0588
vn -0.9709 0.2317 -0.0611
vn -0.9903 -0.1118 -0.0829
vn -0.9797 -0.1554 -0.1269
vn -0.8617 0.4901 -0.1313
vn -0.9961 0.0678 -0.0572
vn -0.9984 0.0161 -0.0544
vn -0.9952 -0.0530 -0.0826
vn -0.9601 -0.2271 -0.1631
vn -0.9677 -0.1784 -0.1783
vn -0.5935 -0.7526 -0.2854
vn -0.4906 -0.8009 -0.3434
vn -0.8868 0.4501 -0.1046
vn -0.9378 0.3353 -0.0899
vn -0.9462 0.3144 -0.0765
vn -0.8875 0.4519 -0.0904
vn -0.9979 0.0283 -0.0589
vn -0.9906 -0.1120 -0.0784
vn -0.9686 -0.1785 -0.1730
vn -0.9997 0.0050 -0.0219
vn -1.0000 -0.0025 -0.0065
vn -0.5065 -0.7433 -0.4370
vn -0.7802 -0.4587 -0.4252
vn -0.8613 -0.3662 -0.3521
vn -0.9867 0.1535 -0.0535
vn -0.6441 0.6402 -0.4186
vn -0.9131 -0.0716 -0.4015
vn -0.8659 -0.4899 -0.1008
vn -0.9998 0.0035 -0.0219
vn -0.9913 0.1211 -0.0513
vn -0.9906 -0.1009 -0.0923
vn -0.9908 -0.0995 -0.0921
vn -0.9651 -0.1611 -0.2066
vn -0.9583 -0.1879 -0.2152
vn -0.9994 0.0011 -0.0343
vn -0.9992 0.0057 -0.0397
vn -0.9999 -0.0079 -0.0101
vn -0.5099 -0.7404 -0.4380
vn -0.9867 0.1528 -0.0554
vn -0.9867 -0.1056 -0.1233
vn -0.9586 -0.1878 -0.2140
vn -0.9993 0.0093 -0.0365
vn -0.9999 -0.0100 -0.0022
vn -0.5574 0.6799 -0.4765
vn -0.9887 0.1459 -0.0340
vn -0.9917 -0.0786 -0.1022
vn -0.9994 0.0151 -0.0319
vn -0.9998 -0.0190 0.0032
vn -0.9928 -0.0946 -0.0734
vn -0.9605 -0.1761 -0.2153
vn -0.9670 -0.1662 -0.1932
vn -0.9397 -0.2202 -0.2617
vn -1.0000 -0.0010 -0.0076
vn -0.9999 0.0056 -0.0136
vn -1.0000 -0.0013 -0.0014
vn -0.4629 0.6798 -0.5688
vn -0.9881 -0.1154 -0.1016
vn -0.9998 0.0113 -0.0138
vn -1.0000 -0.0060 -0.0004
vn -0.9935 -0.0767 -0.0838
vn -0.9908 -0.0961 -0.0954
vn -0.9721 -0.1272 -0.1971
vn -0.3856 0.6869 -0.6161
vn -1.0000 0.0009 -0.0060
vn -0.9895 -0.0876 -0.1152
vn -0.9843 -0.1096 -0.1382
vn -1.0000 0.0012 -0.0016
vn -1.0000 -0.0012 0.0028
vn -0.3671 0.6929 -0.6206
vn -0.3855 0.6792 -0.6246
vn -0.9925 -0.0811 -0.0917
vn -0.9999 -0.0089 0.0095
vn -0.9999 -0.0043 0.0106
vn -1.0000 0.0024 0.0019
vn -0.9997 0.0212 0.0091
vn -0.9997 0.0238 0.0076
vn -1.0000 0.0081 0.0047
vn -1.0000 -0.0049 -0.0012
vn -0.9901 -0.0814 -0.1144
vn -0.9922 -0.0733 -0.1012
vn -0.9929 -0.0404 -0.1122
vn -0.9998 -0.0099 0.0164
vn -0.9930 -0.0506 -0.1064
vn -1.0000 -0.0055 0.0001
vn -0.9999 -0.0141 0.0098
vn -0.9952 -0.0658 -0.0719
vn -0.9992 0.0313 0.0261
vn -0.9997 -0.0258 0.0003
vn -0.3664 0.7136 -0.5971
vn -0.9977 -0.0566 -0.0363
vn -0.9973 -0.0697 -0.0214
vn -0.9998 0.0102 0.0145
vn -0.3524 0.7223 -0.5951
vn -0.9968 -0.0681 -0.0423
vn -0.9988 0.0456 0.0152
vn -0.3043 0.7738 -0.5556
vn -0.9968 -0.0677 -0.0430
vn -0.9998 0.0096 0.0155
vn -0.9989 -0.0280 -0.0376
vn -0.9998 0.0026 0.0185
vn -0.9999 -0.0003 0.0162
vn -0.2575 0.7977 -0.5453
vn -0.2508 0.7828 -0.5695
vn -0.9971 -0.0719 0.0256
vn -0.9975 -0.0681 0.0190
vn -0.9939 -0.0786 0.0768
vn -0.9906 -0.1191 0.0672
vn -1.0000 0.0080 0.0055
vn -0.8105 0.4860 -0.3269
vn -0.7492 0.5581 -0.3566
vn -0.9962 -0.0856 0.0163
vn -0.9999 0.0033 0.0143
vn -0.9995 0.0309 0.0099
vn -0.9971 -0.0740 0.0195
vn -0.9930 -0.1012 0.0605
vn -0.9969 -0.0620 0.0488
vn -0.9854 -0.1200 0.1209
vn -0.4050 0.6685 -0.6237
vn -0.9864 -0.1106 0.1217
vn -0.9994 0.0060 0.0351
vn -0.3215 0.7665 -0.5559
vn -0.9996 0.0271 -0.0086
vn -0.9944 -0.0899 0.0549
vn -0.9971 -0.0556 0.0527
vn -0.9888 -0.1074 0.1039
vn -0.9999 0.0130 -0.0074
vn -0.9986 0.0473 -0.0238
vn -0.9992 0.0126 -0.0371
vn -0.3047 0.7577 -0.5772
vn -0.9808 -0.1283 0.1470
vn -0.9829 -0.1128 0.1454
vn -0.5260 0.4875 -0.6969
vn -0.9341 0.2384 -0.2658
vn -0.8750 -0.3951 0.2796
vn -0.9893 -0.1205 0.0823
vn -0.9932 -0.0849 0.0797
vn -0.9779 -0.1217 0.1701
vn -0.6349 0.5362 -0.5562
vn -0.3088 0.7211 -0.6202
vn -0.9745 -0.1599 0.1577
vn -0.9893 -0.1206 0.0822
vn -0.9805 -0.1461 0.1317
vn -0.9705 -0.1520 0.1871
vn -0.9540 -0.2297 0.1925
vn -0.9653 -0.1887 0.1805
vn -0.9598 -0.1778 0.2172
vn -0.8540 -0.5150 0.0736
vn -0.5475 -0.8366 0.0176
vn -0.8518 -0.5133 0.1046
vn -0.5539 -0.8219 -0.1333
vn -0.9473 -0.2774 0.1600
vn -0.2297 -0.9693 -0.0880
vn -0.2612 -0.9594 -0.1063
vn -0.2024 -0.9769 -0.0680
vn -0.1895 -0.9807 -0.0475
vn -0.2053 -0.9773 -0.0525
vn -0.2063 -0.9785 -0.0026
vn -0.2492 -0.9684 0.0110
vn -0.2512 -0.9674 0.0322
vn -0.3216 -0.9244 0.2053
vn -0.3515 -0.9304 0.1040
vn -0.3180 -0.9381 0.1374
vn -0.2806 -0.9553 0.0935
vn -0.2906 -0.9568 0.0019
vn -0.2592 -0.9645 -0.0506
vn -0.2506 -0.9673 -0.0390
vn -0.4279 0.8925 0.1427
vn -0.2929 -0.9499 0.1090
vn -0.2917 -0.9470 0.1345
vn -0.4493 0.8809 0.1487
vn -0.3078 -0.9236 0.2283
vn -0.4323 0.8833 0.1812
vn -0.3073 -0.9280 0.2107
vn -0.4636 0.8664 0.1854
vn -0.3195 -0.9123 0.2560
vn -0.3267 -0.9062 0.2684
vn -0.3405 -0.8984 0.2775
vn -0.5943 0.7713 0.2278
vn -0.2584 -0.9182 0.3003
vn -0.5944 0.7634 0.2530
vn -0.6275 0.7330 0.2627
vn -0.6165 0.7376 0.2754
vn -0.6194 0.7248 0.3017
vn -0.6030 0.7422 0.2924
vn -0.3419 -0.9068 0.2466
vn -0.5882 0.7407 0.3247
vn -0.5854 0.7291 0.3545
vn -0.5824 0.7353 0.3468
vn -0.3452 -0.9034 0.2546
vn -0.3390 -0.9061 0.2530
vn -0.3476 -0.9095 0.2280
vn -0.3480 -0.9096 0.2272
vn -0.3513 -0.9309 0.1002
vn -0.5282 0.7016 0.4783
vn -0.3444 -0.9356 0.0781
vn -0.4569 0.7273 0.5120
vn -0.3299 -0.9434 0.0341
vn 0.0884 -0.4305 0.8983
vn -0.4958 0.6603 0.5641
vn 0.0468 -0.6183 0.7845
vn -0.1533 -0.8432 0.5152
vn -0.0787 -0.8265 0.5574
vn -0.1338 -0.9108 0.3905
vn -0.1221 -0.9148 0.3851
vn -0.4095 -0.8852 0.2209
vn -0.4195 -0.8597 0.2914
vn -0.3982 -0.8618 0.3141
vn -0.2209 -0.7100 0.6687
vn -0.2158 -0.6951 0.6857
vn -0.4139 -0.7019 0.5797
vn -0.9975 0.0338 -0.0613
vn -0.9973 0.0407 -0.0604
vn -0.9980 0.0394 -0.0493
vn -0.9872 -0.1587 -0.0134
vn -0.9863 -0.1636 -0.0230
vn -0.9969 0.0423 -0.0661
vn -0.9949 -0.0937 -0.0376
vn -0.9750 -0.2206 -0.0282
vn -0.9794 0.1958 -0.0487
vn -0.9831 0.1757 -0.0520
vn -0.9696 -0.2447 -0.0027
vn -0.9757 0.2164 -0.0351
vn -0.9969 0.0397 -0.0672
vn -0.9921 -0.1136 -0.0530
vn -0.9678 -0.2505 0.0254
vn -0.9837 0.1631 -0.0758
vn -0.9979 0.0311 -0.0561
vn -0.9689 0.2354 -0.0759
vn -0.9796 0.1880 -0.0715
vn -0.9705 -0.2373 -0.0433
vn -0.9463 -0.3204 -0.0429
vn -0.9218 0.3824 -0.0634
vn -0.9535 0.2936 -0.0676
vn -0.9974 -0.0001 -0.0721
vn -0.9253 -0.3791 -0.0029
vn -0.9860 -0.1586 -0.0518
vn -0.9513 -0.3035 -0.0538
vn -0.9967 0.0036 -0.0811
vn -0.9973 -0.0250 -0.0698
vn -0.9556 -0.2891 -0.0569
vn -0.9117 -0.4071 -0.0558
vn -0.8801 0.4740 -0.0279
vn -0.8606 -0.5092 -0.0054
vn -0.9802 0.1828 -0.0768
vn -0.9835 -0.1601 -0.0840
vn -0.8737 -0.4851 -0.0358
vn -0.8519 0.5212 -0.0508
vn -0.9540 0.2924 -0.0662
vn -0.9741 0.2171 -0.0632
vn -0.8291 0.5582 -0.0323
vn -0.8565 -0.5091 -0.0851
vn -0.8251 -0.5634 -0.0410
vn -0.9525 -0.2963 -0.0707
vn -0.8230 0.5637 -0.0706
vn -0.8017 -0.5890 -0.1016
vn -0.7993 -0.5921 -0.1025
vn -0.8173 0.5744 -0.0458
vn -0.5487 -0.8235 -0.1440
vn -0.7245 0.6798 -0.1138
vn -0.5197 -0.8368 -0.1723
vn -0.5301 -0.8269 -0.1877
vn -0.6268 -0.7609 -0.1681
vn -0.4744 -0.8243 -0.3091
vn -0.4792 -0.7889 -0.3847
vn -0.9979 0.0273 -0.0580
vn -0.5066 -0.7449 -0.4341
vn -0.9930 -0.0911 -0.0755
vn -0.9976 0.0281 -0.0638
vn -0.8537 -0.4229 -0.3040
vn -0.5126 -0.7767 -0.3659
vn -0.9916 0.1268 -0.0268
vn -0.9932 -0.0911 -0.0727
vn -0.5582 0.6634 -0.4983
vn -0.9904 0.1182 -0.0722
vn -0.5066 -0.7781 -0.3715
vn -0.8179 -0.4940 -0.2949
vn -0.9987 0.0104 -0.0506
vn -0.9990 -0.0069 -0.0445
vn -0.9961 0.0710 -0.0520
vn -0.8323 -0.4758 -0.2843
vn -0.5153 -0.7693 -0.3777
vn -0.9988 -0.0009 -0.0490
vn -0.9985 -0.0372 -0.0413
vn -0.9949 -0.0821 -0.0586
vn -0.8359 -0.4701 -0.2834
vn -0.4588 -0.7710 -0.4417
vn -0.9953 -0.0706 -0.0666
vn -0.9996 0.0088 -0.0264
vn -0.7939 -0.4783 -0.3754
vn -0.8414 -0.4281 -0.3297
vn -0.5256 -0.6950 -0.4907
vn -0.9949 -0.0698 -0.0725
vn -0.9986 0.0294 -0.0435
vn -0.9974 -0.0362 -0.0629
vn -0.9973 -0.0473 -0.0568
vn -0.9946 -0.0613 -0.0840
vn -0.9935 -0.0764 -0.0848
vn -0.8143 -0.4761 -0.3321
vn -0.9682 -0.1709 -0.1829
vn -0.9947 -0.0766 -0.0690
vn -0.9967 -0.0444 -0.0684
vn -0.9837 -0.1394 -0.1139
vn -0.9970 -0.0588 -0.0502
vn -0.9968 -0.0607 -0.0516
vn -0.9966 -0.0655 -0.0507
vn -0.9979 -0.0499 -0.0406
vn -0.9968 -0.0749 -0.0278
vn -0.4602 0.6925 -0.5555
vn -0.9960 -0.0760 -0.0465
vn -0.9979 -0.0563 -0.0325
vn -0.4470 0.6845 -0.5759
vn -0.9983 -0.0574 0.0102
vn -0.9984 -0.0542 -0.0182
vn -0.9972 -0.0683 -0.0293
vn -0.9970 -0.0757 -0.0176
vn -0.9978 -0.0570 -0.0327
vn -0.9982 -0.0540 -0.0273
vn -0.9964 -0.0828 0.0156
vn -0.9977 -0.0672 -0.0126
vn -0.9288 -0.3229 -0.1818
vn -0.9977 -0.0676 0.0104
vn -0.9931 -0.1097 0.0407
vn -0.4219 0.7173 -0.5545
vn -0.9980 -0.0634 -0.0015
vn -0.9951 -0.0848 0.0506
vn -0.9477 -0.2854 -0.1427
vn -0.9974 -0.0715 0.0038
vn -0.9591 -0.2515 -0.1297
vn -0.9974 -0.0724 0.0037
vn -0.9900 -0.1294 0.0569
vn -0.9930 -0.1007 0.0625
vn -0.9876 -0.1529 0.0342
vn -0.8486 -0.4748 -0.2335
vn -0.9903 -0.1315 0.0451
vn -0.8531 -0.4700 -0.2266
vn -0.3782 -0.8195 -0.4305
vn -0.9796 -0.1715 0.1051
vn -0.8110 -0.5478 -0.2054
vn -0.8909 -0.4449 0.0910
vn -0.7025 -0.6902 -0.1733
vn -0.3266 0.9366 -0.1271
vn -0.2343 -0.9602 -0.1518
vn -0.2143 -0.9667 -0.1396
vn -0.2715 -0.9375 -0.2176
vn -0.2682 -0.9579 -0.1024
vn -0.2904 0.9543 -0.0708
vn -0.2702 -0.9601 -0.0716
vn -0.2777 -0.9593 0.0509
vn -0.2988 -0.9513 0.0765
vn -0.3069 -0.9472 0.0933
vn -0.3603 -0.9208 0.1495
vn -0.3120 -0.9498 0.0239
vn -0.3022 -0.9517 -0.0535
vn -0.2752 -0.9613 -0.0080
vn -0.3004 -0.9511 0.0724
vn -0.2933 -0.9541 0.0604
vn -0.2942 -0.9497 0.1070
vn -0.2998 -0.9430 0.1443
vn -0.3938 0.9024 0.1752
vn -0.3178 -0.9224 0.2196
vn -0.3193 -0.9222 0.2180
vn -0.3249 -0.9175 0.2293
vn -0.5265 0.8250 0.2053
vn -0.3452 -0.8926 0.2899
vn -0.3626 -0.8945 0.2615
vn -0.5104 0.7553 0.4112
vn -0.3425 -0.9351 0.0910
vn -0.4433 -0.8944 0.0599
vn -0.4109 -0.6239 0.6648
vn -0.4301 -0.8311 0.3527
vn -0.4938 -0.6043 0.6253
vn -0.9642 -0.2587 -0.0590
vn -0.9765 0.2003 -0.0790
vn -0.9958 -0.0259 -0.0881
vn -0.9721 0.2238 -0.0699
vn -0.9958 -0.0260 -0.0881
vn -0.9815 -0.1705 -0.0870
vn -0.9830 -0.1608 -0.0891
vn -0.9585 -0.2690 -0.0943
vn -0.9702 0.2305 -0.0745
vn -0.9636 -0.2484 -0.0990
vn -0.9057 -0.4151 -0.0857
vn -0.7652 0.6394 -0.0755
vn -0.9254 0.3713 -0.0762
vn -0.9705 0.2180 -0.1028
vn -0.9767 -0.1882 -0.1029
vn -0.8380 -0.5277 -0.1386
vn -0.9271 0.3455 -0.1454
vn -0.7814 0.6135 -0.1138
vn -0.7941 -0.5869 -0.1578
vn -0.9101 -0.3817 -0.1616
vn -0.6284 -0.7592 -0.1693
vn -0.8010 -0.5655 -0.1964
vn -0.6057 -0.7745 -0.1824
vn -0.6851 0.6874 -0.2410
vn -0.6451 -0.7286 -0.2301
vn -0.6804 0.6642 -0.3097
vn -0.5790 -0.7378 -0.3470
vn -0.6454 0.6393 -0.4180
vn -0.6066 0.6290 -0.4862
vn -0.6620 -0.6848 -0.3048
vn -0.6231 -0.6763 -0.3930
vn -0.5865 0.6183 -0.5231
vn -0.5317 0.6458 -0.5479
vn -0.5817 -0.7337 -0.3512
vn -0.5183 0.6305 -0.5778
vn -0.5534 -0.7242 -0.4115
vn -0.5382 0.6008 -0.5911
vn -0.5347 -0.6934 -0.4830
vn -0.4998 0.6293 -0.5951
vn -0.5381 -0.6862 -0.4895
vn -0.4974 0.6595 -0.5636
vn -0.5376 0.6228 -0.5684
vn -0.5030 -0.7076 -0.4963
vn -0.5034 -0.7070 -0.4967
vn -0.5189 0.6702 -0.5306
vn -0.5033 -0.7063 -0.4978
vn -0.4585 -0.7750 -0.4349
vn -0.6181 0.5743 -0.5368
vn -0.6563 0.5932 -0.4662
vn -0.3943 -0.7984 -0.4551
vn -0.4021 -0.7932 -0.4573
vn -0.4552 0.8272 -0.3295
vn -0.4087 -0.8364 -0.3653
vn -0.3675 -0.8722 -0.3229
vn -0.3673 -0.8725 -0.3222
vn -0.2671 -0.9509 -0.1562
vn -0.2783 -0.9581 -0.0684
vn -0.2743 -0.9605 -0.0466
vn -0.2828 -0.9582 -0.0420
vn -0.2846 -0.9586 0.0091
vn -0.2842 -0.9587 0.0094
vn -0.3145 -0.9482 0.0446
vn -0.3574 -0.9263 0.1194
vn -0.3620 0.9241 0.1226
vn -0.4421 -0.8883 0.1241
vn -0.4704 -0.8820 0.0281
vn -0.4106 -0.9099 -0.0583
vn -0.4065 -0.9088 -0.0940
vn 0.2005 -0.8657 -0.4587
vn 0.2161 -0.9710 -0.1019
vn 0.1318 -0.9892 -0.0645
vn -0.1058 -0.9944 0.0071
vn 0.1844 -0.9771 0.1062
vn -0.2293 -0.9664 0.1159
vn -0.4345 -0.8973 0.0779
vn -0.3492 0.9243 0.1538
vn -0.3558 -0.9307 0.0846
vn -0.3852 0.9075 0.1674
vn -0.3110 -0.9249 0.2186
vn -0.3273 -0.9164 0.2304
vn -0.3194 -0.9123 0.2562
vn -0.5390 0.8110 0.2275
vn -0.3371 -0.8968 0.2866
vn -0.3348 -0.9027 0.2702
vn -0.5790 0.7696 0.2693
vn -0.5251 0.7746 0.3524
vn -0.3643 -0.9024 0.2302
vn -0.3963 -0.9143 0.0840
vn -0.4874 0.7492 0.4484
vn -0.6340 -0.4301 0.6428
vn -0.6785 -0.5856 0.4435
vn -0.4028 -0.8746 0.2698
vn -0.3828 -0.9231 0.0373
vn -0.4288 -0.8312 0.3539
vn -0.4245 -0.8813 0.2079
vn -0.5535 -0.7310 0.3992
vn -0.6994 -0.5688 0.4328
vn -0.7008 -0.0966 0.7068
vn -0.9928 -0.0232 -0.1178
vn -0.9865 -0.1307 -0.0991
vn -0.9721 0.2127 -0.0990
vn -0.9910 0.0960 -0.0930
vn -0.9775 -0.1725 -0.1214
vn -0.9579 -0.2567 -0.1285
vn -0.9507 -0.2843 -0.1243
vn -0.9719 0.1927 -0.1349
vn -0.9501 0.2853 -0.1260
vn -0.8898 0.4376 -0.1291
vn -0.9614 0.2352 -0.1427
vn -0.9510 -0.2675 -0.1551
vn -0.9237 -0.3561 -0.1413
vn -0.8551 0.4897 -0.1703
vn -0.9307 0.3220 -0.1737
vn -0.9345 -0.3096 -0.1756
vn -0.8726 -0.4675 -0.1416
vn -0.8519 0.4433 -0.2786
vn -0.7959 0.5454 -0.2628
vn -0.8699 -0.4208 -0.2572
vn -0.8417 -0.4773 -0.2525
vn -0.7398 0.5658 -0.3642
vn -0.7707 -0.5312 -0.3520
vn -0.8456 0.4042 -0.3487
vn -0.5993 -0.7095 -0.3707
vn -0.6397 -0.6772 -0.3635
vn -0.5731 0.6116 -0.5454
vn -0.5250 0.6454 -0.5548
vn -0.5178 -0.7543 -0.4035
vn -0.6997 -0.6269 -0.3427
vn -0.5451 -0.7159 -0.4362
vn -0.5904 -0.6483 -0.4808
vn -0.5348 0.6299 -0.5632
vn -0.5320 -0.6784 -0.5068
vn -0.5268 -0.6868 -0.5008
vn -0.5939 0.6072 -0.5278
vn -0.5187 -0.7175 -0.4650
vn -0.6812 0.5889 -0.4349
vn -0.5126 -0.7275 -0.4561
vn -0.4636 -0.7679 -0.4420
vn -0.4518 -0.7630 -0.4623
vn -0.4455 -0.7696 -0.4574
vn -0.4504 -0.7688 -0.4540
vn -0.9277 0.3547 -0.1166
vn -0.9293 0.3468 -0.1270
vn -0.4406 -0.8164 -0.3734
vn -0.9349 0.3413 -0.0978
vn -0.3790 -0.9105 -0.1653
vn -0.3524 -0.9235 -0.1517
vn -0.3709 -0.9206 -0.1220
vn -0.7689 0.6343 -0.0805
vn -0.3548 -0.9282 -0.1117
vn -0.8812 0.4689 -0.0592
vn -0.9245 0.3770 -0.0568
vn -0.8068 0.5904 -0.0251
vn -0.3621 -0.9284 -0.0832
vn -0.8402 0.5423 -0.0075
vn -0.8095 0.5871 -0.0040
vn -0.8527 0.5209 0.0386
vn -0.9035 0.4284 0.0127
vn -0.3135 -0.9484 0.0469
vn -0.7664 0.6397 0.0586
vn -0.3244 -0.9446 0.0496
vn -0.8184 0.5725 0.0502
vn -0.4488 -0.8853 0.1220
vn -0.4662 -0.8624 0.1974
vn -0.4514 -0.8842 0.1204
vn -0.7486 0.6619 0.0387
vn -0.7343 0.6775 0.0425
vn -0.6289 -0.7628 -0.1507
vn 0.8183 -0.3813 -0.4300
vn 0.7557 -0.6064 -0.2474
vn -0.7154 0.6906 0.1064
vn 0.3774 -0.9111 -0.1659
vn 0.6488 -0.7585 -0.0617
vn 0.5698 -0.8182 0.0775
vn 0.5780 -0.8121 0.0807
vn 0.5453 -0.8294 0.1214
vn -0.0980 -0.9460 0.3091
vn -0.1102 -0.9672 0.2290
vn 0.6365 -0.3613 0.6814
vn -0.4046 -0.9145 -0.0036
vn -0.7155 0.6896 0.1117
vn -0.2993 -0.9279 0.2224
vn -0.3172 -0.9215 0.2240
vn -0.7176 0.6479 0.2556
vn -0.7009 0.6654 0.2569
vn -0.7061 0.6717 0.2240
vn -0.6354 0.7261 0.2626
vn -0.7710 0.5907 0.2382
vn -0.3589 -0.8922 0.2743
vn -0.7291 0.6195 0.2910
vn -0.6839 0.6735 0.2806
vn -0.3596 -0.8969 0.2573
vn -0.6704 0.6627 0.3338
vn -0.3887 -0.8938 0.2236
vn -0.6633 0.6465 0.3770
vn -0.6554 0.6434 0.3956
vn -0.3508 -0.9346 0.0588
vn -0.7054 0.5893 0.3939
vn -0.3509 -0.9346 0.0581
vn -0.7010 0.5909 0.3993
vn -0.6839 0.5583 0.4697
vn -0.4634 -0.4612 0.7567
vn -0.3442 -0.9375 0.0517
vn -0.6713 0.5734 0.4697
vn -0.3514 -0.8623 0.3648
vn -0.6631 0.5749 0.4794
vn -0.2336 -0.9382 0.2554
vn -0.4658 -0.7782 0.4212
vn -0.5965 -0.6745 0.4350
vn -0.7120 0.2677 0.6492
vn -0.7832 0.1867 0.5931
vn -0.7641 0.1979 0.6140
vn -0.6232 0.6474 0.4387
vn -0.7426 -0.0713 0.6659
vn -0.7644 -0.2349 0.6005
vn -0.7284 -0.1966 0.6563
vn -0.7330 0.4223 0.5333
vn -0.8225 -0.1542 0.5475
vn -0.8296 -0.1982 0.5220
vn -0.9857 -0.1057 -0.1316
vn -0.9724 0.1908 -0.1343
vn -0.9857 0.1044 -0.1319
vn -0.9873 -0.0862 -0.1335
vn -0.9701 -0.2026 -0.1338
vn -0.9910 0.0531 -0.1231
vn -0.9717 -0.1930 -0.1364
vn -0.9710 0.2004 -0.1302
vn -0.9929 -0.0353 -0.1137
vn -0.9917 0.0487 -0.1187
vn -0.9315 0.3210 -0.1713
vn -0.9462 0.2582 -0.1953
vn -0.9761 -0.1582 -0.1493
vn -0.9696 -0.1787 -0.1674
vn -0.9432 -0.2919 -0.1587
vn -0.9667 0.1863 -0.1757
vn -0.9576 -0.2095 -0.1976
vn -0.9288 -0.3142 -0.1964
vn -0.9462 0.2573 -0.1961
vn -0.9343 -0.2904 -0.2069
vn -0.9274 0.2525 -0.2758
vn -0.9256 -0.2769 -0.2581
vn -0.9398 0.2431 -0.2401
vn -0.8802 -0.3994 -0.2564
vn -0.9390 0.2547 -0.2311
vn -0.9494 -0.2348 -0.2087
vn -0.9173 0.2563 -0.3047
vn -0.8742 -0.3924 -0.2861
vn -0.9014 0.3116 -0.3007
vn -0.8066 -0.5177 -0.2853
vn -0.8894 0.3162 -0.3302
vn -0.8089 0.4360 -0.3945
vn -0.7692 -0.5392 -0.3430
vn -0.9330 -0.2867 -0.2174
vn -0.8091 0.4364 -0.3937
vn -0.6327 -0.6617 -0.4023
vn -0.8132 0.4331 -0.3888
vn -0.8195 0.4240 -0.3856
vn -0.6476 -0.6226 -0.4393
vn -0.8106 0.4228 -0.4053
vn -0.8897 0.3528 -0.2898
vn -0.8957 0.3297 -0.2985
vn -0.6067 -0.6211 -0.4961
vn -0.8985 0.3302 -0.2891
vn -0.5845 -0.6784 -0.4451
vn -0.9209 0.3157 -0.2284
vn -0.9170 0.3465 -0.1977
vn -0.9084 0.3635 -0.2067
vn -0.9163 0.3442 -0.2047
vn -0.9053 0.3732 -0.2031
vn -0.9061 0.3607 -0.2213
vn -0.9006 0.3499 -0.2578
vn -0.9292 0.3498 -0.1191
vn -0.4940 -0.7904 -0.3623
vn -0.9422 0.3263 -0.0765
vn -0.9425 0.3262 -0.0730
vn -0.6145 -0.7868 -0.0574
vn -0.6183 -0.7846 -0.0470
vn -0.9398 0.3416 -0.0060
vn -0.9390 0.3439 -0.0055
vn -0.6897 -0.7241 0.0076
vn -0.9346 0.3551 0.0212
vn -0.9228 0.3843 0.0254
vn -0.9321 0.3622 -0.0000
vn -0.6283 -0.7758 0.0579
vn -0.9231 0.3839 0.0217
vn -0.5312 -0.8461 0.0443
vn -0.5852 -0.8101 0.0345
vn -0.9215 0.3880 0.0185
vn -0.9207 0.3899 0.0179
vn -0.5058 -0.8557 0.1092
vn -0.9163 0.3990 0.0326
vn -0.5212 -0.8420 0.1395
vn -0.9144 0.4043 0.0204
vn -0.9122 0.4090 0.0265
vn -0.5374 -0.8289 0.1554
vn -0.6544 -0.7387 0.1617
vn 0.5786 0.2616 -0.7725
vn 0.6030 -0.0236 -0.7974
vn -0.1638 -0.8519 -0.4975
vn 0.0687 0.3483 -0.9349
vn -0.9156 0.4002 0.0379
vn -0.9082 0.4154 0.0513
vn -0.9135 0.4027 0.0583
vn -0.9041 0.4239 0.0533
vn -0.0877 -0.8776 0.4713
vn -0.7696 -0.6380 0.0250
vn -0.5168 -0.8488 0.1113
vn -0.9005 0.4306 0.0615
vn -0.4999 -0.8554 0.1355
vn -0.3821 -0.9205 0.0816
vn -0.9001 0.4311 0.0624
vn -0.8998 0.4276 0.0864
vn -0.8960 0.4364 0.0819
vn -0.4080 -0.8877 0.2135
vn -0.8988 0.4251 0.1075
vn -0.8997 0.4227 0.1086
vn -0.9319 0.3538 0.0796
vn -0.3510 -0.9023 0.2503
vn -0.3510 -0.8943 0.2775
vn -0.3551 -0.8893 0.2881
vn -0.3569 -0.8922 0.2767
vn -0.9172 0.3667 0.1557
vn -0.3527 -0.8922 0.2822
vn -0.9201 0.3642 0.1441
vn -0.3615 -0.8857 0.2913
vn -0.9232 0.3495 0.1599
vn -0.9302 0.3434 0.1293
vn -0.9271 0.3437 0.1492
vn -0.9205 0.3655 0.1380
vn -0.3556 -0.8946 0.2708
vn -0.9203 0.3650 0.1411
vn -0.9257 0.3494 0.1448
vn -0.9202 0.3499 0.1757
vn -0.9065 0.3968 0.1445
vn -0.8987 0.3886 0.2031
vn -0.8915 0.4157 0.1799
vn -0.4182 -0.8734 0.2496
vn -0.8857 0.4111 0.2159
vn -0.8691 0.4242 0.2545
vn -0.8671 0.4332 0.2460
vn -0.8491 0.4401 0.2920
vn -0.8914 0.3618 0.2728
vn -0.8714 0.3940 0.2923
vn -0.6667 -0.2401 0.7056
vn -0.6104 -0.2962 0.7346
vn -0.6548 0.0426 0.7546
vn -0.6114 0.5750 0.5437
vn -0.8669 0.3696 0.3345
vn -0.7184 -0.4445 0.5350
vn -0.7220 -0.6792 0.1317
vn -0.8980 0.3508 0.2658
vn -0.8484 0.4070 0.3384
vn -0.8691 -0.4230 0.2563
vn -0.4755 0.7778 0.4109
vn -0.9673 0.1223 0.2223
vn -0.9432 0.1831 0.2772
vn -0.9744 0.0225 0.2236
vn -0.9822 -0.0763 0.1717
vn -0.9160 -0.3100 0.2545
vn -0.8644 -0.4524 0.2194
vn -0.7988 -0.5403 0.2644
vn -0.7631 0.5070 0.4008
vn -0.9520 -0.2149 0.2180
vn -0.8850 -0.3942 0.2478
vn -0.8425 0.4065 0.3534
vn -0.7483 0.5487 0.3728
vn -0.8347 0.4097 0.3681
vn -0.9148 0.1962 0.3531
vn -0.8978 0.1543 0.4126
vn -0.9323 -0.0122 0.3614
vn -0.9123 0.0391 0.4077
vn -0.9329 -0.0712 0.3529
vn -0.9041 -0.1685 0.3928
vn -0.8832 -0.2821 0.3748
vn -0.8905 -0.2222 0.3971
vn -0.8896 -0.2653 0.3717
vn -0.8389 -0.3978 0.3714
vn -0.8498 0.2957 0.4364
vn -0.9088 0.0540 0.4137
vn -0.9092 0.0711 0.4102
vn -0.9186 -0.0912 0.3845
vn -0.9130 -0.0700 0.4020
vn -0.9852 0.0243 -0.1696
vn -0.9887 -0.0124 -0.1493
vn -0.9732 0.1634 -0.1617
vn -0.9872 -0.0403 -0.1545
vn -0.9700 0.1498 -0.1913
vn -0.9728 0.1163 -0.2005
vn -0.9771 -0.1185 -0.1769
vn -0.9562 0.2099 -0.2038
vn -0.9655 -0.1879 -0.1801
vn -0.9669 -0.1743 -0.1866
vn -0.9383 0.2229 -0.2646
vn -0.9489 0.1888 -0.2529
vn -0.9493 -0.2352 -0.2086
vn -0.9313 0.2520 -0.2629
vn -0.9641 -0.1807 -0.1944
vn -0.9483 -0.2332 -0.2153
vn -0.9221 0.2416 -0.3021
vn -0.9213 -0.2840 -0.2656
vn -0.9185 0.2844 -0.2746
vn -0.8932 -0.3647 -0.2632
vn -0.9058 0.3172 -0.2807
vn -0.8608 -0.3798 -0.3388
vn -0.9070 0.3208 -0.2728
vn -0.8061 -0.4877 -0.3351
vn -0.7474 -0.4805 -0.4588
vn -0.9071 0.3206 -0.2729
vn -0.6934 -0.5602 -0.4532
vn -0.6023 -0.6467 -0.4680
vn -0.6367 -0.5895 -0.4970
vn -0.9106 0.3171 -0.2649
vn -0.9081 0.3233 -0.2662
vn -0.9090 0.3270 -0.2583
vn -0.5809 -0.6614 -0.4745
vn -0.9128 0.3275 -0.2439
vn -0.6083 -0.6570 -0.4454
vn -0.6606 -0.6169 -0.4278
vn -0.9125 0.3432 -0.2226
vn -0.5614 -0.7044 -0.4343
vn -0.9288 0.3236 -0.1808
vn -0.5314 -0.7211 -0.4446
vn -0.5599 -0.6982 -0.4461
vn -0.6221 -0.6692 -0.4063
vn -0.5286 -0.7296 -0.4339
vn -0.5364 -0.7271 -0.4285
vn -0.9444 0.3178 -0.0849
vn -0.9486 0.3069 -0.0774
vn -0.5379 -0.7280 -0.4251
vn -0.9472 0.3101 -0.0821
vn -0.6028 -0.7413 -0.2951
vn -0.6771 -0.7309 -0.0857
vn -0.6570 -0.7473 -0.0997
vn -0.9536 0.2955 -0.0580
vn -0.6505 -0.7534 -0.0957
vn -0.6707 -0.7390 -0.0637
vn -0.9557 0.2933 -0.0245
vn -0.7598 -0.6501 -0.0128
vn -0.9489 0.3155 -0.0049
vn -0.7595 -0.6505 -0.0048
vn -0.9490 0.3152 0.0034
vn -0.9368 0.3498 0.0005
vn -0.7511 -0.6593 0.0337
vn -0.7326 -0.6803 0.0230
vn -0.9370 0.3492 0.0082
vn -0.9340 0.3570 0.0136
vn -0.6840 -0.7216 0.1072
vn -0.6825 -0.7228 0.1083
vn 0.3133 0.7460 -0.5876
vn 0.9686 -0.2074 -0.1374
vn -0.7020 -0.6971 0.1461
vn -0.1487 0.6644 -0.7324
vn -0.8744 -0.4725 0.1105
vn -0.7672 -0.6139 0.1862
vn -0.9976 -0.0120 -0.0679
vn -0.9436 0.2233 -0.2445
vn -0.9564 0.2493 -0.1520
vn -0.9185 0.3935 0.0382
vn -0.7324 -0.6767 0.0760
vn -0.9053 -0.4188 0.0706
vn -0.9904 -0.1377 -0.0092
vn -0.9228 0.3843 -0.0276
vn -0.9127 0.4076 0.0298
vn -0.9738 -0.2252 -0.0300
vn -0.9628 0.2696 0.0161
vn 0.5739 -0.7522 0.3237
vn 0.3247 -0.7887 0.5221
vn -0.9837 -0.1744 -0.0448
vn -0.0220 -0.7040 0.7098
vn -0.7605 -0.1985 0.6182
vn -0.7697 -0.6380 0.0247
vn -0.9036 0.4244 0.0578
vn -0.7672 -0.6409 0.0237
vn -0.7031 -0.7089 0.0560
vn -0.6708 -0.7327 0.1147
vn -0.4851 -0.8518 0.1977
vn -0.4704 -0.8614 0.1914
vn -0.3770 -0.9023 0.2090
vn -0.9051 0.4104 0.1109
vn -0.9014 0.4203 0.1041
vn -0.3515 -0.9013 0.2532
vn -0.3508 -0.9023 0.2506
vn -0.9032 0.4178 0.0983
vn -0.9128 0.3912 0.1168
vn -0.3615 -0.8951 0.2610
vn -0.9228 0.3643 0.1255
vn -0.9152 0.3698 0.1601
vn -0.3589 -0.8922 0.2742
vn -0.9222 0.3620 0.1361
vn -0.9525 0.2717 0.1373
vn -0.9445 0.3082 0.1140
vn -0.3659 -0.8896 0.2734
vn -0.3507 -0.8982 0.2650
vn -0.9432 0.3088 0.1226
vn -0.9453 0.3157 0.0820
vn -0.3511 -0.8998 0.2591
vn -0.9359 0.3323 0.1166
vn -0.9325 0.3457 0.1049
vn -0.4418 -0.8674 0.2290
vn -0.9122 0.3665 0.1832
vn -0.9117 0.3697 0.1791
vn -0.8552 0.4997 0.1378
vn -0.4167 -0.8742 0.2494
vn -0.9706 -0.2191 0.1001
vn -0.8499 0.4699 0.2382
vn -0.9772 -0.2004 0.0700
vn -0.9132 -0.3973 0.0904
vn -0.6952 -0.7168 0.0541
vn -0.8548 0.4014 0.3289
vn -0.8679 0.3784 0.3218
vn -0.9775 0.0557 0.2036
vn -0.9839 -0.1471 0.1017
vn -0.9540 -0.0352 0.2977
vn -0.9409 -0.0616 0.3331
vn -0.9190 0.2562 0.2998
vn -0.9587 -0.1297 0.2531
vn -0.9459 0.0973 0.3097
vn -0.9050 -0.0030 0.4253
vn -0.9764 0.1289 0.1734
vn -0.9931 0.0029 0.1172
vn -0.9279 0.2888 0.2356
vn -0.9755 0.0829 0.2038
vn -0.9721 -0.0596 0.2268
vn -0.9632 -0.1490 0.2239
vn -0.9212 -0.1870 0.3411
vn -0.9474 -0.0744 0.3114
vn -0.8682 0.3488 0.3529
vn -0.9036 0.2563 0.3432
vn -0.8998 0.3850 0.2054
vn -0.9766 0.1158 0.1813
vn -0.9842 -0.1488 0.0959
vn -0.9583 0.1335 0.2526
vn -0.9677 -0.0236 0.2511
vn -0.9629 0.1468 0.2265
vn -0.9030 -0.4119 0.1220
vn -0.9551 0.1200 0.2709
vn -0.9588 0.0825 0.2718
vn -0.9751 -0.0306 0.2197
vn -0.9550 -0.1620 0.2483
vn -0.9298 -0.2374 0.2814
vn -0.8553 0.4274 0.2929
vn -0.9670 0.1499 0.2061
vn -0.9734 0.0798 0.2148
vn -0.9917 -0.0135 0.1281
vn -0.9907 -0.0430 0.1291
vn -0.9571 -0.2430 0.1580
vn -0.9537 -0.1514 0.2600
vn -0.8704 0.3819 0.3106
vn -0.9360 0.2123 0.2807
vn -0.9808 0.0870 0.1746
vn -0.9775 0.0553 0.2036
vn -0.9518 -0.1525 0.2662
vn -0.9774 0.1193 -0.1746
vn -0.9852 -0.0374 -0.1673
vn -0.9652 0.1549 -0.2107
vn -0.9786 0.0731 -0.1923
vn -0.9837 -0.0164 -0.1793
vn -0.9744 -0.1210 -0.1896
vn -0.9700 0.1146 -0.2145
vn -0.9741 -0.1294 -0.1855
vn -0.9601 0.1598 -0.2294
vn -0.9352 -0.2652 -0.2348
vn -0.9666 -0.1576 -0.2023
vn -0.9397 0.2237 -0.2586
vn -0.9415 -0.2436 -0.2330
vn -0.9328 0.2559 -0.2537
vn -0.9452 -0.1982 -0.2595
vn -0.9421 -0.2387 -0.2355
vn -0.9305 0.2843 -0.2310
vn -0.9392 0.2586 -0.2260
vn -0.9341 -0.2265 -0.2758
vn -0.9314 0.2797 -0.2329
vn -0.7678 -0.5029 -0.3969
vn -0.9340 0.2776 -0.2251
vn -0.7590 -0.5168 -0.3962
vn -0.9265 0.3033 -0.2225
vn -0.9324 0.3030 -0.1972
vn -0.9399 0.2909 -0.1788
vn -0.9409 0.2972 -0.1626
vn -0.9416 0.2964 -0.1600
vn -0.6056 -0.6728 -0.4249
vn -0.8032 -0.5148 -0.2998
vn -0.7325 -0.6460 -0.2149
vn -0.7898 -0.5725 -0.2203
vn -0.9536 0.2945 -0.0620
vn -0.9537 0.2950 -0.0585
vn -0.7972 -0.5966 -0.0922
vn -0.7515 -0.6545 -0.0829
vn -0.7554 -0.6540 -0.0416
vn -0.7684 -0.6391 -0.0330
vn -0.9551 0.2951 -0.0279
vn -0.9525 0.3043 -0.0098
vn -0.7690 -0.6390 -0.0180
vn -0.7605 -0.6493 -0.0043
vn -0.9469 0.3209 -0.0202
vn -0.9414 0.3369 -0.0163
vn -0.7553 -0.6534 0.0509
vn -0.7498 -0.6573 0.0753
vn -0.7861 -0.6132 0.0777
vn -0.9295 0.3687 -0.0022
vn 0.5178 0.5805 -0.6284
vn -0.9284 0.3712 0.0160
vn -0.9265 0.3762 0.0066
vn -0.7733 -0.6135 0.1601
vn -0.7704 -0.6179 0.1571
vn -0.7545 0.6054 -0.2534
vn -0.7293 -0.6731 0.1227
vn -0.8096 0.5782 -0.1008
vn -0.9068 0.4174 -0.0586
vn 0.8607 -0.4633 0.2113
vn -0.9245 0.3803 0.0268
vn -0.7165 -0.6971 0.0273
vn -0.7375 -0.6732 -0.0535
vn -0.9377 0.3464 0.0266
vn 0.0445 -0.7826 0.6210
vn -0.0914 -0.7447 0.6611
vn -0.7385 -0.6613 -0.1311
vn -0.8352 -0.5120 -0.2009
vn -0.7923 -0.6019 -0.1001
vn -0.9897 0.1315 -0.0566
vn -0.9300 0.3377 0.1449
vn -0.9271 0.3591 0.1073
vn -0.8000 -0.5512 -0.2370
vn -0.8189 -0.5710 -0.0586
vn -0.7877 -0.6156 0.0225
vn -0.9140 0.3988 0.0744
vn -0.7249 -0.6722 0.1502
vn -0.7250 -0.6733 0.1451
vn -0.6055 -0.7854 0.1286
vn -0.9263 0.3625 0.1029
vn -0.9290 0.3520 0.1144
vn -0.9272 0.3549 0.1202
vn -0.9148 0.3853 -0.1209
vn -0.9260 0.3315 0.1805
vn -0.9231 0.3497 0.1601
vn -0.9535 0.2434 0.1776
vn -0.9494 0.2794 0.1437
vn -0.9650 0.2160 0.1486
vn -0.9646 0.2420 0.1045
vn -0.9613 0.2567 0.0998
vn -0.9632 0.2561 0.0816
vn -0.9769 0.2033 0.0650
vn -0.9652 0.2579 0.0435
vn -0.9621 0.2725 -0.0077
vn -0.9943 0.1042 0.0211
vn -0.4793 -0.8274 0.2926
vn -0.9125 0.4050 0.0572
vn -0.9138 0.3882 0.1193
vn -0.8691 -0.4448 0.2164
vn -0.6682 0.7428 -0.0416
vn -0.8191 -0.5204 0.2414
vn -0.9641 -0.1575 0.2139
vn -0.7994 -0.5727 0.1818
vn -0.9833 -0.0191 0.1813
vn -0.9856 0.0060 0.1691
vn -0.9771 -0.1091 0.1830
vn -0.9540 -0.1359 0.2673
vn -0.9586 -0.2159 0.1854
vn -0.9841 -0.0837 0.1567
vn -0.9805 0.0703 0.1833
vn -0.9904 0.0250 0.1358
vn -0.9830 -0.0589 0.1742
vn -0.9863 -0.1386 0.0896
vn -0.7993 -0.4070 0.4422
vn -0.9779 -0.0631 0.1995
vn -0.9739 0.0286 0.2253
vn -0.9963 -0.0632 0.0581
vn -0.6802 0.5251 0.5115
vn -0.9677 -0.1316 0.2150
vn -0.9722 -0.1510 0.1791
vn -0.9800 -0.0527 0.1920
vn -0.9941 -0.0698 0.0826
vn -0.6827 0.3825 0.6226
vn -0.9849 0.0762 0.1555
vn -0.9675 0.1302 0.2167
vn -0.9879 -0.0155 0.1540
vn -0.9900 0.0029 0.1409
vn -0.8465 0.0578 0.5293
vn -0.8500 0.0670 0.5225
vn -0.9437 -0.0220 0.3302
vn -0.9414 -0.0633 0.3313
vn -0.9577 -0.1004 0.2698
vn -0.9567 -0.1258 0.2625
vn -0.9743 0.0780 -0.2112
vn -0.9790 -0.0202 -0.2029
vn -0.9794 -0.0180 -0.2012
vn -0.9693 -0.1417 -0.2009
vn -0.9652 0.1188 -0.2331
vn -0.9727 0.0594 -0.2242
vn -0.9566 0.1597 -0.2436
vn -0.9650 0.1242 -0.2311
vn -0.9538 0.1812 -0.2395
vn -0.9594 0.1847 -0.2131
vn -0.9497 0.2355 -0.2063
vn -0.9379 -0.1917 -0.2892
vn -0.9520 0.2324 -0.1990
vn -0.9356 -0.1999 -0.2911
vn -0.9189 -0.2358 -0.3162
vn -0.8977 -0.3059 -0.3172
vn -0.8931 -0.3260 -0.3099
vn -0.9512 0.2433 -0.1898
vn -0.9457 0.2507 -0.2066
vn -0.8848 -0.3276 -0.3316
vn -0.8384 -0.4250 -0.3414
vn -0.8412 -0.4240 -0.3355
vn -0.7988 -0.4957 -0.3409
vn -0.9463 0.2704 -0.1773
vn -0.8110 -0.4887 -0.3216
vn -0.7711 -0.5473 -0.3253
vn -0.9527 0.2770 -0.1252
vn -0.7803 -0.5453 -0.3063
vn -0.8561 -0.4958 -0.1458
vn -0.8892 -0.4381 -0.1317
vn -0.8557 -0.4965 -0.1456
vn -0.9600 0.2732 -0.0619
vn -0.9615 0.2684 -0.0595
vn -0.8534 -0.5138 -0.0881
vn -0.8555 -0.5105 -0.0864
vn -0.9592 0.2786 -0.0489
vn -0.9607 0.2752 -0.0369
vn -0.8462 -0.5305 -0.0493
vn -0.8069 -0.5900 -0.0290
vn -0.9588 0.2824 -0.0310
vn -0.8112 -0.5844 -0.0216
vn -0.7957 -0.6055 -0.0158
vn -0.9472 0.3191 -0.0308
vn -0.7901 -0.6130 -0.0058
vn -0.8073 -0.5901 0.0039
vn -0.9435 0.3299 -0.0312
vn -0.7990 -0.6010 0.0207
vn -0.9439 0.3299 -0.0115
vn -0.8070 -0.5897 0.0326
vn -0.7934 -0.6067 0.0489
vn -0.9351 0.3542 -0.0152
vn -0.7954 -0.6027 0.0645
vn 0.4563 0.3306 -0.8261
vn 0.8553 -0.1899 -0.4820
vn -0.7847 -0.6152 0.0763
vn -0.8054 0.5726 -0.1533
vn -0.8905 0.4550 -0.0042
vn 0.6853 -0.6976 0.2091
vn -0.9286 0.3710 0.0106
vn 0.6811 -0.7004 0.2135
vn 0.3939 -0.8416 0.3694
vn -0.8932 0.4495 -0.0149
vn 0.3769 -0.8443 0.3809
vn 0.3504 -0.8661 0.3565
vn -0.9017 0.4320 0.0188
vn -0.9258 0.3759 0.0400
vn 0.2504 -0.8588 0.4469
vn 0.1075 -0.8521 0.5123
vn -0.9272 0.3730 0.0340
vn -0.9260 0.3763 0.0321
vn -0.7355 -0.6749 -0.0595
vn -0.9258 0.3755 0.0426
vn -0.9375 0.3334 0.0997
vn -0.8509 -0.1495 0.5036
vn -0.8353 -0.1829 0.5186
vn -0.9235 0.3818 0.0374
vn -0.9210 0.3860 0.0517
vn -0.8151 -0.5782 0.0364
vn -0.9263 0.3710 0.0662
vn -0.8159 -0.5700 0.0966
vn -0.8106 -0.5795 0.0843
vn -0.7955 -0.5970 0.1035
vn -0.9288 0.3629 0.0756
vn -0.9276 0.3596 0.1015
vn -0.8437 -0.5269 0.1023
vn -0.7949 -0.5987 0.0985
vn -0.8027 -0.5784 0.1453
vn -0.9381 0.3286 0.1099
vn -0.9384 0.3253 0.1168
vn -0.8274 -0.5390 0.1576
vn -0.9416 0.3143 0.1209
vn -0.7731 -0.6126 0.1645
vn -0.7672 -0.6188 0.1687
vn -0.9350 0.3505 0.0542
vn -0.7671 -0.6169 0.1759
vn -0.7776 -0.6053 0.1701
vn -0.9723 0.1892 0.1373
vn -0.7959 -0.5736 0.1939
vn -0.7338 -0.6468 0.2080
vn -0.9741 0.1771 0.1404
vn -0.9787 0.1848 0.0898
vn -0.7205 -0.6633 0.2021
vn -0.9850 0.1274 0.1162
vn -0.7967 -0.5845 0.1537
vn -0.9806 0.1795 0.0791
vn -0.9856 0.1514 0.0756
vn -0.9884 0.1242 0.0873
vn -0.7503 -0.6268 0.2101
vn -0.9903 0.1333 0.0385
vn -0.9935 0.0783 0.0823
vn -0.9935 0.0784 0.0823
vn -0.9958 0.0902 -0.0173
vn -0.9942 0.0584 0.0906
vn -0.8633 -0.4643 0.1980
vn -0.7918 -0.5720 0.2142
vn -0.9966 0.0821 0.0068
vn -0.9984 0.0281 0.0492
vn -0.9988 0.0194 0.0452
vn -0.9883 0.0800 0.1298
vn -0.9981 0.0563 -0.0263
vn -0.9921 0.0439 0.1174
vn -0.9929 0.0412 0.1114
vn -0.9352 0.2741 -0.2242
vn -0.9360 0.0706 -0.3449
vn -0.9457 0.0461 -0.3218
vn -0.9503 -0.0340 -0.3094
vn -0.9736 0.0056 -0.2284
vn -0.9700 0.0245 -0.2421
vn -0.9979 0.0091 0.0648
vn -0.9588 -0.0534 -0.2790
vn -0.9875 0.0604 0.1457
vn -0.9227 0.2559 -0.2885
vn -0.8616 0.5018 -0.0765
vn -0.7379 0.5044 -0.4483
vn -0.8142 0.0785 -0.5753
vn -0.4543 0.6033 -0.6555
vn -0.4948 -0.0043 -0.8690
vn -0.7395 0.0032 -0.6731
vn -0.7174 -0.0332 -0.6959
vn -0.9772 -0.0709 -0.2000
vn -0.9658 -0.2294 -0.1207
vn -0.9965 0.0300 0.0782
vn -0.9981 0.0298 0.0538
vn -0.9750 -0.0781 0.2081
vn -0.9712 -0.1197 0.2062
vn -0.9370 -0.2835 0.2040
vn -0.7992 0.4899 -0.3483
vn -0.9580 -0.2381 -0.1599
vn -0.9847 0.0226 0.1726
vn -0.9616 -0.1621 0.2216
vn -0.9568 -0.2627 -0.1242
vn -0.7683 -0.5896 -0.2493
vn -0.9825 -0.1073 -0.1520
vn -0.9652 -0.2602 -0.0255
vn -0.9987 0.0343 0.0374
vn -0.9763 -0.1103 0.1863
vn -0.9646 -0.2591 -0.0485
vn -0.9943 -0.0369 0.1000
vn -0.9851 0.0604 0.1608
vn -0.9831 0.0325 0.1802
vn -0.8953 -0.4191 0.1511
vn -0.9881 -0.0657 0.1392
vn -0.9833 -0.0191 0.1810
vn -0.9093 -0.3662 0.1976
vn -0.7190 -0.6703 0.1839
vn -0.5495 -0.8142 0.1873
vn -0.7639 -0.4579 0.4547
vn -0.7583 -0.3886 0.5235
vn -0.7300 -0.4430 0.5204
vn -0.4869 0.0586 0.8715
vn -0.9701 0.1203 -0.2107
vn -0.9773 0.0531 -0.2049
vn -0.9770 -0.0199 -0.2124
vn -0.9774 -0.0224 -0.2103
vn -0.9646 -0.1326 -0.2280
vn -0.9643 -0.1111 -0.2404
vn -0.9581 -0.1566 -0.2398
vn -0.9756 0.0458 -0.2148
vn -0.9647 0.1725 -0.1991
vn -0.9557 -0.1284 -0.2648
vn -0.9460 -0.1723 -0.2747
vn -0.9586 0.2157 -0.1859
vn -0.9648 0.1838 -0.1884
vn -0.9265 -0.2020 -0.3174
vn -0.9230 -0.2725 -0.2718
vn -0.9208 -0.2737 -0.2778
vn -0.9590 0.2184 -0.1804
vn -0.9635 0.2116 -0.1641
vn -0.9134 -0.3163 -0.2563
vn -0.9166 -0.3070 -0.2560
vn -0.9605 0.2350 -0.1492
vn -0.9083 -0.3471 -0.2337
vn -0.9005 -0.3665 -0.2341
vn -0.9635 0.2307 -0.1356
vn -0.9605 0.2540 -0.1134
vn -0.8933 -0.3985 -0.2078
vn -0.9054 -0.3919 -0.1632
vn -0.9657 0.2526 -0.0605
vn -0.9652 0.2549 -0.0585
vn -0.8990 -0.4237 -0.1107
vn -0.8946 -0.4399 -0.0782
vn -0.8902 -0.4479 -0.0837
vn -0.9648 0.2604 -0.0369
vn -0.9701 0.2381 -0.0476
vn -0.8908 -0.4517 -0.0497
vn -0.8820 -0.4692 -0.0434
vn -0.8782 -0.4775 -0.0277
vn -0.8603 -0.5094 -0.0214
vn -0.9561 0.2900 -0.0431
vn -0.8670 -0.4980 -0.0141
vn -0.8477 -0.5304 0.0048
vn 0.3778 0.3673 -0.8499
vn -0.1161 0.6140 -0.7807
vn -0.0638 0.5876 -0.8066
vn -0.9417 0.3365 -0.0069
vn -0.8086 -0.5831 0.0782
vn -0.4424 0.7954 -0.4143
vn -0.8064 -0.5765 0.1318
vn -0.8047 0.5836 -0.1088
vn 0.4714 -0.8025 0.3658
vn 0.4443 -0.8105 0.3817
vn -0.9401 0.3408 0.0086
vn -0.9419 0.3359 0.0047
vn -0.9131 0.4078 -0.0042
vn -0.9423 0.3343 0.0181
vn -0.7419 -0.6592 0.1224
vn -0.1503 -0.8546 0.4971
vn -0.9254 0.3729 0.0672
vn -0.9363 0.3492 0.0371
vn -0.9373 0.3474 0.0287
vn -0.7518 -0.6593 0.0121
vn -0.3241 -0.7398 0.5896
vn -0.9593 0.0418 0.2794
vn -0.8554 -0.2098 0.4735
vn -0.4478 -0.6313 0.6332
vn -0.7980 -0.6006 -0.0484
vn -0.9372 0.3473 0.0322
vn -0.8035 -0.5902 -0.0779
vn -0.8068 -0.5906 0.0128
vn -0.8070 -0.5904 0.0120
vn -0.8123 -0.5818 0.0404
vn -0.8467 -0.5246 0.0885
vn -0.9370 0.3321 0.1084
vn -0.9390 0.3277 0.1045
vn -0.8736 -0.4772 0.0949
vn -0.8788 -0.4670 0.0983
vn -0.9392 0.3265 0.1066
vn -0.8936 -0.4307 0.1264
vn -0.9563 0.2676 0.1175
vn -0.9007 -0.4194 0.1137
vn -0.8999 -0.4213 0.1125
vn -0.9770 0.1408 0.1600
vn -0.9649 0.1924 0.1785
vn -0.8990 -0.4194 0.1264
vn -0.9713 0.1804 0.1549
vn -0.9767 0.1288 0.1714
vn -0.9038 -0.4064 0.1341
vn -0.9839 0.1291 0.1234
vn -0.9000 -0.4204 0.1154
vn -0.9054 -0.4050 0.1277
vn -0.9843 0.1276 0.1222
vn -0.9847 0.1024 0.1411
vn -0.9866 0.1058 0.1245
vn -0.8995 -0.4178 0.1282
vn -0.9133 -0.3833 0.1376
vn -0.9913 0.1008 0.0843
vn -0.9912 0.0804 0.1048
vn -0.9914 0.0776 0.1055
vn -0.9853 0.1055 0.1347
vn -0.9820 0.0950 0.1633
vn -0.9889 0.0761 0.1274
vn -0.9096 -0.3796 0.1689
vn -0.9889 0.0793 0.1259
vn -0.9848 0.0945 0.1459
vn -0.9765 -0.0927 0.1946
vn -0.9671 -0.1687 0.1904
vn -0.9382 -0.2898 0.1890
vn -0.9845 0.0529 0.1671
vn -0.9837 0.0601 0.1693
vn -0.9729 -0.1161 0.2001
vn -0.9772 -0.0759 0.1983
vn -0.9889 0.0352 0.1443
vn -0.3631 0.3684 -0.8558
vn -0.4919 0.0479 -0.8693
vn -0.5329 -0.0094 -0.8461
vn -0.4714 -0.1847 -0.8624
vn -0.5380 -0.2796 -0.7953
vn -0.7343 0.5002 -0.4589
vn -0.7206 -0.3896 -0.5736
vn -0.8378 -0.1550 -0.5234
vn -0.7953 -0.5103 -0.3273
vn -0.7966 -0.5299 -0.2908
vn -0.4428 -0.6571 -0.6100
vn -0.8595 -0.5012 0.1001
vn -0.8712 -0.4843 0.0800
vn -0.7873 -0.6039 -0.1245
vn -0.8736 -0.4736 0.1122
vn -0.7833 -0.4723 0.4043
vn -0.9914 -0.0852 0.0990
vn -0.8736 -0.4738 0.1112
vn -0.5227 -0.7765 0.3519
vn -0.7756 -0.3019 0.5544
vn -0.8834 -0.4612 0.0832
vn -0.5758 -0.7935 0.1971
vn -0.9720 0.0940 0.2155
vn -0.9326 -0.3070 -0.1898
vn -0.9390 -0.2081 0.2738
vn -0.4304 0.7929 0.4314
vn -0.7747 -0.3378 0.5345
vn -0.6285 -0.5698 0.5295
vn -0.9761 -0.2153 0.0298
vn -0.6854 0.3233 0.6525
vn -0.7019 0.0943 0.7060
vn -0.7372 0.1091 0.6669
vn -0.7149 -0.1192 0.6889
vn -0.9024 -0.4218 0.0881
vn -0.9158 -0.2747 0.2930
vn -0.9736 0.0516 -0.2222
vn -0.9691 -0.0222 -0.2459
vn -0.9705 0.1350 -0.1998
vn -0.9711 0.1347 -0.1972
vn -0.9600 -0.1124 -0.2563
vn -0.9600 -0.1127 -0.2563
vn -0.9680 0.1757 -0.1794
vn -0.9711 0.1519 -0.1841
vn -0.9470 -0.1491 -0.2846
vn -0.9444 -0.1607 -0.2870
vn -0.9650 0.2077 -0.1600
vn -0.9684 0.1872 -0.1647
vn -0.9263 -0.2607 -0.2722
vn -0.9682 0.2080 -0.1388
vn -0.9696 0.2047 -0.1340
vn -0.9299 -0.2939 -0.2209
vn -0.9244 -0.3152 -0.2148
vn -0.9647 0.2270 -0.1336
vn -0.9719 0.2256 -0.0670
vn -0.9707 0.2324 -0.0620
vn -0.9392 -0.3178 -0.1303
vn -0.9262 -0.3528 -0.1331
vn -0.9512 -0.2881 -0.1108
vn -0.9204 -0.3762 -0.1064
vn -0.9749 0.2180 -0.0443
vn -0.9262 -0.3661 -0.0897
vn -0.9152 -0.3953 -0.0784
vn -0.9755 0.2150 -0.0458
vn -0.9696 0.2405 -0.0451
vn -0.9162 -0.3972 -0.0522
vn -0.9074 -0.4182 -0.0407
vn -0.9075 -0.4182 -0.0395
vn -0.8859 -0.4631 -0.0261
vn -0.9612 0.2711 -0.0514
vn -0.9691 0.2407 -0.0539
vn -0.9564 0.2890 -0.0429
vn -0.8855 -0.4636 -0.0315
vn -0.8761 -0.4818 -0.0168
vn -0.9564 0.2893 -0.0395
vn -0.9565 0.2889 -0.0392
vn -0.8480 -0.5300 0.0053
vn -0.9520 0.3059 -0.0068
vn -0.9568 0.2898 -0.0217
vn -0.8413 -0.5401 0.0231
vn -0.0158 0.4873 -0.8731
vn -0.8149 -0.5755 0.0689
vn -0.4644 0.6559 -0.5952
vn 0.8661 -0.4973 -0.0508
vn -0.5338 0.6681 -0.5184
vn -0.8540 0.5095 -0.1052
vn -0.9518 0.3065 -0.0142
vn -0.9534 0.3015 -0.0110
vn 0.5330 -0.7785 0.3314
vn 0.5562 -0.7802 0.2862
vn 0.1286 -0.9433 0.3059
vn 0.3244 -0.8235 0.4655
vn -0.9079 0.4186 0.0216
vn -0.9341 0.3523 0.0585
vn 0.0620 -0.8858 0.4599
vn -0.9525 0.3046 0.0062
vn -0.7844 -0.6096 0.1139
vn 0.0470 -0.8875 0.4584
vn -0.0456 -0.8611 0.5064
vn -0.7960 -0.6001 0.0792
vn -0.9325 0.3556 0.0634
vn -0.9705 0.1922 0.1457
vn -0.6323 -0.5148 0.5789
vn -0.7649 -0.6434 0.0295
vn -0.9318 -0.2120 0.2947
vn -0.9523 0.3048 0.0158
vn -0.7768 -0.6294 0.0220
vn -0.7875 -0.6141 -0.0523
vn -0.9500 0.3117 0.0170
vn -0.7917 -0.6094 -0.0436
vn -0.9392 0.3418 0.0340
vn -0.9399 0.3369 0.0556
vn -0.8467 -0.5277 0.0681
vn -0.9404 0.3330 0.0690
vn -0.9377 0.3392 0.0757
vn -0.8749 -0.4712 0.1116
vn -0.9498 0.2922 0.1120
vn -0.9163 -0.3865 0.1049
vn -0.9502 0.2902 0.1137
vn -0.9508 0.2908 0.1070
vn -0.9541 0.2762 0.1157
vn -0.9285 -0.3530 0.1150
vn -0.9165 -0.3835 0.1140
vn -0.9527 0.2768 0.1252
vn -0.9707 -0.2305 0.0684
vn -0.9756 0.1359 0.1724
vn -0.9812 0.1212 0.1502
vn -0.9643 -0.2506 0.0856
vn -0.9257 -0.3626 0.1080
vn -0.9799 0.1316 0.1496
vn -0.9274 -0.3589 0.1057
vn -0.9783 0.1267 0.1640
vn -0.9802 0.1176 0.1594
vn -0.9420 -0.3176 0.1084
vn -0.9269 -0.3586 0.1105
vn -0.9802 0.1222 0.1560
vn -0.9330 -0.3477 0.0929
vn -0.9377 -0.3341 0.0953
vn -0.9813 0.1195 0.1510
vn -0.9806 0.1219 0.1536
vn -0.9325 -0.3384 0.1260
vn -0.9811 0.1193 0.1521
vn -0.9809 0.0980 0.1681
vn -0.9838 0.0674 0.1659
vn -0.9834 0.0602 0.1714
vn -0.9808 -0.0892 0.1734
vn -0.9807 -0.0866 0.1754
vn -0.9714 -0.1658 0.1699
vn -0.3213 0.6062 -0.7275
vn -0.3757 0.3891 -0.8411
vn -0.5967 -0.4320 -0.6763
vn -0.5509 -0.5303 -0.6444
vn -0.6769 -0.4592 -0.5753
vn -0.6578 -0.7211 -0.2173
vn -0.6810 -0.7276 0.0824
vn -0.6892 -0.7172 0.1032
vn -0.2699 0.9613 0.0561
vn -0.6257 -0.7140 0.3142
vn -0.7406 -0.5239 0.4208
vn -0.6903 -0.1982 0.6958
vn -0.6457 -0.1231 0.7536
vn -0.9746 0.0059 -0.2240
vn -0.9643 -0.0943 -0.2475
vn -0.9768 0.0036 -0.2140
vn -0.9770 0.0723 -0.2007
vn -0.9824 0.0590 -0.1770
vn -0.9832 0.0618 -0.1720
vn -0.9729 -0.0796 -0.2169
vn -0.9723 -0.0751 -0.2214
vn -0.9644 -0.1109 -0.2400
vn -0.9754 0.1654 -0.1456
vn -0.9764 0.1568 -0.1487
vn -0.9645 -0.1238 -0.2334
vn -0.9598 -0.1160 -0.2554
vn -0.9345 -0.2509 -0.2525
vn -0.9756 0.1723 -0.1361
vn -0.9380 -0.2816 -0.2022
vn -0.9394 -0.2703 -0.2111
vn -0.9580 -0.2602 -0.1209
vn -0.9773 0.2023 -0.0632
vn -0.9772 0.2033 -0.0612
vn -0.9548 -0.2761 -0.1099
vn -0.9782 0.2025 -0.0460
vn -0.9483 -0.3044 -0.0903
vn -0.9787 0.1998 -0.0474
vn -0.9413 -0.3261 -0.0874
vn -0.9306 -0.3627 -0.0501
vn -0.9696 0.2363 -0.0641
vn -0.9249 -0.3758 -0.0587
vn -0.8999 -0.4339 -0.0447
vn -0.9686 0.2411 -0.0615
vn -0.9640 0.2598 -0.0564
vn -0.8999 -0.4339 -0.0443
vn -0.9648 0.2587 -0.0477
vn -0.8758 -0.4794 -0.0562
vn -0.9647 0.2591 -0.0473
vn -0.8686 -0.4953 -0.0150
vn 0.0761 0.2350 -0.9690
vn -0.3044 0.3553 -0.8838
vn 0.5693 -0.4516 -0.6869
vn -0.4638 0.5815 -0.6684
vn -0.8344 -0.5487 0.0519
vn -0.8437 -0.5356 0.0375
vn -0.8061 0.4705 -0.3589
vn -0.8057 0.4875 -0.3365
vn 0.7583 -0.6500 0.0504
vn 0.4498 -0.8682 0.2097
vn -0.9102 0.4135 -0.0231
vn -0.9289 0.3704 -0.0041
vn 0.3320 -0.8571 0.3939
vn 0.0398 -0.8616 0.5060
vn -0.9423 0.3079 0.1314
vn -0.9343 0.3517 0.0585
vn -0.7819 -0.4924 0.3824
vn -0.9613 0.2633 0.0805
vn -0.9684 0.2369 0.0779
vn -0.9900 0.0567 0.1294
vn -0.8519 -0.3708 0.3698
vn -0.8356 -0.5419 0.0902
vn -0.8570 -0.5068 0.0934
vn -0.9690 -0.1548 0.1925
vn -0.9535 0.3012 0.0037
vn -0.9596 0.2813 0.0058
vn -0.9622 -0.0191 0.2718
vn -0.9777 0.1948 0.0783
vn -0.9451 -0.3205 0.0641
vn -0.8503 -0.5237 0.0525
vn -0.9107 -0.4112 0.0397
vn -0.9569 0.2901 0.0135
vn -0.9401 -0.3409 0.0042
vn -0.9043 -0.4263 -0.0217
vn -0.9409 -0.3388 -0.0013
vn -0.9375 -0.3479 -0.0074
vn -0.9358 -0.3510 0.0310
vn -0.9390 -0.3432 0.0238
vn -0.9333 -0.3546 0.0564
vn -0.9350 -0.3491 0.0620
vn -0.9530 0.2950 0.0685
vn -0.9350 -0.3478 0.0689
vn -0.9567 0.2794 0.0822
vn -0.9498 -0.3003 0.0874
vn -0.9501 -0.3005 0.0839
vn -0.9799 0.1621 0.1163
vn -0.9840 0.1410 0.1088
vn -0.9863 0.1207 0.1128
vn -0.9707 -0.2207 0.0946
vn -0.9709 -0.2192 0.0965
vn -0.9868 0.1078 0.1206
vn -0.9733 -0.2137 0.0843
vn -0.9715 -0.2270 0.0688
vn -0.9832 0.1120 0.1440
vn -0.9827 0.1251 0.1369
vn -0.9719 -0.2297 0.0505
vn -0.9520 -0.2991 0.0652
vn -0.9624 -0.2690 0.0379
vn -0.9789 0.1291 0.1584
vn -0.9772 0.1459 0.1539
vn -0.9807 0.1274 0.1487
vn -0.9505 -0.2988 0.0849
vn -0.9908 0.0083 0.1352
vn -0.9895 0.0081 0.1440
vn -0.9754 -0.1865 0.1178
vn -0.9801 0.1105 0.1650
vn -0.9836 0.0780 0.1627
vn -0.9829 0.0684 0.1712
vn -0.9776 -0.0987 0.1861
vn -0.5059 0.2533 -0.8245
vn -0.7107 0.0558 -0.7013
vn -0.6008 -0.0962 -0.7936
vn -0.6834 -0.1871 -0.7057
vn -0.8075 -0.3238 -0.4931
vn -0.7126 -0.5817 -0.3923
vn -0.8745 -0.4832 -0.0431
vn -0.8735 -0.4810 0.0752
vn -0.8929 -0.3652 0.2632
vn -0.8743 -0.3700 0.3141
vn -0.7295 0.1174 0.6739
vn -0.8653 -0.0769 0.4952
vn -0.8390 -0.1914 0.5093
vn -0.9819 0.0291 -0.1871
vn -0.9858 0.0976 -0.1370
vn -0.9764 -0.0748 -0.2026
vn -0.9704 -0.1045 -0.2178
vn -0.9868 0.0948 -0.1315
vn -0.9711 -0.1077 -0.2129
vn -0.9918 0.1075 -0.0696
vn -0.9843 0.1643 -0.0650
vn -0.9825 0.1757 -0.0624
vn -0.9846 0.1591 -0.0729
vn -0.9696 -0.2259 -0.0939
vn -0.9819 0.1834 -0.0474
vn -0.9643 -0.2479 -0.0925
vn -0.9805 0.1916 -0.0444
vn -0.9641 -0.2521 -0.0832
vn -0.9606 -0.2663 -0.0795
vn -0.9788 0.1945 -0.0637
vn -0.9822 0.1793 -0.0563
vn -0.9815 0.1788 -0.0685
vn -0.9628 -0.2640 -0.0571
vn -0.9506 -0.3055 -0.0552
vn -0.9455 -0.3232 -0.0398
vn -0.9801 0.1895 -0.0592
vn -0.9808 0.1888 -0.0484
vn -0.8990 -0.4377 -0.0171
vn -0.8884 -0.4590 -0.0127
vn -0.9666 0.2557 -0.0186
vn -0.4296 -0.4536 -0.7809
vn -0.7269 -0.1682 -0.6659
vn -0.7364 0.3400 -0.5850
vn -0.1216 -0.9064 -0.4045
vn -0.9647 0.2630 -0.0166
vn -0.8800 -0.4742 0.0272
vn -0.8829 0.3819 -0.2732
vn -0.9632 0.2684 -0.0132
vn -0.5066 -0.8490 0.1499
vn -0.9403 0.3404 -0.0047
vn -0.9474 -0.3189 0.0276
vn -0.9493 0.3141 0.0131
vn -0.9614 0.2744 0.0178
vn -0.4676 -0.7045 0.5339
vn -0.8466 -0.2094 0.4892
vn -0.9676 0.1501 0.2031
vn -0.9553 0.0307 0.2940
vn -0.8446 -0.3318 0.4202
vn -0.9290 -0.3609 0.0814
vn -0.9638 0.2665 0.0013
vn -0.9468 -0.3102 0.0854
vn -0.9517 -0.3024 0.0521
vn -0.9605 -0.2751 0.0411
vn -0.9597 -0.2809 -0.0117
vn -0.9650 -0.2590 0.0402
vn -0.9730 -0.2248 0.0516
vn -0.9528 -0.3006 0.0419
vn -0.9862 0.1592 0.0465
vn -0.9713 -0.2334 0.0455
vn -0.9583 -0.2722 0.0870
vn -0.9872 0.1439 0.0688
vn -0.9854 0.1492 0.0819
vn -0.9857 0.1432 0.0888
vn -0.9745 -0.1966 0.1083
vn -0.9646 -0.2392 0.1108
vn -0.9756 -0.1857 0.1169
vn -0.9866 0.1186 0.1125
vn -0.9806 -0.1743 0.0902
vn -0.9860 -0.1534 0.0662
vn -0.9799 -0.1800 0.0857
vn -0.9864 0.1097 0.1223
vn -0.9869 0.1061 0.1220
vn -0.9917 0.0878 0.0941
vn -0.9845 -0.1722 0.0343
vn -0.9925 0.0757 0.0964
vn -0.9805 -0.1876 0.0583
vn -0.9868 0.1121 0.1169
vn -0.9858 0.1113 0.1255
vn -0.9860 0.1067 0.1282
vn -0.9987 -0.0176 0.0478
vn -0.9773 -0.2115 0.0142
vn -0.9879 0.1066 0.1130
vn -0.9946 0.0626 0.0824
vn -0.9981 0.0131 0.0595
vn -0.9984 -0.0026 0.0574
vn -0.9714 -0.2358 0.0277
vn -0.9908 0.0831 0.1071
vn -0.9881 0.0553 0.1437
vn -0.9911 0.0060 0.1333
vn -0.9900 -0.0763 0.1191
vn -0.9044 0.3015 -0.3019
vn -0.8508 0.4900 -0.1898
vn -0.9661 -0.0715 -0.2482
vn -0.9842 -0.1700 -0.0493
vn -0.9602 -0.1893 0.2054
vn -0.9084 0.3826 0.1689
vn -0.9471 -0.0755 0.3120
vn -0.9911 0.0563 -0.1208
vn -0.9874 0.0203 -0.1571
vn -0.9840 -0.0582 -0.1687
vn -0.9917 0.0526 -0.1171
vn -0.9952 -0.0309 -0.0926
vn -0.9920 -0.0589 -0.1114
vn -0.9922 -0.0580 -0.1101
vn -0.9901 -0.0991 -0.0990
vn -0.9918 0.1073 -0.0694
vn -0.9939 0.0512 -0.0981
vn -0.9951 0.0631 -0.0765
vn -0.9901 -0.0938 -0.1047
vn -0.9705 -0.2223 -0.0929
vn -0.9966 -0.0313 -0.0758
vn -0.9953 0.0629 -0.0741
vn -0.9951 -0.0557 -0.0817
vn -0.9952 0.0635 -0.0742
vn -0.9964 -0.0234 -0.0812
vn -0.9752 -0.2071 -0.0774
vn -0.9911 0.1241 -0.0485
vn -0.9950 -0.0592 -0.0807
vn -0.9935 -0.0797 -0.0809
vn -0.9932 -0.0872 -0.0774
vn -0.9883 0.1440 -0.0511
vn -0.9920 0.1096 -0.0621
vn -0.9935 0.0963 -0.0610
vn -0.9742 -0.2136 -0.0729
vn -0.9729 -0.2197 -0.0723
vn -0.9883 0.1441 -0.0491
vn -0.9882 0.1447 -0.0494
vn -0.9775 -0.2037 -0.0554
vn -0.9713 -0.2310 -0.0564
vn -0.9671 -0.2487 -0.0528
vn -0.9822 0.1761 -0.0654
vn -0.9874 0.1451 -0.0629
vn -0.9678 -0.2478 -0.0456
vn -0.9648 -0.2617 -0.0273
vn -0.9831 0.1750 -0.0536
vn -0.9638 -0.2647 -0.0324
vn -0.9810 0.1880 -0.0479
vn -0.9633 -0.2681 -0.0162
vn -0.9634 -0.2674 -0.0170
vn -0.9848 0.1728 -0.0150
vn -0.9655 -0.2604 0.0031
vn -0.9489 0.2977 -0.1046
vn -0.9776 -0.0590 -0.2021
vn -0.8175 -0.5569 0.1466
vn -0.9631 -0.2687 0.0149
vn -0.9555 0.2939 0.0260
vn -0.9830 -0.0097 0.1835
vn -0.9059 -0.3493 0.2395
vn -0.9593 -0.2816 0.0234
vn -0.9816 0.1889 0.0275
vn -0.9829 0.1839 -0.0044
vn -0.9858 0.1678 0.0049
vn -0.9627 -0.2614 0.0696
vn -0.9579 -0.2792 0.0674
vn -0.9634 -0.2640 0.0470
vn -0.9580 -0.2812 0.0565
vn -0.9834 0.1811 0.0136
vn -0.9748 -0.2135 0.0643
vn -0.9849 0.1695 0.0351
vn -0.9800 -0.1965 0.0322
vn -0.9778 -0.2085 0.0205
vn -0.9851 0.1714 0.0112
vn -0.9930 0.0961 0.0689
vn -0.9666 -0.2563 0.0049
vn -0.9869 0.1601 0.0217
vn -0.9919 0.1235 0.0285
vn -0.9892 0.0640 0.1319
vn -0.9804 -0.1919 0.0443
vn -0.9920 0.1232 0.0290
vn -0.9867 0.0262 0.1603
vn -0.9884 0.0014 0.1518
vn -0.9858 -0.0575 0.1578
vn -0.9821 -0.1158 0.1484
vn -0.9832 -0.1423 0.1141
vn -0.9840 -0.1118 0.1384
vn -0.9961 0.0699 0.0531
vn -0.9946 0.0520 0.0898
vn -0.9836 -0.0333 0.1774
vn -0.9948 0.0175 0.1004
vn -0.9860 0.1579 0.0541
vn -0.9917 0.1240 0.0334
vn -0.9961 0.0669 0.0574
vn -0.9964 0.0198 0.0828
vn -0.9976 0.0519 0.0467
vn -0.9977 -0.0321 0.0599
vn -0.9970 -0.0384 0.0674
vn -0.9869 0.1551 0.0435
vn -0.9925 0.0967 0.0743
vn -0.9977 0.0018 0.0677
vn -0.9939 -0.0858 0.0689
vn -0.9930 -0.1029 0.0582
vn -0.9869 -0.1459 0.0684
vn -0.9978 0.0275 0.0611
vn -0.9962 0.0027 0.0869
vn -0.9956 0.0257 0.0900
vn -0.9996 -0.0247 -0.0157
vn -0.9946 -0.1030 0.0088
vn -0.9914 -0.1244 0.0412
vn -0.9961 0.0751 0.0453
vn -0.9980 0.0416 0.0480
vn -0.9965 0.0759 0.0363
vn -0.9984 0.0479 0.0304
vn -0.9924 0.1185 -0.0326
vn -0.9956 0.0226 -0.0911
vn -0.9953 0.0287 -0.0921
vn -0.9884 -0.0472 -0.1441
vn -0.9888 -0.0455 -0.1420
vn -0.9952 -0.0962 -0.0179
vn -0.9962 0.0713 0.0490
vn -0.9993 0.0075 0.0375
vn -0.9954 0.0889 -0.0368
vn -0.9898 -0.0996 -0.1015
vn -0.9825 -0.1584 -0.0978
vn -0.9849 -0.1706 0.0296
vn -0.9906 -0.1338 0.0291
vn -0.9890 0.1323 0.0655
vn -0.9906 0.1186 0.0687
vn -0.2796 0.2970 -0.9130
vn 0.1393 0.3491 -0.9267
vn -0.1665 0.2273 -0.9595
vn -0.9840 -0.1676 -0.0604
vn -0.9683 -0.2494 -0.0164
vn -0.9901 0.1399 0.0102
vn -0.9497 0.2871 -0.1247
vn -0.9744 -0.2037 0.0947
vn 0.6697 -0.7340 -0.1128
vn -0.9901 0.1157 0.0800
vn -0.9902 0.1138 0.0815
vn -0.9984 0.0393 0.0416
vn -0.9999 -0.0064 0.0119
vn -0.9938 0.1110 0.0015
vn -0.9721 0.1732 0.1583
vn -0.7931 -0.4407 0.4205
vn -0.2066 -0.9410 0.2682
vn -0.9857 -0.1432 0.0890
vn -0.9843 -0.1555 0.0838
vn -0.9989 0.0392 -0.0271
vn -0.9931 0.1148 0.0250
vn -0.9966 0.0615 0.0556
vn -0.9851 0.1409 0.0987
vn -0.9945 0.0326 0.1000
vn -0.9771 -0.1409 0.1592
vn -0.9877 -0.0166 0.1555
vn -0.9985 0.0399 0.0365
vn -0.9986 0.0390 0.0349
vn -0.9979 0.0579 0.0295
vn -0.9887 0.1138 0.0980
vn -0.9963 -0.0046 0.0860
vn -0.9844 -0.1434 0.1024
vn -0.9881 0.0923 0.1227
vn -0.9829 -0.1605 0.0905
vn -0.9938 0.0568 0.0951
vn -0.9952 0.0228 0.0952
vn -0.9947 -0.0401 0.0949
vn -0.9943 -0.0684 0.0823
vn -0.9908 0.0821 0.1080
vn -0.9937 0.0605 0.0946
vn -0.9973 0.0065 0.0735
vn -0.9972 -0.0349 0.0665
vn -0.9973 0.0162 0.0717
vn -0.9973 -0.0382 0.0621
vn -0.9987 -0.0177 0.0481
vn -0.9952 0.0638 -0.0744
vn -0.9956 -0.0343 -0.0874
vn -0.9978 -0.0411 -0.0518
vn -0.9973 -0.0496 -0.0538
vn -0.9945 -0.0879 -0.0565
vn -0.9941 0.0967 -0.0499
vn -0.9930 0.1051 -0.0535
vn -0.9967 0.0647 -0.0484
vn -0.9970 0.0589 -0.0501
vn -0.9960 -0.0731 -0.0518
vn -0.9789 -0.1971 -0.0534
vn -0.9980 -0.0390 -0.0506
vn -0.9978 -0.0367 -0.0545
vn -0.9956 -0.0752 -0.0551
vn -0.9779 -0.2058 -0.0358
vn -0.9929 0.1030 -0.0601
vn -0.9956 0.0795 -0.0495
vn -0.9969 0.0583 -0.0537
vn -0.9955 -0.0855 -0.0400
vn -0.9933 0.1008 -0.0563
vn -0.9766 -0.2105 -0.0450
vn -0.9881 0.1490 -0.0393
vn -0.9735 -0.2268 -0.0295
vn -0.9895 0.1333 -0.0559
vn -0.9939 -0.0959 -0.0540
vn -0.9947 -0.0968 -0.0334
vn -0.9966 0.0782 -0.0269
vn -0.9738 -0.2267 -0.0179
vn -0.9930 -0.1167 -0.0157
vn -0.9744 -0.2242 -0.0148
vn -0.9911 0.1324 -0.0143
vn -0.9734 -0.2289 0.0025
vn -0.9932 -0.1163 0.0037
vn -0.9834 0.1811 -0.0150
vn -0.9744 -0.2247 0.0064
vn -0.9917 0.1277 -0.0131
vn -0.9933 0.1155 -0.0070
vn -0.9936 -0.1133 0.0049
vn -0.9974 0.0717 -0.0018
vn -0.9850 0.1721 -0.0132
vn -0.9908 0.1344 -0.0139
vn -0.9721 -0.2340 0.0154
vn -0.9976 0.0692 0.0007
vn -0.9960 -0.0817 0.0363
vn -0.9936 -0.1087 0.0312
vn -0.9910 0.1288 0.0373
vn -0.9856 0.1691 0.0061
vn -0.9923 0.1241 -0.0040
vn -0.9701 -0.2369 0.0521
vn -0.9971 0.0750 0.0114
vn -0.9859 0.1673 0.0086
vn -0.9937 0.1119 0.0102
vn -0.9945 0.1040 0.0123
vn -0.9994 0.0197 0.0292
vn -0.9992 -0.0256 0.0322
vn -0.9925 -0.1163 0.0383
vn -0.9835 -0.1725 0.0551
vn -0.9980 0.0591 0.0217
vn -0.9995 0.0138 0.0271
vn -0.9991 -0.0274 0.0331
vn -0.9956 -0.0862 0.0364
vn -0.9960 -0.0807 0.0386
vn -0.9893 0.1429 0.0283
vn -0.9851 -0.1650 0.0490
vn -0.9964 0.0620 0.0585
vn -0.9963 -0.0191 0.0834
vn -0.9972 -0.0292 0.0693
vn -0.9893 0.1421 0.0317
vn -0.9969 0.0102 0.0782
vn -0.9949 -0.0838 0.0559
vn -0.9922 -0.1014 0.0726
vn -0.9931 0.1011 0.0587
vn -0.9960 0.0234 0.0863
vn -0.9900 0.1324 0.0479
vn -0.9926 0.1050 0.0608
vn -0.9977 -0.0504 0.0463
vn -0.9947 -0.1005 0.0216
vn -0.9907 -0.1321 0.0324
vn -0.9915 0.0961 0.0875
vn -0.9974 0.0260 0.0677
vn -0.9978 0.0305 0.0592
vn -0.9985 -0.0134 0.0528
vn -0.9991 -0.0043 0.0433
vn -0.9903 0.0403 0.1330
vn 0.7796 0.1206 -0.6145
vn 0.6645 0.2554 -0.7023
vn 0.5171 0.1475 -0.8431
vn 0.5384 0.1378 -0.8314
vn 0.4331 -0.8663 0.2490
vn 0.3411 -0.8293 0.4426
vn -0.2394 -0.6750 0.6979
vn 0.8695 0.2498 -0.4262
vn -0.3623 -0.7260 0.5845
vn 0.3257 0.5119 -0.7949
vn -0.3280 -0.8727 0.3618
vn -0.2696 -0.8981 0.3475
vn -0.0942 -0.8259 0.5559
vn -0.3069 0.1202 0.9441
vn -0.2227 -0.0185 0.9747
vn -0.2586 -0.0371 0.9653
vn -0.2560 -0.1234 0.9588
vn -0.9978 -0.0372 -0.0553
vn -0.9975 0.0496 -0.0500
vn -0.9975 -0.0306 -0.0633
vn -0.9980 0.0619 -0.0148
vn -0.9986 0.0464 -0.0241
vn -0.9998 0.0095 -0.0178
vn -0.9991 -0.0289 -0.0312
vn -0.9985 -0.0511 -0.0206
vn -0.9980 0.0624 -0.0056
vn -0.9992 0.0396 0.0057
vn -0.9986 -0.0522 0.0064
vn -0.9986 -0.0527 0.0064
vn -0.9999 0.0092 0.0050
vn -0.9998 -0.0193 0.0102
vn -0.9997 0.0227 -0.0037
vn 0.9601 0.1230 -0.2511
vn 0.9589 0.1158 -0.2589
vn -0.0242 -0.9960 0.0857
vn -0.3131 -0.9232 0.2227
vn 0.7724 0.2393 -0.5883
vn -0.7438 -0.5899 0.3142
vn -0.5603 -0.7194 0.4106
vn -0.8365 -0.2883 0.4660
vn -0.9611 -0.0427 0.2731
vn -0.9240 -0.1252 0.3612
vn -0.8145 -0.3493 0.4633
vn -0.7527 -0.4163 0.5101
vn -0.9603 0.1739 0.2183
vn -0.9480 0.2242 0.2261
vn -0.9245 -0.0729 0.3743
vn -0.9419 -0.0400 0.3335
vn -0.9420 -0.0381 0.3335
vn -0.9340 0.0023 0.3573
vn -0.9389 -0.0024 0.3441
vn -0.9406 0.0283 0.3384
vn -0.9188 -0.1301 0.3727
vn -0.9606 -0.0335 0.2759
vn -0.9576 -0.0364 0.2859
vn 0.2532 -0.4034 -0.8793
vn -0.4188 -0.8963 -0.1455
vn 0.1008 -0.8631 -0.4949
vn 0.9725 0.1205 -0.1993
vn -0.3368 -0.9402 -0.0505
vn -0.3308 -0.9404 -0.0784
vn -0.6028 -0.7900 0.1122
vn -0.4336 -0.8644 0.2545
vn -0.4489 -0.8404 0.3037
vn -0.6206 -0.7170 0.3176
vn -0.6422 -0.7089 0.2916
vn -0.9114 -0.2043 0.3573
vn -0.7222 -0.5941 0.3543
vn -0.9276 -0.2729 0.2553
vn -0.9410 -0.2036 0.2704
vn -0.9718 -0.0356 0.2332
vn -0.9719 -0.0355 0.2328
vn -0.9696 -0.0418 0.2410
vn -0.9742 0.0797 0.2111
vn -0.9710 0.0550 0.2328
vn -0.9762 -0.1059 0.1892
vn -0.9762 -0.0400 0.2130
vn -0.9539 -0.0510 0.2958
vn -0.9673 -0.0021 0.2537
vn 0.1061 -0.4019 -0.9095
vn 0.0126 -0.6420 -0.7666
vn -0.5318 -0.7404 -0.4111
vn -0.5616 -0.7922 -0.2387
vn -0.7836 -0.6186 -0.0576
vn -0.7204 -0.6922 -0.0431
vn -0.7234 -0.6857 -0.0799
vn -0.8449 -0.5302 0.0712
vn -0.8427 -0.5284 0.1030
vn -0.9276 -0.2983 0.2248
vn 0.7372 0.3692 -0.5659
vn -0.9310 -0.3190 0.1773
vn -0.9698 -0.0696 0.2340
vn -0.9732 -0.0350 0.2273
vn -0.9744 -0.0161 0.2244
vn -0.9687 -0.0447 0.2442
vn -0.9467 -0.0102 0.3221
vn -0.9470 -0.0368 0.3191
vn -0.9585 -0.0199 0.2843
vn -0.9587 -0.0125 0.2843
vn -0.9641 -0.0235 0.2646
vn -0.9620 -0.0386 0.2702
vn 0.5745 -0.4561 -0.6796
vn 0.0998 -0.7906 -0.6041
vn -0.2899 -0.8740 -0.3899
vn -0.4237 -0.8187 -0.3876
vn -0.3163 -0.7758 -0.5460
vn -0.6809 -0.7213 -0.1271
vn -0.5221 -0.7096 -0.4732
vn -0.6370 -0.6118 -0.4690
vn -0.8026 -0.5721 -0.1690
vn -0.7185 -0.6771 -0.1591
vn -0.7209 -0.6721 -0.1694
vn -0.8861 -0.4610 0.0467
vn -0.8980 -0.4333 0.0762
vn -0.9625 -0.1887 0.1951
vn 0.9405 0.1474 -0.3063
vn -0.9692 -0.0430 0.2427
vn -0.9380 0.1095 0.3290
vn -0.9691 -0.0299 0.2449
vn -0.9365 0.0986 0.3365
vn -0.9538 -0.0664 0.2930
vn -0.9550 -0.0521 0.2921
vn -0.9649 -0.0237 0.2614
vn -0.9445 -0.0242 0.3276
vn 0.4890 -0.2911 -0.8223
vn -0.3321 -0.6933 -0.6395
vn -0.6257 -0.7116 -0.3195
vn 0.9545 0.0978 -0.2819
vn -0.5881 -0.7453 -0.3140
vn -0.4420 -0.7190 -0.5363
vn -0.7825 -0.6052 -0.1463
vn -0.9439 -0.3281 0.0363
vn 0.9629 0.1379 -0.2320
vn -0.9504 -0.3007 0.0791
vn -0.9711 -0.0947 0.2193
vn -0.9703 -0.1224 0.2085
vn -0.9695 -0.0438 0.2409
vn -0.9690 -0.0698 0.2368
vn -0.9621 -0.0685 0.2641
vn -0.9655 -0.0401 0.2574
vn -0.9351 0.0875 0.3435
vn -0.9645 -0.0624 0.2568
vn -0.9429 -0.0500 0.3293
vn -0.9452 -0.0726 0.3183
vn 0.2703 -0.7418 -0.6137
vn -0.1279 -0.9472 -0.2941
vn -0.4652 -0.4694 -0.7505
vn -0.2490 -0.9116 -0.3270
vn -0.1877 -0.4749 -0.8598
vn -0.2685 -0.8879 -0.3736
vn -0.3679 -0.7326 -0.5727
vn -0.6545 -0.6802 -0.3300
vn -0.7321 -0.6730 -0.1052
vn -0.7837 -0.5461 -0.2958
vn -0.8286 -0.5204 -0.2061
vn -0.9160 -0.4010 0.0113
vn -0.9252 -0.3762 -0.0490
vn -0.9475 -0.3187 0.0276
vn -0.9788 -0.0877 0.1851
vn 0.6557 0.7040 -0.2728
vn -0.9645 -0.0617 0.2569
vn -0.9646 -0.0482 0.2593
vn -0.9512 -0.1047 0.2902
vn -0.9391 -0.0439 0.3408
vn -0.9539 -0.0142 0.2998
vn -0.9518 -0.0231 0.3059
vn -0.9456 -0.1035 0.3083
vn 0.7603 -0.0822 -0.6444
vn -0.3358 -0.7916 -0.5105
vn -0.4798 -0.4838 -0.7320
vn -0.5121 -0.5830 -0.6308
vn -0.6770 -0.5758 -0.4583
vn -0.8385 -0.5176 -0.1704
vn -0.9393 -0.2138 -0.2684
vn -0.9083 -0.4028 -0.1128
vn -0.9091 -0.3779 -0.1752
vn -0.9371 -0.3439 -0.0592
vn -0.9525 -0.3043 -0.0124
vn -0.9639 -0.2611 -0.0525
vn -0.9646 -0.2565 0.0620
vn -0.9754 -0.1031 0.1949
vn -0.9744 -0.1179 0.1913
vn -0.9684 -0.0630 0.2413
vn -0.9581 -0.0621 0.2797
vn -0.9533 -0.0852 0.2896
vn -0.9544 0.1805 0.2378
vn -0.9511 -0.0377 0.3066
vn -0.9496 -0.1094 0.2938
vn -0.9421 -0.0528 0.3311
vn -0.9487 -0.0075 0.3161
vn 0.8915 0.1161 -0.4378
vn 0.2715 -0.4123 -0.8696
vn -0.5821 -0.6633 -0.4703
vn -0.8168 -0.4278 -0.3871
vn -0.8055 -0.4128 -0.4252
vn -0.8937 -0.3774 -0.2427
vn -0.9454 -0.3042 -0.1172
vn -0.9444 -0.3090 -0.1128
vn -0.9810 -0.1929 0.0216
vn -0.9454 -0.3082 -0.1064
vn -0.9675 -0.2521 -0.0202
vn 0.9553 0.1566 -0.2507
vn -0.9814 -0.1572 0.1103
vn 0.7907 0.4132 -0.4517
vn -0.9667 -0.2557 0.0137
vn -0.9823 -0.1520 0.1097
vn -0.9728 -0.1220 0.1970
vn -0.9601 -0.1023 0.2603
vn -0.9766 -0.1033 0.1888
vn -0.9672 -0.0882 0.2383
vn -0.7803 0.5717 0.2536
vn -0.9648 -0.0385 0.2600
vn -0.9543 -0.0714 0.2901
vn -0.9548 -0.0692 0.2891
vn -0.9492 -0.1102 0.2947
vn -0.1656 -0.2169 -0.9621
vn -0.9515 -0.2927 -0.0946
vn -0.9412 -0.3255 -0.0904
vn -0.9718 -0.2352 -0.0137
vn -0.9356 -0.3280 -0.1308
vn -0.9753 -0.2104 0.0671
vn -0.9777 -0.1558 0.1409
vn -0.9817 -0.1324 0.1370
vn -0.9598 -0.1489 0.2380
vn -0.9640 -0.1179 0.2382
vn -0.9577 -0.1169 0.2630
vn -0.9706 -0.0988 0.2196
vn -0.8658 0.3919 0.3113
vn -0.9515 -0.0776 0.2978
vn -0.9518 -0.1082 0.2870
vn -0.9455 -0.0390 0.3234
vn 0.3247 -0.1211 -0.9380
vn -0.7396 -0.5422 -0.3988
vn -0.3410 -0.3275 -0.8812
vn 0.2779 -0.3766 -0.8837
vn -0.5926 -0.7524 -0.2876
vn -0.1659 -0.2168 -0.9620
vn -0.9487 -0.3051 -0.0831
vn -0.9112 -0.4004 -0.0973
vn -0.9193 -0.3681 -0.1395
vn -0.9749 -0.2174 0.0489
vn -0.9589 -0.2838 0.0079
vn -0.9750 -0.2122 0.0655
vn -0.9758 -0.1734 0.1333
vn -0.9690 -0.1559 0.1916
vn -0.9693 -0.1680 0.1792
vn -0.9631 -0.1424 0.2284
vn -0.9611 -0.1164 0.2506
vn -0.9358 0.1775 0.3046
vn -0.9647 -0.0424 0.2601
vn -0.2085 -0.7966 -0.5675
vn -0.1165 -0.1627 -0.9798
vn -0.8872 -0.3159 -0.3364
vn -0.9453 -0.2661 -0.1884
vn -0.3867 0.5626 -0.7307
vn -0.9771 -0.2011 -0.0693
vn -0.9210 -0.3661 -0.1333
vn -0.9619 -0.2733 -0.0063
vn -0.9751 -0.1872 0.1187
vn -0.9629 -0.2545 0.0893
vn -0.9700 -0.1794 0.1640
vn -0.9772 0.0091 0.2122
vn -0.9784 -0.1580 0.1335
vn -0.9545 -0.1385 0.2640
vn -0.9575 -0.0815 0.2767
vn -0.9727 -0.1152 -0.2013
vn -0.9734 -0.1128 -0.1995
vn -0.9685 -0.2104 -0.1334
vn -0.9704 -0.2229 -0.0931
vn -0.9945 -0.1048 -0.0075
vn -0.9774 -0.2082 -0.0371
vn -0.9938 -0.1107 -0.0139
vn -0.9772 -0.2122 -0.0083
vn -0.9875 0.1325 0.0859
vn -0.9971 0.0487 0.0587
vn -0.9930 -0.0952 0.0701
vn -0.9820 -0.1468 0.1190
vn -0.9787 -0.1762 0.1050
vn -0.9885 0.0016 0.1510
vn -0.9825 -0.0805 0.1682
vn -0.9775 -0.1356 0.1616
vn -0.9775 -0.1310 0.1654
vt 0.010706 0.704219
vt 0.011275 0.700663
vt 0.005283 0.702534
vt 0.016807 0.703713
vt 0.021143 0.702701
vt 0.021098 0.700922
vt 0.016389 0.700383
vt 0.762583 0.929530
vt 0.758405 0.931563
vt 0.763702 0.932407
vt 0.767551 0.930010
vt 0.773775 0.931563
vt 0.203103 0.920708
vt 0.206082 0.916768
vt 0.214532 0.931789
vt 0.210882 0.912747
vt 0.225057 0.908026
vt 0.223797 0.915907
vt 0.199328 0.922903
vt 0.200690 0.929578
vt 0.204432 0.931315
vt 0.214810 0.942022
vt 0.816389 0.032217
vt 0.824679 0.025083
vt 0.822762 0.024580
vt 0.223351 0.943837
vt 0.836063 0.019029
vt 0.223554 0.925547
vt 0.224313 0.907310
vt 0.239366 0.943842
vt 0.236019 0.925313
vt 0.238969 0.904684
vt 0.234128 0.906381
vt 0.240344 0.908575
vt 0.228123 0.952181
vt 0.220592 0.950411
vt 0.235923 0.947511
vt 0.250906 0.938711
vt 0.249298 0.922697
vt 0.256109 0.901642
vt 0.427954 0.495369
vt 0.416129 0.494559
vt 0.410327 0.495581
vt 0.251516 0.906881
vt 0.836701 0.050904
vt 0.832763 0.057850
vt 0.843753 0.054200
vt 0.226311 0.957532
vt 0.231171 0.958079
vt 0.244586 0.957341
vt 0.241299 0.961365
vt 0.255573 0.956699
vt 0.262110 0.931932
vt 0.266082 0.900730
vt 0.270837 0.908248
vt 0.404563 0.494308
vt 0.400183 0.496165
vt 0.232268 0.963133
vt 0.242108 0.967587
vt 0.254097 0.967854
vt 0.263915 0.971933
vt 0.266461 0.964932
vt 0.275703 0.953254
vt 0.281875 0.943764
vt 0.391366 0.494247
vt 0.390665 0.495960
vt 0.275369 0.899370
vt 0.288349 0.902195
vt 0.855267 0.071275
vt 0.857178 0.076052
vt 0.868553 0.069019
vt 0.251934 0.976264
vt 0.243584 0.972261
vt 0.265462 0.980214
vt 0.280733 0.981493
vt 0.283601 0.975957
vt 0.286309 0.898039
vt 0.376857 0.494837
vt 0.379494 0.496013
vt 0.299566 0.932997
vt 0.300225 0.307869
vt 0.290609 0.307298
vt 0.293360 0.305844
vt 0.703731 0.927074
vt 0.703448 0.923138
vt 0.709194 0.924503
vt 0.695430 0.923106
vt 0.284700 0.989331
vt 0.272787 0.985446
vt 0.297130 0.989522
vt 0.296131 0.974780
vt 0.306913 0.991177
vt 0.369356 0.495369
vt 0.296114 0.895973
vt 0.307934 0.907700
vt 0.009126 0.428087
vt 0.007205 0.433261
vt 0.008185 0.422339
vt 0.306731 0.897202
vt 0.882786 0.090876
vt 0.884804 0.092707
vt 0.887111 0.090485
vt 0.698233 0.920856
vt 0.691824 0.918130
vt 0.682804 0.921349
vt 0.670540 0.924003
vt 0.680257 0.919781
vt 0.663018 0.918484
vt 0.303296 0.996417
vt 0.311606 0.984235
vt 0.312448 0.930660
vt 0.312824 0.898396
vt 0.316923 0.905046
vt 0.905854 0.090473
vt 0.905892 0.095817
vt 0.912278 0.089179
vt 0.673550 0.918013
vt 0.668395 0.915543
vt 0.318370 0.999521
vt 0.305900 0.999126
vt 0.331754 0.984938
vt 0.328980 0.994931
vt 0.326920 0.960145
vt 0.332066 0.931465
vt 0.920383 0.003646
vt 0.924988 0.002387
vt 0.922844 0.001673
vt 0.330040 0.917057
vt 0.315627 0.897420
vt 0.338747 0.965814
vt 0.322662 0.899790
vt 0.323625 0.902609
vt 0.330910 0.900403
vt 0.659855 0.916472
vt 0.647505 0.918169
vt 0.653941 0.913113
vt 0.919368 0.060523
vt 0.922862 0.069325
vt 0.935263 0.047089
vt 0.635886 0.917325
vt 0.644138 0.914264
vt 0.338241 0.999126
vt 0.628051 0.921859
vt 0.343671 0.991127
vt 0.358704 0.986137
vt 0.324987 0.898050
vt 0.346656 0.955516
vt 0.328292 0.898617
vt 0.335146 0.901746
vt 0.336594 0.905876
vt 0.350206 0.925819
vt 0.342145 0.901689
vt 0.647652 0.912629
vt 0.647229 0.910355
vt 0.632700 0.916067
vt 0.628099 0.917794
vt 0.347000 0.995237
vt 0.942399 0.004643
vt 0.945499 0.004647
vt 0.945271 0.003159
vt 0.356258 0.971627
vt 0.952186 0.002408
vt 0.343916 0.904351
vt 0.347790 0.903766
vt 0.356947 0.943453
vt 0.767051 0.031160
vt 0.768972 0.035028
vt 0.767255 0.036105
vt 0.348714 0.903759
vt 0.953746 0.107671
vt 0.959824 0.100794
vt 0.953904 0.102215
vt 0.950660 0.105424
vt 0.618436 0.920551
vt 0.618387 0.923925
vt 0.615948 0.922774
vt 0.356730 0.994390
vt 0.348199 0.998043
vt 0.963167 0.060049
vt 0.968251 0.040179
vt 0.958288 0.034396
vt 0.954118 0.039330
vt 0.356535 0.991099
vt 0.361099 0.989267
vt 0.367105 0.963965
vt 0.369132 0.974471
vt 0.363179 0.984248
vt 0.368044 0.979052
vt 0.366057 0.984170
vt 0.767051 0.039789
vt 0.352307 0.903527
vt 0.362254 0.926033
vt 0.356167 0.906186
vt 0.360060 0.912042
vt 0.360199 0.917406
vt 0.415127 0.534520
vt 0.439989 0.542105
vt 0.417834 0.545276
vt 0.642828 0.311462
vt 0.640552 0.298658
vt 0.659269 0.310305
vt 0.666603 0.300353
vt 0.438007 0.557198
vt 0.422950 0.556944
vt 0.476942 0.559126
vt 0.611188 0.316210
vt 0.609327 0.303076
vt 0.471219 0.545287
vt 0.581026 0.313011
vt 0.499034 0.551683
vt 0.580700 0.303664
vt 0.502962 0.564133
vt 0.507565 0.558621
vt 0.568537 0.309932
vt 0.512382 0.548703
vt 0.976022 0.084264
vt 0.979724 0.080440
vt 0.976937 0.077178
vt 0.818924 0.671290
vt 0.822550 0.671691
vt 0.822891 0.668882
vt 0.820989 0.665720
vt 0.371487 0.978327
vt 0.373634 0.975721
vt 0.531700 0.901504
vt 0.534837 0.900767
vt 0.534188 0.902685
vt 0.374878 0.959378
vt 0.376081 0.966221
vt 0.373378 0.968603
vt 0.374701 0.972352
vt 0.724807 0.994727
vt 0.725740 0.991195
vt 0.728626 0.993328
vt 0.366932 0.911604
vt 0.487512 0.298658
vt 0.488473 0.302913
vt 0.487512 0.305369
vt 0.541306 0.901504
vt 0.370923 0.930466
vt 0.368682 0.933239
vt 0.373194 0.937557
vt 0.370399 0.943398
vt 0.692499 0.990478
vt 0.698692 0.988606
vt 0.697965 0.994101
vt 0.709927 0.988736
vt 0.714663 0.992876
vt 0.716312 0.987782
vt 0.722204 0.991416
vt 0.721698 0.992893
vt 0.666186 0.994727
vt 0.670956 0.992478
vt 0.685208 0.992200
vt 0.676207 0.991212
vt 0.683658 0.989088
vt 0.327634 0.514263
vt 0.355818 0.522666
vt 0.346796 0.541135
vt 0.731276 0.311658
vt 0.727447 0.299045
vt 0.756941 0.301437
vt 0.366040 0.544348
vt 0.365887 0.558025
vt 0.714304 0.325945
vt 0.702279 0.300337
vt 0.696580 0.312863
vt 0.380531 0.526766
vt 0.695440 0.332258
vt 0.402944 0.552426
vt 0.394639 0.564757
vt 0.679231 0.351844
vt 0.679846 0.328805
vt 0.660037 0.327643
vt 0.412553 0.569982
vt 0.662043 0.351387
vt 0.409902 0.579483
vt 0.428335 0.573305
vt 0.643000 0.326005
vt 0.643574 0.351573
vt 0.439119 0.587555
vt 0.609179 0.350430
vt 0.447058 0.577075
vt 0.469140 0.573104
vt 0.604719 0.329221
vt 0.464985 0.579620
vt 0.461532 0.597592
vt 0.503929 0.574131
vt 0.470491 0.594184
vt 0.589258 0.348028
vt 0.586388 0.369509
vt 0.490461 0.584108
vt 0.488884 0.592477
vt 0.571410 0.333671
vt 0.505431 0.583989
vt 0.564264 0.349472
vt 0.514239 0.600433
vt 0.522878 0.575468
vt 0.556586 0.334149
vt 0.527824 0.583552
vt 0.525220 0.590337
vt 0.530297 0.528491
vt 0.534881 0.537923
vt 0.533913 0.553964
vt 0.550049 0.347464
vt 0.530013 0.574802
vt 0.545814 0.529109
vt 0.544819 0.557191
vt 0.545815 0.580400
vt 0.538492 0.590660
vt 0.842426 0.708889
vt 0.839410 0.707753
vt 0.838609 0.712727
vt 0.892062 0.342761
vt 0.894587 0.339974
vt 0.892155 0.340088
vt 0.381844 0.230585
vt 0.383766 0.233455
vt 0.381844 0.234420
vt 0.706532 0.723394
vt 0.706532 0.725312
vt 0.701729 0.723790
vt 0.709036 0.984649
vt 0.716823 0.984180
vt 0.679555 0.986281
vt 0.683093 0.985161
vt 0.687999 0.984707
vt 0.692488 0.986912
vt 0.592478 0.572001
vt 0.589327 0.583070
vt 0.589054 0.575640
vt 0.810408 0.320598
vt 0.800718 0.331527
vt 0.793340 0.315016
vt 0.797954 0.300772
vt 0.552181 0.784498
vt 0.550886 0.795621
vt 0.560329 0.788715
vt 0.551080 0.810535
vt 0.791426 0.301387
vt 0.788414 0.330834
vt 0.287609 0.506644
vt 0.294070 0.507329
vt 0.286847 0.517814
vt 0.297955 0.536564
vt 0.283965 0.532465
vt 0.797778 0.338862
vt 0.777991 0.345910
vt 0.766691 0.323854
vt 0.311682 0.526430
vt 0.758022 0.334745
vt 0.299175 0.548042
vt 0.319279 0.551273
vt 0.764999 0.354887
vt 0.740458 0.328880
vt 0.342001 0.555327
vt 0.331223 0.567282
vt 0.728670 0.356996
vt 0.733959 0.345020
vt 0.341803 0.569656
vt 0.701981 0.351603
vt 0.713355 0.366249
vt 0.374985 0.582211
vt 0.684119 0.368115
vt 0.684066 0.387263
vt 0.389244 0.590172
vt 0.660356 0.383325
vt 0.413252 0.594355
vt 0.408668 0.602767
vt 0.640704 0.367718
vt 0.648105 0.388032
vt 0.434185 0.608919
vt 0.438981 0.599179
vt 0.610724 0.389275
vt 0.188394 0.480428
vt 0.198640 0.483944
vt 0.187383 0.482059
vt 0.194073 0.485057
vt 0.610249 0.369569
vt 0.457238 0.614104
vt 0.592960 0.391940
vt 0.479631 0.606186
vt 0.490642 0.610144
vt 0.560693 0.377790
vt 0.551779 0.374464
vt 0.509095 0.610719
vt 0.543285 0.356297
vt 0.554979 0.392204
vt 0.526198 0.603110
vt 0.524431 0.361506
vt 0.541447 0.337763
vt 0.530904 0.615929
vt 0.534519 0.604545
vt 0.522054 0.375261
vt 0.532572 0.341906
vt 0.555458 0.527516
vt 0.551862 0.559141
vt 0.543613 0.602762
vt 0.551445 0.580025
vt 0.563169 0.549496
vt 0.561944 0.561508
vt 0.559501 0.598715
vt 0.578474 0.526275
vt 0.525980 0.393296
vt 0.512894 0.381645
vt 0.577473 0.550916
vt 0.570206 0.562527
vt 0.566451 0.578158
vt 0.563928 0.606840
vt 0.556300 0.619994
vt 0.510709 0.349320
vt 0.499721 0.362515
vt 0.574892 0.560831
vt 0.569156 0.592494
vt 0.485399 0.346680
vt 0.592679 0.535921
vt 0.577063 0.563975
vt 0.573998 0.570683
vt 0.570202 0.599564
vt 0.574215 0.608164
vt 0.580335 0.614984
vt 0.495016 0.379352
vt 0.494392 0.343905
vt 0.592123 0.553439
vt 0.581605 0.561932
vt 0.576146 0.601981
vt 0.589954 0.559054
vt 0.980874 0.020787
vt 0.978216 0.022422
vt 0.976200 0.028226
vt 0.579108 0.599728
vt 0.581740 0.598807
vt 0.478351 0.357486
vt 0.480943 0.334904
vt 0.603141 0.548257
vt 0.598463 0.563424
vt 0.592890 0.566978
vt 0.591092 0.563591
vt 0.586042 0.599615
vt 0.584959 0.591708
vt 0.598620 0.596415
vt 0.611843 0.527324
vt 0.612344 0.543240
vt 0.602112 0.535733
vt 0.602735 0.582815
vt 0.608707 0.598601
vt 0.622254 0.567964
vt 0.617584 0.586879
vt 0.637536 0.563249
vt 0.625722 0.601337
vt 0.642553 0.591870
vt 0.639500 0.605327
vt 0.650998 0.586238
vt 0.572130 0.746259
vt 0.564539 0.764651
vt 0.575174 0.768741
vt 0.572440 0.782365
vt 0.568555 0.797733
vt 0.817807 0.339109
vt 0.811339 0.347716
vt 0.556895 0.823893
vt 0.548991 0.823791
vt 0.791339 0.359630
vt 0.283679 0.545911
vt 0.286130 0.556210
vt 0.279533 0.556386
vt 0.318417 0.572613
vt 0.333553 0.588487
vt 0.755736 0.383372
vt 0.351310 0.592393
vt 0.375775 0.597438
vt 0.393887 0.603199
vt 0.381025 0.611475
vt 0.408380 0.606984
vt 0.657802 0.399496
vt 0.437043 0.613052
vt 0.417779 0.614060
vt 0.612855 0.397617
vt 0.189208 0.473249
vt 0.183958 0.475875
vt 0.196853 0.468229
vt 0.200753 0.471659
vt 0.208995 0.472104
vt 0.455449 0.616538
vt 0.203585 0.486822
vt 0.213356 0.482298
vt 0.213008 0.486152
vt 0.209503 0.486931
vt 0.468471 0.618354
vt 0.485526 0.621941
vt 0.558832 0.407856
vt 0.529652 0.626081
vt 0.552298 0.629726
vt 0.505623 0.391850
vt 0.500479 0.395557
vt 0.483357 0.384193
vt 0.602725 0.634124
vt 0.574885 0.624455
vt 0.601936 0.621339
vt 0.465456 0.368566
vt 0.627242 0.520282
vt 0.631259 0.528476
vt 0.623359 0.619701
vt 0.663806 0.546398
vt 0.648214 0.557399
vt 0.658142 0.574436
vt 0.650089 0.611499
vt 0.638588 0.622681
vt 0.654153 0.621909
vt 0.659191 0.603797
vt 0.664425 0.619815
vt 0.668503 0.597683
vt 0.666699 0.614295
vt 0.677293 0.617766
vt 0.315562 0.059261
vt 0.309620 0.059536
vt 0.313196 0.065288
vt 0.307797 0.066494
vt 0.321788 0.373646
vt 0.318221 0.372030
vt 0.325799 0.371072
vt 0.318693 0.376459
vt 0.308596 0.053989
vt 0.306713 0.055630
vt 0.310962 0.377043
vt 0.300440 0.063238
vt 0.297021 0.057015
vt 0.298967 0.052063
vt 0.310119 0.374604
vt 0.592474 0.761397
vt 0.589272 0.780978
vt 0.586467 0.747568
vt 0.589182 0.794365
vt 0.836626 0.357304
vt 0.832247 0.338179
vt 0.577045 0.805385
vt 0.916907 0.778044
vt 0.929219 0.753330
vt 0.925841 0.770907
vt 0.935511 0.772404
vt 0.945869 0.758232
vt 0.551476 0.834718
vt 0.566007 0.838606
vt 0.808249 0.364024
vt 0.791444 0.383971
vt 0.285419 0.570084
vt 0.308802 0.581471
vt 0.307535 0.584216
vt 0.732402 0.387508
vt 0.344720 0.607105
vt 0.724197 0.403155
vt 0.693733 0.407050
vt 0.399964 0.620463
vt 0.613423 0.406294
vt 0.192216 0.468553
vt 0.196373 0.466154
vt 0.203784 0.463479
vt 0.207355 0.465200
vt 0.211379 0.464685
vt 0.215797 0.466046
vt 0.227448 0.476741
vt 0.224651 0.486091
vt 0.466831 0.629744
vt 0.453433 0.631119
vt 0.218701 0.487787
vt 0.228173 0.488988
vt 0.479575 0.623217
vt 0.237846 0.488245
vt 0.237944 0.489704
vt 0.609705 0.423406
vt 0.503227 0.628941
vt 0.524352 0.636326
vt 0.524080 0.407080
vt 0.537523 0.640041
vt 0.554639 0.637916
vt 0.509128 0.418327
vt 0.576252 0.637366
vt 0.487168 0.413472
vt 0.483804 0.397573
vt 0.601384 0.484660
vt 0.617849 0.487716
vt 0.614505 0.500332
vt 0.629944 0.494034
vt 0.635964 0.505348
vt 0.649889 0.508787
vt 0.632634 0.632847
vt 0.673102 0.519361
vt 0.668581 0.559607
vt 0.652067 0.635777
vt 0.681236 0.582436
vt 0.661788 0.640155
vt 0.683076 0.630007
vt 0.676683 0.600482
vt 0.690683 0.608112
vt 0.687744 0.620244
vt 0.324935 0.375910
vt 0.324429 0.383343
vt 0.304689 0.074853
vt 0.311237 0.074356
vt 0.313524 0.069970
vt 0.318557 0.383042
vt 0.297812 0.071779
vt 0.309313 0.382455
vt 0.294228 0.065130
vt 0.306126 0.380251
vt 0.304030 0.379838
vt 0.289693 0.051294
vt 0.286726 0.059360
vt 0.606713 0.744885
vt 0.607986 0.761141
vt 0.607916 0.779307
vt 0.852514 0.341596
vt 0.602684 0.803090
vt 0.585115 0.813144
vt 0.572733 0.815883
vt 0.831890 0.363122
vt 0.576843 0.824734
vt 0.820436 0.375339
vt 0.806712 0.395239
vt 0.264571 0.558194
vt 0.271347 0.569636
vt 0.285440 0.578075
vt 0.790445 0.404745
vt 0.779423 0.388478
vt 0.285706 0.586059
vt 0.299108 0.593348
vt 0.760747 0.402897
vt 0.309895 0.599206
vt 0.327332 0.605286
vt 0.710515 0.423157
vt 0.689213 0.429820
vt 0.661701 0.424401
vt 0.406177 0.636984
vt 0.396913 0.634351
vt 0.641250 0.426340
vt 0.425509 0.640922
vt 0.113833 0.377277
vt 0.103117 0.376869
vt 0.106202 0.375266
vt 0.217485 0.459227
vt 0.220815 0.460314
vt 0.226199 0.462865
vt 0.234540 0.468472
vt 0.270561 0.256862
vt 0.266846 0.251762
vt 0.275538 0.253225
vt 0.243671 0.487585
vt 0.245713 0.479342
vt 0.474468 0.636090
vt 0.582206 0.436608
vt 0.254379 0.487026
vt 0.491639 0.632508
vt 0.253884 0.490412
vt 0.560471 0.434608
vt 0.497843 0.636349
vt 0.553480 0.421846
vt 0.524666 0.420170
vt 0.532621 0.434688
vt 0.548856 0.643648
vt 0.556903 0.651755
vt 0.576043 0.657301
vt 0.578054 0.650095
vt 0.473651 0.411886
vt 0.470351 0.395222
vt 0.612554 0.646449
vt 0.656222 0.505496
vt 0.446446 0.404684
vt 0.623564 0.636709
vt 0.441878 0.392282
vt 0.427403 0.400507
vt 0.643246 0.640441
vt 0.672560 0.502091
vt 0.685194 0.520255
vt 0.690915 0.544627
vt 0.700372 0.566173
vt 0.677883 0.642564
vt 0.708129 0.586465
vt 0.706124 0.623273
vt 0.703094 0.637317
vt 0.711661 0.598082
vt 0.715561 0.610325
vt 0.716111 0.624593
vt 0.305382 0.079414
vt 0.311405 0.082866
vt 0.315175 0.081092
vt 0.302144 0.078546
vt 0.301988 0.083499
vt 0.298683 0.083010
vt 0.295456 0.079533
vt 0.288825 0.073816
vt 0.285364 0.064609
vt 0.287618 0.069557
vt 0.303492 0.383745
vt 0.636198 0.741240
vt 0.631769 0.762533
vt 0.623488 0.777277
vt 0.872409 0.358747
vt 0.856528 0.357929
vt 0.615299 0.793469
vt 0.853497 0.377786
vt 0.592345 0.821469
vt 0.605857 0.822476
vt 0.602943 0.831475
vt 0.587886 0.841538
vt 0.956733 0.778044
vt 0.830153 0.398183
vt 0.961095 0.764199
vt 0.953643 0.747363
vt 0.253039 0.570205
vt 0.269024 0.580777
vt 0.285070 0.595822
vt 0.784734 0.402198
vt 0.771203 0.423618
vt 0.750938 0.416808
vt 0.743818 0.430589
vt 0.342547 0.617034
vt 0.735361 0.439126
vt 0.378223 0.626468
vt 0.661571 0.442221
vt 0.433551 0.644904
vt 0.450395 0.643886
vt 0.614568 0.443073
vt 0.238539 0.607383
vt 0.241595 0.605318
vt 0.232048 0.603547
vt 0.229333 0.458840
vt 0.229894 0.606393
vt 0.225692 0.604179
vt 0.466721 0.638828
vt 0.216619 0.607383
vt 0.245690 0.464621
vt 0.242513 0.459213
vt 0.253876 0.473587
vt 0.267475 0.476812
vt 0.271447 0.487103
vt 0.264250 0.489932
vt 0.157061 0.390982
vt 0.146691 0.391659
vt 0.149755 0.388782
vt 0.269265 0.489975
vt 0.141691 0.390982
vt 0.552537 0.441725
vt 0.515446 0.654477
vt 0.508390 0.643752
vt 0.533797 0.661180
vt 0.522046 0.438655
vt 0.550814 0.655223
vt 0.455339 0.429481
vt 0.612582 0.661692
vt 0.423210 0.416707
vt 0.620002 0.661481
vt 0.636179 0.658662
vt 0.416970 0.409812
vt 0.685382 0.496433
vt 0.693559 0.503762
vt 0.665006 0.657379
vt 0.653588 0.658958
vt 0.703286 0.527942
vt 0.708971 0.517830
vt 0.708919 0.537316
vt 0.678458 0.652297
vt 0.713959 0.556444
vt 0.703377 0.653257
vt 0.729043 0.546804
vt 0.725332 0.567960
vt 0.729378 0.534956
vt 0.724141 0.586914
vt 0.737464 0.563660
vt 0.738662 0.600445
vt 0.726544 0.639175
vt 0.722417 0.643535
vt 0.738829 0.581934
vt 0.734479 0.622216
vt 0.727934 0.650324
vt 0.204819 0.647850
vt 0.208442 0.644616
vt 0.204118 0.639022
vt 0.315562 0.088096
vt 0.327372 0.388182
vt 0.330388 0.384005
vt 0.328531 0.381402
vt 0.308473 0.091017
vt 0.322106 0.389198
vt 0.327561 0.392472
vt 0.320415 0.396736
vt 0.295873 0.091353
vt 0.302819 0.091978
vt 0.313028 0.388556
vt 0.292855 0.086264
vt 0.287498 0.083048
vt 0.306894 0.392941
vt 0.283267 0.078683
vt 0.277737 0.081902
vt 0.285016 0.086695
vt 0.300687 0.389974
vt 0.281542 0.067676
vt 0.280513 0.073689
vt 0.299291 0.382836
vt 0.296141 0.388216
vt 0.293296 0.377555
vt 0.293091 0.380857
vt 0.279581 0.058921
vt 0.279281 0.062077
vt 0.646085 0.750991
vt 0.645462 0.762208
vt 0.644268 0.777297
vt 0.669068 0.952354
vt 0.658062 0.934324
vt 0.655620 0.956130
vt 0.641466 0.789828
vt 0.632765 0.804791
vt 0.882069 0.346439
vt 0.862792 0.372620
vt 0.615124 0.808348
vt 0.817167 0.410476
vt 0.800129 0.422191
vt 0.264578 0.581609
vt 0.273287 0.590641
vt 0.790002 0.438023
vt 0.284788 0.601284
vt 0.774539 0.440982
vt 0.296660 0.610854
vt 0.316808 0.617679
vt 0.334423 0.621011
vt 0.713094 0.438327
vt 0.368187 0.629583
vt 0.621789 0.458333
vt 0.091998 0.373037
vt 0.083221 0.375701
vt 0.082381 0.373190
vt 0.077239 0.374924
vt 0.076087 0.372343
vt 0.068381 0.373540
vt 0.066878 0.370566
vt 0.611026 0.462642
vt 0.060499 0.371286
vt 0.249978 0.462212
vt 0.248874 0.458991
vt 0.255478 0.460227
vt 0.484226 0.638195
vt 0.484319 0.649663
vt 0.261074 0.466014
vt 0.566167 0.458585
vt 0.278316 0.483656
vt 0.229461 0.260307
vt 0.222392 0.259696
vt 0.226970 0.257702
vt 0.280803 0.487626
vt 0.276257 0.489704
vt 0.516794 0.663008
vt 0.518802 0.454522
vt 0.564969 0.663517
vt 0.487014 0.440330
vt 0.584789 0.662722
vt 0.607712 0.663112
vt 0.635882 0.660397
vt 0.409945 0.417314
vt 0.694426 0.491504
vt 0.711258 0.507597
vt 0.674319 0.656742
vt 0.727500 0.510089
vt 0.687014 0.655313
vt 0.722122 0.524081
vt 0.167835 0.898849
vt 0.173457 0.897777
vt 0.184270 0.897902
vt 0.741230 0.529327
vt 0.741957 0.539284
vt 0.745061 0.545498
vt 0.710901 0.653580
vt 0.722171 0.652989
vt 0.750437 0.534633
vt 0.746774 0.575654
vt 0.756304 0.542346
vt 0.753436 0.551376
vt 0.749723 0.597683
vt 0.343906 0.394852
vt 0.334796 0.394292
vt 0.336537 0.389383
vt 0.761891 0.549248
vt 0.756108 0.557583
vt 0.751861 0.566898
vt 0.752122 0.572753
vt 0.738822 0.651056
vt 0.201249 0.665825
vt 0.201973 0.658752
vt 0.201398 0.655322
vt 0.754870 0.579512
vt 0.754313 0.588827
vt 0.754892 0.642061
vt 0.758297 0.583729
vt 0.763906 0.590720
vt 0.759746 0.606366
vt 0.761152 0.626387
vt 0.763949 0.587216
vt 0.762212 0.595506
vt 0.760115 0.632530
vt 0.310720 0.398604
vt 0.293943 0.094439
vt 0.770365 0.602494
vt 0.281327 0.090853
vt 0.776089 0.593662
vt 0.273834 0.073517
vt 0.290904 0.385819
vt 0.287105 0.378401
vt 0.272485 0.060477
vt 0.271374 0.067724
vt 0.657608 0.749931
vt 0.663996 0.762887
vt 0.661892 0.776154
vt 0.650388 0.738703
vt 0.669068 0.973634
vt 0.886964 0.363062
vt 0.896305 0.349563
vt 0.646064 0.799139
vt 0.887751 0.376485
vt 0.634904 0.812455
vt 0.622616 0.820438
vt 0.862971 0.385820
vt 0.014311 0.376318
vt 0.010086 0.393358
vt 0.018732 0.390059
vt 0.849120 0.398024
vt 0.018732 0.399329
vt 0.611099 0.828053
vt 0.599414 0.837238
vt 0.587059 0.846515
vt 0.838642 0.410874
vt 0.576625 0.848875
vt 0.242146 0.566637
vt 0.310519 0.619450
vt 0.296371 0.614226
vt 0.739247 0.453507
vt 0.339354 0.634196
vt 0.712105 0.456852
vt 0.676062 0.458365
vt 0.392874 0.649091
vt 0.661871 0.459478
vt 0.419781 0.651577
vt 0.452193 0.650035
vt 0.265822 0.222345
vt 0.264087 0.224820
vt 0.259165 0.223044
vt 0.475601 0.650102
vt 0.058611 0.375079
vt 0.253546 0.457644
vt 0.260016 0.457243
vt 0.266124 0.460707
vt 0.276198 0.464642
vt 0.281589 0.469364
vt 0.505581 0.657313
vt 0.493237 0.650791
vt 0.291100 0.479289
vt 0.539483 0.460364
vt 0.292507 0.482450
vt 0.289202 0.486355
vt 0.525575 0.665036
vt 0.551973 0.665597
vt 0.536728 0.666543
vt 0.458749 0.446134
vt 0.445727 0.441765
vt 0.413198 0.435773
vt 0.402282 0.430083
vt 0.388785 0.421941
vt 0.388943 0.407663
vt 0.372907 0.410471
vt 0.358974 0.410336
vt 0.354061 0.396953
vt 0.344985 0.402085
vt 0.331835 0.401404
vt 0.322599 0.400020
vt 0.753972 0.652265
vt 0.742755 0.652640
vt 0.761905 0.642494
vt 0.780267 0.612973
vt 0.299594 0.394599
vt 0.775389 0.623770
vt 0.776245 0.636474
vt 0.781439 0.630451
vt 0.783022 0.587424
vt 0.792378 0.596216
vt 0.786670 0.606007
vt 0.782645 0.620180
vt 0.789873 0.581651
vt 0.792185 0.586856
vt 0.286450 0.390620
vt 0.284695 0.384599
vt 0.794263 0.577431
vt 0.281660 0.380352
vt 0.801661 0.571847
vt 0.801964 0.579791
vt 0.795484 0.570413
vt 0.693541 0.763953
vt 0.685177 0.755388
vt 0.682343 0.773513
vt 0.913607 0.336433
vt 0.931763 0.333037
vt 0.919172 0.342170
vt 0.667184 0.752061
vt 0.689800 0.780515
vt 0.670249 0.789959
vt 0.662744 0.787625
vt 0.910271 0.351832
vt 0.240634 0.173059
vt 0.243762 0.162476
vt 0.248319 0.170428
vt 0.903910 0.338400
vt 0.902596 0.361769
vt 0.666836 0.797408
vt 0.650613 0.806732
vt 0.639010 0.814614
vt 0.886448 0.382357
vt 0.875354 0.389258
vt 0.623475 0.823718
vt 0.864839 0.398503
vt 0.854688 0.408102
vt 0.836919 0.422269
vt 0.829258 0.429131
vt 0.261057 0.584114
vt 0.236151 0.573335
vt 0.816732 0.437538
vt 0.789330 0.452551
vt 0.772846 0.467841
vt 0.755415 0.466146
vt 0.740680 0.469337
vt 0.320232 0.630416
vt 0.677321 0.473366
vt 0.366828 0.643794
vt 0.662085 0.471523
vt 0.451642 0.889886
vt 0.438737 0.898108
vt 0.442263 0.888088
vt 0.630110 0.481697
vt 0.614394 0.470032
vt 0.425685 0.890245
vt 0.396494 0.896542
vt 0.402117 0.888980
vt 0.419719 0.894839
vt 0.254317 0.227524
vt 0.246306 0.228965
vt 0.246107 0.225301
vt 0.252596 0.225494
vt 0.573810 0.467149
vt 0.473266 0.653410
vt 0.469267 0.656979
vt 0.258851 0.454938
vt 0.262646 0.455679
vt 0.484888 0.652213
vt 0.488502 0.652237
vt 0.273620 0.459590
vt 0.496607 0.656788
vt 0.509638 0.661137
vt 0.209104 0.258402
vt 0.210533 0.251612
vt 0.214927 0.257266
vt 0.512268 0.663322
vt 0.513068 0.666936
vt 0.508728 0.666921
vt 0.526397 0.473008
vt 0.323660 0.887206
vt 0.342293 0.880790
vt 0.333923 0.888985
vt 0.505539 0.468472
vt 0.490843 0.454106
vt 0.488412 0.467295
vt 0.461179 0.462494
vt 0.440816 0.458354
vt 0.440860 0.449944
vt 0.376673 0.425724
vt 0.363198 0.423403
vt 0.347890 0.420007
vt 0.326975 0.408913
vt 0.328545 0.415554
vt 0.313262 0.409619
vt 0.760606 0.652375
vt 0.761486 0.654536
vt 0.117440 0.894737
vt 0.110121 0.891509
vt 0.116821 0.892099
vt 0.296131 0.398976
vt 0.775463 0.652607
vt 0.777954 0.656556
vt 0.782094 0.644928
vt 0.787627 0.618474
vt 0.793610 0.636506
vt 0.798539 0.604679
vt 0.796264 0.610293
vt 0.794550 0.613598
vt 0.793169 0.619136
vt 0.793189 0.629061
vt 0.793331 0.649307
vt 0.276001 0.398978
vt 0.275207 0.391668
vt 0.807790 0.591927
vt 0.805884 0.595985
vt 0.796165 0.624573
vt 0.649566 0.925328
vt 0.650910 0.929787
vt 0.654659 0.928651
vt 0.788486 0.657347
vt 0.266297 0.389075
vt 0.801293 0.566121
vt 0.807295 0.577448
vt 0.799210 0.628216
vt 0.797471 0.645059
vt 0.820545 0.571138
vt 0.803427 0.632441
vt 0.801130 0.638244
vt 0.805121 0.650813
vt 0.822035 0.582678
vt 0.819650 0.588597
vt 0.808756 0.639108
vt 0.807447 0.643179
vt 0.727181 0.765125
vt 0.731052 0.754897
vt 0.706495 0.756770
vt 0.724094 0.769341
vt 0.725264 0.774105
vt 0.939603 0.336781
vt 0.953265 0.330886
vt 0.723270 0.778489
vt 0.939031 0.343529
vt 0.689386 0.786400
vt 0.267531 0.173059
vt 0.252560 0.159636
vt 0.267067 0.167232
vt 0.925557 0.351696
vt 0.915614 0.354563
vt 0.914912 0.357736
vt 0.659268 0.804016
vt 0.675752 0.799355
vt 0.655842 0.809244
vt 0.905483 0.365493
vt 0.894338 0.375745
vt 0.640707 0.818532
vt 0.878928 0.389730
vt 0.628248 0.827935
vt 0.871181 0.396805
vt 0.859235 0.407569
vt 0.866670 0.404602
vt 0.859246 0.413659
vt 0.614516 0.837349
vt 0.851348 0.421778
vt 0.844784 0.420787
vt 0.838381 0.426596
vt 0.826975 0.435008
vt 0.834156 0.432623
vt 0.828835 0.439368
vt 0.812540 0.445862
vt 0.817717 0.445607
vt 0.270147 0.595306
vt 0.244759 0.584277
vt 0.805503 0.455576
vt 0.798897 0.458223
vt 0.787840 0.467267
vt 0.758117 0.476289
vt 0.740477 0.479158
vt 0.719168 0.474055
vt 0.712369 0.481525
vt 0.680461 0.482860
vt 0.641905 0.483166
vt 0.424822 0.881615
vt 0.608609 0.480054
vt 0.595903 0.480126
vt 0.470592 0.656862
vt 0.584731 0.480163
vt 0.240810 0.332840
vt 0.229532 0.333043
vt 0.208562 0.331256
vt 0.552523 0.476796
vt 0.363466 0.883211
vt 0.364540 0.878506
vt 0.366796 0.880559
vt 0.544140 0.474337
vt 0.515299 0.470877
vt 0.504480 0.471002
vt 0.482325 0.467611
vt 0.469592 0.464493
vt 0.448425 0.461663
vt 0.238095 0.876765
vt 0.262393 0.872543
vt 0.263499 0.894004
vt 0.429930 0.455308
vt 0.419272 0.452594
vt 0.406443 0.448328
vt 0.390854 0.443267
vt 0.377451 0.440362
vt 0.361823 0.436154
vt 0.164695 0.877481
vt 0.190528 0.879712
vt 0.340591 0.428645
vt 0.345926 0.433969
vt 0.327022 0.423138
vt 0.329356 0.429016
vt 0.311038 0.417042
vt 0.295987 0.409879
vt 0.283086 0.404421
vt 0.643834 0.924930
vt 0.647612 0.930911
vt 0.634154 0.924736
vt 0.622968 0.925768
vt 0.635929 0.929331
vt 0.640104 0.925277
vt 0.638271 0.937314
vt 0.642739 0.937211
vt 0.650570 0.936860
vt 0.793151 0.661403
vt 0.627141 0.931395
vt 0.628725 0.934556
vt 0.898549 0.653908
vt 0.900705 0.660115
vt 0.905379 0.659460
vt 0.902078 0.650444
vt 0.265499 0.395546
vt 0.815320 0.600116
vt 0.808102 0.602800
vt 0.889706 0.654183
vt 0.803524 0.658571
vt 0.802718 0.662618
vt 0.826052 0.578419
vt 0.818846 0.594685
vt 0.809205 0.633247
vt 0.889886 0.657552
vt 0.255427 0.390917
vt 0.258164 0.385770
vt 0.250147 0.384252
vt 0.831611 0.584816
vt 0.830167 0.592017
vt 0.828177 0.597035
vt 0.607639 0.938094
vt 0.615356 0.937212
vt 0.619924 0.933186
vt 0.817739 0.640591
vt 0.874856 0.652437
vt 0.878657 0.656927
vt 0.818805 0.648476
vt 0.813953 0.654310
vt 0.819672 0.644963
vt 0.194921 0.291500
vt 0.184289 0.308345
vt 0.176904 0.300356
vt 0.205412 0.298865
vt 0.741409 0.771260
vt 0.754739 0.776002
vt 0.747351 0.766531
vt 0.719645 0.787966
vt 0.736249 0.783138
vt 0.178538 0.314499
vt 0.160903 0.315445
vt 0.970661 0.335646
vt 0.966564 0.341669
vt 0.954571 0.342542
vt 0.701314 0.793290
vt 0.942270 0.346860
vt 0.689212 0.791110
vt 0.693073 0.794994
vt 0.944326 0.356726
vt 0.933104 0.350584
vt 0.686418 0.797363
vt 0.936435 0.368456
vt 0.678169 0.801107
vt 0.928616 0.368811
vt 0.672629 0.806932
vt 0.915169 0.365963
vt 0.911824 0.378642
vt 0.663496 0.822184
vt 0.878911 0.395148
vt 0.872949 0.409952
vt 0.843736 0.432261
vt 0.826129 0.446128
vt 0.816073 0.451487
vt 0.810228 0.455975
vt 0.802776 0.461712
vt 0.796612 0.464040
vt 0.796659 0.467740
vt 0.785522 0.472326
vt 0.773566 0.476923
vt 0.779413 0.476827
vt 0.762408 0.478936
vt 0.761062 0.480493
vt 0.740739 0.482100
vt 0.719994 0.483302
vt 0.527376 0.888190
vt 0.532083 0.876984
vt 0.550209 0.880151
vt 0.672571 0.484937
vt 0.641125 0.484791
vt 0.615031 0.482902
vt 0.600837 0.483272
vt 0.251939 0.332448
vt 0.256948 0.335479
vt 0.399667 0.883110
vt 0.403775 0.883955
vt 0.219938 0.335499
vt 0.563544 0.482036
vt 0.543059 0.483513
vt 0.519999 0.479684
vt 0.503529 0.477308
vt 0.476717 0.472917
vt 0.275738 0.891756
vt 0.277073 0.873893
vt 0.289264 0.889170
vt 0.454973 0.468617
vt 0.428296 0.464798
vt 0.402789 0.450854
vt 0.416403 0.460315
vt 0.380400 0.444746
vt 0.363908 0.440472
vt 0.363383 0.448711
vt 0.355034 0.437835
vt 0.334245 0.436316
vt 0.319805 0.425749
vt 0.305623 0.420574
vt 0.295017 0.416662
vt 0.282244 0.411321
vt 0.288324 0.416127
vt 0.274469 0.405664
vt 0.647074 0.937129
vt 0.267915 0.404533
vt 0.631194 0.938751
vt 0.898362 0.649966
vt 0.624466 0.936699
vt 0.891684 0.651328
vt 0.258505 0.398524
vt 0.614622 0.941743
vt 0.879535 0.651815
vt 0.252021 0.394097
vt 0.605598 0.944280
vt 0.816528 0.663763
vt 0.816930 0.667785
vt 0.246190 0.386033
vt 0.242390 0.387905
vt 0.835885 0.586222
vt 0.834157 0.594223
vt 0.239271 0.384914
vt 0.241347 0.379871
vt 0.237296 0.381711
vt 0.838136 0.596568
vt 0.833658 0.600742
vt 0.186840 0.062146
vt 0.181678 0.058482
vt 0.186115 0.056088
vt 0.819213 0.655393
vt 0.177860 0.058331
vt 0.178198 0.065344
vt 0.170679 0.065303
vt 0.170854 0.060736
vt 0.166001 0.069089
vt 0.784398 0.776034
vt 0.783447 0.779607
vt 0.757255 0.786410
vt 0.228652 0.279553
vt 0.783275 0.764447
vt 0.778907 0.768298
vt 0.781742 0.772971
vt 0.210300 0.299227
vt 0.199008 0.305530
vt 0.727564 0.790816
vt 0.183377 0.317013
vt 0.193998 0.315183
vt 0.176513 0.321357
vt 0.715995 0.794391
vt 0.974544 0.339369
vt 0.956143 0.351029
vt 0.920525 0.374525
vt 0.903229 0.396318
vt 0.891751 0.399641
vt 0.869334 0.420255
vt 0.855477 0.431426
vt 0.838149 0.445394
vt 0.241930 0.594383
vt 0.232980 0.587122
vt 0.788194 0.481118
vt 0.782749 0.489903
vt 0.416383 0.338064
vt 0.411629 0.352817
vt 0.396299 0.337037
vt 0.348591 0.340312
vt 0.328436 0.335682
vt 0.375654 0.336441
vt 0.319177 0.341796
vt 0.297130 0.335719
vt 0.269398 0.340993
vt 0.271100 0.334216
vt 0.561402 0.495836
vt 0.328366 0.862428
vt 0.342571 0.861789
vt 0.444898 0.469755
vt 0.404333 0.469789
vt 0.381934 0.463501
vt 0.300025 0.426162
vt 0.279285 0.416517
vt 0.633516 0.943378
vt 0.639889 0.940542
vt 0.900492 0.643738
vt 0.625191 0.943848
vt 0.259986 0.406999
vt 0.243645 0.395471
vt 0.872210 0.649117
vt 0.599521 0.945781
vt 0.601844 0.950710
vt 0.186817 0.066685
vt 0.182775 0.068922
vt 0.175040 0.068587
vt 0.161432 0.071375
vt 0.161635 0.061851
vt 0.158208 0.064534
vt 0.844484 0.772010
vt 0.839813 0.780242
vt 0.864438 0.786403
vt 0.855287 0.770796
vt 0.849396 0.791006
vt 0.848018 0.760489
vt 0.829855 0.763646
vt 0.829088 0.793567
vt 0.820205 0.781357
vt 0.811593 0.765018
vt 0.821515 0.794110
vt 0.270407 0.271667
vt 0.254289 0.267880
vt 0.271486 0.261913
vt 0.811600 0.792951
vt 0.239823 0.283965
vt 0.791971 0.784361
vt 0.256675 0.287932
vt 0.246047 0.284715
vt 0.101345 0.475658
vt 0.108044 0.468396
vt 0.106429 0.454818
vt 0.250350 0.291684
vt 0.235898 0.296254
vt 0.110314 0.479240
vt 0.768413 0.786556
vt 0.107907 0.498497
vt 0.113183 0.492716
vt 0.214822 0.304926
vt 0.109531 0.509658
vt 0.117080 0.512794
vt 0.115401 0.520472
vt 0.196858 0.321990
vt 0.745716 0.789862
vt 0.740159 0.794100
vt 0.753190 0.792284
vt 0.730387 0.796402
vt 0.971884 0.356761
vt 0.944799 0.368372
vt 0.930435 0.377388
vt 0.332864 0.825859
vt 0.346099 0.836595
vt 0.335249 0.810459
vt 0.355331 0.836293
vt 0.352177 0.814214
vt 0.334434 0.834193
vt 0.333531 0.836432
vt 0.341511 0.837794
vt 0.351828 0.840813
vt 0.375358 0.814466
vt 0.366957 0.800159
vt 0.357880 0.839770
vt 0.371068 0.831071
vt 0.646273 0.830057
vt 0.637101 0.835966
vt 0.642312 0.834811
vt 0.882082 0.410416
vt 0.631199 0.842346
vt 0.371190 0.840788
vt 0.626308 0.843289
vt 0.385218 0.841429
vt 0.385172 0.835248
vt 0.883460 0.413724
vt 0.405339 0.808684
vt 0.375621 0.843011
vt 0.389913 0.843047
vt 0.401324 0.841790
vt 0.415798 0.841886
vt 0.406698 0.843542
vt 0.425722 0.827351
vt 0.439594 0.797402
vt 0.852681 0.440650
vt 0.843699 0.447608
vt 0.417277 0.843614
vt 0.456925 0.811195
vt 0.436542 0.842972
vt 0.837360 0.451914
vt 0.830031 0.457404
vt 0.428607 0.845196
vt 0.823888 0.461830
vt 0.439991 0.846005
vt 0.446358 0.844699
vt 0.457672 0.822561
vt 0.815945 0.468057
vt 0.808438 0.473532
vt 0.456115 0.847859
vt 0.464012 0.845989
vt 0.469627 0.829249
vt 0.798825 0.479564
vt 0.466470 0.848655
vt 0.473738 0.847476
vt 0.475148 0.850712
vt 0.592398 0.880386
vt 0.584558 0.875717
vt 0.595101 0.878053
vt 0.774211 0.493698
vt 0.760206 0.496165
vt 0.394045 0.352334
vt 0.369996 0.351967
vt 0.328389 0.351441
vt 0.281929 0.351201
vt 0.261050 0.350307
vt 0.414130 0.877586
vt 0.428015 0.864321
vt 0.218997 0.349363
vt 0.555485 0.496165
vt 0.536030 0.493094
vt 0.498568 0.488972
vt 0.488196 0.486401
vt 0.482137 0.486753
vt 0.465931 0.482966
vt 0.443534 0.478776
vt 0.422745 0.475734
vt 0.419402 0.473565
vt 0.394065 0.467451
vt 0.210599 0.864000
vt 0.194618 0.864600
vt 0.369976 0.459840
vt 0.350871 0.453356
vt 0.345621 0.452868
vt 0.641066 0.946048
vt 0.647429 0.948426
vt 0.651793 0.943280
vt 0.630309 0.947195
vt 0.891625 0.638161
vt 0.248230 0.406848
vt 0.242419 0.402514
vt 0.233339 0.395523
vt 0.229403 0.391005
vt 0.229107 0.388615
vt 0.597923 0.957051
vt 0.604626 0.955540
vt 0.186510 0.079465
vt 0.153218 0.074690
vt 0.474789 0.324901
vt 0.461894 0.328808
vt 0.472369 0.319436
vt 0.983245 0.623185
vt 0.974367 0.630795
vt 0.982972 0.634060
vt 0.973379 0.647484
vt 0.978010 0.654966
vt 0.638329 0.897891
vt 0.638329 0.885427
vt 0.632565 0.894601
vt 0.461093 0.316459
vt 0.966133 0.660672
vt 0.980334 0.874231
vt 0.970206 0.855649
vt 0.966662 0.871085
vt 0.967561 0.882786
vt 0.984176 0.886281
vt 0.972675 0.889298
vt 0.442410 0.318059
vt 0.967273 0.639872
vt 0.967032 0.675391
vt 0.956333 0.853145
vt 0.970152 0.893025
vt 0.456307 0.334132
vt 0.450246 0.329581
vt 0.956815 0.637600
vt 0.957625 0.643649
vt 0.955193 0.658120
vt 0.951898 0.677767
vt 0.961865 0.841421
vt 0.954406 0.866781
vt 0.956278 0.875008
vt 0.957708 0.890368
vt 0.951115 0.692512
vt 0.435157 0.327948
vt 0.947274 0.651174
vt 0.948483 0.877802
vt 0.420961 0.323670
vt 0.944494 0.659388
vt 0.945366 0.667700
vt 0.945458 0.676827
vt 0.945174 0.853683
vt 0.940016 0.858641
vt 0.427941 0.310152
vt 0.935081 0.697387
vt 0.939740 0.817627
vt 0.941900 0.837991
vt 0.939581 0.870566
vt 0.939808 0.880925
vt 0.954283 0.891936
vt 0.421852 0.304220
vt 0.937603 0.850495
vt 0.929544 0.869196
vt 0.926190 0.674458
vt 0.934785 0.671306
vt 0.933449 0.828078
vt 0.398718 0.299342
vt 0.926869 0.680677
vt 0.930134 0.838016
vt 0.927922 0.860683
vt 0.921194 0.690171
vt 0.924552 0.838398
vt 0.922009 0.847799
vt 0.395361 0.318107
vt 0.919749 0.714443
vt 0.925285 0.721420
vt 0.924300 0.801213
vt 0.920142 0.820089
vt 0.917072 0.851054
vt 0.917659 0.861012
vt 0.916225 0.825985
vt 0.912428 0.691410
vt 0.910418 0.703212
vt 0.913583 0.793674
vt 0.909294 0.840104
vt 0.903523 0.781993
vt 0.909272 0.829967
vt 0.606628 0.890598
vt 0.606628 0.881592
vt 0.597022 0.894056
vt 0.370539 0.311593
vt 0.378703 0.290726
vt 0.904677 0.732413
vt 0.907736 0.814325
vt 0.909148 0.848199
vt 0.903190 0.721770
vt 0.895831 0.802363
vt 0.899193 0.831746
vt 0.352674 0.301230
vt 0.365002 0.290187
vt 0.902412 0.844791
vt 0.352867 0.281969
vt 0.371432 0.281245
vt 0.893604 0.711241
vt 0.891741 0.724022
vt 0.892106 0.825687
vt 0.893455 0.832832
vt 0.884927 0.740663
vt 0.887830 0.809395
vt 0.890031 0.834122
vt 0.893545 0.838239
vt 0.897757 0.747799
vt 0.890421 0.750852
vt 0.896191 0.761301
vt 0.884326 0.815913
vt 0.884974 0.761174
vt 0.899035 0.771771
vt 0.883002 0.783809
vt 0.343515 0.285215
vt 0.345246 0.271519
vt 0.875805 0.792270
vt 0.881766 0.823175
vt 0.331010 0.275927
vt 0.877186 0.726627
vt 0.871691 0.751812
vt 0.166667 0.930387
vt 0.166667 0.906520
vt 0.156100 0.927293
vt 0.097325 0.852359
vt 0.104227 0.840502
vt 0.102442 0.829818
vt 0.096542 0.841054
vt 0.329228 0.285019
vt 0.165572 0.941035
vt 0.868353 0.801110
vt 0.873820 0.812287
vt 0.104227 0.855705
vt 0.863036 0.807953
vt 0.311069 0.268354
vt 0.863227 0.741956
vt 0.874700 0.761759
vt 0.111948 0.389741
vt 0.110325 0.401234
vt 0.118636 0.393952
vt 0.858514 0.754974
vt 0.115266 0.406999
vt 0.310078 0.285616
vt 0.854741 0.804406
vt 0.108707 0.410108
vt 0.301689 0.274917
vt 0.301010 0.258123
vt 0.298391 0.282778
vt 0.286814 0.269561
vt 0.839830 0.798038
vt 0.105744 0.426055
vt 0.108589 0.421136
vt 0.113311 0.419091
vt 0.116675 0.415062
vt 0.289248 0.257430
vt 0.284068 0.280103
vt 0.279242 0.273985
vt 0.108427 0.433053
vt 0.103534 0.437538
vt 0.115507 0.428949
vt 0.273307 0.292425
vt 0.267240 0.285094
vt 0.105630 0.444882
vt 0.112101 0.458956
vt 0.116931 0.445294
vt 0.807402 0.792490
vt 0.812215 0.796684
vt 0.820751 0.798014
vt 0.259875 0.300893
vt 0.249354 0.299290
vt 0.787283 0.789202
vt 0.786601 0.798785
vt 0.233796 0.304532
vt 0.237125 0.308273
vt 0.773586 0.790693
vt 0.761860 0.798475
vt 0.208058 0.322461
vt 0.201820 0.326038
vt 0.740191 0.802545
vt 0.185505 0.334132
vt 0.281909 0.791347
vt 0.279863 0.792378
vt 0.286078 0.801690
vt 0.291176 0.791507
vt 0.280456 0.787713
vt 0.294707 0.807859
vt 0.292388 0.798714
vt 0.303872 0.788437
vt 0.301638 0.784130
vt 0.958426 0.362161
vt 0.306899 0.804465
vt 0.299189 0.808612
vt 0.309886 0.791865
vt 0.295631 0.815512
vt 0.303571 0.807125
vt 0.319400 0.782197
vt 0.953892 0.365915
vt 0.321211 0.805282
vt 0.304808 0.819040
vt 0.329959 0.786220
vt 0.340578 0.780170
vt 0.939522 0.372111
vt 0.827570 0.306328
vt 0.836903 0.307128
vt 0.829847 0.313039
vt 0.314572 0.820077
vt 0.314108 0.829606
vt 0.322362 0.831730
vt 0.303250 0.822353
vt 0.688097 0.808719
vt 0.680917 0.815461
vt 0.686382 0.816223
vt 0.346491 0.785826
vt 0.311135 0.829789
vt 0.315531 0.832814
vt 0.924075 0.381564
vt 0.355871 0.786931
vt 0.345447 0.776047
vt 0.917657 0.386828
vt 0.328699 0.834135
vt 0.362936 0.778951
vt 0.365957 0.782867
vt 0.912814 0.390437
vt 0.955123 0.531382
vt 0.934117 0.484965
vt 0.953036 0.578220
vt 0.382775 0.775960
vt 0.950538 0.489911
vt 0.916018 0.544641
vt 0.400639 0.770925
vt 0.394369 0.767569
vt 0.900793 0.527375
vt 0.931257 0.575124
vt 0.388589 0.792663
vt 0.896596 0.401461
vt 0.409965 0.763899
vt 0.909477 0.563998
vt 0.889225 0.408534
vt 0.896218 0.513608
vt 0.409446 0.799346
vt 0.422914 0.781619
vt 0.435859 0.753119
vt 0.427119 0.752056
vt 0.875691 0.420264
vt 0.901489 0.485870
vt 0.864687 0.430213
vt 0.450432 0.747748
vt 0.909282 0.455785
vt 0.939414 0.445806
vt 0.435640 0.779305
vt 0.457921 0.758245
vt 0.468844 0.739221
vt 0.454056 0.785370
vt 0.885591 0.471841
vt 0.856838 0.437137
vt 0.469870 0.769398
vt 0.481866 0.751612
vt 0.490028 0.735066
vt 0.482479 0.766651
vt 0.476585 0.793571
vt 0.464289 0.805262
vt 0.483074 0.783869
vt 0.492295 0.755467
vt 0.491646 0.775311
vt 0.479556 0.824281
vt 0.478207 0.811016
vt 0.503476 0.796558
vt 0.506276 0.814619
vt 0.788720 0.487450
vt 0.481932 0.840328
vt 0.497610 0.834041
vt 0.483994 0.850774
vt 0.489336 0.842403
vt 0.491144 0.851591
vt 0.494322 0.856328
vt 0.499388 0.852328
vt 0.566103 0.873299
vt 0.567418 0.869393
vt 0.572966 0.873672
vt 0.501288 0.856757
vt 0.451049 0.874488
vt 0.453548 0.864910
vt 0.410057 0.865463
vt 0.246677 0.349838
vt 0.372407 0.872597
vt 0.370425 0.863779
vt 0.392321 0.865192
vt 0.354646 0.878660
vt 0.524276 0.492478
vt 0.294893 0.876196
vt 0.302590 0.861840
vt 0.318509 0.862404
vt 0.241473 0.861927
vt 0.253350 0.861555
vt 0.395645 0.469313
vt 0.384519 0.465633
vt 0.358874 0.456308
vt 0.334297 0.446925
vt 0.321168 0.442278
vt 0.314497 0.440868
vt 0.307123 0.436767
vt 0.298477 0.434252
vt 0.296373 0.431895
vt 0.290685 0.430970
vt 0.284964 0.426768
vt 0.275503 0.422400
vt 0.641731 0.950113
vt 0.652797 0.952977
vt 0.269503 0.419827
vt 0.635882 0.951537
vt 0.898796 0.633296
vt 0.898500 0.635239
vt 0.262577 0.415657
vt 0.620695 0.949819
vt 0.628630 0.953149
vt 0.879690 0.634484
vt 0.866477 0.637888
vt 0.602742 0.956986
vt 0.183280 0.080017
vt 0.174539 0.079106
vt 0.165092 0.077425
vt 0.160257 0.077155
vt 0.911250 0.885012
vt 0.917075 0.885427
vt 0.911143 0.883602
vt 0.984176 0.646076
vt 0.982003 0.656768
vt 0.982880 0.868183
vt 0.984894 0.881671
vt 0.984478 0.892281
vt 0.982070 0.892648
vt 0.983812 0.898275
vt 0.977740 0.900767
vt 0.476945 0.326501
vt 0.469656 0.330964
vt 0.920124 0.883509
vt 0.975783 0.667142
vt 0.977876 0.665788
vt 0.974633 0.855062
vt 0.402978 0.259187
vt 0.403939 0.264504
vt 0.403574 0.248802
vt 0.925552 0.883602
vt 0.972909 0.900515
vt 0.464853 0.333134
vt 0.972868 0.673626
vt 0.966098 0.681883
vt 0.740636 0.700941
vt 0.740643 0.704589
vt 0.744957 0.698822
vt 0.741004 0.696548
vt 0.962461 0.897967
vt 0.738997 0.712054
vt 0.742634 0.715246
vt 0.956289 0.694491
vt 0.961210 0.688967
vt 0.738232 0.719749
vt 0.445847 0.333456
vt 0.738892 0.727362
vt 0.958285 0.895797
vt 0.768122 0.577661
vt 0.770323 0.579578
vt 0.773775 0.578128
vt 0.739184 0.735313
vt 0.437016 0.332284
vt 0.951328 0.700079
vt 0.740075 0.741809
vt 0.429304 0.331016
vt 0.946707 0.705161
vt 0.947245 0.819359
vt 0.945947 0.887707
vt 0.943243 0.709160
vt 0.739844 0.749724
vt 0.744957 0.747904
vt 0.941409 0.884118
vt 0.299679 0.017737
vt 0.300319 0.019655
vt 0.303074 0.018824
vt 0.424387 0.329701
vt 0.937471 0.716561
vt 0.740457 0.754885
vt 0.934342 0.878732
vt 0.420436 0.328609
vt 0.740138 0.764621
vt 0.930035 0.874956
vt 0.416616 0.327745
vt 0.930249 0.721774
vt 0.933048 0.801742
vt 0.413525 0.327238
vt 0.406509 0.326117
vt 0.075501 0.268374
vt 0.077941 0.265179
vt 0.081058 0.264026
vt 0.928009 0.725490
vt 0.926558 0.794326
vt 0.922692 0.868609
vt 0.925584 0.871315
vt 0.921762 0.733869
vt 0.923603 0.790677
vt 0.919117 0.865365
vt 0.397725 0.324717
vt 0.915694 0.738367
vt 0.918305 0.782415
vt 0.914719 0.861339
vt 0.913087 0.857734
vt 0.910546 0.857449
vt 0.388530 0.322751
vt 0.087752 0.258263
vt 0.088911 0.255837
vt 0.094536 0.251865
vt 0.600944 0.882822
vt 0.598765 0.885997
vt 0.599181 0.888607
vt 0.910226 0.752147
vt 0.904133 0.848935
vt 0.906023 0.850781
vt 0.909022 0.853292
vt 0.376969 0.319368
vt 0.911183 0.766757
vt 0.915511 0.778479
vt 0.900908 0.846372
vt 0.895514 0.841232
vt 0.898188 0.843572
vt 0.368964 0.316748
vt 0.362440 0.314440
vt 0.891549 0.836678
vt 0.888938 0.835628
vt 0.884102 0.832208
vt 0.353658 0.311567
vt 0.179553 0.960458
vt 0.165706 0.961170
vt 0.169822 0.960211
vt 0.877751 0.826946
vt 0.880246 0.829187
vt 0.349917 0.310420
vt 0.870994 0.822904
vt 0.338592 0.307014
vt 0.327089 0.304434
vt 0.868106 0.817169
vt 0.865575 0.818892
vt 0.862036 0.814529
vt 0.376194 0.859540
vt 0.376929 0.856663
vt 0.371278 0.856752
vt 0.314929 0.302253
vt 0.118439 0.412693
vt 0.118043 0.400536
vt 0.297837 0.298445
vt 0.202624 0.960211
vt 0.203141 0.963087
vt 0.205091 0.961757
vt 0.298741 0.299878
vt 0.117503 0.425859
vt 0.034754 0.010067
vt 0.036010 0.012943
vt 0.037944 0.011660
vt 0.290999 0.299361
vt 0.283457 0.297921
vt 0.169774 0.179116
vt 0.179452 0.175806
vt 0.169837 0.179859
vt 0.273060 0.299232
vt 0.261981 0.301425
vt 0.247560 0.305784
vt 0.238584 0.308804
vt 0.761267 0.801632
vt 0.222704 0.316319
vt 0.757710 0.800488
vt 0.034382 0.855705
vt 0.042416 0.846366
vt 0.050753 0.838758
vt 0.187800 0.635187
vt 0.200026 0.633445
vt 0.206780 0.635187
vt 0.274256 0.785645
vt 0.824688 0.277142
vt 0.826802 0.275287
vt 0.833329 0.278794
vt 0.277707 0.783967
vt 0.281719 0.782284
vt 0.287413 0.783472
vt 0.206684 0.632311
vt 0.844231 0.278154
vt 0.844645 0.279482
vt 0.291144 0.781456
vt 0.296875 0.780445
vt 0.986886 0.587638
vt 0.988139 0.599193
vt 0.991835 0.599614
vt 0.989674 0.589150
vt 0.990009 0.600830
vt 0.302819 0.779353
vt 0.986651 0.582694
vt 0.254022 0.034507
vt 0.257737 0.032243
vt 0.260929 0.033209
vt 0.968392 0.359554
vt 0.957939 0.364702
vt 0.856583 0.277351
vt 0.308417 0.778597
vt 0.973236 0.601578
vt 0.317870 0.778266
vt 0.313804 0.777724
vt 0.970272 0.596626
vt 0.704131 0.808464
vt 0.700687 0.813032
vt 0.716009 0.810167
vt 0.861807 0.278663
vt 0.981589 0.552373
vt 0.979354 0.555237
vt 0.983921 0.568004
vt 0.980212 0.569502
vt 0.985909 0.576558
vt 0.325630 0.776387
vt 0.959312 0.601059
vt 0.969447 0.602589
vt 0.088422 0.809544
vt 0.080249 0.814124
vt 0.089617 0.806018
vt 0.871773 0.277208
vt 0.872208 0.279482
vt 0.331148 0.775576
vt 0.979594 0.538075
vt 0.977293 0.543022
vt 0.339530 0.774302
vt 0.979517 0.519545
vt 0.976709 0.531770
vt 0.093391 0.805632
vt 0.979475 0.504933
vt 0.976943 0.512197
vt 0.299602 0.828370
vt 0.302698 0.825028
vt 0.979266 0.487657
vt 0.978518 0.488591
vt 0.972609 0.507706
vt 0.939017 0.589702
vt 0.944643 0.595351
vt 0.945810 0.597865
vt 0.097539 0.801906
vt 0.102885 0.801383
vt 0.356485 0.771434
vt 0.350297 0.772566
vt 0.981561 0.467647
vt 0.981021 0.466063
vt 0.976447 0.482924
vt 0.933079 0.583787
vt 0.105161 0.799191
vt 0.361330 0.770626
vt 0.987817 0.432165
vt 0.981715 0.447248
vt 0.787224 0.695815
vt 0.784867 0.695225
vt 0.785986 0.698466
vt 0.928820 0.380136
vt 0.925595 0.383202
vt 0.991835 0.414161
vt 0.984710 0.413990
vt 0.971708 0.465632
vt 0.931834 0.590883
vt 0.369299 0.769003
vt 0.365646 0.769553
vt 0.973667 0.409875
vt 0.966527 0.906520
vt 0.965903 0.907096
vt 0.966859 0.925348
vt 0.915096 0.390983
vt 0.375940 0.766489
vt 0.965898 0.926922
vt 0.385018 0.764546
vt 0.960181 0.418958
vt 0.919185 0.578816
vt 0.924630 0.585055
vt 0.932173 0.593208
vt 0.393099 0.763115
vt 0.389908 0.762936
vt 0.966527 0.934324
vt 0.957760 0.414162
vt 0.403385 0.756631
vt 0.964766 0.410121
vt 0.407641 0.755329
vt 0.955969 0.412302
vt 0.913806 0.570289
vt 0.414412 0.751861
vt 0.427708 0.744981
vt 0.943612 0.418971
vt 0.437186 0.740140
vt 0.946353 0.415322
vt 0.906392 0.552856
vt 0.936538 0.420176
vt 0.936260 0.419199
vt 0.903723 0.555821
vt 0.444764 0.735700
vt 0.919786 0.430816
vt 0.897763 0.543334
vt 0.454504 0.730284
vt 0.926328 0.423138
vt 0.895671 0.543622
vt 0.463544 0.731210
vt 0.804355 0.019655
vt 0.796447 0.018671
vt 0.796298 0.017586
vt 0.889616 0.535302
vt 0.462238 0.728597
vt 0.469920 0.723568
vt 0.918635 0.426231
vt 0.905542 0.432474
vt 0.476499 0.720856
vt 0.479739 0.715113
vt 0.486067 0.713973
vt 0.886593 0.530918
vt 0.486646 0.716545
vt 0.909212 0.429349
vt 0.897764 0.438706
vt 0.877588 0.513326
vt 0.879594 0.522193
vt 0.499254 0.718850
vt 0.489919 0.713806
vt 0.900269 0.432981
vt 0.870001 0.501543
vt 0.874411 0.516766
vt 0.507120 0.735724
vt 0.888753 0.438416
vt 0.881784 0.442917
vt 0.868450 0.454198
vt 0.868550 0.509963
vt 0.506227 0.726717
vt 0.883673 0.440528
vt 0.856865 0.476867
vt 0.863846 0.504236
vt 0.507009 0.744433
vt 0.117321 0.678900
vt 0.118422 0.678413
vt 0.126068 0.678952
vt 0.873593 0.445355
vt 0.852225 0.489284
vt 0.857701 0.496505
vt 0.507457 0.760742
vt 0.859401 0.454684
vt 0.854500 0.459787
vt 0.848109 0.471262
vt 0.506814 0.778045
vt 0.841504 0.473091
vt 0.083558 0.678949
vt 0.088663 0.678607
vt 0.100944 0.679149
vt 0.852485 0.459911
vt 0.845520 0.480451
vt 0.847781 0.463875
vt 0.770383 0.956092
vt 0.765040 0.960620
vt 0.765198 0.959432
vt 0.507607 0.787819
vt 0.073731 0.679291
vt 0.078786 0.678308
vt 0.839581 0.469231
vt 0.757445 0.965527
vt 0.838136 0.470541
vt 0.507224 0.796053
vt 0.507381 0.804953
vt 0.790496 0.488636
vt 0.788246 0.489914
vt 0.507685 0.815852
vt 0.434709 0.353814
vt 0.439481 0.355898
vt 0.425596 0.354357
vt 0.507457 0.828922
vt 0.506770 0.836921
vt 0.024442 0.678434
vt 0.023800 0.677626
vt 0.032483 0.678952
vt 0.507050 0.843078
vt 0.018258 0.678525
vt 0.412949 0.354639
vt 0.505074 0.851451
vt 0.505876 0.854117
vt 0.173391 0.676414
vt 0.179155 0.676414
vt 0.173944 0.673538
vt 0.504005 0.858581
vt 0.389930 0.354283
vt 0.368636 0.353925
vt 0.341651 0.353599
vt 0.313815 0.353170
vt 0.280853 0.352489
vt 0.248253 0.351698
vt 0.222179 0.351324
vt 0.213146 0.350033
vt 0.193572 0.348846
vt 0.184155 0.350610
vt 0.181877 0.349444
vt 0.156029 0.349437
vt 0.155633 0.350445
vt 0.145421 0.348691
vt 0.139559 0.350012
vt 0.122564 0.351047
vt 0.122985 0.349384
vt 0.099932 0.350843
vt 0.100246 0.349434
vt 0.079329 0.351364
vt 0.079251 0.350411
vt 0.168674 0.442364
vt 0.167675 0.442593
vt 0.170640 0.446061
vt 0.170360 0.457789
vt 0.407640 0.472221
vt 0.171747 0.458586
vt 0.400081 0.471137
vt 0.384022 0.466542
vt 0.372474 0.462663
vt 0.362209 0.459203
vt 0.178652 0.508109
vt 0.178185 0.513191
vt 0.180497 0.512320
vt 0.353570 0.456077
vt 0.179525 0.517709
vt 0.180288 0.526601
vt 0.180121 0.539635
vt 0.182189 0.539683
vt 0.181819 0.551541
vt 0.323144 0.444319
vt 0.183140 0.561091
vt 0.183019 0.569382
vt 0.184775 0.569678
vt 0.184496 0.579017
vt 0.285665 0.428686
vt 0.279181 0.425610
vt 0.642192 0.955581
vt 0.273638 0.423271
vt 0.184918 0.612659
vt 0.183484 0.616039
vt 0.184775 0.621136
vt 0.182400 0.624754
vt 0.181513 0.634333
vt 0.183121 0.638836
vt 0.180105 0.645787
vt 0.870913 0.635147
vt 0.241530 0.404203
vt 0.607117 0.956722
vt 0.596061 0.959084
vt 0.601773 0.959164
vt 0.164950 0.080097
vt 0.159360 0.079981
vt 0.099164 0.077364
vt 0.102483 0.083065
vt 0.086764 0.073080
vt 0.204525 0.169894
vt 0.203373 0.158741
vt 0.216317 0.164699
vt 0.853880 0.274688
vt 0.075979 0.815136
vt 0.055387 0.464954
vt 0.042974 0.477743
vt 0.040335 0.474538
vt 0.092839 0.794915
vt 0.048998 0.359359
vt 0.033614 0.374950
vt 0.042798 0.353901
vt 0.101050 0.790861
vt 0.108818 0.796621
vt 0.112451 0.790874
vt 0.120689 0.791229
vt 0.809109 0.995686
vt 0.831674 0.986023
vt 0.792988 0.988442
vt 0.130943 0.786352
vt 0.135403 0.778234
vt 0.137525 0.783006
vt 0.145943 0.780184
vt 0.149430 0.775183
vt 0.154578 0.777158
vt 0.165219 0.773261
vt 0.180568 0.763277
vt 0.180275 0.768207
vt 0.191316 0.764170
vt 0.813134 0.935214
vt 0.803320 0.945625
vt 0.801428 0.938759
vt 0.784520 0.953842
vt 0.234419 0.751748
vt 0.227749 0.748708
vt 0.233225 0.745932
vt 0.224835 0.742733
vt 0.256665 0.736218
vt 0.257696 0.733080
vt 0.266330 0.732658
vt 0.260271 0.738352
vt 0.261752 0.729240
vt 0.428835 0.361688
vt 0.407936 0.369157
vt 0.316147 0.357233
vt 0.264425 0.357311
vt 0.233807 0.356709
vt 0.203772 0.358323
vt 0.159569 0.359680
vt 0.127355 0.360684
vt 0.096664 0.360318
vt 0.171920 0.466737
vt 0.166320 0.471057
vt 0.173782 0.471500
vt 0.173320 0.529865
vt 0.175748 0.582775
vt 0.184522 0.587805
vt 0.184643 0.600940
vt 0.184434 0.593516
vt 0.183963 0.607128
vt 0.649808 0.963081
vt 0.653515 0.963340
vt 0.633762 0.959123
vt 0.175233 0.603388
vt 0.890069 0.622865
vt 0.167508 0.653049
vt 0.177491 0.657973
vt 0.167354 0.661270
vt 0.175449 0.663957
vt 0.599428 0.966852
vt 0.866291 0.632841
vt 0.863326 0.637974
vt 0.185907 0.085445
vt 0.180304 0.083381
vt 0.161089 0.085037
vt 0.142851 0.136185
vt 0.170705 0.139655
vt 0.146327 0.149358
vt 0.171395 0.152107
vt 0.191707 0.154261
vt 0.180501 0.161662
vt 0.215508 0.155563
vt 0.027690 0.844991
vt 0.041456 0.827936
vt 0.058772 0.829686
vt 0.050942 0.815400
vt 0.063271 0.824862
vt 0.055498 0.805827
vt 0.067559 0.823496
vt 0.066709 0.805772
vt 0.077770 0.801515
vt 0.143410 0.768496
vt 0.163647 0.766255
vt 0.185266 0.756092
vt 0.207516 0.757348
vt 0.201875 0.752863
vt 0.208944 0.750651
vt 0.213122 0.752602
vt 0.211058 0.745841
vt 0.223040 0.749618
vt 0.232207 0.736729
vt 0.237794 0.731101
vt 0.243746 0.728525
vt 0.248366 0.739651
vt 0.243042 0.741588
vt 0.249267 0.726485
vt 0.254553 0.725233
vt 0.263366 0.718264
vt 0.432154 0.369333
vt 0.427384 0.370032
vt 0.376181 0.369623
vt 0.292405 0.366155
vt 0.258669 0.365304
vt 0.180461 0.358266
vt 0.169351 0.368651
vt 0.104822 0.367970
vt 0.152872 0.446144
vt 0.155418 0.488804
vt 0.167987 0.496759
vt 0.161565 0.510963
vt 0.169822 0.514863
vt 0.163724 0.550620
vt 0.165239 0.559960
vt 0.167888 0.584454
vt 0.169058 0.599759
vt 0.644412 0.963562
vt 0.638476 0.962944
vt 0.168346 0.608136
vt 0.168363 0.619406
vt 0.898608 0.622177
vt 0.167605 0.630051
vt 0.876707 0.625238
vt 0.165882 0.639540
vt 0.169092 0.641696
vt 0.873867 0.627979
vt 0.611462 0.966264
vt 0.609928 0.958687
vt 0.606512 0.966922
vt 0.727632 0.700644
vt 0.721537 0.704199
vt 0.722444 0.694050
vt 0.181783 0.089101
vt 0.176799 0.089645
vt 0.166574 0.089101
vt 0.037704 0.822181
vt 0.078249 0.787981
vt 0.084276 0.781731
vt 0.098476 0.774862
vt 0.113730 0.772413
vt 0.175000 0.755936
vt 0.203199 0.745743
vt 0.219743 0.738848
vt 0.231990 0.731485
vt 0.393815 0.369712
vt 0.337775 0.369149
vt 0.316624 0.368675
vt 0.305859 0.368265
vt 0.270433 0.367640
vt 0.242640 0.367944
vt 0.223577 0.367036
vt 0.207205 0.368067
vt 0.192376 0.367435
vt 0.180808 0.367562
vt 0.154258 0.368127
vt 0.140106 0.369463
vt 0.124138 0.369188
vt 0.152677 0.471242
vt 0.159886 0.514063
vt 0.161431 0.525450
vt 0.165021 0.572886
vt 0.639427 0.967271
vt 0.871654 0.624433
vt 0.161721 0.658631
vt 0.161891 0.665868
vt 0.863112 0.628442
vt 0.729236 0.706912
vt 0.724113 0.710549
vt 0.044194 0.813125
vt 0.069548 0.794606
vt 0.139628 0.759808
vt 0.150840 0.756466
vt 0.162967 0.752877
vt 0.183319 0.745821
vt 0.192168 0.746490
vt 0.198604 0.740241
vt 0.206461 0.738820
vt 0.218629 0.732937
vt 0.230170 0.728529
vt 0.239051 0.726442
vt 0.244392 0.724969
vt 0.250116 0.723081
vt 0.256312 0.721454
vt 0.266443 0.714765
vt 0.459887 0.292166
vt 0.467779 0.292431
vt 0.478869 0.295725
vt 0.297793 0.369281
vt 0.266403 0.370566
vt 0.261583 0.367436
vt 0.174340 0.369320
vt 0.143979 0.420289
vt 0.137853 0.400288
vt 0.140390 0.414509
vt 0.144287 0.433474
vt 0.154016 0.426907
vt 0.145888 0.446751
vt 0.147700 0.458572
vt 0.154883 0.503396
vt 0.159779 0.541758
vt 0.161474 0.559360
vt 0.645900 0.972019
vt 0.653011 0.969431
vt 0.902692 0.616426
vt 0.898419 0.616256
vt 0.889648 0.618819
vt 0.883833 0.618138
vt 0.164575 0.645694
vt 0.159741 0.652490
vt 0.987850 0.191715
vt 0.985692 0.184163
vt 0.991502 0.185609
vt 0.719816 0.710706
vt 0.990068 0.144935
vt 0.988970 0.138178
vt 0.998380 0.140971
vt 0.990372 0.134744
vt 0.999520 0.136330
vt 0.735351 0.714644
vt 0.728994 0.721056
vt 0.190682 0.742542
vt 0.210297 0.735294
vt 0.492035 0.286575
vt 0.506236 0.286520
vt 0.502121 0.295326
vt 0.544479 0.298058
vt 0.543454 0.289954
vt 0.560038 0.298138
vt 0.602814 0.298284
vt 0.618812 0.297234
vt 0.615018 0.300449
vt 0.318787 0.187086
vt 0.319276 0.191273
vt 0.314639 0.186573
vt 0.242065 0.369156
vt 0.677433 0.296002
vt 0.686836 0.293024
vt 0.692095 0.295049
vt 0.709674 0.291420
vt 0.160432 0.370566
vt 0.149593 0.472833
vt 0.651737 0.703484
vt 0.649576 0.718121
vt 0.638429 0.713428
vt 0.162095 0.570949
vt 0.163690 0.587123
vt 0.639483 0.973247
vt 0.633248 0.975776
vt 0.632007 0.970253
vt 0.892889 0.613296
vt 0.162739 0.627678
vt 0.162216 0.638204
vt 0.979980 0.184610
vt 0.973552 0.178905
vt 0.707286 0.711528
vt 0.716614 0.706253
vt 0.982868 0.195608
vt 0.978306 0.198602
vt 0.980546 0.190633
vt 0.240634 0.028284
vt 0.240634 0.012943
vt 0.231988 0.025769
vt 0.094823 0.687804
vt 0.098260 0.688829
vt 0.093782 0.690529
vt 0.099430 0.685071
vt 0.309522 0.179770
vt 0.311294 0.182805
vt 0.307850 0.180982
vt 0.311947 0.186820
vt 0.303510 0.182537
vt 0.303852 0.189856
vt 0.300914 0.184992
vt 0.323134 0.198131
vt 0.305894 0.198161
vt 0.309201 0.202057
vt 0.329551 0.202650
vt 0.337471 0.206385
vt 0.327034 0.209447
vt 0.340071 0.208829
vt 0.326332 0.213974
vt 0.659576 0.285583
vt 0.664850 0.271558
vt 0.691366 0.270579
vt 0.341422 0.212875
vt 0.334729 0.213260
vt 0.840608 0.244169
vt 0.855328 0.251820
vt 0.841181 0.266262
vt 0.153004 0.584246
vt 0.146575 0.583865
vt 0.155387 0.595599
vt 0.647820 0.976389
vt 0.654659 0.974014
vt 0.905379 0.611768
vt 0.901170 0.611218
vt 0.962622 0.179082
vt 0.956512 0.170583
vt 0.962460 0.173465
vt 0.977913 0.125543
vt 0.964786 0.125166
vt 0.968157 0.116204
vt 0.971576 0.144474
vt 0.968602 0.138077
vt 0.975652 0.139073
vt 0.976171 0.134101
vt 0.077507 0.688839
vt 0.074926 0.686599
vt 0.083281 0.688108
vt 0.076563 0.685084
vt 0.084205 0.685961
vt 0.810091 0.519030
vt 0.817071 0.520345
vt 0.809224 0.522660
vt 0.084269 0.692713
vt 0.287784 0.182493
vt 0.294697 0.185812
vt 0.291997 0.190452
vt 0.091125 0.688330
vt 0.090611 0.692470
vt 0.803079 0.523543
vt 0.801856 0.520179
vt 0.806628 0.518215
vt 0.795450 0.523464
vt 0.311440 0.210282
vt 0.793483 0.528477
vt 0.782239 0.544023
vt 0.771522 0.542001
vt 0.323398 0.212025
vt 0.770937 0.546379
vt 0.776256 0.551579
vt 0.769696 0.551146
vt 0.419361 0.699010
vt 0.417247 0.696926
vt 0.419101 0.692609
vt 0.336442 0.217162
vt 0.333285 0.216500
vt 0.722325 0.276415
vt 0.713161 0.265761
vt 0.742972 0.262430
vt 0.738863 0.275994
vt 0.870216 0.234432
vt 0.887082 0.221591
vt 0.891661 0.236200
vt 0.663618 0.718733
vt 0.658338 0.718694
vt 0.664283 0.716103
vt 0.140542 0.589249
vt 0.141534 0.594915
vt 0.146979 0.593137
vt 0.145947 0.600518
vt 0.139195 0.606326
vt 0.143031 0.611762
vt 0.149818 0.603736
vt 0.945022 0.183958
vt 0.941246 0.169246
vt 0.949233 0.167472
vt 0.571424 0.268719
vt 0.594472 0.244324
vt 0.602892 0.268933
vt 0.065173 0.687250
vt 0.068717 0.684548
vt 0.283946 0.186823
vt 0.274727 0.184360
vt 0.064339 0.689971
vt 0.272242 0.192957
vt 0.824624 0.519761
vt 0.818108 0.523081
vt 0.283018 0.196573
vt 0.807063 0.525973
vt 0.291588 0.204690
vt 0.300538 0.209888
vt 0.295317 0.211533
vt 0.305308 0.212167
vt 0.312470 0.214007
vt 0.321786 0.217130
vt 0.719921 0.245163
vt 0.571157 0.713932
vt 0.564894 0.714772
vt 0.559305 0.712711
vt 0.592582 0.715705
vt 0.583584 0.717973
vt 0.580513 0.715149
vt 0.848748 0.225765
vt 0.872518 0.214519
vt 0.871405 0.225038
vt 0.888934 0.208616
vt 0.894548 0.211480
vt 0.896986 0.218337
vt 0.134227 0.565534
vt 0.135233 0.573064
vt 0.139979 0.574923
vt 0.135369 0.584939
vt 0.142644 0.574040
vt 0.134274 0.608412
vt 0.138231 0.611415
vt 0.100384 0.942694
vt 0.103069 0.937822
vt 0.107873 0.941907
vt 0.939936 0.200621
vt 0.936131 0.194687
vt 0.939845 0.191284
vt 0.060165 0.684084
vt 0.055522 0.685988
vt 0.840985 0.520627
vt 0.837748 0.522338
vt 0.832465 0.519311
vt 0.052374 0.689160
vt 0.262798 0.185551
vt 0.260362 0.188684
vt 0.266976 0.200159
vt 0.252960 0.197096
vt 0.830207 0.522167
vt 0.272547 0.203591
vt 0.816763 0.527135
vt 0.280169 0.206223
vt 0.291368 0.208603
vt 0.819881 0.239322
vt 0.813635 0.233084
vt 0.829588 0.231830
vt 0.885410 0.193132
vt 0.874252 0.186887
vt 0.885453 0.168831
vt 0.132084 0.580239
vt 0.132870 0.591697
vt 0.929422 0.183363
vt 0.926074 0.178890
vt 0.928093 0.176382
vt 0.133287 0.595889
vt 0.135779 0.599496
vt 0.142301 0.599621
vt 0.135686 0.604625
vt 0.130922 0.603245
vt 0.104263 0.930900
vt 0.114735 0.941851
vt 0.932748 0.189365
vt 0.937806 0.185197
vt 0.251722 0.192122
vt 0.043597 0.689021
vt 0.049147 0.691567
vt 0.039907 0.692336
vt 0.259392 0.203397
vt 0.833066 0.525615
vt 0.262178 0.205575
vt 0.267504 0.207480
vt 0.819292 0.538763
vt 0.279982 0.210014
vt 0.697949 0.228926
vt 0.699073 0.251363
vt 0.854432 0.180239
vt 0.846871 0.175250
vt 0.870922 0.145314
vt 0.131122 0.574334
vt 0.128546 0.582322
vt 0.111111 0.934772
vt 0.114650 0.927345
vt 0.119812 0.932730
vt 0.041489 0.686271
vt 0.032924 0.689179
vt 0.025456 0.692470
vt 0.242580 0.198849
vt 0.237962 0.196828
vt 0.249462 0.203433
vt 0.848867 0.525619
vt 0.841103 0.534026
vt 0.247901 0.206822
vt 0.925552 0.316874
vt 0.925552 0.282359
vt 0.913467 0.311865
vt 0.790097 0.217263
vt 0.763424 0.216802
vt 0.783947 0.205501
vt 0.846800 0.153612
vt 0.840143 0.137301
vt 0.857730 0.129507
vt 0.126902 0.576669
vt 0.120187 0.583526
vt 0.124060 0.585483
vt 0.126706 0.589830
vt 0.124987 0.591237
vt 0.128213 0.593414
vt 0.131962 0.597383
vt 0.124955 0.599154
vt 0.236848 0.201869
vt 0.864680 0.529507
vt 0.863245 0.534975
vt 0.854647 0.529595
vt 0.264884 0.212466
vt 0.255428 0.210319
vt 0.256965 0.209234
vt 0.660091 0.211525
vt 0.676728 0.209065
vt 0.673380 0.226669
vt 0.699998 0.211124
vt 0.725743 0.213141
vt 0.715629 0.225691
vt 0.821639 0.142966
vt 0.811747 0.137859
vt 0.832922 0.127904
vt 0.122037 0.587377
vt 0.496901 0.163860
vt 0.534095 0.164373
vt 0.498977 0.184086
vt 0.574360 0.175863
vt 0.620530 0.190845
vt 0.573915 0.205776
vt 0.618684 0.208914
vt 0.085975 0.981863
vt 0.123173 0.962128
vt 0.109290 0.988974
vt 0.645496 0.191291
vt 0.404899 0.851916
vt 0.440572 0.850911
vt 0.415352 0.861457
vt 0.539160 0.146060
vt 0.553418 0.149047
vt 0.549626 0.163541
vt 0.576503 0.162998
vt 0.497118 0.308245
vt 0.497750 0.310163
vt 0.501921 0.308245
vt 0.599904 0.917066
vt 0.605668 0.917066
vt 0.605061 0.914190
vt 0.981268 0.773191
vt 0.978479 0.773120
vt 0.978470 0.777375
vt 0.981139 0.791059
vt 0.978148 0.796091
vt 0.981268 0.803873
vt 0.977346 0.802901
vt 0.980005 0.781454
vt 0.127281 0.834612
vt 0.118636 0.836398
vt 0.123108 0.838363
vt 0.751923 0.127295
vt 0.749781 0.123373
vt 0.753040 0.118205
vt 0.750684 0.114127
vt 0.754230 0.107050
vt 0.826420 0.868640
vt 0.833142 0.867190
vt 0.828673 0.877588
vt 0.835705 0.875897
vt 0.832319 0.881253
vt 0.838814 0.881309
vt 0.834822 0.883064
vt 0.822636 0.855320
vt 0.825248 0.854030
vt 0.828890 0.858135
vt 0.830980 0.860707
vt 0.837950 0.871327
vt 0.141931 0.330993
vt 0.137088 0.337226
vt 0.136696 0.330297
vt 0.132541 0.335635
vt 0.815960 0.841312
vt 0.813016 0.830184
vt 0.821662 0.841175
vt 0.821466 0.846759
vt 0.827083 0.847713
vt 0.829312 0.851965
vt 0.832421 0.855483
vt 0.835081 0.859722
vt 0.840369 0.867431
vt 0.146557 0.332164
vt 0.140293 0.338488
vt 0.419447 0.974198
vt 0.422451 0.977656
vt 0.417816 0.976853
vt 0.819509 0.824624
vt 0.821293 0.832731
vt 0.822568 0.837673
vt 0.837854 0.857114
vt 0.841123 0.860785
vt 0.153327 0.330890
vt 0.150437 0.334268
vt 0.147173 0.337953
vt 0.144093 0.339156
vt 0.418638 0.969854
vt 0.416652 0.973396
vt 0.415081 0.970856
vt 0.813786 0.817987
vt 0.817054 0.820824
vt 0.811232 0.819369
vt 0.812220 0.816274
vt 0.823938 0.829732
vt 0.843320 0.855589
vt 0.159119 0.331455
vt 0.153365 0.338107
vt 0.150197 0.339653
vt 0.412663 0.965153
vt 0.415390 0.964246
vt 0.414374 0.967697
vt 0.813199 0.812334
vt 0.817319 0.813989
vt 0.429984 0.908437
vt 0.426584 0.912085
vt 0.426149 0.911008
vt 0.821698 0.820742
vt 0.825058 0.823575
vt 0.827436 0.826669
vt 0.974375 0.769293
vt 0.973719 0.774143
vt 0.977089 0.769249
vt 0.423620 0.929441
vt 0.417706 0.946685
vt 0.417335 0.935515
vt 0.976989 0.782304
vt 0.972946 0.792935
vt 0.977559 0.789684
vt 0.972622 0.802060
vt 0.161864 0.334162
vt 0.155806 0.339885
vt 0.973091 0.809684
vt 0.424485 0.912054
vt 0.819183 0.813349
vt 0.825594 0.820930
vt 0.822675 0.894623
vt 0.825927 0.899185
vt 0.821687 0.906958
vt 0.828661 0.901187
vt 0.830543 0.887098
vt 0.830659 0.897464
vt 0.083728 0.753621
vt 0.081836 0.756697
vt 0.088078 0.753116
vt 0.823283 0.883336
vt 0.834818 0.888349
vt 0.815851 0.873036
vt 0.817920 0.860725
vt 0.124038 0.333846
vt 0.122537 0.337242
vt 0.113833 0.331689
vt 0.802687 0.846661
vt 0.797652 0.825002
vt 0.129421 0.332444
vt 0.129913 0.337616
vt 0.130145 0.339885
vt 0.924147 0.991850
vt 0.921634 0.990019
vt 0.926795 0.989481
vt 0.926450 0.991141
vt 0.791278 0.808905
vt 0.793411 0.809666
vt 0.791816 0.812531
vt 0.806038 0.824849
vt 0.134707 0.339077
vt 0.421809 0.980655
vt 0.424466 0.979629
vt 0.424792 0.984107
vt 0.802993 0.815707
vt 0.421582 0.971029
vt 0.799811 0.807766
vt 0.933237 0.990428
vt 0.805365 0.812388
vt 0.827570 0.559541
vt 0.820603 0.560403
vt 0.820055 0.558485
vt 0.817963 0.559541
vt 0.807303 0.811817
vt 0.435857 0.906984
vt 0.432466 0.917605
vt 0.431762 0.912538
vt 0.800569 0.912662
vt 0.811276 0.907996
vt 0.803490 0.914477
vt 0.812160 0.910674
vt 0.803714 0.898030
vt 0.818489 0.906830
vt 0.813636 0.911188
vt 0.815429 0.892976
vt 0.802687 0.881814
vt 0.780541 0.837380
vt 0.793467 0.831887
vt 0.782207 0.847251
vt 0.979700 0.209607
vt 0.982229 0.208457
vt 0.979347 0.206003
vt 0.787537 0.814839
vt 0.783032 0.822565
vt 0.908261 0.990428
vt 0.918084 0.989630
vt 0.916519 0.990681
vt 0.981165 0.199904
vt 0.777832 0.811031
vt 0.783564 0.809553
vt 0.921977 0.988015
vt 0.788564 0.809944
vt 0.448198 0.901187
vt 0.453131 0.900948
vt 0.445521 0.906748
vt 0.789204 0.902493
vt 0.796347 0.909726
vt 0.786970 0.911385
vt 0.790516 0.913373
vt 0.798532 0.912404
vt 0.793519 0.914483
vt 0.797135 0.915149
vt 0.789634 0.891116
vt 0.797402 0.890954
vt 0.783200 0.862279
vt 0.768228 0.818081
vt 0.771497 0.830206
vt 0.768961 0.813057
vt 0.774603 0.812193
vt 0.980200 0.215652
vt 0.981165 0.218121
vt 0.465746 0.896420
vt 0.462292 0.899987
vt 0.456197 0.898179
vt 0.453538 0.908420
vt 0.458813 0.929726
vt 0.448569 0.932781
vt 0.773916 0.913791
vt 0.770595 0.912780
vt 0.779135 0.910014
vt 0.777179 0.902259
vt 0.784085 0.913377
vt 0.777428 0.914077
vt 0.193630 0.656280
vt 0.190724 0.659156
vt 0.196446 0.658773
vt 0.765053 0.879345
vt 0.776793 0.883883
vt 0.765818 0.851001
vt 0.760369 0.832548
vt 0.755725 0.844674
vt 0.758994 0.816758
vt 0.754577 0.819201
vt 0.754496 0.817124
vt 0.763789 0.813329
vt 0.766591 0.813769
vt 0.477661 0.895973
vt 0.475292 0.898144
vt 0.474940 0.896661
vt 0.469891 0.901647
vt 0.750382 0.911842
vt 0.758583 0.907647
vt 0.763567 0.912381
vt 0.754897 0.914392
vt 0.768089 0.914895
vt 0.759819 0.915149
vt 0.758583 0.901019
vt 0.764198 0.899639
vt 0.755938 0.862619
vt 0.741648 0.885196
vt 0.745906 0.822495
vt 0.738287 0.823948
vt 0.747612 0.820233
vt 0.748135 0.839379
vt 0.750574 0.829503
vt 0.495223 0.897287
vt 0.495054 0.898622
vt 0.487698 0.897490
vt 0.483253 0.899703
vt 0.481928 0.927388
vt 0.468778 0.914810
vt 0.732004 0.912400
vt 0.729970 0.910696
vt 0.733645 0.909159
vt 0.743308 0.910528
vt 0.738620 0.912562
vt 0.746126 0.913357
vt 0.742776 0.914523
vt 0.735479 0.902483
vt 0.743892 0.902122
vt 0.752539 0.904677
vt 0.751609 0.914249
vt 0.964710 0.938886
vt 0.970443 0.939153
vt 0.966615 0.941023
vt 0.745376 0.895460
vt 0.738977 0.860012
vt 0.731489 0.838586
vt 0.735108 0.827763
vt 0.743643 0.828601
vt 0.230554 0.089645
vt 0.234870 0.089866
vt 0.225806 0.091563
vt 0.220461 0.089866
vt 0.500558 0.897708
vt 0.717103 0.905412
vt 0.725009 0.908037
vt 0.721494 0.909326
vt 0.727205 0.895739
vt 0.970609 0.241079
vt 0.970521 0.249705
vt 0.971613 0.245561
vt 0.724762 0.893218
vt 0.734079 0.883128
vt 0.723168 0.862372
vt 0.722983 0.872211
vt 0.724331 0.831262
vt 0.734583 0.826108
vt 0.725874 0.832316
vt 0.423151 0.652445
vt 0.424111 0.661545
vt 0.423151 0.663950
vt 0.511750 0.900519
vt 0.507796 0.902720
vt 0.509333 0.899903
vt 0.710642 0.892085
vt 0.707376 0.903640
vt 0.704331 0.900085
vt 0.708910 0.905197
vt 0.715937 0.906702
vt 0.717067 0.883527
vt 0.711428 0.850657
vt 0.711479 0.843653
vt 0.713224 0.838036
vt 0.940922 0.653457
vt 0.939001 0.657239
vt 0.939001 0.646692
vt 0.718578 0.833979
vt 0.536972 0.905622
vt 0.521048 0.902852
vt 0.527016 0.902781
vt 0.520768 0.901686
vt 0.688008 0.893684
vt 0.695388 0.897411
vt 0.694745 0.899736
vt 0.702097 0.901731
vt 0.694769 0.887363
vt 0.689239 0.891380
vt 0.701339 0.885780
vt 0.701492 0.867411
vt 0.701555 0.844564
vt 0.688311 0.678332
vt 0.689273 0.676963
vt 0.695005 0.677974
vt 0.706592 0.840424
vt 0.540257 0.905778
vt 0.536020 0.907127
vt 0.709717 0.839510
vt 0.673651 0.886059
vt 0.680257 0.890064
vt 0.676411 0.889175
vt 0.672173 0.884831
vt 0.683689 0.884840
vt 0.679771 0.877343
vt 0.692822 0.863044
vt 0.691450 0.877600
vt 0.683996 0.860411
vt 0.688441 0.853287
vt 0.671958 0.675455
vt 0.683844 0.675828
vt 0.679675 0.676872
vt 0.672216 0.676972
vt 0.694304 0.848978
vt 0.545483 0.907953
vt 0.550709 0.909177
vt 0.538183 0.912116
vt 0.592219 0.930853
vt 0.589393 0.926489
vt 0.589911 0.925987
vt 0.668153 0.884556
vt 0.664265 0.879133
vt 0.669360 0.870089
vt 0.665478 0.874034
vt 0.583960 0.922802
vt 0.911453 0.260307
vt 0.910183 0.266911
vt 0.912104 0.265865
vt 0.669594 0.866063
vt 0.648895 0.677974
vt 0.661234 0.675950
vt 0.043708 0.018013
vt 0.047785 0.017044
vt 0.048489 0.018687
vt 0.056075 0.019989
vt 0.062862 0.016779
vt 0.060903 0.018747
vt 0.813160 0.036309
vt 0.814834 0.042914
vt 0.817698 0.040454
vt 0.818996 0.045215
vt 0.822255 0.047126
vt 0.823332 0.051468
vt 0.825234 0.036995
vt 0.065001 0.019423
vt 0.073428 0.018786
vt 0.072905 0.020614
vt 0.829104 0.052220
vt 0.831590 0.023879
vt 0.834618 0.032303
vt 0.842909 0.019392
vt 0.850107 0.014667
vt 0.830645 0.056417
vt 0.835308 0.062405
vt 0.083093 0.019989
vt 0.843566 0.045072
vt 0.851660 0.050067
vt 0.849283 0.026232
vt 0.850999 0.018477
vt 0.857693 0.014606
vt 0.861237 0.011291
vt 0.844405 0.066480
vt 0.842888 0.068229
vt 0.847188 0.071205
vt 0.119597 0.048418
vt 0.117675 0.057063
vt 0.119073 0.054041
vt 0.854401 0.062541
vt 0.236979 0.966498
vt 0.861428 0.052530
vt 0.865471 0.041173
vt 0.869617 0.010601
vt 0.872332 0.008773
vt 0.877373 0.010644
vt 0.119597 0.066056
vt 0.117941 0.063309
vt 0.117861 0.067593
vt 0.318444 0.306576
vt 0.309529 0.306603
vt 0.314478 0.305210
vt 0.864771 0.063285
vt 0.304449 0.305610
vt 0.718060 0.928571
vt 0.873588 0.058575
vt 0.877846 0.046331
vt 0.881948 0.018352
vt 0.888936 0.038592
vt 0.884987 0.005929
vt 0.857535 0.078293
vt 0.865803 0.083778
vt 0.868410 0.083660
vt 0.298509 0.304771
vt 0.871128 0.086433
vt 0.876512 0.077258
vt 0.284834 0.308245
vt 0.285858 0.305770
vt 0.887577 0.073011
vt 0.883984 0.078543
vt 0.896123 0.014935
vt 0.895359 0.005847
vt 0.898946 0.003003
vt 0.879683 0.087457
vt 0.875880 0.088428
vt 0.283296 0.304410
vt 0.890270 0.082502
vt 0.279232 0.307635
vt 0.279465 0.305574
vt 0.276230 0.306490
vt 0.272334 0.307869
vt 0.896731 0.085250
vt 0.682147 0.917421
vt 0.898423 0.062804
vt 0.901206 0.080447
vt 0.679108 0.915692
vt 0.902851 0.041652
vt 0.902673 0.023880
vt 0.913471 0.036817
vt 0.909144 0.002729
vt 0.910649 0.013122
vt 0.905999 0.000728
vt 0.911633 0.001030
vt 0.888596 0.093313
vt 0.899355 0.095104
vt 0.891314 0.095153
vt 0.894934 0.096893
vt 0.904328 0.097466
vt 0.907306 0.098999
vt 0.674844 0.915733
vt 0.915095 0.083888
vt 0.913221 0.060351
vt 0.662266 0.914629
vt 0.916662 0.052128
vt 0.918954 0.018555
vt 0.921208 0.036373
vt 0.008185 0.439597
vt 0.925558 0.000506
vt 0.911497 0.099099
vt 0.915147 0.095863
vt 0.917088 0.102251
vt 0.923170 0.102777
vt 0.930442 0.094217
vt 0.924548 0.101043
vt 0.657761 0.912626
vt 0.927526 0.104896
vt 0.918609 0.074177
vt 0.926464 0.089182
vt 0.932540 0.084138
vt 0.923744 0.047249
vt 0.941326 0.034874
vt 0.934202 0.018879
vt 0.933035 0.006547
vt 0.932714 0.002329
vt 0.934955 0.000540
vt 0.933452 0.103496
vt 0.931129 0.105980
vt 0.937112 0.105860
vt 0.938296 0.103745
vt 0.937688 0.107862
vt 0.634530 0.914101
vt 0.949125 0.085770
vt 0.945540 0.095125
vt 0.949082 0.067053
vt 0.958120 0.069899
vt 0.949667 0.016266
vt 0.938259 0.000479
vt 0.631301 0.911848
vt 0.956850 0.094338
vt 0.625072 0.914976
vt 0.959031 0.083696
vt 0.963796 0.091226
vt 0.966430 0.074757
vt 0.610471 0.928571
vt 0.951690 0.006104
vt 0.958297 0.008403
vt 0.957869 0.004315
vt 0.960213 0.105284
vt 0.965105 0.099402
vt 0.973011 0.090017
vt 0.969641 0.098270
vt 0.967614 0.100889
vt 0.973470 0.093174
vt 0.978592 0.087641
vt 0.979781 0.084303
vt 0.857366 0.982263
vt 0.849540 0.982178
vt 0.850743 0.979453
vt 0.842939 0.982263
vt 0.971636 0.053358
vt 0.976876 0.068547
vt 0.857552 0.979386
vt 0.969241 0.019446
vt 0.968384 0.025114
vt 0.967874 0.033820
vt 0.973429 0.044683
vt 0.844302 0.694876
vt 0.848659 0.686999
vt 0.844550 0.675635
vt 0.848703 0.670771
vt 0.845184 0.670634
vt 0.821298 0.658198
vt 0.823727 0.664920
vt 0.864073 0.980675
vt 0.845435 0.715724
vt 0.847071 0.707007
vt 0.962535 0.003402
vt 0.969137 0.013197
vt 0.821298 0.674497
vt 0.966677 0.005566
vt 0.970949 0.011157
vt 0.983137 0.075539
vt 0.845287 0.661985
vt 0.984006 0.083808
vt 0.840622 0.700399
vt 0.839894 0.677905
vt 0.838355 0.670880
vt 0.840341 0.666247
vt 0.843278 0.657838
vt 0.848659 0.654362
vt 0.845028 0.655449
vt 0.971994 0.031542
vt 0.834372 0.668135
vt 0.832373 0.668602
vt 0.894813 0.338011
vt 0.894587 0.324545
vt 0.891821 0.329835
vt 0.891732 0.326343
vt 0.972049 0.011899
vt 0.889210 0.335615
vt 0.888604 0.332080
vt 0.981057 0.020128
vt 0.975422 0.009736
vt 0.886167 0.337875
vt 0.719446 0.984650
vt 0.977585 0.008787
vt 0.980800 0.013002
vt 0.984006 0.017390
vt 0.984150 0.023359
vt 0.310745 0.245764
vt 0.311010 0.248002
vt 0.304299 0.251094
vt 0.313641 0.241364
vt 0.214240 0.666828
vt 0.217443 0.662859
vt 0.212794 0.659949
vt 0.218540 0.656352
vt 0.214212 0.656371
vt 0.216107 0.652220
vt 0.218540 0.668311
vt 0.305295 0.234306
vt 0.308946 0.240586
vt 0.307594 0.243285
vt 0.299449 0.246890
vt 0.294866 0.252822
vt 0.294326 0.249580
vt 0.289047 0.253862
vt 0.284899 0.252111
vt 0.279956 0.255377
vt 0.204734 0.664685
vt 0.207908 0.654582
vt 0.209279 0.649891
vt 0.215830 0.647199
vt 0.300821 0.232507
vt 0.301302 0.234886
vt 0.301436 0.239966
vt 0.292299 0.245538
vt 0.283483 0.248866
vt 0.252286 0.257583
vt 0.260870 0.258162
vt 0.245051 0.260307
vt 0.206090 0.669703
vt 0.290781 0.229018
vt 0.094688 0.375698
vt 0.288952 0.231326
vt 0.089384 0.376625
vt 0.282844 0.239842
vt 0.282701 0.243542
vt 0.272920 0.247805
vt 0.252823 0.254225
vt 0.237656 0.259206
vt 0.201791 0.644709
vt 0.285940 0.607206
vt 0.282959 0.225933
vt 0.280514 0.228462
vt 0.277709 0.225126
vt 0.268334 0.238968
vt 0.263538 0.245333
vt 0.254251 0.250988
vt 0.241954 0.255991
vt 0.234949 0.254615
vt 0.286323 0.894234
vt 0.258632 0.895372
vt 0.251246 0.895403
vt 0.217711 0.896423
vt 0.206267 0.897336
vt 0.211457 0.892912
vt 0.196980 0.897439
vt 0.160366 0.897927
vt 0.228798 0.564099
vt 0.229852 0.555484
vt 0.266914 0.602840
vt 0.303672 0.620187
vt 0.579612 0.894489
vt 0.580806 0.898849
vt 0.572087 0.895388
vt 0.271702 0.223686
vt 0.269819 0.227054
vt 0.070601 0.375573
vt 0.259346 0.230094
vt 0.055641 0.372377
vt 0.252374 0.245046
vt 0.241252 0.251898
vt 0.695965 0.925695
vt 0.692765 0.930259
vt 0.695965 0.933804
vt 0.692123 0.939118
vt 0.517757 0.667785
vt 0.318854 0.890852
vt 0.306009 0.893194
vt 0.305046 0.887898
vt 0.235399 0.895867
vt 0.160853 0.888005
vt 0.149098 0.897549
vt 0.128640 0.895598
vt 0.132717 0.889981
vt 0.214769 0.553829
vt 0.281900 0.613480
vt 0.295654 0.618721
vt 0.565119 0.889832
vt 0.565818 0.898166
vt 0.553438 0.890338
vt 0.345002 0.639023
vt 0.464571 0.887056
vt 0.478525 0.888319
vt 0.410355 0.886964
vt 0.063758 0.377277
vt 0.256988 0.221685
vt 0.057286 0.377105
vt 0.049472 0.373657
vt 0.051846 0.375995
vt 0.248091 0.234583
vt 0.242692 0.241283
vt 0.236332 0.247054
vt 0.229208 0.250455
vt 0.223624 0.252497
vt 0.205091 0.256464
vt 0.352647 0.886350
vt 0.327772 0.879046
vt 0.113904 0.886276
vt 0.664982 0.811063
vt 0.250398 0.602147
vt 0.277779 0.625458
vt 0.581596 0.883105
vt 0.506315 0.883206
vt 0.505059 0.888426
vt 0.477740 0.879416
vt 0.441776 0.879710
vt 0.469483 0.659934
vt 0.240115 0.220997
vt 0.240955 0.223671
vt 0.237254 0.226318
vt 0.239421 0.228184
vt 0.237537 0.232716
vt 0.235506 0.231181
vt 0.229599 0.241624
vt 0.225717 0.239968
vt 0.219815 0.248156
vt 0.375082 0.881274
vt 0.372795 0.883986
vt 0.357365 0.886741
vt 0.221061 0.875425
vt 0.121483 0.879566
vt 0.111386 0.882248
vt 0.094848 0.883780
vt 0.093445 0.890455
vt 0.078109 0.885768
vt 0.656260 0.826011
vt 0.614815 0.851864
vt 0.599449 0.845831
vt 0.212776 0.568331
vt 0.225254 0.579765
vt 0.262830 0.612820
vt 0.270543 0.619994
vt 0.564310 0.868405
vt 0.394907 0.878617
vt 0.232173 0.229685
vt 0.394870 0.882559
vt 0.381959 0.881314
vt 0.379349 0.877583
vt 0.370514 0.877135
vt 0.136661 0.866031
vt 0.068522 0.884326
vt 0.065297 0.876626
vt 0.055864 0.875859
vt 0.118636 0.538351
vt 0.713476 0.804217
vt 0.693729 0.805095
vt 0.668874 0.821378
vt 0.506205 0.873723
vt 0.475709 0.865290
vt 0.404973 0.874150
vt 0.397252 0.874710
vt 0.109857 0.866578
vt 0.099007 0.866086
vt 0.077991 0.870737
vt 0.065591 0.870108
vt 0.056285 0.870738
vt 0.608616 0.948440
vt 0.730564 0.806724
vt 0.551678 0.866511
vt 0.534715 0.867019
vt 0.401531 0.864361
vt 0.288100 0.861108
vt 0.269332 0.862249
vt 0.228140 0.863378
vt 0.175742 0.863815
vt 0.161160 0.865185
vt 0.117288 0.865113
vt 0.618184 0.954764
vt 0.054275 0.865003
vt 0.984894 0.615053
vt 0.983249 0.617187
vt 0.985110 0.630907
vt 0.632688 0.897188
vt 0.692531 0.812746
vt 0.841979 0.313039
vt 0.506954 0.864670
vt 0.201152 0.862689
vt 0.089488 0.864101
vt 0.065711 0.863824
vt 0.861547 0.641593
vt 0.859776 0.641898
vt 0.862152 0.630947
vt 0.859270 0.625922
vt 0.862002 0.619572
vt 0.860044 0.610549
vt 0.861709 0.606215
vt 0.861547 0.599712
vt 0.035062 0.701026
vt 0.027847 0.702534
vt 0.010871 0.059073
vt 0.004920 0.050800
vt 0.007623 0.052963
vt 0.027860 0.240490
vt 0.033507 0.231592
vt 0.033881 0.232814
vt 0.038152 0.224441
vt 0.758405 0.578128
vt 0.051366 0.208522
vt 0.047073 0.212709
vt 0.051217 0.207308
vt 0.739502 0.742777
vt 0.054361 0.203111
vt 0.056535 0.201972
vt 0.059684 0.195479
vt 0.293468 0.018824
vt 0.094621 0.277565
vt 0.096542 0.286598
vt 0.094621 0.290029
vt 0.290586 0.441132
vt 0.288673 0.437680
vt 0.288665 0.442171
vt 0.288673 0.453020
vt 0.327089 0.768910
vt 0.334857 0.768456
vt 0.335120 0.769415
vt 0.350144 0.768910
vt 0.449087 0.340844
vt 0.434236 0.338926
vt 0.432059 0.339422
vt 0.388569 0.859540
vt 0.191643 0.961757
vt 0.017771 0.011660
vt 0.376081 0.282359
vt 0.384726 0.282359
vt 0.378540 0.280441
vt 0.818395 0.798187
vt 0.794066 0.798911
vt 0.108069 0.507670
vt 0.106148 0.511252
vt 0.108069 0.522052
vt 0.060038 0.697507
vt 0.060038 0.715724
vt 0.057157 0.708697
vt 0.116715 0.295066
vt 0.115201 0.291946
vt 0.114793 0.295975
vt 0.747127 0.803566
vt 0.115201 0.300575
vt 0.592740 0.939118
vt 0.590298 0.944568
vt 0.592893 0.944804
vt 0.590786 0.948789
vt 0.593180 0.950612
vt 0.590626 0.954598
vt 0.210855 0.633631
vt 0.592855 0.956768
vt 0.590483 0.960622
vt 0.592111 0.962611
vt 0.590399 0.966256
vt 0.266919 0.031728
vt 0.592740 0.968215
vt 0.590643 0.971716
vt 0.021614 0.400207
vt 0.023737 0.383628
vt 0.024835 0.383695
vt 0.319222 0.777123
vt 0.291313 0.028621
vt 0.275602 0.030362
vt 0.277293 0.028460
vt 0.700656 0.814251
vt 0.024566 0.379814
vt 0.305746 0.027784
vt 0.303414 0.026819
vt 0.692234 0.816285
vt 0.324352 0.027568
vt 0.957106 0.601519
vt 0.690420 0.816610
vt 0.874640 0.277960
vt 0.345239 0.773758
vt 0.012968 0.172100
vt 0.012056 0.172295
vt 0.012898 0.199474
vt 0.012118 0.190732
vt 0.012008 0.225304
vt 0.012968 0.226750
vt 0.785986 0.682167
vt 0.784342 0.682676
vt 0.912235 0.392728
vt 0.911146 0.392143
vt 0.392742 0.761926
vt 0.822620 0.017464
vt 0.824688 0.018725
vt 0.815705 0.019207
vt 0.813904 0.018155
vt 0.802320 0.018014
vt 0.787224 0.018725
vt 0.436959 0.293339
vt 0.436666 0.291946
vt 0.423151 0.293864
vt 0.548991 0.768281
vt 0.542358 0.767498
vt 0.543756 0.769415
vt 0.538425 0.768281
vt 0.451969 0.516796
vt 0.450926 0.507670
vt 0.450048 0.518255
vt 0.450926 0.528763
vt 0.563831 0.866390
vt 0.537023 0.865165
vt 0.476560 0.863112
vt 0.461895 0.862930
vt 0.317961 0.669933
vt 0.326393 0.667857
vt 0.338450 0.670186
vt 0.352163 0.668872
vt 0.420143 0.863151
vt 0.360031 0.670503
vt 0.370375 0.668821
vt 0.374706 0.671154
vt 0.378943 0.669989
vt 0.388165 0.668647
vt 0.387821 0.670916
vt 0.410327 0.667785
vt 0.409826 0.669735
vt 0.424413 0.670184
vt 0.438192 0.668772
vt 0.452343 0.668411
vt 0.455967 0.670927
vt 0.462149 0.668995
vt 0.476235 0.672110
vt 0.477874 0.670829
vt 0.492117 0.672897
vt 0.270495 0.860499
vt 0.228262 0.861144
vt 0.213618 0.861795
vt 0.190196 0.862175
vt 0.160636 0.863407
vt 0.141600 0.863312
vt 0.132053 0.864547
vt 0.667162 0.691739
vt 0.660643 0.689822
vt 0.668019 0.689280
vt 0.680409 0.692130
vt 0.097225 0.863692
vt 0.630242 0.955410
vt 0.711096 0.692249
vt 0.688019 0.691574
vt 0.711461 0.690725
vt 0.722920 0.690973
vt 0.728701 0.695735
vt 0.021595 0.301208
vt 0.017821 0.291440
vt 0.022709 0.298470
vt 0.836597 0.687919
vt 0.837176 0.696730
vt 0.834607 0.699822
vt 0.004122 0.032855
vt 0.002218 0.033175
vt 0.001366 0.027329
vt 0.003249 0.027225
vt 0.027161 0.301534
vt 0.835191 0.708054
vt 0.018124 0.277209
vt 0.018365 0.264082
vt 0.022691 0.265346
vt 0.020456 0.284920
vt 0.003332 0.043826
vt 0.001879 0.037487
vt 0.000480 0.021881
vt 0.005311 0.022180
vt 0.005943 0.018152
vt 0.031040 0.297780
vt 0.019715 0.257639
vt 0.023538 0.248585
vt 0.014694 0.056424
vt 0.012357 0.029318
vt 0.035156 0.299977
vt 0.030323 0.246141
vt 0.039428 0.252277
vt 0.403574 0.268936
vt 0.015426 0.022737
vt 0.011185 0.017850
vt 0.038738 0.293884
vt 0.019483 0.069025
vt 0.017069 0.066361
vt 0.042761 0.296198
vt 0.023315 0.075539
vt 0.028182 0.075332
vt 0.028724 0.023792
vt 0.026331 0.021128
vt 0.022047 0.019278
vt 0.048831 0.287555
vt 0.040385 0.229924
vt 0.027995 0.081567
vt 0.051139 0.290118
vt 0.042585 0.218600
vt 0.039234 0.092064
vt 0.058139 0.284741
vt 0.052376 0.217691
vt 0.545178 0.748526
vt 0.549663 0.729147
vt 0.545174 0.739881
vt 0.064082 0.279764
vt 0.065521 0.272680
vt 0.044483 0.097222
vt 0.052474 0.099208
vt 0.050019 0.082653
vt 0.544188 0.745619
vt 0.049352 0.102043
vt 0.067569 0.276103
vt 0.069410 0.195458
vt 0.053199 0.105421
vt 0.060842 0.049298
vt 0.046818 0.034246
vt 0.052810 0.036420
vt 0.070351 0.273125
vt 0.059577 0.112592
vt 0.066852 0.113104
vt 0.073253 0.270529
vt 0.068588 0.187298
vt 0.057398 0.039755
vt 0.061843 0.043313
vt 0.074640 0.177341
vt 0.066600 0.119373
vt 0.069884 0.122667
vt 0.071511 0.057897
vt 0.068594 0.049115
vt 0.065032 0.045596
vt 0.075709 0.130459
vt 0.072754 0.053546
vt 0.087281 0.173217
vt 0.081170 0.172929
vt 0.078772 0.134133
vt 0.082700 0.128800
vt 0.076777 0.057745
vt 0.100037 0.237350
vt 0.084388 0.145182
vt 0.078804 0.060560
vt 0.085596 0.159272
vt 0.093620 0.158302
vt 0.417387 0.340844
vt 0.081049 0.063271
vt 0.102667 0.243105
vt 0.063857 0.964046
vt 0.047517 0.959773
vt 0.065802 0.955694
vt 0.048742 0.947747
vt 0.038001 0.949303
vt 0.083300 0.064780
vt 0.086048 0.067791
vt 0.108062 0.236718
vt 0.089567 0.069382
vt 0.092365 0.071509
vt 0.095140 0.073711
vt 0.121102 0.221664
vt 0.097733 0.074977
vt 0.186840 0.961170
vt 0.111598 0.216129
vt 0.104806 0.078937
vt 0.108929 0.081478
vt 0.731751 0.967881
vt 0.736311 0.978428
vt 0.716138 0.978428
vt 0.119000 0.090822
vt 0.111605 0.083441
vt 0.720106 0.970395
vt 0.118783 0.086451
vt 0.128930 0.213293
vt 0.127801 0.204787
vt 0.137496 0.205349
vt 0.129757 0.096087
vt 0.124386 0.090069
vt 0.129066 0.093656
vt 0.143079 0.189600
vt 0.146821 0.197413
vt 0.140584 0.095047
vt 0.142144 0.096939
vt 0.158082 0.187126
vt 0.961583 0.316874
vt 0.977149 0.309968
vt 0.959174 0.299752
vt 0.153303 0.097968
vt 0.154995 0.102423
vt 0.150679 0.172060
vt 0.163173 0.183356
vt 0.154846 0.099956
vt 0.164346 0.167480
vt 0.030578 0.802628
vt 0.033141 0.802972
vt 0.033141 0.784756
vt 0.027370 0.785811
vt 0.174698 0.169737
vt 0.171918 0.100908
vt 0.174181 0.102534
vt 0.170746 0.106498
vt 0.190212 0.172520
vt 0.190191 0.105916
vt 0.198204 0.102040
vt 0.213875 0.168747
vt 0.231284 0.167685
vt 0.230668 0.100504
vt 0.210416 0.105223
vt 0.234558 0.103662
vt 0.244918 0.101091
vt 0.254916 0.106450
vt 0.038246 0.425769
vt 0.046949 0.418504
vt 0.042299 0.434658
vt 0.077734 0.445634
vt 0.078641 0.448630
vt 0.075967 0.447730
vt 0.077293 0.450820
vt 0.035542 0.442810
vt 0.080759 0.453480
vt 0.079726 0.459092
vt 0.080280 0.464867
vt 0.243516 0.035954
vt 0.244633 0.032012
vt 0.024414 0.398814
vt 0.022077 0.402205
vt 0.266289 0.028281
vt 0.026054 0.389310
vt 0.082657 0.482292
vt 0.084664 0.485597
vt 0.082006 0.490413
vt 0.085264 0.491010
vt 0.046501 0.398233
vt 0.051734 0.381196
vt 0.086103 0.497400
vt 0.301733 0.024734
vt 0.287183 0.024598
vt 0.082945 0.503409
vt 0.086862 0.502914
vt 0.067886 0.397962
vt 0.031266 0.368638
vt 0.028761 0.368164
vt 0.088095 0.511353
vt 0.076318 0.391148
vt 0.033559 0.481590
vt 0.036143 0.472781
vt 0.037386 0.474318
vt 0.036804 0.464405
vt 0.029099 0.474454
vt 0.084481 0.517871
vt 0.339023 0.027776
vt 0.317256 0.023462
vt 0.097876 0.402205
vt 0.082333 0.400473
vt 0.086646 0.517320
vt 0.356395 0.027907
vt 0.342609 0.023780
vt 0.329658 0.021706
vt 0.103266 0.379873
vt 0.900699 0.959267
vt 0.899713 0.979386
vt 0.897674 0.972603
vt 0.363360 0.026420
vt 0.318221 0.000479
vt 0.089851 0.521927
vt 0.089703 0.545545
vt 0.090886 0.528150
vt 0.907301 0.905126
vt 0.903665 0.932208
vt 0.901174 0.933765
vt 0.897071 0.957380
vt 0.378669 0.027126
vt 0.358065 0.021154
vt 0.037357 0.356498
vt 0.034240 0.357642
vt 0.091866 0.532975
vt 0.092788 0.537331
vt 0.901540 0.906863
vt 0.093385 0.540970
vt 0.052774 0.345638
vt 0.095813 0.547628
vt 0.887950 0.901726
vt 0.409558 0.005814
vt 0.428915 0.035954
vt 0.043645 0.345686
vt 0.097822 0.556690
vt 0.883279 0.904484
vt 0.124007 0.791301
vt 0.126689 0.782162
vt 0.099300 0.561653
vt 0.094625 0.567586
vt 0.872726 0.927783
vt 0.133052 0.791867
vt 0.099068 0.564866
vt 0.105546 0.575057
vt 0.880582 0.902360
vt 0.106944 0.579284
vt 0.871849 0.904832
vt 0.868112 0.907617
vt 0.862447 0.912725
vt 0.106712 0.593038
vt 0.110333 0.586094
vt 0.818282 0.995536
vt 0.117210 0.599373
vt 0.862360 0.908229
vt 0.855045 0.928966
vt 0.829631 0.995477
vt 0.115397 0.602930
vt 0.122266 0.608731
vt 0.122127 0.611066
vt 0.852589 0.912812
vt 0.847894 0.916432
vt 0.843772 0.921068
vt 0.095803 0.599531
vt 0.119881 0.620360
vt 0.126546 0.618370
vt 0.131658 0.628521
vt 0.845511 0.995269
vt 0.852448 0.984180
vt 0.132131 0.636571
vt 0.794747 0.014861
vt 0.842630 0.916649
vt 0.836935 0.933521
vt 0.120421 0.630436
vt 0.445245 0.293864
vt 0.136172 0.644435
vt 0.133343 0.649085
vt 0.138106 0.641756
vt 0.146923 0.651527
vt 0.147758 0.656569
vt 0.835024 0.919923
vt 0.828476 0.925088
vt 0.857225 0.995373
vt 0.145772 0.659973
vt 0.825758 0.923449
vt 0.865994 0.995686
vt 0.124220 0.660483
vt 0.131165 0.660723
vt 0.148415 0.661809
vt 0.144066 0.669931
vt 0.817102 0.927686
vt 0.140321 0.670455
vt 0.120159 0.673346
vt 0.135097 0.677925
vt 0.805570 0.933056
vt 0.212265 0.755114
vt 0.216973 0.753935
vt 0.102662 0.665760
vt 0.800808 0.935799
vt 0.098116 0.675135
vt 0.788258 0.944826
vt 0.790719 0.940586
vt 0.084910 0.664806
vt 0.772112 0.957757
vt 0.776385 0.959611
vt 0.776760 0.950225
vt 0.268939 0.750798
vt 0.266053 0.754309
vt 0.064142 0.669646
vt 0.265948 0.734823
vt 0.042662 0.667163
vt 0.065473 0.678745
vt 0.045599 0.679184
vt 0.633525 0.490412
vt 0.653698 0.490412
vt 0.644630 0.489453
vt 0.022860 0.667743
vt 0.009017 0.669394
vt 0.005574 0.670424
vt 0.007171 0.677079
vt 0.002402 0.675790
vt 0.210851 0.680131
vt 0.208651 0.676518
vt 0.214789 0.674835
vt 0.229967 0.682109
vt 0.227017 0.673045
vt 0.241961 0.672802
vt 0.320668 0.683658
vt 0.357460 0.676074
vt 0.410162 0.684622
vt 0.452804 0.690539
vt 0.516544 0.690474
vt 0.509475 0.675047
vt 0.526502 0.675838
vt 0.538252 0.676864
vt 0.551148 0.679342
vt 0.541199 0.695091
vt 0.611788 0.697979
vt 0.588638 0.683810
vt 0.603058 0.684087
vt 0.646069 0.688861
vt 0.710570 0.701074
vt 0.624090 0.958568
vt 0.716520 0.698266
vt 0.823530 0.696234
vt 0.825361 0.700021
vt 0.029044 0.282437
vt 0.029853 0.268872
vt 0.031843 0.286443
vt 0.021905 0.051318
vt 0.020833 0.035765
vt 0.815924 0.706060
vt 0.036348 0.274428
vt 0.047110 0.278392
vt 0.045522 0.258894
vt 0.802594 0.708054
vt 0.806376 0.699199
vt 0.048330 0.269162
vt 0.048657 0.235286
vt 0.034873 0.051092
vt 0.029997 0.041523
vt 0.034611 0.037428
vt 0.036780 0.069306
vt 0.059382 0.240090
vt 0.042427 0.044767
vt 0.056828 0.268711
vt 0.055731 0.257360
vt 0.053811 0.236732
vt 0.048408 0.066094
vt 0.717099 0.819540
vt 0.702079 0.827900
vt 0.691162 0.827900
vt 0.699909 0.818313
vt 0.556676 0.742700
vt 0.049510 0.050786
vt 0.048700 0.060490
vt 0.556676 0.753116
vt 0.047530 0.042860
vt 0.063042 0.250431
vt 0.067779 0.229575
vt 0.065970 0.215305
vt 0.070057 0.242964
vt 0.067412 0.103898
vt 0.062920 0.076403
vt 0.058671 0.056207
vt 0.073882 0.200068
vt 0.063911 0.066441
vt 0.076096 0.235055
vt 0.081345 0.201102
vt 0.066957 0.092788
vt 0.069447 0.075885
vt 0.068073 0.062132
vt 0.085787 0.238048
vt 0.084887 0.223613
vt 0.078734 0.216197
vt 0.075784 0.088649
vt 0.086896 0.216839
vt 0.078486 0.113468
vt 0.087771 0.185842
vt 0.033674 0.955196
vt 0.012708 0.964046
vt 0.017651 0.952836
vt 0.004323 0.959745
vt 0.081272 0.083436
vt 0.083686 0.075045
vt 0.093043 0.195451
vt 0.089975 0.102286
vt 0.195866 0.406040
vt 0.196681 0.400288
vt 0.217579 0.406040
vt 0.097064 0.218063
vt 0.100221 0.206083
vt 0.101454 0.191109
vt 0.098220 0.168058
vt 0.089184 0.130692
vt 0.095852 0.122770
vt 0.092753 0.091213
vt 0.105593 0.196589
vt 0.094496 0.139937
vt 0.099061 0.086881
vt 0.177233 0.402633
vt 0.100763 0.151627
vt 0.109372 0.187868
vt 0.109417 0.171580
vt 0.112486 0.130115
vt 0.018732 0.712848
vt 0.003362 0.716232
vt 0.018732 0.732594
vt 0.112176 0.144412
vt 0.108760 0.116013
vt 0.112141 0.107915
vt 0.115323 0.102511
vt 0.003523 0.727391
vt 0.014273 0.743528
vt 0.114243 0.159965
vt 0.118294 0.098257
vt 0.122289 0.187894
vt 0.123708 0.121838
vt 0.120866 0.199316
vt 0.130522 0.170146
vt 0.126160 0.155038
vt 0.128342 0.109306
vt 0.138349 0.182779
vt 0.135208 0.137828
vt 0.135876 0.150649
vt 0.133792 0.101529
vt 0.144203 0.106438
vt 0.977426 0.301508
vt 0.977149 0.286354
vt 0.961123 0.290767
vt 0.961461 0.272771
vt 0.104227 0.709459
vt 0.092026 0.715724
vt 0.087529 0.708054
vt 0.144251 0.115999
vt 0.144710 0.165431
vt 0.159121 0.160707
vt 0.155729 0.107520
vt 0.159908 0.150782
vt 0.166876 0.113165
vt 0.025456 0.801545
vt 0.177590 0.111521
vt 0.190404 0.162863
vt 0.195301 0.112319
vt 0.831412 0.563341
vt 0.846782 0.567114
vt 0.846782 0.556568
vt 0.204521 0.111234
vt 0.215692 0.111292
vt 0.234425 0.155880
vt 0.228489 0.110345
vt 0.246532 0.110304
vt 0.236097 0.076222
vt 0.218540 0.076222
vt 0.224857 0.068552
vt 0.039777 0.449136
vt 0.063920 0.464315
vt 0.071751 0.461051
vt 0.074996 0.475492
vt 0.065250 0.469474
vt 0.081357 0.470938
vt 0.032099 0.459711
vt 0.069808 0.482451
vt 0.054409 0.470027
vt 0.024196 0.460053
vt 0.062203 0.486796
vt 0.076248 0.496622
vt 0.023774 0.468245
vt 0.043480 0.484440
vt 0.057555 0.499167
vt 0.073996 0.510150
vt 0.036720 0.503100
vt 0.031006 0.484288
vt 0.016598 0.478716
vt 0.031548 0.488897
vt 0.032049 0.496172
vt 0.051154 0.511020
vt 0.076460 0.525431
vt 0.166686 0.814855
vt 0.153898 0.838156
vt 0.130080 0.827026
vt 0.112468 0.819906
vt 0.128545 0.805271
vt 0.029466 0.491154
vt 0.017253 0.489991
vt 0.181119 0.828324
vt 0.028075 0.500220
vt 0.060860 0.533647
vt 0.080431 0.536566
vt 0.368346 0.003472
vt 0.016945 0.498956
vt 0.076723 0.535745
vt 0.085204 0.550494
vt 0.170153 0.780910
vt 0.026495 0.509643
vt 0.055627 0.544833
vt 0.090930 0.571743
vt 0.228651 0.843413
vt 0.222187 0.814665
vt 0.185413 0.793023
vt 0.070343 0.566791
vt 0.267743 0.855705
vt 0.250809 0.833462
vt 0.240015 0.786231
vt 0.211885 0.783626
vt 0.081947 0.600115
vt 0.190281 0.775533
vt 0.856539 0.950599
vt 0.825897 0.949906
vt 0.260583 0.804514
vt 0.110318 0.634940
vt 0.199503 0.760926
vt 0.221763 0.766380
vt 0.070021 0.609714
vt 0.054275 0.171188
vt 0.067723 0.155801
vt 0.067723 0.182646
vt 0.108848 0.651290
vt 0.271374 0.784348
vt 0.071034 0.626976
vt 0.269134 0.764034
vt 0.086004 0.648740
vt 0.091283 0.654542
vt 0.063022 0.647725
vt 0.060076 0.636148
vt 0.247367 0.747846
vt 0.077439 0.655226
vt 0.775341 0.979386
vt 0.048341 0.650122
vt 0.040169 0.641227
vt 0.250318 0.739051
vt 0.026461 0.643409
vt 0.030440 0.652599
vt 0.014376 0.650231
vt 0.012054 0.654304
vt 0.009375 0.662891
vt 0.200389 0.681286
vt 0.192117 0.682776
vt 0.200304 0.678726
vt 0.194080 0.684524
vt 0.217863 0.689785
vt 0.248732 0.682039
vt 0.272568 0.680634
vt 0.272302 0.670330
vt 0.303084 0.670151
vt 0.302260 0.681000
vt 0.364114 0.685914
vt 0.373857 0.683790
vt 0.380587 0.683470
vt 0.398817 0.684056
vt 0.438579 0.690275
vt 0.490710 0.685383
vt 0.565625 0.680637
vt 0.558398 0.695144
vt 0.577975 0.681613
vt 0.174929 0.484072
vt 0.177149 0.496779
vt 0.617855 0.686405
vt 0.636535 0.688989
vt 0.666631 0.705033
vt 0.682237 0.706955
vt 0.632309 0.964890
vt 0.625743 0.965199
vt 0.140343 0.124652
vt 0.077329 0.715724
vt 0.168921 0.120598
vt 0.160865 0.127990
vt 0.164194 0.125200
vt 0.167892 0.145335
vt 0.183006 0.127557
vt 0.210014 0.137085
vt 0.200087 0.147569
vt 0.191656 0.119450
vt 0.202784 0.150306
vt 0.210094 0.129049
vt 0.210156 0.122129
vt 0.211970 0.118486
vt 0.222275 0.138313
vt 0.223068 0.124634
vt 0.232890 0.148193
vt 0.225139 0.116706
vt 0.238240 0.148166
vt 0.252955 0.112157
vt 0.024496 0.836723
vt 0.245437 0.072850
vt 0.026361 0.446839
vt 0.029898 0.435675
vt 0.022365 0.450471
vt 0.047499 0.523588
vt 0.032845 0.516438
vt 0.023915 0.513107
vt 0.023343 0.521978
vt 0.014218 0.521432
vt 0.021428 0.531155
vt 0.020168 0.529780
vt 0.027268 0.541311
vt 0.040206 0.550024
vt 0.013567 0.535413
vt 0.021270 0.542744
vt 0.019086 0.546727
vt 0.039666 0.566862
vt 0.020741 0.558766
vt 0.059275 0.583704
vt 0.019151 0.555848
vt 0.018624 0.569574
vt 0.046543 0.603863
vt 0.018184 0.581875
vt 0.027384 0.594750
vt 0.064012 0.614676
vt 0.018196 0.588217
vt 0.028152 0.614635
vt 0.016667 0.602771
vt 0.044186 0.625896
vt 0.015400 0.613553
vt 0.016221 0.619161
vt 0.033044 0.629538
vt 0.013978 0.627347
vt 0.016170 0.632788
vt 0.014389 0.642937
vt 0.012962 0.637115
vt 0.011558 0.645370
vt 0.176503 0.690743
vt 0.184837 0.688344
vt 0.182760 0.697316
vt 0.230103 0.690340
vt 0.327715 0.690651
vt 0.355497 0.689516
vt 0.387448 0.685701
vt 0.414293 0.686907
vt 0.423974 0.685461
vt 0.494720 0.699911
vt 0.619449 0.709344
vt 0.693754 0.706775
vt 0.619756 0.970029
vt 0.611095 0.970842
vt 0.243749 0.134662
vt 0.242817 0.127837
vt 0.254283 0.121549
vt 0.255443 0.117072
vt 0.257334 0.148227
vt 0.258625 0.144482
vt 0.258440 0.126054
vt 0.266917 0.106933
vt 0.268135 0.147230
vt 0.269699 0.110984
vt 0.283647 0.106576
vt 0.018747 0.463279
vt 0.310998 0.097362
vt 0.320231 0.090681
vt 0.316138 0.097828
vt 0.327837 0.085877
vt 0.326836 0.092945
vt 0.109960 0.769967
vt 0.040826 0.737879
vt 0.064028 0.732639
vt 0.054267 0.740849
vt 0.125681 0.764331
vt 0.078043 0.728316
vt 0.077390 0.735476
vt 0.007614 0.551279
vt 0.175200 0.748515
vt 0.004744 0.580115
vt 0.003088 0.609102
vt 0.166904 0.693983
vt 0.153241 0.698193
vt 0.200804 0.700746
vt 0.200052 0.691852
vt 0.251506 0.692812
vt 0.272666 0.692268
vt 0.293990 0.691571
vt 0.306782 0.690728
vt 0.375825 0.690060
vt 0.380103 0.691438
vt 0.327166 0.194109
vt 0.325852 0.197232
vt 0.407824 0.686788
vt 0.332372 0.201495
vt 0.421189 0.692788
vt 0.428107 0.692101
vt 0.474677 0.697719
vt 0.501738 0.702895
vt 0.583915 0.702400
vt 0.628902 0.975380
vt 0.261970 0.130238
vt 0.263369 0.135110
vt 0.274383 0.118942
vt 0.284743 0.141369
vt 0.280697 0.151061
vt 0.296571 0.145134
vt 0.294024 0.113343
vt 0.067356 0.790918
vt 0.299317 0.150741
vt 0.298863 0.108630
vt 0.296720 0.103787
vt 0.074347 0.786861
vt 0.307164 0.103595
vt 0.089801 0.778218
vt 0.340871 0.085125
vt 0.067902 0.742570
vt 0.089548 0.736548
vt 0.095767 0.728617
vt 0.003558 0.565244
vt 0.002820 0.595263
vt 0.153626 0.711705
vt 0.169927 0.708218
vt 0.185456 0.704228
vt 0.448119 0.287524
vt 0.443378 0.282796
vt 0.457088 0.277040
vt 0.213793 0.697363
vt 0.229144 0.695626
vt 0.492820 0.296902
vt 0.510292 0.298481
vt 0.548349 0.300373
vt 0.569289 0.301115
vt 0.579929 0.301208
vt 0.587854 0.299756
vt 0.340850 0.692939
vt 0.361482 0.695336
vt 0.377402 0.694109
vt 0.337905 0.204807
vt 0.343420 0.212195
vt 0.455678 0.695482
vt 0.152134 0.490060
vt 0.157514 0.519397
vt 0.683317 0.716061
vt 0.163432 0.609447
vt 0.625908 0.974798
vt 0.623100 0.975957
vt 0.158132 0.647151
vt 0.876573 0.618277
vt 0.982550 0.143213
vt 0.721216 0.717098
vt 0.290297 0.128601
vt 0.299154 0.134739
vt 0.299498 0.124899
vt 0.745902 0.951008
vt 0.744016 0.988974
vt 0.752447 0.961246
vt 0.302323 0.129305
vt 0.754563 0.949178
vt 0.315333 0.145507
vt 0.305978 0.154023
vt 0.311462 0.113984
vt 0.326903 0.124505
vt 0.318664 0.107956
vt 0.314822 0.159233
vt 0.318486 0.164319
vt 0.327737 0.097219
vt 0.325137 0.160883
vt 0.325560 0.172703
vt 0.339886 0.099595
vt 0.333892 0.172570
vt 0.337727 0.091883
vt 0.335446 0.180561
vt 0.349147 0.188912
vt 0.123543 0.761910
vt 0.353761 0.083094
vt 0.354000 0.090563
vt 0.080835 0.739867
vt 0.146572 0.754359
vt 0.375233 0.219669
vt 0.366442 0.205766
vt 0.385109 0.216776
vt 0.384760 0.228518
vt 0.110904 0.727538
vt 0.116687 0.731211
vt 0.390887 0.234546
vt 0.125000 0.721079
vt 0.140390 0.717257
vt 0.155488 0.723488
vt 0.413345 0.253502
vt 0.403312 0.245609
vt 0.425403 0.242486
vt 0.419502 0.259643
vt 0.429078 0.267586
vt 0.443289 0.263589
vt 0.435152 0.274486
vt 0.438973 0.278551
vt 0.189126 0.707770
vt 0.468257 0.273986
vt 0.249963 0.696882
vt 0.299040 0.694446
vt 0.556243 0.285386
vt 0.571938 0.286807
vt 0.328914 0.693283
vt 0.613641 0.284097
vt 0.632192 0.282870
vt 0.642958 0.297440
vt 0.374831 0.698095
vt 0.410663 0.517258
vt 0.415466 0.517258
vt 0.412892 0.514382
vt 0.100384 0.688324
vt 0.429498 0.700382
vt 0.442382 0.695104
vt 0.723214 0.288723
vt 0.743345 0.287732
vt 0.485762 0.701240
vt 0.759056 0.286047
vt 0.772004 0.283480
vt 0.789663 0.280539
vt 0.801674 0.277229
vt 0.526032 0.708576
vt 0.550157 0.711216
vt 0.825418 0.270713
vt 0.812528 0.274556
vt 0.831291 0.254187
vt 0.853790 0.263609
vt 0.868703 0.259549
vt 0.868071 0.246341
vt 0.889376 0.252464
vt 0.905571 0.246417
vt 0.905270 0.231665
vt 0.916006 0.241849
vt 0.916012 0.232918
vt 0.923600 0.227640
vt 0.936463 0.225054
vt 0.940814 0.215657
vt 0.949203 0.217920
vt 0.952486 0.224728
vt 0.638559 0.977469
vt 0.959482 0.207091
vt 0.959587 0.167333
vt 0.697963 0.715628
vt 0.967878 0.207837
vt 0.157705 0.631821
vt 0.967205 0.174917
vt 0.959930 0.197404
vt 0.970507 0.198323
vt 0.969498 0.190581
vt 0.971254 0.183266
vt 0.971065 0.175942
vt 0.976356 0.147332
vt 0.965984 0.147911
vt 0.978241 0.119737
vt 0.978511 0.115106
vt 0.975501 0.207803
vt 0.989992 0.120561
vt 0.987042 0.126327
vt 0.754563 0.920901
vt 0.739193 0.932497
vt 0.329314 0.135645
vt 0.329947 0.151000
vt 0.328189 0.143830
vt 0.329263 0.112780
vt 0.353019 0.172296
vt 0.361526 0.106522
vt 0.357699 0.183759
vt 0.363388 0.082839
vt 0.371414 0.194544
vt 0.012008 0.329731
vt 0.016811 0.338926
vt 0.016811 0.325503
vt 0.364733 0.077264
vt 0.371399 0.076597
vt 0.379456 0.204026
vt 0.371522 0.071536
vt 0.379074 0.070590
vt 0.097315 0.738364
vt 0.107574 0.736128
vt 0.397681 0.220427
vt 0.397317 0.239468
vt 0.410942 0.232735
vt 0.140048 0.728830
vt 0.442883 0.255206
vt 0.172929 0.713399
vt 0.167814 0.719540
vt 0.183450 0.713428
vt 0.444685 0.243517
vt 0.199378 0.705310
vt 0.224377 0.702089
vt 0.491206 0.256498
vt 0.273813 0.704712
vt 0.543750 0.273395
vt 0.303155 0.704508
vt 0.316514 0.704173
vt 0.356932 0.701364
vt 0.388224 0.702909
vt 0.384010 0.700584
vt 0.375125 0.716196
vt 0.794368 0.521537
vt 0.802503 0.517258
vt 0.639077 0.272697
vt 0.388618 0.715810
vt 0.394835 0.702726
vt 0.784460 0.526246
vt 0.778920 0.533852
vt 0.408499 0.701743
vt 0.403868 0.700435
vt 0.414606 0.699224
vt 0.459037 0.699795
vt 0.469162 0.699888
vt 0.783631 0.263887
vt 0.510869 0.706655
vt 0.820318 0.247562
vt 0.853352 0.235502
vt 0.603346 0.717360
vt 0.619121 0.718238
vt 0.898528 0.225164
vt 0.908959 0.222566
vt 0.633643 0.719832
vt 0.932398 0.122428
vt 0.934047 0.112355
vt 0.939026 0.123879
vt 0.168526 0.220038
vt 0.177233 0.230585
vt 0.154179 0.230585
vt 0.685481 0.719420
vt 0.944129 0.158342
vt 0.937937 0.152159
vt 0.947710 0.151249
vt 0.950348 0.127878
vt 0.955068 0.116546
vt 0.953932 0.160974
vt 0.943885 0.204756
vt 0.952708 0.174311
vt 0.955061 0.153351
vt 0.948981 0.141642
vt 0.953431 0.144879
vt 0.960462 0.136385
vt 0.944598 0.191895
vt 0.953314 0.196793
vt 0.957005 0.184943
vt 0.957930 0.150435
vt 0.960869 0.145868
vt 0.968063 0.130525
vt 0.347779 0.136909
vt 0.350881 0.149897
vt 0.349031 0.122252
vt 0.352948 0.159773
vt 0.374613 0.088035
vt 0.372473 0.182265
vt 0.376672 0.098935
vt 0.391881 0.199744
vt 0.124422 0.733014
vt 0.410733 0.219971
vt 0.433500 0.222908
vt 0.180632 0.719368
vt 0.199619 0.709272
vt 0.473429 0.245174
vt 0.223959 0.708632
vt 0.249811 0.706547
vt 0.528206 0.249932
vt 0.550707 0.242231
vt 0.332386 0.703873
vt 0.341178 0.711237
vt 0.619192 0.256813
vt 0.357980 0.709399
vt 0.618542 0.662991
vt 0.634486 0.684084
vt 0.614591 0.684084
vt 0.402089 0.719099
vt 0.777940 0.549121
vt 0.310960 0.215565
vt 0.411984 0.717721
vt 0.422217 0.706667
vt 0.768012 0.545429
vt 0.445772 0.704738
vt 0.485478 0.705811
vt 0.773117 0.251153
vt 0.793499 0.248760
vt 0.539826 0.710148
vt 0.074618 0.336050
vt 0.096542 0.337677
vt 0.087753 0.346596
vt 0.062920 0.346596
vt 0.523055 0.835033
vt 0.523932 0.852187
vt 0.534582 0.855705
vt 0.532800 0.832687
vt 0.534582 0.816395
vt 0.885771 0.215207
vt 0.277137 0.840438
vt 0.277137 0.827900
vt 0.269452 0.836507
vt 0.270662 0.849952
vt 0.630960 0.723378
vt 0.647345 0.721463
vt 0.923387 0.120880
vt 0.917951 0.108491
vt 0.929254 0.109847
vt 0.922341 0.164512
vt 0.921181 0.154281
vt 0.933016 0.161675
vt 0.943804 0.916616
vt 0.929885 0.921180
vt 0.936008 0.928249
vt 0.927501 0.170777
vt 0.936712 0.140677
vt 0.926523 0.134638
vt 0.941459 0.933365
vt 0.934217 0.179599
vt 0.940696 0.134326
vt 0.936891 0.205191
vt 0.366895 0.138913
vt 0.366567 0.122233
vt 0.371384 0.153689
vt 0.028458 0.918025
vt 0.037944 0.911018
vt 0.018114 0.898766
vt 0.031779 0.892058
vt 0.374135 0.169293
vt 0.384203 0.181229
vt 0.399039 0.081595
vt 0.399323 0.193856
vt 0.400424 0.069074
vt 0.387562 0.065262
vt 0.401777 0.057073
vt 0.417912 0.209821
vt 0.413254 0.054870
vt 0.414685 0.048351
vt 0.514409 0.778044
vt 0.516559 0.771315
vt 0.526147 0.770374
vt 0.149623 0.730091
vt 0.165136 0.724588
vt 0.444159 0.228816
vt 0.468256 0.010746
vt 0.470468 0.004816
vt 0.487346 0.008552
vt 0.477571 0.018352
vt 0.485886 0.000479
vt 0.485651 0.234050
vt 0.509497 0.001563
vt 0.512717 0.008453
vt 0.519915 0.235916
vt 0.227947 0.715253
vt 0.243074 0.713846
vt 0.281887 0.712781
vt 0.309174 0.711195
vt 0.572857 0.239132
vt 0.330300 0.713333
vt 0.808436 0.534071
vt 0.650349 0.256589
vt 0.283285 0.213046
vt 0.296749 0.215055
vt 0.789991 0.552895
vt 0.599548 0.667603
vt 0.671969 0.253628
vt 0.778774 0.553603
vt 0.790205 0.554650
vt 0.458359 0.714396
vt 0.484258 0.710540
vt 0.742146 0.246507
vt 0.519757 0.711175
vt 0.787447 0.233150
vt 0.549961 0.713807
vt 0.824059 0.217175
vt 0.848105 0.210839
vt 0.855475 0.215083
vt 0.607607 0.720401
vt 0.849371 0.201902
vt 0.871399 0.201212
vt 0.895286 0.183760
vt 0.894955 0.202334
vt 0.897384 0.189015
vt 0.908697 0.160480
vt 0.892391 0.144075
vt 0.900918 0.176860
vt 0.900344 0.208706
vt 0.899894 0.203649
vt 0.900945 0.192283
vt 0.902003 0.187298
vt 0.910375 0.144887
vt 0.905529 0.213042
vt 0.907838 0.207138
vt 0.906997 0.206604
vt 0.900780 0.198086
vt 0.906317 0.188872
vt 0.904955 0.179407
vt 0.907293 0.172993
vt 0.910182 0.169500
vt 0.905769 0.130048
vt 0.904636 0.119317
vt 0.899659 0.108212
vt 0.630258 0.727969
vt 0.909603 0.177220
vt 0.943804 0.896932
vt 0.928434 0.900863
vt 0.916051 0.175414
vt 0.059078 0.149089
vt 0.052287 0.149700
vt 0.054562 0.156016
vt 0.916405 0.168852
vt 0.920802 0.173713
vt 0.122729 0.935974
vt 0.121784 0.938570
vt 0.120309 0.938668
vt 0.017771 0.872004
vt 0.383490 0.137722
vt 0.864073 0.953499
vt 0.878784 0.935451
vt 0.882517 0.952780
vt 0.894566 0.929530
vt 0.895773 0.953499
vt 0.385008 0.106609
vt 0.037944 0.872160
vt 0.396854 0.169650
vt 0.416639 0.089085
vt 0.406043 0.180460
vt 0.408657 0.074237
vt 0.429087 0.064487
vt 0.427738 0.204110
vt 0.535543 0.778044
vt 0.440762 0.042611
vt 0.462672 0.026381
vt 0.439698 0.024156
vt 0.453910 0.017214
vt 0.444154 0.213725
vt 0.464595 0.213267
vt 0.491211 0.018659
vt 0.512605 0.018906
vt 0.511391 0.223628
vt 0.508088 0.213870
vt 0.531062 0.016447
vt 0.143612 0.848035
vt 0.123439 0.848035
vt 0.137255 0.842282
vt 0.555798 0.016557
vt 0.527569 0.008693
vt 0.565421 0.012400
vt 0.582687 0.023371
vt 0.300945 0.721291
vt 0.854231 0.525804
vt 0.845969 0.520481
vt 0.858710 0.526352
vt 0.619101 0.239995
vt 0.357791 0.725347
vt 0.271358 0.210253
vt 0.641124 0.242159
vt 0.672023 0.241096
vt 0.389378 0.723004
vt 0.290136 0.215735
vt 0.808030 0.552919
vt 0.589337 0.674272
vt 0.306267 0.217162
vt 0.805812 0.554225
vt 0.430338 0.724669
vt 0.440312 0.723687
vt 0.457880 0.723466
vt 0.739581 0.227407
vt 0.763296 0.231368
vt 0.754058 0.061611
vt 0.761459 0.045985
vt 0.795607 0.052723
vt 0.780916 0.061568
vt 0.807260 0.070151
vt 0.802779 0.222681
vt 0.552361 0.724780
vt 0.535140 0.725425
vt 0.817299 0.209250
vt 0.827622 0.184002
vt 0.572316 0.729956
vt 0.583538 0.731144
vt 0.608994 0.732728
vt 0.875182 0.162487
vt 0.878875 0.135262
vt 0.880517 0.121485
vt 0.878110 0.106144
vt 0.878690 0.101907
vt 0.912905 0.204257
vt 0.913168 0.199133
vt 0.913568 0.195600
vt 0.913907 0.209280
vt 0.914135 0.182561
vt 0.059078 0.158677
vt 0.917090 0.180907
vt 0.918477 0.177117
vt 0.922681 0.180211
vt 0.921748 0.175237
vt 0.047550 0.150694
vt 0.128244 0.930714
vt 0.131772 0.934621
vt 0.128567 0.937770
vt 0.134966 0.939696
vt 0.127928 0.942694
vt 0.122143 0.942953
vt 0.663078 0.909830
vt 0.661433 0.910355
vt 0.661383 0.905561
vt 0.113988 0.938015
vt 0.670029 0.910355
vt 0.669296 0.906207
vt 0.395244 0.153834
vt 0.411101 0.137393
vt 0.383715 0.119613
vt 0.407391 0.119197
vt 0.419541 0.153120
vt 0.414774 0.104003
vt 0.417571 0.166283
vt 0.423251 0.075965
vt 0.428489 0.176371
vt 0.444186 0.200465
vt 0.444012 0.176022
vt 0.108069 0.265055
vt 0.098078 0.272771
vt 0.088043 0.262224
vt 0.082133 0.272771
vt 0.458508 0.204603
vt 0.456459 0.043992
vt 0.483855 0.027290
vt 0.491361 0.039380
vt 0.616292 0.021572
vt 0.609510 0.013128
vt 0.644912 0.008150
vt 0.512050 0.028880
vt 0.660423 0.021572
vt 0.529545 0.029802
vt 0.553833 0.025215
vt 0.553667 0.222896
vt 0.581877 0.039587
vt 0.574886 0.218125
vt 0.324987 0.731761
vt 0.593612 0.222591
vt 0.867394 0.528999
vt 0.619760 0.222358
vt 0.269813 0.212006
vt 0.819766 0.550186
vt 0.279061 0.213972
vt 0.642420 0.225875
vt 0.382104 0.730596
vt 0.821936 0.552855
vt 0.815560 0.554650
vt 0.404936 0.728455
vt 0.377354 0.940992
vt 0.392089 0.964046
vt 0.396254 0.946121
vt 0.396254 0.921489
vt 0.377041 0.918025
vt 0.735051 0.052941
vt 0.746810 0.215083
vt 0.777985 0.068861
vt 0.799372 0.074846
vt 0.810694 0.085323
vt 0.785379 0.086545
vt 0.812980 0.189632
vt 0.823347 0.081136
vt 0.824129 0.073543
vt 0.807921 0.165701
vt 0.826830 0.089610
vt 0.842229 0.083409
vt 0.558899 0.739914
vt 0.587869 0.742570
vt 0.772815 0.521694
vt 0.772815 0.499041
vt 0.756248 0.503411
vt 0.758541 0.523011
vt 0.861863 0.110721
vt 0.854468 0.099532
vt 0.745917 0.520276
vt 0.880403 0.973634
vt 0.868876 0.973634
vt 0.869478 0.970757
vt 0.917536 0.209225
vt 0.917109 0.188525
vt 0.919549 0.186833
vt 0.924801 0.186617
vt 0.123349 0.925690
vt 0.108372 0.923778
vt 0.429076 0.118605
vt 0.432336 0.130617
vt 0.433201 0.140144
vt 0.429796 0.096005
vt 0.442274 0.158391
vt 0.436126 0.075906
vt 0.445030 0.076195
vt 0.059311 0.305608
vt 0.039866 0.304645
vt 0.055152 0.290987
vt 0.063221 0.416587
vt 0.037944 0.416587
vt 0.039155 0.402583
vt 0.067723 0.402205
vt 0.471246 0.052860
vt 0.457768 0.176872
vt 0.517413 0.035433
vt 0.493535 0.199614
vt 0.532082 0.201129
vt 0.552832 0.037597
vt 0.552578 0.204237
vt 0.586690 0.036403
vt 0.604405 0.037226
vt 0.874140 0.533665
vt 0.874640 0.534890
vt 0.236792 0.197440
vt 0.356884 0.734315
vt 0.237931 0.204436
vt 0.244612 0.208641
vt 0.846002 0.537252
vt 0.851213 0.543134
vt 0.843940 0.545110
vt 0.996638 0.174017
vt 0.996638 0.187440
vt 0.994717 0.182592
vt 0.833885 0.549344
vt 0.846825 0.547952
vt 0.842282 0.549981
vt 0.634854 0.045231
vt 0.659840 0.046423
vt 0.657894 0.049695
vt 0.833002 0.551421
vt 0.675319 0.063584
vt 0.681234 0.051277
vt 0.682378 0.048416
vt 0.905379 0.291984
vt 0.683688 0.060228
vt 0.707898 0.048816
vt 0.707420 0.064617
vt 0.721360 0.063461
vt 0.717852 0.049663
vt 0.730416 0.068299
vt 0.865712 0.313849
vt 0.888419 0.322627
vt 0.862152 0.322627
vt 0.752657 0.070560
vt 0.268888 0.631652
vt 0.285595 0.628476
vt 0.252161 0.648610
vt 0.291533 0.648610
vt 0.746873 0.194466
vt 0.768204 0.193672
vt 0.765417 0.082651
vt 0.792774 0.175843
vt 0.808990 0.093982
vt 0.835106 0.103516
vt 0.847516 0.116554
vt 0.827061 0.119408
vt 0.847714 0.104173
vt 0.919447 0.205905
vt 0.918659 0.199151
vt 0.920857 0.196509
vt 0.929121 0.197471
vt 0.932701 0.189915
vt 0.120027 0.596378
vt 0.935566 0.196605
vt 0.443954 0.088669
vt 0.445498 0.143923
vt 0.456686 0.157670
vt 0.464944 0.163653
vt 0.076395 0.321934
vt 0.080058 0.309018
vt 0.094621 0.329338
vt 0.514275 0.048422
vt 0.551750 0.185721
vt 0.556756 0.041726
vt 0.605923 0.042095
vt 0.834931 0.726270
vt 0.833333 0.730662
vt 0.835819 0.732567
vt 0.838136 0.729249
vt 0.872830 0.538362
vt 0.833990 0.733499
vt 0.834931 0.741611
vt 0.637394 0.048991
vt 0.857980 0.545186
vt 0.249410 0.210761
vt 0.862112 0.546733
vt 0.856391 0.548538
vt 0.660254 0.064939
vt 0.679640 0.078307
vt 0.707163 0.072983
vt 0.715997 0.076264
vt 0.718526 0.200116
vt 0.882397 0.309204
vt 0.904419 0.318232
vt 0.734225 0.197246
vt 0.303074 0.642180
vt 0.754596 0.090246
vt 0.738262 0.079473
vt 0.770874 0.096739
vt 0.755289 0.175929
vt 0.774169 0.109819
vt 0.787968 0.110449
vt 0.781389 0.164081
vt 0.777398 0.150429
vt 0.793137 0.155112
vt 0.799088 0.110030
vt 0.802728 0.121605
vt 0.829146 0.106433
vt 0.800044 0.130490
vt 0.117675 0.584165
vt 0.119610 0.587927
vt 0.923813 0.205903
vt 0.443960 0.116546
vt 0.460392 0.117953
vt 0.460282 0.106233
vt 0.463073 0.090980
vt 0.461936 0.141681
vt 0.040588 0.329338
vt 0.058083 0.323462
vt 0.476853 0.117948
vt 0.499417 0.127927
vt 0.498417 0.106082
vt 0.512541 0.067533
vt 0.481041 0.064070
vt 0.495265 0.052698
vt 0.863274 0.288111
vt 0.900576 0.300575
vt 0.858726 0.300575
vt 0.511155 0.082829
vt 0.498502 0.145481
vt 0.519609 0.057973
vt 0.551939 0.060325
vt 0.567193 0.058556
vt 0.583802 0.059118
vt 0.596624 0.061016
vt 0.131511 0.978900
vt 0.178194 0.962689
vt 0.133010 0.988974
vt 0.618614 0.063766
vt 0.870082 0.542408
vt 0.874555 0.541788
vt 0.867366 0.546865
vt 0.634967 0.065278
vt 0.626384 0.177757
vt 0.644703 0.164509
vt 0.656255 0.083488
vt 0.666867 0.185941
vt 0.680086 0.093661
vt 0.677195 0.185691
vt 0.264244 0.525887
vt 0.280019 0.530759
vt 0.248144 0.546021
vt 0.277140 0.546021
vt 0.695911 0.165413
vt 0.686453 0.169895
vt 0.688853 0.146700
vt 0.700601 0.192367
vt 0.338617 0.231545
vt 0.358999 0.231544
vt 0.352007 0.244008
vt 0.239673 0.541225
vt 0.704100 0.180105
vt 0.702470 0.148965
vt 0.693687 0.126076
vt 0.709037 0.122681
vt 0.696025 0.110425
vt 0.696319 0.101028
vt 0.710929 0.100473
vt 0.710135 0.086070
vt 0.696113 0.095237
vt 0.709791 0.152042
vt 0.708585 0.188534
vt 0.724611 0.171048
vt 0.721692 0.140170
vt 0.724841 0.131227
vt 0.724452 0.120712
vt 0.723199 0.102501
vt 0.776657 0.695269
vt 0.774331 0.708054
vt 0.767004 0.690796
vt 0.760100 0.708054
vt 0.749760 0.700882
vt 0.724713 0.151557
vt 0.728701 0.104860
vt 0.726566 0.092959
vt 0.731406 0.179047
vt 0.739934 0.148510
vt 0.732032 0.139028
vt 0.737289 0.130715
vt 0.735926 0.123774
vt 0.734714 0.115047
vt 0.734314 0.110305
vt 0.734418 0.098650
vt 0.749603 0.167823
vt 0.735571 0.105822
vt 0.743443 0.094285
vt 0.807046 0.980345
vt 0.805476 0.979896
vt 0.806437 0.972428
vt 0.807397 0.974857
vt 0.807046 0.963087
vt 0.739666 0.101919
vt 0.742990 0.136899
vt 0.741591 0.132116
vt 0.748691 0.101847
vt 0.845821 0.852706
vt 0.749308 0.158347
vt 0.746604 0.131905
vt 0.978746 0.806881
vt 0.750847 0.142512
vt 0.753705 0.131879
vt 0.127281 0.842282
vt 0.759125 0.145176
vt 0.776239 0.125070
vt 0.457733 0.861457
vt 0.500031 0.115268
vt 0.540510 0.093555
vt 0.824688 0.297061
vt 0.556881 0.073759
vt 0.545099 0.130726
vt 0.546744 0.115124
vt 0.789657 0.717004
vt 0.769933 0.709971
vt 0.773844 0.732193
vt 0.566374 0.091852
vt 0.578186 0.138847
vt 0.578708 0.123402
vt 0.806436 0.741618
vt 0.806436 0.711035
vt 0.581755 0.075519
vt 0.880592 0.581187
vt 0.887128 0.562320
vt 0.858309 0.578411
vt 0.887128 0.597795
vt 0.580335 0.095513
vt 0.597393 0.092884
vt 0.592889 0.136233
vt 0.599386 0.077588
vt 0.625561 0.156482
vt 0.634667 0.082221
vt 0.630531 0.144384
vt 0.630997 0.095447
vt 0.617714 0.128693
vt 0.625697 0.166879
vt 0.641090 0.128728
vt 0.638605 0.104954
vt 0.645114 0.094188
vt 0.663405 0.146496
vt 0.663031 0.156091
vt 0.665942 0.122506
vt 0.641115 0.118431
vt 0.669393 0.096438
vt 0.665637 0.134026
vt 0.666535 0.109299
vt 0.681614 0.148044
vt 0.680711 0.126622
vt 0.679009 0.107515
vt 0.169549 0.212059
vt 0.185879 0.199794
vt 0.177407 0.195110
vt 0.185879 0.227709
vt 0.377041 0.244008
vt 0.412584 0.962183
vt 0.975810 0.766539
vt 0.793047 0.742570
vt 0.578183 0.110136
vt 0.595930 0.115125
vt 0.596727 0.105839
vt 0.915084 0.655583
vt 0.934198 0.654362
vt 0.929486 0.668744
vt 0.912104 0.668744
vt 0.214283 0.376176
vt 0.211829 0.372610
vt 0.220461 0.376516
vt 0.073679 0.753548
vt 0.072209 0.755760
vt 0.065802 0.754608
vt 0.424589 0.950499
vt 0.414904 0.955216
vt 0.431994 0.927323
vt 0.424136 0.924632
vt 0.422151 0.922337
vt 0.191631 0.369607
vt 0.201166 0.371615
vt 0.194965 0.373894
vt 0.202407 0.372761
vt 0.208937 0.376645
vt 0.216098 0.380556
vt 0.089743 0.758869
vt 0.093660 0.756280
vt 0.079565 0.758869
vt 0.432878 0.985423
vt 0.436751 0.991050
vt 0.429943 0.987702
vt 0.432022 0.948625
vt 0.441812 0.900549
vt 0.438406 0.906424
vt 0.189295 0.657488
vt 0.185879 0.658773
vt 0.972445 0.611781
vt 0.973658 0.608648
vt 0.977426 0.609581
vt 0.185823 0.373059
vt 0.185934 0.379046
vt 0.200936 0.378299
vt 0.206905 0.381064
vt 0.448111 0.993359
vt 0.453183 0.997065
vt 0.444156 0.997603
vt 0.452292 0.977676
vt 0.439355 0.954713
vt 0.947612 0.609764
vt 0.953602 0.608341
vt 0.957140 0.609347
vt 0.964059 0.609575
vt 0.963745 0.612350
vt 0.956760 0.612295
vt 0.969409 0.610053
vt 0.966905 0.615053
vt 0.176273 0.380556
vt 0.181148 0.376049
vt 0.192972 0.381112
vt 0.466843 0.996218
vt 0.469744 0.959334
vt 0.971117 0.941994
vt 0.973423 0.937200
vt 0.978535 0.937355
vt 0.987032 0.938191
vt 0.982671 0.941994
vt 0.952468 0.612682
vt 0.483168 0.995128
vt 0.473888 0.997603
vt 0.481571 0.992129
vt 0.482724 0.982880
vt 0.476439 0.935220
vt 0.968780 0.252038
vt 0.970497 0.258712
vt 0.971359 0.256935
vt 0.974544 0.259186
vt 0.972842 0.263183
vt 0.961095 0.939419
vt 0.963894 0.941536
vt 0.947338 0.615053
vt 0.942843 0.612366
vt 0.493222 0.989269
vt 0.501345 0.989637
vt 0.493503 0.995206
vt 0.491213 0.962498
vt 0.491602 0.902873
vt 0.516055 0.940861
vt 0.973423 0.250074
vt 0.521975 0.982753
vt 0.529229 0.983261
vt 0.527080 0.986691
vt 0.523857 0.986159
vt 0.521978 0.988125
vt 0.517459 0.988131
vt 0.506353 0.990829
vt 0.503322 0.984977
vt 0.509893 0.966539
vt 0.505982 0.950014
vt 0.501918 0.903951
vt 0.973114 0.227709
vt 0.972322 0.235001
vt 0.974544 0.238392
vt 0.534604 0.973949
vt 0.546816 0.972305
vt 0.537277 0.979181
vt 0.534402 0.964635
vt 0.523513 0.976723
vt 0.517270 0.973539
vt 0.525040 0.959264
vt 0.518048 0.912386
vt 0.206270 0.712647
vt 0.209397 0.714238
vt 0.200288 0.713962
vt 0.550379 0.965136
vt 0.562347 0.963416
vt 0.556565 0.968388
vt 0.545280 0.960193
vt 0.534795 0.947592
vt 0.531516 0.935450
vt 0.460205 0.358615
vt 0.458214 0.359060
vt 0.453891 0.358178
vt 0.583400 0.943884
vt 0.580218 0.946227
vt 0.581039 0.943795
vt 0.220461 0.713962
vt 0.217973 0.714765
vt 0.214126 0.712463
vt 0.212012 0.710930
vt 0.571851 0.954096
vt 0.568800 0.959332
vt 0.560484 0.957457
vt 0.555843 0.946528
vt 0.544952 0.942610
vt 0.550603 0.927803
vt 0.464457 0.358178
vt 0.460704 0.357143
vt 0.586306 0.938067
vt 0.574715 0.948942
vt 0.911453 0.269895
vt 0.577159 0.948930
vt 0.567585 0.945977
vt 0.563161 0.933277
vt 0.561653 0.913007
vt 0.554095 0.914013
vt 0.586684 0.932558
vt 0.589873 0.937121
vt 0.578578 0.931892
vt 0.583198 0.919803
vt 0.572383 0.919547
vt 0.571838 0.915494
s 0
usemtl Material_0
f 2121/1/1 2120/2/1 2122/3/1
f 2116/4/2 2119/5/2 2117/6/2
f 2116/4/3 2117/6/3 2118/7/3
f 2116/4/4 2118/7/4 2120/2/4
f 2121/1/5 2116/4/5 2120/2/5
f 2973/8/6 2974/9/6 2975/10/6
f 2976/11/7 2975/10/7 2977/12/7
f 2807/13/8 2788/14/8 2791/15/8
f 2787/16/9 2769/17/9 2767/18/9
f 2787/16/10 2767/18/10 2788/14/10
f 2788/14/11 2767/18/11 2791/15/11
f 2831/19/12 2807/13/12 2825/20/12
f 2807/13/13 2811/21/13 2825/20/13
f 2807/13/14 2791/15/14 2811/21/14
f 2811/21/15 2791/15/15 2813/22/15
f 101/23/16 88/24/16 172/25/16
f 2791/15/17 2801/26/17 2813/22/17
f 172/25/18 88/24/18 99/27/18
f 2767/18/19 2783/28/19 2791/15/19
f 2787/16/20 2833/29/20 2769/17/20
f 2791/15/21 2783/28/21 2784/30/21
f 2791/15/22 2784/30/22 2801/26/22
f 2767/18/23 2768/31/23 2783/28/23
f 2833/29/24 2780/32/24 2779/33/24
f 2769/17/25 2833/29/25 2779/33/25
f 2767/18/26 2765/34/26 2768/31/26
f 2779/33/27 2765/34/27 2769/17/27
f 2769/17/28 2765/34/28 2767/18/28
f 2813/22/29 2805/35/29 2829/36/29
f 2813/22/30 2801/26/30 2805/35/30
f 2801/26/31 2800/37/31 2805/35/31
f 2801/26/32 2784/30/32 2800/37/32
f 2768/31/33 2761/38/33 2783/28/33
f 2783/28/34 2761/38/34 2784/30/34
f 2779/33/35 2780/32/35 2765/34/35
f 2768/31/36 2765/34/36 2761/38/36
f 2765/34/37 2760/39/37 2761/38/37
f 2780/32/38 2766/40/38 2765/34/38
f 1842/41/39 1841/42/39 1840/43/39
f 2765/34/40 2766/40/40 2758/44/40
f 2765/34/41 2758/44/41 2760/39/41
f 94/45/42 134/46/42 95/47/42
f 2829/36/43 2805/35/43 2828/48/43
f 2805/35/44 2810/49/44 2828/48/44
f 2803/50/45 2809/51/45 2810/49/45
f 2805/35/46 2803/50/46 2810/49/46
f 2784/30/47 2785/52/47 2800/37/47
f 2800/37/48 2785/52/48 2803/50/48
f 2784/30/49 2761/38/49 2785/52/49
f 2760/39/50 2758/44/50 2757/53/50
f 2760/39/51 2757/53/51 2761/38/51
f 2766/40/52 2759/54/52 2758/44/52
f 2758/44/53 2759/54/53 2754/55/53
f 2758/44/54 2754/55/54 2757/53/54
f 1837/56/55 1834/57/55 1840/43/55
f 2810/49/56 2809/51/56 2824/58/56
f 2824/58/57 2809/51/57 2823/59/57
f 2809/51/58 2804/60/58 2823/59/58
f 2803/50/59 2804/60/59 2809/51/59
f 2803/50/60 2785/52/60 2804/60/60
f 2785/52/61 2799/61/61 2804/60/61
f 2761/38/62 2741/62/62 2785/52/62
f 2785/52/63 2741/62/63 2799/61/63
f 2761/38/64 2757/53/64 2722/63/64
f 2761/38/65 2722/63/65 2741/62/65
f 2723/64/66 2722/63/66 2757/53/66
f 1834/57/67 1837/56/67 1835/65/67
f 2757/53/68 2754/55/68 2723/64/68
f 1834/57/69 1835/65/69 1836/66/69
f 2759/54/70 2755/67/70 2754/55/70
f 2755/67/71 2753/68/71 2754/55/71
f 112/69/72 128/70/72 81/71/72
f 2823/59/73 2822/72/73 2830/73/73
f 2823/59/74 2804/60/74 2822/72/74
f 2822/72/75 2804/60/75 2812/74/75
f 2804/60/76 2799/61/76 2812/74/76
f 2799/61/77 2741/62/77 2793/75/77
f 2799/61/78 2793/75/78 2812/74/78
f 2741/62/79 2722/63/79 2740/76/79
f 2741/62/80 2740/76/80 2793/75/80
f 2755/67/81 2756/77/81 2753/68/81
f 1836/66/82 1835/65/82 1838/78/82
f 1836/66/83 1838/78/83 1839/79/83
f 2754/55/84 2753/68/84 2725/80/84
f 2754/55/85 2725/80/85 2723/64/85
f 1756/81/86 1751/82/86 1750/83/86
f 2500/84/87 2493/85/87 2501/86/87
f 2500/84/88 2491/87/88 2493/85/88
f 2812/74/89 2815/88/89 2820/89/89
f 2812/74/90 2793/75/90 2815/88/90
f 2793/75/90 2792/90/90 2815/88/90
f 2793/75/91 2740/76/91 2792/90/91
f 2722/63/92 2723/64/92 2724/91/92
f 2722/63/93 2724/91/93 2740/76/93
f 2740/76/94 2724/91/94 2739/92/94
f 2740/76/95 2739/92/95 2792/90/95
f 2723/64/96 2725/80/96 2724/91/96
f 1839/79/97 1838/78/97 1843/93/97
f 2756/77/98 2747/94/98 2753/68/98
f 2753/68/99 2744/95/99 2725/80/99
f 3049/96/100 3048/97/100 3051/98/100
f 2753/68/101 2747/94/101 2744/95/101
f 2747/94/102 2745/99/102 2744/95/102
f 130/100/103 132/101/103 116/102/103
f 2492/103/104 2491/87/104 2485/104/104
f 2491/87/105 2484/105/105 2485/104/105
f 2484/105/106 2499/106/106 2482/107/106
f 2499/106/107 2486/108/107 2482/107/107
f 2792/90/108 2739/92/108 2816/109/108
f 2724/91/109 2727/110/109 2739/92/109
f 2725/80/110 2726/111/110 2724/91/110
f 2724/91/111 2726/111/111 2727/110/111
f 2744/95/112 2726/111/112 2725/80/112
f 2745/99/113 2796/112/113 2746/113/113
f 2745/99/114 2746/113/114 2744/95/114
f 90/114/115 102/115/115 5/116/115
f 2479/117/116 2486/108/116 2480/118/116
f 2739/92/117 2806/119/117 2819/120/117
f 2727/110/118 2729/121/118 2739/92/118
f 2739/92/119 2729/121/119 2743/122/119
f 2739/92/120 2743/122/120 2806/119/120
f 2726/111/121 2728/123/121 2727/110/121
f 2727/110/122 2728/123/122 2729/121/122
f 2726/111/123 2730/124/123 2728/123/123
f 23/125/124 35/126/124 148/127/124
f 2726/111/125 2744/95/125 2731/128/125
f 2726/111/126 2731/128/126 2730/124/126
f 2796/112/127 2795/129/127 2746/113/127
f 2744/95/128 2746/113/128 2731/128/128
f 2730/124/129 2732/130/129 2728/123/129
f 2794/131/130 2763/132/130 2746/113/130
f 2795/129/131 2794/131/131 2746/113/131
f 2763/132/132 2731/128/132 2746/113/132
f 2763/132/133 2764/133/133 2731/128/133
f 2488/134/134 2494/135/134 2490/136/134
f 29/137/135 31/138/135 64/139/135
f 2494/135/136 2498/140/136 2496/141/136
f 2743/122/137 2789/142/137 2806/119/137
f 2494/135/138 2503/143/138 2498/140/138
f 2743/122/139 2742/144/139 2789/142/139
f 2728/123/140 2732/130/140 2729/121/140
f 2729/121/141 2742/144/141 2743/122/141
f 2729/121/142 2735/145/142 2742/144/142
f 2802/146/143 2763/132/143 2794/131/143
f 2732/130/144 2730/124/144 2733/147/144
f 2732/130/145 2735/145/145 2729/121/145
f 2802/146/146 2781/148/146 2763/132/146
f 2763/132/147 2781/148/147 2764/133/147
f 2764/133/148 2786/149/148 2762/150/148
f 2764/133/149 2762/150/149 2731/128/149
f 2731/128/150 2749/151/150 2730/124/150
f 2749/151/151 2733/147/151 2730/124/151
f 2786/149/152 2719/152/152 2762/150/152
f 2731/128/153 2762/150/153 2749/151/153
f 2495/153/154 2496/141/154 2497/154/154
f 2498/140/155 2503/143/155 2504/155/155
f 2503/143/156 2505/156/156 2504/155/156
f 2742/144/157 2782/157/157 2789/142/157
f 43/158/158 50/159/158 152/160/158
f 2733/147/159 2734/161/159 2732/130/159
f 2732/130/160 2734/161/160 2735/145/160
f 2742/144/161 2735/145/161 2782/157/161
f 152/160/162 50/159/162 108/162/162
f 2719/152/163 2721/163/163 2762/150/163
f 2719/152/164 2720/164/164 2721/163/164
f 2762/150/165 2721/163/165 2749/151/165
f 2733/147/166 2749/151/166 2750/165/166
f 2733/147/167 2750/165/167 2734/161/167
f 3569/166/168 3567/167/168 3566/168/168
f 2721/163/169 2774/169/169 2749/151/169
f 114/170/170 79/171/170 97/172/170
f 146/173/171 114/170/171 97/172/171
f 2503/143/172 2506/174/172 2505/156/172
f 2503/143/173 2507/175/173 2506/174/173
f 2507/175/174 2509/176/174 2506/174/174
f 2782/157/175 2808/177/175 2821/178/175
f 58/179/176 86/180/176 46/181/176
f 45/182/177 58/179/177 46/181/177
f 2782/157/178 2798/183/178 2808/177/178
f 2735/145/179 2818/184/179 2798/183/179
f 2734/161/180 2737/185/180 2736/186/180
f 2734/161/181 2736/186/181 2735/145/181
f 2735/145/182 2736/186/182 2748/187/182
f 2814/188/183 2826/189/183 2748/187/183
f 2736/186/184 2814/188/184 2748/187/184
f 3566/168/185 3567/167/185 3568/190/185
f 2773/191/186 2749/151/186 2774/169/186
f 2749/151/187 2770/192/187 2750/165/187
f 2750/165/188 2737/185/188 2734/161/188
f 2773/191/189 2772/193/189 2749/151/189
f 2772/193/190 2790/194/190 2771/195/190
f 2772/193/191 2771/195/191 2749/151/191
f 2749/151/192 2771/195/192 2770/192/192
f 1018/196/193 1019/197/193 1011/198/193
f 618/199/194 620/200/194 615/201/194
f 615/201/195 620/200/195 617/202/195
f 1019/197/196 1000/203/196 1011/198/196
f 1011/198/197 1000/203/197 1001/204/197
f 1019/197/198 1015/205/198 1000/203/198
f 639/206/199 641/207/199 618/199/199
f 618/199/200 641/207/200 620/200/200
f 1023/208/201 1015/205/201 1019/197/201
f 639/206/202 640/209/202 641/207/202
f 1023/208/203 1022/210/203 1015/205/203
f 640/209/204 642/211/204 641/207/204
f 1022/210/205 1017/212/205 1015/205/205
f 1022/210/206 1160/213/206 1017/212/206
f 640/209/207 666/214/207 642/211/207
f 1158/215/208 1160/213/208 1022/210/208
f 71/216/209 106/217/209 66/218/209
f 3041/219/210 3042/220/210 3043/221/210
f 3041/219/211 3043/221/211 3044/222/211
f 2736/186/212 2827/223/212 2814/188/212
f 2736/186/213 2834/224/213 2827/223/213
f 2701/225/214 2699/226/214 2698/227/214
f 2750/165/215 2751/228/215 2737/185/215
f 2737/185/216 2751/228/216 2752/229/216
f 2752/229/217 2738/230/217 2737/185/217
f 2738/230/218 2817/231/218 2736/186/218
f 2737/185/219 2738/230/219 2736/186/219
f 1747/232/220 1748/233/220 1749/234/220
f 2790/194/221 2778/235/221 2771/195/221
f 3582/236/222 3583/237/222 3584/238/222
f 2698/227/223 2699/226/223 2700/239/223
f 2771/195/224 2777/240/224 2770/192/224
f 2777/240/225 2776/241/225 2770/192/225
f 2770/192/226 2776/241/226 2750/165/226
f 2776/241/227 2777/240/227 2797/242/227
f 2750/165/228 2776/241/228 2775/243/228
f 2776/241/229 2797/242/229 2775/243/229
f 1733/244/230 1734/245/230 1743/246/230
f 2750/165/231 2775/243/231 2751/228/231
f 1743/246/232 1734/245/232 1736/247/232
f 1743/246/233 1736/247/233 1739/248/233
f 1736/247/234 1737/249/234 1739/248/234
f 1737/249/235 1741/250/235 1740/251/235
f 1739/248/236 1737/249/236 1740/251/236
f 2771/195/237 2778/235/237 2777/240/237
f 1742/252/238 1731/253/238 1730/254/238
f 1730/254/239 1731/253/239 1727/255/239
f 1727/255/240 1729/256/240 1730/254/240
f 1014/257/241 1012/258/241 1005/259/241
f 608/260/242 612/261/242 609/262/242
f 1006/263/243 993/264/243 1005/259/243
f 608/260/244 607/265/244 610/266/244
f 608/260/245 610/266/245 612/261/245
f 1012/258/246 1006/263/246 1005/259/246
f 607/265/247 611/267/247 610/266/247
f 1012/258/248 1013/268/248 1006/263/248
f 613/269/249 611/267/249 607/265/249
f 1006/263/250 1004/270/250 993/264/250
f 1004/270/251 991/271/251 993/264/251
f 613/269/252 632/272/252 614/273/252
f 613/269/253 614/273/253 611/267/253
f 1013/268/254 1011/198/254 1006/263/254
f 1006/263/255 1011/198/255 1004/270/255
f 611/267/256 617/202/256 610/266/256
f 1013/268/257 1018/196/257 1011/198/257
f 614/273/258 615/201/258 611/267/258
f 611/267/259 615/201/259 617/202/259
f 614/273/260 616/274/260 615/201/260
f 1004/270/261 990/275/261 991/271/261
f 628/276/262 614/273/262 632/272/262
f 991/271/263 990/275/263 987/277/263
f 614/273/264 628/276/264 616/274/264
f 1011/198/265 1001/204/265 1004/270/265
f 1004/270/266 1001/204/266 990/275/266
f 1001/204/267 984/278/267 990/275/267
f 628/276/268 619/279/268 616/274/268
f 616/274/269 618/199/269 615/201/269
f 990/275/270 984/278/270 987/277/270
f 628/276/271 638/280/271 619/279/271
f 616/274/272 619/279/272 618/199/272
f 984/278/273 980/281/273 987/277/273
f 638/280/274 637/282/274 619/279/274
f 1001/204/275 1000/203/275 984/278/275
f 1000/203/276 981/283/276 984/278/276
f 984/278/277 981/283/277 980/281/277
f 619/279/278 639/206/278 618/199/278
f 1000/203/279 999/284/279 981/283/279
f 636/285/280 639/206/280 619/279/280
f 999/284/281 982/286/281 981/283/281
f 619/279/282 637/282/282 636/285/282
f 981/283/283 982/286/283 978/287/283
f 981/283/284 978/287/284 980/281/284
f 1000/203/285 1015/205/285 999/284/285
f 1015/205/286 1016/288/286 999/284/286
f 982/286/287 983/289/287 978/287/287
f 637/282/288 634/290/288 636/285/288
f 639/206/289 636/285/289 640/209/289
f 653/291/290 634/290/290 637/282/290
f 999/284/291 1238/292/291 982/286/291
f 982/286/292 1238/292/292 1239/293/292
f 982/286/293 1239/293/293 983/289/293
f 634/290/294 635/294/294 636/285/294
f 636/285/295 635/294/295 640/209/295
f 1016/288/296 1236/295/296 999/284/296
f 999/284/297 1236/295/297 1238/292/297
f 634/290/298 656/296/298 635/294/298
f 1238/292/299 1236/295/299 1234/297/299
f 1238/292/300 1234/297/300 1239/293/300
f 640/209/301 635/294/301 666/214/301
f 1017/212/302 1160/213/302 1020/298/302
f 1017/212/303 1020/298/303 1016/288/303
f 635/294/304 656/296/304 664/299/304
f 635/294/305 664/299/305 666/214/305
f 1016/288/306 1021/300/306 1236/295/306
f 1236/295/307 1235/301/307 1234/297/307
f 1157/302/308 1155/303/308 1158/215/308
f 1155/303/309 1156/304/309 1158/215/309
f 1158/215/310 1156/304/310 1160/213/310
f 1020/298/311 1021/300/311 1016/288/311
f 1021/300/312 1235/301/312 1236/295/312
f 656/296/313 665/305/313 664/299/313
f 1160/213/314 1159/306/314 1020/298/314
f 1160/213/315 1156/304/315 1159/306/315
f 1157/302/316 1154/307/316 1155/303/316
f 1020/298/317 1159/306/317 1021/300/317
f 1154/307/318 1153/308/318 1155/303/318
f 1155/303/319 1153/308/319 1156/304/319
f 1153/308/320 1159/306/320 1156/304/320
f 1153/308/321 1162/309/321 1159/306/321
f 1021/300/322 1174/310/322 1235/301/322
f 1159/306/323 1162/309/323 1021/300/323
f 1021/300/324 1162/309/324 1174/310/324
f 1807/311/325 1808/312/325 1809/313/325
f 3060/314/326 3061/315/326 3058/316/326
f 3559/317/327 3560/318/327 3561/319/327
f 3900/320/328 3901/321/328 3902/322/328
f 1734/245/329 1735/323/329 1736/247/329
f 1735/323/330 1738/324/330 1737/249/330
f 1736/247/331 1735/323/331 1737/249/331
f 1728/325/332 1745/326/332 1729/256/332
f 1745/326/333 1744/327/333 1729/256/333
f 1730/254/334 1729/256/334 1732/328/334
f 1730/254/335 1732/328/335 1733/244/335
f 1729/256/336 1744/327/336 1732/328/336
f 1116/329/337 1136/330/337 1200/331/337
f 1733/244/338 1732/328/338 1734/245/338
f 679/332/339 624/333/339 625/334/339
f 679/332/340 625/334/340 678/335/340
f 3996/336/341 3991/337/341 3989/338/341
f 3989/338/342 3991/337/342 3990/339/342
f 625/334/343 633/340/343 678/335/343
f 624/333/344 623/341/344 625/334/344
f 1010/342/345 1008/343/345 1009/344/345
f 1009/344/346 1008/343/346 1002/345/346
f 1009/344/347 1002/345/347 1003/346/347
f 623/341/348 622/347/348 627/348/348
f 623/341/349 621/349/349 625/334/349
f 1008/343/350 1007/350/350 1002/345/350
f 625/334/351 609/262/351 633/340/351
f 1008/343/352 1014/257/352 1007/350/352
f 627/348/353 626/351/353 623/341/353
f 623/341/354 626/351/354 621/349/354
f 621/349/355 609/262/355 625/334/355
f 998/352/356 1002/345/356 997/353/356
f 626/351/357 627/348/357 630/354/357
f 1007/350/358 1005/259/358 1002/345/358
f 626/351/359 606/355/359 621/349/359
f 621/349/360 606/355/360 609/262/360
f 1002/345/361 1005/259/361 997/353/361
f 1014/257/362 1005/259/362 1007/350/362
f 997/353/363 994/356/363 995/357/363
f 643/358/364 629/359/364 630/354/364
f 630/354/365 629/359/365 626/351/365
f 626/351/366 629/359/366 606/355/366
f 606/355/367 608/260/367 609/262/367
f 1005/259/368 994/356/368 997/353/368
f 994/356/369 992/360/369 995/357/369
f 643/358/370 631/361/370 629/359/370
f 629/359/371 607/265/371 606/355/371
f 606/355/372 607/265/372 608/260/372
f 643/358/373 650/362/373 631/361/373
f 629/359/374 631/361/374 607/265/374
f 994/356/375 993/264/375 992/360/375
f 631/361/376 613/269/376 607/265/376
f 993/264/377 991/271/377 992/360/377
f 992/360/378 991/271/378 989/363/378
f 631/361/379 632/272/379 613/269/379
f 648/364/380 650/362/380 649/365/380
f 648/364/381 632/272/381 631/361/381
f 650/362/382 648/364/382 631/361/382
f 991/271/383 987/277/383 989/363/383
f 989/363/384 987/277/384 988/366/384
f 648/364/385 628/276/385 632/272/385
f 647/367/386 628/276/386 648/364/386
f 987/277/387 985/368/387 988/366/387
f 988/366/388 985/368/388 986/369/388
f 647/367/389 638/280/389 628/276/389
f 647/367/390 646/370/390 638/280/390
f 987/277/391 980/281/391 985/368/391
f 561/371/392 646/370/392 647/367/392
f 985/368/393 977/372/393 986/369/393
f 985/368/394 980/281/394 979/373/394
f 985/368/395 979/373/395 977/372/395
f 561/371/396 560/374/396 646/370/396
f 2422/375/397 2425/376/397 2447/377/397
f 2425/376/398 2454/378/398 2447/377/398
f 560/374/399 645/379/399 646/370/399
f 646/370/400 645/379/400 638/280/400
f 645/379/401 637/282/401 638/280/401
f 979/373/402 978/287/402 977/372/402
f 980/281/403 978/287/403 979/373/403
f 978/287/404 976/380/404 977/372/404
f 560/374/405 543/381/405 645/379/405
f 645/379/406 543/381/406 653/291/406
f 645/379/407 653/291/407 637/282/407
f 983/289/408 1240/382/408 978/287/408
f 983/289/409 1239/293/409 1240/382/409
f 1239/293/410 1241/383/410 1240/382/410
f 653/291/411 543/381/411 654/384/411
f 1239/293/412 1234/297/412 1241/383/412
f 654/384/413 655/385/413 634/290/413
f 653/291/414 654/384/414 634/290/414
f 1234/297/415 1232/386/415 1241/383/415
f 655/385/416 656/296/416 634/290/416
f 655/385/417 659/387/417 656/296/417
f 544/388/418 655/385/418 654/384/418
f 656/296/419 659/387/419 665/305/419
f 1235/301/420 1233/389/420 1234/297/420
f 655/385/421 658/390/421 659/387/421
f 665/305/422 669/391/422 664/299/422
f 1234/297/423 1233/389/423 1232/386/423
f 1232/386/424 1233/389/424 1229/392/424
f 1235/301/425 1237/393/425 1233/389/425
f 1235/301/426 1174/310/426 1237/393/426
f 1237/393/427 1229/392/427 1233/389/427
f 655/385/428 657/394/428 658/390/428
f 659/387/429 667/395/429 665/305/429
f 665/305/430 667/395/430 669/391/430
f 1154/307/431 1151/396/431 1153/308/431
f 659/387/432 658/390/432 667/395/432
f 1151/396/433 1152/397/433 1153/308/433
f 1153/308/434 1152/397/434 1162/309/434
f 1162/309/435 1175/398/435 1174/310/435
f 1174/310/436 1175/398/436 1237/393/436
f 1175/398/437 1229/392/437 1237/393/437
f 1152/397/438 1163/399/438 1162/309/438
f 1151/396/439 1148/400/439 1152/397/439
f 1152/397/440 1148/400/440 1150/401/440
f 1152/397/441 1150/401/441 1163/399/441
f 1163/399/442 1164/402/442 1162/309/442
f 1162/309/443 1164/402/443 1175/398/443
f 1151/396/444 1147/403/444 1148/400/444
f 545/404/445 660/405/445 657/394/445
f 1147/403/446 1145/406/446 1148/400/446
f 1148/400/447 1145/406/447 1149/407/447
f 1148/400/448 1149/407/448 1150/401/448
f 1150/401/449 1149/407/449 1161/408/449
f 1150/401/450 1161/408/450 1163/399/450
f 1163/399/451 1161/408/451 1164/402/451
f 1175/398/452 1164/402/452 1176/409/452
f 1175/398/453 1176/409/453 1225/410/453
f 1175/398/454 1225/410/454 1229/392/454
f 657/394/455 668/411/455 658/390/455
f 658/390/456 668/411/456 667/395/456
f 657/394/457 670/412/457 668/411/457
f 1145/406/458 1146/413/458 1149/407/458
f 1149/407/459 1146/413/459 1161/408/459
f 1161/408/460 1178/414/460 1164/402/460
f 1178/414/461 1176/409/461 1164/402/461
f 670/412/462 671/415/462 668/411/462
f 1147/403/463 1135/416/463 1145/406/463
f 1146/413/464 1183/417/464 1179/418/464
f 1146/413/465 1179/418/465 1161/408/465
f 1161/408/460 1179/418/460 1178/414/460
f 1178/414/466 1197/419/466 1176/409/466
f 1242/420/467 1223/421/467 1176/409/467
f 1176/409/468 1223/421/468 1225/410/468
f 660/405/469 672/422/469 657/394/469
f 671/415/470 673/423/470 668/411/470
f 1122/424/471 1166/425/471 1146/413/471
f 1145/406/472 1122/424/472 1146/413/472
f 1146/413/473 1166/425/473 1183/417/473
f 1243/426/474 1242/420/474 1176/409/474
f 1197/419/475 1243/426/475 1176/409/475
f 672/422/476 670/412/476 657/394/476
f 1122/424/477 1121/427/477 1166/425/477
f 160/428/478 154/429/478 158/430/478
f 1135/416/479 1122/424/479 1145/406/479
f 1278/431/480 1173/432/480 1243/426/480
f 1243/426/481 1173/432/481 1242/420/481
f 670/412/482 672/422/482 674/433/482
f 670/412/483 674/433/483 671/415/483
f 671/415/484 676/434/484 673/423/484
f 1135/416/485 1101/435/485 1122/424/485
f 1122/424/486 1101/435/486 1099/436/486
f 1122/424/487 1099/436/487 1121/427/487
f 1099/436/488 1119/437/488 1120/438/488
f 1121/427/489 1099/436/489 1120/438/489
f 1136/330/490 1171/439/490 1172/440/490
f 1172/440/491 1171/439/491 1173/432/491
f 1171/439/492 1143/441/492 1242/420/492
f 1173/432/493 1171/439/493 1242/420/493
f 1242/420/494 1143/441/494 1223/421/494
f 1099/436/495 1116/329/495 1119/437/495
f 1136/330/496 1143/441/496 1171/439/496
f 1103/442/497 1094/443/497 1102/444/497
f 1102/444/498 1094/443/498 1101/435/498
f 1099/436/499 1115/445/499 1116/329/499
f 1116/329/500 1115/445/500 1136/330/500
f 1136/330/501 1115/445/501 1143/441/501
f 1143/441/502 1142/446/502 1223/421/502
f 1101/435/503 1094/443/503 1099/436/503
f 1099/436/504 1098/447/504 1115/445/504
f 1115/445/505 1142/446/505 1143/441/505
f 1094/443/506 1098/447/506 1099/436/506
f 1098/447/507 1117/448/507 1115/445/507
f 1115/445/508 1117/448/508 1142/446/508
f 1094/443/509 1096/449/509 1098/447/509
f 1117/448/510 1144/450/510 1142/446/510
f 1098/447/511 1100/451/511 1117/448/511
f 1100/451/512 1118/452/512 1117/448/512
f 1117/448/513 1118/452/513 1144/450/513
f 1096/449/514 1081/453/514 1098/447/514
f 1098/447/515 1081/453/515 1100/451/515
f 4014/454/516 4079/455/516 3999/456/516
f 3999/456/517 4079/455/517 3987/457/517
f 3987/457/518 3989/338/518 3988/458/518
f 663/459/519 661/460/519 622/347/519
f 663/459/520 622/347/520 624/333/520
f 663/459/521 624/333/521 679/332/521
f 4079/455/522 3996/336/522 3987/457/522
f 3988/458/523 3990/339/523 3992/461/523
f 3989/338/524 3990/339/524 3988/458/524
f 3990/339/525 3993/462/525 3992/461/525
f 661/460/526 644/463/526 622/347/526
f 622/347/527 644/463/527 627/348/527
f 622/347/528 623/341/528 624/333/528
f 874/464/529 873/465/529 868/466/529
f 1003/346/530 998/352/530 874/464/530
f 874/464/531 998/352/531 873/465/531
f 644/463/532 630/354/532 627/348/532
f 998/352/533 996/467/533 873/465/533
f 997/353/534 995/357/534 996/467/534
f 995/357/535 884/468/535 996/467/535
f 630/354/536 652/469/536 643/358/536
f 995/357/537 992/360/537 884/468/537
f 992/360/538 886/470/538 884/468/538
f 992/360/539 989/363/539 886/470/539
f 989/363/540 889/471/540 886/470/540
f 989/363/541 988/366/541 889/471/541
f 892/472/542 890/473/542 889/471/542
f 988/366/543 986/369/543 889/471/543
f 649/365/544 647/367/544 648/364/544
f 986/369/545 896/474/545 892/472/545
f 889/471/546 986/369/546 892/472/546
f 649/365/547 546/475/547 647/367/547
f 546/475/548 561/371/548 647/367/548
f 986/369/549 901/476/549 896/474/549
f 896/474/550 901/476/550 900/477/550
f 986/369/551 977/372/551 901/476/551
f 561/371/552 546/475/552 547/478/552
f 2415/479/553 2422/375/553 2416/480/553
f 2416/480/554 2422/375/554 2447/377/554
f 561/371/555 547/478/555 560/374/555
f 2415/479/556 2407/481/556 2417/482/556
f 2415/479/557 2417/482/557 2422/375/557
f 2417/482/558 2421/483/558 2425/376/558
f 2417/482/559 2425/376/559 2422/375/559
f 976/380/560 909/484/560 901/476/560
f 977/372/561 976/380/561 901/476/561
f 2425/376/562 2463/485/562 2454/378/562
f 2421/483/563 2435/486/563 2425/376/563
f 2435/486/564 2445/487/564 2425/376/564
f 2445/487/565 2462/488/565 2425/376/565
f 2425/376/566 2462/488/566 2463/485/566
f 978/287/567 1240/382/567 976/380/567
f 976/380/568 912/489/568 909/484/568
f 1240/382/569 912/489/569 976/380/569
f 547/478/570 543/381/570 560/374/570
f 1240/382/571 1244/490/571 912/489/571
f 1240/382/572 1241/383/572 1244/490/572
f 544/388/573 654/384/573 543/381/573
f 529/491/574 544/388/574 543/381/574
f 1232/386/575 1229/392/575 1228/492/575
f 544/388/576 545/404/576 655/385/576
f 655/385/577 545/404/577 657/394/577
f 1229/392/578 1225/410/578 1228/492/578
f 1225/410/579 1227/493/579 1228/492/579
f 545/404/580 570/494/580 660/405/580
f 548/495/581 570/494/581 545/404/581
f 570/494/582 548/495/582 672/422/582
f 570/494/583 672/422/583 660/405/583
f 548/495/584 675/496/584 672/422/584
f 675/496/585 674/433/585 672/422/585
f 1223/421/586 1221/497/586 1224/498/586
f 1223/421/587 1142/446/587 1222/499/587
f 1223/421/588 1222/499/588 1221/497/588
f 675/496/589 677/500/589 674/433/589
f 1105/501/590 1095/502/590 1103/442/590
f 1103/442/591 1095/502/591 1094/443/591
f 1094/443/592 1095/502/592 1096/449/592
f 1142/446/593 1220/503/593 1222/499/593
f 1142/446/594 1144/450/594 1220/503/594
f 1095/502/595 1106/504/595 1097/505/595
f 1095/502/596 1097/505/596 1096/449/596
f 1096/449/597 1090/506/597 1081/453/597
f 1096/449/598 1097/505/598 1090/506/598
f 1144/450/599 1075/507/599 1220/503/599
f 1220/503/600 1075/507/600 1218/508/600
f 1144/450/601 1118/452/601 1075/507/601
f 1075/507/602 1217/509/602 1218/508/602
f 1081/453/603 1069/510/603 1100/451/603
f 1069/510/604 1075/507/604 1118/452/604
f 1100/451/605 1069/510/605 1118/452/605
f 1075/507/606 1058/511/606 1217/509/606
f 1081/453/607 1068/512/607 1069/510/607
f 1090/506/608 1068/512/608 1081/453/608
f 1069/510/609 1058/511/609 1075/507/609
f 1069/510/610 1059/513/610 1058/511/610
f 1069/510/611 1068/512/611 1059/513/611
f 1068/512/612 1057/514/612 1059/513/612
f 1613/515/613 1612/516/613 1611/517/613
f 1612/516/614 1609/518/614 1611/517/614
f 323/519/615 312/520/615 329/521/615
f 323/519/616 313/522/616 312/520/616
f 1613/515/617 1616/523/617 1612/516/617
f 1616/523/618 1620/524/618 1612/516/618
f 313/522/619 311/525/619 312/520/619
f 1620/524/620 1619/526/620 1612/516/620
f 1620/524/621 1617/527/621 1619/526/621
f 1612/516/622 1619/526/622 1609/518/622
f 1616/523/623 1621/528/623 1620/524/623
f 312/520/624 311/525/624 309/529/624
f 1620/524/625 1621/528/625 1617/527/625
f 3951/530/626 3999/456/626 3953/531/626
f 4001/532/627 4014/454/627 3951/530/627
f 3999/456/628 3987/457/628 3953/531/628
f 3953/531/629 3987/457/629 3955/533/629
f 683/534/630 663/459/630 686/535/630
f 3951/530/631 4014/454/631 3999/456/631
f 3987/457/632 3988/458/632 3955/533/632
f 3955/533/633 3988/458/633 3998/536/633
f 661/460/634 663/459/634 683/534/634
f 4232/537/635 4228/538/635 4231/539/635
f 4231/539/636 4228/538/636 4227/540/636
f 4227/540/637 4228/538/637 4229/541/637
f 3992/461/638 3994/542/638 3995/543/638
f 662/544/639 644/463/639 661/460/639
f 662/544/640 569/545/640 644/463/640
f 873/465/641 869/546/641 868/466/641
f 873/465/642 881/547/642 869/546/642
f 873/465/643 996/467/643 881/547/643
f 644/463/644 652/469/644 630/354/644
f 996/467/645 884/468/645 881/547/645
f 881/547/646 884/468/646 879/548/646
f 651/549/647 643/358/647 652/469/647
f 651/549/648 650/362/648 643/358/648
f 651/549/649 649/365/649 650/362/649
f 886/470/650 889/471/650 888/550/650
f 651/549/651 562/551/651 649/365/651
f 889/471/652 890/473/652 888/550/652
f 562/551/653 551/552/653 649/365/653
f 551/552/654 546/475/654 649/365/654
f 892/472/655 896/474/655 895/553/655
f 533/554/656 547/478/656 546/475/656
f 2410/555/657 2407/481/657 2415/479/657
f 2410/555/658 2408/556/658 2407/481/658
f 2407/481/659 2408/556/659 2409/557/659
f 2407/481/660 2411/558/660 2417/482/660
f 2407/481/661 2409/557/661 2411/558/661
f 2411/558/662 2413/559/662 2421/483/662
f 2411/558/663 2421/483/663 2417/482/663
f 2413/559/664 2418/560/664 2421/483/664
f 2427/561/665 2434/562/665 2421/483/665
f 2418/560/666 2427/561/666 2421/483/666
f 2421/483/667 2434/562/667 2435/486/667
f 2434/562/668 2445/487/668 2435/486/668
f 909/484/669 911/563/669 908/564/669
f 2434/562/670 2458/565/670 2445/487/670
f 533/554/671 543/381/671 547/478/671
f 909/484/672 912/489/672 911/563/672
f 2434/562/673 2457/566/673 2458/565/673
f 912/489/674 913/567/674 911/563/674
f 2427/561/675 2442/568/675 2434/562/675
f 2442/568/676 2457/566/676 2434/562/676
f 912/489/677 1244/490/677 913/567/677
f 2442/568/678 2456/569/678 2457/566/678
f 533/554/679 529/491/679 543/381/679
f 533/554/680 525/570/680 529/491/680
f 1244/490/681 921/571/681 913/567/681
f 1241/383/682 921/571/682 1244/490/682
f 1241/383/683 1232/386/683 921/571/683
f 1232/386/684 1228/492/684 921/571/684
f 1228/492/685 923/572/685 921/571/685
f 528/573/686 545/404/686 544/388/686
f 529/491/687 528/573/687 544/388/687
f 1228/492/688 928/574/688 923/572/688
f 1228/492/689 1227/493/689 928/574/689
f 1227/493/690 1231/575/690 928/574/690
f 528/573/691 548/495/691 545/404/691
f 528/573/692 532/576/692 548/495/692
f 1227/493/693 1226/577/693 1231/575/693
f 1224/498/694 1226/577/694 1227/493/694
f 549/578/695 573/579/695 548/495/695
f 1139/580/696 1138/581/696 1124/582/696
f 1138/581/697 1131/583/697 1124/582/697
f 1224/498/698 1221/497/698 1226/577/698
f 1131/583/699 1123/584/699 1124/582/699
f 1124/582/700 1123/584/700 1105/501/700
f 1123/584/701 1104/585/701 1105/501/701
f 1104/585/702 1095/502/702 1105/501/702
f 1222/499/703 1220/503/703 1221/497/703
f 1220/503/704 1216/586/704 1221/497/704
f 1104/585/705 1106/504/705 1095/502/705
f 1220/503/706 1218/508/706 1216/586/706
f 1104/585/707 1107/587/707 1106/504/707
f 1106/504/708 1091/588/708 1097/505/708
f 1097/505/709 1091/588/709 1090/506/709
f 1218/508/710 1213/589/710 1216/586/710
f 1217/509/711 1213/589/711 1218/508/711
f 1091/588/712 1089/590/712 1090/506/712
f 1090/506/713 1089/590/713 1068/512/713
f 1217/509/714 1058/511/714 1213/589/714
f 1058/511/715 1212/591/715 1213/589/715
f 1212/591/716 1058/511/716 1055/592/716
f 1068/512/717 1089/590/717 1072/593/717
f 1068/512/718 1072/593/718 1057/514/718
f 1059/513/719 1057/514/719 1058/511/719
f 1072/593/720 1060/594/720 1057/514/720
f 1057/514/721 1055/592/721 1058/511/721
f 1089/590/722 1060/594/722 1072/593/722
f 1057/514/723 1056/595/723 1055/592/723
f 1060/594/724 1056/595/724 1057/514/724
f 333/596/725 335/597/725 313/522/725
f 1609/518/726 1603/598/726 1602/599/726
f 1610/600/727 1609/518/727 1602/599/727
f 335/597/728 303/601/728 313/522/728
f 1609/518/729 1622/602/729 1603/598/729
f 313/522/730 303/601/730 304/603/730
f 313/522/731 304/603/731 311/525/731
f 1609/518/732 1619/526/732 1622/602/732
f 1617/527/733 1618/604/733 1619/526/733
f 1619/526/734 1618/604/734 1622/602/734
f 311/525/735 306/605/735 309/529/735
f 309/529/736 306/605/736 307/606/736
f 1621/528/737 1641/607/737 1638/608/737
f 1621/528/738 1638/608/738 1617/527/738
f 1617/527/739 1638/608/739 1618/604/739
f 3949/609/740 3951/530/740 3950/610/740
f 3951/530/741 3952/611/741 3950/610/741
f 3949/609/742 4001/532/742 3951/530/742
f 683/534/743 686/535/743 689/612/743
f 3951/530/744 3953/531/744 3952/611/744
f 3955/533/745 3998/536/745 3956/613/745
f 3956/613/746 3998/536/746 3985/614/746
f 3998/536/747 3997/615/747 3985/614/747
f 682/616/748 661/460/748 683/534/748
f 3985/614/749 3997/615/749 3986/617/749
f 681/618/750 662/544/750 682/616/750
f 662/544/751 661/460/751 682/616/751
f 680/619/752 662/544/752 681/618/752
f 680/619/753 569/545/753 662/544/753
f 872/620/754 868/466/754 870/621/754
f 868/466/755 869/546/755 870/621/755
f 870/621/756 869/546/756 871/622/756
f 568/623/757 567/624/757 569/545/757
f 569/545/758 567/624/758 644/463/758
f 869/546/759 881/547/759 871/622/759
f 881/547/760 879/548/760 871/622/760
f 871/622/761 879/548/761 876/625/761
f 876/625/762 879/548/762 880/626/762
f 567/624/763 566/627/763 652/469/763
f 567/624/764 652/469/764 644/463/764
f 879/548/765 883/628/765 880/626/765
f 566/627/766 651/549/766 652/469/766
f 879/548/767 884/468/767 883/628/767
f 884/468/768 885/629/768 883/628/768
f 562/551/769 651/549/769 566/627/769
f 562/551/770 552/630/770 551/552/770
f 537/631/771 535/632/771 551/552/771
f 551/552/772 535/632/772 546/475/772
f 895/553/773 899/633/773 898/634/773
f 895/553/774 896/474/774 899/633/774
f 896/474/775 900/477/775 899/633/775
f 535/632/776 533/554/776 546/475/776
f 535/632/777 530/635/777 533/554/777
f 900/477/778 903/636/778 899/633/778
f 900/477/779 901/476/779 903/636/779
f 3891/637/780 3890/638/780 3889/639/780
f 2412/640/781 2413/559/781 2411/558/781
f 530/635/782 525/570/782 533/554/782
f 2414/641/783 2418/560/783 2413/559/783
f 2414/641/784 2419/642/784 2418/560/784
f 2419/642/785 2426/643/785 2427/561/785
f 2419/642/786 2427/561/786 2418/560/786
f 1507/644/787 1487/645/787 1497/646/787
f 2426/643/788 2432/647/788 2427/561/788
f 2432/647/789 2442/568/789 2427/561/789
f 2426/643/790 2431/648/790 2432/647/790
f 913/567/791 919/649/791 911/563/791
f 525/570/792 517/650/792 529/491/792
f 2431/648/793 2433/651/793 2432/647/793
f 2432/647/794 2456/569/794 2442/568/794
f 913/567/795 920/652/795 919/649/795
f 2432/647/796 2451/653/796 2456/569/796
f 913/567/797 921/571/797 920/652/797
f 2433/651/798 2451/653/798 2432/647/798
f 517/650/799 521/654/799 529/491/799
f 921/571/800 922/655/800 920/652/800
f 521/654/801 526/656/801 529/491/801
f 921/571/802 923/572/802 922/655/802
f 526/656/803 527/657/803 528/573/803
f 526/656/804 528/573/804 529/491/804
f 526/656/805 519/658/805 527/657/805
f 1231/575/806 1254/659/806 928/574/806
f 527/657/807 532/576/807 528/573/807
f 1231/575/808 1266/660/808 1254/659/808
f 1231/575/809 1264/661/809 1266/660/809
f 532/576/810 549/578/810 548/495/810
f 1231/575/811 1226/577/811 1264/661/811
f 1226/577/812 1263/662/812 1264/661/812
f 549/578/813 574/663/813 573/579/813
f 574/663/814 577/664/814 573/579/814
f 1221/497/815 1230/665/815 1226/577/815
f 1131/583/816 1108/666/816 1123/584/816
f 574/663/817 576/667/817 577/664/817
f 1123/584/818 1108/666/818 1104/585/818
f 1221/497/819 1219/668/819 1230/665/819
f 577/664/820 576/667/820 581/669/820
f 1221/497/821 1216/586/821 1219/668/821
f 576/667/822 578/670/822 581/669/822
f 1219/668/819 1214/671/819 1230/665/819
f 1104/585/823 1108/666/823 1107/587/823
f 1216/586/824 1214/671/824 1219/668/824
f 1114/672/825 1107/587/825 1108/666/825
f 1216/586/826 1213/589/826 1214/671/826
f 1107/587/827 1091/588/827 1106/504/827
f 1107/587/828 1109/673/828 1091/588/828
f 1109/673/829 1092/674/829 1091/588/829
f 1213/589/830 1212/591/830 1214/671/830
f 1086/675/831 1089/590/831 1091/588/831
f 1091/588/832 1092/674/832 1086/675/832
f 1212/591/833 1055/592/833 1215/676/833
f 1086/675/834 1083/677/834 1089/590/834
f 1089/590/835 1083/677/835 1060/594/835
f 1060/594/836 1053/678/836 1056/595/836
f 1056/595/837 1053/678/837 1055/592/837
f 1055/592/838 1052/679/838 1215/676/838
f 1083/677/839 1080/680/839 1060/594/839
f 1080/680/840 1070/681/840 1060/594/840
f 1060/594/841 1070/681/841 1053/678/841
f 1053/678/842 1052/679/842 1055/592/842
f 1053/678/843 1070/681/843 1051/682/843
f 1602/599/844 1600/683/844 1599/684/844
f 1604/685/845 1602/599/845 1599/684/845
f 1600/683/846 1608/686/846 1601/687/846
f 1608/686/847 1614/688/847 1601/687/847
f 1608/686/848 1622/602/848 1627/689/848
f 1622/602/849 1618/604/849 1623/690/849
f 311/525/850 304/603/850 306/605/850
f 1638/608/851 1637/691/851 1618/604/851
f 1618/604/852 1637/691/852 1624/692/852
f 306/605/853 305/693/853 307/606/853
f 3947/694/854 3949/609/854 3945/695/854
f 3945/695/855 3950/610/855 4078/696/855
f 689/612/856 691/697/856 690/698/856
f 3949/609/857 3950/610/857 3945/695/857
f 4078/696/858 3950/610/858 3952/611/858
f 4078/696/859 3952/611/859 3954/699/859
f 3952/611/860 3953/531/860 3954/699/860
f 688/700/861 683/534/861 690/698/861
f 690/698/862 683/534/862 689/612/862
f 3955/533/863 3956/613/863 3954/699/863
f 688/700/864 682/616/864 683/534/864
f 3985/614/865 3983/701/865 3956/613/865
f 3981/702/865 3956/613/865 3983/701/865
f 3983/701/866 3986/617/866 4002/703/866
f 3986/617/867 4204/704/867 4002/703/867
f 4227/540/868 4229/541/868 4230/705/868
f 687/706/869 680/619/869 681/618/869
f 4230/705/870 4229/541/870 4233/707/870
f 4229/541/871 4234/708/871 4233/707/871
f 877/709/872 870/621/872 875/710/872
f 680/619/873 568/623/873 569/545/873
f 870/621/874 871/622/874 875/710/874
f 871/622/875 876/625/875 875/710/875
f 875/710/876 876/625/876 878/711/876
f 565/712/877 567/624/877 568/623/877
f 876/625/878 880/626/878 878/711/878
f 564/713/879 566/627/879 565/712/879
f 565/712/880 566/627/880 567/624/880
f 564/713/881 563/714/881 566/627/881
f 563/714/882 554/715/882 562/551/882
f 563/714/883 562/551/883 566/627/883
f 888/550/884 891/716/884 885/629/884
f 554/715/885 552/630/885 562/551/885
f 554/715/886 553/717/886 552/630/886
f 888/550/887 890/473/887 891/716/887
f 890/473/888 894/718/888 891/716/888
f 552/630/889 537/631/889 551/552/889
f 890/473/890 895/553/890 894/718/890
f 895/553/891 898/634/891 894/718/891
f 534/719/892 535/632/892 537/631/892
f 903/636/893 901/476/893 907/720/893
f 901/476/894 908/564/894 907/720/894
f 908/564/895 910/721/895 907/720/895
f 522/722/896 525/570/896 530/635/896
f 2020/723/897 2022/724/897 2021/725/897
f 2420/726/898 2419/642/898 2414/641/898
f 2019/727/899 2021/725/899 2023/728/899
f 908/564/900 911/563/900 918/729/900
f 2019/727/901 2023/728/901 2024/730/901
f 525/570/902 522/722/902 517/650/902
f 2420/726/903 2423/731/903 2419/642/903
f 2420/726/904 2424/732/904 2423/731/904
f 2419/642/905 2423/731/905 2426/643/905
f 2423/731/906 2428/733/906 2426/643/906
f 911/563/907 919/649/907 918/729/907
f 2428/733/908 2431/648/908 2426/643/908
f 2428/733/909 2433/651/909 2431/648/909
f 2428/733/910 2430/734/910 2433/651/910
f 2430/734/911 2436/735/911 2433/651/911
f 2436/735/912 2452/736/912 2433/651/912
f 2433/651/913 2452/736/913 2451/653/913
f 3870/737/914 3871/738/914 3872/739/914
f 2436/735/915 2459/740/915 2452/736/915
f 3873/741/916 3872/739/916 3871/738/916
f 520/742/917 526/656/917 521/654/917
f 520/742/918 519/658/918 526/656/918
f 923/572/919 925/743/919 924/744/919
f 922/655/920 923/572/920 924/744/920
f 928/574/921 927/745/921 923/572/921
f 524/746/922 527/657/922 519/658/922
f 928/574/923 1254/659/923 929/747/923
f 524/746/924 532/576/924 527/657/924
f 1254/659/925 1266/660/925 929/747/925
f 549/578/926 572/748/926 574/663/926
f 1226/577/927 1262/749/927 1263/662/927
f 1230/665/928 1262/749/928 1226/577/928
f 572/748/929 575/750/929 574/663/929
f 574/663/930 575/750/930 576/667/930
f 1230/665/931 1261/751/931 1262/749/931
f 1230/665/932 1250/752/932 1261/751/932
f 575/750/933 578/670/933 576/667/933
f 1214/671/934 1250/752/934 1230/665/934
f 575/750/935 579/753/935 578/670/935
f 1127/754/936 1107/587/936 1114/672/936
f 1127/754/937 1126/755/937 1107/587/937
f 1214/671/938 1252/756/938 1251/757/938
f 1214/671/939 1251/757/939 1250/752/939
f 1107/587/940 1126/755/940 1109/673/940
f 1109/673/941 1110/758/941 1092/674/941
f 1109/673/942 1125/759/942 1110/758/942
f 1092/674/943 1110/758/943 1093/760/943
f 1212/591/944 1253/761/944 1252/756/944
f 1212/591/945 1215/676/945 1253/761/945
f 1092/674/946 1093/760/946 1086/675/946
f 1093/760/947 1085/762/947 1086/675/947
f 1215/676/948 1245/763/948 1253/761/948
f 1085/762/949 1083/677/949 1086/675/949
f 1093/760/950 1087/764/950 1085/762/950
f 1085/762/951 1082/765/951 1083/677/951
f 1052/679/952 1245/763/952 1215/676/952
f 1112/766/953 1087/764/953 1093/760/953
f 1087/764/954 1082/765/954 1085/762/954
f 1079/767/955 1070/681/955 1080/680/955
f 1083/677/956 1079/767/956 1080/680/956
f 1082/765/957 1079/767/957 1083/677/957
f 1082/765/958 1087/764/958 1084/768/958
f 1079/767/959 1071/769/959 1070/681/959
f 1051/682/960 1050/770/960 1052/679/960
f 1052/679/961 1050/770/961 1247/771/961
f 1084/768/962 1076/772/962 1082/765/962
f 1082/765/963 1076/772/963 1079/767/963
f 1070/681/964 1047/773/964 1051/682/964
f 1079/767/965 1076/772/965 1071/769/965
f 1247/771/966 1246/774/966 1052/679/966
f 1047/773/967 1050/770/967 1051/682/967
f 1071/769/968 1047/773/968 1070/681/968
f 1439/775/969 1440/776/969 1442/777/969
f 1604/685/970 1599/684/970 1607/778/970
f 602/779/971 335/597/971 603/780/971
f 603/780/972 335/597/972 605/781/972
f 1599/684/973 1601/687/973 1605/782/973
f 1607/778/974 1599/684/974 1605/782/974
f 302/783/975 303/601/975 602/779/975
f 302/783/976 296/784/976 290/785/976
f 602/779/977 303/601/977 335/597/977
f 1614/688/978 1615/786/978 1606/787/978
f 1601/687/979 1614/688/979 1606/787/979
f 302/783/980 301/788/980 303/601/980
f 302/783/981 290/785/981 301/788/981
f 1614/688/982 1629/789/982 1615/786/982
f 301/788/983 304/603/983 303/601/983
f 1614/688/984 1627/689/984 1628/790/984
f 1614/688/985 1628/790/985 1629/789/985
f 301/788/986 297/791/986 304/603/986
f 305/693/987 306/605/987 304/603/987
f 304/603/988 297/791/988 305/693/988
f 1623/690/989 1626/792/989 1627/689/989
f 1627/689/990 1626/792/990 1628/790/990
f 1630/793/991 1631/794/991 1628/790/991
f 1626/792/992 1630/793/992 1628/790/992
f 297/791/993 298/795/993 305/693/993
f 1637/691/994 1635/796/994 1624/692/994
f 1624/692/995 1635/796/995 1625/797/995
f 1624/692/996 1625/797/996 1623/690/996
f 1623/690/997 1625/797/997 1626/792/997
f 1625/797/998 1630/793/998 1626/792/998
f 305/693/999 308/798/999 307/606/999
f 298/795/1000 299/799/1000 308/798/1000
f 305/693/1001 298/795/1001 308/798/1001
f 307/606/1002 308/798/1002 319/800/1002
f 308/798/1003 299/799/1003 300/801/1003
f 308/798/1004 300/801/1004 319/800/1004
f 1641/607/1005 1640/802/1005 1638/608/1005
f 1640/802/1006 1639/803/1006 1637/691/1006
f 1638/608/1007 1640/802/1007 1637/691/1007
f 3942/804/1008 3945/695/1008 3943/805/1008
f 3943/805/1009 3945/695/1009 3946/806/1009
f 3945/695/1010 4078/696/1010 3946/806/1010
f 4245/807/1011 4246/808/1011 4247/809/1011
f 3942/804/1012 3947/694/1012 3945/695/1012
f 4078/696/1013 3954/699/1013 3982/810/1013
f 3982/810/1014 3954/699/1014 3958/811/1014
f 691/697/1015 689/612/1015 692/812/1015
f 693/813/1016 690/698/1016 691/697/1016
f 693/813/1017 688/700/1017 690/698/1017
f 3956/613/1018 3981/702/1018 3957/814/1018
f 3981/702/1019 3983/701/1019 4002/703/1019
f 688/700/1020 681/618/1020 682/616/1020
f 687/706/1021 681/618/1021 688/700/1021
f 685/815/1022 680/619/1022 687/706/1022
f 685/815/1023 684/816/1023 680/619/1023
f 877/709/1024 875/710/1024 905/817/1024
f 684/816/1025 568/623/1025 680/619/1025
f 905/817/1026 875/710/1026 904/818/1026
f 684/816/1027 559/819/1027 568/623/1027
f 875/710/1028 878/711/1028 904/818/1028
f 904/818/1029 878/711/1029 897/820/1029
f 559/819/1030 565/712/1030 568/623/1030
f 559/819/1031 556/821/1031 564/713/1031
f 559/819/1031 564/713/1031 565/712/1031
f 878/711/1032 882/822/1032 897/820/1032
f 878/711/1033 880/626/1033 882/822/1033
f 880/626/1034 883/628/1034 882/822/1034
f 882/822/1035 883/628/1035 887/823/1035
f 554/715/1036 563/714/1036 564/713/1036
f 883/628/1037 885/629/1037 887/823/1037
f 885/629/1038 893/824/1038 887/823/1038
f 885/629/1039 891/716/1039 893/824/1039
f 553/717/1040 550/825/1040 552/630/1040
f 891/716/1041 894/718/1041 893/824/1041
f 894/718/1042 902/826/1042 893/824/1042
f 550/825/1043 537/631/1043 552/630/1043
f 894/718/1044 898/634/1044 902/826/1044
f 534/719/1045 530/635/1045 535/632/1045
f 534/719/1046 408/827/1046 530/635/1046
f 408/827/1047 522/722/1047 530/635/1047
f 3886/828/1048 3885/829/1048 3884/830/1048
f 3884/830/1049 3883/831/1049 3881/832/1049
f 3881/832/1050 3875/833/1050 3880/834/1050
f 522/722/1051 515/835/1051 517/650/1051
f 3880/834/1052 3875/833/1052 3879/836/1052
f 2424/732/1053 2446/837/1053 2423/731/1053
f 2424/732/1054 2455/838/1054 2446/837/1054
f 2446/837/1055 2455/838/1055 2443/839/1055
f 933/840/1056 944/841/1056 919/649/1056
f 2446/837/1057 2443/839/1057 2429/842/1057
f 2429/842/1058 2428/733/1058 2423/731/1058
f 2446/837/1059 2429/842/1059 2423/731/1059
f 2429/842/1060 2430/734/1060 2428/733/1060
f 517/650/1061 516/843/1061 521/654/1061
f 2430/734/1062 2437/844/1062 2436/735/1062
f 1524/845/1063 1521/846/1063 1506/847/1063
f 2437/844/1064 2444/848/1064 2436/735/1064
f 2444/848/1065 2465/849/1065 2459/740/1065
f 2436/735/1066 2444/848/1066 2459/740/1066
f 923/572/1067 926/850/1067 925/743/1067
f 923/572/1068 927/745/1068 926/850/1068
f 523/851/1069 524/746/1069 519/658/1069
f 929/747/1070 1266/660/1070 931/852/1070
f 524/746/1071 531/853/1071 532/576/1071
f 1266/660/1072 1264/661/1072 931/852/1072
f 531/853/1073 549/578/1073 532/576/1073
f 1264/661/1074 1271/854/1074 931/852/1074
f 531/853/1075 572/748/1075 549/578/1075
f 1264/661/1076 1262/749/1076 1272/855/1076
f 1264/661/1077 1272/855/1077 1271/854/1077
f 1250/752/1078 1265/856/1078 1261/751/1078
f 1250/752/1079 1251/757/1079 1265/856/1079
f 575/750/1080 580/857/1080 579/753/1080
f 1127/754/1081 1137/858/1081 1126/755/1081
f 1137/858/1082 1133/859/1082 1126/755/1082
f 1126/755/1083 1133/859/1083 1125/759/1083
f 1126/755/1084 1125/759/1084 1109/673/1084
f 1252/756/1085 1253/761/1085 1267/860/1085
f 1133/859/1086 1134/861/1086 1125/759/1086
f 1253/761/1087 1268/862/1087 1267/860/1087
f 1125/759/1088 1111/863/1088 1110/758/1088
f 1111/863/1089 1093/760/1089 1110/758/1089
f 1111/863/1090 1112/766/1090 1093/760/1090
f 1969/864/1091 1914/865/1091 1913/866/1091
f 1113/867/1092 1112/766/1092 1111/863/1092
f 1113/867/1093 1129/868/1093 1112/766/1093
f 1112/766/1094 1129/868/1094 1087/764/1094
f 1087/764/1095 1129/868/1095 1128/869/1095
f 1087/764/1096 1128/869/1096 1084/768/1096
f 1245/763/1097 1246/774/1097 1269/870/1097
f 1246/774/1098 1270/871/1098 1269/870/1098
f 1113/867/1099 1130/872/1099 1129/868/1099
f 1130/872/1100 1128/869/1100 1129/868/1100
f 1077/873/1101 1076/772/1101 1084/768/1101
f 1130/872/1102 1165/874/1102 1128/869/1102
f 1128/869/1103 1165/874/1103 1140/875/1103
f 1128/869/1104 1140/875/1104 1084/768/1104
f 1084/768/1105 1140/875/1105 1077/873/1105
f 1076/772/1106 1044/876/1106 1071/769/1106
f 597/877/1107 291/878/1107 601/879/1107
f 1165/874/1108 1193/880/1108 1140/875/1108
f 1140/875/1109 1193/880/1109 1192/881/1109
f 1140/875/1110 1192/881/1110 1077/873/1110
f 1192/881/1111 1191/882/1111 1077/873/1111
f 1077/873/1112 1191/882/1112 1187/883/1112
f 1050/770/1113 1248/884/1113 1247/771/1113
f 1247/771/1114 1248/884/1114 1246/774/1114
f 291/878/1115 296/784/1115 602/779/1115
f 291/878/1116 602/779/1116 601/879/1116
f 601/879/1117 602/779/1117 603/780/1117
f 1448/885/1118 1447/886/1118 1446/887/1118
f 1187/883/1119 1186/888/1119 1077/873/1119
f 1077/873/1120 1186/888/1120 1045/889/1120
f 1077/873/1121 1045/889/1121 1076/772/1121
f 1076/772/1122 1045/889/1122 1044/876/1122
f 1050/770/1123 1049/890/1123 1248/884/1123
f 1186/888/1124 1184/891/1124 1045/889/1124
f 1184/891/1125 1039/892/1125 1045/889/1125
f 1044/876/1126 1040/893/1126 1071/769/1126
f 1071/769/1127 1040/893/1127 1047/773/1127
f 1047/773/1128 1040/893/1128 1046/894/1128
f 1050/770/1129 1047/773/1129 1049/890/1129
f 1184/891/1130 1204/895/1130 1039/892/1130
f 1039/892/1131 1038/896/1131 1045/889/1131
f 1045/889/1132 1038/896/1132 1044/876/1132
f 1046/894/1133 1048/897/1133 1047/773/1133
f 1047/773/1134 1048/897/1134 1049/890/1134
f 1038/896/1135 1040/893/1135 1044/876/1135
f 290/785/1136 273/898/1136 301/788/1136
f 1615/786/1137 1631/794/1137 1633/899/1137
f 1038/896/1138 1037/900/1138 1040/893/1138
f 301/788/1139 273/898/1139 297/791/1139
f 1631/794/1140 1632/901/1140 1633/899/1140
f 1039/892/1141 1036/902/1141 1038/896/1141
f 1038/896/1142 1036/902/1142 1037/900/1142
f 1625/797/1143 1634/903/1143 1630/793/1143
f 299/799/1144 275/904/1144 300/801/1144
f 300/801/1145 275/904/1145 287/905/1145
f 300/801/1146 287/905/1146 319/800/1146
f 1640/802/1147 1642/906/1147 1639/803/1147
f 1639/803/1148 1636/907/1148 1635/796/1148
f 1639/803/1149 1642/906/1149 1636/907/1149
f 1635/796/1150 1636/907/1150 1634/903/1150
f 1635/796/1151 1634/903/1151 1625/797/1151
f 3941/908/1152 3942/804/1152 3939/909/1152
f 3942/804/1153 3943/805/1153 3939/909/1153
f 3939/909/1154 3943/805/1154 3944/910/1154
f 3948/911/1155 3942/804/1155 3941/908/1155
f 4248/912/1156 4245/807/1156 4247/809/1156
f 3944/910/1157 3943/805/1157 3946/806/1157
f 695/913/1158 692/812/1158 696/914/1158
f 3948/911/1159 3947/694/1159 3942/804/1159
f 3982/810/1160 3958/811/1160 3962/915/1160
f 695/913/1161 691/697/1161 692/812/1161
f 695/913/1162 711/916/1162 693/813/1162
f 695/913/1163 693/813/1163 691/697/1163
f 3958/811/1164 3957/814/1164 3959/917/1164
f 3959/917/1165 3957/814/1165 4000/918/1165
f 698/919/1166 688/700/1166 693/813/1166
f 3957/814/1167 3981/702/1167 4000/918/1167
f 4238/920/1168 4235/921/1168 4237/922/1168
f 698/919/1169 697/923/1169 688/700/1169
f 4235/921/1170 4236/924/1170 4237/922/1170
f 3978/925/1171 4002/703/1171 3975/926/1171
f 697/923/1172 687/706/1172 688/700/1172
f 4002/703/1173 4204/704/1173 3975/926/1173
f 4204/704/1174 4205/927/1174 3975/926/1174
f 697/923/1175 699/928/1175 685/815/1175
f 4204/704/1176 4206/929/1176 4205/927/1176
f 685/815/1177 687/706/1177 697/923/1177
f 877/709/1178 905/817/1178 955/930/1178
f 887/823/1179 949/931/1179 906/932/1179
f 882/822/1180 887/823/1180 906/932/1180
f 556/821/1181 554/715/1181 564/713/1181
f 556/821/1182 542/933/1182 554/715/1182
f 542/933/1183 553/717/1183 554/715/1183
f 949/931/1184 887/823/1184 915/934/1184
f 539/935/1185 550/825/1185 553/717/1185
f 542/933/1186 539/935/1186 553/717/1186
f 539/935/1187 537/631/1187 550/825/1187
f 539/935/1188 536/936/1188 537/631/1188
f 536/936/1189 534/719/1189 537/631/1189
f 898/634/1190 914/937/1190 902/826/1190
f 536/936/1191 409/938/1191 534/719/1191
f 409/938/1192 408/827/1192 534/719/1192
f 899/633/1193 903/636/1193 917/939/1193
f 903/636/1194 907/720/1194 917/939/1194
f 408/827/1195 515/835/1195 522/722/1195
f 907/720/1196 910/721/1196 941/940/1196
f 1525/941/1197 1453/942/1197 1514/943/1197
f 910/721/1198 918/729/1198 942/944/1198
f 910/721/1199 942/944/1199 941/940/1199
f 3875/833/1200 3874/945/1200 3879/836/1200
f 918/729/1201 919/649/1201 942/944/1201
f 2460/946/1202 2443/839/1202 2455/838/1202
f 2443/839/1203 2460/946/1203 2453/947/1203
f 919/649/1204 944/841/1204 942/944/1204
f 2443/839/1205 2441/948/1205 2429/842/1205
f 2443/839/1206 2453/947/1206 2441/948/1206
f 515/835/1207 516/843/1207 517/650/1207
f 2441/948/1208 2438/949/1208 2430/734/1208
f 2441/948/1209 2430/734/1209 2429/842/1209
f 2438/949/1210 2437/844/1210 2430/734/1210
f 2438/949/1211 2439/950/1211 2437/844/1211
f 516/843/1212 520/742/1212 521/654/1212
f 925/743/1213 934/951/1213 940/952/1213
f 2439/950/1214 2440/953/1214 2437/844/1214
f 516/843/1215 518/954/1215 520/742/1215
f 2440/953/1216 2444/848/1216 2437/844/1216
f 925/743/1217 926/850/1217 934/951/1217
f 2440/953/1218 2449/955/1218 2444/848/1218
f 2444/848/1219 2449/955/1219 2461/956/1219
f 518/954/1220 519/658/1220 520/742/1220
f 927/745/1221 932/957/1221 926/850/1221
f 518/954/1222 523/851/1222 519/658/1222
f 927/745/1223 930/958/1223 943/959/1223
f 523/851/1224 531/853/1224 524/746/1224
f 531/853/1225 584/960/1225 572/748/1225
f 584/960/1226 583/961/1226 572/748/1226
f 583/961/1227 582/962/1227 572/748/1227
f 572/748/1228 582/962/1228 575/750/1228
f 582/962/1229 580/857/1229 575/750/1229
f 582/962/1230 590/963/1230 580/857/1230
f 590/963/1231 591/964/1231 580/857/1231
f 580/857/1232 591/964/1232 599/965/1232
f 599/965/1233 591/964/1233 593/966/1233
f 1134/861/1234 1111/863/1234 1125/759/1234
f 594/967/1235 595/968/1235 593/966/1235
f 1134/861/1236 1113/867/1236 1111/863/1236
f 594/967/1237 596/969/1237 595/968/1237
f 596/969/1238 597/877/1238 595/968/1238
f 596/969/1239 598/970/1239 597/877/1239
f 598/970/1240 291/878/1240 597/877/1240
f 598/970/1241 281/971/1241 291/878/1241
f 281/971/1242 290/785/1242 291/878/1242
f 291/878/1243 290/785/1243 296/784/1243
f 1049/890/1244 1249/972/1244 1248/884/1244
f 1248/884/1245 1249/972/1245 1274/973/1245
f 290/785/1246 281/971/1246 273/898/1246
f 1049/890/1247 1054/974/1247 1249/972/1247
f 1040/893/1248 1041/975/1248 1046/894/1248
f 1049/890/1249 1048/897/1249 1054/974/1249
f 273/898/1250 274/976/1250 297/791/1250
f 1037/900/1251 1041/975/1251 1040/893/1251
f 1046/894/1252 1041/975/1252 1063/977/1252
f 1046/894/1253 1061/978/1253 1048/897/1253
f 297/791/1254 274/976/1254 298/795/1254
f 1063/977/1255 1062/979/1255 1046/894/1255
f 1046/894/1256 1062/979/1256 1061/978/1256
f 274/976/1257 299/799/1257 298/795/1257
f 274/976/1258 275/904/1258 299/799/1258
f 1035/980/1259 1027/981/1259 1036/902/1259
f 1036/902/1260 1029/982/1260 1037/900/1260
f 1029/982/1261 1041/975/1261 1037/900/1261
f 1041/975/1262 1078/983/1262 1063/977/1262
f 1048/897/1263 1061/978/1263 1054/974/1263
f 1033/984/1264 1031/985/1264 1035/980/1264
f 1035/980/1265 1031/985/1265 1027/981/1265
f 1036/902/1266 1027/981/1266 1029/982/1266
f 275/904/1267 276/986/1267 286/987/1267
f 275/904/1268 286/987/1268 287/905/1268
f 1033/984/1269 1032/988/1269 1031/985/1269
f 287/905/1270 286/987/1270 288/989/1270
f 1167/990/1271 1030/991/1271 1032/988/1271
f 1190/992/1272 1167/990/1272 1032/988/1272
f 1032/988/1273 1030/991/1273 1031/985/1273
f 1031/985/1274 1030/991/1274 1027/981/1274
f 3936/993/1275 3938/994/1275 3939/909/1275
f 3936/993/1276 3939/909/1276 4006/995/1276
f 705/996/1277 707/997/1277 706/998/1277
f 3938/994/1278 3940/999/1278 3939/909/1278
f 4080/1000/1279 4006/995/1279 4081/1001/1279
f 4006/995/1280 4088/1002/1280 4081/1001/1280
f 3939/909/1281 3944/910/1281 4006/995/1281
f 4006/995/1282 3944/910/1282 4088/1002/1282
f 706/998/1283 703/1003/1283 705/996/1283
f 4244/1004/1284 4240/1005/1284 4242/1006/1284
f 703/1003/1285 696/914/1285 704/1007/1285
f 703/1003/1286 704/1007/1286 705/996/1286
f 3941/908/1287 3939/909/1287 3940/999/1287
f 702/1008/1288 696/914/1288 703/1003/1288
f 4088/1002/1289 3962/915/1289 3963/1009/1289
f 702/1008/1290 695/913/1290 696/914/1290
f 3963/1009/1291 3962/915/1291 3960/1010/1291
f 711/916/1292 695/913/1292 702/1008/1292
f 3962/915/1293 3958/811/1293 3960/1010/1293
f 3958/811/1294 3959/917/1294 3960/1010/1294
f 3960/1010/1295 3959/917/1295 3961/1011/1295
f 711/916/1296 381/1012/1296 390/1013/1296
f 390/1013/1297 693/813/1297 711/916/1297
f 3959/917/1298 4000/918/1298 3961/1011/1298
f 3961/1011/1299 4000/918/1299 3966/1014/1299
f 390/1013/1300 698/919/1300 693/813/1300
f 391/1015/1301 698/919/1301 390/1013/1301
f 4000/918/1302 3978/925/1302 3966/1014/1302
f 391/1015/1303 697/923/1303 698/919/1303
f 712/1016/1304 697/923/1304 391/1015/1304
f 712/1016/1305 699/928/1305 697/923/1305
f 701/1017/1306 700/1018/1306 685/815/1306
f 701/1017/1307 685/815/1307 699/928/1307
f 955/930/1308 957/1019/1308 959/1020/1308
f 700/1018/1309 694/1021/1309 685/815/1309
f 694/1021/1310 684/816/1310 685/815/1310
f 558/1022/1311 559/819/1311 694/1021/1311
f 694/1021/1312 559/819/1312 684/816/1312
f 558/1022/1313 556/821/1313 559/819/1313
f 557/1023/1314 555/1024/1314 556/821/1314
f 555/1024/1315 542/933/1315 556/821/1315
f 541/1025/1316 542/933/1316 555/1024/1316
f 949/931/1317 915/934/1317 950/1026/1317
f 541/1025/1318 539/935/1318 542/933/1318
f 539/935/1319 538/1027/1319 536/936/1319
f 916/1028/1320 902/826/1320 914/937/1320
f 538/1027/1321 406/1029/1321 536/936/1321
f 406/1029/1322 409/938/1322 536/936/1322
f 406/1029/1323 408/827/1323 409/938/1323
f 1853/1030/1324 1851/1031/1324 1852/1032/1324
f 408/827/1325 407/1033/1325 512/1034/1325
f 512/1034/1326 515/835/1326 408/827/1326
f 1851/1031/1327 1849/1035/1327 1852/1032/1327
f 1850/1036/1328 1844/1037/1328 1848/1038/1328
f 1466/1039/1329 1469/1040/1329 1504/1041/1329
f 1513/1042/1330 1466/1039/1330 1504/1041/1330
f 515/835/1331 512/1034/1331 514/1043/1331
f 942/944/1332 945/1044/1332 946/1045/1332
f 2464/1046/1333 2453/947/1333 2460/946/1333
f 2448/1047/1334 2441/948/1334 2453/947/1334
f 944/841/1335 939/1048/1335 942/944/1335
f 942/944/1336 939/1048/1336 945/1044/1336
f 514/1043/1337 516/843/1337 515/835/1337
f 944/841/1338 938/1049/1338 939/1048/1338
f 2450/1050/1339 2438/949/1339 2448/1047/1339
f 2448/1047/1340 2438/949/1340 2441/948/1340
f 939/1048/1341 938/1049/1341 937/1051/1341
f 2450/1050/1342 2439/950/1342 2438/949/1342
f 938/1049/1343 934/951/1343 937/1051/1343
f 514/1043/1344 518/954/1344 516/843/1344
f 934/951/1345 935/1052/1345 937/1051/1345
f 1519/1053/1346 1503/1054/1346 1512/1055/1346
f 926/850/1347 936/1056/1347 935/1052/1347
f 934/951/1348 926/850/1348 935/1052/1348
f 936/1056/1349 948/1057/1349 975/1058/1349
f 518/954/1350 498/1059/1350 523/851/1350
f 1881/1060/1351 1877/1061/1351 1884/1062/1351
f 586/1063/1352 585/1064/1352 523/851/1352
f 586/1063/1353 503/1065/1353 585/1064/1353
f 585/1064/1354 531/853/1354 523/851/1354
f 503/1065/1355 470/1066/1355 585/1064/1355
f 585/1064/1356 470/1066/1356 584/960/1356
f 585/1064/1357 584/960/1357 531/853/1357
f 584/960/1358 465/1067/1358 589/1068/1358
f 589/1068/1359 583/961/1359 584/960/1359
f 583/961/1360 589/1068/1360 582/962/1360
f 590/963/1361 592/1069/1361 591/964/1361
f 592/1069/1362 283/1070/1362 591/964/1362
f 591/964/1363 283/1070/1363 593/966/1363
f 283/1070/1364 594/967/1364 593/966/1364
f 283/1070/1365 280/1071/1365 594/967/1365
f 280/1071/1366 278/1072/1366 594/967/1366
f 594/967/1367 278/1072/1367 596/969/1367
f 278/1072/1368 598/970/1368 596/969/1368
f 280/1071/1369 279/1073/1369 278/1072/1369
f 278/1072/1370 281/971/1370 598/970/1370
f 278/1072/1371 271/1074/1371 281/971/1371
f 281/971/1372 271/1074/1372 273/898/1372
f 1054/974/1373 1255/1075/1373 1249/972/1373
f 1249/972/1374 1255/1075/1374 1275/1076/1374
f 1970/1077/1375 1936/1078/1375 1932/1079/1375
f 273/898/1376 271/1074/1376 270/1080/1376
f 270/1080/1377 274/976/1377 273/898/1377
f 1054/974/1378 1256/1081/1378 1255/1075/1378
f 1256/1081/1379 1258/1082/1379 1255/1075/1379
f 1255/1075/1380 1258/1082/1380 1275/1076/1380
f 274/976/1381 270/1080/1381 275/904/1381
f 1061/978/1382 1065/1083/1382 1054/974/1382
f 1054/974/1383 1065/1083/1383 1256/1081/1383
f 270/1080/1384 276/986/1384 275/904/1384
f 1029/982/1385 1042/1084/1385 1041/975/1385
f 1041/975/1386 1042/1084/1386 1078/983/1386
f 1078/983/1387 1042/1084/1387 1064/1085/1387
f 1078/983/1388 1064/1085/1388 1063/977/1388
f 1063/977/1389 1064/1085/1389 1062/979/1389
f 1027/981/1390 1028/1086/1390 1029/982/1390
f 1029/982/1391 1028/1086/1391 1034/1087/1391
f 1029/982/1392 1034/1087/1392 1043/1088/1392
f 1029/982/1393 1043/1088/1393 1042/1084/1393
f 1043/1088/1394 1188/1089/1394 1042/1084/1394
f 1042/1084/1395 1088/1090/1395 1064/1085/1395
f 1065/1083/1396 1067/1091/1396 1256/1081/1396
f 270/1080/1397 268/1092/1397 272/1093/1397
f 276/986/1398 270/1080/1398 272/1093/1398
f 276/986/1399 272/1093/1399 286/987/1399
f 1030/991/1400 1024/1094/1400 1027/981/1400
f 1024/1094/1401 1026/1095/1401 1027/981/1401
f 1027/981/1402 1026/1095/1402 1028/1086/1402
f 1188/1089/1403 1189/1096/1403 1042/1084/1403
f 1531/1097/1404 1535/1098/1404 1542/1099/1404
f 1042/1084/1405 1189/1096/1405 1088/1090/1405
f 1062/979/1406 1064/1085/1406 1061/978/1406
f 1061/978/1407 1064/1085/1407 1065/1083/1407
f 1067/1091/1408 1257/1100/1408 1256/1081/1408
f 1256/1081/1409 1257/1100/1409 1258/1082/1409
f 272/1093/1410 277/1101/1410 286/987/1410
f 1181/1102/1411 1168/1103/1411 1167/990/1411
f 1167/990/1412 1168/1103/1412 1030/991/1412
f 1030/991/1413 1168/1103/1413 1024/1094/1413
f 1189/1096/1414 1195/1104/1414 1088/1090/1414
f 1064/1085/1415 1066/1105/1415 1065/1083/1415
f 1065/1083/1416 1066/1105/1416 1067/1091/1416
f 1181/1102/1417 1180/1106/1417 1168/1103/1417
f 1195/1104/1418 1141/1107/1418 1088/1090/1418
f 1141/1107/1419 1073/1108/1419 1064/1085/1419
f 1088/1090/1420 1141/1107/1420 1064/1085/1420
f 1064/1085/1421 1073/1108/1421 1066/1105/1421
f 1067/1091/1422 1177/1109/1422 1257/1100/1422
f 1180/1106/1423 1170/1110/1423 1168/1103/1423
f 1170/1110/1424 1169/1111/1424 1168/1103/1424
f 1168/1103/1425 1169/1111/1425 1024/1094/1425
f 1141/1107/1426 1132/1112/1426 1073/1108/1426
f 1066/1105/1427 1177/1109/1427 1067/1091/1427
f 1073/1108/1428 1132/1112/1428 1074/1113/1428
f 1073/1108/1429 1074/1113/1429 1066/1105/1429
f 1066/1105/1430 1074/1113/1430 1177/1109/1430
f 3935/1114/1431 4003/1115/1431 3937/1116/1431
f 3935/1114/1432 3937/1116/1432 3936/993/1432
f 3935/1114/1433 3936/993/1433 3933/1117/1433
f 3933/1117/1434 4006/995/1434 3931/1118/1434
f 708/1119/1435 707/997/1435 709/1120/1435
f 3933/1117/1436 3936/993/1436 4006/995/1436
f 4006/995/1437 4080/1000/1437 3929/1121/1437
f 3931/1118/1438 4006/995/1438 3929/1121/1438
f 3938/994/1439 3936/993/1439 3937/1116/1439
f 432/1122/1440 706/998/1440 708/1119/1440
f 706/998/1441 707/997/1441 708/1119/1441
f 4080/1000/1442 4081/1001/1442 4093/1123/1442
f 4239/1124/1443 4241/1125/1443 4243/1126/1443
f 4239/1124/1444 4242/1006/1444 4240/1005/1444
f 4239/1124/1445 4240/1005/1445 4241/1125/1445
f 424/1127/1446 710/1128/1446 706/998/1446
f 425/1129/1447 703/1003/1447 710/1128/1447
f 710/1128/1448 703/1003/1448 706/998/1448
f 3963/1009/1449 4004/1130/1449 4143/1131/1449
f 4143/1131/1450 4004/1130/1450 3964/1132/1450
f 364/1133/1451 702/1008/1451 425/1129/1451
f 425/1129/1452 702/1008/1452 703/1003/1452
f 3963/1009/1453 3960/1010/1453 4004/1130/1453
f 4004/1130/1454 3960/1010/1454 3964/1132/1454
f 349/1134/1455 711/916/1455 364/1133/1455
f 364/1133/1456 711/916/1456 702/1008/1456
f 3960/1010/1457 3961/1011/1457 3964/1132/1457
f 3964/1132/1458 3961/1011/1458 3965/1135/1458
f 381/1012/1459 711/916/1459 349/1134/1459
f 382/1136/1460 390/1013/1460 381/1012/1460
f 3965/1135/1461 3966/1014/1461 3967/1137/1461
f 383/1138/1462 366/1139/1462 391/1015/1462
f 383/1138/1463 346/1140/1463 366/1139/1463
f 366/1139/1464 346/1140/1464 340/1141/1464
f 366/1139/1465 712/1016/1465 391/1015/1465
f 3967/1137/1466 3966/1014/1466 3970/1142/1466
f 366/1139/1467 340/1141/1467 336/1143/1467
f 365/1144/1468 712/1016/1468 366/1139/1468
f 365/1144/1469 336/1143/1469 352/1145/1469
f 701/1017/1470 699/928/1470 712/1016/1470
f 365/1144/1471 701/1017/1471 712/1016/1471
f 352/1145/1472 701/1017/1472 365/1144/1472
f 352/1145/1473 384/1146/1473 700/1018/1473
f 352/1145/1474 353/1147/1474 384/1146/1474
f 352/1145/1475 700/1018/1475 701/1017/1475
f 384/1146/1476 353/1147/1476 354/1148/1476
f 384/1146/1477 694/1021/1477 700/1018/1477
f 384/1146/1478 389/1149/1478 694/1021/1478
f 384/1146/1479 357/1150/1479 389/1149/1479
f 957/1019/1480 958/1151/1480 964/1152/1480
f 389/1149/1481 357/1150/1481 360/1153/1481
f 386/1154/1482 558/1022/1482 389/1149/1482
f 386/1154/1483 571/1155/1483 558/1022/1483
f 571/1155/1484 557/1023/1484 558/1022/1484
f 557/1023/1485 556/821/1485 558/1022/1485
f 557/1023/1486 400/1156/1486 555/1024/1486
f 398/1157/1487 541/1025/1487 555/1024/1487
f 400/1156/1488 398/1157/1488 555/1024/1488
f 398/1157/1489 540/1158/1489 541/1025/1489
f 398/1157/1490 402/1159/1490 540/1158/1490
f 540/1158/1491 539/935/1491 541/1025/1491
f 402/1159/1492 538/1027/1492 540/1158/1492
f 402/1159/1493 403/1160/1493 538/1027/1493
f 540/1158/1494 538/1027/1494 539/935/1494
f 403/1160/1495 406/1029/1495 538/1027/1495
f 403/1160/1496 405/1161/1496 406/1029/1496
f 405/1161/1497 407/1033/1497 406/1029/1497
f 406/1029/1498 407/1033/1498 408/827/1498
f 1849/1035/1499 1856/1162/1499 1852/1032/1499
f 407/1033/1500 511/1163/1500 512/1034/1500
f 511/1163/1501 513/1164/1501 512/1034/1501
f 513/1164/1502 514/1043/1502 512/1034/1502
f 945/1044/1503 954/1165/1503 946/1045/1503
f 513/1164/1504 588/1166/1504 514/1043/1504
f 252/1167/1505 254/1168/1505 255/1169/1505
f 588/1166/1506 507/1170/1506 514/1043/1506
f 1963/1171/1507 1873/1172/1507 1962/1173/1507
f 507/1170/1508 587/1174/1508 514/1043/1508
f 514/1043/1509 587/1174/1509 518/954/1509
f 507/1170/1510 498/1059/1510 587/1174/1510
f 587/1174/1511 498/1059/1511 518/954/1511
f 498/1059/1512 497/1175/1512 523/851/1512
f 497/1175/1513 586/1063/1513 523/851/1513
f 497/1175/1514 496/1176/1514 586/1063/1514
f 586/1063/1515 496/1176/1515 503/1065/1515
f 503/1065/1516 502/1177/1516 488/1178/1516
f 488/1178/1517 470/1066/1517 503/1065/1517
f 470/1066/1518 465/1067/1518 584/960/1518
f 470/1066/1519 468/1179/1519 465/1067/1519
f 1900/1180/1520 1895/1181/1520 1896/1182/1520
f 465/1067/1521 464/1183/1521 589/1068/1521
f 464/1183/1522 454/1184/1522 589/1068/1522
f 589/1068/1523 454/1184/1523 582/962/1523
f 454/1184/1524 600/1185/1524 582/962/1524
f 600/1185/1525 590/963/1525 582/962/1525
f 600/1185/1526 447/1186/1526 590/963/1526
f 447/1186/1527 456/1187/1527 590/963/1527
f 456/1187/1528 592/1069/1528 590/963/1528
f 284/1188/1529 283/1070/1529 592/1069/1529
f 456/1187/1530 284/1188/1530 592/1069/1530
f 1914/865/1531 1915/1189/1531 1911/1190/1531
f 284/1188/1532 263/1191/1532 283/1070/1532
f 284/1188/1533 475/1192/1533 263/1191/1533
f 283/1070/1534 263/1191/1534 280/1071/1534
f 261/1193/1535 279/1073/1535 280/1071/1535
f 263/1191/1536 261/1193/1536 280/1071/1536
f 263/1191/1537 262/1194/1537 261/1193/1537
f 261/1193/1538 271/1074/1538 278/1072/1538
f 279/1073/1539 261/1193/1539 278/1072/1539
f 261/1193/1540 259/1195/1540 271/1074/1540
f 259/1195/1541 270/1080/1541 271/1074/1541
f 259/1195/1542 264/1196/1542 270/1080/1542
f 264/1196/1543 266/1197/1543 270/1080/1543
f 270/1080/1544 266/1197/1544 268/1092/1544
f 1527/1198/1545 1529/1199/1545 1531/1097/1545
f 1531/1097/1546 1529/1199/1546 1535/1098/1546
f 1537/1200/1547 1539/1201/1547 1536/1202/1547
f 1537/1200/1548 1536/1202/1548 1533/1203/1548
f 1536/1202/1549 1532/1204/1549 1533/1203/1549
f 1532/1204/1550 1528/1205/1550 1527/1198/1550
f 1533/1203/1551 1532/1204/1551 1527/1198/1551
f 1527/1198/1552 1528/1205/1552 1529/1199/1552
f 1529/1199/1553 1534/1206/1553 1535/1098/1553
f 1535/1098/1554 1534/1206/1554 1542/1099/1554
f 1258/1082/1555 1257/1100/1555 1276/1207/1555
f 1539/1201/1556 1540/1208/1556 1536/1202/1556
f 1541/1209/1557 1536/1202/1557 1540/1208/1557
f 848/1210/1558 862/1211/1558 859/1212/1558
f 859/1212/1559 850/1213/1559 848/1210/1559
f 268/1092/1560 269/1214/1560 272/1093/1560
f 1024/1094/1561 1025/1215/1561 1026/1095/1561
f 1026/1095/1562 1025/1215/1562 1210/1216/1562
f 848/1210/1563 851/1217/1563 862/1211/1563
f 1177/1109/1564 1259/1218/1564 1257/1100/1564
f 1257/1100/1565 1259/1218/1565 1260/1219/1565
f 1257/1100/1566 1260/1219/1566 1276/1207/1566
f 272/1093/1567 269/1214/1567 277/1101/1567
f 1180/1106/1568 1182/1220/1568 1170/1110/1568
f 1169/1111/1569 1185/1221/1569 1024/1094/1569
f 1024/1094/1570 1185/1221/1570 1025/1215/1570
f 1195/1104/1571 1207/1222/1571 1141/1107/1571
f 862/1211/1572 851/1217/1572 861/1223/1572
f 1141/1107/1573 1207/1222/1573 1132/1112/1573
f 269/1214/1574 282/1224/1574 277/1101/1574
f 277/1101/1575 282/1224/1575 285/1225/1575
f 282/1224/1576 294/1226/1576 285/1225/1576
f 1182/1220/1577 1196/1227/1577 1170/1110/1577
f 1170/1110/1578 1196/1227/1578 1194/1228/1578
f 1170/1110/1579 1194/1228/1579 1169/1111/1579
f 1169/1111/1580 1194/1228/1580 1185/1221/1580
f 1185/1221/1581 1194/1228/1581 1203/1229/1581
f 1185/1221/1582 1203/1229/1582 1025/1215/1582
f 1577/1230/1583 1576/1231/1583 1569/1232/1583
f 1207/1222/1584 1202/1233/1584 1132/1112/1584
f 851/1217/1585 849/1234/1585 861/1223/1585
f 861/1223/1586 849/1234/1586 864/1235/1586
f 1132/1112/1587 1202/1233/1587 1074/1113/1587
f 1074/1113/1588 1198/1236/1588 1177/1109/1588
f 1177/1109/1589 1199/1237/1589 1259/1218/1589
f 1202/1233/1590 1201/1238/1590 1074/1113/1590
f 1074/1113/1591 1201/1238/1591 1198/1236/1591
f 1198/1236/1592 1199/1237/1592 1177/1109/1592
f 3533/1239/1593 3475/1240/1593 3534/1241/1593
f 3533/1239/1594 3474/1242/1594 3475/1240/1594
f 3932/1243/1595 3931/1118/1595 3930/1244/1595
f 3930/1244/1596 3931/1118/1596 3929/1121/1596
f 3935/1114/1597 3933/1117/1597 3934/1245/1597
f 3934/1245/1598 3933/1117/1598 3932/1243/1598
f 3932/1243/1599 3933/1117/1599 3931/1118/1599
f 3929/1121/1600 3920/1246/1600 3928/1247/1600
f 3476/1248/1601 3479/1249/1601 3475/1240/1601
f 436/1250/1602 435/1251/1602 434/1252/1602
f 3929/1121/1603 4093/1123/1603 3920/1246/1603
f 3920/1246/1604 4093/1123/1604 3922/1253/1604
f 434/1252/1605 708/1119/1605 436/1250/1605
f 436/1250/1606 708/1119/1606 709/1120/1606
f 434/1252/1607 431/1254/1607 432/1122/1607
f 434/1252/1608 432/1122/1608 708/1119/1608
f 4093/1123/1609 4199/1255/1609 3922/1253/1609
f 4199/1255/1610 4208/1256/1610 3922/1253/1610
f 431/1254/1611 429/1257/1611 427/1258/1611
f 431/1254/1612 427/1258/1612 432/1122/1612
f 4199/1255/1613 4086/1259/1613 4208/1256/1613
f 427/1258/1614 424/1127/1614 432/1122/1614
f 427/1258/1615 422/1260/1615 424/1127/1615
f 4199/1255/1616 4143/1131/1616 4086/1259/1616
f 4086/1259/1617 4143/1131/1617 4083/1261/1617
f 424/1127/1618 420/1262/1618 425/1129/1618
f 4143/1131/1619 3980/1263/1619 4083/1261/1619
f 426/1264/1620 364/1133/1620 425/1129/1620
f 351/1265/1621 349/1134/1621 364/1133/1621
f 3964/1132/1622 3965/1135/1622 3968/1266/1622
f 349/1134/1623 345/1267/1623 381/1012/1623
f 345/1267/1624 382/1136/1624 381/1012/1624
f 345/1267/1625 346/1140/1625 383/1138/1625
f 345/1267/1626 341/1268/1626 346/1140/1626
f 346/1140/1627 341/1268/1627 340/1141/1627
f 353/1147/1628 338/1269/1628 354/1148/1628
f 354/1148/1629 357/1150/1629 384/1146/1629
f 354/1148/1630 356/1270/1630 357/1150/1630
f 357/1150/1631 356/1270/1631 358/1271/1631
f 357/1150/1632 358/1271/1632 359/1272/1632
f 357/1150/1633 359/1272/1633 360/1153/1633
f 360/1153/1634 359/1272/1634 361/1273/1634
f 360/1153/1635 361/1273/1635 386/1154/1635
f 376/1274/1636 361/1273/1636 375/1275/1636
f 377/1276/1637 571/1155/1637 376/1274/1637
f 376/1274/1638 571/1155/1638 386/1154/1638
f 377/1276/1639 388/1277/1639 557/1023/1639
f 377/1276/1640 557/1023/1640 571/1155/1640
f 377/1276/1641 385/1278/1641 388/1277/1641
f 388/1277/1642 399/1279/1642 400/1156/1642
f 388/1277/1643 400/1156/1643 557/1023/1643
f 399/1279/1644 388/1277/1644 394/1280/1644
f 394/1280/1645 397/1281/1645 399/1279/1645
f 397/1281/1646 398/1157/1646 399/1279/1646
f 399/1279/1647 398/1157/1647 400/1156/1647
f 397/1281/1648 401/1282/1648 398/1157/1648
f 1870/1283/1649 1952/1284/1649 1956/1285/1649
f 401/1282/1650 402/1159/1650 398/1157/1650
f 401/1282/1651 404/1286/1651 403/1160/1651
f 401/1282/1652 403/1160/1652 402/1159/1652
f 404/1286/1653 405/1161/1653 403/1160/1653
f 404/1286/1654 411/1287/1654 405/1161/1654
f 405/1161/1655 410/1288/1655 407/1033/1655
f 405/1161/1656 411/1287/1656 410/1288/1656
f 410/1288/1657 511/1163/1657 407/1033/1657
f 410/1288/1658 604/1289/1658 511/1163/1658
f 511/1163/1659 604/1289/1659 513/1164/1659
f 256/1290/1660 250/1291/1660 252/1167/1660
f 1844/1037/1661 1845/1292/1661 1846/1293/1661
f 252/1167/1662 251/1294/1662 254/1168/1662
f 254/1168/1663 251/1294/1663 255/1169/1663
f 508/1295/1664 500/1296/1664 507/1170/1664
f 507/1170/1665 500/1296/1665 498/1059/1665
f 498/1059/1666 494/1297/1666 497/1175/1666
f 494/1297/1667 493/1298/1667 496/1176/1667
f 497/1175/1668 494/1297/1668 496/1176/1668
f 496/1176/1669 489/1299/1669 503/1065/1669
f 503/1065/1670 489/1299/1670 502/1177/1670
f 502/1177/1671 489/1299/1671 488/1178/1671
f 1893/1300/1672 1892/1301/1672 1891/1302/1672
f 488/1178/1673 486/1303/1673 470/1066/1673
f 470/1066/1674 486/1303/1674 468/1179/1674
f 465/1067/1675 461/1304/1675 464/1183/1675
f 464/1183/1676 461/1304/1676 454/1184/1676
f 454/1184/1677 446/1305/1677 600/1185/1677
f 454/1184/1678 453/1306/1678 446/1305/1678
f 446/1305/1679 447/1186/1679 600/1185/1679
f 448/1307/1680 456/1187/1680 447/1186/1680
f 455/1308/1681 284/1188/1681 456/1187/1681
f 448/1307/1682 455/1308/1682 456/1187/1682
f 448/1307/1683 450/1309/1683 455/1308/1683
f 455/1308/1684 474/1310/1684 284/1188/1684
f 474/1310/1685 475/1192/1685 284/1188/1685
f 475/1192/1686 476/1311/1686 263/1191/1686
f 263/1191/1687 476/1311/1687 262/1194/1687
f 262/1194/1688 260/1312/1688 261/1193/1688
f 260/1312/1689 259/1195/1689 261/1193/1689
f 260/1312/1690 257/1313/1690 259/1195/1690
f 257/1313/1691 258/1314/1691 259/1195/1691
f 259/1195/1692 258/1314/1692 264/1196/1692
f 258/1314/1693 265/1315/1693 264/1196/1693
f 258/1314/1694 485/1316/1694 265/1315/1694
f 264/1196/1695 265/1315/1695 266/1197/1695
f 265/1315/1696 267/1317/1696 266/1197/1696
f 267/1317/1697 268/1092/1697 266/1197/1697
f 1528/1205/1698 1530/1318/1698 1529/1199/1698
f 1529/1199/1699 1530/1318/1699 1534/1206/1699
f 265/1315/1700 293/1319/1700 267/1317/1700
f 1541/1209/1701 1538/1320/1701 1536/1202/1701
f 1536/1202/1702 1538/1320/1702 1532/1204/1702
f 850/1213/1703 847/1321/1703 848/1210/1703
f 267/1317/1704 269/1214/1704 268/1092/1704
f 1540/1208/1705 1567/1322/1705 1541/1209/1705
f 1567/1322/1706 1538/1320/1706 1541/1209/1706
f 267/1317/1707 293/1319/1707 269/1214/1707
f 848/1210/1708 842/1323/1708 851/1217/1708
f 848/1210/1709 847/1321/1709 842/1323/1709
f 293/1319/1710 289/1324/1710 269/1214/1710
f 1576/1231/1711 1564/1325/1711 1569/1232/1711
f 269/1214/1712 289/1324/1712 282/1224/1712
f 842/1323/1713 836/1326/1713 851/1217/1713
f 851/1217/1714 836/1326/1714 849/1234/1714
f 289/1324/1715 292/1327/1715 282/1224/1715
f 282/1224/1716 292/1327/1716 294/1226/1716
f 1577/1230/1717 1568/1328/1717 1576/1231/1717
f 1199/1237/1718 1273/1329/1718 1259/1218/1718
f 1259/1218/1719 1273/1329/1719 1260/1219/1719
f 1260/1219/1720 1273/1329/1720 1277/1330/1720
f 292/1327/1721 295/1331/1721 294/1226/1721
f 295/1331/1722 292/1327/1722 320/1332/1722
f 1206/1333/1723 1208/1334/1723 1194/1228/1723
f 1196/1227/1724 1206/1333/1724 1194/1228/1724
f 295/1331/1725 320/1332/1725 324/1335/1725
f 295/1331/1726 324/1335/1726 325/1336/1726
f 324/1335/1727 327/1337/1727 325/1336/1727
f 1194/1228/1728 1208/1334/1728 1203/1229/1728
f 1211/1338/1729 1209/1339/1729 1208/1334/1729
f 1203/1229/1730 1208/1334/1730 1209/1339/1730
f 1421/1340/1731 1424/1341/1731 1428/1342/1731
f 1198/1236/1732 1205/1343/1732 1199/1237/1732
f 1199/1237/1733 1205/1343/1733 1273/1329/1733
f 1421/1340/1734 1423/1344/1734 1424/1341/1734
f 1421/1340/1735 1413/1345/1735 1423/1344/1735
f 1413/1345/1736 1416/1346/1736 1422/1347/1736
f 1423/1344/1737 1413/1345/1737 1422/1347/1737
f 1416/1346/1738 1408/1348/1738 1422/1347/1738
f 4013/1349/1739 3930/1244/1739 4148/1350/1739
f 4148/1350/1740 3930/1244/1740 4005/1351/1740
f 3474/1242/1741 3533/1239/1741 3532/1352/1741
f 4011/1353/1742 3934/1245/1742 4010/1354/1742
f 4007/1355/1743 3930/1244/1743 4013/1349/1743
f 3934/1245/1744 3932/1243/1744 4007/1355/1744
f 4010/1354/1745 3934/1245/1745 4007/1355/1745
f 4007/1355/1746 3932/1243/1746 3930/1244/1746
f 3930/1244/1747 3928/1247/1747 4005/1351/1747
f 3469/1356/1748 3470/1357/1748 3474/1242/1748
f 3930/1244/1749 3929/1121/1749 3928/1247/1749
f 3470/1357/1750 3476/1248/1750 3475/1240/1750
f 3470/1357/1751 3475/1240/1751 3474/1242/1751
f 3928/1247/1752 3915/1358/1752 4005/1351/1752
f 3470/1357/1753 3477/1359/1753 3476/1248/1753
f 3470/1357/1754 3471/1360/1754 3477/1359/1754
f 3477/1359/1755 3478/1361/1755 3476/1248/1755
f 3920/1246/1756 3916/1362/1756 3915/1358/1756
f 435/1251/1757 438/1363/1757 433/1364/1757
f 435/1251/1758 433/1364/1758 434/1252/1758
f 433/1364/1759 431/1254/1759 434/1252/1759
f 433/1364/1760 429/1257/1760 431/1254/1760
f 427/1258/1761 429/1257/1761 422/1260/1761
f 422/1260/1762 420/1262/1762 424/1127/1762
f 420/1262/1763 426/1264/1763 425/1129/1763
f 420/1262/1764 419/1365/1764 426/1264/1764
f 426/1264/1765 419/1365/1765 351/1265/1765
f 351/1265/1766 348/1366/1766 349/1134/1766
f 345/1267/1767 348/1366/1767 347/1367/1767
f 340/1141/1768 339/1368/1768 336/1143/1768
f 336/1143/1769 337/1369/1769 338/1269/1769
f 338/1269/1770 355/1370/1770 354/1148/1770
f 964/1152/1771 966/1371/1771 965/1372/1771
f 375/1275/1772 378/1373/1772 377/1276/1772
f 385/1278/1773 387/1374/1773 388/1277/1773
f 253/1375/1774 237/1376/1774 248/1377/1774
f 246/1378/1775 244/1379/1775 247/1380/1775
f 246/1378/1776 241/1381/1776 244/1379/1776
f 244/1379/1777 241/1381/1777 243/1382/1777
f 243/1382/1778 245/1383/1778 249/1384/1778
f 249/1384/1779 245/1383/1779 250/1291/1779
f 252/1167/1780 250/1291/1780 251/1294/1780
f 508/1295/1781 506/1385/1781 500/1296/1781
f 1879/1386/1782 1878/1387/1782 1877/1061/1782
f 500/1296/1783 494/1297/1783 498/1059/1783
f 493/1298/1784 489/1299/1784 496/1176/1784
f 489/1299/1785 486/1303/1785 488/1178/1785
f 467/1388/1786 461/1304/1786 465/1067/1786
f 468/1179/1787 467/1388/1787 465/1067/1787
f 461/1304/1788 453/1306/1788 454/1184/1788
f 453/1306/1789 452/1389/1789 446/1305/1789
f 445/1390/1790 447/1186/1790 446/1305/1790
f 447/1186/1791 445/1390/1791 448/1307/1791
f 262/1194/1792 476/1311/1792 260/1312/1792
f 257/1313/1793 482/1391/1793 258/1314/1793
f 258/1314/1794 482/1391/1794 485/1316/1794
f 265/1315/1795 310/1392/1795 293/1319/1795
f 1575/1393/1796 1544/1394/1796 1532/1204/1796
f 1538/1320/1797 1575/1393/1797 1532/1204/1797
f 1532/1204/1798 1544/1394/1798 1528/1205/1798
f 850/1213/1799 841/1395/1799 847/1321/1799
f 1567/1322/1800 1563/1396/1800 1538/1320/1800
f 1563/1396/1801 1575/1393/1801 1538/1320/1801
f 847/1321/1802 841/1395/1802 842/1323/1802
f 293/1319/1803 314/1397/1803 289/1324/1803
f 292/1327/1804 322/1398/1804 320/1332/1804
f 836/1326/1805 835/1399/1805 849/1234/1805
f 1595/1400/1806 1574/1401/1806 1568/1328/1806
f 1421/1340/1807 1425/1402/1807 1410/1403/1807
f 1421/1340/1808 1410/1403/1808 1413/1345/1808
f 1413/1345/1809 1410/1403/1809 1406/1404/1809
f 1413/1345/1810 1406/1404/1810 1416/1346/1810
f 1406/1404/1811 1408/1348/1811 1416/1346/1811
f 1408/1348/1812 1415/1405/1812 1426/1406/1812
f 1426/1406/1813 1415/1405/1813 1427/1407/1813
f 4015/1408/1814 4068/1409/1814 4019/1410/1814
f 4018/1411/1815 4015/1408/1815 4019/1410/1815
f 4019/1410/1816 4068/1409/1816 4021/1412/1816
f 4015/1408/1817 4017/1413/1817 4016/1414/1817
f 4068/1409/1818 4094/1415/1818 4021/1412/1818
f 4068/1409/1819 4077/1416/1819 4094/1415/1819
f 4015/1408/1820 4012/1417/1820 4013/1349/1820
f 4015/1408/1821 4013/1349/1821 4068/1409/1821
f 4068/1409/1822 4013/1349/1822 4077/1416/1822
f 4016/1414/1823 4012/1417/1823 4015/1408/1823
f 4077/1416/1824 4194/1418/1824 4094/1415/1824
f 3468/1419/1825 3531/1420/1825 3529/1421/1825
f 4077/1416/1826 4150/1422/1826 4194/1418/1826
f 3468/1419/1827 3473/1423/1827 3531/1420/1827
f 4012/1417/1828 4010/1354/1828 4013/1349/1828
f 4077/1416/1829 4149/1424/1829 4150/1422/1829
f 3459/1425/1830 3463/1426/1830 3468/1419/1830
f 3468/1419/1831 3463/1426/1831 3473/1423/1831
f 4013/1349/1832 4148/1350/1832 4077/1416/1832
f 4077/1416/1833 4148/1350/1833 4149/1424/1833
f 3473/1423/1834 3532/1352/1834 3531/1420/1834
f 4012/1417/1835 4011/1353/1835 4010/1354/1835
f 1661/1427/1836 1660/1428/1836 1657/1429/1836
f 3462/1430/1837 3464/1431/1837 3463/1426/1837
f 4010/1354/1838 4007/1355/1838 4013/1349/1838
f 1661/1427/1839 1662/1432/1839 1660/1428/1839
f 4148/1350/1840 4151/1433/1840 4149/1424/1840
f 1661/1427/1841 1663/1434/1841 1662/1432/1841
f 1662/1432/1842 1663/1434/1842 1664/1435/1842
f 3464/1431/1843 3467/1436/1843 3463/1426/1843
f 3463/1426/1844 3474/1242/1844 3473/1423/1844
f 3473/1423/1845 3474/1242/1845 3532/1352/1845
f 3467/1436/1846 3469/1356/1846 3463/1426/1846
f 3463/1426/1847 3469/1356/1847 3474/1242/1847
f 1663/1434/1848 1665/1437/1848 1664/1435/1848
f 1665/1437/1849 1666/1438/1849 1664/1435/1849
f 1665/1437/1850 1667/1439/1850 1666/1438/1850
f 3467/1436/1851 3470/1357/1851 3469/1356/1851
f 3467/1436/1852 3471/1360/1852 3470/1357/1852
f 3471/1360/1853 3467/1436/1853 3472/1440/1853
f 3913/1441/1854 3912/1442/1854 3910/1443/1854
f 3913/1441/1855 3914/1444/1855 3912/1442/1855
f 438/1363/1856 437/1445/1856 433/1364/1856
f 429/1257/1857 430/1446/1857 422/1260/1857
f 420/1262/1858 418/1447/1858 419/1365/1858
f 2573/1448/1859 2574/1449/1859 2548/1450/1859
f 2548/1450/1860 2546/1451/1860 2521/1452/1860
f 2573/1448/1861 2592/1453/1861 2574/1449/1861
f 2574/1449/1862 2546/1451/1862 2548/1450/1862
f 2667/1454/1863 2659/1455/1863 2592/1453/1863
f 2592/1453/1864 2659/1455/1864 2574/1449/1864
f 2659/1455/1865 2660/1456/1865 2574/1449/1865
f 2521/1452/1866 2517/1457/1866 2520/1458/1866
f 2574/1449/1867 2660/1456/1867 2547/1459/1867
f 2574/1449/1868 2547/1459/1868 2546/1451/1868
f 2547/1459/1869 2523/1460/1869 2546/1451/1869
f 2546/1451/1870 2523/1460/1870 2521/1452/1870
f 2521/1452/1871 2523/1460/1871 2517/1457/1871
f 3984/1461/1872 3973/1462/1872 4147/1463/1872
f 347/1367/1873 344/1464/1873 345/1267/1873
f 4147/1463/1874 3973/1462/1874 3974/1465/1874
f 2535/1466/1875 2523/1460/1875 2547/1459/1875
f 3973/1462/1876 3971/1467/1876 3974/1465/1876
f 2535/1466/1877 2534/1468/1877 2523/1460/1877
f 2523/1460/1878 2534/1468/1878 2522/1469/1878
f 2523/1460/1879 2522/1469/1879 2517/1457/1879
f 341/1268/1880 342/1470/1880 339/1368/1880
f 2517/1457/1881 2522/1469/1881 2518/1471/1881
f 2535/1466/1882 2634/1472/1882 2534/1468/1882
f 2634/1472/1883 2633/1473/1883 2534/1468/1883
f 2534/1468/1884 2527/1474/1884 2522/1469/1884
f 2522/1469/1885 2527/1474/1885 2518/1471/1885
f 2534/1468/1886 2633/1473/1886 2527/1474/1886
f 2527/1474/1887 2524/1475/1887 2518/1471/1887
f 2633/1473/1888 2629/1476/1888 2527/1474/1888
f 2524/1475/1889 2525/1477/1889 2518/1471/1889
f 2518/1471/1890 2525/1477/1890 2526/1478/1890
f 337/1369/1891 362/1479/1891 338/1269/1891
f 362/1479/1892 355/1370/1892 338/1269/1892
f 362/1479/1893 367/1480/1893 355/1370/1893
f 2527/1474/1894 2629/1476/1894 2524/1475/1894
f 2629/1476/1895 2630/1481/1895 2524/1475/1895
f 2525/1477/1896 2533/1482/1896 2526/1478/1896
f 2524/1475/1897 2532/1483/1897 2525/1477/1897
f 356/1270/1898 371/1484/1898 370/1485/1898
f 2630/1481/1899 2606/1486/1899 2532/1483/1899
f 2630/1481/1900 2532/1483/1900 2524/1475/1900
f 2525/1477/1901 2532/1483/1901 2533/1482/1901
f 370/1485/1902 369/1487/1902 356/1270/1902
f 356/1270/1903 369/1487/1903 358/1271/1903
f 2606/1486/1904 2657/1488/1904 2550/1489/1904
f 2606/1486/1905 2550/1489/1905 2532/1483/1905
f 2532/1483/1906 2549/1490/1906 2533/1482/1906
f 358/1271/1907 369/1487/1907 359/1272/1907
f 2550/1489/1908 2549/1490/1908 2532/1483/1908
f 359/1272/1909 369/1487/1909 372/1491/1909
f 372/1491/1910 361/1273/1910 359/1272/1910
f 372/1491/1911 374/1492/1911 361/1273/1911
f 2657/1488/1912 2656/1493/1912 2550/1489/1912
f 2550/1489/1913 2551/1494/1913 2549/1490/1913
f 2551/1494/1914 2579/1495/1914 2549/1490/1914
f 2550/1489/1915 2656/1493/1915 2551/1494/1915
f 374/1492/1916 379/1496/1916 375/1275/1916
f 2656/1493/1917 2658/1497/1917 2551/1494/1917
f 2551/1494/1918 2580/1498/1918 2579/1495/1918
f 375/1275/1919 379/1496/1919 378/1373/1919
f 2658/1497/1920 2669/1499/1920 2580/1498/1920
f 2658/1497/1921 2580/1498/1921 2551/1494/1921
f 378/1373/1922 385/1278/1922 377/1276/1922
f 378/1373/1923 387/1374/1923 385/1278/1923
f 1984/1500/1924 1978/1501/1924 1986/1502/1924
f 387/1374/1925 392/1503/1925 388/1277/1925
f 388/1277/1926 392/1503/1926 394/1280/1926
f 394/1280/1927 392/1503/1927 395/1504/1927
f 237/1376/1928 230/1505/1928 248/1377/1928
f 247/1380/1929 231/1506/1929 246/1378/1929
f 231/1506/1930 223/1507/1930 246/1378/1930
f 223/1507/1931 241/1381/1931 246/1378/1931
f 241/1381/1932 221/1508/1932 243/1382/1932
f 243/1382/1933 221/1508/1933 245/1383/1933
f 245/1383/1934 221/1508/1934 222/1509/1934
f 1857/1510/1935 1862/1511/1935 1856/1162/1935
f 245/1383/1936 222/1509/1936 250/1291/1936
f 232/1512/1937 251/1294/1937 250/1291/1937
f 506/1385/1938 505/1513/1938 500/1296/1938
f 500/1296/1939 501/1514/1939 494/1297/1939
f 494/1297/1940 492/1515/1940 493/1298/1940
f 493/1298/1941 491/1516/1941 489/1299/1941
f 490/1517/1942 487/1518/1942 489/1299/1942
f 489/1299/1943 487/1518/1943 486/1303/1943
f 468/1179/1944 469/1519/1944 467/1388/1944
f 467/1388/1945 466/1520/1945 461/1304/1945
f 461/1304/1946 460/1521/1946 453/1306/1946
f 452/1389/1947 443/1522/1947 446/1305/1947
f 443/1522/1948 445/1390/1948 446/1305/1948
f 1908/1523/1949 1911/1190/1949 1931/1524/1949
f 448/1307/1950 449/1525/1950 450/1309/1950
f 450/1309/1951 458/1526/1951 455/1308/1951
f 455/1308/1952 458/1526/1952 473/1527/1952
f 455/1308/1953 473/1527/1953 474/1310/1953
f 473/1527/1954 475/1192/1954 474/1310/1954
f 473/1527/1955 476/1311/1955 475/1192/1955
f 257/1313/1956 260/1312/1956 482/1391/1956
f 482/1391/1957 310/1392/1957 485/1316/1957
f 485/1316/1958 310/1392/1958 265/1315/1958
f 1544/1394/1959 1543/1528/1959 1528/1205/1959
f 1543/1528/1960 1545/1529/1960 1530/1318/1960
f 1528/1205/1961 1543/1528/1961 1530/1318/1961
f 1545/1529/1962 1550/1530/1962 1534/1206/1962
f 1530/1318/1963 1545/1529/1963 1534/1206/1963
f 1575/1393/1964 1543/1528/1964 1544/1394/1964
f 310/1392/1965 314/1397/1965 293/1319/1965
f 1563/1396/1966 1570/1531/1966 1575/1393/1966
f 841/1395/1967 833/1532/1967 842/1323/1967
f 842/1323/1968 833/1532/1968 836/1326/1968
f 314/1397/1969 318/1533/1969 289/1324/1969
f 833/1532/1970 835/1399/1970 836/1326/1970
f 289/1324/1971 318/1533/1971 292/1327/1971
f 292/1327/1972 318/1533/1972 321/1534/1972
f 292/1327/1973 321/1534/1973 322/1398/1973
f 320/1332/1974 322/1398/1974 326/1535/1974
f 320/1332/1975 326/1535/1975 328/1536/1975
f 320/1332/1976 328/1536/1976 324/1335/1976
f 324/1335/1977 328/1536/1977 334/1537/1977
f 324/1335/1978 334/1537/1978 327/1337/1978
f 1595/1400/1979 1597/1538/1979 1574/1401/1979
f 1574/1401/1980 1572/1539/1980 1568/1328/1980
f 1425/1402/1981 1420/1540/1981 1410/1403/1981
f 1415/1405/1982 1433/1541/1982 1427/1407/1982
f 3526/1542/1983 3511/1543/1983 3525/1544/1983
f 4131/1545/1984 4130/1546/1984 4127/1547/1984
f 4127/1547/1985 4126/1548/1985 4125/1549/1985
f 4253/1550/1986 4254/1551/1986 4255/1552/1986
f 3525/1544/1987 3511/1543/1987 3521/1553/1987
f 4127/1547/1988 4130/1546/1988 4126/1548/1988
f 4126/1548/1989 4124/1554/1989 4125/1549/1989
f 4159/1555/1990 4158/1556/1990 4156/1557/1990
f 4159/1555/1991 4156/1557/1991 4164/1558/1991
f 4159/1555/1992 4164/1558/1992 4162/1559/1992
f 4162/1559/1993 4164/1558/1993 4189/1560/1993
f 3511/1543/1994 3507/1561/1994 3521/1553/1994
f 4130/1546/1995 4132/1562/1995 4126/1548/1995
f 4125/1549/1996 4124/1554/1996 4123/1563/1996
f 4158/1556/1997 4154/1564/1997 4156/1557/1997
f 4164/1558/1998 4166/1565/1998 4189/1560/1998
f 3511/1543/1999 3543/1566/1999 3509/1567/1999
f 3511/1543/2000 3509/1567/2000 3507/1561/2000
f 4130/1546/2001 4134/1568/2001 4132/1562/2001
f 4134/1568/2002 4133/1569/2002 4132/1562/2002
f 4132/1562/2003 4133/1569/2003 4126/1548/2003
f 4126/1548/2004 4133/1569/2004 4142/1570/2004
f 4126/1548/2005 4142/1570/2005 4124/1554/2005
f 4124/1554/2006 4111/1571/2006 4123/1563/2006
f 4191/1572/2007 4154/1564/2007 4158/1556/2007
f 4154/1564/2008 4155/1573/2008 4156/1557/2008
f 4156/1557/2009 4155/1573/2009 4157/1574/2009
f 4156/1557/2010 4157/1574/2010 4164/1558/2010
f 4164/1558/2011 4165/1575/2011 4166/1565/2011
f 4142/1570/2012 4111/1571/2012 4124/1554/2012
f 4123/1563/2013 4111/1571/2013 4115/1576/2013
f 4164/1558/2014 4157/1574/2014 4165/1575/2014
f 3509/1567/2015 3508/1577/2015 3507/1561/2015
f 4134/1568/2016 4144/1578/2016 4133/1569/2016
f 4133/1569/2017 4144/1578/2017 4142/1570/2017
f 4157/1574/2018 4167/1579/2018 4165/1575/2018
f 3507/1561/2019 3508/1577/2019 3503/1580/2019
f 4144/1578/2020 4113/1581/2020 4142/1570/2020
f 4142/1570/2021 4113/1581/2021 4114/1582/2021
f 4114/1582/2022 4107/1583/2022 4111/1571/2022
f 4142/1570/2023 4114/1582/2023 4111/1571/2023
f 4154/1564/2024 4153/1584/2024 4155/1573/2024
f 4155/1573/2025 4190/1585/2025 4157/1574/2025
f 3507/1561/2026 3503/1580/2026 3506/1586/2026
f 4111/1571/2027 4105/1587/2027 4115/1576/2027
f 4074/1588/2028 4152/1589/2028 4191/1572/2028
f 4191/1572/2029 4152/1589/2029 4154/1564/2029
f 4152/1589/2030 4153/1584/2030 4154/1564/2030
f 4190/1585/2031 4168/1590/2031 4157/1574/2031
f 4157/1574/2032 4168/1590/2032 4167/1579/2032
f 4167/1579/2033 4170/1591/2033 4171/1592/2033
f 3503/1580/2034 3505/1593/2034 3506/1586/2034
f 4111/1571/2035 4107/1583/2035 4105/1587/2035
f 4153/1584/2036 4152/1589/2036 4145/1594/2036
f 4145/1594/2037 4190/1585/2037 4155/1573/2037
f 4153/1584/2038 4145/1594/2038 4155/1573/2038
f 4168/1590/2039 4169/1595/2039 4167/1579/2039
f 4113/1581/2040 4110/1596/2040 4112/1597/2040
f 4113/1581/2041 4112/1597/2041 4114/1582/2041
f 4114/1582/2042 4112/1597/2042 4107/1583/2042
f 4074/1588/2043 4063/1598/2043 4152/1589/2043
f 3505/1593/2044 3503/1580/2044 3502/1599/2044
f 4112/1597/2045 4108/1600/2045 4107/1583/2045
f 4063/1598/2046 4062/1601/2046 4152/1589/2046
f 4152/1589/2047 4062/1601/2047 4145/1594/2047
f 4190/1585/2048 4195/1602/2048 4168/1590/2048
f 4195/1602/2049 4169/1595/2049 4168/1590/2049
f 4108/1600/2050 4106/1603/2050 4107/1583/2050
f 4107/1583/2051 4106/1603/2051 4105/1587/2051
f 4062/1601/2052 4090/1604/2052 4145/1594/2052
f 4145/1594/2053 4095/1605/2053 4195/1602/2053
f 4145/1594/2054 4195/1602/2054 4190/1585/2054
f 3503/1580/2055 3504/1606/2055 3502/1599/2055
f 4112/1597/2056 4110/1596/2056 4108/1600/2056
f 4105/1587/2057 4098/1607/2057 4097/1608/2057
f 4074/1588/2058 4046/1609/2058 4063/1598/2058
f 4063/1598/2059 4061/1610/2059 4062/1601/2059
f 4090/1604/2060 4095/1605/2060 4145/1594/2060
f 4200/1611/2061 4184/1612/2061 4195/1602/2061
f 4195/1602/2062 4184/1612/2062 4169/1595/2062
f 4046/1609/2063 4061/1610/2063 4063/1598/2063
f 4045/1613/2064 4090/1604/2064 4062/1601/2064
f 4061/1610/2065 4045/1613/2065 4062/1601/2065
f 4095/1605/2066 4200/1611/2066 4195/1602/2066
f 4110/1596/2067 4109/1614/2067 4108/1600/2067
f 4106/1603/2068 4100/1615/2068 4105/1587/2068
f 4105/1587/2069 4100/1615/2069 4098/1607/2069
f 4046/1609/2070 4043/1616/2070 4061/1610/2070
f 4090/1604/2071 4040/1617/2071 4095/1605/2071
f 4108/1600/2072 4109/1614/2072 4106/1603/2072
f 4109/1614/2073 4100/1615/2073 4106/1603/2073
f 4044/1618/2074 4043/1616/2074 4046/1609/2074
f 4045/1613/2075 4028/1619/2075 4090/1604/2075
f 4090/1604/2076 4028/1619/2076 4040/1617/2076
f 4040/1617/2077 4200/1611/2077 4095/1605/2077
f 4209/1620/2078 4210/1621/2078 4211/1622/2078
f 3504/1606/2079 3501/1623/2079 3502/1599/2079
f 3502/1599/2080 3501/1623/2080 3500/1624/2080
f 4098/1607/2081 4056/1625/2081 4097/1608/2081
f 4043/1616/2082 4027/1626/2082 4061/1610/2082
f 4061/1610/2083 4027/1626/2083 4045/1613/2083
f 4040/1617/2084 4092/1627/2084 4200/1611/2084
f 4100/1615/2085 4099/1628/2085 4098/1607/2085
f 4098/1607/2086 4099/1628/2086 4056/1625/2086
f 4043/1616/2087 4025/1629/2087 4027/1626/2087
f 4028/1619/2088 4030/1630/2088 4040/1617/2088
f 3501/1623/2089 3491/1631/2089 3500/1624/2089
f 3500/1624/2090 3491/1631/2090 3499/1632/2090
f 4027/1626/2091 4028/1619/2091 4045/1613/2091
f 4030/1630/2092 4039/1633/2092 4040/1617/2092
f 4040/1617/2093 4039/1633/2093 4092/1627/2093
f 3499/1632/2094 3497/1634/2094 3520/1635/2094
f 3500/1624/2095 3499/1632/2095 3520/1635/2095
f 4101/1636/2096 4140/1637/2096 4099/1628/2096
f 4100/1615/2097 4101/1636/2097 4099/1628/2097
f 4043/1616/2098 4044/1618/2098 4025/1629/2098
f 4028/1619/2099 4029/1638/2099 4030/1630/2099
f 4030/1630/2100 4031/1639/2100 4039/1633/2100
f 4140/1637/2101 4055/1640/2101 4056/1625/2101
f 4099/1628/2102 4140/1637/2102 4056/1625/2102
f 4025/1629/2103 4023/1641/2103 4027/1626/2103
f 4027/1626/2104 4023/1641/2104 4028/1619/2104
f 4028/1619/2105 4023/1641/2105 4029/1638/2105
f 4064/1642/2106 4072/1643/2106 4031/1639/2106
f 3499/1632/2107 3491/1631/2107 3497/1634/2107
f 4056/1625/2108 4055/1640/2108 4053/1644/2108
f 4053/1644/2109 4054/1645/2109 4051/1646/2109
f 4023/1641/2110 4059/1647/2110 4029/1638/2110
f 4029/1638/2111 4031/1639/2111 4030/1630/2111
f 4053/1644/2112 4055/1640/2112 4054/1645/2112
f 4051/1646/2113 4054/1645/2113 4057/1648/2113
f 4051/1646/2114 4057/1648/2114 4049/1649/2114
f 4049/1649/2115 4091/1650/2115 4044/1618/2115
f 4044/1618/2116 4091/1650/2116 4025/1629/2116
f 3491/1631/2117 3494/1651/2117 3497/1634/2117
f 3497/1634/2118 3494/1651/2118 3519/1652/2118
f 4054/1645/2119 4055/1640/2119 4057/1648/2119
f 4049/1649/2120 4057/1648/2120 4091/1650/2120
f 4025/1629/2121 4020/1653/2121 4023/1641/2121
f 4029/1638/2122 4032/1654/2122 4031/1639/2122
f 3494/1651/2123 3495/1655/2123 3519/1652/2123
f 4140/1637/2124 4197/1656/2124 4055/1640/2124
f 4055/1640/2125 4087/1657/2125 4057/1648/2125
f 4249/1658/2126 4250/1659/2126 4251/1660/2126
f 4091/1650/2127 4020/1653/2127 4025/1629/2127
f 4215/1661/2128 4216/1662/2128 4217/1663/2128
f 4219/1664/2129 4215/1661/2129 4217/1663/2129
f 3491/1631/2130 3490/1665/2130 3494/1651/2130
f 4252/1666/2131 4249/1658/2131 4251/1660/2131
f 4020/1653/2132 4022/1667/2132 4023/1641/2132
f 4023/1641/2133 4026/1668/2133 4059/1647/2133
f 4215/1661/2134 4218/1669/2134 4216/1662/2134
f 3494/1651/2135 3490/1665/2135 3495/1655/2135
f 4055/1640/2136 4197/1656/2136 4087/1657/2136
f 4022/1667/2137 4024/1670/2137 4023/1641/2137
f 4023/1641/2138 4024/1670/2138 4026/1668/2138
f 3495/1655/2139 3490/1665/2139 3496/1671/2139
f 4197/1656/2140 4198/1672/2140 4087/1657/2140
f 4071/1673/2141 4018/1411/2141 4091/1650/2141
f 4018/1411/2142 4019/1410/2142 4020/1653/2142
f 4091/1650/2143 4018/1411/2143 4020/1653/2143
f 1653/1674/2144 1651/1675/2144 1652/1676/2144
f 4087/1657/2145 4070/1677/2145 4071/1673/2145
f 4070/1677/2146 4018/1411/2146 4071/1673/2146
f 4020/1653/2147 4019/1410/2147 4021/1412/2147
f 4020/1653/2148 4021/1412/2148 4022/1667/2148
f 1651/1675/2149 1650/1678/2149 1652/1676/2149
f 3490/1665/2150 3488/1679/2150 3496/1671/2150
f 4198/1672/2151 4070/1677/2151 4087/1657/2151
f 4021/1412/2152 4042/1680/2152 4022/1667/2152
f 4022/1667/2153 4042/1680/2153 4024/1670/2153
f 1651/1675/2154 1649/1681/2154 1650/1678/2154
f 3488/1679/2155 3498/1682/2155 3496/1671/2155
f 3496/1671/2156 3498/1682/2156 3517/1683/2156
f 4070/1677/2157 4017/1413/2157 4018/1411/2157
f 3488/1679/2158 3487/1684/2158 3498/1682/2158
f 3498/1682/2159 3513/1685/2159 3517/1683/2159
f 4017/1413/2160 4015/1408/2160 4018/1411/2160
f 4021/1412/2161 4089/1686/2161 4042/1680/2161
f 1646/1687/2162 1647/1688/2162 1649/1681/2162
f 1649/1681/2163 1647/1688/2163 1648/1689/2163
f 1649/1681/2164 1648/1689/2164 1650/1678/2164
f 1648/1689/2165 1659/1690/2165 1650/1678/2165
f 3498/1682/2166 3487/1684/2166 3513/1685/2166
f 3513/1685/2167 3527/1691/2167 3517/1683/2167
f 3487/1684/2168 3518/1692/2168 3513/1685/2168
f 3518/1692/2169 3522/1693/2169 3513/1685/2169
f 4021/1412/2170 4094/1415/2170 4089/1686/2170
f 1646/1687/2171 1645/1694/2171 1647/1688/2171
f 1647/1688/2172 1645/1694/2172 1648/1689/2172
f 3522/1693/2173 3529/1421/2173 3513/1685/2173
f 3513/1685/2174 3529/1421/2174 3527/1691/2174
f 1643/1695/2175 1645/1694/2175 1646/1687/2175
f 1645/1694/2176 1655/1696/2176 1648/1689/2176
f 3522/1693/2177 3468/1419/2177 3529/1421/2177
f 3487/1684/2178 3460/1697/2178 3518/1692/2178
f 3518/1692/2179 3523/1698/2179 3522/1693/2179
f 1643/1695/2180 1644/1699/2180 1645/1694/2180
f 3460/1697/2181 3523/1698/2181 3518/1692/2181
f 3523/1698/2182 3468/1419/2182 3522/1693/2182
f 1644/1699/2183 1654/1700/2183 1645/1694/2183
f 1645/1694/2184 1654/1700/2184 1656/1701/2184
f 3523/1698/2185 3459/1425/2185 3468/1419/2185
f 1644/1699/2186 1657/1429/2186 1654/1700/2186
f 3906/1702/2187 3904/1703/2187 3911/1704/2187
f 3460/1697/2188 3459/1425/2188 3523/1698/2188
f 3460/1697/2189 3453/1705/2189 3459/1425/2189
f 1657/1429/2190 1660/1428/2190 1654/1700/2190
f 3459/1425/2191 3453/1705/2191 3458/1706/2191
f 3459/1425/2192 3458/1706/2192 3462/1430/2192
f 3462/1430/2193 3463/1426/2193 3459/1425/2193
f 3458/1706/2194 3464/1431/2194 3462/1430/2194
f 1660/1428/2195 1662/1432/2195 1654/1700/2195
f 3906/1702/2196 3907/1707/2196 3905/1708/2196
f 3458/1706/2197 3465/1709/2197 3464/1431/2197
f 3458/1706/2198 3457/1710/2198 3465/1709/2198
f 3907/1707/2199 3908/1711/2199 3905/1708/2199
f 3908/1711/2200 3909/1712/2200 3905/1708/2200
f 3465/1709/2201 3467/1436/2201 3464/1431/2201
f 3465/1709/2202 3466/1713/2202 3467/1436/2202
f 3466/1713/2203 3472/1440/2203 3467/1436/2203
f 3466/1713/2204 3480/1714/2204 3472/1440/2204
f 3912/1442/2205 3924/1715/2205 3909/1712/2205
f 3472/1440/2206 3481/1716/2206 3471/1360/2206
f 3472/1440/2207 3480/1714/2207 3481/1716/2207
f 3481/1716/2208 3477/1359/2208 3471/1360/2208
f 2587/1717/2209 2646/1718/2209 2668/1719/2209
f 2587/1717/2210 2570/1720/2210 2588/1721/2210
f 2587/1717/2211 2653/1722/2211 2569/1723/2211
f 2587/1717/2212 2668/1719/2212 2653/1722/2212
f 2587/1717/2213 2569/1723/2213 2570/1720/2213
f 2570/1720/2214 2576/1724/2214 2607/1725/2214
f 437/1445/2215 412/1726/2215 433/1364/2215
f 2569/1723/2216 2568/1727/2216 2570/1720/2216
f 2653/1722/2217 2616/1728/2217 2569/1723/2217
f 2568/1727/2218 2566/1729/2218 2570/1720/2218
f 2570/1720/2219 2566/1729/2219 2576/1724/2219
f 2653/1722/2220 2668/1719/2220 2670/1730/2220
f 2616/1728/2221 2575/1731/2221 2569/1723/2221
f 2569/1723/2222 2575/1731/2222 2568/1727/2222
f 2607/1725/2223 2576/1724/2223 2608/1732/2223
f 412/1726/2224 430/1446/2224 433/1364/2224
f 412/1726/2225 414/1733/2225 430/1446/2225
f 2568/1727/2226 2567/1734/2226 2566/1729/2226
f 430/1446/2227 429/1257/2227 433/1364/2227
f 2653/1722/2228 2641/1735/2228 2616/1728/2228
f 2653/1722/2229 2670/1730/2229 2641/1735/2229
f 2566/1729/2230 2565/1736/2230 2576/1724/2230
f 2576/1724/2231 2565/1736/2231 2608/1732/2231
f 2608/1732/2232 2565/1736/2232 2604/1737/2232
f 430/1446/2233 423/1738/2233 422/1260/2233
f 4220/1739/2234 4221/1740/2234 4222/1741/2234
f 2641/1735/2235 2617/1742/2235 2616/1728/2235
f 2616/1728/2236 2617/1742/2236 2575/1731/2236
f 2567/1734/2237 2548/1450/2237 2566/1729/2237
f 2566/1729/2238 2548/1450/2238 2565/1736/2238
f 2641/1735/2239 2654/1743/2239 2618/1744/2239
f 2641/1735/2240 2666/1745/2240 2654/1743/2240
f 2641/1735/2241 2618/1744/2241 2617/1742/2241
f 422/1260/2242 418/1447/2242 420/1262/2242
f 422/1260/2243 423/1738/2243 418/1447/2243
f 4084/1746/2244 4082/1747/2244 4085/1748/2244
f 2568/1727/2245 2548/1450/2245 2567/1734/2245
f 2565/1736/2246 2548/1450/2246 2564/1749/2246
f 2565/1736/2247 2564/1749/2247 2604/1737/2247
f 2661/1750/2248 2645/1751/2248 2654/1743/2248
f 2618/1744/2249 2592/1453/2249 2617/1742/2249
f 2617/1742/2250 2592/1453/2250 2575/1731/2250
f 2575/1731/2251 2573/1448/2251 2568/1727/2251
f 2568/1727/2252 2573/1448/2252 2548/1450/2252
f 418/1447/2253 417/1752/2253 419/1365/2253
f 2645/1751/2254 2618/1744/2254 2654/1743/2254
f 2592/1453/2255 2573/1448/2255 2575/1731/2255
f 2548/1450/2256 2560/1753/2256 2564/1749/2256
f 2604/1737/2257 2564/1749/2257 2514/1754/2257
f 417/1752/2258 421/1755/2258 419/1365/2258
f 2645/1751/2259 2640/1756/2259 2618/1744/2259
f 2564/1749/2260 2560/1753/2260 2577/1757/2260
f 2564/1749/2261 2577/1757/2261 2514/1754/2261
f 421/1755/2262 351/1265/2262 419/1365/2262
f 2618/1744/2263 2640/1756/2263 2592/1453/2263
f 2521/1452/2264 2560/1753/2264 2548/1450/2264
f 2560/1753/2265 2559/1758/2265 2577/1757/2265
f 421/1755/2266 428/1759/2266 351/1265/2266
f 2560/1753/2267 2520/1458/2267 2559/1758/2267
f 2887/1760/2268 2885/1761/2268 2888/1762/2268
f 2521/1452/2269 2520/1458/2269 2560/1753/2269
f 2577/1757/2270 2559/1758/2270 2561/1763/2270
f 2887/1760/2271 2886/1764/2271 2885/1761/2271
f 2885/1761/2272 2889/1765/2272 2888/1762/2272
f 2561/1763/2273 2558/1766/2273 2589/1767/2273
f 2885/1761/2274 2891/1768/2274 2889/1765/2274
f 2888/1762/2275 2889/1765/2275 2890/1769/2275
f 2520/1458/2276 2519/1770/2276 2559/1758/2276
f 2559/1758/2277 2519/1770/2277 2561/1763/2277
f 363/1771/2278 347/1367/2278 348/1366/2278
f 2520/1458/2279 2517/1457/2279 2519/1770/2279
f 2561/1763/2280 2519/1770/2280 2558/1766/2280
f 2558/1766/2281 2562/1772/2281 2589/1767/2281
f 2889/1765/2282 2911/1773/2282 2890/1769/2282
f 363/1771/2283 350/1774/2283 347/1367/2283
f 2885/1761/2284 2892/1775/2284 2891/1768/2284
f 350/1774/2285 344/1464/2285 347/1367/2285
f 350/1774/2286 342/1470/2286 344/1464/2286
f 2517/1457/2287 2518/1471/2287 2519/1770/2287
f 2518/1471/2288 2529/1776/2288 2519/1770/2288
f 2519/1770/2289 2529/1776/2289 2558/1766/2289
f 2529/1776/2290 2528/1777/2290 2558/1766/2290
f 2558/1766/2291 2528/1777/2291 2562/1772/2291
f 2528/1777/2292 2539/1778/2292 2563/1779/2292
f 2562/1772/2293 2528/1777/2293 2563/1779/2293
f 368/1780/2294 339/1368/2294 342/1470/2294
f 2885/1761/2295 2882/1781/2295 2892/1775/2295
f 368/1780/2296 343/1782/2296 339/1368/2296
f 2539/1778/2297 2528/1777/2297 2538/1783/2297
f 2876/1784/2298 2882/1781/2298 2885/1761/2298
f 2879/1785/2299 2876/1784/2299 2885/1761/2299
f 2529/1776/2300 2518/1471/2300 2528/1777/2300
f 2528/1777/2301 2530/1786/2301 2538/1783/2301
f 2518/1471/2302 2526/1478/2302 2528/1777/2302
f 2526/1478/2303 2530/1786/2303 2528/1777/2303
f 2530/1786/2304 2536/1787/2304 2538/1783/2304
f 2536/1787/2305 2541/1788/2305 2538/1783/2305
f 2530/1786/2306 2531/1789/2306 2536/1787/2306
f 2876/1784/2307 2877/1790/2307 2882/1781/2307
f 373/1791/2308 337/1369/2308 343/1782/2308
f 2526/1478/2309 2531/1789/2309 2530/1786/2309
f 2531/1789/2310 2537/1792/2310 2536/1787/2310
f 2536/1787/2311 2537/1792/2311 2541/1788/2311
f 2537/1792/2312 2542/1793/2312 2541/1788/2312
f 2541/1788/2313 2542/1793/2313 2543/1794/2313
f 355/1370/2314 367/1480/2314 371/1484/2314
f 2526/1478/2315 2533/1482/2315 2531/1789/2315
f 2537/1792/2316 2554/1795/2316 2542/1793/2316
f 2531/1789/2317 2556/1796/2317 2537/1792/2317
f 2533/1482/2318 2557/1797/2318 2531/1789/2318
f 2531/1789/2319 2557/1797/2319 2556/1796/2319
f 2556/1796/2320 2555/1798/2320 2537/1792/2320
f 2537/1792/2321 2555/1798/2321 2554/1795/2321
f 2542/1793/2322 2554/1795/2322 2581/1799/2322
f 2554/1795/2323 2590/1800/2323 2581/1799/2323
f 2555/1798/2324 2590/1800/2324 2554/1795/2324
f 2549/1490/2325 2579/1495/2325 2533/1482/2325
f 2579/1495/2326 2583/1801/2326 2533/1482/2326
f 2533/1482/2327 2583/1801/2327 2557/1797/2327
f 2557/1797/2328 2584/1802/2328 2556/1796/2328
f 2555/1798/2329 2594/1803/2329 2590/1800/2329
f 2583/1801/2330 2584/1802/2330 2557/1797/2330
f 2556/1796/2331 2584/1802/2331 2555/1798/2331
f 2555/1798/2332 2584/1802/2332 2594/1803/2332
f 2584/1802/2333 2600/1804/2333 2594/1803/2333
f 379/1496/2334 380/1805/2334 378/1373/2334
f 2580/1498/2335 2585/1806/2335 2579/1495/2335
f 2579/1495/2336 2585/1806/2336 2583/1801/2336
f 2583/1801/2337 2601/1807/2337 2584/1802/2337
f 2601/1807/2338 2600/1804/2338 2584/1802/2338
f 380/1805/2339 387/1374/2339 378/1373/2339
f 2580/1498/2340 2586/1808/2340 2585/1806/2340
f 2585/1806/2341 2602/1809/2341 2583/1801/2341
f 2586/1808/2342 2612/1810/2342 2585/1806/2342
f 2585/1806/2343 2612/1810/2343 2602/1809/2343
f 2602/1809/2344 2601/1807/2344 2583/1801/2344
f 2586/1808/2345 2655/1811/2345 2612/1810/2345
f 2612/1810/2346 2611/1812/2346 2602/1809/2346
f 2612/1810/2347 2655/1811/2347 2611/1812/2347
f 1974/1813/2348 1975/1814/2348 1977/1815/2348
f 2655/1811/2349 2628/1816/2349 2611/1812/2349
f 248/1377/2350 230/1505/2350 247/1380/2350
f 247/1380/2351 230/1505/2351 231/1506/2351
f 223/1507/2352 221/1508/2352 241/1381/2352
f 1864/1817/2353 1862/1511/2353 1867/1818/2353
f 1857/1510/2354 1861/1819/2354 1862/1511/2354
f 222/1509/2355 233/1820/2355 250/1291/2355
f 250/1291/2356 233/1820/2356 232/1512/2356
f 1871/1821/2357 1872/1822/2357 1866/1823/2357
f 505/1513/2358 501/1514/2358 500/1296/2358
f 1874/1824/2359 1878/1387/2359 1872/1822/2359
f 501/1514/2360 499/1825/2360 494/1297/2360
f 499/1825/2361 492/1515/2361 494/1297/2361
f 1888/1826/2362 1894/1827/2362 1885/1828/2362
f 492/1515/2363 491/1516/2363 493/1298/2363
f 491/1516/2364 490/1517/2364 489/1299/2364
f 486/1303/2365 487/1518/2365 469/1519/2365
f 469/1519/2366 468/1179/2366 486/1303/2366
f 1895/1181/2367 1904/1829/2367 1906/1830/2367
f 469/1519/2368 466/1520/2368 467/1388/2368
f 466/1520/2369 460/1521/2369 461/1304/2369
f 460/1521/2370 452/1389/2370 453/1306/2370
f 452/1389/2371 457/1831/2371 443/1522/2371
f 443/1522/2372 444/1832/2372 445/1390/2372
f 445/1390/2373 449/1525/2373 448/1307/2373
f 449/1525/2374 451/1833/2374 450/1309/2374
f 451/1833/2375 458/1526/2375 450/1309/2375
f 473/1527/2376 477/1834/2376 476/1311/2376
f 476/1311/2377 477/1834/2377 478/1835/2377
f 478/1835/2378 260/1312/2378 476/1311/2378
f 478/1835/2379 480/1836/2379 479/1837/2379
f 260/1312/2380 478/1835/2380 479/1837/2380
f 481/1838/2381 482/1391/2381 260/1312/2381
f 260/1312/2382 479/1837/2382 481/1838/2382
f 481/1838/2383 483/1839/2383 482/1391/2383
f 483/1839/2384 495/1840/2384 484/1841/2384
f 482/1391/2385 483/1839/2385 484/1841/2385
f 484/1841/2386 310/1392/2386 482/1391/2386
f 310/1392/2387 484/1841/2387 317/1842/2387
f 1543/1528/2388 1546/1843/2388 1545/1529/2388
f 1545/1529/2389 1552/1844/2389 1550/1530/2389
f 317/1842/2390 315/1845/2390 310/1392/2390
f 1571/1846/2391 1546/1843/2391 1543/1528/2391
f 1575/1393/2392 1571/1846/2392 1543/1528/2392
f 841/1395/2393 845/1847/2393 840/1848/2393
f 310/1392/2394 315/1845/2394 314/1397/2394
f 841/1395/2395 840/1848/2395 833/1532/2395
f 315/1845/2396 316/1849/2396 314/1397/2396
f 1563/1396/2397 1561/1850/2397 1560/1851/2397
f 316/1849/2398 318/1533/2398 314/1397/2398
f 833/1532/2399 834/1852/2399 835/1399/2399
f 834/1852/2400 837/1853/2400 835/1399/2400
f 322/1398/2401 321/1534/2401 326/1535/2401
f 1574/1401/2402 1573/1854/2402 1572/1539/2402
f 1597/1538/2403 1573/1854/2403 1574/1401/2403
f 1420/1540/2404 1411/1855/2404 1410/1403/2404
f 1410/1403/2405 1411/1855/2405 1409/1856/2405
f 1410/1403/2406 1409/1856/2406 1406/1404/2406
f 1406/1404/2407 1407/1857/2407 1408/1348/2407
f 1406/1404/2408 1409/1856/2408 1407/1857/2408
f 1407/1857/2409 1414/1858/2409 1415/1405/2409
f 1408/1348/2410 1407/1857/2410 1415/1405/2410
f 1415/1405/2411 1414/1858/2411 1433/1541/2411
f 2706/1859/2412 2703/1860/2412 2702/1861/2412
f 4127/1547/2413 4125/1549/2413 4128/1862/2413
f 4128/1862/2414 4125/1549/2414 4129/1863/2414
f 4160/1864/2415 4159/1555/2415 4161/1865/2415
f 4161/1865/2416 4159/1555/2416 4162/1559/2416
f 4180/1866/2417 4178/1867/2417 4179/1868/2417
f 4178/1867/2418 4177/1869/2418 4179/1868/2418
f 3539/1870/2419 3535/1871/2419 3526/1542/2419
f 2702/1861/2420 2703/1860/2420 2704/1872/2420
f 4129/1863/2421 4125/1549/2421 4135/1873/2421
f 4129/1863/2422 4135/1873/2422 4136/1874/2422
f 4163/1875/2423 4158/1556/2423 4160/1864/2423
f 3076/1876/2424 3077/1877/2424 3078/1878/2424
f 4160/1864/2425 4158/1556/2425 4159/1555/2425
f 4178/1867/2426 4166/1565/2426 4177/1869/2426
f 2703/1860/2427 2705/1879/2427 2704/1872/2427
f 3535/1871/2428 3511/1543/2428 3526/1542/2428
f 4166/1565/2429 4176/1880/2429 4177/1869/2429
f 3535/1871/2430 3545/1881/2430 3511/1543/2430
f 4135/1873/2431 4123/1563/2431 4141/1882/2431
f 4123/1563/2432 4121/1883/2432 4141/1882/2432
f 2991/1884/2433 2990/1885/2433 2989/1886/2433
f 2991/1884/2434 2989/1886/2434 2992/1887/2434
f 4166/1565/2435 4175/1888/2435 4176/1880/2435
f 3545/1881/2436 3543/1566/2436 3511/1543/2436
f 2987/1889/2437 2982/1890/2437 2989/1886/2437
f 2987/1889/2438 2989/1886/2438 2990/1885/2438
f 4166/1565/2439 4165/1575/2439 4175/1888/2439
f 4123/1563/2440 4115/1576/2440 4121/1883/2440
f 4121/1883/2441 4115/1576/2441 4120/1891/2441
f 4121/1883/2442 4120/1891/2442 4122/1892/2442
f 2985/1893/2443 2982/1890/2443 2987/1889/2443
f 3543/1566/2444 3544/1894/2444 3509/1567/2444
f 2984/1895/2445 2982/1890/2445 2985/1893/2445
f 4165/1575/2446 4171/1592/2446 4193/1896/2446
f 4165/1575/2447 4193/1896/2447 4175/1888/2447
f 2474/1897/2448 2475/1898/2448 2476/1899/2448
f 2984/1895/2449 2980/1900/2449 2982/1890/2449
f 4167/1579/2450 4171/1592/2450 4165/1575/2450
f 3544/1894/2451 3538/1901/2451 3509/1567/2451
f 3509/1567/2452 3538/1901/2452 3508/1577/2452
f 4120/1891/2453 4115/1576/2453 4119/1902/2453
f 2980/1900/2454 2979/1903/2454 2982/1890/2454
f 3538/1901/2455 3537/1904/2455 3508/1577/2455
f 4119/1902/2456 4115/1576/2456 4118/1905/2456
f 4192/1906/2457 4074/1588/2457 4191/1572/2457
f 4170/1591/2458 4172/1907/2458 4171/1592/2458
f 4118/1905/2459 4115/1576/2459 4117/1908/2459
f 2981/1909/2460 2983/1910/2460 2979/1903/2460
f 4170/1591/2461 4173/1911/2461 4172/1907/2461
f 2835/1912/2462 2836/1913/2462 2837/1914/2462
f 3537/1904/2463 3536/1915/2463 3508/1577/2463
f 3508/1577/2464 3536/1915/2464 3503/1580/2464
f 4117/1908/2465 4115/1576/2465 4116/1916/2465
f 2981/1909/2466 2986/1917/2466 2983/1910/2466
f 4170/1591/2467 4169/1595/2467 4174/1918/2467
f 3536/1915/2468 3540/1919/2468 3503/1580/2468
f 4115/1576/2469 4097/1608/2469 4116/1916/2469
f 2986/1917/2470 2988/1920/2470 2983/1910/2470
f 4169/1595/2471 4181/1921/2471 4174/1918/2471
f 3540/1919/2472 3541/1922/2472 3503/1580/2472
f 4097/1608/2473 4104/1923/2473 4116/1916/2473
f 4069/1924/2474 4046/1609/2474 4074/1588/2474
f 3542/1925/2475 3516/1926/2475 3503/1580/2475
f 3541/1922/2476 3542/1925/2476 3503/1580/2476
f 4922/1927/2477 4921/1928/2477 4923/1929/2477
f 4104/1923/2478 4097/1608/2478 4103/1930/2478
f 4060/1931/2479 4046/1609/2479 4069/1924/2479
f 4184/1612/2480 4183/1932/2480 4169/1595/2480
f 4169/1595/2481 4183/1932/2481 4182/1933/2481
f 4169/1595/2482 4182/1933/2482 4181/1921/2482
f 3503/1580/2483 3516/1926/2483 3504/1606/2483
f 4103/1930/2484 4097/1608/2484 4102/1934/2484
f 4060/1931/2485 4058/1935/2485 4046/1609/2485
f 4184/1612/2486 4185/1936/2486 4183/1932/2486
f 3516/1926/2487 3515/1937/2487 3504/1606/2487
f 4097/1608/2488 4096/1938/2488 4102/1934/2488
f 4047/1939/2489 4046/1609/2489 4058/1935/2489
f 4184/1612/2490 4186/1940/2490 4185/1936/2490
f 4097/1608/2491 4056/1625/2491 4096/1938/2491
f 4184/1612/2492 4187/1941/2492 4186/1940/2492
f 4187/1941/2493 4188/1942/2493 4186/1940/2493
f 3515/1937/2494 3514/1943/2494 3504/1606/2494
f 4924/1944/2495 4920/1945/2495 5048/1946/2495
f 4210/1621/2496 4214/1947/2496 4213/1948/2496
f 4210/1621/2497 4213/1948/2497 4212/1949/2497
f 4096/1938/2498 4056/1625/2498 4052/1950/2498
f 4092/1627/2499 4076/1951/2499 4201/1952/2499
f 4092/1627/2500 4201/1952/2500 4202/1953/2500
f 3514/1943/2501 3512/1954/2501 3504/1606/2501
f 3512/1954/2502 3501/1623/2502 3504/1606/2502
f 4056/1625/2503 4053/1644/2503 4052/1950/2503
f 4053/1644/2504 4051/1646/2504 4052/1950/2504
f 4052/1950/2505 4051/1646/2505 4050/1955/2505
f 4050/1955/2506 4051/1646/2506 4049/1649/2506
f 4050/1955/2507 4049/1649/2507 4048/1956/2507
f 4092/1627/2508 4039/1633/2508 4076/1951/2508
f 4039/1633/2509 4073/1957/2509 4076/1951/2509
f 4031/1639/2510 4072/1643/2510 4067/1958/2510
f 4031/1639/2511 4067/1958/2511 4041/1959/2511
f 3528/1960/2512 3524/1961/2512 3501/1623/2512
f 3512/1954/2513 3528/1960/2513 3501/1623/2513
f 4064/1642/2514 4066/1962/2514 4072/1643/2514
f 4064/1642/2515 4065/1963/2515 4066/1962/2515
f 4064/1642/2516 4031/1639/2516 4035/1964/2516
f 3524/1961/2517 3510/1965/2517 3501/1623/2517
f 3578/1966/2518 3580/1967/2518 3581/1968/2518
f 3501/1623/2519 3510/1965/2519 3491/1631/2519
f 4031/1639/2520 4033/1969/2520 4034/1970/2520
f 4031/1639/2521 4034/1970/2521 4035/1964/2521
f 3510/1965/2522 3493/1971/2522 3491/1631/2522
f 4032/1654/2523 4036/1972/2523 4033/1969/2523
f 3493/1971/2524 3492/1973/2524 3491/1631/2524
f 3491/1631/2525 3489/1974/2525 3490/1665/2525
f 4032/1654/2526 4037/1975/2526 4036/1972/2526
f 3492/1973/2527 3489/1974/2527 3491/1631/2527
f 4037/1975/2528 4038/1976/2528 4036/1972/2528
f 3489/1974/2529 3488/1679/2529 3490/1665/2529
f 4037/1975/2530 4075/1977/2530 4038/1976/2530
f 1766/1978/2531 1765/1979/2531 1768/1980/2531
f 3489/1974/2532 3486/1981/2532 3488/1679/2532
f 1650/1678/2533 1659/1690/2533 1669/1982/2533
f 1650/1678/2534 1669/1982/2534 1670/1983/2534
f 3486/1981/2535 3482/1984/2535 3488/1679/2535
f 3488/1679/2536 3482/1984/2536 3487/1684/2536
f 1990/1985/2537 1989/1986/2537 1992/1987/2537
f 3486/1981/2538 3483/1988/2538 3482/1984/2538
f 1648/1689/2539 1658/1989/2539 1659/1690/2539
f 1648/1689/2540 1655/1696/2540 1658/1989/2540
f 1699/1990/2541 1700/1991/2541 1701/1992/2541
f 3482/1984/2542 3483/1988/2542 3484/1993/2542
f 3482/1984/2543 3485/1994/2543 3487/1684/2543
f 3484/1993/2544 3485/1994/2544 3482/1984/2544
f 3485/1994/2545 3460/1697/2545 3487/1684/2545
f 4257/1995/2546 4258/1996/2546 4259/1997/2546
f 3485/1994/2547 3530/1998/2547 3460/1697/2547
f 3530/1998/2548 3461/1999/2548 3460/1697/2548
f 3461/1999/2549 3453/1705/2549 3460/1697/2549
f 3453/1705/2550 3461/1999/2550 3454/2000/2550
f 3453/1705/2551 3457/1710/2551 3458/1706/2551
f 3453/1705/2552 3455/2001/2552 3457/1710/2552
f 3453/1705/2553 3454/2000/2553 3455/2001/2553
f 3909/1712/2554 3923/2002/2554 3905/1708/2554
f 3455/2001/2555 3456/2003/2555 3457/1710/2555
f 3457/1710/2556 3466/1713/2556 3465/1709/2556
f 3457/1710/2557 3456/2003/2557 3466/1713/2557
f 3909/1712/2558 4207/2004/2558 3923/2002/2558
f 1378/2005/2559 1376/2006/2559 1377/2007/2559
f 3466/1713/2560 3456/2003/2560 3480/1714/2560
f 1805/2008/2561 1803/2009/2561 1802/2010/2561
f 2644/2011/2562 2646/1718/2562 2588/1721/2562
f 2007/2012/2563 2001/2013/2563 2006/2014/2563
f 2644/2011/2564 2588/1721/2564 2643/2015/2564
f 2643/2015/2565 2588/1721/2565 2642/2016/2565
f 2646/1718/2566 2587/1717/2566 2588/1721/2566
f 2588/1721/2567 2622/2017/2567 2642/2016/2567
f 1802/2010/2568 1803/2009/2568 1804/2018/2568
f 2001/2013/2569 2002/2019/2569 2003/2020/2569
f 2006/2014/2570 2001/2013/2570 2003/2020/2570
f 2622/2017/2571 2607/1725/2571 2652/2021/2571
f 2652/2021/2572 2607/1725/2572 2651/2022/2572
f 2901/2023/2573 2903/2024/2573 2943/2025/2573
f 2950/2026/2574 2901/2023/2574 2943/2025/2574
f 2943/2025/2575 2903/2024/2575 2952/2027/2575
f 2651/2022/2576 2607/1725/2576 2650/2028/2576
f 2950/2026/2577 2942/2029/2577 2901/2023/2577
f 3843/2030/2578 3844/2031/2578 3845/2032/2578
f 415/2033/2579 412/1726/2579 437/1445/2579
f 415/2033/2580 413/2034/2580 412/1726/2580
f 2002/2019/2581 2004/2035/2581 2003/2020/2581
f 2650/2028/2582 2607/1725/2582 2649/2036/2582
f 2903/2024/2583 2933/2037/2583 2952/2027/2583
f 2607/1725/2584 2608/1732/2584 2647/2038/2584
f 2607/1725/2585 2647/2038/2585 2649/2036/2585
f 2649/2036/2586 2647/2038/2586 2672/2039/2586
f 2901/2023/2587 2902/2040/2587 2903/2024/2587
f 412/1726/2588 413/2034/2588 414/1733/2588
f 3921/2041/2589 3925/2042/2589 3919/2043/2589
f 2003/2020/2590 2004/2035/2590 2005/2044/2590
f 2946/2045/2591 2898/2046/2591 2934/2047/2591
f 2898/2046/2592 2900/2048/2592 2934/2047/2592
f 2934/2047/2593 2900/2048/2593 2935/2049/2593
f 2935/2049/2594 2900/2048/2594 2942/2029/2594
f 2942/2029/2595 2900/2048/2595 2901/2023/2595
f 2647/2038/2596 2608/1732/2596 2648/2050/2596
f 2901/2023/2597 2888/1762/2597 2902/2040/2597
f 2902/2040/2598 2929/2051/2598 2933/2037/2598
f 2903/2024/2599 2902/2040/2599 2933/2037/2599
f 2933/2037/2600 2929/2051/2600 2951/2052/2600
f 1358/2053/2601 1361/2054/2601 1350/2055/2601
f 2670/1730/2602 2666/1745/2602 2641/1735/2602
f 2005/2044/2603 2000/2056/2603 1999/2057/2603
f 2648/2050/2604 2608/1732/2604 2639/2058/2604
f 2944/2059/2605 2899/2060/2605 2946/2045/2605
f 2946/2045/2606 2899/2060/2606 2898/2046/2606
f 2900/2048/2607 2888/1762/2607 2901/2023/2607
f 2608/1732/2608 2604/1737/2608 2639/2058/2608
f 2639/2058/2609 2604/1737/2609 2513/2061/2609
f 2945/2062/2610 2897/2063/2610 2944/2059/2610
f 2897/2063/2611 2899/2060/2611 2944/2059/2611
f 2900/2048/2612 2898/2046/2612 2888/1762/2612
f 1358/2053/2613 1350/2055/2613 1351/2064/2613
f 2949/2065/2614 2926/2066/2614 2945/2062/2614
f 2945/2062/2615 2926/2066/2615 2897/2063/2615
f 2663/2067/2616 2661/1750/2616 2662/2068/2616
f 2662/2068/2617 2661/1750/2617 2654/1743/2617
f 2662/2068/2618 2654/1743/2618 2666/1745/2618
f 2604/1737/2619 2514/1754/2619 2513/2061/2619
f 2954/2069/2620 2927/2070/2620 2949/2065/2620
f 2927/2070/2621 2926/2066/2621 2949/2065/2621
f 2926/2066/2622 2896/2071/2622 2897/2063/2622
f 2899/2060/2623 2887/1760/2623 2898/2046/2623
f 2898/2046/2624 2887/1760/2624 2888/1762/2624
f 2922/2072/2625 2940/2073/2625 2929/2051/2625
f 2902/2040/2626 2922/2072/2626 2929/2051/2626
f 2929/2051/2627 2940/2073/2627 2948/2074/2627
f 1351/2064/2628 1344/2075/2628 1352/2076/2628
f 2514/1754/2629 2635/2077/2629 2516/2078/2629
f 2937/2079/2630 2930/2080/2630 2921/2081/2630
f 2937/2079/2631 2921/2081/2631 2927/2070/2631
f 2927/2070/2632 2921/2081/2632 2896/2071/2632
f 2927/2070/2633 2896/2071/2633 2926/2066/2633
f 2888/1762/2634 2908/2082/2634 2902/2040/2634
f 2902/2040/2635 2908/2082/2635 2922/2072/2635
f 1352/2076/2636 1344/2075/2636 1345/2083/2636
f 2514/1754/2637 2577/1757/2637 2635/2077/2637
f 2577/1757/2638 2636/2084/2638 2635/2077/2638
f 2924/2085/2639 2893/2086/2639 2930/2080/2639
f 2930/2080/2640 2893/2086/2640 2921/2081/2640
f 2896/2071/2641 2887/1760/2641 2897/2063/2641
f 1994/2087/2642 1993/2088/2642 1997/2089/2642
f 416/2090/2643 417/1752/2643 418/1447/2643
f 416/2090/2644 439/2091/2644 417/1752/2644
f 2925/2092/2645 2881/2093/2645 2924/2085/2645
f 2881/2093/2646 2893/2086/2646 2924/2085/2646
f 2893/2086/2647 2894/2094/2647 2921/2081/2647
f 2894/2094/2648 2896/2071/2648 2921/2081/2648
f 2897/2063/2649 2887/1760/2649 2899/2060/2649
f 2922/2072/2650 2931/2095/2650 2940/2073/2650
f 2577/1757/2651 2638/2096/2651 2637/2097/2651
f 2636/2084/2652 2577/1757/2652 2637/2097/2652
f 2925/2092/2653 2871/2098/2653 2881/2093/2653
f 2028/2099/2654 2025/2100/2654 2027/2101/2654
f 2896/2071/2655 2894/2094/2655 2887/1760/2655
f 2888/1762/2656 2890/1769/2656 2908/2082/2656
f 421/1755/2657 439/2091/2657 440/2102/2657
f 2638/2096/2658 2577/1757/2658 2620/2103/2658
f 2025/2100/2659 2026/2104/2659 2027/2101/2659
f 2894/2094/2660 2886/1764/2660 2887/1760/2660
f 421/1755/2661 440/2102/2661 428/1759/2661
f 2577/1757/2662 2561/1763/2662 2620/2103/2662
f 2908/2082/2663 2931/2095/2663 2922/2072/2663
f 2620/2103/2664 2561/1763/2664 2621/2105/2664
f 2881/2093/2665 2880/2106/2665 2893/2086/2665
f 2893/2086/2666 2880/2106/2666 2894/2094/2666
f 2890/1769/2667 2909/2107/2667 2908/2082/2667
f 2908/2082/2668 2909/2107/2668 2918/2108/2668
f 2908/2082/2669 2918/2108/2669 2931/2095/2669
f 2931/2095/2670 2918/2108/2670 2936/2109/2670
f 2561/1763/2671 2589/1767/2671 2621/2105/2671
f 2589/1767/2672 2625/2110/2672 2631/2111/2672
f 2621/2105/2673 2589/1767/2673 2631/2111/2673
f 2027/2101/2674 2026/2104/2674 2029/2112/2674
f 2871/2098/2675 2869/2113/2675 2881/2093/2675
f 2881/2093/2676 2869/2113/2676 2880/2106/2676
f 2894/2094/2677 2879/1785/2677 2886/1764/2677
f 2625/2110/2678 2589/1767/2678 2624/2114/2678
f 2871/2098/2679 2870/2115/2679 2869/2113/2679
f 2880/2106/2680 2879/1785/2680 2894/2094/2680
f 2879/1785/2681 2885/1761/2681 2886/1764/2681
f 2589/1767/2682 2609/2116/2682 2624/2114/2682
f 2870/2115/2683 2868/2117/2683 2869/2113/2683
f 2890/1769/2684 2910/2118/2684 2909/2107/2684
f 2609/2116/2685 2562/1772/2685 2610/2119/2685
f 2890/1769/2686 2911/1773/2686 2910/2118/2686
f 2562/1772/2687 2599/2120/2687 2610/2119/2687
f 2869/2113/2688 2868/2117/2688 2867/2121/2688
f 2869/2113/2689 2867/2121/2689 2880/2106/2689
f 2562/1772/2690 2563/1779/2690 2599/2120/2690
f 2563/1779/2691 2571/2122/2691 2599/2120/2691
f 2868/2117/2692 2860/2123/2692 2867/2121/2692
f 2880/2106/2693 2867/2121/2693 2879/1785/2693
f 2889/1765/2694 2913/2124/2694 2911/1773/2694
f 2860/2123/2695 2857/2125/2695 2867/2121/2695
f 2860/2123/2696 2858/2126/2696 2857/2125/2696
f 2913/2124/2697 2919/2127/2697 2911/1773/2697
f 2571/2122/2698 2563/1779/2698 2539/1778/2698
f 2571/2122/2699 2539/1778/2699 2572/2128/2699
f 2867/2121/2700 2872/2129/2700 2879/1785/2700
f 2889/1765/2701 2912/2130/2701 2913/2124/2701
f 2539/1778/2702 2540/2131/2702 2572/2128/2702
f 2857/2125/2703 2858/2126/2703 2859/2132/2703
f 2867/2121/2704 2857/2125/2704 2872/2129/2704
f 2912/2130/2705 2920/2133/2705 2913/2124/2705
f 2913/2124/2706 2920/2133/2706 2919/2127/2706
f 2539/1778/2707 2538/1783/2707 2540/2131/2707
f 2540/2131/2708 2538/1783/2708 2544/2134/2708
f 3031/2135/2709 3032/2136/2709 3033/2137/2709
f 2872/2129/2710 2876/1784/2710 2879/1785/2710
f 2891/1768/2711 2914/2138/2711 2889/1765/2711
f 2889/1765/2712 2914/2138/2712 2912/2130/2712
f 2540/2131/2713 2544/2134/2713 2593/2139/2713
f 2593/2139/2714 2544/2134/2714 2597/2140/2714
f 2859/2132/2715 2861/2141/2715 2857/2125/2715
f 2857/2125/2716 2861/2141/2716 2862/2142/2716
f 2857/2125/2717 2862/2142/2717 2872/2129/2717
f 2538/1783/2718 2541/1788/2718 2544/2134/2718
f 2544/2134/2719 2545/2143/2719 2597/2140/2719
f 2597/2140/2720 2545/2143/2720 2623/2144/2720
f 2545/2143/2721 2578/2145/2721 2623/2144/2721
f 2891/1768/2722 2915/2146/2722 2914/2138/2722
f 2912/2130/2723 2914/2138/2723 2920/2133/2723
f 2544/2134/2724 2541/1788/2724 2545/2143/2724
f 2545/2143/2725 2552/2147/2725 2578/2145/2725
f 2861/2141/2726 2863/2148/2726 2862/2142/2726
f 2872/2129/2727 2873/2149/2727 2876/1784/2727
f 2891/1768/2728 2892/1775/2728 2915/2146/2728
f 2541/1788/2729 2543/1794/2729 2545/2143/2729
f 2545/2143/2730 2543/1794/2730 2552/2147/2730
f 2904/2150/2731 2916/2151/2731 2915/2146/2731
f 2892/1775/2732 2904/2150/2732 2915/2146/2732
f 2552/2147/2733 2553/2152/2733 2578/2145/2733
f 2578/2145/2734 2553/2152/2734 2632/2153/2734
f 2863/2148/2735 2864/2154/2735 2862/2142/2735
f 2872/2129/2736 2862/2142/2736 2873/2149/2736
f 2552/2147/2737 2543/1794/2737 2553/2152/2737
f 2882/1781/2738 2883/2155/2738 2904/2150/2738
f 2882/1781/2739 2904/2150/2739 2892/1775/2739
f 2904/2150/2740 2907/2156/2740 2916/2151/2740
f 2543/1794/2741 2582/2157/2741 2553/2152/2741
f 2864/2154/2742 2865/2158/2742 2862/2142/2742
f 2862/2142/2743 2865/2158/2743 2866/2159/2743
f 2862/2142/2744 2866/2159/2744 2873/2149/2744
f 2873/2149/2745 2874/2160/2745 2876/1784/2745
f 2876/1784/2746 2874/2160/2746 2877/1790/2746
f 2883/2155/2747 2906/2161/2747 2904/2150/2747
f 2904/2150/2748 2906/2161/2748 2907/2156/2748
f 2542/1793/2749 2582/2157/2749 2543/1794/2749
f 2582/2157/2750 2603/2162/2750 2553/2152/2750
f 2873/2149/2751 2866/2159/2751 2874/2160/2751
f 2542/1793/2752 2581/1799/2752 2582/2157/2752
f 2865/2158/2753 2953/2163/2753 2866/2159/2753
f 2877/1790/2754 2878/2164/2754 2882/1781/2754
f 2883/2155/2755 2905/2165/2755 2906/2161/2755
f 2581/1799/2756 2591/2166/2756 2582/2157/2756
f 3427/2167/2757 3346/2168/2757 3411/2169/2757
f 2866/2159/2758 2953/2163/2758 2947/2170/2758
f 2878/2164/2759 2884/2171/2759 2883/2155/2759
f 2882/1781/2760 2878/2164/2760 2883/2155/2760
f 2884/2171/2761 2917/2172/2761 2883/2155/2761
f 2581/1799/2762 2590/1800/2762 2591/2166/2762
f 2877/1790/2763 2874/2160/2763 2878/2164/2763
f 2883/2155/2764 2917/2172/2764 2905/2165/2764
f 2590/1800/2765 2596/2173/2765 2591/2166/2765
f 2947/2170/2766 2938/2174/2766 2866/2159/2766
f 2866/2159/2767 2938/2174/2767 2875/2175/2767
f 2866/2159/2768 2875/2175/2768 2874/2160/2768
f 2874/2160/2769 2895/2176/2769 2878/2164/2769
f 2590/1800/2770 2595/2177/2770 2596/2173/2770
f 2874/2160/2771 2875/2175/2771 2928/2178/2771
f 2874/2160/2772 2928/2178/2772 2895/2176/2772
f 2594/1803/2773 2595/2177/2773 2590/1800/2773
f 3266/2179/2774 3265/2180/2774 3267/2181/2774
f 2938/2174/2775 2955/2182/2775 2875/2175/2775
f 2878/2164/2776 2923/2183/2776 2884/2171/2776
f 2875/2175/2777 2955/2182/2777 2939/2184/2777
f 2875/2175/2778 2939/2184/2778 2928/2178/2778
f 3087/2185/2779 3085/2186/2779 3084/2187/2779
f 2878/2164/2780 2895/2176/2780 2923/2183/2780
f 2594/1803/2781 2598/2188/2781 2595/2177/2781
f 3268/2189/2782 3264/2190/2782 3266/2179/2782
f 2939/2184/2783 2941/2191/2783 2928/2178/2783
f 3084/2187/2784 3085/2186/2784 3086/2192/2784
f 2928/2178/2785 2932/2193/2785 2923/2183/2785
f 2895/2176/2786 2928/2178/2786 2923/2183/2786
f 2594/1803/2787 2619/2194/2787 2598/2188/2787
f 2941/2191/2788 2932/2193/2788 2928/2178/2788
f 2600/1804/2789 2605/2195/2789 2594/1803/2789
f 2594/1803/2790 2605/2195/2790 2619/2194/2790
f 396/2196/2791 393/2197/2791 380/1805/2791
f 380/1805/2792 393/2197/2792 387/1374/2792
f 2600/1804/2793 2615/2198/2793 2605/2195/2793
f 2601/1807/2794 2615/2198/2794 2600/1804/2794
f 238/2199/2795 236/2200/2795 220/2201/2795
f 2601/1807/2796 2614/2202/2796 2615/2198/2796
f 2611/1812/2797 2613/2203/2797 2601/1807/2797
f 2601/1807/2798 2613/2203/2798 2614/2202/2798
f 3424/2204/2799 3370/2205/2799 3369/2206/2799
f 2613/2203/2800 2611/1812/2800 2626/2207/2800
f 3377/2208/2801 3370/2205/2801 3424/2204/2801
f 220/2201/2802 217/2209/2802 237/1376/2802
f 2611/1812/2803 2628/1816/2803 2627/2210/2803
f 2611/1812/2804 2627/2210/2804 2626/2207/2804
f 2627/2210/2805 2664/2211/2805 2626/2207/2805
f 3019/2212/2806 3020/2213/2806 3021/2214/2806
f 2628/1816/2807 2665/2215/2807 2664/2211/2807
f 2628/1816/2808 2664/2211/2808 2627/2210/2808
f 237/1376/2809 217/2209/2809 230/1505/2809
f 217/2209/2810 199/2216/2810 230/1505/2810
f 230/1505/2811 199/2216/2811 231/1506/2811
f 231/1506/2812 199/2216/2812 198/2217/2812
f 198/2217/2813 195/2218/2813 223/1507/2813
f 231/1506/2814 198/2217/2814 223/1507/2814
f 195/2218/2815 189/2219/2815 223/1507/2815
f 223/1507/2816 189/2219/2816 221/1508/2816
f 221/1508/2817 189/2219/2817 186/2220/2817
f 221/1508/2818 186/2220/2818 222/1509/2818
f 222/1509/2819 186/2220/2819 173/2221/2819
f 222/1509/2820 173/2221/2820 233/1820/2820
f 173/2221/2821 176/2222/2821 233/1820/2821
f 233/1820/2822 176/2222/2822 232/1512/2822
f 232/1512/2823 176/2222/2823 183/2223/2823
f 229/2224/2824 183/2223/2824 185/2225/2824
f 229/2224/2825 185/2225/2825 225/2226/2825
f 225/2226/2826 185/2225/2826 218/2227/2826
f 185/2225/2827 211/2228/2827 218/2227/2827
f 218/2227/2828 211/2228/2828 224/2229/2828
f 224/2229/2829 211/2228/2829 212/2230/2829
f 212/2230/2830 213/2231/2830 226/2232/2830
f 213/2231/2831 214/2233/2831 227/2234/2831
f 226/2232/2832 213/2231/2832 227/2234/2832
f 227/2234/2833 214/2233/2833 215/2235/2833
f 227/2234/2834 215/2235/2834 228/2236/2834
f 776/2237/2835 762/2238/2835 775/2239/2835
f 775/2239/2836 762/2238/2836 751/2240/2836
f 460/1521/2837 462/2241/2837 452/1389/2837
f 775/2239/2838 751/2240/2838 756/2242/2838
f 452/1389/2839 462/2241/2839 504/2243/2839
f 452/1389/2840 504/2243/2840 457/1831/2840
f 443/1522/2841 457/1831/2841 471/2244/2841
f 443/1522/2842 471/2244/2842 444/1832/2842
f 444/1832/2843 471/2244/2843 445/1390/2843
f 471/2244/2844 463/2245/2844 445/1390/2844
f 463/2245/2845 449/1525/2845 445/1390/2845
f 449/1525/2846 463/2245/2846 459/2246/2846
f 449/1525/2847 459/2246/2847 451/1833/2847
f 742/2247/2848 740/2248/2848 829/2249/2848
f 472/2250/2849 458/1526/2849 451/1833/2849
f 829/2249/2850 740/2248/2850 736/2251/2850
f 472/2250/2851 473/1527/2851 458/1526/2851
f 735/2252/2852 734/2253/2852 826/2254/2852
f 826/2254/2853 734/2253/2853 731/2255/2853
f 477/1834/2854 510/2256/2854 478/1835/2854
f 510/2256/2855 480/1836/2855 478/1835/2855
f 768/2257/2856 729/2258/2856 828/2259/2856
f 828/2259/2857 729/2258/2857 727/2260/2857
f 483/1839/2858 481/1838/2858 495/1840/2858
f 495/1840/2859 509/2261/2859 484/1841/2859
f 484/1841/2860 509/2261/2860 332/2262/2860
f 332/2262/2861 317/1842/2861 484/1841/2861
f 1546/1843/2862 1547/2263/2862 1545/1529/2862
f 317/1842/2863 332/2262/2863 331/2264/2863
f 1571/1846/2864 1547/2263/2864 1546/1843/2864
f 317/1842/2865 331/2264/2865 315/1845/2865
f 814/2265/2866 721/2266/2866 818/2267/2866
f 818/2267/2867 721/2266/2867 718/2268/2867
f 718/2268/2868 715/2269/2868 827/2270/2868
f 818/2267/2869 718/2268/2869 827/2270/2869
f 715/2269/2870 812/2271/2870 827/2270/2870
f 834/1852/2871 844/2272/2871 837/1853/2871
f 318/1533/2872 330/2273/2872 321/1534/2872
f 321/1534/2873 330/2273/2873 326/1535/2873
f 1572/1539/2874 1573/1854/2874 1566/2274/2874
f 1596/2275/2875 1593/2276/2875 1573/1854/2875
f 1597/1538/2876 1596/2275/2876 1573/1854/2876
f 1409/1856/2877 1412/2277/2877 1407/1857/2877
f 1412/2277/2878 1417/2278/2878 1414/1858/2878
f 1407/1857/2879 1412/2277/2879 1414/1858/2879
f 4396/2279/2880 4393/2280/2880 4397/2281/2880
f 4993/2282/2881 4991/2283/2881 4992/2284/2881
f 2001/2013/2882 2008/2285/2882 2002/2019/2882
f 1360/2286/2883 1350/2055/2883 1361/2054/2883
f 2004/2035/2884 2008/2285/2884 2005/2044/2884
f 3402/2287/2885 3394/2288/2885 3417/2289/2885
f 2005/2044/2886 2008/2285/2886 2000/2056/2886
f 1350/2055/2887 1343/2290/2887 1344/2075/2887
f 2042/2291/2888 2039/2292/2888 2040/2293/2888
f 1344/2075/2889 1310/2294/2889 1345/2083/2889
f 1342/2295/2890 1309/2296/2890 1306/2297/2890
f 3595/2298/2891 3591/2299/2891 3596/2300/2891
f 1304/2301/2892 1298/2302/2892 1320/2303/2892
f 1317/2304/2893 1297/2305/2893 1318/2306/2893
f 1319/2307/2894 1292/2308/2894 1325/2309/2894
f 1325/2309/2895 1292/2308/2895 1321/2310/2895
f 3096/2311/2896 3100/2312/2896 3093/2313/2896
f 3100/2312/2897 3098/2314/2897 3093/2313/2897
f 1383/2315/2898 1326/2316/2898 1324/2317/2898
f 1326/2316/2899 1316/2318/2899 1324/2317/2899
f 1339/2319/2900 1331/2320/2900 1338/2321/2900
f 1379/2322/2901 1339/2319/2901 1338/2321/2901
f 1331/2320/2902 1337/2323/2902 1338/2321/2902
f 236/2200/2903 234/2324/2903 220/2201/2903
f 217/2209/2904 216/2325/2904 199/2216/2904
f 195/2218/2905 188/2326/2905 189/2219/2905
f 189/2219/2906 188/2326/2906 186/2220/2906
f 186/2220/2907 174/2327/2907 173/2221/2907
f 173/2221/2908 174/2327/2908 175/2328/2908
f 173/2221/2909 175/2328/2909 176/2222/2909
f 176/2222/2910 182/2329/2910 183/2223/2910
f 183/2223/2911 182/2329/2911 185/2225/2911
f 211/2228/2912 203/2330/2912 212/2230/2912
f 213/2231/2913 206/2331/2913 214/2233/2913
f 214/2233/2914 210/2332/2914 215/2235/2914
f 751/2240/2915 755/2333/2915 756/2242/2915
f 755/2333/2916 748/2334/2916 754/2335/2916
f 736/2251/2917 733/2336/2917 735/2252/2917
f 735/2252/2918 733/2336/2918 734/2253/2918
f 734/2253/2919 733/2336/2919 731/2255/2919
f 731/2255/2920 729/2258/2920 768/2257/2920
f 729/2258/2921 725/2337/2921 727/2260/2921
f 727/2260/2922 725/2337/2922 726/2338/2922
f 777/2339/2923 724/2340/2923 722/2341/2923
f 1547/2263/2924 1548/2342/2924 1545/1529/2924
f 1545/1529/2925 1548/2342/2925 1551/2343/2925
f 1545/1529/2926 1551/2343/2926 1552/1844/2926
f 1571/1846/2927 1582/2344/2927 1547/2263/2927
f 722/2341/2928 720/2345/2928 721/2266/2928
f 840/1848/2929 845/1847/2929 839/2346/2929
f 840/1848/2930 839/2346/2930 833/1532/2930
f 812/2271/2931 817/2347/2931 824/2348/2931
f 824/2348/2932 825/2349/2932 831/2350/2932
f 1596/2275/2933 1598/2351/2933 1593/2276/2933
f 837/1853/2934 852/2352/2934 863/2353/2934
f 1411/1855/2935 1432/2354/2935 1418/2355/2935
f 1411/1855/2936 1418/2355/2936 1409/1856/2936
f 1409/1856/2937 1418/2355/2937 1412/2277/2937
f 1412/2277/2938 1430/2356/2938 1417/2278/2938
f 4830/2357/2939 4270/2358/2939 4361/2359/2939
f 4263/2360/2940 4282/2361/2940 4262/2362/2940
f 4991/2283/2941 4282/2361/2941 4990/2363/2941
f 1375/2364/2942 1370/2365/2942 1376/2006/2942
f 1377/2007/2943 1370/2365/2943 1369/2366/2943
f 1369/2366/2944 1365/2367/2944 1368/2368/2944
f 1365/2367/2945 1359/2369/2945 1362/2370/2945
f 1359/2369/2946 1357/2371/2946 1362/2370/2946
f 1353/2372/2947 1343/2290/2947 1350/2055/2947
f 1298/2302/2948 1295/2373/2948 1297/2305/2948
f 1319/2307/2949 1293/2374/2949 1292/2308/2949
f 1292/2308/2950 1284/2375/2950 1321/2310/2950
f 1335/2376/2951 1282/2377/2951 1279/2378/2951
f 1328/2379/2952 1279/2378/2952 1281/2380/2952
f 1328/2379/2953 1281/2380/2953 1316/2318/2953
f 1328/2379/2954 1316/2318/2954 1327/2381/2954
f 1324/2317/2955 1315/2382/2955 1313/2383/2955
f 1313/2383/2956 1322/2384/2956 1329/2385/2956
f 1334/2386/2957 1313/2383/2957 1329/2385/2957
f 1329/2385/2958 1322/2384/2958 1330/2387/2958
f 1329/2385/2959 1330/2387/2959 1331/2320/2959
f 1331/2320/2960 1333/2388/2960 1337/2323/2960
f 1337/2323/2961 1349/2389/2961 1338/2321/2961
f 236/2200/2962 235/2390/2962 234/2324/2962
f 234/2324/2963 219/2391/2963 220/2201/2963
f 220/2201/2964 219/2391/2964 217/2209/2964
f 199/2216/2965 197/2392/2965 198/2217/2965
f 198/2217/2966 197/2392/2966 195/2218/2966
f 188/2326/2967 187/2393/2967 186/2220/2967
f 186/2220/2968 187/2393/2968 174/2327/2968
f 174/2327/2969 177/2394/2969 175/2328/2969
f 175/2328/2970 182/2329/2970 176/2222/2970
f 192/2395/2971 202/2396/2971 185/2225/2971
f 203/2330/2972 206/2331/2972 212/2230/2972
f 206/2331/2973 209/2397/2973 210/2332/2973
f 762/2238/2974 757/2398/2974 751/2240/2974
f 748/2334/2975 747/2399/2975 744/2400/2975
f 744/2400/2976 743/2401/2976 738/2402/2976
f 733/2336/2977 732/2403/2977 731/2255/2977
f 731/2255/2978 730/2404/2978 729/2258/2978
f 729/2258/2979 728/2405/2979 725/2337/2979
f 725/2337/2980 723/2406/2980 720/2345/2980
f 725/2337/2981 720/2345/2981 724/2340/2981
f 1547/2263/2982 1549/2407/2982 1548/2342/2982
f 1582/2344/2983 1585/2408/2983 1547/2263/2983
f 720/2345/2984 719/2409/2984 718/2268/2984
f 719/2409/2985 717/2410/2985 718/2268/2985
f 845/1847/2986 846/2411/2986 839/2346/2986
f 718/2268/2987 717/2410/2987 715/2269/2987
f 715/2269/2988 717/2410/2988 716/2412/2988
f 839/2346/2989 838/2413/2989 833/1532/2989
f 833/1532/2990 838/2413/2990 834/1852/2990
f 713/2414/2991 714/2415/2991 715/2269/2991
f 838/2413/2992 843/2416/2992 834/1852/2992
f 715/2269/2993 714/2415/2993 812/2271/2993
f 812/2271/2994 714/2415/2994 817/2347/2994
f 1566/2274/2995 1579/2417/2995 1578/2418/2995
f 834/1852/2996 843/2416/2996 844/2272/2996
f 824/2348/2997 817/2347/2997 825/2349/2997
f 1598/2351/2998 1586/2419/2998 1593/2276/2998
f 1593/2276/2999 1586/2419/2999 1573/1854/2999
f 843/2416/3000 852/2352/3000 837/1853/3000
f 844/2272/3001 843/2416/3001 837/1853/3001
f 3790/2420/3002 3674/2421/3002 3672/2422/3002
f 1432/2354/3003 1431/2423/3003 1418/2355/3003
f 1431/2423/3004 1419/2424/3004 1418/2355/3004
f 1418/2355/3005 1419/2424/3005 1412/2277/3005
f 1419/2424/3006 1429/2425/3006 1412/2277/3006
f 1412/2277/3007 1429/2425/3007 1430/2356/3007
f 1370/2365/3008 1372/2426/3008 1365/2367/3008
f 1343/2290/3009 1348/2427/3009 1311/2428/3009
f 1310/2294/3010 1308/2429/3010 1309/2296/3010
f 1309/2296/3011 1308/2429/3011 1302/2430/3011
f 1297/2305/3012 1295/2373/3012 1293/2374/3012
f 1293/2374/3013 1289/2431/3013 1292/2308/3013
f 1292/2308/3014 1289/2431/3014 1284/2375/3014
f 1282/2377/3015 1280/2432/3015 1279/2378/3015
f 1279/2378/3016 1280/2432/3016 1281/2380/3016
f 1281/2380/3017 1286/2433/3017 1316/2318/3017
f 1286/2433/3018 1291/2434/3018 1316/2318/3018
f 1315/2382/3019 1291/2434/3019 1313/2383/3019
f 1333/2388/3020 1349/2389/3020 1337/2323/3020
f 235/2390/3021 219/2391/3021 234/2324/3021
f 199/2216/3022 200/2435/3022 197/2392/3022
f 197/2392/3023 196/2436/3023 195/2218/3023
f 195/2218/3024 196/2436/3024 191/2437/3024
f 195/2218/3025 191/2437/3025 188/2326/3025
f 191/2437/3026 190/2438/3026 188/2326/3026
f 188/2326/3027 190/2438/3027 187/2393/3027
f 174/2327/3028 187/2393/3028 178/2439/3028
f 174/2327/3029 178/2439/3029 177/2394/3029
f 177/2394/3030 179/2440/3030 175/2328/3030
f 175/2328/3031 179/2440/3031 181/2441/3031
f 175/2328/3032 181/2441/3032 182/2329/3032
f 182/2329/3033 181/2441/3033 184/2442/3033
f 182/2329/3034 184/2442/3034 192/2395/3034
f 192/2395/3035 193/2443/3035 194/2444/3035
f 192/2395/3036 194/2444/3036 202/2396/3036
f 206/2331/3037 207/2445/3037 204/2446/3037
f 206/2331/3038 205/2447/3038 209/2397/3038
f 751/2240/3039 749/2448/3039 748/2334/3039
f 749/2448/3040 747/2399/3040 748/2334/3040
f 743/2401/3041 739/2449/3041 738/2402/3041
f 738/2402/3042 737/2450/3042 733/2336/3042
f 733/2336/3043 737/2450/3043 732/2403/3043
f 732/2403/3044 730/2404/3044 731/2255/3044
f 730/2404/3045 741/2451/3045 728/2405/3045
f 723/2406/3046 719/2409/3046 720/2345/3046
f 1555/2452/3047 1549/2407/3047 1585/2408/3047
f 716/2412/3048 713/2414/3048 715/2269/3048
f 838/2413/3049 856/2453/3049 843/2416/3049
f 817/2347/3050 819/2454/3050 825/2349/3050
f 825/2349/3051 819/2454/3051 832/2455/3051
f 843/2416/3052 856/2453/3052 852/2352/3052
f 852/2352/3053 856/2453/3053 866/2456/3053
f 3826/2457/3054 3807/2458/3054 3674/2421/3054
f 3826/2457/3055 3674/2421/3055 3790/2420/3055
f 1365/2367/3056 1366/2459/3056 1359/2369/3056
f 1359/2369/3057 1354/2460/3057 1357/2371/3057
f 1353/2372/3058 1354/2460/3058 1348/2427/3058
f 1298/2302/3059 1299/2461/3059 1295/2373/3059
f 1299/2461/3060 1300/2462/3060 1295/2373/3060
f 1293/2374/3061 1294/2463/3061 1289/2431/3061
f 1284/2375/3062 1288/2464/3062 1283/2465/3062
f 1290/2466/3063 1285/2467/3063 1280/2432/3063
f 1280/2432/3064 1285/2467/3064 1281/2380/3064
f 1281/2380/3065 1285/2467/3065 1286/2433/3065
f 1285/2467/3066 1287/2468/3066 1286/2433/3066
f 1286/2433/3067 1287/2468/3067 1291/2434/3067
f 1287/2468/3068 1312/2469/3068 1291/2434/3068
f 1312/2469/3069 1314/2470/3069 1313/2383/3069
f 1291/2434/3070 1312/2469/3070 1313/2383/3070
f 1314/2470/3071 1332/2471/3071 1322/2384/3071
f 1332/2471/3072 1336/2472/3072 1330/2387/3072
f 1330/2387/3073 1336/2472/3073 1333/2388/3073
f 1333/2388/3074 1336/2472/3074 1346/2473/3074
f 1346/2473/3075 1355/2474/3075 1349/2389/3075
f 4980/2475/3076 4977/2476/3076 4979/2477/3076
f 190/2438/3077 201/2478/3077 187/2393/3077
f 187/2393/3078 201/2478/3078 178/2439/3078
f 178/2439/3079 242/2479/3079 180/2480/3079
f 177/2394/3080 180/2480/3080 179/2440/3080
f 194/2444/3081 240/2481/3081 202/2396/3081
f 204/2446/3082 205/2447/3082 206/2331/3082
f 764/2482/3083 771/2483/3083 767/2484/3083
f 764/2482/3084 758/2485/3084 763/2486/3084
f 763/2486/3085 758/2485/3085 757/2398/3085
f 757/2398/3086 758/2485/3086 752/2487/3086
f 752/2487/3087 753/2488/3087 749/2448/3087
f 752/2487/3088 749/2448/3088 751/2240/3088
f 743/2401/3089 759/2489/3089 739/2449/3089
f 737/2450/3090 745/2490/3090 732/2403/3090
f 730/2404/3091 761/2491/3091 741/2451/3091
f 1555/2452/3092 1554/2492/3092 1549/2407/3092
f 1549/2407/3093 1554/2492/3093 1553/2493/3093
f 1549/2407/3094 1553/2493/3094 1548/2342/3094
f 1548/2342/3095 1553/2493/3095 1551/2343/3095
f 846/2411/3096 857/2494/3096 854/2495/3096
f 846/2411/3097 854/2495/3097 853/2496/3097
f 846/2411/3098 853/2496/3098 839/2346/3098
f 839/2346/3099 853/2496/3099 855/2497/3099
f 839/2346/3100 855/2497/3100 838/2413/3100
f 713/2414/3101 808/2498/3101 714/2415/3101
f 855/2497/3102 856/2453/3102 838/2413/3102
f 714/2415/3103 808/2498/3103 817/2347/3103
f 808/2498/3104 810/2499/3104 817/2347/3104
f 817/2347/3105 810/2499/3105 819/2454/3105
f 5017/2500/3106 5018/2501/3106 5022/2502/3106
f 3807/2458/3107 3787/2503/3107 3674/2421/3107
f 4766/2504/3108 4762/2505/3108 4767/2506/3108
f 4762/2505/3109 4771/2507/3109 4768/2508/3109
f 4767/2506/3110 4762/2505/3110 4768/2508/3110
f 3828/2509/3111 3809/2510/3111 3807/2458/3111
f 1288/2464/3112 1307/2511/3112 1283/2465/3112
f 1285/2467/3113 1347/2512/3113 1287/2468/3113
f 4976/2513/3114 4453/2514/3114 4567/2515/3114
f 4573/2516/3115 4455/2517/3115 4457/2518/3115
f 4461/2519/3116 4472/2520/3116 4565/2521/3116
f 2198/2522/3117 2191/2523/3117 2192/2524/3117
f 181/2441/3118 208/2525/3118 184/2442/3118
f 4477/2526/3119 4478/2527/3119 4548/2528/3119
f 4548/2528/3120 4478/2527/3120 4550/2529/3120
f 240/2481/3121 239/2530/3121 202/2396/3121
f 202/2396/3122 239/2530/3122 207/2445/3122
f 207/2445/3123 239/2530/3123 204/2446/3123
f 767/2484/3124 758/2485/3124 764/2482/3124
f 753/2488/3125 769/2531/3125 749/2448/3125
f 745/2490/3126 761/2491/3126 732/2403/3126
f 3643/2532/3127 3648/2533/3127 3641/2534/3127
f 761/2491/3128 766/2535/3128 741/2451/3128
f 741/2451/3129 766/2535/3129 760/2536/3129
f 1555/2452/3130 1556/2537/3130 1554/2492/3130
f 1591/2538/3131 1556/2537/3131 1590/2539/3131
f 853/2496/3132 858/2540/3132 855/2497/3132
f 773/2541/3133 774/2542/3133 716/2412/3133
f 716/2412/3134 774/2542/3134 713/2414/3134
f 5019/2543/3135 5020/2544/3135 5018/2501/3135
f 3787/2503/3136 3664/2545/3136 3673/2546/3136
f 5016/2547/3137 5014/2548/3137 5015/2549/3137
f 5349/2550/3138 5350/2551/3138 5351/2552/3138
f 1694/2553/3139 1695/2554/3139 1693/2555/3139
f 1694/2553/3140 1697/2556/3140 1695/2554/3140
f 2195/2557/3141 2193/2558/3141 2194/2559/3141
f 2194/2559/3142 2193/2558/3142 2177/2560/3142
f 2194/2559/3143 2177/2560/3143 2188/2561/3143
f 2177/2560/3144 2175/2562/3144 2176/2563/3144
f 2188/2561/3145 2177/2560/3145 2176/2563/3145
f 2177/2560/3146 2178/2564/3146 2175/2562/3146
f 2175/2562/3147 2178/2564/3147 2170/2565/3147
f 2178/2564/3148 2184/2566/3148 2170/2565/3148
f 2185/2567/3149 2146/2568/3149 2141/2569/3149
f 2135/2570/3150 2129/2571/3150 2141/2569/3150
f 2146/2568/3151 2135/2570/3151 2141/2569/3151
f 4476/2572/3152 4485/2573/3152 4479/2574/3152
f 2125/2575/3153 2128/2576/3153 2135/2570/3153
f 4542/2577/3154 4543/2578/3154 4541/2579/3154
f 780/2580/3155 781/2581/3155 778/2582/3155
f 1557/2583/3156 1558/2584/3156 1553/2493/3156
f 857/2494/3157 867/2585/3157 860/2586/3157
f 5160/2587/3158 5130/2588/3158 5161/2589/3158
f 854/2495/3159 860/2586/3159 858/2540/3159
f 4758/2590/3160 4757/2591/3160 4761/2592/3160
f 4770/2593/3161 4753/2594/3161 4755/2595/3161
f 4756/2596/3162 4757/2591/3162 4758/2590/3162
f 1684/2597/3163 1678/2598/3163 1680/2599/3163
f 1680/2599/3164 1679/2600/3164 1681/2601/3164
f 2063/2602/3165 2066/2603/3165 2064/2604/3165
f 1680/2599/3166 1688/2605/3166 1684/2597/3166
f 2180/2606/3167 2179/2607/3167 2169/2608/3167
f 1682/2609/3168 1686/2610/3168 1680/2599/3168
f 1680/2599/3169 1686/2610/3169 1688/2605/3169
f 2179/2607/3170 2176/2563/3170 2169/2608/3170
f 2064/2604/3171 2073/2611/3171 2065/2612/3171
f 2062/2613/3172 2064/2604/3172 2065/2612/3172
f 2176/2563/3173 2175/2562/3173 2169/2608/3173
f 2065/2612/3174 2073/2611/3174 2074/2614/3174
f 2175/2562/3175 2170/2565/3175 2169/2608/3175
f 2184/2566/3176 2178/2564/3176 2145/2615/3176
f 2078/2616/3177 2083/2617/3177 2086/2618/3177
f 2178/2564/3178 2185/2567/3178 2145/2615/3178
f 2141/2569/3179 2136/2619/3179 2145/2615/3179
f 2185/2567/3180 2141/2569/3180 2145/2615/3180
f 2141/2569/3181 2129/2571/3181 2136/2619/3181
f 2093/2620/3182 2092/2621/3182 2115/2622/3182
f 3806/2623/3183 3811/2624/3183 3810/2625/3183
f 2125/2575/3184 2126/2626/3184 2127/2627/3184
f 2125/2575/3185 2127/2627/3185 2128/2576/3185
f 2135/2570/3186 2128/2576/3186 2129/2571/3186
f 4480/2628/3187 4479/2574/3187 4481/2629/3187
f 4480/2628/3188 4482/2630/3188 4486/2631/3188
f 4554/2632/3189 5092/2633/3189 4553/2634/3189
f 3746/2635/3190 3652/2636/3190 3651/2637/3190
f 781/2581/3191 784/2638/3191 783/2639/3191
f 781/2581/3192 783/2639/3192 782/2640/3192
f 782/2640/3193 783/2639/3193 789/2641/3193
f 789/2641/3194 797/2642/3194 796/2643/3194
f 789/2641/3195 796/2643/3195 790/2644/3195
f 4998/2645/3196 4984/2646/3196 5063/2647/3196
f 4569/2648/3197 4465/2649/3197 4463/2650/3197
f 1678/2598/3198 1684/2597/3198 1675/2651/3198
f 1678/2598/3199 1677/2652/3199 1679/2600/3199
f 2180/2606/3200 2161/2653/3200 2163/2654/3200
f 1675/2651/3201 1684/2597/3201 1687/2655/3201
f 2161/2653/3202 2162/2656/3202 2163/2654/3202
f 1679/2600/3203 1680/2599/3203 1678/2598/3203
f 2068/2657/3204 2067/2658/3204 2066/2603/3204
f 2161/2653/3205 2168/2659/3205 2162/2656/3205
f 2066/2603/3206 2067/2658/3206 2064/2604/3206
f 2161/2653/3207 2169/2608/3207 2168/2659/3207
f 2067/2658/3208 2075/2660/3208 2064/2604/3208
f 2170/2565/3209 2182/2661/3209 2168/2659/3209
f 2169/2608/3210 2170/2565/3210 2168/2659/3210
f 2170/2565/3211 2184/2566/3211 2183/2662/3211
f 2170/2565/3212 2183/2662/3212 2182/2661/3212
f 2183/2662/3213 2139/2663/3213 2182/2661/3213
f 2184/2566/3214 2145/2615/3214 2183/2662/3214
f 2145/2615/3215 2137/2664/3215 2183/2662/3215
f 2145/2615/3216 2132/2665/3216 2137/2664/3216
f 2127/2627/3217 2130/2666/3217 2129/2571/3217
f 4482/2630/3218 4481/2629/3218 4552/2667/3218
f 3629/2668/3219 3603/2669/3219 3631/2670/3219
f 3638/2671/3220 3738/2672/3220 3640/2673/3220
f 4539/2674/3221 4507/2675/3221 4824/2676/3221
f 4516/2677/3222 4517/2678/3222 4518/2679/3222
f 794/2680/3223 795/2681/3223 787/2682/3223
f 787/2682/3224 785/2683/3224 786/2684/3224
f 786/2684/3225 785/2683/3225 781/2581/3225
f 781/2581/3226 785/2683/3226 784/2638/3226
f 797/2642/3227 822/2685/3227 823/2686/3227
f 5404/2687/3228 5402/2688/3228 5403/2689/3228
f 5026/2690/3229 5133/2691/3229 5000/2692/3229
f 1674/2693/3230 1677/2652/3230 1675/2651/3230
f 1674/2693/3231 1675/2651/3231 1676/2694/3231
f 2061/2695/3232 2071/2696/3232 2070/2697/3232
f 1675/2651/3233 1687/2655/3233 1683/2698/3233
f 1676/2694/3234 1675/2651/3234 1683/2698/3234
f 2187/2699/3235 2163/2654/3235 2164/2700/3235
f 2163/2654/3236 2162/2656/3236 2164/2700/3236
f 2162/2656/3237 2166/2701/3237 2165/2702/3237
f 2164/2700/3238 2162/2656/3238 2165/2702/3238
f 2070/2697/3239 2069/2703/3239 2068/2657/3239
f 2068/2657/3240 2069/2703/3240 2067/2658/3240
f 2162/2656/3241 2168/2659/3241 2166/2701/3241
f 2166/2701/3242 2168/2659/3242 2171/2704/3242
f 2069/2703/3243 2076/2705/3243 2067/2658/3243
f 2168/2659/3244 2182/2661/3244 2147/2706/3244
f 2168/2659/3245 2147/2706/3245 2171/2704/3245
f 2182/2661/3246 2148/2707/3246 2147/2706/3246
f 2183/2662/3247 2137/2664/3247 2139/2663/3247
f 4549/2708/3248 4498/2709/3248 4501/2710/3248
f 4511/2711/3249 4510/2712/3249 4512/2713/3249
f 795/2681/3250 788/2714/3250 787/2682/3250
f 787/2682/3251 788/2714/3251 785/2683/3251
f 785/2683/3252 793/2715/3252 784/2638/3252
f 4999/2716/3253 5116/2717/3253 5002/2718/3253
f 784/2638/3254 793/2715/3254 783/2639/3254
f 783/2639/3255 799/2719/3255 804/2720/3255
f 783/2639/3256 804/2720/3256 791/2721/3256
f 791/2721/3257 804/2720/3257 797/2642/3257
f 797/2642/3258 804/2720/3258 815/2722/3258
f 815/2722/3259 816/2723/3259 822/2685/3259
f 5402/2688/3260 5401/2724/3260 5400/2725/3260
f 5402/2688/3261 5400/2725/3261 5403/2689/3261
f 5133/2691/3262 5001/2726/3262 5000/2692/3262
f 5000/2692/3263 5001/2726/3263 4997/2727/3263
f 2164/2700/3264 2165/2702/3264 2174/2728/3264
f 1685/2729/3265 1689/2730/3265 1690/2731/3265
f 2165/2702/3266 2166/2701/3266 2167/2732/3266
f 2069/2703/3267 2071/2696/3267 2077/2733/3267
f 2166/2701/3268 2171/2704/3268 2151/2734/3268
f 2166/2701/3269 2151/2734/3269 2167/2732/3269
f 2171/2704/3270 2144/2735/3270 2151/2734/3270
f 2077/2733/3271 2084/2736/3271 2076/2705/3271
f 2171/2704/3272 2147/2706/3272 2144/2735/3272
f 2147/2706/3273 2142/2737/3273 2144/2735/3273
f 4800/2738/3274 4552/2667/3274 4483/2739/3274
f 4509/2740/3275 4528/2741/3275 4524/2742/3275
f 798/2743/3276 792/2744/3276 788/2714/3276
f 788/2714/3277 792/2744/3277 785/2683/3277
f 785/2683/3278 792/2744/3278 793/2715/3278
f 5397/2745/3279 5398/2746/3279 5393/2747/3279
f 1696/2748/3280 1685/2729/3280 1691/2749/3280
f 1685/2729/3281 1690/2731/3281 1691/2749/3281
f 1691/2749/3282 1690/2731/3282 1692/2750/3282
f 2174/2728/3283 2173/2751/3283 2186/2752/3283
f 2165/2702/3284 2172/2753/3284 2173/2751/3284
f 2174/2728/3285 2165/2702/3285 2173/2751/3285
f 2165/2702/3286 2167/2732/3286 2172/2753/3286
f 2072/2754/3287 2082/2755/3287 2077/2733/3287
f 2167/2732/3288 2152/2756/3288 2172/2753/3288
f 2167/2732/3289 2151/2734/3289 2152/2756/3289
f 5314/2757/3290 5312/2758/3290 5311/2759/3290
f 4561/2760/3291 5103/2761/3291 4777/2762/3291
f 5166/2763/3292 5124/2764/3292 4778/2765/3292
f 830/2766/3293 809/2767/3293 803/2768/3293
f 830/2766/3294 803/2768/3294 792/2744/3294
f 792/2744/3295 803/2768/3295 802/2769/3295
f 802/2769/3296 801/2770/3296 793/2715/3296
f 793/2715/3297 801/2770/3297 800/2771/3297
f 793/2715/3298 800/2771/3298 799/2719/3298
f 799/2719/3299 800/2771/3299 807/2772/3299
f 800/2771/3300 813/2773/3300 816/2723/3300
f 807/2772/3301 800/2771/3301 816/2723/3301
f 2186/2752/3302 2173/2751/3302 2181/2774/3302
f 2056/2775/3303 2080/2776/3303 2079/2777/3303
f 2181/2774/3304 2172/2753/3304 2152/2756/3304
f 2159/2778/3305 2157/2779/3305 2150/2780/3305
f 4825/2781/3306 4590/2782/3306 4670/2783/3306
f 4670/2783/3307 4590/2782/3307 4587/2784/3307
f 4670/2783/3308 4587/2784/3308 4800/2738/3308
f 4587/2784/3309 4671/2785/3309 4672/2786/3309
f 4800/2738/3310 4587/2784/3310 4672/2786/3310
f 5157/2787/3311 4732/2788/3311 4711/2789/3311
f 809/2767/3312 805/2790/3312 803/2768/3312
f 803/2768/3313 805/2790/3313 801/2770/3313
f 803/2768/3314 801/2770/3314 802/2769/3314
f 4792/2791/3315 4791/2792/3315 4793/2793/3315
f 4774/2794/3316 4734/2795/3316 4733/2796/3316
f 4733/2796/3317 4734/2795/3317 4562/2797/3317
f 5268/2798/3318 5266/2799/3318 5267/2800/3318
f 4825/2781/3319 4668/2801/3319 4590/2782/3319
f 5278/2802/3320 5279/2803/3320 5280/2804/3320
f 4791/2792/3321 4790/2805/3321 4795/2806/3321
f 5169/2807/3322 4669/2808/3322 4774/2794/3322
f 3556/2809/3323 3557/2810/3323 3558/2811/3323
f 2683/2812/3324 2684/2813/3324 2685/2814/3324
f 2999/2815/3325 3000/2816/3325 3001/2817/3325
f 3009/2818/3326 3005/2819/3326 3007/2820/3326
f 3005/2819/3327 3006/2821/3327 3007/2820/3327
f 2999/2815/3328 3001/2817/3328 3004/2822/3328
f 5292/2823/3329 5294/2824/3329 5293/2825/3329
f 5126/2826/3330 5125/2827/3330 4701/2828/3330
f 4701/2828/3331 5125/2827/3331 4730/2829/3331
f 4701/2828/3332 4730/2829/3332 4695/2830/3332
f 2259/2831/3333 2331/2832/3333 2260/2833/3333
f 2331/2832/3334 2330/2834/3334 2260/2833/3334
f 2260/2833/3335 2330/2834/3335 2295/2835/3335
f 2295/2835/3336 2330/2834/3336 2342/2836/3336
f 2295/2835/3337 2342/2836/3337 2341/2837/3337
f 2258/2838/3338 2358/2839/3338 2345/2840/3338
f 2344/2841/3339 2331/2832/3339 2259/2831/3339
f 2331/2832/3340 2332/2842/3340 2330/2834/3340
f 2395/2843/3341 2389/2844/3341 2396/2845/3341
f 2396/2845/3342 2389/2844/3342 2385/2846/3342
f 2255/2847/3343 2269/2848/3343 2369/2849/3343
f 2255/2847/3344 2369/2849/3344 2374/2850/3344
f 2374/2850/3345 2369/2849/3345 2370/2851/3345
f 2374/2850/3346 2370/2851/3346 2375/2852/3346
f 2374/2850/3347 2375/2852/3347 2358/2839/3347
f 2358/2839/3348 2375/2852/3348 2356/2853/3348
f 2358/2839/3349 2356/2853/3349 2345/2840/3349
f 2345/2840/3350 2356/2853/3350 2343/2854/3350
f 2345/2840/3351 2343/2854/3351 2344/2841/3351
f 2344/2841/3352 2343/2854/3352 2331/2832/3352
f 2331/2832/3353 2343/2854/3353 2333/2855/3353
f 2331/2832/3354 2333/2855/3354 2332/2842/3354
f 2395/2843/3355 2397/2856/3355 2391/2857/3355
f 2395/2843/3356 2391/2857/3356 2389/2844/3356
f 3233/2858/3357 3157/2859/3357 3261/2860/3357
f 2269/2848/3358 2316/2861/3358 2360/2862/3358
f 2269/2848/3359 2360/2862/3359 2368/2863/3359
f 2269/2848/3360 2368/2863/3360 2369/2849/3360
f 2369/2849/3361 2368/2863/3361 2370/2851/3361
f 2356/2853/3362 2357/2864/3362 2343/2854/3362
f 2343/2854/3363 2357/2864/3363 2351/2865/3363
f 2401/2866/3364 2400/2867/3364 2397/2856/3364
f 2343/2854/3365 2351/2865/3365 2333/2855/3365
f 2397/2856/3366 2400/2867/3366 2399/2868/3366
f 2397/2856/3367 2399/2868/3367 2398/2869/3367
f 2397/2856/3368 2398/2869/3368 2391/2857/3368
f 3232/2870/3369 3233/2858/3369 3256/2871/3369
f 3259/2872/3370 3232/2870/3370 3256/2871/3370
f 2318/2873/3371 2317/2874/3371 2275/2875/3371
f 2318/2873/3372 2275/2875/3372 2355/2876/3372
f 2275/2875/3373 2317/2874/3373 2316/2861/3373
f 2360/2862/3374 2316/2861/3374 2361/2877/3374
f 2357/2864/3375 2366/2878/3375 2351/2865/3375
f 2401/2866/3376 2403/2879/3376 2402/2880/3376
f 2401/2866/3377 2402/2880/3377 2400/2867/3377
f 2400/2867/3378 2402/2880/3378 2404/2881/3378
f 2400/2867/3379 2404/2881/3379 2399/2868/3379
f 3262/2882/3380 3195/2883/3380 3250/2884/3380
f 2320/2885/3381 2319/2886/3381 2318/2873/3381
f 3225/2887/3382 3190/2888/3382 3263/2889/3382
f 2318/2873/3383 2319/2886/3383 2317/2874/3383
f 2317/2874/3384 2319/2886/3384 2348/2890/3384
f 2317/2874/3385 2348/2890/3385 2316/2861/3385
f 2316/2861/3386 2348/2890/3386 2372/2891/3386
f 2316/2861/3387 2372/2891/3387 2361/2877/3387
f 2372/2891/3388 2373/2892/3388 2361/2877/3388
f 2996/2893/3389 3002/2894/3389 3000/2816/3389
f 2997/2895/3390 2996/2893/3390 3000/2816/3390
f 3000/2816/3391 3002/2894/3391 3001/2817/3391
f 3192/2896/3392 3188/2897/3392 3238/2898/3392
f 3001/2817/3393 3002/2894/3393 3003/2899/3393
f 3003/2899/3394 3012/2900/3394 3010/2901/3394
f 3010/2901/3395 3012/2900/3395 3005/2819/3395
f 3005/2819/3396 3012/2900/3396 3008/2902/3396
f 3005/2819/3397 3008/2902/3397 3006/2821/3397
f 2403/2879/3398 2406/2903/3398 2405/2904/3398
f 3006/2821/3399 3008/2902/3399 3011/2905/3399
f 2403/2879/3400 2405/2904/3400 2402/2880/3400
f 3263/2889/3401 3190/2888/3401 3193/2906/3401
f 2319/2886/3402 2377/2907/3402 2348/2890/3402
f 2348/2890/3403 2377/2907/3403 2381/2908/3403
f 2348/2890/3404 2381/2908/3404 2372/2891/3404
f 2264/2909/3405 2287/2910/3405 2265/2911/3405
f 2265/2911/3406 2287/2910/3406 2359/2912/3406
f 2264/2909/3407 2294/2913/3407 2287/2910/3407
f 2287/2910/3408 2365/2914/3408 2359/2912/3408
f 1770/2915/3409 1769/2916/3409 1772/2917/3409
f 2261/2918/3410 2294/2913/3410 2264/2909/3410
f 2294/2913/3411 2340/2919/3411 2287/2910/3411
f 2287/2910/3412 2340/2919/3412 2365/2914/3412
f 2257/2920/3413 2256/2921/3413 2260/2833/3413
f 2257/2920/3414 2260/2833/3414 2261/2918/3414
f 2260/2833/3415 2295/2835/3415 2261/2918/3415
f 2261/2918/3416 2295/2835/3416 2294/2913/3416
f 2390/2922/3417 2392/2923/3417 2393/2924/3417
f 2254/2925/3418 2256/2921/3418 2257/2920/3418
f 2256/2921/3419 2259/2831/3419 2260/2833/3419
f 2295/2835/3420 2341/2837/3420 2294/2913/3420
f 2294/2913/3421 2341/2837/3421 2340/2919/3421
f 2247/2926/3422 2255/2847/3422 2254/2925/3422
f 2254/2925/3423 2255/2847/3423 2256/2921/3423
f 2256/2921/3424 2255/2847/3424 2258/2838/3424
f 2256/2921/3425 2258/2838/3425 2259/2831/3425
f 2394/2927/3426 2385/2846/3426 2388/2928/3426
f 2394/2927/3427 2388/2928/3427 2390/2922/3427
f 2390/2922/3428 2388/2928/3428 2387/2929/3428
f 2390/2922/3429 2387/2929/3429 2392/2923/3429
f 3073/2930/3430 3070/2931/3430 3072/2932/3430
f 3073/2930/3431 3072/2932/3431 3074/2933/3431
f 2303/2934/3432 2268/2935/3432 2279/2936/3432
f 2279/2936/3433 2268/2935/3433 2247/2926/3433
f 2268/2935/3434 2267/2937/3434 2247/2926/3434
f 2247/2926/3435 2267/2937/3435 2255/2847/3435
f 2385/2846/3436 2386/2938/3436 2387/2929/3436
f 2385/2846/3437 2387/2929/3437 2388/2928/3437
f 3257/2939/3438 3146/2940/3438 3202/2941/3438
f 2268/2935/3439 2305/2942/3439 2267/2937/3439
f 2275/2875/3440 2269/2848/3440 2267/2937/3440
f 2267/2937/3441 2269/2848/3441 2255/2847/3441
f 3233/2858/3442 3156/2943/3442 3157/2859/3442
f 2268/2935/3443 2339/2944/3443 2305/2942/3443
f 3074/2933/3444 3072/2932/3444 3075/2945/3444
f 2339/2944/3445 2288/2946/3445 2305/2942/3445
f 3449/2947/3446 3450/2948/3446 3451/2949/3446
f 2288/2946/3447 2275/2875/3447 2267/2937/3447
f 2305/2942/3448 2288/2946/3448 2267/2937/3448
f 3451/2949/3449 3450/2948/3449 3452/2950/3449
f 2288/2946/3450 2380/2951/3450 2355/2876/3450
f 2288/2946/3451 2355/2876/3451 2275/2875/3451
f 3166/2952/3452 3167/2953/3452 3224/2954/3452
f 2202/2955/3453 2301/2956/3453 2200/2957/3453
f 2301/2956/3454 2350/2958/3454 2200/2957/3454
f 2270/2959/3455 2301/2956/3455 2202/2955/3455
f 2301/2956/3456 2266/2960/3456 2350/2958/3456
f 2350/2958/3457 2266/2960/3457 2334/2961/3457
f 2270/2959/3458 2263/2962/3458 2266/2960/3458
f 2270/2959/3459 2266/2960/3459 2301/2956/3459
f 2266/2960/3460 2265/2911/3460 2334/2961/3460
f 2263/2962/3461 2265/2911/3461 2266/2960/3461
f 2262/2963/3462 2254/2925/3462 2257/2920/3462
f 2262/2963/3463 2257/2920/3463 2261/2918/3463
f 2262/2963/3464 2261/2918/3464 2263/2962/3464
f 2216/2964/3465 2217/2965/3465 2215/2966/3465
f 2217/2965/3466 2254/2925/3466 2215/2966/3466
f 3028/2967/3467 3027/2968/3467 3029/2969/3467
f 2230/2970/3468 2217/2965/3468 2216/2964/3468
f 2229/2971/3469 2230/2970/3469 2216/2964/3469
f 3067/2972/3470 3068/2973/3470 3069/2974/3470
f 3029/2969/3471 3027/2968/3471 3030/2975/3471
f 2274/2976/3472 2290/2977/3472 2230/2970/3472
f 2274/2976/3473 2230/2970/3473 2229/2971/3473
f 2230/2970/3474 2247/2926/3474 2217/2965/3474
f 2217/2965/3475 2247/2926/3475 2254/2925/3475
f 3069/2974/3476 3068/2973/3476 3070/2931/3476
f 3068/2973/3477 3071/2978/3477 3070/2931/3477
f 2290/2977/3478 2364/2979/3478 2279/2936/3478
f 2290/2977/3479 2279/2936/3479 2230/2970/3479
f 2279/2936/3480 2247/2926/3480 2230/2970/3480
f 3070/2931/3481 3071/2978/3481 3072/2932/3481
f 3206/2980/3482 3186/2981/3482 3165/2982/3482
f 2272/2983/3483 2203/2984/3483 2292/2985/3483
f 2292/2985/3484 2203/2984/3484 2293/2986/3484
f 2203/2984/3485 2199/2987/3485 2204/2988/3485
f 2293/2986/3486 2203/2984/3486 2204/2988/3486
f 2199/2987/3487 2200/2957/3487 2201/2989/3487
f 2204/2988/3488 2199/2987/3488 2201/2989/3488
f 2272/2983/3489 2270/2959/3489 2203/2984/3489
f 2270/2959/3490 2202/2955/3490 2203/2984/3490
f 2203/2984/3491 2202/2955/3491 2199/2987/3491
f 2273/2990/3492 2271/2991/3492 2272/2983/3492
f 2272/2983/3493 2271/2991/3493 2270/2959/3493
f 2212/2992/3494 2271/2991/3494 2273/2990/3494
f 2271/2991/3495 2262/2963/3495 2270/2959/3495
f 2212/2992/3496 2262/2963/3496 2271/2991/3496
f 2215/2966/3497 2254/2925/3497 2212/2992/3497
f 2212/2992/3498 2254/2925/3498 2262/2963/3498
f 2231/2993/3499 2229/2971/3499 2218/2994/3499
f 2229/2971/3500 2216/2964/3500 2218/2994/3500
f 2252/2995/3501 2251/2996/3501 2231/2993/3501
f 2231/2993/3502 2251/2996/3502 2229/2971/3502
f 3025/2997/3503 3027/2968/3503 3028/2967/3503
f 3025/2997/3504 3026/2998/3504 3027/2968/3504
f 2251/2996/3505 2274/2976/3505 2229/2971/3505
f 3210/2999/3506 3169/3000/3506 3212/3001/3506
f 3212/3001/3507 3169/3000/3507 3186/2981/3507
f 3186/2981/3508 3169/3000/3508 3161/3002/3508
f 3161/3002/3509 3149/3003/3509 3160/3004/3509
f 2302/3005/3510 2291/3006/3510 2277/3007/3510
f 2291/3006/3511 2249/3008/3511 2277/3007/3511
f 2277/3007/3512 2363/3009/3512 2362/3010/3512
f 2302/3005/3513 2277/3007/3513 2362/3010/3513
f 2249/3008/3514 2272/2983/3514 2277/3007/3514
f 2277/3007/3515 2272/2983/3515 2292/2985/3515
f 2277/3007/3516 2292/2985/3516 2363/3009/3516
f 2681/3011/3517 2678/3012/3517 2682/3013/3517
f 2214/3014/3518 2213/3015/3518 2249/3008/3518
f 2213/3015/3519 2273/2990/3519 2249/3008/3519
f 2249/3008/3520 2273/2990/3520 2272/2983/3520
f 2214/3014/3521 2211/3016/3521 2213/3015/3521
f 2211/3016/3522 2212/2992/3522 2213/3015/3522
f 2212/2992/3523 2273/2990/3523 2213/3015/3523
f 2241/3017/3524 2218/2994/3524 2219/3018/3524
f 2219/3018/3525 2218/2994/3525 2211/3016/3525
f 2211/3016/3526 2216/2964/3526 2215/2966/3526
f 2211/3016/3527 2215/2966/3527 2212/2992/3527
f 2218/2994/3528 2216/2964/3528 2211/3016/3528
f 2243/3019/3529 2244/3020/3529 2382/3021/3529
f 2241/3017/3530 2243/3019/3530 2218/2994/3530
f 2243/3019/3531 2382/3021/3531 2376/3022/3531
f 2243/3019/3532 2231/2993/3532 2218/2994/3532
f 2376/3022/3533 2306/3023/3533 2243/3019/3533
f 3201/3024/3534 3168/3025/3534 3211/3026/3534
f 2243/3019/3535 2306/3023/3535 2231/2993/3535
f 3211/3026/3536 3168/3025/3536 3162/3027/3536
f 2325/3028/3537 2284/3029/3537 2283/3030/3537
f 2325/3028/3538 2283/3030/3538 2326/3031/3538
f 2283/3030/3539 2371/3032/3539 2367/3033/3539
f 2326/3031/3540 2283/3030/3540 2367/3033/3540
f 2283/3030/3541 2291/3006/3541 2371/3032/3541
f 2224/3034/3542 2225/3035/3542 2284/3029/3542
f 2284/3029/3543 2225/3035/3543 2283/3030/3543
f 2225/3035/3544 2249/3008/3544 2283/3030/3544
f 2283/3030/3545 2249/3008/3545 2291/3006/3545
f 2220/3036/3546 2214/3014/3546 2221/3037/3546
f 2214/3014/3547 2249/3008/3547 2225/3035/3547
f 2211/3016/3548 2214/3014/3548 2220/3036/3548
f 2219/3018/3549 2211/3016/3549 2220/3036/3549
f 2248/3038/3550 2289/3039/3550 2354/3040/3550
f 2238/3041/3551 2242/3042/3551 2241/3017/3551
f 2238/3041/3552 2241/3017/3552 2219/3018/3552
f 2354/3040/3553 2244/3020/3553 2248/3038/3553
f 2248/3038/3554 2244/3020/3554 2242/3042/3554
f 2242/3042/3555 2244/3020/3555 2241/3017/3555
f 3260/3043/3556 3172/3044/3556 3171/3045/3556
f 2354/3040/3557 2382/3021/3557 2244/3020/3557
f 3163/3046/3558 3150/3047/3558 3152/3048/3558
f 3171/3045/3559 3163/3046/3559 3201/3024/3559
f 2335/3049/3560 2314/3050/3560 2315/3051/3560
f 2335/3049/3561 2315/3051/3561 2336/3052/3561
f 2335/3049/3562 2336/3052/3562 2337/3053/3562
f 2337/3053/3563 2336/3052/3563 2338/3054/3563
f 2337/3053/3564 2338/3054/3564 2383/3055/3564
f 2315/3051/3565 2282/3056/3565 2296/3057/3565
f 2315/3051/3566 2296/3057/3566 2276/3058/3566
f 2315/3051/3567 2276/3058/3567 2336/3052/3567
f 2336/3052/3568 2276/3058/3568 2325/3028/3568
f 2336/3052/3569 2325/3028/3569 2338/3054/3569
f 2338/3054/3570 2325/3028/3570 2378/3059/3570
f 2016/3060/3571 2010/3061/3571 2009/3062/3571
f 2276/3058/3572 2284/3029/3572 2325/3028/3572
f 2226/3063/3573 2276/3058/3573 2296/3057/3573
f 2276/3058/3574 2226/3063/3574 2224/3034/3574
f 2276/3058/3575 2224/3034/3575 2284/3029/3575
f 2221/3037/3576 2224/3034/3576 2226/3063/3576
f 2222/3064/3577 2220/3036/3577 2221/3037/3577
f 2221/3037/3578 2214/3014/3578 2224/3034/3578
f 2232/3065/3579 2238/3041/3579 2222/3064/3579
f 2219/3018/3580 2220/3036/3580 2222/3064/3580
f 2240/3066/3581 2239/3067/3581 2232/3065/3581
f 2222/3064/3582 2238/3041/3582 2219/3018/3582
f 2240/3066/3583 2289/3039/3583 2239/3067/3583
f 2232/3065/3584 2239/3067/3584 2238/3041/3584
f 3552/3068/3585 3553/3069/3585 3554/3070/3585
f 2289/3039/3586 2248/3038/3586 2239/3067/3586
f 2248/3038/3587 2242/3042/3587 2239/3067/3587
f 3552/3068/3588 3554/3070/3588 3555/3071/3588
f 3260/3043/3589 3181/3072/3589 3172/3044/3589
f 2208/3073/3590 2313/3074/3590 2210/3075/3590
f 2208/3073/3591 2281/3076/3591 2313/3074/3591
f 2210/3075/3592 2313/3074/3592 2314/3050/3592
f 1797/3077/3593 1793/3078/3593 1795/3079/3593
f 2281/3076/3594 2282/3056/3594 2313/3074/3594
f 2313/3074/3595 2282/3056/3595 2315/3051/3595
f 2313/3074/3596 2315/3051/3596 2314/3050/3596
f 2280/3080/3597 2223/3081/3597 2281/3076/3597
f 2223/3081/3598 2226/3063/3598 2282/3056/3598
f 2281/3076/3599 2223/3081/3599 2282/3056/3599
f 2282/3056/3600 2226/3063/3600 2296/3057/3600
f 2223/3081/3601 2221/3037/3601 2226/3063/3601
f 2228/3082/3602 2222/3064/3602 2227/3083/3602
f 2222/3064/3603 2223/3081/3603 2227/3083/3603
f 2223/3081/3604 2222/3064/3604 2221/3037/3604
f 2232/3065/3605 2222/3064/3605 2228/3082/3605
f 2352/3084/3606 2379/3085/3606 2240/3066/3606
f 2352/3084/3607 2240/3066/3607 2236/3086/3607
f 3022/3087/3608 3023/3088/3608 3024/3089/3608
f 2236/3086/3609 2240/3066/3609 2232/3065/3609
f 3177/3090/3610 3176/3091/3610 3218/3092/3610
f 2304/3093/3611 2206/3094/3611 2308/3095/3611
f 2206/3094/3612 2208/3073/3612 2207/3096/3612
f 2207/3096/3613 2208/3073/3613 2209/3097/3613
f 2304/3093/3614 2280/3080/3614 2206/3094/3614
f 2206/3094/3615 2280/3080/3615 2208/3073/3615
f 2246/3098/3616 2280/3080/3616 2304/3093/3616
f 2280/3080/3617 2281/3076/3617 2208/3073/3617
f 2280/3080/3618 2246/3098/3618 2223/3081/3618
f 2246/3098/3619 2227/3083/3619 2223/3081/3619
f 2233/3099/3620 2234/3100/3620 2232/3065/3620
f 2233/3099/3621 2232/3065/3621 2228/3082/3621
f 2234/3100/3622 2235/3101/3622 2232/3065/3622
f 2993/3102/3623 2994/3103/3623 2995/3104/3623
f 2353/3105/3624 2236/3086/3624 2235/3101/3624
f 3248/3106/3625 3178/3107/3625 3249/3108/3625
f 2235/3101/3626 2236/3086/3626 2232/3065/3626
f 2353/3105/3627 2352/3084/3627 2236/3086/3627
f 3249/3108/3628 3178/3107/3628 3255/3109/3628
f 2312/3110/3629 2310/3111/3629 2311/3112/3629
f 2311/3112/3630 2310/3111/3630 2205/3113/3630
f 2312/3110/3631 2309/3114/3631 2310/3111/3631
f 2312/3110/3632 2327/3115/3632 2309/3114/3632
f 2310/3111/3633 2308/3095/3633 2205/3113/3633
f 2309/3114/3634 2285/3116/3634 2310/3111/3634
f 2310/3111/3635 2285/3116/3635 2308/3095/3635
f 2285/3116/3636 2304/3093/3636 2308/3095/3636
f 2285/3116/3637 2246/3098/3637 2304/3093/3637
f 2285/3116/3638 2237/3117/3638 2246/3098/3638
f 2237/3117/3639 2227/3083/3639 2246/3098/3639
f 2245/3118/3640 2233/3099/3640 2237/3117/3640
f 2237/3117/3641 2233/3099/3641 2227/3083/3641
f 2691/3119/3642 2692/3120/3642 2693/3121/3642
f 2245/3118/3643 2346/3122/3643 2234/3100/3643
f 2245/3118/3644 2234/3100/3644 2233/3099/3644
f 3217/3123/3645 3179/3124/3645 3248/3106/3645
f 2346/3122/3646 2347/3125/3646 2234/3100/3646
f 2329/3126/3647 2328/3127/3647 2349/3128/3647
f 2329/3126/3648 2321/3129/3648 2307/3130/3648
f 2329/3126/3649 2307/3130/3649 2328/3127/3649
f 2328/3127/3650 2307/3130/3650 2327/3115/3650
f 2328/3127/3651 2327/3115/3651 2312/3110/3651
f 2307/3130/3652 2309/3114/3652 2327/3115/3652
f 2298/3131/3653 2253/3132/3653 2286/3133/3653
f 2298/3131/3654 2286/3133/3654 2307/3130/3654
f 2307/3130/3655 2286/3133/3655 2309/3114/3655
f 2286/3133/3656 2285/3116/3656 2309/3114/3656
f 2286/3133/3657 2237/3117/3657 2285/3116/3657
f 2253/3132/3658 2237/3117/3658 2286/3133/3658
f 2297/3134/3659 2278/3135/3659 2253/3132/3659
f 2686/3136/3660 2687/3137/3660 2688/3138/3660
f 2689/3139/3661 2686/3136/3661 2688/3138/3661
f 2278/3135/3662 2250/3140/3662 2253/3132/3662
f 2250/3140/3663 2237/3117/3663 2253/3132/3663
f 2250/3140/3664 2245/3118/3664 2237/3117/3664
f 2688/3138/3665 2687/3137/3665 2691/3119/3665
f 2691/3119/3666 2687/3137/3666 2692/3120/3666
f 3180/3141/3667 3185/3142/3667 3175/3143/3667
f 3131/3144/3668 3129/3145/3668 3128/3146/3668
f 2323/3147/3669 2322/3148/3669 2321/3129/3669
f 2299/3149/3670 2321/3129/3670 2322/3148/3670
f 2324/3150/3671 2299/3149/3671 2322/3148/3671
f 3128/3146/3672 3129/3145/3672 3130/3151/3672
f 3573/3152/3673 3572/3153/3673 3571/3154/3673
f 2299/3149/3674 2298/3131/3674 2321/3129/3674
f 2298/3131/3675 2307/3130/3675 2321/3129/3675
f 2300/3155/3676 2297/3134/3676 2299/3149/3676
f 2299/3149/3677 2297/3134/3677 2298/3131/3677
f 2298/3131/3678 2297/3134/3678 2253/3132/3678
f 2300/3155/3679 2278/3135/3679 2297/3134/3679
f 2694/3156/3680 2690/3157/3680 2689/3139/3680
f 2690/3157/3681 2686/3136/3681 2689/3139/3681
f 2976/11/3682 2973/8/3682 2975/10/3682
f 2966/3158/3683 2964/3159/3683 2963/3160/3683
f 2963/3160/3684 2964/3159/3684 2965/3161/3684
f 2964/3159/3685 2969/3162/3685 2967/3163/3685
f 2965/3161/3686 2964/3159/3686 2967/3163/3686
f 121/3164/3687 122/3165/3687 120/3166/3687
f 120/3166/3688 122/3165/3688 123/3167/3688
f 124/3168/3689 123/3167/3689 125/3169/3689
f 101/23/3690 121/3164/3690 120/3166/3690
f 120/3166/3691 123/3167/3691 124/3168/3691
f 101/23/3692 120/3166/3692 82/3170/3692
f 82/3170/3693 120/3166/3693 124/3168/3693
f 2967/3163/3694 2969/3162/3694 2968/3171/3694
f 2969/3162/3695 2971/3172/3695 2970/3173/3695
f 2968/3171/3696 2969/3162/3696 2970/3173/3696
f 88/24/3697 101/23/3697 82/3170/3697
f 82/3170/3698 124/3168/3698 126/3174/3698
f 53/3175/3699 88/24/3699 82/3170/3699
f 82/3170/3700 126/3174/3700 94/45/3700
f 99/27/3701 88/24/3701 53/3175/3701
f 53/3175/3702 82/3170/3702 51/3176/3702
f 51/3176/3703 82/3170/3703 94/45/3703
f 2805/35/3704 2800/37/3704 2803/50/3704
f 99/27/3705 53/3175/3705 52/3177/3705
f 52/3177/3706 53/3175/3706 51/3176/3706
f 115/3178/3707 99/27/3707 52/3177/3707
f 124/3168/3708 125/3169/3708 126/3174/3708
f 2965/3161/3709 2967/3163/3709 2968/3171/3709
f 126/3174/3710 125/3169/3710 127/3179/3710
f 127/3179/3711 135/3180/3711 134/46/3711
f 126/3174/3712 127/3179/3712 134/46/3712
f 94/45/3713 126/3174/3713 134/46/3713
f 2971/3172/3714 2972/3181/3714 2970/3173/3714
f 2828/48/3715 2810/49/3715 2824/58/3715
f 51/3176/3716 94/45/3716 38/3182/3716
f 38/3182/3717 94/45/3717 95/47/3717
f 38/3182/3718 95/47/3718 32/3183/3718
f 52/3177/3719 51/3176/3719 21/3184/3719
f 51/3176/3720 38/3182/3720 21/3184/3720
f 21/3184/3721 38/3182/3721 32/3183/3721
f 115/3178/3722 52/3177/3722 20/3185/3722
f 52/3177/3723 21/3184/3723 20/3185/3723
f 115/3178/3724 20/3185/3724 11/3186/3724
f 145/3187/3725 115/3178/3725 11/3186/3725
f 134/46/3726 135/3180/3726 118/3188/3726
f 118/3188/3727 135/3180/3727 139/3189/3727
f 118/3188/3728 139/3189/3728 119/3190/3728
f 3546/3191/3729 3547/3192/3729 3548/3193/3729
f 95/47/3730 134/46/3730 118/3188/3730
f 95/47/3731 118/3188/3731 96/3194/3731
f 2824/58/3732 2823/59/3732 2832/3195/3732
f 2832/3195/3733 2823/59/3733 2830/73/3733
f 32/3183/3734 95/47/3734 96/3194/3734
f 32/3183/3735 96/3194/3735 33/3196/3735
f 21/3184/3736 32/3183/3736 9/3197/3736
f 9/3197/3737 32/3183/3737 33/3196/3737
f 20/3185/3738 21/3184/3738 9/3197/3738
f 11/3186/3739 20/3185/3739 9/3197/3739
f 11/3186/3740 9/3197/3740 8/3198/3740
f 145/3187/3741 11/3186/3741 8/3198/3741
f 1840/43/3742 1841/42/3742 1837/56/3742
f 30/3199/3743 145/3187/3743 8/3198/3743
f 30/3199/3744 8/3198/3744 12/3200/3744
f 118/3188/3745 119/3190/3745 112/69/3745
f 96/3194/3746 118/3188/3746 112/69/3746
f 3548/3193/3747 3547/3192/3747 3549/3201/3747
f 112/69/3748 119/3190/3748 128/70/3748
f 3549/3201/3749 3547/3192/3749 3550/3202/3749
f 3549/3201/3750 3550/3202/3750 3551/3203/3750
f 1764/3204/3751 1759/3205/3751 1763/3206/3751
f 80/3207/3752 96/3194/3752 112/69/3752
f 1759/3205/3753 1756/81/3753 1758/3208/3753
f 33/3196/3754 96/3194/3754 80/3207/3754
f 80/3207/3755 112/69/3755 81/71/3755
f 2501/86/3756 2502/3209/3756 2500/84/3756
f 33/3196/3757 80/3207/3757 34/3210/3757
f 34/3210/3758 80/3207/3758 81/71/3758
f 9/3197/3759 33/3196/3759 7/3211/3759
f 7/3211/3760 33/3196/3760 34/3210/3760
f 8/3198/3761 9/3197/3761 7/3211/3761
f 10/3212/3762 8/3198/3762 6/3213/3762
f 8/3198/3763 7/3211/3763 6/3213/3763
f 12/3200/3764 8/3198/3764 10/3212/3764
f 13/3214/3765 30/3199/3765 12/3200/3765
f 1763/3206/3766 1759/3205/3766 1758/3208/3766
f 128/70/3767 163/3215/3767 162/3216/3767
f 128/70/3768 162/3216/3768 141/3217/3768
f 1758/3208/3769 1756/81/3769 1757/3218/3769
f 141/3217/3770 162/3216/3770 142/3219/3770
f 81/71/3771 128/70/3771 92/3220/3771
f 128/70/3772 141/3217/3772 92/3220/3772
f 1757/3218/3773 1756/81/3773 1750/83/3773
f 1751/82/3774 1753/3221/3774 1752/3222/3774
f 34/3210/3775 81/71/3775 2/3223/3775
f 81/71/3776 92/3220/3776 2/3223/3776
f 2/3223/3777 92/3220/3777 89/3224/3777
f 2492/103/3778 2493/85/3778 2491/87/3778
f 7/3211/3779 34/3210/3779 2/3223/3779
f 6/3213/3780 7/3211/3780 2/3223/3780
f 13/3214/3781 12/3200/3781 10/3212/3781
f 10/3212/3782 6/3213/3782 14/3225/3782
f 13/3214/3783 10/3212/3783 14/3225/3783
f 19/3226/3784 13/3214/3784 14/3225/3784
f 111/3227/3785 13/3214/3785 19/3226/3785
f 141/3217/3786 142/3219/3786 129/3228/3786
f 129/3228/3787 142/3219/3787 131/3229/3787
f 92/3220/3788 141/3217/3788 129/3228/3788
f 1750/83/3789 1751/82/3789 1752/3222/3789
f 129/3228/3790 131/3229/3790 130/100/3790
f 1752/3222/3791 1753/3221/3791 1754/3230/3791
f 89/3224/3792 92/3220/3792 129/3228/3792
f 89/3224/3793 129/3228/3793 74/3231/3793
f 129/3228/3794 130/100/3794 116/102/3794
f 1754/3230/3795 1753/3221/3795 1755/3232/3795
f 1754/3230/3796 1755/3232/3796 1760/3233/3796
f 1760/3233/3797 1755/3232/3797 1761/3234/3797
f 74/3231/3798 129/3228/3798 116/102/3798
f 1761/3234/3799 1755/3232/3799 1762/3235/3799
f 2/3223/3800 89/3224/3800 74/3231/3800
f 91/3236/3801 74/3231/3801 116/102/3801
f 2485/104/3802 2484/105/3802 2483/3237/3802
f 1/3238/3803 2/3223/3803 3/3239/3803
f 2/3223/3804 74/3231/3804 3/3239/3804
f 3/3239/3805 74/3231/3805 91/3236/3805
f 2483/3237/3806 2484/105/3806 2482/107/3806
f 2483/3237/3807 2482/107/3807 2481/3240/3807
f 6/3213/3808 2/3223/3808 1/3238/3808
f 2481/3240/3809 2482/107/3809 2479/117/3809
f 17/3241/3810 6/3213/3810 1/3238/3810
f 2479/117/3811 2482/107/3811 2486/108/3811
f 14/3225/3812 6/3213/3812 15/3242/3812
f 15/3242/3813 6/3213/3813 17/3241/3813
f 15/3242/3814 17/3241/3814 24/3243/3814
f 2819/120/3815 2816/109/3815 2739/92/3815
f 111/3227/3816 19/3226/3816 18/3244/3816
f 18/3244/3817 19/3226/3817 14/3225/3817
f 18/3244/3818 14/3225/3818 16/3245/3818
f 16/3245/3819 14/3225/3819 15/3242/3819
f 147/3246/3820 111/3227/3820 18/3244/3820
f 147/3246/3821 18/3244/3821 113/3247/3821
f 116/102/3822 132/101/3822 117/3248/3822
f 116/102/3823 117/3248/3823 110/3249/3823
f 117/3248/3824 149/3250/3824 110/3249/3824
f 110/3249/3825 149/3250/3825 165/3251/3825
f 91/3236/3826 116/102/3826 110/3249/3826
f 110/3249/3827 165/3251/3827 150/3252/3827
f 3/3239/3828 91/3236/3828 90/114/3828
f 90/114/3829 91/3236/3829 110/3249/3829
f 90/114/3830 110/3249/3830 102/115/3830
f 102/115/3831 110/3249/3831 150/3252/3831
f 102/115/3832 150/3252/3832 105/3253/3832
f 3/3239/3833 90/114/3833 5/116/3833
f 2481/3240/3834 2479/117/3834 2478/3254/3834
f 2478/3254/3835 2479/117/3835 2480/118/3835
f 1/3238/3836 3/3239/3836 4/3255/3836
f 26/3256/3837 1/3238/3837 4/3255/3837
f 4/3255/3838 3/3239/3838 5/116/3838
f 17/3241/3839 1/3238/3839 26/3256/3839
f 2480/118/3840 2486/108/3840 2487/3257/3840
f 2487/3257/3841 2486/108/3841 2488/134/3841
f 24/3243/3842 17/3241/3842 25/3258/3842
f 17/3241/3843 26/3256/3843 25/3258/3843
f 15/3242/3844 24/3243/3844 16/3245/3844
f 22/3259/3845 16/3245/3845 24/3243/3845
f 22/3259/3846 24/3243/3846 28/3260/3846
f 18/3244/3847 16/3245/3847 22/3259/3847
f 113/3247/3848 18/3244/3848 23/125/3848
f 23/125/3849 18/3244/3849 22/3259/3849
f 3048/97/3850 3049/96/3850 3050/3261/3850
f 148/127/3851 113/3247/3851 23/125/3851
f 137/3262/3852 148/127/3852 35/126/3852
f 102/115/3853 105/3253/3853 103/3263/3853
f 5/116/3854 102/115/3854 75/3264/3854
f 75/3264/3855 102/115/3855 103/3263/3855
f 103/3263/3856 169/3265/3856 104/3266/3856
f 75/3264/3857 103/3263/3857 104/3266/3857
f 5/116/3858 75/3264/3858 39/3267/3858
f 4/3255/3859 5/116/3859 39/3267/3859
f 75/3264/3860 104/3266/3860 76/3268/3860
f 39/3267/3861 75/3264/3861 76/3268/3861
f 2487/3257/3862 2488/134/3862 2489/3269/3862
f 76/3268/3863 104/3266/3863 93/3270/3863
f 26/3256/3864 4/3255/3864 27/3271/3864
f 27/3271/3865 4/3255/3865 48/3272/3865
f 4/3255/3866 39/3267/3866 48/3272/3866
f 2489/3269/3867 2488/134/3867 2490/136/3867
f 25/3258/3868 26/3256/3868 29/137/3868
f 26/3256/3869 27/3271/3869 31/138/3869
f 29/137/3870 26/3256/3870 31/138/3870
f 27/3271/3871 48/3272/3871 49/3273/3871
f 31/138/3872 27/3271/3872 49/3273/3872
f 2490/136/3873 2494/135/3873 2495/153/3873
f 2495/153/3874 2494/135/3874 2496/141/3874
f 24/3243/3875 25/3258/3875 28/3260/3875
f 28/3260/3876 25/3258/3876 41/3274/3876
f 41/3274/3877 25/3258/3877 29/137/3877
f 64/139/3878 41/3274/3878 29/137/3878
f 40/3275/3879 28/3260/3879 41/3274/3879
f 23/125/3880 22/3259/3880 35/126/3880
f 35/126/3881 22/3259/3881 28/3260/3881
f 36/3276/3882 35/126/3882 28/3260/3882
f 137/3262/3883 35/126/3883 37/3277/3883
f 37/3277/3884 35/126/3884 36/3276/3884
f 137/3262/3885 37/3277/3885 138/3278/3885
f 44/3279/3886 138/3278/3886 37/3277/3886
f 39/3267/3887 76/3268/3887 77/3280/3887
f 76/3268/3888 93/3270/3888 77/3280/3888
f 77/3280/3889 93/3270/3889 161/3281/3889
f 49/3273/3890 48/3272/3890 39/3267/3890
f 77/3280/3891 161/3281/3891 140/3282/3891
f 100/3283/3892 77/3280/3892 140/3282/3892
f 100/3283/3893 140/3282/3893 98/3284/3893
f 2497/154/3894 2496/141/3894 2512/3285/3894
f 49/3273/3895 39/3267/3895 62/3286/3895
f 62/3286/3896 39/3267/3896 70/3287/3896
f 70/3287/3897 39/3267/3897 77/3280/3897
f 70/3287/3898 77/3280/3898 100/3283/3898
f 2512/3285/3899 2496/141/3899 2498/140/3899
f 2512/3285/3900 2498/140/3900 2504/155/3900
f 64/139/3901 31/138/3901 63/3288/3901
f 63/3288/3902 31/138/3902 49/3273/3902
f 63/3288/3903 49/3273/3903 62/3286/3903
f 40/3275/3904 41/3274/3904 64/139/3904
f 36/3276/3905 28/3260/3905 40/3275/3905
f 63/3288/3906 62/3286/3906 59/3289/3906
f 40/3275/3907 64/139/3907 63/3288/3907
f 36/3276/3908 40/3275/3908 42/3290/3908
f 42/3290/3909 40/3275/3909 45/182/3909
f 2789/142/3910 2782/157/3910 2821/178/3910
f 44/3279/3911 37/3277/3911 36/3276/3911
f 44/3279/3912 36/3276/3912 43/158/3912
f 43/158/3913 36/3276/3913 42/3290/3913
f 151/3291/3914 44/3279/3914 43/158/3914
f 50/159/3915 43/158/3915 42/3290/3915
f 151/3291/3916 43/158/3916 152/160/3916
f 2764/133/3917 2781/148/3917 2786/149/3917
f 2782/157/3918 2735/145/3918 2798/183/3918
f 70/3287/3919 100/3283/3919 98/3284/3919
f 70/3287/3920 98/3284/3920 97/172/3920
f 97/172/3921 98/3284/3921 146/173/3921
f 2512/3285/3922 2504/155/3922 2511/3292/3922
f 65/3293/3923 70/3287/3923 97/172/3923
f 2511/3292/3924 2504/155/3924 2508/3294/3924
f 62/3286/3925 70/3287/3925 65/3293/3925
f 65/3293/3926 97/172/3926 79/171/3926
f 2508/3294/3927 2504/155/3927 2505/156/3927
f 61/3295/3928 62/3286/3928 65/3293/3928
f 68/3296/3929 65/3293/3929 79/171/3929
f 59/3289/3930 62/3286/3930 61/3295/3930
f 68/3296/3931 61/3295/3931 65/3293/3931
f 2505/156/3932 2506/174/3932 2508/3294/3932
f 40/3275/3933 63/3288/3933 59/3289/3933
f 60/3297/3934 61/3295/3934 68/3296/3934
f 45/182/3935 40/3275/3935 58/179/3935
f 40/3275/3936 59/3289/3936 58/179/3936
f 58/179/3937 59/3289/3937 60/3297/3937
f 59/3289/3938 61/3295/3938 60/3297/3938
f 2507/175/3939 2510/3298/3939 2509/176/3939
f 42/3290/3940 45/182/3940 46/181/3940
f 108/162/3941 50/159/3941 47/3299/3941
f 47/3299/3942 50/159/3942 42/3290/3942
f 47/3299/3943 42/3290/3943 46/181/3943
f 54/3300/3944 47/3299/3944 46/181/3944
f 2808/177/3945 2798/183/3945 2818/184/3945
f 108/162/3946 47/3299/3946 55/3301/3946
f 55/3301/3947 47/3299/3947 54/3300/3947
f 2818/184/3948 2735/145/3948 2748/187/3948
f 2818/184/3949 2748/187/3949 2826/189/3949
f 1015/205/3950 1017/212/3950 1016/288/3950
f 79/171/3951 114/170/3951 83/3302/3951
f 69/3303/3952 79/171/3952 83/3302/3952
f 68/3296/3953 79/171/3953 69/3303/3953
f 67/3304/3954 68/3296/3954 69/3303/3954
f 153/3305/3955 69/3303/3955 83/3302/3955
f 153/3305/3956 83/3302/3956 168/3306/3956
f 67/3304/3957 69/3303/3957 109/3307/3957
f 109/3307/3958 69/3303/3958 153/3305/3958
f 60/3297/3959 68/3296/3959 67/3304/3959
f 66/218/3960 60/3297/3960 67/3304/3960
f 58/179/3961 60/3297/3961 66/218/3961
f 66/218/3962 67/3304/3962 71/216/3962
f 71/216/3963 67/3304/3963 72/3308/3963
f 107/3309/3964 71/216/3964 72/3308/3964
f 72/3308/3965 67/3304/3965 109/3307/3965
f 1784/3310/3966 1788/3311/3966 1787/3312/3966
f 1788/3311/3967 1789/3313/3967 1787/3312/3967
f 86/180/3968 58/179/3968 87/3314/3968
f 87/3314/3969 58/179/3969 73/3315/3969
f 73/3315/3970 58/179/3970 66/218/3970
f 1784/3310/3971 1787/3312/3971 1785/3316/3971
f 54/3300/3972 46/181/3972 56/3317/3972
f 84/3318/3973 46/181/3973 85/3319/3973
f 46/181/3974 86/180/3974 85/3319/3974
f 85/3319/3975 86/180/3975 164/3320/3975
f 164/3320/3976 86/180/3976 87/3314/3976
f 1824/3321/3977 1823/3322/3977 1820/3323/3977
f 1820/3323/3978 1823/3322/3978 1822/3324/3978
f 1820/3323/3979 1822/3324/3979 1819/3325/3979
f 3046/3326/3980 3044/222/3980 3045/3327/3980
f 1784/3310/3981 1785/3316/3981 1786/3328/3981
f 56/3317/3982 46/181/3982 84/3318/3982
f 1826/3329/3983 1825/3330/3983 1807/311/3983
f 3045/3327/3984 3044/222/3984 3043/221/3984
f 55/3301/3985 54/3300/3985 78/3331/3985
f 78/3331/3986 54/3300/3986 57/3332/3986
f 57/3332/3987 54/3300/3987 56/3317/3987
f 3042/220/3988 3041/219/3988 3047/3333/3988
f 143/3334/3989 78/3331/3989 136/3335/3989
f 136/3335/3990 78/3331/3990 57/3332/3990
f 2834/224/3991 2736/186/3991 2817/231/3991
f 1747/232/3992 1740/251/3992 1741/250/3992
f 1748/233/3993 1747/232/3993 1741/250/3993
f 1005/259/3994 993/264/3994 994/356/3994
f 106/217/3995 71/216/3995 107/3309/3995
f 73/3315/3996 66/218/3996 133/3336/3996
f 1819/3325/3997 1822/3324/3997 1816/3337/3997
f 133/3336/3998 66/218/3998 106/217/3998
f 106/217/3999 107/3309/3999 144/3338/3999
f 133/3336/4000 106/217/4000 144/3338/4000
f 107/3309/4001 72/3308/4001 144/3338/4001
f 1807/311/4002 1825/3330/4002 1810/3339/4002
f 1807/311/4003 1810/3339/4003 1808/312/4003
f 1825/3330/4004 1824/3321/4004 1810/3339/4004
f 1810/3339/4005 1824/3321/4005 1821/3340/4005
f 1824/3321/4006 1820/3323/4006 1821/3340/4006
f 1820/3323/4007 1819/3325/4007 1811/3341/4007
f 1821/3340/4008 1820/3323/4008 1811/3341/4008
f 1811/3341/4009 1819/3325/4009 1814/3342/4009
f 1814/3342/4010 1819/3325/4010 1816/3337/4010
f 1814/3342/4011 1816/3337/4011 1815/3343/4011
f 1816/3337/4012 1818/3344/4012 1817/3345/4012
f 1815/3343/4013 1816/3337/4013 1817/3345/4013
f 84/3318/4014 159/3346/4014 158/430/4014
f 56/3317/4015 84/3318/4015 158/430/4015
f 1812/3347/4016 1811/3341/4016 1814/3342/4016
f 1811/3341/4017 1812/3347/4017 1813/3348/4017
f 1812/3347/4018 1814/3342/4018 1815/3343/4018
f 3055/3349/4019 3053/3350/4019 3052/3351/4019
f 3052/3351/4020 3053/3350/4020 3054/3352/4020
f 57/3332/4021 56/3317/4021 154/429/4021
f 155/3353/4022 57/3332/4022 154/429/4022
f 56/3317/4023 158/430/4023 154/429/4023
f 3058/316/4024 3055/3349/4024 3057/3354/4024
f 3055/3349/4025 3058/316/4025 3061/315/4025
f 3055/3349/4026 3052/3351/4026 3056/3355/4026
f 3057/3354/4027 3055/3349/4027 3056/3355/4027
f 155/3353/4028 154/429/4028 156/3356/4028
f 157/3357/4029 155/3353/4029 156/3356/4029
f 3060/314/4030 3058/316/4030 3059/3358/4030
f 1737/249/4031 1746/3359/4031 1741/250/4031
f 1746/3359/4032 1737/249/4032 1738/324/4032
f 3058/316/4033 3057/3354/4033 3059/3358/4033
f 167/3360/4034 157/3357/4034 166/3361/4034
f 166/3361/4035 157/3357/4035 156/3356/4035
f 166/3361/4036 156/3356/4036 170/3362/4036
f 170/3362/4037 156/3356/4037 171/3363/4037
f 1727/255/4038 1728/325/4038 1729/256/4038
f 1735/323/4039 1734/245/4039 1732/328/4039
f 1172/440/4040 1200/331/4040 1136/330/4040
f 3987/457/4041 3996/336/4041 3989/338/4041
f 1003/346/4042 1002/345/4042 998/352/4042
f 996/467/4043 998/352/4043 997/353/4043
f 1493/3364/4044 1511/3365/4044 1502/3366/4044
f 1225/410/4045 1223/421/4045 1224/498/4045
f 3998/536/4046 3988/458/4046 3992/461/4046
f 3992/461/4047 3993/462/4047 3994/542/4047
f 2410/555/4048 2415/479/4048 2416/480/4048
f 1493/3364/4049 1496/3367/4049 1511/3365/4049
f 2462/488/4050 2445/487/4050 2458/565/4050
f 1227/493/4051 1225/410/4051 1224/498/4051
f 1450/3368/4052 1444/3369/4052 1434/3370/4052
f 1434/3370/4053 1444/3369/4053 1443/3371/4053
f 1434/3370/4054 1443/3371/4054 1435/3372/4054
f 1435/3372/4055 1443/3371/4055 1437/3373/4055
f 1451/3374/4056 1444/3369/4056 1450/3368/4056
f 313/522/4057 323/519/4057 333/596/4057
f 1610/600/4058 1611/517/4058 1609/518/4058
f 884/468/4059 886/470/4059 885/629/4059
f 890/473/4060 892/472/4060 895/553/4060
f 1463/3375/4061 1496/3367/4061 1464/3376/4061
f 1464/3376/4062 1496/3367/4062 1493/3364/4062
f 1474/3377/4063 1464/3376/4063 1493/3364/4063
f 1482/3378/4064 1474/3377/4064 1493/3364/4064
f 1482/3378/4065 1493/3364/4065 1502/3366/4065
f 1502/3366/4066 1505/3379/4066 1491/3380/4066
f 1482/3378/4067 1502/3366/4067 1491/3380/4067
f 908/564/4068 901/476/4068 909/484/4068
f 1505/3379/4069 1516/3381/4069 1501/3382/4069
f 1491/3380/4070 1505/3379/4070 1501/3382/4070
f 1516/3381/4071 1515/3383/4071 1501/3382/4071
f 1497/646/4072 1515/3383/4072 1507/644/4072
f 1449/3384/4073 1450/3368/4073 1434/3370/4073
f 1434/3370/4074 1435/3372/4074 1436/3385/4074
f 1436/3385/4075 1435/3372/4075 1437/3373/4075
f 1436/3385/4076 1437/3373/4076 1438/3386/4076
f 1438/3386/4077 1437/3373/4077 1441/3387/4077
f 1438/3386/4078 1441/3387/4078 1440/776/4078
f 1602/599/4079 1603/598/4079 1600/683/4079
f 1600/683/4080 1603/598/4080 1608/686/4080
f 1608/686/4081 1603/598/4081 1622/602/4081
f 3954/699/4082 3953/531/4082 3955/533/4082
f 3983/701/4083 3985/614/4083 3986/617/4083
f 885/629/4084 886/470/4084 888/550/4084
f 1462/3388/4085 1463/3375/4085 1461/3389/4085
f 1461/3389/4086 1463/3375/4086 1464/3376/4086
f 1467/3390/4087 1461/3389/4087 1464/3376/4087
f 1467/3390/4088 1464/3376/4088 1474/3377/4088
f 2412/640/4089 2411/558/4089 2409/557/4089
f 1467/3390/4090 1474/3377/4090 1482/3378/4090
f 2414/641/4091 2413/559/4091 2412/640/4091
f 1475/3391/4092 1467/3390/4092 1482/3378/4092
f 1475/3391/4093 1482/3378/4093 1491/3380/4093
f 1483/3392/4094 1475/3391/4094 1491/3380/4094
f 1483/3392/4095 1491/3380/4095 1501/3382/4095
f 1497/646/4096 1483/3392/4096 1501/3382/4096
f 1497/646/4097 1501/3382/4097 1515/3383/4097
f 933/840/4098 919/649/4098 920/652/4098
f 1508/3393/4099 1510/3394/4099 1523/3395/4099
f 933/840/4100 920/652/4100 922/655/4100
f 1252/756/4101 1214/671/4101 1212/591/4101
f 1052/679/4102 1053/678/4102 1051/682/4102
f 1446/887/4103 1436/3385/4103 1439/775/4103
f 1449/3384/4104 1434/3370/4104 1447/886/4104
f 1447/886/4105 1434/3370/4105 1436/3385/4105
f 1447/886/4106 1436/3385/4106 1446/887/4106
f 1436/3385/4107 1438/3386/4107 1439/775/4107
f 1439/775/4108 1438/3386/4108 1440/776/4108
f 1452/3396/4109 1450/3368/4109 1449/3384/4109
f 1599/684/4110 1600/683/4110 1601/687/4110
f 1614/688/4111 1608/686/4111 1627/689/4111
f 1627/689/4112 1622/602/4112 1623/690/4112
f 1623/690/4113 1618/604/4113 1624/692/4113
f 3954/699/4114 3956/613/4114 3957/814/4114
f 1459/3397/4115 1462/3388/4115 1461/3389/4115
f 3888/3398/4116 3886/828/4116 3889/639/4116
f 3888/3398/4117 3889/639/4117 3890/638/4117
f 1460/3399/4118 1459/3397/4118 1461/3389/4118
f 1460/3399/4119 1461/3389/4119 1467/3390/4119
f 3887/3400/4120 3886/828/4120 3888/3398/4120
f 1460/3399/4121 1467/3390/4121 1473/3401/4121
f 1473/3401/4122 1467/3390/4122 1475/3391/4122
f 2019/727/4123 2020/723/4123 2021/725/4123
f 1473/3401/4124 1475/3391/4124 1483/3392/4124
f 1479/3402/4125 1473/3401/4125 1483/3392/4125
f 1478/3403/4126 1479/3402/4126 1483/3392/4126
f 910/721/4127 908/564/4127 918/729/4127
f 1478/3403/4128 1483/3392/4128 1497/646/4128
f 1487/645/4129 1478/3403/4129 1497/646/4129
f 1489/3404/4130 1487/645/4130 1507/644/4130
f 1489/3404/4131 1507/644/4131 1510/3394/4131
f 1510/3394/4132 1508/3393/4132 1489/3404/4132
f 1508/3393/4133 1523/3395/4133 1509/3405/4133
f 922/655/4134 924/744/4134 940/952/4134
f 927/745/4135 928/574/4135 929/747/4135
f 1264/661/4136 1263/662/4136 1262/749/4136
f 1268/862/4137 1253/761/4137 1245/763/4137
f 1245/763/4138 1052/679/4138 1246/774/4138
f 1446/887/4139 1439/775/4139 1445/3406/4139
f 1439/775/4140 1442/777/4140 1445/3406/4140
f 296/784/4141 302/783/4141 602/779/4141
f 1448/885/4142 1449/3384/4142 1447/886/4142
f 1605/782/4143 1601/687/4143 1606/787/4143
f 1615/786/4144 1629/789/4144 1631/794/4144
f 1631/794/4145 1629/789/4145 1628/790/4145
f 1635/796/4146 1637/691/4146 1639/803/4146
f 3958/811/4147 3954/699/4147 3957/814/4147
f 957/1019/4148 905/817/4148 904/818/4148
f 958/1151/4149 904/818/4149 897/820/4149
f 897/820/4150 882/822/4150 906/932/4150
f 953/3407/4151 897/820/4151 906/932/4151
f 1458/3408/4152 1459/3397/4152 1457/3409/4152
f 1457/3409/4153 1459/3397/4153 1460/3399/4153
f 3885/829/4154 3886/828/4154 3887/3400/4154
f 1456/3410/4155 1458/3408/4155 1457/3409/4155
f 3883/831/4156 3884/830/4156 3885/829/4156
f 1457/3409/4157 1460/3399/4157 1473/3401/4157
f 1472/3411/4158 1457/3409/4158 1473/3401/4158
f 1472/3411/4159 1473/3401/4159 1478/3403/4159
f 1473/3401/4160 1479/3402/4160 1478/3403/4160
f 1477/3412/4161 1472/3411/4161 1478/3403/4161
f 1477/3412/4162 1478/3403/4162 1487/645/4162
f 1486/3413/4163 1477/3412/4163 1487/645/4163
f 1486/3413/4164 1487/645/4164 1489/3404/4164
f 1489/3404/4165 1508/3393/4165 1492/3414/4165
f 933/840/4166 922/655/4166 940/952/4166
f 944/841/4167 933/840/4167 940/952/4167
f 1508/3393/4168 1509/3405/4168 1492/3414/4168
f 1492/3414/4169 1509/3405/4169 1490/3415/4169
f 1509/3405/4170 1524/845/4170 1506/847/4170
f 940/952/4171 924/744/4171 925/743/4171
f 927/745/4172 929/747/4172 930/958/4172
f 930/958/4173 929/747/4173 931/852/4173
f 1893/1300/4174 1903/3416/4174 1896/1182/4174
f 1896/1182/4175 1983/3417/4175 1901/3418/4175
f 1910/3419/4176 1917/3420/4176 1909/3421/4176
f 1909/3421/4177 1917/3420/4177 1912/3422/4177
f 1914/865/4178 1969/864/4178 1921/3423/4178
f 1270/871/4179 1246/774/4179 1248/884/4179
f 1270/871/4180 1248/884/4180 1274/973/4180
f 1632/901/4181 1631/794/4181 1630/793/4181
f 3944/910/4182 3946/806/4182 4088/1002/4182
f 4088/1002/4183 3982/810/4183 3962/915/4183
f 960/3424/4184 961/3425/4184 955/930/4184
f 955/930/4185 905/817/4185 957/1019/4185
f 957/1019/4186 904/818/4186 958/1151/4186
f 958/1151/4187 897/820/4187 963/3426/4187
f 963/3426/4188 897/820/4188 953/3407/4188
f 906/932/4189 949/931/4189 951/3427/4189
f 1979/3428/4190 1982/3429/4190 1980/3430/4190
f 887/823/4191 893/824/4191 915/934/4191
f 893/824/4192 902/826/4192 915/934/4192
f 915/934/4193 902/826/4193 916/1028/4193
f 914/937/4194 898/634/4194 899/633/4194
f 914/937/4195 899/633/4195 917/939/4195
f 1849/1035/4196 1851/1031/4196 1848/1038/4196
f 1454/3431/4197 1456/3410/4197 1455/3432/4197
f 1455/3432/4198 1456/3410/4198 1457/3409/4198
f 1525/941/4199 1454/3431/4199 1453/942/4199
f 1453/942/4200 1454/3431/4200 1455/3432/4200
f 3881/832/4201 3883/831/4201 3882/3433/4201
f 3875/833/4202 3881/832/4202 3882/3433/4202
f 1455/3432/4203 1457/3409/4203 1472/3411/4203
f 1465/3434/4204 1455/3432/4204 1472/3411/4204
f 3878/3435/4205 3879/836/4205 3874/945/4205
f 1472/3411/4206 1477/3412/4206 1476/3436/4206
f 1476/3436/4207 1477/3412/4207 1486/3413/4207
f 1476/3436/4208 1486/3413/4208 1489/3404/4208
f 1484/3437/4209 1476/3436/4209 1489/3404/4209
f 1484/3437/4210 1489/3404/4210 1492/3414/4210
f 944/841/4211 940/952/4211 938/1049/4211
f 1484/3437/4212 1492/3414/4212 1490/3415/4212
f 938/1049/4213 940/952/4213 934/951/4213
f 1490/3415/4214 1509/3405/4214 1506/847/4214
f 1506/847/4215 1521/846/4215 1512/1055/4215
f 3866/3438/4216 3864/3439/4216 3863/3440/4216
f 3863/3440/4217 3864/3439/4217 3865/3441/4217
f 947/3442/4218 926/850/4218 932/957/4218
f 932/957/4219 927/745/4219 943/959/4219
f 1881/1060/4220 1884/1062/4220 1890/3443/4220
f 1890/3443/4221 1897/3444/4221 1889/3445/4221
f 1889/3445/4222 1897/3444/4222 1891/1302/4222
f 1891/1302/4223 1897/3444/4223 1903/3416/4223
f 1891/1302/4224 1903/3416/4224 1893/1300/4224
f 1901/3418/4225 1902/3446/4225 1900/1180/4225
f 1902/3446/4226 1910/3419/4226 1909/3421/4226
f 1914/865/4227 1921/3423/4227 1916/3447/4227
f 1920/3448/4228 1938/3449/4228 1919/3450/4228
f 1919/3450/4229 1938/3449/4229 1932/1079/4229
f 1932/1079/4230 1938/3449/4230 1970/1077/4230
f 3961/1011/4231 3966/1014/4231 3965/1135/4231
f 383/1138/4232 391/1015/4232 390/1013/4232
f 3966/1014/4233 3978/925/4233 3975/926/4233
f 3966/1014/4234 3975/926/4234 3970/1142/4234
f 962/3451/4235 961/3425/4235 960/3424/4235
f 960/3424/4236 955/930/4236 959/1020/4236
f 964/1152/4237 959/1020/4237 957/1019/4237
f 558/1022/4238 694/1021/4238 389/1149/4238
f 963/3426/4239 953/3407/4239 968/3452/4239
f 953/3407/4240 906/932/4240 968/3452/4240
f 968/3452/4241 906/932/4241 969/3453/4241
f 1979/3428/4242 1980/3430/4242 1968/3454/4242
f 1980/3430/4243 1981/3455/4243 1968/3454/4243
f 1968/3454/4244 1981/3455/4244 1965/3456/4244
f 950/1026/4245 915/934/4245 952/3457/4245
f 915/934/4246 916/1028/4246 952/3457/4246
f 1854/3458/4247 1855/3459/4247 1853/1030/4247
f 1854/3458/4248 1853/1030/4248 1852/1032/4248
f 1849/1035/4249 1848/1038/4249 1847/3460/4249
f 1514/943/4250 1453/942/4250 1466/1039/4250
f 1466/1039/4251 1453/942/4251 1465/3434/4251
f 1465/3434/4252 1453/942/4252 1455/3432/4252
f 3875/833/4253 3882/3433/4253 3893/3461/4253
f 1513/1042/4254 1514/943/4254 1466/1039/4254
f 1847/3460/4255 1848/1038/4255 1844/1037/4255
f 1526/3462/4256 1513/1042/4256 1504/1041/4256
f 3874/945/4257 3875/833/4257 3876/3463/4257
f 3892/3464/4258 3878/3435/4258 3877/3465/4258
f 3877/3465/4259 3878/3435/4259 3874/945/4259
f 3877/3465/4260 3874/945/4260 3876/3463/4260
f 1468/3466/4261 1466/1039/4261 1465/3434/4261
f 1468/3466/4262 1465/3434/4262 1472/3411/4262
f 1468/3466/4263 1472/3411/4263 1476/3436/4263
f 2448/1047/4264 2453/947/4264 2464/1046/4264
f 1480/3467/4265 1468/3466/4265 1476/3436/4265
f 1480/3467/4266 1476/3436/4266 1484/3437/4266
f 1485/3468/4267 1480/3467/4267 1484/3437/4267
f 1485/3468/4268 1484/3437/4268 1490/3415/4268
f 1488/3469/4269 1485/3468/4269 1490/3415/4269
f 1499/3470/4270 1488/3469/4270 1490/3415/4270
f 1499/3470/4271 1490/3415/4271 1506/847/4271
f 1506/847/4272 1512/1055/4272 1503/1054/4272
f 1499/3470/4273 1506/847/4273 1503/1054/4273
f 1503/1054/4274 1519/1053/4274 1520/3471/4274
f 936/1056/4275 926/850/4275 948/1057/4275
f 948/1057/4276 926/850/4276 947/3442/4276
f 947/3442/4277 932/957/4277 943/959/4277
f 1876/3472/4278 1884/1062/4278 1877/1061/4278
f 1881/1060/4279 1890/3443/4279 1880/3473/4279
f 1880/3473/4280 1890/3443/4280 1889/3445/4280
f 1889/3445/4281 1891/1302/4281 1888/1826/4281
f 1895/1181/4282 1893/1300/4282 1896/1182/4282
f 1900/1180/4283 1896/1182/4283 1901/3418/4283
f 1900/1180/4284 1902/3446/4284 1909/3421/4284
f 1909/3421/4285 1912/3422/4285 1911/1190/4285
f 1912/3422/4286 1913/866/4286 1911/1190/4286
f 1911/1190/4287 1913/866/4287 1914/865/4287
f 1915/1189/4288 1914/865/4288 1916/3447/4288
f 1916/3447/4289 1921/3423/4289 1920/3448/4289
f 1932/1079/4290 1936/1078/4290 1935/3474/4290
f 3929/1121/4291 4080/1000/4291 4093/1123/4291
f 424/1127/4292 706/998/4292 432/1122/4292
f 425/1129/4293 710/1128/4293 424/1127/4293
f 4143/1131/4294 3964/1132/4294 3980/1263/4294
f 3980/1263/4295 3964/1132/4295 3976/3475/4295
f 383/1138/4296 390/1013/4296 382/1136/4296
f 345/1267/4297 383/1138/4297 382/1136/4297
f 365/1144/4298 366/1139/4298 336/1143/4298
f 965/1372/4299 959/1020/4299 964/1152/4299
f 964/1152/4300 958/1151/4300 967/3476/4300
f 360/1153/4301 386/1154/4301 389/1149/4301
f 967/3476/4302 958/1151/4302 963/3426/4302
f 974/3477/4303 968/3452/4303 969/3453/4303
f 1976/3478/4304 1979/3428/4304 1968/3454/4304
f 1965/3456/4305 1870/1283/4305 1956/1285/4305
f 1952/1284/4306 1870/1283/4306 1868/3479/4306
f 1868/3479/4307 1870/1283/4307 1869/3480/4307
f 1869/3480/4308 1855/3459/4308 1868/3479/4308
f 1868/3479/4309 1855/3459/4309 1865/3481/4309
f 1865/3481/4310 1855/3459/4310 1854/3458/4310
f 1854/3458/4311 1852/1032/4311 1859/3482/4311
f 1856/1162/4312 1849/1035/4312 1847/3460/4312
f 1847/3460/4313 1844/1037/4313 1846/1293/4313
f 1469/1040/4314 1466/1039/4314 1468/3466/4314
f 946/1045/4315 954/1165/4315 956/3483/4315
f 1522/3484/4316 1517/3485/4316 1500/3486/4316
f 1517/3485/4317 1504/1041/4317 1471/3487/4317
f 1500/3486/4318 1517/3485/4318 1471/3487/4318
f 1471/3487/4319 1504/1041/4319 1469/1040/4319
f 1471/3487/4320 1469/1040/4320 1470/3488/4320
f 1470/3488/4321 1469/1040/4321 1468/3466/4321
f 1471/3487/4322 1470/3488/4322 1498/3489/4322
f 1470/3488/4323 1468/3466/4323 1480/3467/4323
f 1470/3488/4324 1480/3467/4324 1481/3490/4324
f 1481/3490/4325 1480/3467/4325 1485/3468/4325
f 1481/3490/4326 1485/3468/4326 1488/3469/4326
f 1494/3491/4327 1481/3490/4327 1488/3469/4327
f 1495/3492/4328 1494/3491/4328 1488/3469/4328
f 1495/3492/4329 1488/3469/4329 1499/3470/4329
f 1971/3493/4330 1985/3494/4330 1962/1173/4330
f 1495/3492/4331 1499/3470/4331 1503/1054/4331
f 1985/3494/4332 1963/1171/4332 1962/1173/4332
f 1873/1172/4333 1963/1171/4333 1875/3495/4333
f 1875/3495/4334 1876/3472/4334 1874/1824/4334
f 1874/1824/4335 1876/3472/4335 1877/1061/4335
f 1880/3473/4336 1877/1061/4336 1881/1060/4336
f 1888/1826/4337 1880/3473/4337 1889/3445/4337
f 1892/1301/4338 1893/1300/4338 1895/1181/4338
f 1900/1180/4339 1909/3421/4339 1907/3496/4339
f 1916/3447/4340 1920/3448/4340 1919/3450/4340
f 1922/3497/4341 1919/3450/4341 1932/1079/4341
f 1922/3497/4342 1932/1079/4342 1935/3474/4342
f 1935/3474/4343 1936/1078/4343 1924/3498/4343
f 1924/3498/4344 1936/1078/4344 1926/3499/4344
f 1926/3499/4345 1936/1078/4345 1937/3500/4345
f 1926/3499/4346 1937/3500/4346 1934/3501/4346
f 1540/1208/4347 1569/1232/4347 1567/1322/4347
f 3928/1247/4348 3920/1246/4348 3915/1358/4348
f 3920/1246/4349 3922/1253/4349 3916/1362/4349
f 351/1265/4350 364/1133/4350 426/1264/4350
f 3976/3475/4351 3964/1132/4351 3968/1266/4351
f 3968/1266/4352 3965/1135/4352 3969/3502/4352
f 3969/3502/4353 3965/1135/4353 3984/1461/4353
f 3965/1135/4354 3967/1137/4354 3984/1461/4354
f 3984/1461/4355 3967/1137/4355 3973/1462/4355
f 3973/1462/4356 3967/1137/4356 3971/1467/4356
f 3967/1137/4357 3970/1142/4357 3971/1467/4357
f 3971/1467/4358 3970/1142/4358 3972/3503/4358
f 3972/3503/4359 3970/1142/4359 3979/3504/4359
f 338/1269/4360 352/1145/4360 336/1143/4360
f 971/3505/4361 960/3424/4361 970/3506/4361
f 970/3506/4362 960/3424/4362 959/1020/4362
f 353/1147/4363 352/1145/4363 338/1269/4363
f 970/3506/4364 959/1020/4364 965/1372/4364
f 966/1371/4365 964/1152/4365 967/3476/4365
f 376/1274/4366 386/1154/4366 361/1273/4366
f 377/1276/4367 376/1274/4367 375/1275/4367
f 963/3426/4368 968/3452/4368 972/3507/4368
f 972/3507/4369 968/3452/4369 973/3508/4369
f 973/3508/4370 968/3452/4370 974/3477/4370
f 1984/1500/4371 1979/3428/4371 1976/3478/4371
f 1976/3478/4372 1968/3454/4372 1974/1813/4372
f 1974/1813/4373 1968/3454/4373 1961/3509/4373
f 1968/3454/4374 1965/3456/4374 1961/3509/4374
f 1961/3509/4375 1965/3456/4375 1956/1285/4375
f 1865/3481/4376 1854/3458/4376 1864/1817/4376
f 1864/1817/4377 1854/3458/4377 1859/3482/4377
f 1859/3482/4378 1852/1032/4378 1856/1162/4378
f 1857/1510/4379 1856/1162/4379 1847/3460/4379
f 1857/1510/4380 1847/3460/4380 1846/1293/4380
f 1846/1293/4381 1845/1292/4381 1955/3510/4381
f 1500/3486/4382 1471/3487/4382 1498/3489/4382
f 1500/3486/4383 1498/3489/4383 1518/3511/4383
f 1494/3491/4384 1498/3489/4384 1470/3488/4384
f 1494/3491/4385 1470/3488/4385 1481/3490/4385
f 1955/3510/4386 1988/3512/4386 1987/3513/4386
f 1955/3510/4387 1987/3513/4387 1883/3514/4387
f 1987/3513/4388 1971/3493/4388 1883/3514/4388
f 1971/3493/4389 1987/3513/4389 1985/3494/4389
f 1971/3493/4390 1962/1173/4390 1882/3515/4390
f 1883/3514/4391 1971/3493/4391 1882/3515/4391
f 1882/3515/4392 1962/1173/4392 1873/1172/4392
f 1873/1172/4393 1875/3495/4393 1874/1824/4393
f 1885/1828/4394 1880/3473/4394 1888/1826/4394
f 1888/1826/4395 1891/1302/4395 1892/1301/4395
f 1907/3496/4396 1909/3421/4396 1908/1523/4396
f 1908/1523/4397 1909/3421/4397 1911/1190/4397
f 1916/3447/4398 1919/3450/4398 1918/3516/4398
f 1918/3516/4399 1919/3450/4399 1922/3497/4399
f 1922/3497/4400 1935/3474/4400 1924/3498/4400
f 1934/3501/4401 1940/3517/4401 1939/3518/4401
f 1567/1322/4402 1569/1232/4402 1564/1325/4402
f 1939/3518/4403 1940/3517/4403 1941/3519/4403
f 1564/1325/4404 1576/1231/4404 1568/1328/4404
f 1426/1406/4405 1422/1347/4405 1408/1348/4405
f 4148/1350/4406 4005/1351/4406 4151/1433/4406
f 1665/1437/4407 1668/3520/4407 1667/1439/4407
f 3913/1441/4408 3915/1358/4408 3914/1444/4408
f 3914/1444/4409 3915/1358/4409 3916/1362/4409
f 3916/1362/4410 3922/1253/4410 3917/3521/4410
f 3922/1253/4411 4208/1256/4411 4146/3522/4411
f 4208/1256/4412 4086/1259/4412 4146/3522/4412
f 4146/3522/4413 4086/1259/4413 4084/1746/4413
f 4086/1259/4414 4083/1261/4414 4084/1746/4414
f 4084/1746/4415 4083/1261/4415 4082/1747/4415
f 4082/1747/4416 4083/1261/4416 3980/1263/4416
f 3980/1263/4417 3976/3475/4417 3977/3523/4417
f 3977/3523/4418 3976/3475/4418 3968/1266/4418
f 348/1366/4419 345/1267/4419 349/1134/4419
f 344/1464/4420 341/1268/4420 345/1267/4420
f 339/1368/4421 340/1141/4421 341/1268/4421
f 337/1369/4422 336/1143/4422 339/1368/4422
f 356/1270/4423 354/1148/4423 355/1370/4423
f 967/3476/4424 963/3426/4424 972/3507/4424
f 1984/1500/4425 1976/3478/4425 1978/1501/4425
f 1977/1815/4426 1976/3478/4426 1974/1813/4426
f 1952/1284/4427 1868/3479/4427 1887/3524/4427
f 1887/3524/4428 1868/3479/4428 1865/3481/4428
f 1886/3525/4429 1865/3481/4429 1867/1818/4429
f 1865/3481/4430 1864/1817/4430 1867/1818/4430
f 1857/1510/4431 1846/1293/4431 1858/3526/4431
f 1846/1293/4432 1955/3510/4432 1860/3527/4432
f 1858/3526/4433 1846/1293/4433 1860/3527/4433
f 1955/3510/4434 1883/3514/4434 1860/3527/4434
f 1860/3527/4435 1883/3514/4435 1871/1821/4435
f 1871/1821/4436 1883/3514/4436 1882/3515/4436
f 1871/1821/4437 1882/3515/4437 1873/1172/4437
f 1871/1821/4438 1873/1172/4438 1872/1822/4438
f 1873/1172/4439 1874/1824/4439 1872/1822/4439
f 1879/1386/4440 1877/1061/4440 1880/3473/4440
f 1879/1386/4441 1880/3473/4441 1885/1828/4441
f 1915/1189/4442 1916/3447/4442 1918/3516/4442
f 1925/3528/4443 1924/3498/4443 1926/3499/4443
f 1925/3528/4444 1926/3499/4444 1927/3529/4444
f 1933/3530/4445 1926/3499/4445 1934/3501/4445
f 1933/3530/4446 1934/3501/4446 1939/3518/4446
f 1933/3530/4447 1939/3518/4447 1942/3531/4447
f 1563/1396/4448 1567/1322/4448 1564/1325/4448
f 1939/3518/4449 1941/3519/4449 1943/3532/4449
f 1565/3533/4450 1564/1325/4450 1568/1328/4450
f 3908/1711/4451 3910/1443/4451 3909/1712/4451
f 3909/1712/4452 3910/1443/4452 3912/1442/4452
f 3914/1444/4453 3916/1362/4453 3917/3521/4453
f 3918/3534/4454 3914/1444/4454 3917/3521/4454
f 3917/3521/4455 3922/1253/4455 3921/2041/4455
f 3921/2041/4456 3922/1253/4456 4146/3522/4456
f 3980/1263/4457 3977/3523/4457 4082/1747/4457
f 2640/1756/4458 2667/1454/4458 2592/1453/4458
f 428/1759/4459 348/1366/4459 351/1265/4459
f 342/1470/4460 341/1268/4460 344/1464/4460
f 337/1369/4461 339/1368/4461 343/1782/4461
f 371/1484/4462 356/1270/4462 355/1370/4462
f 374/1492/4463 375/1275/4463 361/1273/4463
f 1978/1501/4464 1976/3478/4464 1977/1815/4464
f 1961/3509/4465 1956/1285/4465 1958/3535/4465
f 1958/3535/4466 1956/1285/4466 1957/3536/4466
f 1956/1285/4467 1952/1284/4467 1957/3536/4467
f 1886/3525/4468 1887/3524/4468 1865/3481/4468
f 1864/1817/4469 1859/3482/4469 1862/1511/4469
f 1862/1511/4470 1859/3482/4470 1856/1162/4470
f 1861/1819/4471 1857/1510/4471 1858/3526/4471
f 1858/3526/4472 1860/3527/4472 1863/3537/4472
f 1863/3537/4473 1860/3527/4473 1866/1823/4473
f 1860/3527/4474 1871/1821/4474 1866/1823/4474
f 1874/1824/4475 1877/1061/4475 1878/1387/4475
f 1894/1827/4476 1888/1826/4476 1898/3538/4476
f 1888/1826/4477 1892/1301/4477 1898/3538/4477
f 1892/1301/4478 1895/1181/4478 1899/3539/4478
f 1904/1829/4479 1895/1181/4479 1900/1180/4479
f 1900/1180/4480 1907/3496/4480 1905/3540/4480
f 1930/3541/4481 1911/1190/4481 1915/1189/4481
f 1930/3541/4482 1915/1189/4482 1929/3542/4482
f 1929/3542/4483 1915/1189/4483 1918/3516/4483
f 1923/3543/4484 1922/3497/4484 1924/3498/4484
f 1923/3543/4485 1924/3498/4485 1925/3528/4485
f 1570/1531/4486 1563/1396/4486 1560/1851/4486
f 1563/1396/4487 1564/1325/4487 1561/1850/4487
f 1561/1850/4488 1564/1325/4488 1562/3544/4488
f 1562/3544/4489 1564/1325/4489 1565/3533/4489
f 1942/3531/4490 1939/3518/4490 1943/3532/4490
f 1565/3533/4491 1568/1328/4491 1566/2274/4491
f 1566/2274/4492 1568/1328/4492 1572/1539/4492
f 1943/3532/4493 1941/3519/4493 1945/3545/4493
f 4138/3546/4494 4139/3547/4494 4131/1545/4494
f 4138/3546/4495 4131/1545/4495 4137/3548/4495
f 4137/3548/4496 4131/1545/4496 4127/1547/4496
f 4137/3548/4497 4127/1547/4497 4128/1862/4497
f 4253/1550/4498 4255/1552/4498 4256/3549/4498
f 4178/1867/4499 4189/1560/4499 4166/1565/4499
f 4125/1549/4500 4123/1563/4500 4135/1873/4500
f 4170/1591/4501 4167/1579/4501 4169/1595/4501
f 4115/1576/4502 4105/1587/4502 4097/1608/4502
f 4047/1939/4503 4044/1618/4503 4046/1609/4503
f 4211/1622/4504 4210/1621/4504 4212/1949/4504
f 4048/1956/4505 4044/1618/4505 4047/1939/4505
f 4049/1649/4506 4044/1618/4506 4048/1956/4506
f 4039/1633/4507 4031/1639/4507 4041/1959/4507
f 4031/1639/4508 4032/1654/4508 4033/1969/4508
f 1670/1983/4509 1652/1676/4509 1650/1678/4509
f 1655/1696/4510 1645/1694/4510 1656/1701/4510
f 3904/1703/4511 3906/1702/4511 3905/1708/4511
f 4207/2004/4512 3909/1712/4512 3924/1715/4512
f 3912/1442/4513 3914/1444/4513 3924/1715/4513
f 3924/1715/4514 3914/1444/4514 3918/3534/4514
f 3918/3534/4515 3917/3521/4515 3919/2043/4515
f 2622/2017/4516 2588/1721/4516 2570/1720/4516
f 2622/2017/4517 2570/1720/4517 2607/1725/4517
f 3919/2043/4518 3917/3521/4518 3921/2041/4518
f 3921/2041/4519 4146/3522/4519 4009/3550/4519
f 3925/2042/4520 3921/2041/4520 4009/3550/4520
f 4222/1741/4521 4221/1740/4521 4223/3551/4521
f 2589/1767/4522 2562/1772/4522 2609/2116/4522
f 362/1479/4523 337/1369/4523 373/1791/4523
f 2601/1807/4524 2602/1809/4524 2611/1812/4524
f 1975/1814/4525 1974/1813/4525 1961/3509/4525
f 1957/3536/4526 1952/1284/4526 1950/3552/4526
f 1952/1284/4527 1887/3524/4527 1950/3552/4527
f 1950/3552/4528 1887/3524/4528 1886/3525/4528
f 1861/1819/4529 1858/3526/4529 1863/3537/4529
f 1898/3538/4530 1892/1301/4530 1899/3539/4530
f 1899/3539/4531 1895/1181/4531 1906/1830/4531
f 1904/1829/4532 1900/1180/4532 1905/3540/4532
f 1905/3540/4533 1907/3496/4533 1908/1523/4533
f 1946/3553/4534 1908/1523/4534 1931/1524/4534
f 1931/1524/4535 1911/1190/4535 1930/3541/4535
f 1918/3516/4536 1922/3497/4536 1923/3543/4536
f 1927/3529/4537 1926/3499/4537 1928/3554/4537
f 1928/3554/4538 1926/3499/4538 1933/3530/4538
f 1571/1846/4539 1575/1393/4539 1570/1531/4539
f 1571/1846/4540 1570/1531/4540 1560/1851/4540
f 1928/3554/4541 1933/3530/4541 1944/3555/4541
f 1933/3530/4542 1942/3531/4542 1944/3555/4542
f 1560/1851/4543 1561/1850/4543 1562/3544/4543
f 1944/3555/4544 1942/3531/4544 1943/3532/4544
f 1944/3555/4545 1943/3532/4545 1945/3545/4545
f 1562/3544/4546 1565/3533/4546 1566/2274/4546
f 1723/3556/4547 1722/3557/4547 1719/3558/4547
f 1719/3558/4548 1722/3557/4548 1720/3559/4548
f 1719/3558/4549 1720/3559/4549 1721/3560/4549
f 1720/3559/4550 1724/3561/4550 1721/3560/4550
f 1721/3560/4551 1724/3561/4551 1725/3562/4551
f 1725/3562/4552 1724/3561/4552 1726/3563/4552
f 2124/3564/4553 2117/6/4553 2123/3565/4553
f 2123/3565/4554 2117/6/4554 2119/5/4554
f 4840/3566/4555 4842/3567/4555 4841/3568/4555
f 4136/1874/4556 4135/1873/4556 4141/1882/4556
f 4909/3569/4557 4918/3570/4557 4910/3571/4557
f 4910/3571/4558 4918/3570/4558 4912/3572/4558
f 2475/1898/4559 2474/1897/4559 2477/3573/4559
f 4945/3574/4560 4914/3575/4560 4946/3576/4560
f 2978/3577/4561 2979/1903/4561 2980/1900/4561
f 4945/3574/4562 4946/3576/4562 4947/3578/4562
f 2981/1909/4563 2979/1903/4563 2978/3577/4563
f 4948/3579/4564 4947/3578/4564 4949/3580/4564
f 2836/1913/4565 2835/1912/4565 2838/3581/4565
f 2695/3582/4566 2696/3583/4566 2697/3584/4566
f 3574/3585/4567 3575/3586/4567 3576/3587/4567
f 3574/3585/4568 3576/3587/4568 3577/3588/4568
f 2674/3589/4569 2675/3590/4569 2676/3591/4569
f 2676/3591/4570 2675/3590/4570 2677/3592/4570
f 2842/3593/4571 2840/3594/4571 2839/3595/4571
f 4073/1957/4572 4039/1633/4572 4041/1959/4572
f 4065/1963/4573 4064/1642/4573 4035/1964/4573
f 1765/1979/4574 1766/1978/4574 1767/3596/4574
f 1989/1986/4575 1990/1985/4575 1991/3597/4575
f 1700/1991/4576 1699/1990/4576 1702/3598/4576
f 3894/3599/4577 3895/3600/4577 3896/3601/4577
f 3927/3602/4578 3904/1703/4578 3903/3603/4578
f 3903/3603/4579 3904/1703/4579 3905/1708/4579
f 3903/3603/4580 3905/1708/4580 3923/2002/4580
f 4224/3604/4581 4225/3605/4581 4226/3606/4581
f 1671/3607/4582 1672/3608/4582 1673/3609/4582
f 3562/3610/4583 3565/3611/4583 3563/3612/4583
f 4196/3613/4584 3924/1715/4584 3918/3534/4584
f 3562/3610/4585 3563/3612/4585 3564/3614/4585
f 2707/3615/4586 2708/3616/4586 2709/3617/4586
f 2709/3617/4587 2708/3616/4587 2710/3618/4587
f 2711/3619/4588 2710/3618/4588 2712/3620/4588
f 1806/3621/4589 1802/2010/4589 1804/2018/4589
f 2713/3622/4590 2712/3620/4590 2714/3623/4590
f 2715/3624/4591 2714/3623/4591 2716/3625/4591
f 3839/3626/4592 3845/2032/4592 3844/2031/4592
f 2717/3627/4593 2716/3625/4593 2718/3628/4593
f 2033/3629/4594 2031/3630/4594 2030/3631/4594
f 2672/2039/4595 2647/2038/4595 2671/3632/4595
f 3836/3633/4596 3837/3634/4596 3838/3635/4596
f 3919/2043/4597 3925/2042/4597 3926/3636/4597
f 2671/3632/4598 2647/2038/4598 2648/2050/4598
f 2030/3631/4599 2031/3630/4599 2032/3637/4599
f 3841/3638/4600 3836/3633/4600 3842/3639/4600
f 3926/3636/4601 3925/2042/4601 4008/3640/4601
f 3840/3641/4602 3841/3638/4602 3842/3639/4602
f 2951/2052/4603 2929/2051/4603 2956/3642/4603
f 3925/2042/4604 4009/3550/4604 4008/3640/4604
f 4008/3640/4605 4009/3550/4605 4203/3643/4605
f 1998/3644/4606 1999/2057/4606 2000/2056/4606
f 2513/2061/4607 2514/1754/4607 2515/3645/4607
f 2515/3645/4608 2514/1754/4608 2516/2078/4608
f 2937/2079/4609 2927/2070/4609 2954/2069/4609
f 2929/2051/4610 2948/2074/4610 2956/3642/4610
f 1782/3646/4611 1781/3647/4611 1780/3648/4611
f 1780/3648/4612 1781/3647/4612 1778/3649/4612
f 1778/3649/4613 1779/3650/4613 1780/3648/4613
f 1780/3648/4614 1779/3650/4614 1783/3651/4614
f 1993/2088/4615 1994/2087/4615 1995/3652/4615
f 421/1755/4616 417/1752/4616 439/2091/4616
f 1993/2088/4617 1995/3652/4617 1996/3653/4617
f 441/3654/4618 442/3655/4618 428/1759/4618
f 441/3654/4619 428/1759/4619 440/2102/4619
f 2631/2111/4620 2625/2110/4620 2673/3656/4620
f 2625/2110/4621 2624/2114/4621 2673/3656/4621
f 3039/3657/4622 3040/3658/4622 3038/3659/4622
f 3037/3660/4623 3038/3659/4623 3031/2135/4623
f 3036/3661/4624 3031/2135/4624 3033/2137/4624
f 3033/2137/4625 3032/2136/4625 3034/3662/4625
f 2470/3663/4626 2471/3664/4626 2472/3665/4626
f 3080/3666/4627 3081/3667/4627 3082/3668/4627
f 3082/3668/4628 3081/3667/4628 3083/3669/4628
f 2466/3670/4629 2467/3671/4629 2468/3672/4629
f 2466/3670/4630 2468/3672/4630 2469/3673/4630
f 1973/3674/4631 1961/3509/4631 1958/3535/4631
f 1958/3535/4632 1957/3536/4632 1972/3675/4632
f 1972/3675/4633 1957/3536/4633 1950/3552/4633
f 1967/3676/4634 1950/3552/4634 1886/3525/4634
f 1886/3525/4635 1867/1818/4635 1966/3677/4635
f 1967/3676/4636 1886/3525/4636 1966/3677/4636
f 3691/3678/4637 3713/3679/4637 3688/3680/4637
f 3713/3679/4638 3689/3681/4638 3688/3680/4638
f 1951/3682/4639 1862/1511/4639 1861/1819/4639
f 3683/3683/4640 3718/3684/4640 3681/3685/4640
f 3718/3684/4641 3680/3686/4641 3681/3685/4641
f 3680/3686/4642 3721/3687/4642 3678/3688/4642
f 3678/3688/4643 3721/3687/4643 3677/3689/4643
f 3678/3688/4644 3677/3689/4644 3675/3690/4644
f 3675/3690/4645 3677/3689/4645 3654/3691/4645
f 3654/3691/4646 3677/3689/4646 3605/3692/4646
f 3605/3692/4647 3606/3693/4647 3607/3694/4647
f 3606/3693/4648 3608/3695/4648 3607/3694/4648
f 3607/3694/4649 3608/3695/4649 3609/3696/4649
f 3609/3696/4650 3608/3695/4650 3610/3697/4650
f 3609/3696/4651 3610/3697/4651 3611/3698/4651
f 1960/3699/4652 1898/3538/4652 1899/3539/4652
f 1960/3699/4653 1899/3539/4653 1906/1830/4653
f 1904/1829/4654 1905/3540/4654 1964/3700/4654
f 1964/3700/4655 1905/3540/4655 1949/3701/4655
f 1949/3701/4656 1905/3540/4656 1908/1523/4656
f 1949/3701/4657 1908/1523/4657 1946/3553/4657
f 1946/3553/4658 1931/1524/4658 1953/3702/4658
f 1953/3702/4659 1931/1524/4659 1930/3541/4659
f 1954/3703/4660 1930/3541/4660 1929/3542/4660
f 1929/3542/4661 1918/3516/4661 1948/3704/4661
f 1954/3703/4660 1929/3542/4660 1948/3704/4660
f 1948/3704/4662 1918/3516/4662 1947/3705/4662
f 1918/3516/4663 1923/3543/4663 1947/3705/4663
f 3647/3706/4664 3645/3707/4664 3720/3708/4664
f 3647/3706/4665 3720/3708/4665 3656/3709/4665
f 1959/3710/4666 1925/3528/4666 1927/3529/4666
f 1959/3710/4667 1927/3529/4667 1928/3554/4667
f 1571/1846/4668 1560/1851/4668 1584/3711/4668
f 3670/3712/4669 3658/3713/4669 3716/3714/4669
f 3670/3712/4670 3716/3714/4670 3715/3715/4670
f 3670/3712/4671 3715/3715/4671 3672/2422/4671
f 1562/3544/4672 1566/2274/4672 1578/2418/4672
f 1433/1541/4673 1414/1858/4673 1417/2278/4673
f 3672/2422/4674 3715/3715/4674 3791/3716/4674
f 4938/3717/4675 4939/3718/4675 4937/3719/4675
f 5192/3720/4676 5193/3721/4676 5191/3722/4676
f 4961/3723/4677 4966/3724/4677 4965/3725/4677
f 4961/3723/4678 4965/3725/4678 4964/3726/4678
f 4936/3727/4679 4938/3717/4679 4937/3719/4679
f 5191/3722/4680 5193/3721/4680 5194/3728/4680
f 4943/3729/4681 4915/3730/4681 4906/3731/4681
f 4917/3732/4682 4943/3729/4682 4906/3731/4682
f 4841/3568/4683 4842/3567/4683 4843/3733/4683
f 4843/3733/4684 4973/3734/4684 4961/3723/4684
f 4973/3734/4685 4966/3724/4685 4961/3723/4685
f 4965/3725/4686 5128/3735/4686 4974/3736/4686
f 4964/3726/4687 4965/3725/4687 4974/3736/4687
f 4974/3736/4688 5128/3735/4688 5129/3737/4688
f 4936/3727/4689 4937/3719/4689 4935/3738/4689
f 4915/3730/4690 4916/3739/4690 4908/3740/4690
f 4906/3731/4691 4915/3730/4691 4908/3740/4691
f 4840/3566/4692 4841/3568/4692 4836/3741/4692
f 4836/3741/4693 4841/3568/4693 4843/3733/4693
f 4963/3742/4694 4964/3726/4694 4974/3736/4694
f 4934/3743/4695 4936/3727/4695 4935/3738/4695
f 4906/3731/4696 4908/3740/4696 4907/3744/4696
f 4906/3731/4697 4907/3744/4697 4904/3745/4697
f 4907/3744/4698 4908/3740/4698 4909/3569/4698
f 4907/3744/4699 4909/3569/4699 4910/3571/4699
f 3079/3746/4700 3077/1877/4700 3076/1876/4700
f 4967/3747/4701 4963/3742/4701 4974/3736/4701
f 4967/3747/4702 4974/3736/4702 5138/3748/4702
f 4974/3736/4703 5129/3737/4703 5138/3748/4703
f 4934/3743/4704 4935/3738/4704 4933/3749/4704
f 4837/3750/4705 4839/3751/4705 4836/3741/4705
f 4836/3741/4706 4839/3751/4706 4840/3566/4706
f 4934/3743/4707 4933/3749/4707 4932/3752/4707
f 4838/3753/4708 4837/3750/4708 4832/3754/4708
f 4832/3754/4709 4837/3750/4709 4836/3741/4709
f 4968/3755/4710 4967/3747/4710 4971/3756/4710
f 4967/3747/4711 5138/3748/4711 4972/3757/4711
f 4971/3756/4712 4967/3747/4712 4972/3757/4712
f 4932/3752/4713 4933/3749/4713 4929/3758/4713
f 4907/3744/4714 4910/3571/4714 4911/3759/4714
f 4911/3759/4715 4910/3571/4715 4912/3572/4715
f 4847/3760/4716 4838/3753/4716 4832/3754/4716
f 4931/3761/4717 4932/3752/4717 4929/3758/4717
f 4911/3759/4718 4912/3572/4718 4913/3762/4718
f 4911/3759/4719 4913/3762/4719 4914/3575/4719
f 2980/1900/4720 2984/1895/4720 2985/1893/4720
f 4834/3763/4721 4847/3760/4721 4832/3754/4721
f 4930/3764/4722 4931/3761/4722 4929/3758/4722
f 4911/3759/4723 4914/3575/4723 4945/3574/4723
f 5134/3765/4724 4911/3759/4724 4945/3574/4724
f 5354/3766/4725 5355/3767/4725 5356/3768/4725
f 4930/3764/4726 4929/3758/4726 4928/3769/4726
f 4928/3769/4727 4929/3758/4727 4919/3770/4727
f 4844/3771/4728 4834/3763/4728 4833/3772/4728
f 4833/3772/4729 4834/3763/4729 4832/3754/4729
f 4833/3772/4730 4832/3754/4730 4384/3773/4730
f 5357/3774/4731 5354/3766/4731 5356/3768/4731
f 5134/3765/4732 4945/3574/4732 4948/3579/4732
f 4948/3579/4733 4945/3574/4733 4947/3578/4733
f 4845/3775/4734 4844/3771/4734 4833/3772/4734
f 4928/3769/4735 4919/3770/4735 4927/3776/4735
f 5134/3765/4736 4948/3579/4736 4952/3777/4736
f 4846/3778/4737 4845/3775/4737 4833/3772/4737
f 4413/3779/4738 4886/3780/4738 4887/3781/4738
f 4927/3776/4739 4919/3770/4739 4926/3782/4739
f 4848/3783/4740 4846/3778/4740 4833/3772/4740
f 4849/3784/4741 4848/3783/4741 4833/3772/4741
f 4925/3785/4742 4926/3782/4742 4919/3770/4742
f 4925/3785/4743 4919/3770/4743 4922/1927/4743
f 4922/1927/4744 4919/3770/4744 4921/1928/4744
f 4948/3579/4745 4949/3580/4745 4950/3786/4745
f 4952/3777/4746 4948/3579/4746 4950/3786/4746
f 4413/3779/4747 4887/3781/4747 4953/3787/4747
f 4954/3788/4748 4413/3779/4748 4953/3787/4748
f 4921/1928/4749 4919/3770/4749 4920/1945/4749
f 4952/3777/4750 4950/3786/4750 5146/3789/4750
f 4850/3790/4751 4848/3783/4751 4849/3784/4751
f 4851/3791/4752 4850/3790/4752 4849/3784/4752
f 4416/3792/4753 4413/3779/4753 5096/3793/4753
f 4413/3779/4754 4954/3788/4754 4955/3794/4754
f 5096/3793/4755 4413/3779/4755 4955/3794/4755
f 4923/1929/4756 4921/1928/4756 4924/1944/4756
f 4924/1944/4757 4921/1928/4757 4920/1945/4757
f 4854/3795/4758 4851/3791/4758 4849/3784/4758
f 5141/3796/4759 4416/3792/4759 5096/3793/4759
f 4952/3777/4760 5146/3789/4760 5102/3797/4760
f 5102/3797/4761 5146/3789/4761 5107/3798/4761
f 4856/3799/4762 4854/3795/4762 4855/3800/4762
f 4855/3800/4763 4854/3795/4763 4849/3784/4763
f 5142/3801/4764 4416/3792/4764 5141/3796/4764
f 5048/1946/4765 4920/1945/4765 5027/3802/4765
f 4857/3803/4766 4856/3799/4766 4855/3800/4766
f 5152/3804/4767 4416/3792/4767 5142/3801/4767
f 5107/3798/4768 5108/3805/4768 4881/3806/4768
f 5102/3797/4769 5107/3798/4769 4881/3806/4769
f 2839/3595/4770 2840/3594/4770 2841/3807/4770
f 4397/2281/4771 4416/3792/4771 4407/3808/4771
f 4416/3792/4772 5152/3804/4772 4407/3808/4772
f 5049/3809/4773 5048/1946/4773 5027/3802/4773
f 5253/3810/4774 5251/3811/4774 5250/3812/4774
f 5250/3812/4775 5251/3811/4775 5252/3813/4775
f 5252/3813/4776 5251/3811/4776 5254/3814/4776
f 4397/2281/4777 4407/3808/4777 4406/3815/4777
f 4405/3816/4778 4397/2281/4778 4406/3815/4778
f 5049/3809/4779 5027/3802/4779 5050/3817/4779
f 4397/2281/4780 4405/3816/4780 4401/3818/4780
f 4400/3819/4781 4397/2281/4781 4401/3818/4781
f 4399/3820/4782 4397/2281/4782 4400/3819/4782
f 5050/3817/4783 5027/3802/4783 5051/3821/4783
f 4397/2281/4784 4399/3820/4784 4398/3822/4784
f 4396/2279/4785 4397/2281/4785 4398/3822/4785
f 3578/1966/4786 3579/3823/4786 3580/1967/4786
f 5051/3821/4787 5027/3802/4787 5066/3824/4787
f 4393/2280/4788 4396/2279/4788 4395/3825/4788
f 4394/3826/4789 4393/2280/4789 4395/3825/4789
f 5177/3827/4790 5178/3828/4790 5179/3829/4790
f 4389/3830/4791 4393/2280/4791 4392/3831/4791
f 4392/3831/4792 4393/2280/4792 4394/3826/4792
f 5180/3832/4793 5177/3827/4793 5179/3829/4793
f 4389/3830/4794 4392/3831/4794 4391/3833/4794
f 5059/3834/4795 5057/3835/4795 5058/3836/4795
f 4388/3837/4796 4389/3830/4796 4390/3838/4796
f 4390/3838/4797 4389/3830/4797 4391/3833/4797
f 4410/3839/4798 4388/3837/4798 4390/3838/4798
f 5058/3836/4799 5057/3835/4799 5056/3840/4799
f 5060/3841/4800 5058/3836/4800 5056/3840/4800
f 4388/3837/4801 4410/3839/4801 4411/3842/4801
f 4412/3843/4802 4388/3837/4802 4411/3842/4802
f 5060/3841/4803 5056/3840/4803 5147/3844/4803
f 5170/3845/4804 5171/3846/4804 5172/3847/4804
f 4388/3837/4805 4412/3843/4805 4415/3848/4805
f 4404/3849/4806 4388/3837/4806 4415/3848/4806
f 5147/3844/4807 4265/3850/4807 4408/3851/4807
f 5145/3852/4808 4404/3849/4808 4415/3848/4808
f 4408/3851/4809 4265/3850/4809 4257/1995/4809
f 4257/1995/4810 4265/3850/4810 4260/3853/4810
f 4259/1997/4811 4408/3851/4811 4257/1995/4811
f 5371/3854/4812 5374/3855/4812 5373/3856/4812
f 5372/3857/4813 5371/3854/4813 5373/3856/4813
f 4258/1996/4814 4257/1995/4814 4260/3853/4814
f 4258/1996/4815 4260/3853/4815 4261/3858/4815
f 5127/3859/4816 4356/3860/4816 4364/3861/4816
f 4258/1996/4817 4261/3858/4817 4280/3862/4817
f 4364/3861/4818 4356/3860/4818 4285/3863/4818
f 4285/3863/4819 4356/3860/4819 4350/3864/4819
f 4993/2282/4820 4992/2284/4820 4994/3865/4820
f 4995/3866/4821 4994/3865/4821 4992/2284/4821
f 4350/3864/4822 4352/3867/4822 4351/3868/4822
f 4351/3868/4823 4352/3867/4823 4357/3869/4823
f 4357/3869/4824 4352/3867/4824 4358/3870/4824
f 4357/3869/4825 4358/3870/4825 4359/3871/4825
f 3447/3872/4826 3448/3873/4826 3431/3874/4826
f 3423/3875/4827 3400/3876/4827 3356/3877/4827
f 3356/3877/4828 3400/3876/4828 3357/3878/4828
f 3447/3872/4829 3431/3874/4829 3430/3879/4829
f 3357/3878/4830 3400/3876/4830 3420/3880/4830
f 3357/3878/4831 3420/3880/4831 3421/3881/4831
f 3357/3878/4832 3421/3881/4832 3362/3882/4832
f 2709/3617/4833 2710/3618/4833 2711/3619/4833
f 2711/3619/4834 2712/3620/4834 2713/3622/4834
f 3844/2031/4835 3843/2030/4835 3846/3883/4835
f 3844/2031/4836 3846/3883/4836 3847/3884/4836
f 2035/3885/4837 2036/3886/4837 2033/3629/4837
f 2713/3622/4838 2714/3623/4838 2715/3624/4838
f 2713/3622/4839 2715/3624/4839 2717/3627/4839
f 2004/2035/4840 2002/2019/4840 2008/2285/4840
f 2717/3627/4841 2715/3624/4841 2716/3625/4841
f 3848/3887/4842 3839/3626/4842 3844/2031/4842
f 3848/3887/4843 3844/2031/4843 3847/3884/4843
f 2034/3888/4844 2035/3885/4844 2033/3629/4844
f 2034/3888/4845 2033/3629/4845 2030/3631/4845
f 3838/3635/4846 3837/3634/4846 3839/3626/4846
f 3838/3635/4847 3839/3626/4847 3848/3887/4847
f 3375/3889/4848 3407/3890/4848 3351/3891/4848
f 3351/3891/4849 3407/3890/4849 3406/3892/4849
f 2045/3893/4850 2035/3885/4850 2044/3894/4850
f 3351/3891/4851 3406/3892/4851 3396/3895/4851
f 3842/3639/4852 3836/3633/4852 3850/3896/4852
f 3850/3896/4853 3836/3633/4853 3838/3635/4853
f 3850/3896/4854 3838/3635/4854 3849/3897/4854
f 3849/3897/4855 3838/3635/4855 3848/3887/4855
f 2044/3894/4856 2035/3885/4856 2039/2292/4856
f 2035/3885/4857 2034/3888/4857 2039/2292/4857
f 2039/2292/4858 2034/3888/4858 2030/3631/4858
f 3351/3891/4859 3396/3895/4859 3353/3898/4859
f 3353/3898/4860 3396/3895/4860 3395/3899/4860
f 2046/3900/4861 2045/3893/4861 2044/3894/4861
f 2039/2292/4862 2030/3631/4862 2037/3901/4862
f 2037/3901/4863 2030/3631/4863 2032/3637/4863
f 2037/3901/4864 2032/3637/4864 2038/3902/4864
f 3353/3898/4865 3395/3899/4865 3390/3903/4865
f 3840/3641/4866 3842/3639/4866 3850/3896/4866
f 2047/3904/4867 2046/3900/4867 2044/3894/4867
f 3410/3905/4868 3419/3906/4868 3418/3907/4868
f 3422/3908/4869 3419/3906/4869 3410/3905/4869
f 3422/3908/4870 3410/3905/4870 3425/3909/4870
f 3418/3907/4871 3417/2289/4871 3410/3905/4871
f 3353/3898/4872 3390/3903/4872 3352/3910/4872
f 3852/3911/4873 3840/3641/4873 3851/3912/4873
f 3851/3912/4874 3840/3641/4874 3850/3896/4874
f 2049/3913/4875 2048/3914/4875 2047/3904/4875
f 2048/3914/4876 2046/3900/4876 2047/3904/4876
f 2040/2293/4877 2039/2292/4877 2037/3901/4877
f 1351/2064/4878 1350/2055/4878 1344/2075/4878
f 3352/3910/4879 3390/3903/4879 3358/3915/4879
f 3855/3916/4880 3852/3911/4880 3854/3917/4880
f 3854/3917/4881 3852/3911/4881 3853/3918/4881
f 3853/3918/4882 3852/3911/4882 3851/3912/4882
f 2049/3913/4883 2047/3904/4883 2050/3919/4883
f 3118/3920/4884 3120/3921/4884 3119/3922/4884
f 3857/3923/4885 3855/3916/4885 3854/3917/4885
f 3853/3918/4886 3851/3912/4886 3859/3924/4886
f 3358/3915/4887 3399/3925/4887 3359/3926/4887
f 3359/3926/4888 3399/3925/4888 3401/3927/4888
f 3114/3928/4889 3117/3929/4889 3115/3930/4889
f 3115/3930/4890 3117/3929/4890 3118/3920/4890
f 3115/3930/4891 3118/3920/4891 3116/3931/4891
f 3116/3931/4892 3118/3920/4892 3119/3922/4892
f 3858/3932/4893 3857/3923/4893 3856/3933/4893
f 3856/3933/4894 3857/3923/4894 3854/3917/4894
f 3856/3933/4895 3854/3917/4895 3853/3918/4895
f 2040/2293/4896 2037/3901/4896 2041/3934/4896
f 2037/3901/4897 2038/3902/4897 2052/3935/4897
f 2041/3934/4898 2037/3901/4898 2052/3935/4898
f 1309/2296/4899 1342/2295/4899 1345/2083/4899
f 1309/2296/4900 1345/2083/4900 1310/2294/4900
f 3359/3926/4901 3401/3927/4901 3416/3936/4901
f 3359/3926/4902 3416/3936/4902 3415/3937/4902
f 3112/3938/4903 3114/3928/4903 3115/3930/4903
f 3112/3938/4904 3115/3930/4904 3116/3931/4904
f 3359/3926/4905 3415/3937/4905 3414/3939/4905
f 2043/3940/4906 2042/2291/4906 2040/2293/4906
f 3359/3926/4907 3414/3939/4907 3413/3941/4907
f 3113/3942/4908 3114/3928/4908 3112/3938/4908
f 3860/3943/4909 3862/3944/4909 3858/3932/4909
f 2040/2293/4910 2041/3934/4910 2051/3945/4910
f 3359/3926/4911 3413/3941/4911 3412/3946/4911
f 3113/3942/4912 3112/3938/4912 3105/3947/4912
f 2043/3940/4913 2040/2293/4913 2051/3945/4913
f 1304/2301/4914 1373/3948/4914 1306/2297/4914
f 1303/3949/4915 1304/2301/4915 1306/2297/4915
f 3359/3926/4916 3412/3946/4916 3388/3950/4916
f 3359/3926/4917 3388/3950/4917 3347/3951/4917
f 3105/3947/4918 3112/3938/4918 3108/3952/4918
f 1387/3953/4919 1373/3948/4919 1304/2301/4919
f 3388/3950/4920 3387/3954/4920 3347/3951/4920
f 3347/3951/4921 3387/3954/4921 3386/3955/4921
f 3121/3956/4922 3113/3942/4922 3105/3947/4922
f 1387/3953/4923 1304/2301/4923 1320/2303/4923
f 1317/2304/4924 1387/3953/4924 1320/2303/4924
f 3347/3951/4925 3386/3955/4925 3385/3957/4925
f 3122/3958/4926 3121/3956/4926 3105/3947/4926
f 3122/3958/4927 3105/3947/4927 3104/3959/4927
f 3104/3959/4928 3105/3947/4928 3102/3960/4928
f 1317/2304/4929 1320/2303/4929 1298/2302/4929
f 3347/3951/4930 3385/3957/4930 3326/3961/4930
f 3326/3961/4931 3385/3957/4931 3384/3962/4931
f 3102/3960/4932 3105/3947/4932 3108/3952/4932
f 3591/2299/4933 3595/2298/4933 3594/3963/4933
f 3326/3961/4934 3384/3962/4934 3383/3964/4934
f 3127/3965/4935 3122/3958/4935 3104/3959/4935
f 3102/3960/4936 3108/3952/4936 3107/3966/4936
f 3592/3967/4937 3591/2299/4937 3594/3963/4937
f 3326/3961/4938 3383/3964/4938 3327/3968/4938
f 3327/3968/4939 3383/3964/4939 3389/3969/4939
f 3327/3968/4940 3389/3969/4940 3350/3970/4940
f 3127/3965/4941 3104/3959/4941 3124/3971/4941
f 3104/3959/4942 3102/3960/4942 3101/3972/4942
f 3124/3971/4943 3104/3959/4943 3101/3972/4943
f 3101/3972/4944 3102/3960/4944 3099/3973/4944
f 3326/3961/4945 3327/3968/4945 3300/3974/4945
f 3039/3657/4946 3038/3659/4946 3037/3660/4946
f 3099/3973/4947 3102/3960/4947 3107/3966/4947
f 3300/3974/4948 3327/3968/4948 3306/3975/4948
f 3327/3968/4949 3350/3970/4949 3306/3975/4949
f 3306/3975/4950 3350/3970/4950 3349/3976/4950
f 3306/3975/4951 3349/3976/4951 3348/3977/4951
f 3036/3661/4952 3037/3660/4952 3031/2135/4952
f 3589/3978/4953 3591/2299/4953 3592/3967/4953
f 3591/2299/4954 3589/3978/4954 3588/3979/4954
f 3306/3975/4955 3348/3977/4955 3308/3980/4955
f 3035/3981/4956 3036/3661/4956 3033/2137/4956
f 3126/3982/4957 3124/3971/4957 3101/3972/4957
f 3099/3973/4958 3107/3966/4958 3106/3983/4958
f 3307/3984/4959 3306/3975/4959 3308/3980/4959
f 3035/3981/4960 3033/2137/4960 3034/3662/4960
f 2473/3985/4961 2471/3664/4961 2470/3663/4961
f 3307/3984/4962 3308/3980/4962 3309/3986/4962
f 3307/3984/4963 3309/3986/4963 3301/3987/4963
f 3308/3980/4964 3381/3988/4964 3309/3986/4964
f 3309/3986/4965 3381/3988/4965 3382/3989/4965
f 3309/3986/4966 3382/3989/4966 3310/3990/4966
f 3126/3982/4967 3101/3972/4967 3125/3991/4967
f 3101/3972/4968 3099/3973/4968 3097/3992/4968
f 3125/3991/4969 3101/3972/4969 3097/3992/4969
f 3588/3979/4970 3589/3978/4970 3590/3993/4970
f 3301/3987/4971 3309/3986/4971 3310/3990/4971
f 3301/3987/4972 3310/3990/4972 3305/3994/4972
f 3123/3995/4973 3125/3991/4973 3097/3992/4973
f 3099/3973/4974 3106/3983/4974 3096/2311/4974
f 3593/3996/4975 3588/3979/4975 3590/3993/4975
f 3303/3997/4976 3301/3987/4976 3304/3998/4976
f 3304/3998/4977 3301/3987/4977 3305/3994/4977
f 3305/3994/4978 3310/3990/4978 3405/3999/4978
f 3305/3994/4979 3405/3999/4979 3344/4000/4979
f 3097/3992/4980 3099/3973/4980 3096/2311/4980
f 3123/3995/4981 3097/3992/4981 3095/4001/4981
f 3304/3998/4982 3305/3994/4982 3323/4002/4982
f 3323/4002/4983 3305/3994/4983 3344/4000/4983
f 3095/4001/4984 3097/3992/4984 3096/2311/4984
f 3303/3997/4985 3304/3998/4985 3336/4003/4985
f 3304/3998/4986 3323/4002/4986 3336/4003/4986
f 3336/4003/4987 3323/4002/4987 3345/4004/4987
f 3323/4002/4988 3344/4000/4988 3345/4004/4988
f 3095/4001/4989 3096/2311/4989 3093/2313/4989
f 3094/4005/4990 3095/4001/4990 3093/2313/4990
f 1335/2376/4991 1340/4006/4991 1341/4007/4991
f 1341/4007/4992 1340/4006/4992 1328/2379/4992
f 3338/4008/4993 3303/3997/4993 3336/4003/4993
f 3094/4005/4994 3093/2313/4994 3092/4009/4994
f 3342/4010/4995 3338/4008/4995 3336/4003/4995
f 3346/2168/4996 3336/4003/4996 3345/4004/4996
f 3346/2168/4997 3345/4004/4997 3411/2169/4997
f 3092/4009/4998 3093/2313/4998 3089/4011/4998
f 3091/4012/4999 3092/4009/4999 3089/4011/4999
f 3342/4010/5000 3336/4003/5000 3346/2168/5000
f 3089/4011/5001 3093/2313/5001 3098/2314/5001
f 3338/4008/5002 3342/4010/5002 3343/4013/5002
f 3342/4010/5003 3346/2168/5003 3267/2181/5003
f 3267/2181/5004 3346/2168/5004 3427/2167/5004
f 3089/4011/5005 3098/2314/5005 3088/4014/5005
f 3088/4014/5006 3098/2314/5006 3103/4015/5006
f 1383/2315/5007 1324/2317/5007 1334/2386/5007
f 3264/2190/5008 3343/4013/5008 3342/4010/5008
f 3265/2180/5009 3342/4010/5009 3267/2181/5009
f 3090/4016/5010 3091/4012/5010 3089/4011/5010
f 3264/2190/5011 3342/4010/5011 3265/2180/5011
f 3089/4011/5012 3088/4014/5012 3087/2185/5012
f 3090/4016/5013 3089/4011/5013 3087/2185/5013
f 1386/4017/5014 1385/4018/5014 1379/2322/5014
f 3360/4019/5015 3343/4013/5015 3264/2190/5015
f 3264/2190/5016 3265/2180/5016 3266/2179/5016
f 3087/2185/5017 3088/4014/5017 3085/2186/5017
f 1386/4017/5018 1379/2322/5018 1381/4020/5018
f 3085/2186/5019 3088/4014/5019 3086/2192/5019
f 3366/4021/5020 3360/4019/5020 3367/4022/5020
f 3367/4022/5021 3360/4019/5021 3264/2190/5021
f 3367/4022/5022 3264/2190/5022 3268/2189/5022
f 1381/4020/5023 1379/2322/5023 1338/2321/5023
f 3368/4023/5024 3366/4021/5024 3367/4022/5024
f 3585/4024/5025 3586/4025/5025 3587/4026/5025
f 3369/2206/5026 3366/4021/5026 3368/4023/5026
f 3372/4027/5027 3366/4021/5027 3370/2205/5027
f 3370/2205/5028 3366/4021/5028 3369/2206/5028
f 3371/4028/5029 3372/4027/5029 3370/2205/5029
f 3379/4029/5030 3371/4028/5030 3378/4030/5030
f 3371/4028/5031 3370/2205/5031 3377/2208/5031
f 3378/4030/5032 3371/4028/5032 3377/2208/5032
f 3380/4031/5033 3379/4029/5033 3378/4030/5033
f 3726/4032/5034 3727/4033/5034 3714/4034/5034
f 3709/4035/5035 3712/4036/5035 3711/4037/5035
f 3691/3678/5036 3688/3680/5036 3690/4038/5036
f 3688/3680/5037 3689/3681/5037 3685/4039/5037
f 3689/3681/5038 3683/3683/5038 3685/4039/5038
f 3675/3690/5039 3654/3691/5039 3666/4040/5039
f 3607/3694/5040 3609/3696/5040 3613/4041/5040
f 3616/4042/5041 3618/4043/5041 3621/4044/5041
f 3623/4045/5042 3624/4046/5042 3622/4047/5042
f 3633/4048/5043 3632/4049/5043 3634/4050/5043
f 3643/2532/5044 3644/4051/5044 3645/3707/5044
f 814/2265/5045 722/2341/5045 721/2266/5045
f 1571/1846/5046 1584/3711/5046 1582/2344/5046
f 3658/3713/5047 3670/3712/5047 3669/4052/5047
f 1584/3711/5048 1560/1851/5048 1581/4053/5048
f 1582/2344/5049 1584/3711/5049 1581/4053/5049
f 1560/1851/5050 1562/3544/5050 1581/4053/5050
f 1581/4053/5051 1562/3544/5051 1578/2418/5051
f 3669/4052/5052 3670/3712/5052 3671/4054/5052
f 3670/3712/5053 3672/2422/5053 3671/4054/5053
f 5192/3720/5054 5191/3722/5054 5187/4055/5054
f 5187/4055/5055 5191/3722/5055 5190/4056/5055
f 4941/4057/5056 4917/3732/5056 4905/4058/5056
f 4905/4058/5057 4917/3732/5057 4906/3731/5057
f 4961/3723/5058 4964/3726/5058 4963/3742/5058
f 4935/3738/5059 4937/3719/5059 4940/4059/5059
f 4836/3741/5060 4843/3733/5060 4835/4060/5060
f 4843/3733/5061 4961/3723/5061 4835/4060/5061
f 4835/4060/5062 4961/3723/5062 4962/4061/5062
f 4962/4061/5063 4961/3723/5063 4963/3742/5063
f 4933/3749/5064 4935/3738/5064 4940/4059/5064
f 5187/4055/5065 5190/4056/5065 5189/4062/5065
f 5030/4063/5066 4941/4057/5066 4905/4058/5066
f 4905/4058/5067 4906/3731/5067 4904/3745/5067
f 4962/4061/5068 4963/3742/5068 4967/3747/5068
f 4933/3749/5069 4940/4059/5069 5119/4064/5069
f 5030/4063/5070 4905/4058/5070 4902/4065/5070
f 4902/4065/5071 4905/4058/5071 4904/3745/5071
f 4962/4061/5072 4967/3747/5072 4968/3755/5072
f 4929/3758/5073 4933/3749/5073 5119/4064/5073
f 5187/4055/5074 5189/4062/5074 5188/4066/5074
f 5186/4067/5075 5187/4055/5075 5188/4066/5075
f 4903/4068/5076 5030/4063/5076 4902/4065/5076
f 4904/3745/5077 4907/3744/5077 4944/4069/5077
f 4944/4069/5078 4907/3744/5078 4911/3759/5078
f 4832/3754/5079 4836/3741/5079 4835/4060/5079
f 5061/4070/5080 4835/4060/5080 4962/4061/5080
f 4970/4071/5081 4962/4061/5081 4969/4072/5081
f 4831/4073/5082 4832/3754/5082 4835/4060/5082
f 4831/4073/5083 4835/4060/5083 5061/4070/5083
f 5061/4070/5084 4962/4061/5084 4970/4071/5084
f 4969/4072/5085 4962/4061/5085 4968/3755/5085
f 4902/4065/5086 4904/3745/5086 4897/4074/5086
f 4986/4075/5087 4970/4071/5087 4969/4072/5087
f 5119/4064/5088 4903/4068/5088 4901/4076/5088
f 4903/4068/5089 4902/4065/5089 4900/4077/5089
f 4902/4065/5090 4897/4074/5090 4900/4077/5090
f 4897/4074/5091 4904/3745/5091 4944/4069/5091
f 4897/4074/5092 4944/4069/5092 4898/4078/5092
f 4944/4069/5093 4911/3759/5093 5134/3765/5093
f 4403/4079/5094 4831/4073/5094 5061/4070/5094
f 5199/4080/5095 5200/4081/5095 5201/4082/5095
f 5199/4080/5096 5201/4082/5096 5202/4083/5096
f 5353/4084/5097 5355/3767/5097 5354/3766/5097
f 4929/3758/5098 5119/4064/5098 4919/3770/5098
f 4919/3770/5099 5119/4064/5099 4901/4076/5099
f 4901/4076/5100 4903/4068/5100 4900/4077/5100
f 4832/3754/5101 4831/4073/5101 4384/3773/5101
f 4414/4085/5102 4379/4086/5102 4986/4075/5102
f 5352/4087/5103 5353/4084/5103 5354/3766/5103
f 4883/4088/5104 4986/4075/5104 4886/3780/5104
f 4899/4089/5105 4900/4077/5105 4897/4074/5105
f 4897/4074/5106 4898/4078/5106 4893/4090/5106
f 4893/4090/5107 4898/4078/5107 4944/4069/5107
f 4893/4090/5108 4944/4069/5108 4891/4091/5108
f 4384/3773/5109 4831/4073/5109 4403/4079/5109
f 4379/4086/5110 4403/4079/5110 5061/4070/5110
f 4901/4076/5111 4900/4077/5111 4899/4089/5111
f 4891/4091/5112 4944/4069/5112 5134/3765/5112
f 4891/4091/5113 5134/3765/5113 4952/3777/5113
f 4414/4085/5114 4986/4075/5114 4883/4088/5114
f 4883/4088/5115 4886/3780/5115 4413/3779/5115
f 4919/3770/5116 4901/4076/5116 4899/4089/5116
f 4896/4092/5117 4899/4089/5117 4897/4074/5117
f 4896/4092/5118 4897/4074/5118 4893/4090/5118
f 4862/4093/5119 4833/3772/5119 4384/3773/5119
f 4384/3773/5120 4403/4079/5120 4378/4094/5120
f 4379/4086/5121 4414/4085/5121 4383/4095/5121
f 4383/4095/5122 4414/4085/5122 4413/3779/5122
f 4413/3779/5123 4414/4085/5123 4883/4088/5123
f 4919/3770/5124 4899/4089/5124 4896/4092/5124
f 4891/4091/5125 4952/3777/5125 4890/4096/5125
f 4378/4094/5126 4403/4079/5126 4379/4086/5126
f 4379/4086/5127 4383/4095/5127 4380/4097/5127
f 4896/4092/5128 4893/4090/5128 4895/4098/5128
f 4891/4091/5129 4890/4096/5129 4889/4099/5129
f 4849/3784/5130 4833/3772/5130 4862/4093/5130
f 4382/4100/5131 4862/4093/5131 4384/3773/5131
f 4382/4100/5132 4384/3773/5132 4378/4094/5132
f 4377/4101/5133 4378/4094/5133 4379/4086/5133
f 4377/4101/5134 4379/4086/5134 4380/4097/5134
f 4381/4102/5135 4380/4097/5135 4383/4095/5135
f 4381/4102/5136 4383/4095/5136 4413/3779/5136
f 4381/4102/5137 4413/3779/5137 4416/3792/5137
f 4919/3770/5138 4896/4092/5138 4920/1945/5138
f 4920/1945/5139 4896/4092/5139 4942/4103/5139
f 4942/4103/5140 4896/4092/5140 4895/4098/5140
f 4895/4098/5141 4893/4090/5141 4894/4104/5141
f 4892/4105/5142 4893/4090/5142 4891/4091/5142
f 4892/4105/5143 4891/4091/5143 4889/4099/5143
f 4375/4106/5144 4382/4100/5144 4378/4094/5144
f 4894/4104/5145 4893/4090/5145 4892/4105/5145
f 4894/4104/5146 4892/4105/5146 4951/4107/5146
f 4385/4108/5147 4382/4100/5147 4375/4106/5147
f 4375/4106/5148 4378/4094/5148 4377/4101/5148
f 4377/4101/5149 4380/4097/5149 4381/4102/5149
f 4895/4098/5150 4894/4104/5150 4942/4103/5150
f 4889/4099/5151 4890/4096/5151 4888/4109/5151
f 4888/4109/5152 4890/4096/5152 4952/3777/5152
f 4888/4109/5153 4952/3777/5153 5102/3797/5153
f 5255/4110/5154 5257/4111/5154 5256/4112/5154
f 5256/4112/5155 5257/4111/5155 5258/4113/5155
f 4385/4108/5156 4862/4093/5156 4382/4100/5156
f 4376/4114/5157 4375/4106/5157 4377/4101/5157
f 4386/4115/5158 4377/4101/5158 4381/4102/5158
f 4386/4115/5159 4381/4102/5159 4416/3792/5159
f 5027/3802/5160 4920/1945/5160 4942/4103/5160
f 4951/4107/5161 4892/4105/5161 4884/4116/5161
f 4884/4116/5162 4892/4105/5162 4889/4099/5162
f 4385/4108/5163 4375/4106/5163 4372/4117/5163
f 4376/4114/5164 4377/4101/5164 4386/4115/5164
f 5368/4118/5165 5367/4119/5165 5369/4120/5165
f 4942/4103/5166 4894/4104/5166 5034/4121/5166
f 5034/4121/5167 4894/4104/5167 4951/4107/5167
f 4884/4116/5168 4889/4099/5168 4888/4109/5168
f 5027/3802/5169 4942/4103/5169 5034/4121/5169
f 5034/4121/5170 4951/4107/5170 4975/4122/5170
f 4975/4122/5171 4951/4107/5171 4884/4116/5171
f 4975/4122/5172 4884/4116/5172 4882/4123/5172
f 4884/4116/5173 4888/4109/5173 4880/4124/5173
f 4888/4109/5174 5102/3797/5174 4880/4124/5174
f 5254/3814/5175 5251/3811/5175 5255/4110/5175
f 5254/3814/5176 5255/4110/5176 5256/4112/5176
f 4987/4125/5177 4385/4108/5177 4374/4126/5177
f 4372/4117/5178 4375/4106/5178 4373/4127/5178
f 4373/4127/5179 4375/4106/5179 4376/4114/5179
f 4373/4127/5180 4376/4114/5180 4386/4115/5180
f 5027/3802/5181 5034/4121/5181 5066/3824/5181
f 4975/4122/5182 4882/4123/5182 5095/4128/5182
f 5102/3797/5183 4881/3806/5183 4880/4124/5183
f 4872/4129/5184 4987/4125/5184 4374/4126/5184
f 4374/4126/5185 4385/4108/5185 4372/4117/5185
f 4373/4127/5186 4386/4115/5186 5099/4130/5186
f 5366/4131/5187 5367/4119/5187 5368/4118/5187
f 4882/4123/5188 4884/4116/5188 4880/4124/5188
f 4880/4124/5189 4881/3806/5189 4873/4132/5189
f 4873/4132/5190 4881/3806/5190 4872/4129/5190
f 4393/2280/5191 5099/4130/5191 4397/2281/5191
f 5066/3824/5192 5034/4121/5192 4975/4122/5192
f 5095/4128/5193 4882/4123/5193 4885/4133/5193
f 4882/4123/5194 4880/4124/5194 4876/4134/5194
f 4873/4132/5195 4872/4129/5195 4387/4135/5195
f 5181/4136/5196 5182/4137/5196 5183/4138/5196
f 4882/4123/5197 4876/4134/5197 4885/4133/5197
f 4876/4134/5198 4880/4124/5198 4873/4132/5198
f 4874/4139/5199 4873/4132/5199 4387/4135/5199
f 4387/4135/5200 4872/4129/5200 4374/4126/5200
f 4371/4140/5201 4374/4126/5201 4372/4117/5201
f 4371/4140/5202 4372/4117/5202 4370/4141/5202
f 4370/4141/5203 4372/4117/5203 4373/4127/5203
f 4402/4142/5204 4373/4127/5204 5099/4130/5204
f 5182/4137/5205 5185/4143/5205 5184/4144/5205
f 5183/4138/5206 5182/4137/5206 5184/4144/5206
f 4876/4134/5207 4873/4132/5207 4875/4145/5207
f 4873/4132/5208 4874/4139/5208 4875/4145/5208
f 4387/4135/5209 4374/4126/5209 4371/4140/5209
f 4370/4141/5210 4373/4127/5210 4402/4142/5210
f 4402/4142/5211 5099/4130/5211 4368/4146/5211
f 4368/4146/5212 5099/4130/5212 4389/3830/5212
f 4389/3830/5213 5099/4130/5213 4393/2280/5213
f 5053/4147/5214 5095/4128/5214 4885/4133/5214
f 4885/4133/5215 4876/4134/5215 4875/4145/5215
f 4387/4135/5216 4371/4140/5216 4369/4148/5216
f 5057/3835/5217 5066/3824/5217 5055/4149/5217
f 4879/4150/5218 4885/4133/5218 4875/4145/5218
f 4878/4151/5219 4875/4145/5219 4874/4139/5219
f 4369/4148/5220 4371/4140/5220 4370/4141/5220
f 5053/4147/5221 4885/4133/5221 4879/4150/5221
f 4879/4150/5222 4875/4145/5222 4878/4151/5222
f 4366/4152/5223 4370/4141/5223 4402/4142/5223
f 5055/4149/5224 5053/4147/5224 5054/4153/5224
f 4874/4139/5225 4387/4135/5225 4877/4154/5225
f 4369/4148/5226 4370/4141/5226 4366/4152/5226
f 4366/4152/5227 4402/4142/5227 4368/4146/5227
f 4368/4146/5228 4389/3830/5228 4388/3837/5228
f 5055/4149/5229 5054/4153/5229 5056/3840/5229
f 5100/4155/5230 4878/4151/5230 4874/4139/5230
f 4366/4152/5231 4368/4146/5231 4367/4156/5231
f 4367/4156/5232 4368/4146/5232 4388/3837/5232
f 5056/3840/5233 5057/3835/5233 5055/4149/5233
f 5054/4153/5234 5053/4147/5234 4879/4150/5234
f 4879/4150/5235 4878/4151/5235 5100/4155/5235
f 5100/4155/5236 4874/4139/5236 4877/4154/5236
f 4365/4157/5237 4366/4152/5237 4367/4156/5237
f 5173/4158/5238 5174/4159/5238 5172/3847/5238
f 5172/3847/5239 5174/4159/5239 5175/4160/5239
f 5175/4160/5240 5174/4159/5240 5176/4161/5240
f 5195/4162/5241 5196/4163/5241 5197/4164/5241
f 4369/4148/5242 4366/4152/5242 4363/4165/5242
f 4363/4165/5243 4366/4152/5243 4365/4157/5243
f 5171/3846/5244 5173/4158/5244 5172/3847/5244
f 5032/4166/5245 5100/4155/5245 4361/2359/5245
f 4361/2359/5246 5100/4155/5246 4830/2357/5246
f 4365/4157/5247 4367/4156/5247 4404/3849/5247
f 4404/3849/5248 4367/4156/5248 4388/3837/5248
f 4265/3850/5249 5032/4166/5249 4419/4167/5249
f 4419/4167/5250 5032/4166/5250 4361/2359/5250
f 5118/4168/5251 4365/4157/5251 4404/3849/5251
f 4260/3853/5252 4265/3850/5252 4419/4167/5252
f 4419/4167/5253 4361/2359/5253 4264/4169/5253
f 4355/4170/5254 4363/4165/5254 4365/4157/5254
f 4355/4170/5255 4365/4157/5255 5118/4168/5255
f 4260/3853/5256 4419/4167/5256 4264/4169/5256
f 4260/3853/5257 4264/4169/5257 4263/2360/5257
f 4355/4170/5258 5118/4168/5258 4364/3861/5258
f 5370/4171/5259 5371/3854/5259 5372/3857/5259
f 4283/4172/5260 4355/4170/5260 4364/3861/5260
f 4261/3858/5261 4260/3853/5261 4262/2362/5261
f 4260/3853/5262 4263/2360/5262 4262/2362/5262
f 4283/4172/5263 4364/3861/5263 4285/3863/5263
f 4261/3858/5264 4262/2362/5264 5045/4173/5264
f 4280/3862/5265 4261/3858/5265 5045/4173/5265
f 5045/4173/5266 4262/2362/5266 4282/2361/5266
f 4284/4174/5267 4283/4172/5267 4285/3863/5267
f 5328/4175/5268 5329/4176/5268 5330/4177/5268
f 5045/4173/5269 4282/2361/5269 4991/2283/5269
f 4993/2282/5270 5045/4173/5270 4991/2283/5270
f 4349/4178/5271 4284/4174/5271 4285/3863/5271
f 4349/4178/5272 4285/3863/5272 4350/3864/5272
f 4349/4178/5273 4350/3864/5273 4351/3868/5273
f 5097/4179/5274 4349/4178/5274 4351/3868/5274
f 4992/2284/5275 4991/2283/5275 4990/2363/5275
f 4995/3866/5276 4992/2284/5276 4990/2363/5276
f 4995/3866/5277 4990/2363/5277 4960/4180/5277
f 4357/3869/5278 5097/4179/5278 4351/3868/5278
f 5150/4181/5279 5097/4179/5279 4357/3869/5279
f 1376/2006/5280 1378/2005/5280 1375/2364/5280
f 5150/4181/5281 4357/3869/5281 4360/4182/5281
f 4360/4182/5282 4357/3869/5282 4359/3871/5282
f 1377/2007/5283 1376/2006/5283 1370/2365/5283
f 5412/4183/5284 5414/4184/5284 5413/4185/5284
f 3430/3879/5285 3431/3874/5285 3429/4186/5285
f 3402/2287/5286 3356/3877/5286 3329/4187/5286
f 3356/3877/5287 3357/3878/5287 3325/4188/5287
f 3329/4187/5288 3356/3877/5288 3325/4188/5288
f 3325/4188/5289 3357/3878/5289 3362/3882/5289
f 3325/4188/5290 3362/3882/5290 3324/4189/5290
f 1368/2368/5291 1365/2367/5291 1362/2370/5291
f 3329/4187/5292 3325/4188/5292 3314/4190/5292
f 3314/4190/5293 3325/4188/5293 3324/4189/5293
f 3324/4189/5294 3362/3882/5294 3374/4191/5294
f 3428/4192/5295 3430/3879/5295 3429/4186/5295
f 3314/4190/5296 3324/4189/5296 3312/4193/5296
f 3324/4189/5297 3374/4191/5297 3375/3889/5297
f 1357/2371/5298 1360/2286/5298 1362/2370/5298
f 3428/4192/5299 3429/4186/5299 3422/3908/5299
f 3393/4194/5300 3402/2287/5300 3329/4187/5300
f 3430/3879/5301 3428/4192/5301 3426/4195/5301
f 3314/4190/5302 3312/4193/5302 3313/4196/5302
f 3324/4189/5303 3375/3889/5303 3351/3891/5303
f 1360/2286/5304 1357/2371/5304 1353/2372/5304
f 1350/2055/5305 1360/2286/5305 1353/2372/5305
f 3312/4193/5306 3324/4189/5306 3351/3891/5306
f 3312/4193/5307 3351/3891/5307 3333/4197/5307
f 3428/4192/5308 3422/3908/5308 3426/4195/5308
f 3394/2288/5309 3402/2287/5309 3393/4194/5309
f 3333/4197/5310 3351/3891/5310 3353/3898/5310
f 3426/4195/5311 3422/3908/5311 3425/3909/5311
f 3426/4195/5312 3425/3909/5312 3436/4198/5312
f 3394/2288/5313 3393/4194/5313 3392/4199/5313
f 3392/4199/5314 3393/4194/5314 3329/4187/5314
f 3311/4200/5315 3312/4193/5315 3297/4201/5315
f 3297/4201/5316 3312/4193/5316 3333/4197/5316
f 3410/3905/5317 3417/2289/5317 3394/2288/5317
f 3329/4187/5318 3314/4190/5318 3318/4202/5318
f 3318/4202/5319 3314/4190/5319 3313/4196/5319
f 3313/4196/5320 3312/4193/5320 3311/4200/5320
f 3297/4201/5321 3333/4197/5321 3353/3898/5321
f 3297/4201/5322 3353/3898/5322 3352/3910/5322
f 3425/3909/5323 3410/3905/5323 3403/4203/5323
f 3425/3909/5324 3403/4203/5324 3437/4204/5324
f 3410/3905/5325 3394/2288/5325 3391/4205/5325
f 3391/4205/5326 3394/2288/5326 3392/4199/5326
f 3391/4205/5327 3392/4199/5327 3364/4206/5327
f 3364/4206/5328 3392/4199/5328 3329/4187/5328
f 3318/4202/5329 3313/4196/5329 3311/4200/5329
f 3294/4207/5330 3311/4200/5330 3297/4201/5330
f 3297/4201/5331 3352/3910/5331 3296/4208/5331
f 1397/4209/5332 1396/4210/5332 1398/4211/5332
f 1398/4211/5333 1403/4212/5333 1402/4213/5333
f 3403/4203/5334 3365/4214/5334 3445/4215/5334
f 3403/4203/5335 3410/3905/5335 3391/4205/5335
f 3365/4214/5336 3403/4203/5336 3391/4205/5336
f 3364/4206/5337 3329/4187/5337 3318/4202/5337
f 1344/2075/5338 1343/2290/5338 1310/2294/5338
f 3365/4214/5339 3391/4205/5339 3364/4206/5339
f 3296/4208/5340 3352/3910/5340 3358/3915/5340
f 1395/4216/5341 1396/4210/5341 1397/4209/5341
f 3365/4214/5342 3364/4206/5342 3363/4217/5342
f 3294/4207/5343 3297/4201/5343 3293/4218/5343
f 3293/4218/5344 3297/4201/5344 3296/4208/5344
f 3296/4208/5345 3358/3915/5345 3316/4219/5345
f 3316/4219/5346 3358/3915/5346 3359/3926/5346
f 3861/4220/5347 3856/3933/5347 3853/3918/5347
f 3861/4220/5348 3853/3918/5348 3859/3924/5348
f 1397/4209/5349 1398/4211/5349 1402/4213/5349
f 3365/4214/5350 3363/4217/5350 3444/4221/5350
f 3363/4217/5351 3364/4206/5351 3318/4202/5351
f 3296/4208/5352 3316/4219/5352 3292/4222/5352
f 3316/4219/5353 3359/3926/5353 3355/4223/5353
f 3861/4220/5354 3858/3932/5354 3856/3933/5354
f 1397/4209/5355 1402/4213/5355 1401/4224/5355
f 1302/2430/5356 1306/2297/5356 1309/2296/5356
f 3354/4225/5357 3363/4217/5357 3318/4202/5357
f 3293/4218/5358 3296/4208/5358 3292/4222/5358
f 3860/3943/5359 3858/3932/5359 3861/4220/5359
f 1401/4224/5360 1402/4213/5360 1387/3953/5360
f 3293/4218/5361 3292/4222/5361 3290/4226/5361
f 3355/4223/5362 3359/3926/5362 3347/3951/5362
f 3355/4223/5363 3347/3951/5363 3315/4227/5363
f 3316/4219/5364 3355/4223/5364 3315/4227/5364
f 1393/4228/5365 1395/4216/5365 1390/4229/5365
f 1395/4216/5366 1397/4209/5366 1390/4229/5366
f 1390/4229/5367 1397/4209/5367 1399/4230/5367
f 1298/2302/5368 1304/2301/5368 1303/3949/5368
f 3291/4231/5369 3292/4222/5369 3316/4219/5369
f 1392/4232/5370 1393/4228/5370 1394/4233/5370
f 1399/4230/5371 1397/4209/5371 1401/4224/5371
f 3290/4226/5372 3292/4222/5372 3291/4231/5372
f 3316/4219/5373 3315/4227/5373 3291/4231/5373
f 3315/4227/5374 3347/3951/5374 3326/3961/5374
f 1317/2304/5375 1298/2302/5375 1297/2305/5375
f 1394/4233/5376 1393/4228/5376 1390/4229/5376
f 3291/4231/5377 3315/4227/5377 3300/3974/5377
f 3300/3974/5378 3315/4227/5378 3326/3961/5378
f 1394/4233/5379 1390/4229/5379 1389/4234/5379
f 1390/4229/5380 1399/4230/5380 1391/4235/5380
f 1293/2374/5381 1319/2307/5381 1318/2306/5381
f 1293/2374/5382 1318/2306/5382 1297/2305/5382
f 3291/4231/5383 3300/3974/5383 3298/4236/5383
f 1391/4235/5384 1399/4230/5384 1400/4237/5384
f 1400/4237/5385 1399/4230/5385 1401/4224/5385
f 3107/3966/5386 3108/3952/5386 3106/3983/5386
f 3106/3983/5387 3108/3952/5387 3110/4238/5387
f 3106/3983/5388 3110/4238/5388 3109/4239/5388
f 1404/4240/5389 1394/4233/5389 1389/4234/5389
f 1389/4234/5390 1390/4229/5390 1391/4235/5390
f 3299/4241/5391 3300/3974/5391 3306/3975/5391
f 3298/4236/5392 3300/3974/5392 3299/4241/5392
f 3299/4241/5393 3306/3975/5393 3307/3984/5393
f 1391/4235/5394 1400/4237/5394 1323/4242/5394
f 3299/4241/5395 3307/3984/5395 3301/3987/5395
f 1384/4243/5396 1389/4234/5396 1391/4235/5396
f 1335/2376/5397 1391/4235/5397 1323/4242/5397
f 3279/4244/5398 3298/4236/5398 3299/4241/5398
f 3096/2311/5399 3106/3983/5399 3109/4239/5399
f 3597/4245/5400 3598/4246/5400 3599/4247/5400
f 1282/2377/5401 1321/2310/5401 1284/2375/5401
f 3299/4241/5402 3301/3987/5402 3302/4248/5402
f 3302/4248/5403 3301/3987/5403 3303/3997/5403
f 1404/4240/5404 1389/4234/5404 1405/4249/5404
f 1282/2377/5405 1323/4242/5405 1321/2310/5405
f 3283/4250/5406 3279/4244/5406 3299/4241/5406
f 3096/2311/5407 3109/4239/5407 3100/2312/5407
f 1335/2376/5408 1323/4242/5408 1282/2377/5408
f 3283/4250/5409 3299/4241/5409 3302/4248/5409
f 1405/4249/5410 1389/4234/5410 1388/4251/5410
f 1384/4243/5411 1335/2376/5411 1341/4007/5411
f 1388/4251/5412 1389/4234/5412 1383/2315/5412
f 1383/2315/5413 1389/4234/5413 1384/4243/5413
f 1340/4006/5414 1335/2376/5414 1279/2378/5414
f 1328/2379/5415 1340/4006/5415 1279/2378/5415
f 3283/4250/5416 3302/4248/5416 3321/4252/5416
f 3321/4252/5417 3302/4248/5417 3322/4253/5417
f 3338/4008/5418 3302/4248/5418 3303/3997/5418
f 3322/4253/5419 3302/4248/5419 3338/4008/5419
f 1384/4243/5420 1341/4007/5420 1326/2316/5420
f 1326/2316/5421 1341/4007/5421 1327/2381/5421
f 1327/2381/5422 1341/4007/5422 1328/2379/5422
f 3320/4254/5423 3319/4255/5423 3283/4250/5423
f 1382/4256/5424 1388/4251/5424 1383/2315/5424
f 1383/2315/5425 1384/4243/5425 1326/2316/5425
f 3320/4254/5426 3283/4250/5426 3321/4252/5426
f 3320/4254/5427 3321/4252/5427 3330/4257/5427
f 3321/4252/5428 3322/4253/5428 3330/4257/5428
f 3330/4257/5429 3322/4253/5429 3343/4013/5429
f 1326/2316/5430 1327/2381/5430 1316/2318/5430
f 3322/4253/5431 3338/4008/5431 3343/4013/5431
f 3103/4015/5432 3098/2314/5432 3111/4258/5432
f 1324/2317/5433 1316/2318/5433 1315/2382/5433
f 1334/2386/5434 1382/4256/5434 1383/2315/5434
f 3319/4255/5435 3332/4259/5435 3331/4260/5435
f 3319/4255/5436 3320/4254/5436 3332/4259/5436
f 3332/4259/5437 3320/4254/5437 3330/4257/5437
f 1385/4018/5438 1382/4256/5438 1379/2322/5438
f 1379/2322/5439 1382/4256/5439 1329/2385/5439
f 1382/4256/5440 1334/2386/5440 1329/2385/5440
f 1334/2386/5441 1324/2317/5441 1313/2383/5441
f 3332/4259/5442 3330/4257/5442 3360/4019/5442
f 3360/4019/5443 3330/4257/5443 3343/4013/5443
f 1379/2322/5444 1329/2385/5444 1380/4261/5444
f 1379/2322/5445 1380/4261/5445 1339/2319/5445
f 1339/2319/5446 1380/4261/5446 1329/2385/5446
f 3334/4262/5447 3331/4260/5447 3340/4263/5447
f 3331/4260/5448 3332/4259/5448 3340/4263/5448
f 3366/4021/5449 3332/4259/5449 3360/4019/5449
f 1339/2319/5450 1329/2385/5450 1331/2320/5450
f 1333/2388/5451 1331/2320/5451 1330/2387/5451
f 3340/4263/5452 3332/4259/5452 3366/4021/5452
f 3341/4264/5453 3334/4262/5453 3340/4263/5453
f 3361/4265/5454 3341/4264/5454 3340/4263/5454
f 3372/4027/5455 3340/4263/5455 3366/4021/5455
f 3376/4266/5456 3361/4265/5456 3371/4028/5456
f 3361/4265/5457 3340/4263/5457 3372/4027/5457
f 3371/4028/5458 3361/4265/5458 3372/4027/5458
f 3724/4267/5459 3725/4268/5459 3728/4269/5459
f 3723/4270/5460 3725/4268/5460 3724/4267/5460
f 3724/4267/5461 3728/4269/5461 3727/4033/5461
f 3726/4032/5462 3724/4267/5462 3727/4033/5462
f 3379/4029/5463 3376/4266/5463 3371/4028/5463
f 3714/4034/5464 3712/4036/5464 3709/4035/5464
f 3717/4271/5465 3714/4034/5465 3709/4035/5465
f 3709/4035/5466 3711/4037/5466 3705/4272/5466
f 3699/4273/5467 3705/4272/5467 3711/4037/5467
f 3699/4273/5468 3711/4037/5468 3703/4274/5468
f 3703/4274/5469 3698/4275/5469 3699/4273/5469
f 3699/4273/5470 3698/4275/5470 3692/4276/5470
f 3692/4276/5471 3698/4275/5471 3691/3678/5471
f 3685/4039/5472 3683/3683/5472 3684/4277/5472
f 3684/4277/5473 3683/3683/5473 3682/4278/5473
f 3683/3683/5474 3681/3685/5474 3682/4278/5474
f 3681/3685/5475 3680/3686/5475 3679/4279/5475
f 3679/4279/5476 3680/3686/5476 3678/3688/5476
f 3679/4279/5477 3678/3688/5477 3676/4280/5477
f 3676/4280/5478 3678/3688/5478 3675/3690/5478
f 185/2225/5479 182/2329/5479 192/2395/5479
f 3654/3691/5480 3605/3692/5480 3612/4281/5480
f 3612/4281/5481 3605/3692/5481 3607/3694/5481
f 211/2228/5482 185/2225/5482 203/2330/5482
f 3609/3696/5483 3611/3698/5483 3614/4282/5483
f 213/2231/5484 212/2230/5484 206/2331/5484
f 3611/3698/5485 3618/4043/5485 3614/4282/5485
f 214/2233/5486 206/2331/5486 210/2332/5486
f 3621/4044/5487 3623/4045/5487 3622/4047/5487
f 3622/4047/5488 3624/4046/5488 3627/4283/5488
f 3622/4047/5489 3627/4283/5489 3628/4284/5489
f 755/2333/5490 751/2240/5490 748/2334/5490
f 3627/4283/5491 3650/4285/5491 3632/4049/5491
f 750/4286/5492 754/2335/5492 748/2334/5492
f 750/4286/5493 748/2334/5493 744/2400/5493
f 746/4287/5494 750/4286/5494 744/2400/5494
f 746/4287/5495 744/2400/5495 742/2247/5495
f 742/2247/5496 744/2400/5496 738/2402/5496
f 3634/4050/5497 3635/4288/5497 3633/4048/5497
f 740/2248/5498 742/2247/5498 738/2402/5498
f 736/2251/5499 740/2248/5499 738/2402/5499
f 736/2251/5500 738/2402/5500 733/2336/5500
f 3633/4048/5501 3635/4288/5501 3636/4289/5501
f 3636/4289/5502 3644/4051/5502 3643/2532/5502
f 3643/2532/5503 3645/3707/5503 3646/4290/5503
f 3646/4290/5504 3645/3707/5504 3647/3706/5504
f 3647/3706/5505 3656/3709/5505 3646/4290/5505
f 726/2338/5506 725/2337/5506 724/2340/5506
f 3656/3709/5507 3658/3713/5507 3657/4291/5507
f 724/2340/5508 720/2345/5508 722/2341/5508
f 3657/4291/5509 3658/3713/5509 3669/4052/5509
f 1549/2407/5510 1547/2263/5510 1585/2408/5510
f 721/2266/5511 720/2345/5511 718/2268/5511
f 1585/2408/5512 1582/2344/5512 1583/4292/5512
f 1582/2344/5513 1581/4053/5513 1580/4293/5513
f 1583/4292/5514 1582/2344/5514 1580/4293/5514
f 1581/4053/5515 1578/2418/5515 1580/4293/5515
f 1580/4293/5516 1578/2418/5516 1579/2417/5516
f 3669/4052/5517 3671/4054/5517 3673/2546/5517
f 3671/4054/5518 3672/2422/5518 3674/2421/5518
f 3673/2546/5519 3671/4054/5519 3674/2421/5519
f 1566/2274/5520 1573/1854/5520 1586/2419/5520
f 1579/2417/5521 1566/2274/5521 1586/2419/5521
f 3790/2420/5522 3672/2422/5522 3791/3716/5522
f 4877/4154/5523 4387/4135/5523 5038/4294/5523
f 4387/4135/5524 4369/4148/5524 5038/4294/5524
f 5197/4164/5525 5196/4163/5525 5198/4295/5525
f 5038/4294/5526 4369/4148/5526 4363/4165/5526
f 4278/4296/5527 5038/4294/5527 4363/4165/5527
f 4830/2357/5528 5038/4294/5528 4281/4297/5528
f 4281/4297/5529 5038/4294/5529 4273/4298/5529
f 4273/4298/5530 5038/4294/5530 4278/4296/5530
f 4264/4169/5531 4361/2359/5531 4266/4299/5531
f 4266/4299/5532 4361/2359/5532 4270/2358/5532
f 4278/4296/5533 4363/4165/5533 4355/4170/5533
f 4263/2360/5534 4264/4169/5534 4266/4299/5534
f 4270/2358/5535 4830/2357/5535 4281/4297/5535
f 4271/4300/5536 4281/4297/5536 4273/4298/5536
f 4278/4296/5537 4355/4170/5537 4283/4172/5537
f 4266/4299/5538 4270/2358/5538 4268/4301/5538
f 4270/2358/5539 4281/4297/5539 4271/4300/5539
f 4263/2360/5540 4266/4299/5540 4267/4302/5540
f 4267/4302/5541 4266/4299/5541 4268/4301/5541
f 4273/4298/5542 4278/4296/5542 4277/4303/5542
f 4277/4303/5543 4278/4296/5543 4283/4172/5543
f 4282/2361/5544 4263/2360/5544 4279/4304/5544
f 4279/4304/5545 4263/2360/5545 4267/4302/5545
f 4272/4305/5546 4271/4300/5546 4273/4298/5546
f 4277/4303/5547 4283/4172/5547 4284/4174/5547
f 4272/4305/5548 4273/4298/5548 4275/4306/5548
f 4275/4306/5549 4273/4298/5549 4277/4303/5549
f 4268/4301/5550 4270/2358/5550 4271/4300/5550
f 4268/4301/5551 4271/4300/5551 4272/4305/5551
f 4275/4306/5552 4277/4303/5552 4354/4307/5552
f 4354/4307/5553 4277/4303/5553 4284/4174/5553
f 4990/2363/5554 4282/2361/5554 4279/4304/5554
f 4354/4307/5555 4284/4174/5555 4349/4178/5555
f 4269/4308/5556 4267/4302/5556 4268/4301/5556
f 4272/4305/5557 4275/4306/5557 4276/4309/5557
f 4354/4307/5558 4349/4178/5558 5097/4179/5558
f 4990/2363/5559 4279/4304/5559 4362/4310/5559
f 4279/4304/5560 4267/4302/5560 4362/4310/5560
f 4362/4310/5561 4267/4302/5561 4269/4308/5561
f 4960/4180/5562 4990/2363/5562 4362/4310/5562
f 4286/4311/5563 4354/4307/5563 5097/4179/5563
f 4286/4311/5564 5097/4179/5564 5150/4181/5564
f 4275/4306/5565 4354/4307/5565 4286/4311/5565
f 4960/4180/5566 4362/4310/5566 4801/4312/5566
f 4286/4311/5567 5150/4181/5567 4360/4182/5567
f 4286/4311/5568 4360/4182/5568 4289/4313/5568
f 1375/2364/5569 1374/4314/5569 1370/2365/5569
f 5411/4315/5570 5412/4183/5570 5413/4185/5570
f 1369/2366/5571 1370/2365/5571 1365/2367/5571
f 3432/4316/5572 3434/4317/5572 3430/3879/5572
f 3426/4195/5573 3432/4316/5573 3430/3879/5573
f 3433/4318/5574 3432/4316/5574 3426/4195/5574
f 3436/4198/5575 3425/3909/5575 3437/4204/5575
f 3437/4204/5576 3403/4203/5576 3445/4215/5576
f 3318/4202/5577 3311/4200/5577 3294/4207/5577
f 3444/4221/5578 3445/4215/5578 3365/4214/5578
f 3289/4319/5579 3294/4207/5579 3293/4218/5579
f 3317/4320/5580 3318/4202/5580 3294/4207/5580
f 3404/4321/5581 3363/4217/5581 3354/4225/5581
f 3363/4217/5582 3404/4321/5582 3444/4221/5582
f 3354/4225/5583 3318/4202/5583 3317/4320/5583
f 3289/4319/5584 3293/4218/5584 3290/4226/5584
f 1306/2297/5585 1302/2430/5585 1303/3949/5585
f 3354/4225/5586 3317/4320/5586 3339/4322/5586
f 3444/4221/5587 3404/4321/5587 3443/4323/5587
f 3404/4321/5588 3354/4225/5588 3339/4322/5588
f 3317/4320/5589 3294/4207/5589 3295/4324/5589
f 3295/4324/5590 3294/4207/5590 3289/4319/5590
f 3339/4322/5591 3317/4320/5591 3295/4324/5591
f 3408/4325/5592 3404/4321/5592 3339/4322/5592
f 3443/4323/5593 3404/4321/5593 3408/4325/5593
f 3270/4326/5594 3295/4324/5594 3289/4319/5594
f 3270/4326/5595 3289/4319/5595 3272/4327/5595
f 3289/4319/5596 3290/4226/5596 3272/4327/5596
f 3408/4325/5597 3339/4322/5597 3295/4324/5597
f 3443/4323/5598 3408/4325/5598 3439/4328/5598
f 3272/4327/5599 3290/4226/5599 3291/4231/5599
f 3295/4324/5600 3270/4326/5600 3269/4329/5600
f 3408/4325/5601 3295/4324/5601 3269/4329/5601
f 3409/4330/5602 3408/4325/5602 3269/4329/5602
f 3408/4325/5603 3409/4330/5603 3439/4328/5603
f 3273/4331/5604 3272/4327/5604 3291/4231/5604
f 3269/4329/5605 3270/4326/5605 3271/4332/5605
f 3271/4332/5606 3270/4326/5606 3272/4327/5606
f 3271/4332/5607 3272/4327/5607 3273/4331/5607
f 3273/4331/5608 3291/4231/5608 3278/4333/5608
f 3278/4333/5609 3291/4231/5609 3298/4236/5609
f 3409/4330/5610 3269/4329/5610 3328/4334/5610
f 3328/4334/5611 3269/4329/5611 3271/4332/5611
f 3278/4333/5612 3298/4236/5612 3279/4244/5612
f 3271/4332/5613 3273/4331/5613 3274/4335/5613
f 3328/4334/5614 3271/4332/5614 3274/4335/5614
f 3273/4331/5615 3278/4333/5615 3277/4336/5615
f 3274/4335/5616 3273/4331/5616 3275/4337/5616
f 3277/4336/5617 3278/4333/5617 3279/4244/5617
f 3276/4338/5618 3273/4331/5618 3277/4336/5618
f 3277/4336/5619 3279/4244/5619 3280/4339/5619
f 1283/2465/5620 1282/2377/5620 1284/2375/5620
f 3275/4337/5621 3273/4331/5621 3276/4338/5621
f 3280/4339/5622 3279/4244/5622 3283/4250/5622
f 1280/2432/5623 1282/2377/5623 1283/2465/5623
f 3285/4340/5624 3275/4337/5624 3276/4338/5624
f 3282/4341/5625 3276/4338/5625 3277/4336/5625
f 3284/4342/5626 3276/4338/5626 3282/4341/5626
f 3281/4343/5627 3277/4336/5627 3280/4339/5627
f 3284/4342/5628 3285/4340/5628 3276/4338/5628
f 3281/4343/5629 3280/4339/5629 3283/4250/5629
f 3281/4343/5630 3283/4250/5630 3319/4255/5630
f 3282/4341/5631 3277/4336/5631 3281/4343/5631
f 3373/4344/5632 3284/4342/5632 3286/4345/5632
f 3282/4341/5633 3281/4343/5633 3288/4346/5633
f 3288/4346/5634 3281/4343/5634 3331/4260/5634
f 1291/2434/5635 1315/2382/5635 1316/2318/5635
f 3286/4345/5636 3284/4342/5636 3282/4341/5636
f 3331/4260/5637 3281/4343/5637 3319/4255/5637
f 3337/4347/5638 3373/4344/5638 3286/4345/5638
f 3286/4345/5639 3282/4341/5639 3287/4348/5639
f 3337/4347/5640 3286/4345/5640 3287/4348/5640
f 3287/4348/5641 3282/4341/5641 3288/4346/5641
f 3287/4348/5642 3288/4346/5642 3334/4262/5642
f 3334/4262/5643 3288/4346/5643 3331/4260/5643
f 3337/4347/5644 3287/4348/5644 3335/4349/5644
f 3398/4350/5645 3337/4347/5645 3335/4349/5645
f 3335/4349/5646 3287/4348/5646 3334/4262/5646
f 3397/4351/5647 3398/4350/5647 3335/4349/5647
f 3796/4352/5648 3755/4353/5648 3784/4354/5648
f 3335/4349/5649 3334/4262/5649 3341/4264/5649
f 3397/4351/5650 3335/4349/5650 3341/4264/5650
f 3397/4351/5651 3341/4264/5651 3361/4265/5651
f 3723/4270/5652 3755/4353/5652 3725/4268/5652
f 216/2325/5653 217/2209/5653 219/2391/5653
f 3724/4267/5654 3726/4032/5654 3717/4271/5654
f 3723/4270/5655 3724/4267/5655 3717/4271/5655
f 3717/4271/5656 3726/4032/5656 3714/4034/5656
f 3717/4271/5657 3709/4035/5657 3708/4355/5657
f 199/2216/5658 216/2325/5658 200/2435/5658
f 3708/4355/5659 3709/4035/5659 3705/4272/5659
f 3692/4276/5660 3691/3678/5660 3690/4038/5660
f 3690/4038/5661 3688/3680/5661 3687/4356/5661
f 3687/4356/5662 3688/3680/5662 3685/4039/5662
f 3686/4357/5663 3685/4039/5663 3684/4277/5663
f 3682/4278/5664 3681/3685/5664 3679/4279/5664
f 3706/4358/5665 3679/4279/5665 3676/4280/5665
f 3676/4280/5666 3675/3690/5666 3666/4040/5666
f 3666/4040/5667 3654/3691/5667 3665/4359/5667
f 3665/4359/5668 3654/3691/5668 3655/4360/5668
f 3655/4360/5669 3654/3691/5669 3612/4281/5669
f 3613/4041/5670 3612/4281/5670 3607/3694/5670
f 203/2330/5671 185/2225/5671 202/2396/5671
f 3613/4041/5672 3609/3696/5672 3614/4282/5672
f 3614/4282/5673 3618/4043/5673 3615/4361/5673
f 3615/4361/5674 3618/4043/5674 3616/4042/5674
f 762/2238/5675 763/2486/5675 757/2398/5675
f 3628/4284/5676 3627/4283/5676 3632/4049/5676
f 3633/4048/5677 3636/4289/5677 3637/4362/5677
f 729/2258/5678 730/2404/5678 728/2405/5678
f 3646/4290/5679 3656/3709/5679 3657/4291/5679
f 3663/4363/5680 3657/4291/5680 3669/4052/5680
f 1555/2452/5681 1585/2408/5681 1583/4292/5681
f 1587/4364/5682 1580/4293/5682 1579/2417/5682
f 1592/4365/5683 1579/2417/5683 1586/2419/5683
f 4276/4309/5684 4275/4306/5684 4286/4311/5684
f 4269/4308/5685 4268/4301/5685 4274/4366/5685
f 4274/4366/5686 4268/4301/5686 4272/4305/5686
f 4801/4312/5687 4362/4310/5687 4269/4308/5687
f 4274/4366/5688 4272/4305/5688 4418/4367/5688
f 4272/4305/5689 4276/4309/5689 4418/4367/5689
f 4418/4367/5690 4276/4309/5690 4287/4368/5690
f 4287/4368/5691 4276/4309/5691 4286/4311/5691
f 4801/4312/5692 4269/4308/5692 4274/4366/5692
f 4287/4368/5693 4286/4311/5693 4288/4369/5693
f 4288/4369/5694 4286/4311/5694 4289/4313/5694
f 1370/2365/5695 1374/4314/5695 1372/2426/5695
f 4805/4370/5696 4801/4312/5696 4804/4371/5696
f 4804/4371/5697 4801/4312/5697 4274/4366/5697
f 5062/4372/5698 4418/4367/5698 4287/4368/5698
f 4289/4313/5699 4360/4182/5699 4291/4373/5699
f 4805/4370/5700 4804/4371/5700 4806/4374/5700
f 1365/2367/5701 1372/2426/5701 1366/2459/5701
f 4290/4375/5702 4289/4313/5702 4291/4373/5702
f 4288/4369/5703 4289/4313/5703 4290/4375/5703
f 3433/4318/5704 3434/4317/5704 3432/4316/5704
f 4290/4375/5705 4291/4373/5705 4292/4376/5705
f 3433/4318/5706 3426/4195/5706 3435/4377/5706
f 1353/2372/5707 1357/2371/5707 1354/2460/5707
f 3435/4377/5708 3426/4195/5708 3436/4198/5708
f 1343/2290/5709 1353/2372/5709 1348/2427/5709
f 3435/4377/5710 3436/4198/5710 3437/4204/5710
f 1310/2294/5711 1343/2290/5711 1311/2428/5711
f 1308/2429/5712 1310/2294/5712 1311/2428/5712
f 4343/4378/5713 4409/4379/5713 4298/4380/5713
f 4409/4379/5714 4417/4381/5714 4348/4382/5714
f 1302/2430/5715 1308/2429/5715 1305/4383/5715
f 1298/2302/5716 1303/3949/5716 1302/2430/5716
f 3835/4384/5717 3834/4385/5717 3833/4386/5717
f 1299/2461/5718 1298/2302/5718 1301/4387/5718
f 3834/4385/5719 3829/4388/5719 3830/4389/5719
f 1294/2463/5720 1295/2373/5720 1300/2462/5720
f 3439/4328/5721 3409/4330/5721 3438/4390/5721
f 1293/2374/5722 1295/2373/5722 1294/2463/5722
f 3438/4390/5723 3409/4330/5723 3328/4334/5723
f 1288/2464/5724 1284/2375/5724 1289/2431/5724
f 1288/2464/5725 1289/2431/5725 1296/4391/5725
f 3328/4334/5726 3274/4335/5726 3441/4392/5726
f 3441/4392/5727 3274/4335/5727 3275/4337/5727
f 1290/2466/5728 1280/2432/5728 1283/2465/5728
f 3441/4392/5729 3275/4337/5729 3285/4340/5729
f 3284/4342/5730 3373/4344/5730 3446/4393/5730
f 1314/2470/5731 1322/2384/5731 1313/2383/5731
f 1332/2471/5732 1330/2387/5732 1322/2384/5732
f 3784/4354/5733 3801/4394/5733 3796/4352/5733
f 3802/4395/5734 3801/4394/5734 3784/4354/5734
f 1349/2389/5735 1333/2388/5735 1346/2473/5735
f 3784/4354/5736 3755/4353/5736 3741/4396/5736
f 3755/4353/5737 3723/4270/5737 3741/4396/5737
f 3741/4396/5738 3723/4270/5738 3722/4397/5738
f 3723/4270/5739 3717/4271/5739 3722/4397/5739
f 3708/4355/5740 3705/4272/5740 3704/4398/5740
f 3704/4398/5741 3705/4272/5741 3699/4273/5741
f 3704/4398/5742 3699/4273/5742 3700/4399/5742
f 3700/4399/5743 3699/4273/5743 3694/4400/5743
f 3694/4400/5744 3699/4273/5744 3692/4276/5744
f 3692/4276/5745 3690/4038/5745 3693/4401/5745
f 3687/4356/5746 3685/4039/5746 3686/4357/5746
f 177/2394/5747 178/2439/5747 180/2480/5747
f 3684/4277/5748 3682/4278/5748 3695/4402/5748
f 3695/4402/5749 3682/4278/5749 3679/4279/5749
f 3695/4402/5750 3679/4279/5750 3707/4403/5750
f 3707/4403/5751 3679/4279/5751 3706/4358/5751
f 2193/2558/5752 2198/2522/5752 2192/2524/5752
f 2198/2522/5753 2197/4404/5753 2191/2523/5753
f 2191/2523/5754 2197/4404/5754 2189/4405/5754
f 3676/4280/5755 3666/4040/5755 3667/4406/5755
f 2189/4405/5756 2197/4404/5756 2190/4407/5756
f 3667/4406/5757 3666/4040/5757 3665/4359/5757
f 3668/4408/5758 3665/4359/5758 3655/4360/5758
f 192/2395/5759 184/2442/5759 193/2443/5759
f 3660/4409/5760 3655/4360/5760 3612/4281/5760
f 203/2330/5761 202/2396/5761 207/2445/5761
f 206/2331/3037 203/2330/3037 207/2445/3037
f 3613/4041/5762 3614/4282/5762 3619/4410/5762
f 3615/4361/5763 3616/4042/5763 3617/4411/5763
f 3616/4042/5764 3621/4044/5764 3622/4047/5764
f 751/2240/5765 757/2398/5765 752/2487/5765
f 3628/4284/5766 3632/4049/5766 3630/4412/5766
f 3632/4049/5767 3633/4048/5767 3630/4412/5767
f 744/2400/5768 747/2399/5768 743/2401/5768
f 738/2402/5769 739/2449/5769 737/2450/5769
f 3641/2534/5770 3636/4289/5770 3643/2532/5770
f 3651/2637/5771 3646/4290/5771 3657/4291/5771
f 725/2337/5772 728/2405/5772 723/2406/5772
f 1590/2539/5773 1555/2452/5773 1583/4292/5773
f 1590/2539/5774 1583/4292/5774 1580/4293/5774
f 1590/2539/5775 1580/4293/5775 1588/4413/5775
f 3663/4363/5776 3669/4052/5776 3664/2545/5776
f 1588/4413/5777 1580/4293/5777 1587/4364/5777
f 3664/2545/5778 3669/4052/5778 3673/2546/5778
f 1592/4365/5779 1587/4364/5779 1579/2417/5779
f 3673/2546/5780 3674/2421/5780 3787/2503/5780
f 3828/2509/5781 3807/2458/5781 3826/2457/5781
f 4274/4366/5782 4418/4367/5782 5122/4414/5782
f 5122/4414/5783 4418/4367/5783 5062/4372/5783
f 4804/4371/5784 4274/4366/5784 4812/4415/5784
f 4812/4415/5785 4274/4366/5785 5122/4414/5785
f 5062/4372/5786 4287/4368/5786 4353/4416/5786
f 4353/4416/5787 4287/4368/5787 4288/4369/5787
f 4353/4416/5788 4288/4369/5788 4290/4375/5788
f 4807/4417/5789 4804/4371/5789 4812/4415/5789
f 4806/4374/5790 4804/4371/5790 4807/4417/5790
f 4809/4418/5791 4806/4374/5791 4808/4419/5791
f 4808/4419/5792 4806/4374/5792 4807/4417/5792
f 4293/4420/5793 4353/4416/5793 4290/4375/5793
f 4293/4420/5794 4290/4375/5794 4292/4376/5794
f 1354/2460/5795 1359/2369/5795 1371/4421/5795
f 4810/4422/5796 4809/4418/5796 4808/4419/5796
f 4293/4420/5797 4292/4376/5797 4294/4423/5797
f 4294/4423/5798 4292/4376/5798 4347/4424/5798
f 1356/4425/5799 1354/2460/5799 1371/4421/5799
f 1348/2427/5800 1354/2460/5800 1356/4425/5800
f 4294/4423/5801 4347/4424/5801 4297/4426/5801
f 4297/4426/5802 4347/4424/5802 4343/4378/5802
f 1311/2428/5803 1348/2427/5803 1356/4425/5803
f 4297/4426/5804 4343/4378/5804 4298/4380/5804
f 1367/4427/5805 1308/2429/5805 1311/2428/5805
f 4348/4382/5806 4298/4380/5806 4409/4379/5806
f 4348/4382/5807 4417/4381/5807 4341/4428/5807
f 1301/4387/5808 1302/2430/5808 1305/4383/5808
f 1298/2302/5809 1302/2430/5809 1301/4387/5809
f 3833/4386/5810 3834/4385/5810 3830/4389/5810
f 3832/4429/5811 3833/4386/5811 3830/4389/5811
f 3830/4389/5812 3829/4388/5812 3824/4430/5812
f 3824/4430/5813 3829/4388/5813 3822/4431/5813
f 1296/4391/5814 1289/2431/5814 1294/2463/5814
f 3440/4432/5815 3438/4390/5815 3328/4334/5815
f 3440/4432/5816 3328/4334/5816 3441/4392/5816
f 1290/2466/5817 1283/2465/5817 1307/2511/5817
f 3441/4392/5818 3285/4340/5818 3442/4433/5818
f 1347/2512/5819 1285/2467/5819 1290/2466/5819
f 3442/4433/5820 3285/4340/5820 3446/4393/5820
f 3446/4393/5821 3285/4340/5821 3284/4342/5821
f 3799/4434/5822 3802/4395/5822 3800/4435/5822
f 3800/4435/5823 3802/4395/5823 3784/4354/5823
f 3800/4435/5824 3784/4354/5824 3785/4436/5824
f 5105/4437/5825 4870/4438/5825 5069/4439/5825
f 4980/2475/5826 5105/4437/5826 5069/4439/5826
f 3784/4354/5827 3741/4396/5827 3785/4436/5827
f 4980/2475/5828 5069/4439/5828 4977/2476/5828
f 3741/4396/5829 3722/4397/5829 3719/4440/5829
f 3719/4440/5830 3722/4397/5830 3717/4271/5830
f 3719/4440/5831 3717/4271/5831 3710/4441/5831
f 4978/4442/5832 4979/2477/5832 4977/2476/5832
f 3710/4441/5833 3717/4271/5833 3708/4355/5833
f 4978/4442/5834 4977/2476/5834 4567/2515/5834
f 4567/2515/5835 4977/2476/5835 4976/2513/5835
f 5036/4443/5836 4978/4442/5836 4567/2515/5836
f 3710/4441/5837 3708/4355/5837 3704/4398/5837
f 5036/4443/5838 4567/2515/5838 4573/2516/5838
f 4566/4444/5839 5036/4443/5839 4573/2516/5839
f 4566/4444/5840 4573/2516/5840 4457/2518/5840
f 4566/4444/5841 4457/2518/5841 4459/4445/5841
f 3694/4400/5842 3692/4276/5842 3693/4401/5842
f 4564/4446/5843 4459/4445/5843 4460/4447/5843
f 3687/4356/5844 3693/4401/5844 3690/4038/5844
f 4565/2521/5845 4460/4447/5845 4461/2519/5845
f 3697/4448/5846 3687/4356/5846 3686/4357/5846
f 3686/4357/5847 3684/4277/5847 3696/4449/5847
f 3696/4449/5848 3684/4277/5848 3695/4402/5848
f 180/2480/5849 242/2479/5849 208/2525/5849
f 179/2440/5850 180/2480/5850 208/2525/5850
f 3702/4450/5851 3695/4402/5851 3707/4403/5851
f 2193/2558/5852 2192/2524/5852 2177/2560/5852
f 2192/2524/5853 2191/2523/5853 2177/2560/5853
f 181/2441/5854 179/2440/5854 208/2525/5854
f 2177/2560/5855 2191/2523/5855 2178/2564/5855
f 2178/2564/5856 2191/2523/5856 2189/4405/5856
f 2189/4405/5857 2190/4407/5857 2185/2567/5857
f 2178/2564/5858 2189/4405/5858 2185/2567/5858
f 2185/2567/5859 2190/4407/5859 2155/4451/5859
f 2185/2567/5860 2155/4451/5860 2146/2568/5860
f 2146/2568/5861 2155/4451/5861 2135/2570/5861
f 2135/2570/5862 2155/4451/5862 2138/4452/5862
f 3668/4408/5863 3655/4360/5863 3660/4409/5863
f 194/2444/5864 193/2443/5864 240/2481/5864
f 3620/4453/5865 3613/4041/5865 3619/4410/5865
f 3619/4410/5866 3614/4282/5866 3615/4361/5866
f 747/2399/5867 749/2448/5867 769/2531/5867
f 747/2399/5868 769/2531/5868 770/4454/5868
f 747/2399/5869 770/4454/5869 759/2489/5869
f 743/2401/5870 747/2399/5870 759/2489/5870
f 739/2449/5871 759/2489/5871 765/4455/5871
f 3638/2671/5872 3630/4412/5872 3633/4048/5872
f 739/2449/5873 765/4455/5873 737/2450/5873
f 737/2450/5874 765/4455/5874 745/2490/5874
f 3641/2534/5875 3637/4362/5875 3636/4289/5875
f 730/2404/5876 732/2403/5876 761/2491/5876
f 3648/2533/5877 3643/2532/5877 3646/4290/5877
f 728/2405/5878 741/2451/5878 760/2536/5878
f 723/2406/5879 728/2405/5879 760/2536/5879
f 3651/2637/5880 3657/4291/5880 3662/4456/5880
f 723/2406/5881 760/2536/5881 772/4457/5881
f 3657/4291/5882 3663/4363/5882 3662/4456/5882
f 719/2409/5883 723/2406/5883 772/4457/5883
f 719/2409/5884 772/4457/5884 717/2410/5884
f 1590/2539/5885 1556/2537/5885 1555/2452/5885
f 3662/4456/5886 3663/4363/5886 3664/2545/5886
f 717/2410/5887 772/4457/5887 773/2541/5887
f 1588/4413/5888 1591/2538/5888 1590/2539/5888
f 716/2412/5889 717/2410/5889 773/2541/5889
f 1589/4458/5890 1588/4413/5890 1587/4364/5890
f 1592/4365/5891 1589/4458/5891 1587/4364/5891
f 1589/4458/5892 1592/4365/5892 1594/4459/5892
f 713/2414/5893 774/2542/5893 808/2498/5893
f 774/2542/5894 811/4460/5894 810/2499/5894
f 808/2498/5895 774/2542/5895 810/2499/5895
f 856/2453/5896 855/2497/5896 865/4461/5896
f 5016/2547/5897 5015/2549/5897 5017/2500/5897
f 5015/2549/5898 5019/2543/5898 5018/2501/5898
f 5017/2500/5899 5015/2549/5899 5018/2501/5899
f 4766/2504/5900 4765/4462/5900 4762/2505/5900
f 3809/2510/5901 3808/4463/5901 3807/2458/5901
f 3807/2458/5902 3808/4463/5902 3787/2503/5902
f 5039/4464/5903 5122/4414/5903 5062/4372/5903
f 4807/4417/5904 4812/4415/5904 4811/4465/5904
f 4811/4465/5905 4812/4415/5905 5122/4414/5905
f 5039/4464/5906 5062/4372/5906 4345/4466/5906
f 4345/4466/5907 5062/4372/5907 4353/4416/5907
f 5203/4467/5908 5204/4468/5908 5205/4469/5908
f 4345/4466/5909 4353/4416/5909 4293/4420/5909
f 4808/4419/5910 4807/4417/5910 4811/4465/5910
f 5037/4470/5911 5039/4464/5911 4345/4466/5911
f 5203/4467/5912 5205/4469/5912 5206/4471/5912
f 4810/4422/5913 4808/4419/5913 5094/4472/5913
f 5154/4473/5914 4810/4422/5914 5094/4472/5914
f 4345/4466/5915 4295/4474/5915 4860/4475/5915
f 4295/4474/5916 4345/4466/5916 4293/4420/5916
f 4295/4474/5917 4293/4420/5917 4294/4423/5917
f 5094/4472/5918 4808/4419/5918 4811/4465/5918
f 4295/4474/5919 4294/4423/5919 4296/4476/5919
f 4296/4476/5920 4294/4423/5920 4297/4426/5920
f 5155/4477/5921 5154/4473/5921 5094/4472/5921
f 4296/4476/5922 4297/4426/5922 4298/4380/5922
f 5158/4478/5923 5155/4477/5923 5094/4472/5923
f 4296/4476/5924 4298/4380/5924 4299/4479/5924
f 5158/4478/5925 5094/4472/5925 5140/4480/5925
f 4299/4479/5926 4298/4380/5926 4348/4382/5926
f 5137/4481/5927 5158/4478/5927 5140/4480/5927
f 4296/4476/5928 4299/4479/5928 4300/4482/5928
f 5135/4483/5929 5137/4481/5929 5140/4480/5929
f 4299/4479/5930 4348/4382/5930 4301/4484/5930
f 5136/4485/5931 5137/4481/5931 5135/4483/5931
f 4301/4484/5932 4348/4382/5932 4341/4428/5932
f 4571/4486/5933 5136/4485/5933 5135/4483/5933
f 1301/4387/5934 1305/4383/5934 1363/4487/5934
f 4301/4484/5935 4341/4428/5935 4340/4488/5935
f 4301/4484/5936 4340/4488/5936 4302/4489/5936
f 1299/2461/5937 1301/4387/5937 1363/4487/5937
f 3832/4429/5938 3830/4389/5938 3831/4490/5938
f 1364/4491/5939 1299/2461/5939 1363/4487/5939
f 1300/2462/5940 1299/2461/5940 1364/4491/5940
f 3831/4490/5941 3830/4389/5941 3824/4430/5941
f 1294/2463/5942 1300/2462/5942 1364/4491/5942
f 4448/4492/5943 4446/4493/5943 4447/4494/5943
f 4449/4495/5944 4448/4492/5944 4447/4494/5944
f 3822/4431/5945 3827/4496/5945 3819/4497/5945
f 4449/4495/5946 4447/4494/5946 4450/4498/5946
f 3823/4499/5947 3818/4500/5947 3815/4501/5947
f 4865/4502/5948 4866/4503/5948 4436/4504/5948
f 4864/4505/5949 4865/4502/5949 4436/4504/5949
f 4867/4506/5950 4864/4505/5950 4863/4507/5950
f 4864/4505/5951 4436/4504/5951 4863/4507/5951
f 4868/4508/5952 4867/4506/5952 4863/4507/5952
f 4869/4509/5953 4868/4508/5953 4863/4507/5953
f 4870/4438/5954 4869/4509/5954 4863/4507/5954
f 5069/4439/5955 4870/4438/5955 4863/4507/5955
f 3780/4510/5956 3785/4436/5956 3741/4396/5956
f 4977/2476/5957 5069/4439/5957 4437/4511/5957
f 4976/2513/5958 4977/2476/5958 4437/4511/5958
f 3743/4512/5959 3710/4441/5959 3704/4398/5959
f 3743/4512/5960 3704/4398/5960 3700/4399/5960
f 4567/2515/5961 4453/2514/5961 4455/2517/5961
f 4573/2516/5962 4567/2515/5962 4455/2517/5962
f 3700/4399/5963 3694/4400/5963 3739/4513/5963
f 4457/2518/5964 4455/2517/5964 4456/4514/5964
f 4459/4445/5965 4457/2518/5965 4458/4515/5965
f 4457/2518/5966 4456/4514/5966 4458/4515/5966
f 3694/4400/5967 3693/4401/5967 3739/4513/5967
f 4460/4447/5968 4459/4445/5968 4458/4515/5968
f 3693/4401/5969 3687/4356/5969 3701/4516/5969
f 3739/4513/5970 3693/4401/5970 3701/4516/5970
f 4461/2519/5971 4460/4447/5971 4458/4515/5971
f 4461/2519/5972 4458/4515/5972 4462/4517/5972
f 3687/4356/5973 3697/4448/5973 3701/4516/5973
f 4472/2520/5974 4461/2519/5974 4462/4517/5974
f 3696/4449/5975 3697/4448/5975 3686/4357/5975
f 4472/2520/5976 4462/4517/5976 4474/4518/5976
f 4475/4519/5977 4472/2520/5977 4474/4518/5977
f 3702/4450/5978 3696/4449/5978 3695/4402/5978
f 3696/4449/5979 3702/4450/5979 3742/4520/5979
f 1694/2553/5980 1693/2555/5980 1682/2609/5980
f 1682/2609/5981 1693/2555/5981 1686/2610/5981
f 3897/4521/5982 3898/4522/5982 3899/4523/5982
f 1698/4524/5983 1695/2554/5983 1697/2556/5983
f 4475/4519/5984 4474/4518/5984 4476/2572/5984
f 4477/2526/5985 4475/4519/5985 4476/2572/5985
f 4477/2526/5986 4476/2572/5986 4478/2527/5986
f 4478/2527/5987 4476/2572/5987 4479/2574/5987
f 2125/2575/5988 2135/2570/5988 2138/4452/5988
f 3754/4525/5989 3660/4409/5989 3661/4526/5989
f 3660/4409/5990 3612/4281/5990 3661/4526/5990
f 4550/2529/5991 4478/2527/5991 4480/2628/5991
f 3661/4526/5992 3612/4281/5992 3613/4041/5992
f 3661/4526/5993 3613/4041/5993 3620/4453/5993
f 4985/4527/5994 4550/2529/5994 4480/2628/5994
f 4551/4528/5995 4985/4527/5995 4480/2628/5995
f 4551/4528/5996 4480/2628/5996 4486/2631/5996
f 3649/4529/5997 3619/4410/5997 3615/4361/5997
f 4488/4530/5998 4551/4528/5998 4486/2631/5998
f 4487/4531/5999 4488/4530/5999 4486/2631/5999
f 4491/4532/6000 4487/4531/6000 4490/4533/6000
f 3625/4534/6001 3616/4042/6001 3622/4047/6001
f 3622/4047/6002 3628/4284/6002 3602/4535/6002
f 3602/4535/6003 3628/4284/6003 3631/2670/6003
f 3631/2670/6004 3628/4284/6004 3629/2668/6004
f 4495/4536/6005 4492/4537/6005 4494/4538/6005
f 3629/2668/6006 3628/4284/6006 3630/4412/6006
f 4541/2579/6007 4495/4536/6007 4494/4538/6007
f 3629/2668/6008 3630/4412/6008 3640/2673/6008
f 4541/2579/6009 4494/4538/6009 4542/2577/6009
f 4547/4539/6010 4541/2579/6010 4543/2578/6010
f 4545/4540/6011 4547/4539/6011 4543/2578/6011
f 4545/4540/6012 4543/2578/6012 4544/4541/6012
f 3638/2671/6013 3633/4048/6013 3637/4362/6013
f 4546/4542/6014 4545/4540/6014 4544/4541/6014
f 4546/4542/6015 4544/4541/6015 4553/2634/6015
f 4555/4543/6016 4546/4542/6016 4553/2634/6016
f 4555/4543/6017 4553/2634/6017 4556/4544/6017
f 4557/4545/6018 4555/4543/6018 4556/4544/6018
f 4557/4545/6019 4556/4544/6019 4558/4546/6019
f 3648/2533/6020 3646/4290/6020 3651/2637/6020
f 4557/4545/6021 4558/4546/6021 4559/4547/6021
f 760/2536/6022 766/2535/6022 780/2580/6022
f 760/2536/6023 780/2580/6023 778/2582/6023
f 760/2536/6024 778/2582/6024 772/4457/6024
f 5024/4548/6025 5012/4549/6025 5011/4550/6025
f 5023/4551/6026 5024/4548/6026 5011/4550/6026
f 1556/2537/6027 1559/4552/6027 1557/2583/6027
f 1556/2537/6028 1557/2583/6028 1554/2492/6028
f 1554/2492/6029 1557/2583/6029 1553/2493/6029
f 857/2494/6030 860/2586/6030 854/2495/6030
f 5023/4551/6031 5011/4550/6031 5007/4553/6031
f 5161/2589/6032 5130/2588/6032 5162/4554/6032
f 3749/4555/6033 3662/4456/6033 3664/2545/6033
f 5023/4551/6034 5007/4553/6034 5010/4556/6034
f 773/2541/6035 772/4457/6035 779/4557/6035
f 5160/2587/6036 5161/2589/6036 5165/4558/6036
f 853/2496/6037 854/2495/6037 858/2540/6037
f 5007/4553/6038 5008/4559/6038 5009/4560/6038
f 5010/4556/6039 5007/4553/6039 5009/4560/6039
f 5009/4560/6040 5008/4559/6040 5106/4561/6040
f 5106/4561/6041 5160/2587/6041 5021/4562/6041
f 5021/4562/6042 5160/2587/6042 5020/2544/6042
f 5020/2544/6043 5160/2587/6043 5165/4558/6043
f 5020/2544/6044 5165/4558/6044 5168/4563/6044
f 5131/4564/6045 5109/4565/6045 4770/2593/6045
f 4758/2590/6046 4761/2592/6046 4764/4566/6046
f 4764/4566/6047 4761/2592/6047 5070/4567/6047
f 774/2542/6048 773/2541/6048 779/4557/6048
f 5131/4564/6049 4770/2593/6049 4765/4462/6049
f 4765/4462/6050 4770/2593/6050 4755/2595/6050
f 5013/4568/6051 5010/4556/6051 5009/4560/6051
f 5013/4568/6052 5009/4560/6052 5014/2548/6052
f 5009/4560/6053 5106/4561/6053 5015/2549/6053
f 5014/2548/6054 5009/4560/6054 5015/2549/6054
f 5015/2549/6055 5106/4561/6055 5021/4562/6055
f 5015/2549/6056 5021/4562/6056 5019/2543/6056
f 5019/2543/6057 5021/4562/6057 5020/2544/6057
f 4758/2590/6058 4764/4566/6058 4760/4569/6058
f 4759/4570/6059 4758/2590/6059 4760/4569/6059
f 4760/4569/6060 4764/4566/6060 5070/4567/6060
f 4765/4462/6061 4755/2595/6061 4762/2505/6061
f 4762/2505/6062 4755/2595/6062 4756/2596/6062
f 4762/2505/6063 4756/2596/6063 4771/2507/6063
f 4756/2596/6064 4758/2590/6064 4759/4570/6064
f 4771/2507/6065 4756/2596/6065 4759/4570/6065
f 5207/4571/6066 5203/4467/6066 5206/4471/6066
f 5037/4470/6067 4345/4466/6067 4860/4475/6067
f 5208/4572/6068 5203/4467/6068 5207/4571/6068
f 5043/4573/6069 5037/4470/6069 4860/4475/6069
f 4786/4574/6070 5094/4472/6070 4787/4575/6070
f 5094/4472/6071 5043/4573/6071 4787/4575/6071
f 4860/4475/6072 4295/4474/6072 4346/4576/6072
f 5140/4480/6073 5094/4472/6073 4786/4574/6073
f 4346/4576/6074 4295/4474/6074 4296/4476/6074
f 4346/4576/6075 4296/4476/6075 4300/4482/6075
f 5135/4483/6076 5140/4480/6076 5028/4577/6076
f 5028/4577/6077 5140/4480/6077 4786/4574/6077
f 4300/4482/6078 4299/4479/6078 4301/4484/6078
f 4571/4486/6079 5135/4483/6079 5028/4577/6079
f 4346/4576/6080 4300/4482/6080 4304/4578/6080
f 4300/4482/6081 4301/4484/6081 4302/4489/6081
f 4444/4579/6082 4571/4486/6082 5028/4577/6082
f 4302/4489/6083 4340/4488/6083 4344/4580/6083
f 4443/4581/6084 4571/4486/6084 4444/4579/6084
f 5375/4582/6085 5376/4583/6085 5377/4584/6085
f 4446/4493/6086 4571/4486/6086 4443/4581/6086
f 4344/4580/6087 4312/4585/6087 4310/4586/6087
f 4446/4493/6088 4443/4581/6088 4445/4587/6088
f 4310/4586/6089 4312/4585/6089 4311/4588/6089
f 4310/4586/6090 4311/4588/6090 4308/4589/6090
f 4447/4494/6091 4446/4493/6091 4445/4587/6091
f 3825/4590/6092 3824/4430/6092 3821/4591/6092
f 3821/4591/6093 3824/4430/6093 3822/4431/6093
f 3821/4591/6094 3822/4431/6094 3819/4497/6094
f 4958/4592/6095 4447/4494/6095 4445/4587/6095
f 4450/4498/6096 4447/4494/6096 4958/4592/6096
f 4959/4593/6097 4450/4498/6097 4958/4592/6097
f 3819/4497/6098 3827/4496/6098 3823/4499/6098
f 5029/4594/6099 4959/4593/6099 4958/4592/6099
f 3819/4497/6100 3823/4499/6100 3815/4501/6100
f 3819/4497/6101 3815/4501/6101 3817/4595/6101
f 4436/4504/6102 4866/4503/6102 5029/4594/6102
f 3815/4501/6103 3818/4500/6103 3799/4434/6103
f 4863/4507/6104 4436/4504/6104 4431/4596/6104
f 3798/4597/6105 3799/4434/6105 3800/4435/6105
f 3815/4501/6106 3799/4434/6106 3798/4597/6106
f 3815/4501/6107 3798/4597/6107 3812/4598/6107
f 3798/4597/6108 3800/4435/6108 3785/4436/6108
f 3798/4597/6109 3785/4436/6109 3789/4599/6109
f 4437/4511/6110 4863/4507/6110 4431/4596/6110
f 4437/4511/6111 4431/4596/6111 4428/4600/6111
f 3789/4599/6112 3785/4436/6112 3780/4510/6112
f 5069/4439/6113 4863/4507/6113 4437/4511/6113
f 3748/4601/6114 3780/4510/6114 3741/4396/6114
f 3748/4601/6115 3741/4396/6115 3719/4440/6115
f 3747/4602/6116 3748/4601/6116 3719/4440/6116
f 4976/2513/6117 4437/4511/6117 4435/4603/6117
f 3747/4602/6118 3719/4440/6118 3710/4441/6118
f 3743/4512/6119 3747/4602/6119 3710/4441/6119
f 4976/2513/6120 4435/4603/6120 4453/2514/6120
f 3752/4604/6121 3743/4512/6121 3700/4399/6121
f 4455/2517/6122 4453/2514/6122 4454/4605/6122
f 3752/4604/6123 3700/4399/6123 3739/4513/6123
f 4456/4514/6124 4455/2517/6124 4454/4605/6124
f 4458/4515/6125 4456/4514/6125 4569/2648/6125
f 3701/4516/6126 3751/4606/6126 3739/4513/6126
f 3751/4606/6127 3701/4516/6127 3753/4607/6127
f 4458/4515/6128 4569/2648/6128 4463/2650/6128
f 4462/4517/6129 4458/4515/6129 4463/2650/6129
f 3697/4448/6130 3745/4608/6130 3701/4516/6130
f 3745/4608/6131 3697/4448/6131 3696/4449/6131
f 1682/2609/6132 1680/2599/6132 1681/2601/6132
f 2161/2653/6133 2180/2606/6133 2169/2608/6133
f 3745/4608/6134 3696/4449/6134 3742/4520/6134
f 2062/2613/6135 2063/2602/6135 2064/2604/6135
f 3763/4609/6136 3742/4520/6136 3803/4610/6136
f 3761/4611/6137 3742/4520/6137 3763/4609/6137
f 2097/4612/6138 2104/4613/6138 2065/2612/6138
f 2097/4612/6139 2065/2612/6139 2074/2614/6139
f 2097/4612/6140 2074/2614/6140 2078/2616/6140
f 4476/2572/6141 4474/4518/6141 4823/4614/6141
f 3764/4615/6142 3763/4609/6142 3765/4616/6142
f 3765/4616/6143 3763/4609/6143 3803/4610/6143
f 2108/4617/6144 2097/4612/6144 2096/4618/6144
f 2096/4618/6145 2097/4612/6145 2078/2616/6145
f 4476/2572/6146 4823/4614/6146 4485/2573/6146
f 3768/4619/6147 3765/4616/6147 3804/4620/6147
f 2096/4618/6148 2078/2616/6148 2086/2618/6148
f 2145/2615/6149 2136/2619/6149 2132/2665/6149
f 2132/2665/6150 2136/2619/6150 2129/2571/6150
f 3768/4619/6151 3804/4620/6151 3805/4621/6151
f 2127/2627/6152 2129/2571/6152 2128/2576/6152
f 3668/4408/6153 3806/2623/6153 3810/2625/6153
f 3754/4525/6154 3668/4408/6154 3660/4409/6154
f 4478/2527/6155 4479/2574/6155 4480/2628/6155
f 3754/4525/6156 3661/4526/6156 3744/4622/6156
f 3661/4526/6157 3620/4453/6157 3744/4622/6157
f 3744/4622/6158 3620/4453/6158 3659/4623/6158
f 3620/4453/6159 3619/4410/6159 3659/4623/6159
f 3659/4623/6160 3619/4410/6160 3649/4529/6160
f 3649/4529/6161 3615/4361/6161 3617/4411/6161
f 4487/4531/6162 4486/2631/6162 4482/2630/6162
f 4487/4531/6163 4482/2630/6163 4489/4624/6163
f 3617/4411/6164 3616/4042/6164 3626/4625/6164
f 3625/4534/6165 3626/4625/6165 3616/4042/6165
f 4487/4531/6166 4489/4624/6166 4490/4533/6166
f 4490/4533/6167 4489/4624/6167 4492/4537/6167
f 3625/4534/6168 3622/4047/6168 3602/4535/6168
f 4492/4537/6169 4489/4624/6169 4493/4626/6169
f 4494/4538/6170 4492/4537/6170 4493/4626/6170
f 3638/2671/6171 3640/2673/6171 3630/4412/6171
f 4543/2578/6172 4542/2577/6172 4544/4541/6172
f 4542/2577/6173 4981/4627/6173 4544/4541/6173
f 4554/2632/6174 4544/4541/6174 4981/4627/6174
f 3639/4628/6175 3638/2671/6175 3637/4362/6175
f 3639/4628/6176 3637/4362/6176 3642/4629/6176
f 4544/4541/6177 4554/2632/6177 4553/2634/6177
f 4553/2634/6178 5092/2633/6178 4826/4630/6178
f 3637/4362/6179 3641/2534/6179 3642/4629/6179
f 4556/4544/6180 4553/2634/6180 4826/4630/6180
f 4556/4544/6181 4826/4630/6181 4560/4631/6181
f 3653/4632/6182 3641/2534/6182 3648/2533/6182
f 4558/4546/6183 4556/4544/6183 4560/4631/6183
f 4558/4546/6184 4560/4631/6184 4559/4547/6184
f 780/2580/6185 786/2684/6185 781/2581/6185
f 3648/2533/6186 3651/2637/6186 3652/2636/6186
f 4821/4633/6187 4820/4634/6187 5139/4635/6187
f 778/2582/6188 781/2581/6188 782/2640/6188
f 5320/4636/6189 5321/4637/6189 5322/4638/6189
f 3757/4639/6190 3746/2635/6190 3662/4456/6190
f 3662/4456/6191 3746/2635/6191 3651/2637/6191
f 782/2640/6192 789/2641/6192 790/2644/6192
f 778/2582/6193 782/2640/6193 790/2644/6193
f 4775/4640/6194 4745/4641/6194 4749/4642/6194
f 4773/4643/6195 5139/4635/6195 4763/4644/6195
f 5063/2647/6196 4984/2646/6196 4775/4640/6196
f 5063/2647/6197 4775/4640/6197 5035/4645/6197
f 5011/4550/6198 5012/4549/6198 5006/4646/6198
f 4998/2645/6199 5063/2647/6199 5025/4647/6199
f 5035/4645/6200 4775/4640/6200 4749/4642/6200
f 5035/4645/6201 4749/4642/6201 5071/4648/6201
f 4749/4642/6202 4747/4649/6202 4750/4650/6202
f 4747/4649/6203 4773/4643/6203 4751/4651/6203
f 5007/4553/6204 5011/4550/6204 5006/4646/6204
f 5006/4646/6205 5003/4652/6205 5005/4653/6205
f 5003/4652/6206 4998/2645/6206 5004/4654/6206
f 5004/4654/6207 4998/2645/6207 5025/4647/6207
f 5025/4647/6208 5063/2647/6208 5130/2588/6208
f 5130/2588/6209 5063/2647/6209 5035/4645/6209
f 5071/4648/6210 4749/4642/6210 4769/4655/6210
f 4769/4655/6211 4749/4642/6211 4750/4650/6211
f 4769/4655/6212 4750/4650/6212 4752/4656/6212
f 4750/4650/6213 4747/4649/6213 4751/4651/6213
f 4757/2591/6214 4773/4643/6214 4763/4644/6214
f 5006/4646/6215 5005/4653/6215 5007/4553/6215
f 5005/4653/6216 5003/4652/6216 5004/4654/6216
f 4752/4656/6217 4750/4650/6217 4751/4651/6217
f 3757/4639/6218 3662/4456/6218 3749/4555/6218
f 5007/4553/6219 5005/4653/6219 5008/4559/6219
f 5008/4559/6220 5005/4653/6220 5106/4561/6220
f 5106/4561/6221 5005/4653/6221 5004/4654/6221
f 5160/2587/6222 5004/4654/6222 5025/4647/6222
f 5160/2587/6223 5025/4647/6223 5130/2588/6223
f 5109/4565/6224 4769/4655/6224 4752/4656/6224
f 4752/4656/6225 4751/4651/6225 4753/2594/6225
f 4753/2594/6226 4751/4651/6226 4754/4657/6226
f 4751/4651/6227 4773/4643/6227 4754/4657/6227
f 4754/4657/6228 4773/4643/6228 4757/2591/6228
f 4757/2591/6229 4763/4644/6229 4761/2592/6229
f 5106/4561/6230 5004/4654/6230 5160/2587/6230
f 5109/4565/6231 4752/4656/6231 4770/2593/6231
f 4770/2593/6232 4752/4656/6232 4753/2594/6232
f 4755/2595/6233 4753/2594/6233 4754/4657/6233
f 4755/2595/6234 4754/4657/6234 4756/2596/6234
f 4756/2596/6235 4754/4657/6235 4757/2591/6235
f 4781/4658/6236 4787/4575/6236 5043/4573/6236
f 5043/4573/6237 4860/4475/6237 4781/4658/6237
f 4783/4659/6238 4786/4574/6238 4787/4575/6238
f 4783/4659/6239 4787/4575/6239 4781/4658/6239
f 4781/4658/6240 4860/4475/6240 4779/4660/6240
f 4779/4660/6241 4860/4475/6241 4346/4576/6241
f 4785/4661/6242 4786/4574/6242 4783/4659/6242
f 4779/4660/6243 4346/4576/6243 4304/4578/6243
f 5028/4577/6244 4786/4574/6244 4785/4661/6244
f 4303/4662/6245 4300/4482/6245 4302/4489/6245
f 4304/4578/6246 4300/4482/6246 4303/4662/6246
f 4444/4579/6247 5028/4577/6247 4440/4663/6247
f 4303/4662/6248 4302/4489/6248 4344/4580/6248
f 4443/4581/6249 4444/4579/6249 4440/4663/6249
f 4305/4664/6250 4304/4578/6250 4303/4662/6250
f 4303/4662/6251 4344/4580/6251 4310/4586/6251
f 4445/4587/6252 4443/4581/6252 4439/4665/6252
f 4439/4665/6253 4443/4581/6253 4440/4663/6253
f 4303/4662/6254 4310/4586/6254 4308/4589/6254
f 4958/4592/6255 4445/4587/6255 4439/4665/6255
f 3821/4591/6256 3819/4497/6256 3820/4666/6256
f 4441/4667/6257 4958/4592/6257 4439/4665/6257
f 3820/4666/6258 3819/4497/6258 3817/4595/6258
f 5029/4594/6259 4958/4592/6259 4441/4667/6259
f 5029/4594/6260 4441/4667/6260 4436/4504/6260
f 4436/4504/6261 4441/4667/6261 4425/4668/6261
f 4431/4596/6262 4436/4504/6262 4425/4668/6262
f 4431/4596/6263 4425/4668/6263 4428/4600/6263
f 3812/4598/6264 3798/4597/6264 3789/4599/6264
f 3812/4598/6265 3789/4599/6265 3813/4669/6265
f 3789/4599/6266 3780/4510/6266 3788/4670/6266
f 3788/4670/6267 3780/4510/6267 3748/4601/6267
f 4437/4511/6268 4428/4600/6268 4429/4671/6268
f 4435/4603/6269 4437/4511/6269 4429/4671/6269
f 3756/4672/6270 3788/4670/6270 3748/4601/6270
f 3756/4672/6271 3748/4601/6271 3747/4602/6271
f 3756/4672/6272 3747/4602/6272 3743/4512/6272
f 3772/4673/6273 3756/4672/6273 3743/4512/6273
f 4453/2514/6274 4435/4603/6274 4452/4674/6274
f 4454/4605/6275 4453/2514/6275 4452/4674/6275
f 3772/4673/6276 3743/4512/6276 3752/4604/6276
f 3751/4606/6277 3752/4604/6277 3739/4513/6277
f 4454/4605/6278 4570/4675/6278 4569/2648/6278
f 4456/4514/6279 4454/4605/6279 4569/2648/6279
f 3750/4676/6280 3753/4607/6280 3701/4516/6280
f 3745/4608/6281 3750/4676/6281 3701/4516/6281
f 3750/4676/6282 3745/4608/6282 3762/4677/6282
f 4462/4517/6283 4463/2650/6283 4464/4678/6283
f 1678/2598/6284 1675/2651/6284 1677/2652/6284
f 4474/4518/6285 4462/4517/6285 4464/4678/6285
f 4474/4518/6286 4464/4678/6286 4823/4614/6286
f 3760/4679/6287 3745/4608/6287 3742/4520/6287
f 3760/4679/6288 3742/4520/6288 3761/4611/6288
f 2073/2611/6289 2064/2604/6289 2075/2660/6289
f 3761/4611/6290 3763/4609/6290 3764/4615/6290
f 2073/2611/6291 2075/2660/6291 2078/2616/6291
f 2074/2614/6292 2073/2611/6292 2078/2616/6292
f 2148/2707/6293 2182/2661/6293 2139/2663/6293
f 5342/4680/6294 5343/4681/6294 5340/4682/6294
f 3764/4615/6295 3765/4616/6295 3766/4683/6295
f 3766/4683/6296 3765/4616/6296 3768/4619/6296
f 2086/2618/6297 2083/2617/6297 2088/4684/6297
f 2131/4685/6298 2132/2665/6298 2129/2571/6298
f 2131/4685/6299 2129/2571/6299 2130/2666/6299
f 3769/4686/6300 3768/4619/6300 3775/4687/6300
f 3775/4687/6301 3768/4619/6301 3805/4621/6301
f 3775/4687/6302 3805/4621/6302 3806/2623/6302
f 2102/4688/6303 2086/2618/6303 2093/2620/6303
f 2093/2620/6304 2086/2618/6304 2088/4684/6304
f 2093/2620/6305 2088/4684/6305 2092/2621/6305
f 3775/4687/6306 3806/2623/6306 3668/4408/6306
f 3754/4525/6307 3775/4687/6307 3668/4408/6307
f 3774/4689/6308 3754/4525/6308 3744/4622/6308
f 4482/2630/6309 4480/2628/6309 4481/2629/6309
f 3740/4690/6310 3659/4623/6310 3649/4529/6310
f 3740/4690/6311 3649/4529/6311 3617/4411/6311
f 3740/4690/6312 3617/4411/6312 3626/4625/6312
f 4489/4624/6313 4482/2630/6313 4540/4691/6313
f 4489/4624/6314 4540/4691/6314 4496/4692/6314
f 4493/4626/6315 4489/4624/6315 4496/4692/6315
f 3601/4693/6316 3625/4534/6316 3602/4535/6316
f 4494/4538/6317 4493/4626/6317 4549/2708/6317
f 4542/2577/6318 4494/4538/6318 4549/2708/6318
f 5331/4694/6319 5332/4695/6319 5333/4696/6319
f 5331/4694/6320 5333/4696/6320 5334/4697/6320
f 4981/4627/6321 4501/2710/6321 4539/2674/6321
f 5315/4698/6322 5319/4699/6322 5318/4700/6322
f 5315/4698/6323 5318/4700/6323 5316/4701/6323
f 5315/4698/6324 5316/4701/6324 5317/4702/6324
f 5092/2633/6325 4824/2676/6325 4507/2675/6325
f 5092/2633/6326 4507/2675/6326 4526/4703/6326
f 5092/2633/6327 4526/4703/6327 4518/2679/6327
f 4518/2679/6328 4526/4703/6328 4516/2677/6328
f 3653/4632/6329 3642/4629/6329 3641/2534/6329
f 5335/4704/6330 5336/4705/6330 5337/4706/6330
f 5338/4707/6331 5335/4704/6331 5337/4706/6331
f 3730/4708/6332 3653/4632/6332 3729/4709/6332
f 786/2684/6333 794/2680/6333 787/2682/6333
f 3653/4632/6334 3648/2533/6334 3729/4709/6334
f 4816/4710/6335 4818/4711/6335 4819/4712/6335
f 3729/4709/6336 3648/2533/6336 3652/2636/6336
f 4536/4713/6337 4534/4714/6337 4538/4715/6337
f 4538/4715/6338 4534/4714/6338 4745/4641/6338
f 5305/4716/6339 5308/4717/6339 5309/4718/6339
f 4816/4710/6340 4819/4712/6340 4820/4634/6340
f 4821/4633/6341 4816/4710/6341 4820/4634/6341
f 4537/4719/6342 4536/4713/6342 4538/4715/6342
f 4745/4641/6343 4534/4714/6343 4746/4720/6343
f 4534/4714/6344 4772/4721/6344 4746/4720/6344
f 4746/4720/6345 4772/4721/6345 5139/4635/6345
f 5305/4716/6346 5309/4718/6346 5310/4722/6346
f 5002/2718/6347 4537/4719/6347 4996/4723/6347
f 4984/2646/6348 4537/4719/6348 4538/4715/6348
f 4775/4640/6349 4538/4715/6349 4745/4641/6349
f 4746/4720/6350 5139/4635/6350 4748/4724/6350
f 789/2641/6351 783/2639/6351 791/2721/6351
f 4997/2727/6352 4996/4723/6352 4984/2646/6352
f 4996/4723/6353 4537/4719/6353 4984/2646/6353
f 4984/2646/6354 4538/4715/6354 4775/4640/6354
f 4748/4724/6355 5139/4635/6355 4773/4643/6355
f 789/2641/6356 791/2721/6356 797/2642/6356
f 4745/4641/6357 4746/4720/6357 4747/4649/6357
f 4749/4642/6358 4745/4641/6358 4747/4649/6358
f 4746/4720/6359 4748/4724/6359 4747/4649/6359
f 4747/4649/6360 4748/4724/6360 4773/4643/6360
f 5006/4646/6361 5132/4725/6361 5026/2690/6361
f 5006/4646/6362 5026/2690/6362 5003/4652/6362
f 5026/2690/6363 5000/2692/6363 5003/4652/6363
f 5003/4652/6364 5000/2692/6364 4998/2645/6364
f 5000/2692/6365 4997/2727/6365 4998/2645/6365
f 4997/2727/6366 4984/2646/6366 4998/2645/6366
f 4783/4659/6367 4781/4658/6367 4782/4726/6367
f 4782/4726/6368 4781/4658/6368 4780/4727/6368
f 4780/4727/6369 4781/4658/6369 4779/4660/6369
f 4780/4727/6370 4779/4660/6370 4304/4578/6370
f 4785/4661/6371 4783/4659/6371 4784/4728/6371
f 4784/4728/6372 4783/4659/6372 4782/4726/6372
f 5219/4729/6373 5218/4730/6373 5217/4731/6373
f 5217/4731/6374 5218/4730/6374 5215/4732/6374
f 4440/4663/6375 5028/4577/6375 4568/4733/6375
f 4438/4734/6376 4440/4663/6376 4568/4733/6376
f 4439/4665/6377 4440/4663/6377 4438/4734/6377
f 4306/4735/6378 4305/4664/6378 4303/4662/6378
f 4434/4736/6379 4439/4665/6379 4438/4734/6379
f 4306/4735/6380 4303/4662/6380 4307/4737/6380
f 4307/4737/6381 4303/4662/6381 4308/4589/6381
f 4307/4737/6382 4308/4589/6382 4309/4738/6382
f 4307/4737/6383 4309/4738/6383 4314/4739/6383
f 4441/4667/6384 4439/4665/6384 4434/4736/6384
f 4441/4667/6385 4434/4736/6385 4424/4740/6385
f 4307/4737/6386 4314/4739/6386 4342/4741/6386
f 4342/4741/6387 4314/4739/6387 5044/4742/6387
f 5362/4743/6388 5365/4744/6388 5363/4745/6388
f 3816/4746/6389 3817/4595/6389 3815/4501/6389
f 4425/4668/6390 4441/4667/6390 4424/4740/6390
f 3816/4746/6391 3815/4501/6391 3814/4747/6391
f 3814/4747/6392 3815/4501/6392 3812/4598/6392
f 4427/4748/6393 4428/4600/6393 4425/4668/6393
f 3813/4669/6394 3814/4747/6394 3812/4598/6394
f 4646/4749/6395 4647/4750/6395 4644/4751/6395
f 4645/4752/6396 4646/4749/6396 4644/4751/6396
f 4644/4751/6397 4647/4750/6397 4648/4753/6397
f 4429/4671/6398 4428/4600/6398 4427/4748/6398
f 4429/4671/6399 4427/4748/6399 4430/4754/6399
f 4644/4751/6400 4648/4753/6400 4649/4755/6400
f 4643/4756/6401 4644/4751/6401 4649/4755/6401
f 4435/4603/6402 4429/4671/6402 4430/4754/6402
f 4435/4603/6403 4430/4754/6403 4442/4757/6403
f 3797/4758/6404 3756/4672/6404 3786/4759/6404
f 3786/4759/6405 3756/4672/6405 3772/4673/6405
f 4435/4603/6406 4442/4757/6406 4452/4674/6406
f 3778/4760/6407 3786/4759/6407 3772/4673/6407
f 3778/4760/6408 3772/4673/6408 3752/4604/6408
f 4454/4605/6409 4452/4674/6409 4570/4675/6409
f 3778/4760/6410 3752/4604/6410 3751/4606/6410
f 3778/4760/6411 3751/4606/6411 3779/4761/6411
f 4569/2648/6412 4570/4675/6412 4469/4762/6412
f 3779/4761/6413 3751/4606/6413 3753/4607/6413
f 4569/2648/6414 4469/4762/6414 4465/2649/6414
f 3779/4761/6415 3753/4607/6415 3777/4763/6415
f 3777/4763/6416 3753/4607/6416 3750/4676/6416
f 4463/2650/6417 4465/2649/6417 4464/4678/6417
f 3762/4677/6418 3777/4763/6418 3750/4676/6418
f 1676/2694/6419 1683/2698/6419 1685/2729/6419
f 1685/2729/6420 1683/2698/6420 1689/2730/6420
f 3760/4679/6421 3762/4677/6421 3745/4608/6421
f 2075/2660/6422 2067/2658/6422 2076/2705/6422
f 2075/2660/6423 2076/2705/6423 2081/4764/6423
f 2142/2737/6424 2147/2706/6424 2148/2707/6424
f 4823/4614/6425 4464/4678/6425 4473/4765/6425
f 2142/2737/6426 2148/2707/6426 2139/2663/6426
f 2142/2737/6427 2139/2663/6427 2140/4766/6427
f 2078/2616/6428 2075/2660/6428 2081/4764/6428
f 2140/4766/6429 2139/2663/6429 2133/4767/6429
f 2133/4767/6430 2139/2663/6430 2137/2664/6430
f 2078/2616/6431 2081/4764/6431 2083/2617/6431
f 2083/2617/6432 2081/4764/6432 2087/4768/6432
f 2133/4767/6433 2137/2664/6433 2132/2665/6433
f 2133/4767/6434 2132/2665/6434 2131/4685/6434
f 5340/4682/6435 5339/4769/6435 5342/4680/6435
f 2088/4684/6436 2083/2617/6436 2087/4768/6436
f 3769/4686/6437 3766/4683/6437 3768/4619/6437
f 4479/2574/6438 4485/2573/6438 4484/4770/6438
f 2092/2621/6439 2088/4684/6439 2087/4768/6439
f 2092/2621/6440 2087/4768/6440 2111/4771/6440
f 2111/4771/6441 2087/4768/6441 2112/4772/6441
f 4479/2574/6442 4484/4770/6442 4483/2739/6442
f 4481/2629/6443 4479/2574/6443 4483/2739/6443
f 3774/4689/6444 3744/4622/6444 3782/4773/6444
f 4481/2629/6445 4483/2739/6445 4552/2667/6445
f 3782/4773/6446 3744/4622/6446 3659/4623/6446
f 3776/4774/6447 3782/4773/6447 3659/4623/6447
f 3776/4774/6448 3659/4623/6448 3740/4690/6448
f 4482/2630/6449 4552/2667/6449 5101/4775/6449
f 4482/2630/6450 5101/4775/6450 4540/4691/6450
f 3604/4776/6451 3776/4774/6451 3626/4625/6451
f 3776/4774/6452 3740/4690/6452 3626/4625/6452
f 3604/4776/6453 3626/4625/6453 3625/4534/6453
f 4496/4692/6454 4540/4691/6454 4497/4777/6454
f 4496/4692/6455 4497/4777/6455 4493/4626/6455
f 3604/4776/6456 3625/4534/6456 3601/4693/6456
f 4493/4626/6457 4497/4777/6457 4498/2709/6457
f 3600/4778/6458 3604/4776/6458 3601/4693/6458
f 3600/4778/6459 3601/4693/6459 3602/4535/6459
f 4493/4626/6460 4498/2709/6460 4549/2708/6460
f 3603/2669/6461 3600/4778/6461 3602/4535/6461
f 3603/2669/6462 3602/4535/6462 3631/2670/6462
f 4539/2674/6463 4501/2710/6463 4500/4779/6463
f 3738/2672/6464 3603/2669/6464 3640/2673/6464
f 3640/2673/6465 3603/2669/6465 3629/2668/6465
f 4539/2674/6466 4500/4779/6466 4505/4780/6466
f 4539/2674/6467 4505/4780/6467 4506/4781/6467
f 3733/4782/6468 3738/2672/6468 3638/2671/6468
f 4506/4781/6469 4505/4780/6469 4504/4783/6469
f 3733/4782/6470 3638/2671/6470 3639/4628/6470
f 4507/2675/6471 4539/2674/6471 4506/4781/6471
f 4506/4781/6472 4504/4783/6472 4507/2675/6472
f 4507/2675/6473 4504/4783/6473 4508/4784/6473
f 3733/4782/6474 3639/4628/6474 3642/4629/6474
f 4507/2675/6475 4508/4784/6475 4526/4703/6475
f 4508/4784/6476 4510/2712/6476 4511/2711/6476
f 4526/4703/6477 4508/4784/6477 4511/2711/6477
f 4516/2677/6478 4526/4703/6478 4511/2711/6478
f 4513/4785/6479 4511/2711/6479 4512/2713/6479
f 3730/4708/6480 3733/4782/6480 3653/4632/6480
f 3653/4632/6481 3733/4782/6481 3642/4629/6481
f 4516/2677/6482 4511/2711/6482 4515/4786/6482
f 4515/4786/6483 4511/2711/6483 4514/4787/6483
f 4514/4787/6484 4511/2711/6484 4513/4785/6484
f 4530/4788/6485 4512/2713/6485 4523/4789/6485
f 4517/2678/6486 4516/2677/6486 4515/4786/6486
f 4521/4790/6487 4513/4785/6487 4530/4788/6487
f 4513/4785/6488 4512/2713/6488 4530/4788/6488
f 4518/2679/6489 4517/2678/6489 4519/4791/6489
f 4519/4791/6490 4517/2678/6490 4515/4786/6490
f 4519/4791/6491 4515/4786/6491 5121/4792/6491
f 5121/4792/6492 4515/4786/6492 4520/4793/6492
f 4515/4786/6493 4514/4787/6493 4520/4793/6493
f 4520/4793/6494 4514/4787/6494 4527/4794/6494
f 4514/4787/6495 4513/4785/6495 4521/4790/6495
f 4527/4794/6496 4514/4787/6496 4521/4790/6496
f 4530/4788/6497 4523/4789/6497 4956/4795/6497
f 4518/2679/6498 4519/4791/6498 5111/4796/6498
f 795/2681/6499 794/2680/6499 798/2743/6499
f 5111/4796/6500 4519/4791/6500 5112/4797/6500
f 5112/4797/6501 4519/4791/6501 5121/4792/6501
f 5112/4797/6502 5121/4792/6502 5151/4798/6502
f 5121/4792/6503 4520/4793/6503 5075/4799/6503
f 5151/4798/6504 5121/4792/6504 5075/4799/6504
f 4520/4793/6505 4527/4794/6505 5073/4800/6505
f 4527/4794/6506 4521/4790/6506 5047/4801/6506
f 5047/4801/6507 4521/4790/6507 4531/4802/6507
f 4531/4802/6508 4521/4790/6508 4530/4788/6508
f 4531/4802/6509 4530/4788/6509 4532/4803/6509
f 4813/4804/6510 4815/4805/6510 4816/4710/6510
f 4816/4710/6511 4815/4805/6511 4817/4806/6511
f 3731/4807/6512 3730/4708/6512 3729/4709/6512
f 788/2714/6513 795/2681/6513 798/2743/6513
f 5114/4808/6514 5047/4801/6514 4531/4802/6514
f 5305/4716/6515 5306/4809/6515 5307/4810/6515
f 4816/4710/6516 4817/4806/6516 4818/4711/6516
f 4535/4811/6517 5114/4808/6517 4531/4802/6517
f 5382/4812/6518 5384/4813/6518 5383/4814/6518
f 4535/4811/6519 4531/4802/6519 4532/4803/6519
f 4535/4811/6520 4532/4803/6520 4533/4815/6520
f 4533/4815/6521 4532/4803/6521 4530/4788/6521
f 5305/4716/6522 5307/4810/6522 5308/4717/6522
f 5120/4816/6523 4535/4811/6523 4533/4815/6523
f 4533/4815/6524 4530/4788/6524 4534/4714/6524
f 4534/4714/6525 4530/4788/6525 4956/4795/6525
f 4534/4714/6526 4956/4795/6526 4772/4721/6526
f 5120/4816/6527 4533/4815/6527 4537/4719/6527
f 4537/4719/6528 4533/4815/6528 4536/4713/6528
f 4536/4713/6529 4533/4815/6529 4534/4714/6529
f 5002/2718/6530 5120/4816/6530 4537/4719/6530
f 5120/4816/6531 5002/2718/6531 5116/2717/6531
f 5391/4817/6532 5399/4818/6532 5395/4819/6532
f 4999/2716/6533 5002/2718/6533 4996/4723/6533
f 4997/2727/6534 4999/2716/6534 4996/4723/6534
f 4999/2716/6535 4997/2727/6535 5001/2726/6535
f 797/2642/6536 815/2722/6536 822/2685/6536
f 5217/4731/6537 5215/4732/6537 5214/4820/6537
f 4784/4728/6538 4782/4726/6538 5093/4821/6538
f 4782/4726/6539 4780/4727/6539 5093/4821/6539
f 5209/4822/6540 5210/4823/6540 5211/4824/6540
f 5211/4824/6541 5210/4823/6541 5212/4825/6541
f 5211/4824/6542 5212/4825/6542 5213/4826/6542
f 4957/4827/6543 4304/4578/6543 4305/4664/6543
f 5214/4820/6544 5215/4732/6544 5216/4828/6544
f 4438/4734/6545 4568/4733/6545 4572/4829/6545
f 4957/4827/6546 4305/4664/6546 4339/4830/6546
f 4339/4830/6547 4305/4664/6547 4306/4735/6547
f 4434/4736/6548 4438/4734/6548 4422/4831/6548
f 4438/4734/6549 4572/4829/6549 4422/4831/6549
f 4306/4735/6550 4307/4737/6550 4313/4832/6550
f 4313/4832/6551 4307/4737/6551 4342/4741/6551
f 4313/4832/6552 4342/4741/6552 4316/4833/6552
f 4424/4740/6553 4434/4736/6553 4422/4831/6553
f 4423/4834/6554 4424/4740/6554 4422/4831/6554
f 5362/4743/6555 5363/4745/6555 5364/4835/6555
f 4316/4833/6556 4342/4741/6556 5031/4836/6556
f 4425/4668/6557 4424/4740/6557 4423/4834/6557
f 4650/4837/6558 5031/4836/6558 4652/4838/6558
f 4650/4837/6559 4652/4838/6559 4651/4839/6559
f 4425/4668/6560 4423/4834/6560 4426/4840/6560
f 4427/4748/6561 4425/4668/6561 4426/4840/6561
f 4650/4837/6562 4651/4839/6562 4646/4749/6562
f 4650/4837/6563 4646/4749/6563 4645/4752/6563
f 4427/4748/6564 4426/4840/6564 4432/4841/6564
f 4427/4748/6565 4432/4841/6565 4430/4754/6565
f 4642/4842/6566 4645/4752/6566 4644/4751/6566
f 4642/4842/6567 4644/4751/6567 4643/4756/6567
f 4641/4843/6568 4642/4842/6568 4643/4756/6568
f 4442/4757/6569 4430/4754/6569 4451/4844/6569
f 4451/4844/6570 4430/4754/6570 4871/4845/6570
f 4641/4843/6571 4643/4756/6571 4654/4846/6571
f 5378/4847/6572 5379/4848/6572 5380/4849/6572
f 4633/4850/6573 4654/4846/6573 4639/4851/6573
f 4633/4850/6574 4639/4851/6574 4634/4852/6574
f 4570/4675/6575 4452/4674/6575 4442/4757/6575
f 4632/4853/6576 4633/4850/6576 4634/4852/6576
f 3794/4854/6577 3778/4760/6577 3779/4761/6577
f 1676/2694/6578 1685/2729/6578 1696/2748/6578
f 2058/4855/6579 2060/4856/6579 2057/4857/6579
f 2061/2695/6580 2060/4856/6580 2058/4855/6580
f 4464/4678/6581 4465/2649/6581 4466/4858/6581
f 3773/4859/6582 3762/4677/6582 3760/4679/6582
f 2070/2697/6583 2071/2696/6583 2069/2703/6583
f 3773/4859/6584 3760/4679/6584 3761/4611/6584
f 2076/2705/6585 2069/2703/6585 2077/2733/6585
f 2143/4860/6586 2144/2735/6586 2142/2737/6586
f 2143/4860/6587 2142/2737/6587 2140/4766/6587
f 4473/4765/6588 4464/4678/6588 4470/4861/6588
f 4464/4678/6589 4466/4858/6589 4470/4861/6589
f 2081/4764/6590 2076/2705/6590 2084/2736/6590
f 4473/4765/6591 4470/4861/6591 5148/4862/6591
f 3767/4863/6592 3761/4611/6592 3764/4615/6592
f 2158/4864/6593 2140/4766/6593 2133/4767/6593
f 2081/4764/6594 2084/2736/6594 2089/4865/6594
f 2087/4768/6595 2081/4764/6595 2089/4865/6595
f 5339/4769/6596 5340/4682/6596 5341/4866/6596
f 3767/4863/6597 3764/4615/6597 3766/4683/6597
f 2133/4767/6598 2131/4685/6598 2134/4867/6598
f 2087/4768/6599 2089/4865/6599 2106/4868/6599
f 2087/4768/6600 2106/4868/6600 2112/4772/6600
f 2130/2666/6601 2134/4867/6601 2131/4685/6601
f 3781/4869/6602 3769/4686/6602 3775/4687/6602
f 4484/4770/6603 5148/4862/6603 4483/2739/6603
f 3781/4869/6604 3775/4687/6604 3754/4525/6604
f 3783/4870/6605 3781/4869/6605 3754/4525/6605
f 3783/4870/6606 3754/4525/6606 3774/4689/6606
f 3782/4773/6607 3783/4870/6607 3774/4689/6607
f 3795/4871/6608 3782/4773/6608 3776/4774/6608
f 5101/4775/6609 4673/4872/6609 4803/4873/6609
f 4540/4691/6610 5101/4775/6610 4803/4873/6610
f 4788/4874/6611 5153/4875/6611 4719/4876/6611
f 4718/4877/6612 4788/4874/6612 4719/4876/6612
f 4540/4691/6613 4803/4873/6613 4497/4777/6613
f 4717/4878/6614 4718/4877/6614 4719/4876/6614
f 4498/2709/6615 4497/4777/6615 4499/4879/6615
f 3758/4880/6616 3759/4881/6616 3600/4778/6616
f 3759/4881/6617 3604/4776/6617 3600/4778/6617
f 4499/4879/6618 4502/4882/6618 4500/4779/6618
f 4498/2709/6619 4499/4879/6619 4500/4779/6619
f 3758/4880/6620 3600/4778/6620 3603/2669/6620
f 4501/2710/6621 4498/2709/6621 4500/4779/6621
f 4500/4779/6622 4502/4882/6622 4503/4883/6622
f 3737/4884/6623 3758/4880/6623 3603/2669/6623
f 4504/4783/6624 4500/4779/6624 4503/4883/6624
f 3734/4885/6625 3737/4884/6625 3738/2672/6625
f 3737/4884/6626 3603/2669/6626 3738/2672/6626
f 4500/4779/6627 4504/4783/6627 4505/4780/6627
f 4504/4783/6628 4503/4883/6628 4528/2741/6628
f 4509/2740/6629 4504/4783/6629 4528/2741/6629
f 3734/4885/6630 3738/2672/6630 3733/4782/6630
f 3732/4886/6631 3734/4885/6631 3733/4782/6631
f 4504/4783/6632 4509/2740/6632 4508/4784/6632
f 4508/4784/6633 4509/2740/6633 4510/2712/6633
f 4510/2712/6634 4509/2740/6634 4522/4887/6634
f 4522/4887/6635 4509/2740/6635 4524/2742/6635
f 4522/4887/6636 4524/2742/6636 4525/4888/6636
f 4510/2712/6637 4522/4887/6637 4512/2713/6637
f 3730/4708/6638 3732/4886/6638 3733/4782/6638
f 4512/2713/6639 4522/4887/6639 4523/4789/6639
f 4523/4789/6640 4522/4887/6640 4525/4888/6640
f 4815/4805/6641 4814/4889/6641 5033/4890/6641
f 5033/4890/6642 5149/4891/6642 4817/4806/6642
f 3731/4807/6643 3732/4886/6643 3730/4708/6643
f 4523/4789/6644 4525/4888/6644 4813/4804/6644
f 4813/4804/6645 4525/4888/6645 4814/4889/6645
f 4815/4805/6646 5033/4890/6646 4817/4806/6646
f 4813/4804/6647 4814/4889/6647 4815/4805/6647
f 4956/4795/6648 4523/4789/6648 4813/4804/6648
f 5151/4798/6649 5075/4799/6649 5091/4892/6649
f 5091/4892/6650 5075/4799/6650 5076/4893/6650
f 5075/4799/6651 4520/4793/6651 5074/4894/6651
f 5076/4893/6652 5075/4799/6652 5074/4894/6652
f 5074/4894/6653 4520/4793/6653 5073/4800/6653
f 5113/4895/6654 5111/4796/6654 5112/4797/6654
f 5073/4800/6655 4527/4794/6655 5167/4896/6655
f 4527/4794/6656 5047/4801/6656 5167/4896/6656
f 5167/4896/6657 5047/4801/6657 5114/4808/6657
f 5381/4897/6658 5382/4812/6658 5383/4814/6658
f 5084/4898/6659 5167/4896/6659 5085/4899/6659
f 5083/4900/6660 5085/4899/6660 5087/4901/6660
f 5084/4898/6661 5085/4899/6661 5083/4900/6661
f 5383/4814/6662 5384/4813/6662 5385/4902/6662
f 5087/4901/6663 5085/4899/6663 5120/4816/6663
f 5391/4817/6664 5392/4903/6664 5387/4904/6664
f 5391/4817/6665 5387/4904/6665 5386/4905/6665
f 5386/4905/6666 5387/4904/6666 5388/4906/6666
f 5392/4903/6667 5391/4817/6667 5393/2747/6667
f 5399/4818/6668 5391/4817/6668 5386/4905/6668
f 5386/4905/6669 5388/4906/6669 5389/4907/6669
f 5393/2747/6670 5391/4817/6670 5395/4819/6670
f 5399/4818/6671 5386/4905/6671 5390/4908/6671
f 5406/4909/6672 5407/4910/6672 5408/4911/6672
f 5390/4908/6673 5386/4905/6673 5389/4907/6673
f 783/2639/6674 793/2715/6674 799/2719/6674
f 5397/2745/6675 5393/2747/6675 5396/4912/6675
f 5396/4912/6676 5393/2747/6676 5395/4819/6676
f 5409/4913/6677 5406/4909/6677 5408/4911/6677
f 804/2720/6678 799/2719/6678 807/2772/6678
f 804/2720/6679 807/2772/6679 816/2723/6679
f 804/2720/6680 816/2723/6680 815/2722/6680
f 5401/2724/6681 5397/2745/6681 5400/2725/6681
f 5397/2745/6682 5396/4912/6682 5400/2725/6682
f 5409/4913/6683 5408/4911/6683 5410/4914/6683
f 5067/4915/6684 5093/4821/6684 4337/4916/6684
f 5093/4821/6685 4325/4917/6685 4324/4918/6685
f 4572/4829/6686 4568/4733/6686 5067/4915/6686
f 4572/4829/6687 5067/4915/6687 4329/4919/6687
f 4325/4917/6688 4957/4827/6688 4321/4920/6688
f 4321/4920/6689 4957/4827/6689 4339/4830/6689
f 4422/4831/6690 4572/4829/6690 4420/4921/6690
f 4572/4829/6691 4329/4919/6691 4420/4921/6691
f 4339/4830/6692 4306/4735/6692 4315/4922/6692
f 4315/4922/6693 4306/4735/6693 4313/4832/6693
f 4423/4834/6694 4422/4831/6694 4421/4923/6694
f 4421/4923/6695 4422/4831/6695 4420/4921/6695
f 4315/4922/6696 4313/4832/6696 4316/4833/6696
f 4423/4834/6697 4421/4923/6697 4433/4924/6697
f 4433/4924/6698 4421/4923/6698 4799/4925/6698
f 5358/4926/6699 5359/4927/6699 5360/4928/6699
f 5360/4928/6700 5359/4927/6700 5361/4929/6700
f 4426/4840/6701 4423/4834/6701 4433/4924/6701
f 4426/4840/6702 4433/4924/6702 4859/4930/6702
f 4432/4841/6703 4426/4840/6703 4859/4930/6703
f 4983/4931/6704 4650/4837/6704 4653/4932/6704
f 4653/4932/6705 4650/4837/6705 4645/4752/6705
f 4983/4931/6706 4653/4932/6706 4861/4933/6706
f 4653/4932/6707 4645/4752/6707 4642/4842/6707
f 5282/4934/6708 5283/4935/6708 5284/4936/6708
f 4653/4932/6709 4642/4842/6709 4640/4937/6709
f 4640/4937/6710 4642/4842/6710 4641/4843/6710
f 5285/4938/6711 5282/4934/6711 5284/4936/6711
f 4430/4754/6712 4432/4841/6712 4871/4845/6712
f 4640/4937/6713 4641/4843/6713 4637/4939/6713
f 4637/4939/6714 4641/4843/6714 4654/4846/6714
f 4635/4940/6715 4637/4939/6715 4654/4846/6715
f 4635/4940/6716 4654/4846/6716 4633/4850/6716
f 4442/4757/6717 4451/4844/6717 5143/4941/6717
f 5143/4941/6718 4451/4844/6718 4871/4845/6718
f 4570/4675/6719 4442/4757/6719 5143/4941/6719
f 4626/4942/6720 4635/4940/6720 4633/4850/6720
f 4626/4942/6721 4633/4850/6721 4632/4853/6721
f 4570/4675/6722 5143/4941/6722 4469/4762/6722
f 5143/4941/6723 4471/4943/6723 4469/4762/6723
f 3793/4944/6724 3794/4854/6724 3779/4761/6724
f 4465/2649/6725 4469/4762/6725 4467/4945/6725
f 4469/4762/6726 4471/4943/6726 4467/4945/6726
f 3793/4944/6727 3779/4761/6727 3777/4763/6727
f 2057/4857/6728 2053/4946/6728 2056/2775/6728
f 3773/4859/6729 3777/4763/6729 3762/4677/6729
f 2072/2754/6730 2061/2695/6730 2058/4855/6730
f 2181/2774/6731 2173/2751/6731 2172/2753/6731
f 2071/2696/6732 2061/2695/6732 2072/2754/6732
f 2071/2696/6733 2072/2754/6733 2077/2733/6733
f 4465/2649/6734 4467/4945/6734 4466/4858/6734
f 4466/4858/6735 4467/4945/6735 4468/4947/6735
f 2150/2780/6736 2152/2756/6736 2151/2734/6736
f 2150/2780/6737 2151/2734/6737 2144/2735/6737
f 2144/2735/6738 2143/4860/6738 2149/4948/6738
f 2150/2780/6739 2144/2735/6739 2149/4948/6739
f 2084/2736/6740 2077/2733/6740 2082/2755/6740
f 2084/2736/6741 2082/2755/6741 2090/4949/6741
f 2149/4948/6742 2143/4860/6742 2156/4950/6742
f 4470/4861/6743 4466/4858/6743 4563/4951/6743
f 3771/4952/6744 3773/4859/6744 3761/4611/6744
f 2143/4860/6745 2140/4766/6745 2156/4950/6745
f 2156/4950/6746 2140/4766/6746 2158/4864/6746
f 3771/4952/6747 3761/4611/6747 3767/4863/6747
f 2089/4865/6748 2084/2736/6748 2090/4949/6748
f 2089/4865/6749 2090/4949/6749 2100/4953/6749
f 2089/4865/6750 2100/4953/6750 2110/4954/6750
f 3770/4955/6751 3771/4952/6751 3767/4863/6751
f 2106/4868/6752 2089/4865/6752 2110/4954/6752
f 4470/4861/6753 4563/4951/6753 5148/4862/6753
f 3770/4955/6754 3767/4863/6754 3766/4683/6754
f 3770/4955/6755 3766/4683/6755 3769/4686/6755
f 5148/4862/6756 4670/2783/6756 4800/2738/6756
f 3781/4869/6757 3770/4955/6757 3769/4686/6757
f 4483/2739/6758 5148/4862/6758 4800/2738/6758
f 5344/4956/6759 5345/4957/6759 5346/4958/6759
f 3795/4871/6760 3783/4870/6760 3782/4773/6760
f 5344/4956/6761 5346/4958/6761 5347/4959/6761
f 5348/4960/6762 5344/4956/6762 5347/4959/6762
f 4788/4874/6763 4664/4961/6763 5153/4875/6763
f 4803/4873/6764 4673/4872/6764 4674/4962/6764
f 4718/4877/6765 4715/4963/6765 4788/4874/6765
f 4803/4873/6766 4674/4962/6766 5103/2761/6766
f 4803/4873/6767 5103/2761/6767 4497/4777/6767
f 4497/4777/6768 5103/2761/6768 4561/2760/6768
f 4716/4964/6769 4715/4963/6769 4717/4878/6769
f 4715/4963/6770 4718/4877/6770 4717/4878/6770
f 4497/4777/6771 4561/2760/6771 4499/4879/6771
f 4724/4965/6772 4702/4966/6772 4716/4964/6772
f 4499/4879/6773 4561/2760/6773 4529/4967/6773
f 4529/4967/6774 4561/2760/6774 4777/2762/6774
f 4724/4965/6775 4716/4964/6775 4721/4968/6775
f 4721/4968/6776 4716/4964/6776 4717/4878/6776
f 4499/4879/6777 4529/4967/6777 4502/4882/6777
f 4721/4968/6778 4717/4878/6778 4722/4969/6778
f 4502/4882/6779 4529/4967/6779 4503/4883/6779
f 4503/4883/6780 4529/4967/6780 4574/4970/6780
f 5117/4971/6781 4721/4968/6781 4723/4972/6781
f 4723/4972/6782 4721/4968/6782 4722/4969/6782
f 4503/4883/6783 4574/4970/6783 5166/2763/6783
f 3736/4973/6784 3737/4884/6784 3734/4885/6784
f 3736/4973/6785 3734/4885/6785 3735/4974/6785
f 4528/2741/6786 4503/4883/6786 5166/2763/6786
f 5166/2763/6787 4778/2765/6787 4524/2742/6787
f 3735/4974/6788 3734/4885/6788 3732/4886/6788
f 4528/2741/6789 5166/2763/6789 4524/2742/6789
f 4524/2742/6790 4778/2765/6790 4525/4888/6790
f 5301/4975/6791 5303/4976/6791 5302/4977/6791
f 5300/4978/6792 5301/4975/6792 5302/4977/6792
f 4712/4979/6793 4714/4980/6793 5033/4890/6793
f 5300/4978/6794 5302/4977/6794 5304/4981/6794
f 5033/4890/6795 4714/4980/6795 5149/4891/6795
f 5415/4982/6796 5416/4983/6796 5417/4984/6796
f 5164/4985/6797 5151/4798/6797 5091/4892/6797
f 5074/4894/6798 5073/4800/6798 5090/4986/6798
f 5073/4800/6799 5167/4896/6799 5090/4986/6799
f 5082/4987/6800 5167/4896/6800 5084/4898/6800
f 5090/4986/6801 5167/4896/6801 5082/4987/6801
f 5082/4987/6802 5084/4898/6802 5083/4900/6802
f 5082/4987/6803 5083/4900/6803 5081/4988/6803
f 793/2715/6804 792/2744/6804 802/2769/6804
f 5392/4903/6805 5393/2747/6805 5394/4989/6805
f 5398/2746/6806 5394/4989/6806 5393/2747/6806
f 5405/4990/6807 5398/2746/6807 5397/2745/6807
f 5401/2724/6808 5405/4990/6808 5397/2745/6808
f 4337/4916/6809 5093/4821/6809 4324/4918/6809
f 4324/4918/6810 4325/4917/6810 4321/4920/6810
f 4320/4991/6811 4337/4916/6811 4324/4918/6811
f 4329/4919/6812 5067/4915/6812 4337/4916/6812
f 4329/4919/6813 4337/4916/6813 4326/4992/6813
f 4329/4919/6814 4326/4992/6814 4328/4993/6814
f 4324/4918/6815 4321/4920/6815 4320/4991/6815
f 4320/4991/6816 4321/4920/6816 4318/4994/6816
f 4318/4994/6817 4321/4920/6817 4339/4830/6817
f 4421/4923/6818 4420/4921/6818 4338/4995/6818
f 4338/4995/6819 4420/4921/6819 4329/4919/6819
f 4318/4994/6820 4339/4830/6820 4315/4922/6820
f 4318/4994/6821 4315/4922/6821 4317/4996/6821
f 4317/4996/6822 4315/4922/6822 4316/4833/6822
f 4799/4925/6823 4421/4923/6823 4338/4995/6823
f 4323/4997/6824 4317/4996/6824 4316/4833/6824
f 4323/4997/6825 4316/4833/6825 4983/4931/6825
f 5238/4998/6826 5235/4999/6826 5240/5000/6826
f 5246/5001/6827 5247/5002/6827 5248/5003/6827
f 5249/5004/6828 5246/5001/6828 5248/5003/6828
f 4861/4933/6829 5163/5005/6829 4983/4931/6829
f 4793/2793/6830 4859/4930/6830 4797/5006/6830
f 4861/4933/6831 4653/4932/6831 4638/5007/6831
f 4796/5008/6832 4859/4930/6832 4793/2793/6832
f 4638/5007/6833 4653/4932/6833 4640/4937/6833
f 4638/5007/6834 4640/4937/6834 4637/4939/6834
f 4871/4845/6835 4796/5008/6835 4794/5009/6835
f 4636/5010/6836 4638/5007/6836 4637/4939/6836
f 4636/5010/6837 4637/4939/6837 4635/4940/6837
f 4871/4845/6838 4794/5009/6838 5144/5011/6838
f 5143/4941/6839 4871/4845/6839 5144/5011/6839
f 4636/5010/6840 4635/4940/6840 4626/4942/6840
f 5143/4941/6841 5144/5011/6841 4733/2796/6841
f 4631/5012/6842 4626/4942/6842 4632/4853/6842
f 4471/4943/6843 5143/4941/6843 4733/2796/6843
f 4656/5013/6844 4631/5012/6844 4632/4853/6844
f 2053/4946/6845 2054/5014/6845 2055/5015/6845
f 2056/2775/6846 2053/4946/6846 2055/5015/6846
f 2196/5016/6847 2186/2752/6847 2181/2774/6847
f 2058/4855/6848 2057/4857/6848 2056/2775/6848
f 3792/5017/6849 3777/4763/6849 3773/4859/6849
f 3793/4944/6850 3777/4763/6850 3792/5017/6850
f 2072/2754/6851 2058/4855/6851 2079/2777/6851
f 2079/2777/6852 2058/4855/6852 2056/2775/6852
f 2154/5018/6853 2181/2774/6853 2152/2756/6853
f 2154/5018/6854 2152/2756/6854 2153/5019/6854
f 2072/2754/6855 2079/2777/6855 2082/2755/6855
f 2082/2755/6856 2079/2777/6856 2085/5020/6856
f 2153/5019/6857 2152/2756/6857 2150/2780/6857
f 2153/5019/6858 2150/2780/6858 2157/2779/6858
f 2085/5020/6859 2091/5021/6859 2098/5022/6859
f 2090/4949/6860 2082/2755/6860 2085/5020/6860
f 3867/5023/6861 3868/5024/6861 3869/5025/6861
f 2090/4949/6862 2085/5020/6862 2099/5026/6862
f 2085/5020/6863 2098/5022/6863 2099/5026/6863
f 2099/5026/6864 2098/5022/6864 2103/5027/6864
f 2099/5026/6865 2103/5027/6865 2109/5028/6865
f 3792/5017/6866 3773/4859/6866 3771/4952/6866
f 4623/5029/6867 4625/5030/6867 4624/5031/6867
f 2099/5026/6868 2109/5028/6868 2101/5032/6868
f 4466/4858/6869 4468/4947/6869 4563/4951/6869
f 4563/4951/6870 4468/4947/6870 4825/2781/6870
f 2090/4949/6871 2099/5026/6871 2101/5032/6871
f 2100/4953/6872 2090/4949/6872 2101/5032/6872
f 5072/5033/6873 4624/5031/6873 4657/5034/6873
f 4657/5034/6874 4624/5031/6874 4625/5030/6874
f 4657/5034/6875 4625/5030/6875 4658/5035/6875
f 5311/2759/6876 5312/2758/6876 5313/5036/6876
f 5072/5033/6877 4657/5034/6877 4660/5037/6877
f 4657/5034/6878 4658/5035/6878 4659/5038/6878
f 4660/5037/6879 4657/5034/6879 4659/5038/6879
f 4661/5039/6880 4660/5037/6880 4659/5038/6880
f 4662/5040/6881 4661/5039/6881 4659/5038/6881
f 4662/5040/6882 4659/5038/6882 4663/5041/6882
f 4662/5040/6883 4663/5041/6883 4664/4961/6883
f 4662/5040/6884 4664/4961/6884 4665/5042/6884
f 4673/4872/6885 4672/2786/6885 4671/2785/6885
f 4665/5042/6886 4664/4961/6886 4788/4874/6886
f 4673/4872/6887 4671/2785/6887 4674/4962/6887
f 5326/5043/6888 5325/5044/6888 5327/5045/6888
f 4715/4963/6889 4720/5046/6889 4788/4874/6889
f 5290/5047/6890 5286/5048/6890 5289/5049/6890
f 5289/5049/6891 5286/5048/6891 5288/5050/6891
f 4777/2762/6892 4581/5051/6892 4731/5052/6892
f 4700/5053/6893 4720/5046/6893 4715/4963/6893
f 4702/4966/6894 4700/5053/6894 4715/4963/6894
f 4777/2762/6895 4731/5052/6895 4575/5054/6895
f 4702/4966/6896 4715/4963/6896 4716/4964/6896
f 4713/5055/6897 4702/4966/6897 4724/4965/6897
f 4529/4967/6898 4777/2762/6898 4575/5054/6898
f 4529/4967/6899 4575/5054/6899 4574/4970/6899
f 4713/5055/6900 4724/4965/6900 5117/4971/6900
f 5117/4971/6901 4724/4965/6901 4721/4968/6901
f 4709/5056/6902 4713/5055/6902 5117/4971/6902
f 4574/4970/6903 5157/2787/6903 5166/2763/6903
f 5166/2763/6904 5157/2787/6904 5124/2764/6904
f 5157/2787/6905 4711/2789/6905 5124/2764/6905
f 4714/4980/6906 4709/5056/6906 5117/4971/6906
f 4710/5057/6907 4706/5058/6907 4708/5059/6907
f 4710/5057/6908 4708/5059/6908 4712/4979/6908
f 4708/5059/6909 4709/5056/6909 4714/4980/6909
f 4778/2765/6910 5124/2764/6910 4711/2789/6910
f 4778/2765/6911 4711/2789/6911 4710/5057/6911
f 4778/2765/6912 4710/5057/6912 4712/4979/6912
f 4712/4979/6913 4708/5059/6913 4714/4980/6913
f 5089/5060/6914 5164/4985/6914 5091/4892/6914
f 5091/4892/6915 5076/4893/6915 5077/5061/6915
f 5089/5060/6916 5091/4892/6916 5077/5061/6916
f 5076/4893/6917 5074/4894/6917 5077/5061/6917
f 5078/5062/6918 5074/4894/6918 5090/4986/6918
f 5077/5061/6919 5074/4894/6919 5078/5062/6919
f 5078/5062/6920 5090/4986/6920 5082/4987/6920
f 5078/5062/6921 5082/4987/6921 5081/4988/6921
f 5080/5063/6922 5078/5062/6922 5081/4988/6922
f 5080/5063/6923 5081/4988/6923 5086/5064/6923
f 800/2771/6924 801/2770/6924 813/2773/6924
f 801/2770/6925 821/5065/6925 813/2773/6925
f 5088/5066/6926 5080/5063/6926 5086/5064/6926
f 4326/4992/6927 4337/4916/6927 4320/4991/6927
f 4338/4995/6928 4329/4919/6928 4328/4993/6928
f 4320/4991/6929 4318/4994/6929 4319/5067/6929
f 4319/5067/6930 4318/4994/6930 4317/4996/6930
f 4327/5068/6931 4338/4995/6931 4328/4993/6931
f 4319/5067/6932 4317/4996/6932 4323/4997/6932
f 5098/5069/6933 4338/4995/6933 4327/5068/6933
f 4799/4925/6934 4338/4995/6934 5098/5069/6934
f 4797/5006/6935 4799/4925/6935 4798/5070/6935
f 4798/5070/6936 4799/4925/6936 5098/5069/6936
f 5237/5071/6937 5235/4999/6937 5238/4998/6937
f 4797/5006/6938 4798/5070/6938 4792/2791/6938
f 5237/5071/6939 5238/4998/6939 5239/5072/6939
f 4793/2793/6940 4797/5006/6940 4792/2791/6940
f 5237/5071/6941 5239/5072/6941 5241/5073/6941
f 5065/5074/6942 4861/4933/6942 4638/5007/6942
f 4794/5009/6943 4796/5008/6943 4793/2793/6943
f 4794/5009/6944 4793/2793/6944 4791/2792/6944
f 5159/5075/6945 4794/5009/6945 4791/2792/6945
f 4744/5076/6946 5065/5074/6946 4638/5007/6946
f 4744/5076/6947 4638/5007/6947 4636/5010/6947
f 4744/5076/6948 4636/5010/6948 4626/4942/6948
f 5144/5011/6949 4794/5009/6949 5159/5075/6949
f 5144/5011/6950 5159/5075/6950 4733/2796/6950
f 4620/5077/6951 4626/4942/6951 4631/5012/6951
f 4620/5077/6952 4631/5012/6952 4656/5013/6952
f 4471/4943/6953 4733/2796/6953 4562/2797/6953
f 2957/5078/6954 2958/5079/6954 2959/5080/6954
f 2960/5081/6955 2957/5078/6955 2959/5080/6955
f 2056/2775/6956 2055/5015/6956 2059/5082/6956
f 2959/5080/6957 2958/5079/6957 2961/5083/6957
f 4467/4945/6958 4471/4943/6958 4562/2797/6958
f 4623/5029/6959 4620/5077/6959 4656/5013/6959
f 2056/2775/6960 2059/5082/6960 2080/2776/6960
f 4468/4947/6961 4467/4945/6961 4562/2797/6961
f 2959/5080/6962 2961/5083/6962 2962/5084/6962
f 2085/5020/6963 2079/2777/6963 2080/2776/6963
f 4622/5085/6964 4620/5077/6964 4623/5029/6964
f 2085/5020/6965 2080/2776/6965 2091/5021/6965
f 2091/5021/6966 2080/2776/6966 2094/5086/6966
f 2153/5019/6967 2157/2779/6967 2160/5087/6967
f 2094/5086/6968 2105/5088/6968 2113/5089/6968
f 2098/5022/6969 2091/5021/6969 2094/5086/6969
f 2098/5022/6970 2094/5086/6970 2103/5027/6970
f 2103/5027/6971 2094/5086/6971 2113/5089/6971
f 4624/5031/6972 4622/5085/6972 4623/5029/6972
f 4825/2781/6973 4468/4947/6973 4562/2797/6973
f 4655/5090/6974 4622/5085/6974 4624/5031/6974
f 4655/5090/6975 4624/5031/6975 5072/5033/6975
f 5068/5091/6976 5072/5033/6976 4660/5037/6976
f 5068/5091/6977 4660/5037/6977 4661/5039/6977
f 4681/5092/6978 4661/5039/6978 4665/5042/6978
f 4681/5092/6979 4665/5042/6979 5110/5093/6979
f 4665/5042/6980 4661/5039/6980 4662/5040/6980
f 4671/2785/6981 4587/2784/6981 4588/5094/6981
f 5323/5095/6982 5324/5096/6982 5325/5044/6982
f 5323/5095/6983 5325/5044/6983 5326/5043/6983
f 4671/2785/6984 4588/5094/6984 4729/5097/6984
f 4674/4962/6985 4671/2785/6985 4729/5097/6985
f 5286/5048/6986 5287/5098/6986 5288/5050/6986
f 4696/5099/6987 4725/5100/6987 4700/5053/6987
f 4700/5053/6988 4725/5100/6988 4720/5046/6988
f 4697/5101/6989 4696/5099/6989 4700/5053/6989
f 4731/5052/6990 4581/5051/6990 4579/5102/6990
f 4697/5101/6991 4700/5053/6991 4702/4966/6991
f 4698/5103/6992 4697/5101/6992 4699/5104/6992
f 4699/5104/6993 4697/5101/6993 4702/4966/6993
f 4575/5054/6994 4731/5052/6994 4579/5102/6994
f 4575/5054/6995 4579/5102/6995 4577/5105/6995
f 4577/5105/6996 4578/5106/6996 4576/5107/6996
f 4703/5108/6997 4699/5104/6997 4702/4966/6997
f 4576/5107/6998 4578/5106/6998 4732/2788/6998
f 4703/5108/6999 4702/4966/6999 4713/5055/6999
f 4575/5054/7000 4577/5105/7000 4576/5107/7000
f 4575/5054/7001 4576/5107/7001 4574/4970/7001
f 4574/4970/7002 4576/5107/7002 4732/2788/7002
f 4704/5109/7003 4703/5108/7003 4705/5110/7003
f 4705/5110/7004 4703/5108/7004 4713/5055/7004
f 4574/4970/7005 4732/2788/7005 5157/2787/7005
f 4732/2788/7006 4707/5111/7006 4706/5058/7006
f 4706/5058/7007 4707/5111/7007 4704/5109/7007
f 4704/5109/7008 4705/5110/7008 4706/5058/7008
f 4705/5110/7009 4713/5055/7009 4709/5056/7009
f 4711/2789/7010 4732/2788/7010 4706/5058/7010
f 4711/2789/7011 4706/5058/7011 4710/5057/7011
f 4706/5058/7012 4705/5110/7012 4708/5059/7012
f 4708/5059/7013 4705/5110/7013 4709/5056/7013
f 809/2767/7014 820/5112/7014 806/5113/7014
f 805/2790/7015 809/2767/7015 806/5113/7015
f 5079/5114/7016 5089/5060/7016 5077/5061/7016
f 5079/5114/7017 5077/5061/7017 5078/5062/7017
f 5079/5114/7018 5078/5062/7018 5080/5063/7018
f 801/2770/7019 805/2790/7019 806/5113/7019
f 801/2770/7020 806/5113/7020 821/5065/7020
f 4328/4993/7021 4326/4992/7021 4327/5068/7021
f 4326/4992/7022 4320/4991/7022 4322/5115/7022
f 4322/5115/7023 4320/4991/7023 4319/5067/7023
f 4327/5068/7024 4326/4992/7024 4322/5115/7024
f 4330/5116/7025 4322/5115/7025 4331/5117/7025
f 4322/5115/7026 4319/5067/7026 5052/5118/7026
f 4331/5117/7027 4322/5115/7027 5052/5118/7027
f 5052/5118/7028 4319/5067/7028 4323/4997/7028
f 5098/5069/7029 4327/5068/7029 4335/5119/7029
f 4327/5068/7030 4322/5115/7030 4330/5116/7030
f 4335/5119/7031 4327/5068/7031 4330/5116/7031
f 5234/5120/7032 5235/4999/7032 5236/5121/7032
f 5236/5121/7033 5235/4999/7033 5237/5071/7033
f 4332/5122/7034 4330/5116/7034 4331/5117/7034
f 4335/5119/7035 4330/5116/7035 4334/5123/7035
f 4333/5124/7036 4331/5117/7036 5052/5118/7036
f 4334/5123/7037 4330/5116/7037 4332/5122/7037
f 4332/5122/7038 4331/5117/7038 4333/5124/7038
f 4737/5125/7039 4739/5126/7039 4740/5127/7039
f 4792/2791/7040 4798/5070/7040 5098/5069/7040
f 5220/5128/7041 5221/5129/7041 5222/5130/7041
f 4738/5131/7042 5052/5118/7042 4739/5126/7042
f 4738/5131/7043 4739/5126/7043 4737/5125/7043
f 4792/2791/7044 5098/5069/7044 4789/5132/7044
f 5098/5069/7045 4335/5119/7045 4789/5132/7045
f 4335/5119/7046 4334/5123/7046 4789/5132/7046
f 4737/5125/7047 4740/5127/7047 4741/5133/7047
f 4741/5133/7048 4740/5127/7048 5065/5074/7048
f 4792/2791/7049 4789/5132/7049 4791/2792/7049
f 4791/2792/7050 4789/5132/7050 4790/2805/7050
f 4737/5125/7051 4741/5133/7051 4736/5134/7051
f 4741/5133/7052 5065/5074/7052 4736/5134/7052
f 4736/5134/7053 5065/5074/7053 4744/5076/7053
f 5159/5075/7054 4791/2792/7054 5169/2807/7054
f 5169/2807/7055 4791/2792/7055 4795/2806/7055
f 4736/5134/7056 4744/5076/7056 4629/5135/7056
f 4629/5135/7057 4744/5076/7057 4626/4942/7057
f 5159/5075/7058 5169/2807/7058 4774/2794/7058
f 4627/5136/7059 4629/5135/7059 4626/4942/7059
f 4733/2796/7060 5159/5075/7060 4774/2794/7060
f 4621/5137/7061 4627/5136/7061 4626/4942/7061
f 4621/5137/7062 4626/4942/7062 4620/5077/7062
f 5263/5138/7063 5264/5139/7063 5265/5140/7063
f 4619/5141/7064 4621/5137/7064 4620/5077/7064
f 2080/2776/7065 2059/5082/7065 2095/5142/7065
f 2095/5142/7066 2059/5082/7066 2107/5143/7066
f 2095/5142/7067 2107/5143/7067 2114/5144/7067
f 4619/5141/7068 4620/5077/7068 4618/5145/7068
f 2094/5086/7069 2080/2776/7069 2095/5142/7069
f 2094/5086/7070 2095/5142/7070 2105/5088/7070
f 2105/5088/7071 2095/5142/7071 2114/5144/7071
f 4618/5145/7072 4620/5077/7072 4622/5085/7072
f 5266/2799/7073 5263/5138/7073 5265/5140/7073
f 5266/2799/7074 5265/5140/7074 5267/2800/7074
f 4668/2801/7075 4596/5146/7075 4593/5147/7075
f 4617/5148/7076 4618/5145/7076 4655/5090/7076
f 4618/5145/7077 4622/5085/7077 4655/5090/7077
f 5068/5091/7078 4617/5148/7078 4655/5090/7078
f 5068/5091/7079 4655/5090/7079 5072/5033/7079
f 4590/2782/7080 4668/2801/7080 4591/5149/7080
f 4989/5150/7081 4617/5148/7081 5068/5091/7081
f 4590/2782/7082 4591/5149/7082 4589/5151/7082
f 5295/5152/7083 5296/5153/7083 5297/5154/7083
f 5297/5154/7084 5296/5153/7084 5298/5155/7084
f 4587/2784/7085 4590/2782/7085 4589/5151/7085
f 5104/5156/7086 4675/5157/7086 4616/5158/7086
f 4681/5092/7087 5068/5091/7087 4661/5039/7087
f 4587/2784/7088 4589/5151/7088 4586/5159/7088
f 4586/5159/7089 4589/5151/7089 4675/5157/7089
f 5274/5160/7090 5275/5161/7090 5276/5162/7090
f 5295/5152/7091 5297/5154/7091 5299/5163/7091
f 4586/5159/7092 4675/5157/7092 4585/5164/7092
f 4829/5165/7093 4982/5166/7093 4827/5167/7093
f 4827/5167/7094 4982/5166/7094 5123/5168/7094
f 5123/5168/7095 5040/5169/7095 5064/5170/7095
f 5064/5170/7096 5040/5169/7096 5042/5171/7096
f 5040/5169/7097 5041/5172/7097 5042/5171/7097
f 5042/5171/7098 5041/5172/7098 5110/5093/7098
f 4585/5164/7099 4675/5157/7099 5104/5156/7099
f 4680/5173/7100 5104/5156/7100 4829/5165/7100
f 4827/5167/7101 5123/5168/7101 5064/5170/7101
f 4680/5173/7102 4829/5165/7102 4827/5167/7102
f 4587/2784/7103 4586/5159/7103 4584/5174/7103
f 4586/5159/7104 4585/5164/7104 4584/5174/7104
f 4583/5175/7105 4585/5164/7105 5104/5156/7105
f 4680/5173/7106 4827/5167/7106 4679/5176/7106
f 4679/5176/7107 4827/5167/7107 4683/5177/7107
f 4827/5167/7108 5064/5170/7108 4686/5178/7108
f 4686/5178/7109 5064/5170/7109 5115/5179/7109
f 4588/5094/7110 4587/2784/7110 4584/5174/7110
f 4584/5174/7111 4585/5164/7111 4583/5175/7111
f 4683/5177/7112 4827/5167/7112 4686/5178/7112
f 5269/5180/7113 5270/5181/7113 5271/5182/7113
f 5271/5182/7114 5270/5181/7114 5272/5183/7114
f 5271/5182/7115 5272/5183/7115 5273/5184/7115
f 4583/5175/7116 5104/5156/7116 4680/5173/7116
f 4583/5175/7117 4680/5173/7117 4678/5185/7117
f 4680/5173/7118 4679/5176/7118 4678/5185/7118
f 4686/5178/7119 5115/5179/7119 4689/5186/7119
f 4689/5186/7120 5115/5179/7120 4727/5187/7120
f 4727/5187/7121 5110/5093/7121 4725/5100/7121
f 4584/5174/7122 4583/5175/7122 4582/5188/7122
f 4678/5185/7123 4679/5176/7123 4677/5189/7123
f 4677/5189/7124 4679/5176/7124 4682/5190/7124
f 4679/5176/7125 4683/5177/7125 4682/5190/7125
f 4682/5190/7126 4683/5177/7126 4684/5191/7126
f 4683/5177/7127 4686/5178/7127 4685/5192/7127
f 4685/5192/7128 4686/5178/7128 4687/5193/7128
f 4686/5178/7129 4689/5186/7129 4688/5194/7129
f 4687/5193/7130 4686/5178/7130 4688/5194/7130
f 4689/5186/7131 4727/5187/7131 4691/5195/7131
f 4582/5188/7132 4583/5175/7132 4580/5196/7132
f 4583/5175/7133 4678/5185/7133 4677/5189/7133
f 4684/5191/7134 4683/5177/7134 4685/5192/7134
f 4688/5194/7135 4689/5186/7135 4690/5197/7135
f 4690/5197/7136 4689/5186/7136 4691/5195/7136
f 4691/5195/7137 4727/5187/7137 4693/5198/7137
f 4693/5198/7138 4727/5187/7138 4725/5100/7138
f 4729/5097/7139 4588/5094/7139 4584/5174/7139
f 4729/5097/7140 4584/5174/7140 4582/5188/7140
f 3014/5199/7141 3018/5200/7141 3015/5201/7141
f 3014/5199/7142 3015/5201/7142 3016/5202/7142
f 3016/5202/7143 3015/5201/7143 3017/5203/7143
f 4690/5197/7144 4691/5195/7144 4692/5204/7144
f 4692/5204/7145 4691/5195/7145 4693/5198/7145
f 4728/5205/7146 4682/5190/7146 4684/5191/7146
f 4728/5205/7147 4684/5191/7147 4852/5206/7147
f 4694/5207/7148 4692/5204/7148 4693/5198/7148
f 2357/2864/7149 2384/5208/7149 2366/2878/7149
f 4729/5097/7150 4582/5188/7150 4581/5051/7150
f 4581/5051/7151 4582/5188/7151 4580/5196/7151
f 4580/5196/7152 4583/5175/7152 4676/5209/7152
f 4676/5209/7153 4583/5175/7153 4677/5189/7153
f 4677/5189/7154 4682/5190/7154 4728/5205/7154
f 4728/5205/7155 4852/5206/7155 4853/5210/7155
f 4694/5207/7156 4693/5198/7156 4695/2830/7156
f 3013/5211/7157 3007/2820/7157 3006/2821/7157
f 4695/2830/7158 4693/5198/7158 4696/5099/7158
f 4696/5099/7159 4693/5198/7159 4725/5100/7159
f 4676/5209/7160 4677/5189/7160 4802/5212/7160
f 4677/5189/7161 4728/5205/7161 4802/5212/7161
f 4802/5212/7162 4728/5205/7162 5156/5213/7162
f 5156/5213/7163 4728/5205/7163 4853/5210/7163
f 5291/5214/7164 5292/2823/7164 5293/2825/7164
f 4730/2829/7165 4694/5207/7165 4695/2830/7165
f 5156/5213/7166 5126/2826/7166 4701/2828/7166
f 4580/5196/7167 4676/5209/7167 4988/5215/7167
f 4676/5209/7168 4802/5212/7168 4988/5215/7168
f 4988/5215/7169 4802/5212/7169 5156/5213/7169
f 4581/5051/7170 4580/5196/7170 4579/5102/7170
f 4726/5216/7171 5156/5213/7171 4701/2828/7171
f 4695/2830/7172 4696/5099/7172 4697/5101/7172
f 4579/5102/7173 4580/5196/7173 4578/5106/7173
f 4698/5103/7174 4695/2830/7174 4697/5101/7174
f 4578/5106/7175 4580/5196/7175 4988/5215/7175
f 4988/5215/7176 5156/5213/7176 4726/5216/7176
f 4726/5216/7177 4701/2828/7177 4698/5103/7177
f 4701/2828/7178 4695/2830/7178 4698/5103/7178
f 4577/5105/7179 4579/5102/7179 4578/5106/7179
f 5279/2803/7180 5281/5217/7180 5280/2804/7180
f 4707/5111/7181 4988/5215/7181 4726/5216/7181
f 4726/5216/7182 4698/5103/7182 4699/5104/7182
f 4707/5111/7183 4726/5216/7183 4704/5109/7183
f 4704/5109/7184 4726/5216/7184 4699/5104/7184
f 4704/5109/7185 4699/5104/7185 4703/5108/7185
f 4334/5123/7186 4332/5122/7186 4336/5218/7186
f 4336/5218/7187 4332/5122/7187 4333/5124/7187
f 4336/5218/7188 4333/5124/7188 4822/5219/7188
f 5223/5220/7189 5220/5128/7189 5222/5130/7189
f 4738/5131/7190 4737/5125/7190 4735/5221/7190
f 4790/2805/7191 4789/5132/7191 4334/5123/7191
f 4790/2805/7192 4334/5123/7192 4828/5222/7192
f 4334/5123/7193 4336/5218/7193 4776/5223/7193
f 4828/5222/7194 4334/5123/7194 4776/5223/7194
f 4822/5219/7195 4738/5131/7195 4735/5221/7195
f 4735/5221/7196 4737/5125/7196 4736/5134/7196
f 4776/5223/7197 4336/5218/7197 4822/5219/7197
f 5225/5224/7198 5227/5225/7198 5226/5226/7198
f 4822/5219/7199 4735/5221/7199 4742/5227/7199
f 4735/5221/7200 4736/5134/7200 4629/5135/7200
f 4795/2806/7201 4790/2805/7201 4828/5222/7201
f 4599/5228/7202 4828/5222/7202 4603/5229/7202
f 5228/5230/7203 5229/5231/7203 5225/5224/7203
f 4742/5227/7204 4735/5221/7204 4628/5232/7204
f 5242/5233/7205 5243/5234/7205 5244/5235/7205
f 4628/5232/7206 4735/5221/7206 4629/5135/7206
f 5245/5236/7207 5242/5233/7207 5244/5235/7207
f 4628/5232/7208 4629/5135/7208 4627/5136/7208
f 5169/2807/7209 4599/5228/7209 4669/2808/7209
f 4743/5237/7210 4742/5227/7210 4628/5232/7210
f 4743/5237/7211 4628/5232/7211 4858/5238/7211
f 4599/5228/7212 4603/5229/7212 4598/5239/7212
f 4628/5232/7213 4627/5136/7213 4621/5137/7213
f 4858/5238/7214 4628/5232/7214 4630/5240/7214
f 4628/5232/7215 4621/5137/7215 4630/5240/7215
f 4597/5241/7216 4669/2808/7216 4599/5228/7216
f 4630/5240/7217 4621/5137/7217 4619/5141/7217
f 4613/5242/7218 4858/5238/7218 4630/5240/7218
f 4596/5146/7219 4774/2794/7219 4669/2808/7219
f 4613/5242/7220 4630/5240/7220 4619/5141/7220
f 4597/5241/7221 4599/5228/7221 4598/5239/7221
f 4597/5241/7222 4598/5239/7222 4594/5243/7222
f 4612/5244/7223 4858/5238/7223 4613/5242/7223
f 4594/5243/7224 4598/5239/7224 4600/5245/7224
f 4596/5146/7225 4669/2808/7225 4595/5246/7225
f 4595/5246/7226 4669/2808/7226 4597/5241/7226
f 4613/5242/7227 4619/5141/7227 4618/5145/7227
f 4594/5243/7228 4600/5245/7228 4602/5247/7228
f 4606/5248/7229 4612/5244/7229 4611/5249/7229
f 4611/5249/7230 4612/5244/7230 4613/5242/7230
f 4595/5246/7231 4597/5241/7231 4594/5243/7231
f 4593/5147/7232 4596/5146/7232 4595/5246/7232
f 4595/5246/7233 4594/5243/7233 4593/5147/7233
f 4617/5148/7234 4613/5242/7234 4618/5145/7234
f 4667/5250/7235 4594/5243/7235 4602/5247/7235
f 4591/5149/7236 4668/2801/7236 4593/5147/7236
f 4592/5251/7237 4593/5147/7237 4594/5243/7237
f 4592/5251/7238 4594/5243/7238 4667/5250/7238
f 4605/5252/7239 4602/5247/7239 4604/5253/7239
f 4605/5252/7240 4604/5253/7240 4606/5248/7240
f 4610/5254/7241 4611/5249/7241 4613/5242/7241
f 4610/5254/7242 4613/5242/7242 4617/5148/7242
f 4607/5255/7243 4667/5250/7243 4602/5247/7243
f 4607/5255/7244 4602/5247/7244 4605/5252/7244
f 4605/5252/7245 4606/5248/7245 4609/5256/7245
f 4609/5256/7246 4606/5248/7246 4610/5254/7246
f 4610/5254/7247 4606/5248/7247 4611/5249/7247
f 4591/5149/7248 4593/5147/7248 4592/5251/7248
f 4610/5254/7249 4617/5148/7249 4989/5150/7249
f 4614/5257/7250 4667/5250/7250 4607/5255/7250
f 4608/5258/7251 4605/5252/7251 4615/5259/7251
f 4605/5252/7252 4609/5256/7252 4615/5259/7252
f 4589/5151/7253 4591/5149/7253 4592/5251/7253
f 4607/5255/7254 4605/5252/7254 4608/5258/7254
f 4609/5256/7255 4610/5254/7255 4615/5259/7255
f 4615/5259/7256 4610/5254/7256 4989/5150/7256
f 5259/5260/7257 5260/5261/7257 5261/5262/7257
f 4614/5257/7258 4607/5255/7258 4608/5258/7258
f 4675/5157/7259 4589/5151/7259 4592/5251/7259
f 5262/5263/7260 5260/5261/7260 5259/5260/7260
f 5123/5168/7261 4615/5259/7261 5040/5169/7261
f 5040/5169/7262 4615/5259/7262 4989/5150/7262
f 5040/5169/7263 4989/5150/7263 5041/5172/7263
f 4616/5158/7264 4675/5157/7264 4614/5257/7264
f 4614/5257/7265 4608/5258/7265 4616/5158/7265
f 4616/5158/7266 4608/5258/7266 4982/5166/7266
f 4982/5166/7267 4608/5258/7267 4615/5259/7267
f 4982/5166/7268 4615/5259/7268 5123/5168/7268
f 5276/5162/7269 5275/5161/7269 5277/5264/7269
f 2345/2840/7270 2344/2841/7270 2259/2831/7270
f 2258/2838/7271 2345/2840/7271 2259/2831/7271
f 2255/2847/7272 2374/2850/7272 2258/2838/7272
f 2374/2850/7273 2358/2839/7273 2258/2838/7273
f 2385/2846/7274 2389/2844/7274 2386/2938/7274
f 2386/2938/7275 2389/2844/7275 2391/2857/7275
f 3257/2939/7276 3261/2860/7276 3157/2859/7276
f 2275/2875/7277 2316/2861/7277 2269/2848/7277
f 3233/2858/7278 3261/2860/7278 3256/2871/7278
f 2320/2885/7279 2318/2873/7279 2355/2876/7279
f 3232/2870/7280 3259/2872/7280 3250/2884/7280
f 3195/2883/7281 3262/2882/7281 3196/5265/7281
f 2996/2893/7282 2997/2895/7282 2998/5266/7282
f 3004/2822/7283 3001/2817/7283 3003/2899/7283
f 3003/2899/7284 3010/2901/7284 3009/2818/7284
f 3004/2822/7285 3003/2899/7285 3009/2818/7285
f 3010/2901/7286 3005/2819/7286 3009/2818/7286
f 5224/5267/7287 5225/5224/7287 5226/5226/7287
f 5228/5230/7288 5225/5224/7288 5224/5267/7288
f 5046/5268/7289 4742/5227/7289 4743/5237/7289
f 4598/5239/7290 4603/5229/7290 4601/5269/7290
f 4603/5229/7291 5046/5268/7291 4601/5269/7291
f 4601/5269/7292 5046/5268/7292 4666/5270/7292
f 5230/5271/7293 5231/5272/7293 5232/5273/7293
f 5230/5271/7294 5232/5273/7294 5233/5274/7294
f 4600/5245/7295 4598/5239/7295 4601/5269/7295
f 4600/5245/7296 4601/5269/7296 4604/5253/7296
f 4606/5248/7297 4666/5270/7297 4858/5238/7297
f 4606/5248/7298 4858/5238/7298 4612/5244/7298
f 4604/5253/7299 4601/5269/7299 4666/5270/7299
f 4604/5253/7300 4666/5270/7300 4606/5248/7300
f 4602/5247/7301 4600/5245/7301 4604/5253/7301
f 2263/2962/7302 2264/2909/7302 2265/2911/7302
f 2261/2918/7303 2264/2909/7303 2263/2962/7303
f 1704/5275/7304 1703/5276/7304 1707/5277/7304
f 1769/2916/7305 1770/2915/7305 1771/5278/7305
f 2364/2979/7306 2303/2934/7306 2279/2936/7306
f 1776/5279/7307 1771/5278/7307 1777/5280/7307
f 3146/2940/7308 3257/2939/7308 3157/2859/7308
f 3232/2870/7309 3156/2943/7309 3233/2858/7309
f 3155/5281/7310 3156/2943/7310 3158/5282/7310
f 3158/5282/7311 3156/2943/7311 3195/2883/7311
f 3195/2883/7312 3156/2943/7312 3232/2870/7312
f 3195/2883/7313 3232/2870/7313 3250/2884/7313
f 3225/2887/7314 3224/2954/7314 3190/2888/7314
f 3224/2954/7315 3167/2953/7315 3190/2888/7315
f 3190/2888/7316 3167/2953/7316 3164/5283/7316
f 3190/2888/7317 3164/5283/7317 3191/5284/7317
f 3191/5284/7318 3164/5283/7318 3192/2896/7318
f 3192/2896/7319 3164/5283/7319 3188/2897/7319
f 3164/5283/7320 3155/5281/7320 3188/2897/7320
f 3188/2897/7321 3155/5281/7321 3158/5282/7321
f 3158/5282/7322 3195/2883/7322 3196/5265/7322
f 3190/2888/7323 3191/5284/7323 3193/2906/7323
f 3193/2906/7324 3191/5284/7324 3194/5285/7324
f 2199/2987/7325 2202/2955/7325 2200/2957/7325
f 1708/5286/7326 1709/5287/7326 1710/5288/7326
f 1710/5288/7327 1709/5287/7327 1706/5289/7327
f 2262/2963/7328 2263/2962/7328 2270/2959/7328
f 1706/5289/7329 1703/5276/7329 1705/5290/7329
f 1703/5276/7330 1704/5275/7330 1705/5290/7330
f 1705/5290/7331 1704/5275/7331 1717/5291/7331
f 1773/5292/7332 1774/5293/7332 1772/2917/7332
f 1769/2916/7333 1773/5292/7333 1772/2917/7333
f 1773/5292/7334 1769/2916/7334 1775/5294/7334
f 1775/5294/7335 1769/2916/7335 1771/5278/7335
f 3153/5295/7336 3159/5296/7336 3208/5297/7336
f 1776/5279/7337 1775/5294/7337 1771/5278/7337
f 3153/5295/7338 3208/5297/7338 3202/2941/7338
f 3146/2940/7339 3153/5295/7339 3202/2941/7339
f 3155/5281/7340 3154/5298/7340 3146/2940/7340
f 3155/5281/7341 3146/2940/7341 3156/2943/7341
f 3146/2940/7342 3157/2859/7342 3156/2943/7342
f 3200/5299/7343 3206/2980/7343 3165/2982/7343
f 3200/5299/7344 3165/2982/7344 3187/5300/7344
f 3187/5300/7345 3165/2982/7345 3166/2952/7345
f 3165/2982/7346 3164/5283/7346 3166/2952/7346
f 3167/2953/7347 3166/2952/7347 3164/5283/7347
f 3164/5283/7348 3154/5298/7348 3155/5281/7348
f 2681/3011/7349 2679/5301/7349 2678/3012/7349
f 2678/3012/7350 2679/5301/7350 2680/5302/7350
f 2852/5303/7351 2853/5304/7351 2854/5305/7351
f 1711/5306/7352 1708/5286/7352 1710/5288/7352
f 1712/5307/7353 1710/5288/7353 1714/5308/7353
f 1714/5308/7354 1710/5288/7354 1706/5289/7354
f 1714/5308/7355 1706/5289/7355 1705/5290/7355
f 1716/5309/7356 1714/5308/7356 1705/5290/7356
f 1717/5291/7357 1716/5309/7357 1705/5290/7357
f 3143/5310/7358 3205/5311/7358 3216/5312/7358
f 2306/3023/7359 2252/2995/7359 2231/2993/7359
f 3143/5310/7360 3216/5312/7360 3159/5296/7360
f 3145/5313/7361 3143/5310/7361 3146/2940/7361
f 3146/2940/7362 3143/5310/7362 3153/5295/7362
f 3153/5295/7363 3143/5310/7363 3159/5296/7363
f 3148/5314/7364 3145/5313/7364 3146/2940/7364
f 3186/2981/7365 3161/3002/7365 3165/2982/7365
f 3165/2982/7366 3161/3002/7366 3160/3004/7366
f 3165/2982/7367 3160/3004/7367 3164/5283/7367
f 3164/5283/7368 3160/3004/7368 3154/5298/7368
f 3154/5298/7369 3160/3004/7369 3148/5314/7369
f 3154/5298/7370 3148/5314/7370 3146/2940/7370
f 2291/3006/7371 2302/3005/7371 2371/3032/7371
f 2843/5315/7372 2844/5316/7372 2845/5317/7372
f 2845/5317/7373 2847/5318/7373 2846/5319/7373
f 2849/5320/7374 2845/5317/7374 2846/5319/7374
f 2846/5319/7375 2847/5318/7375 2848/5321/7375
f 2846/5319/7376 2848/5321/7376 2851/5322/7376
f 2852/5303/7377 2848/5321/7377 2853/5304/7377
f 2851/5322/7378 2848/5321/7378 2852/5303/7378
f 1715/5323/7379 1713/5324/7379 1712/5307/7379
f 1712/5307/7380 1713/5324/7380 1711/5306/7380
f 1712/5307/7381 1711/5306/7381 1710/5288/7381
f 1718/5325/7382 1712/5307/7382 1714/5308/7382
f 1718/5325/7383 1714/5308/7383 1716/5309/7383
f 3143/5310/7384 3144/5326/7384 3205/5311/7384
f 2244/3020/7385 2243/3019/7385 2241/3017/7385
f 3147/5327/7386 3145/5313/7386 3148/5314/7386
f 3210/2999/7387 3211/3026/7387 3162/3027/7387
f 3149/3003/7388 3147/5327/7388 3148/5314/7388
f 3210/2999/7389 3162/3027/7389 3169/3000/7389
f 3162/3027/7390 3152/3048/7390 3161/3002/7390
f 3161/3002/7391 3152/3048/7391 3149/3003/7391
f 3160/3004/7392 3149/3003/7392 3148/5314/7392
f 3169/3000/7393 3162/3027/7393 3161/3002/7393
f 2325/3028/7394 2326/3031/7394 2378/3059/7394
f 2011/5328/7395 2012/5329/7395 2013/5330/7395
f 2013/5330/7396 2015/5331/7396 2014/5332/7396
f 2214/3014/7397 2225/3035/7397 2224/3034/7397
f 2850/5333/7398 2843/5315/7398 2845/5317/7398
f 2850/5333/7399 2845/5317/7399 2849/5320/7399
f 2849/5320/7400 2846/5319/7400 2851/5322/7400
f 3227/5334/7401 3226/5335/7401 3139/5336/7401
f 2239/3067/7402 2242/3042/7402 2238/3041/7402
f 3139/5336/7403 3226/5335/7403 3144/5326/7403
f 3135/5337/7404 3139/5336/7404 3143/5310/7404
f 3143/5310/7405 3139/5336/7405 3144/5326/7405
f 3147/5327/7406 3135/5337/7406 3145/5313/7406
f 3145/5313/7407 3135/5337/7407 3143/5310/7407
f 3152/3048/7408 3150/3047/7408 3151/5338/7408
f 3151/5338/7409 3147/5327/7409 3149/3003/7409
f 3201/3024/7410 3163/3046/7410 3168/3025/7410
f 3152/3048/7411 3151/5338/7411 3149/3003/7411
f 3168/3025/7412 3163/3046/7412 3162/3027/7412
f 3162/3027/7413 3163/3046/7413 3152/3048/7413
f 1791/5339/7414 1800/5340/7414 1792/5341/7414
f 1792/5341/7415 1800/5340/7415 1794/5342/7415
f 1794/5342/7416 1800/5340/7416 1801/5343/7416
f 2018/5344/7417 2016/3060/7417 2017/5345/7417
f 2017/5345/7418 2016/3060/7418 2009/3062/7418
f 2009/3062/7419 2010/3061/7419 2011/5328/7419
f 2011/5328/7420 2010/3061/7420 2012/5329/7420
f 2014/5332/7421 2011/5328/7421 2013/5330/7421
f 2855/5346/7422 2856/5347/7422 2843/5315/7422
f 2855/5346/7423 2843/5315/7423 2850/5333/7423
f 2855/5346/7424 2850/5333/7424 2849/5320/7424
f 3138/5348/7425 3222/5349/7425 3236/5350/7425
f 3138/5348/7426 3236/5350/7426 3227/5334/7426
f 3139/5336/7427 3138/5348/7427 3227/5334/7427
f 3135/5337/7428 3138/5348/7428 3139/5336/7428
f 2289/3039/7429 2240/3066/7429 2379/3085/7429
f 3147/5327/7430 3132/5351/7430 3135/5337/7430
f 3150/3047/7431 3132/5351/7431 3147/5327/7431
f 3170/5352/7432 3141/5353/7432 3150/3047/7432
f 3151/5338/7433 3150/3047/7433 3147/5327/7433
f 3171/3045/7434 3172/3044/7434 3170/5352/7434
f 3171/3045/7435 3170/5352/7435 3163/3046/7435
f 3163/3046/7436 3170/5352/7436 3150/3047/7436
f 2209/3097/7437 2208/3073/7437 2210/3075/7437
f 1795/3079/7438 1793/3078/7438 1790/5354/7438
f 1793/3078/7439 1791/5339/7439 1790/5354/7439
f 1790/5354/7440 1791/5339/7440 1792/5341/7440
f 1790/5354/7441 1792/5341/7441 1794/5342/7441
f 3229/5355/7442 3239/5356/7442 3253/5357/7442
f 3229/5355/7443 3253/5357/7443 3252/5358/7443
f 3229/5355/7444 3252/5358/7444 3251/5359/7444
f 3229/5355/7445 3251/5359/7445 3237/5360/7445
f 3229/5355/7446 3237/5360/7446 3231/5361/7446
f 3136/5362/7447 3229/5355/7447 3231/5361/7447
f 3136/5362/7448 3231/5361/7448 3222/5349/7448
f 3136/5362/7449 3222/5349/7449 3138/5348/7449
f 3134/5363/7450 3136/5362/7450 3135/5337/7450
f 3135/5337/7451 3136/5362/7451 3138/5348/7451
f 3132/5351/7452 3134/5363/7452 3135/5337/7452
f 3150/3047/7453 3133/5364/7453 3132/5351/7453
f 3141/5353/7454 3133/5364/7454 3150/3047/7454
f 3181/3072/7455 3218/3092/7455 3176/3091/7455
f 3181/3072/7456 3176/3091/7456 3173/5365/7456
f 3170/5352/7457 3173/5365/7457 3141/5353/7457
f 3172/3044/7458 3181/3072/7458 3173/5365/7458
f 3172/3044/7459 3173/5365/7459 3170/5352/7459
f 2308/3095/7460 2206/3094/7460 2205/3113/7460
f 2205/3113/7461 2206/3094/7461 2207/3096/7461
f 1799/5366/7462 1798/5367/7462 1796/5368/7462
f 1798/5367/7463 1797/3077/7463 1796/5368/7463
f 1796/5368/7464 1797/3077/7464 1795/3079/7464
f 1796/5368/7465 1795/3079/7465 1790/5354/7465
f 3220/5369/7466 3240/5370/7466 3241/5371/7466
f 3220/5369/7467 3241/5371/7467 3239/5356/7467
f 3204/5372/7468 3220/5369/7468 3213/5373/7468
f 3220/5369/7469 3239/5356/7469 3229/5355/7469
f 3213/5373/7470 3220/5369/7470 3229/5355/7470
f 2233/3099/7471 2228/3082/7471 2227/3083/7471
f 3137/5374/7472 3204/5372/7472 3213/5373/7472
f 2347/3125/7473 2235/3101/7473 2234/3100/7473
f 3213/5373/7474 3229/5355/7474 3136/5362/7474
f 3137/5374/7475 3213/5373/7475 3136/5362/7475
f 3140/5375/7476 3137/5374/7476 3134/5363/7476
f 3141/5353/7477 3134/5363/7477 3133/5364/7477
f 3134/5363/7478 3137/5374/7478 3136/5362/7478
f 3132/5351/7479 3133/5364/7479 3134/5363/7479
f 3177/3090/7480 3255/3109/7480 3178/3107/7480
f 3177/3090/7481 3178/3107/7481 3174/5376/7481
f 3177/3090/7482 3174/5376/7482 3176/3091/7482
f 3176/3091/7483 3174/5376/7483 3173/5365/7483
f 3173/5365/7484 3174/5376/7484 3141/5353/7484
f 1830/5377/7485 1828/5378/7485 1831/5379/7485
f 3230/5380/7486 3243/5381/7486 3242/5382/7486
f 3230/5380/7487 3242/5382/7487 3240/5370/7487
f 3219/5383/7488 3230/5380/7488 3220/5369/7488
f 3230/5380/7489 3240/5370/7489 3220/5369/7489
f 3204/5372/7490 3219/5383/7490 3220/5369/7490
f 3142/5384/7491 3204/5372/7491 3140/5375/7491
f 3140/5375/7492 3204/5372/7492 3137/5374/7492
f 3182/5385/7493 3142/5384/7493 3141/5353/7493
f 3141/5353/7494 3142/5384/7494 3140/5375/7494
f 3175/3143/7495 3182/5385/7495 3141/5353/7495
f 3141/5353/7496 3140/5375/7496 3134/5363/7496
f 3178/3107/7497 3248/3106/7497 3179/3124/7497
f 3179/3124/7498 3175/3143/7498 3174/5376/7498
f 3174/5376/7499 3175/3143/7499 3141/5353/7499
f 3178/3107/7500 3179/3124/7500 3174/5376/7500
f 3062/5386/7501 3065/5387/7501 3063/5388/7501
f 3254/5389/7502 3258/5390/7502 3244/5391/7502
f 1833/5392/7503 1832/5393/7503 1827/5394/7503
f 1827/5394/7504 1832/5393/7504 1828/5378/7504
f 1827/5394/7505 1828/5378/7505 1829/5395/7505
f 1829/5395/7506 1828/5378/7506 1830/5377/7506
f 3247/5396/7507 3246/5397/7507 3221/5398/7507
f 3221/5398/7508 3246/5397/7508 3243/5381/7508
f 3221/5398/7509 3243/5381/7509 3230/5380/7509
f 3207/5399/7510 3221/5398/7510 3219/5383/7510
f 3219/5383/7511 3221/5398/7511 3230/5380/7511
f 3207/5399/7512 3219/5383/7512 3204/5372/7512
f 3199/5400/7513 3207/5399/7513 3204/5372/7513
f 3183/5401/7514 3199/5400/7514 3142/5384/7514
f 3142/5384/7515 3199/5400/7515 3204/5372/7515
f 3182/5385/7516 3183/5401/7516 3142/5384/7516
f 3175/3143/7517 3183/5401/7517 3182/5385/7517
f 3217/3123/7518 3180/3141/7518 3179/3124/7518
f 3179/3124/7519 3180/3141/7519 3175/3143/7519
f 3066/5402/7520 3062/5386/7520 3064/5403/7520
f 3062/5386/7521 3063/5388/7521 3064/5403/7521
f 3234/5404/7522 3254/5389/7522 3244/5391/7522
f 3234/5404/7523 3244/5391/7523 3228/5405/7523
f 3570/5406/7524 3571/3154/7524 3572/3153/7524
f 3228/5405/7525 3244/5391/7525 3245/5407/7525
f 3228/5405/7526 3247/5396/7526 3221/5398/7526
f 3214/5408/7527 3228/5405/7527 3221/5398/7527
f 3198/5409/7528 3214/5408/7528 3207/5399/7528
f 3207/5399/7529 3214/5408/7529 3221/5398/7529
f 3198/5409/7530 3207/5399/7530 3183/5401/7530
f 3185/3142/7531 3189/5410/7531 3184/5411/7531
f 3183/5401/7532 3207/5399/7532 3199/5400/7532
f 3184/5411/7533 3183/5401/7533 3175/3143/7533
f 3185/3142/7534 3184/5411/7534 3175/3143/7534
f 3129/3145/7535 3131/3144/7535 3223/5412/7535
f 3223/5412/7536 3131/3144/7536 3235/5413/7536
f 3223/5412/7537 3235/5413/7537 3234/5404/7537
f 3223/5412/7538 3234/5404/7538 3228/5405/7538
f 3129/3145/7539 3223/5412/7539 3209/5414/7539
f 3223/5412/7540 3228/5405/7540 3209/5414/7540
f 3130/3151/7541 3129/3145/7541 3209/5414/7541
f 3209/5414/7542 3228/5405/7542 3214/5408/7542
f 3215/5415/7543 3130/3151/7543 3197/5416/7543
f 3203/5417/7544 3215/5415/7544 3197/5416/7544
f 3197/5416/7545 3130/3151/7545 3209/5414/7545
f 3197/5416/7546 3209/5414/7546 3198/5409/7546
f 3209/5414/7547 3214/5408/7547 3198/5409/7547
f 3189/5410/7548 3203/5417/7548 3197/5416/7548
f 3189/5410/7549 3197/5416/7549 3184/5411/7549
f 3197/5416/7550 3198/5409/7550 3183/5401/7550
f 3184/5411/7551 3197/5416/7551 3183/5401/7551
