# Blender 5.0.1
# www.blender.org
mtllib Untitled.mtl
o geometry_0
v 0.170407 0.128860 -0.011435
v 0.155113 0.131352 -0.000500
v 0.190637 0.128167 -0.002591
v 0.119654 0.134342 -0.000821
v 0.201142 0.125524 -0.014282
v 0.107024 0.133741 -0.009531
v 0.219416 0.124787 -0.002812
v 0.222414 0.122619 -0.015383
v 0.241265 0.119926 -0.013423
v 0.240279 0.121663 0.000354
v 0.055239 0.139469 -0.004512
v 0.077870 0.138005 0.000644
v 0.042258 0.141025 0.001992
v 0.016300 0.141880 -0.003762
v 0.022493 0.141983 0.004722
v -0.040089 0.143927 -0.001052
v -0.044351 0.144070 0.002357
v -0.071322 0.142195 -0.003121
v -0.094485 0.141383 0.000053
v -0.036640 0.142316 -0.005696
v 0.058938 0.137264 -0.009281
v 0.020398 0.138682 -0.009382
v 0.266873 0.114935 -0.000442
v 0.230011 0.122806 0.011571
v 0.199999 0.126478 0.011619
v 0.126687 0.133147 0.009620
v 0.174374 0.128890 0.011553
v 0.075009 0.137661 0.008550
v 0.272645 0.111289 -0.013072
v 0.255299 0.117183 0.012961
v 0.273006 0.112249 0.009817
v -0.029132 0.142679 0.006706
v -0.057941 0.142397 0.005883
v 0.289999 0.104180 -0.012930
v 0.296444 0.103148 -0.001092
v 0.288027 0.105807 0.012959
v 0.040270 0.139316 0.009879
v 0.302141 0.100028 0.009023
v 0.221853 0.121870 0.017091
v 0.115753 0.131882 0.014675
v 0.146863 0.129792 0.013748
v 0.308462 0.095375 -0.011527
v -0.103533 0.138938 -0.004349
v 0.315952 0.092778 -0.000725
v 0.087642 0.132404 -0.013759
v 0.145491 0.129186 -0.013849
v 0.314541 0.092005 0.011846
v -0.100098 0.139036 0.004102
v 0.202363 0.122823 0.018398
v 0.157266 0.126330 0.017975
v 0.177152 0.124625 -0.017744
v 0.072166 0.134567 0.014738
v 0.265266 0.110870 0.018737
v 0.220574 0.121088 -0.017885
v 0.327612 0.081449 0.010967
v 0.330792 0.080317 0.000526
v 0.280576 0.104629 -0.018207
v 0.257185 0.112206 -0.017953
v -0.064274 0.138259 -0.009180
v -0.015102 0.139083 0.011186
v -0.061710 0.138818 0.009949
v -0.030184 0.136165 -0.012208
v 0.170430 -0.098788 0.002086
v 0.193523 -0.093748 0.007820
v 0.170182 -0.097465 0.008030
v 0.178687 -0.097793 -0.000755
v 0.197629 -0.094026 -0.001777
v 0.218327 -0.087844 0.004180
v 0.213601 -0.087058 0.010757
v 0.120579 -0.101023 0.002219
v 0.097037 -0.099958 0.008141
v 0.091697 -0.103258 0.002242
v 0.086262 -0.102604 0.007517
v 0.185398 -0.091577 0.014264
v 0.160182 -0.094700 0.013114
v 0.083136 -0.107909 -0.000482
v 0.116091 -0.094977 0.013763
v 0.094180 -0.094704 0.014273
v 0.080019 -0.106008 0.007113
v 0.075986 -0.111039 0.006488
v 0.276527 -0.058918 0.005913
v 0.287849 -0.055249 0.000616
v 0.289806 -0.050084 0.009418
v 0.271105 -0.059481 0.009636
v 0.306807 -0.045578 0.005687
v 0.308375 -0.047046 0.000053
v 0.249941 -0.072077 0.008259
v 0.247171 -0.075167 0.002859
v 0.229116 -0.081611 0.009209
v 0.269213 -0.063661 -0.001565
v 0.236402 -0.080688 -0.001793
v 0.325706 -0.043094 0.000104
v 0.325821 -0.040550 0.004823
v 0.218947 -0.080084 0.016535
v 0.232324 -0.073032 0.016932
v 0.259767 -0.061278 0.014148
v 0.196475 -0.085398 0.018039
v 0.301948 -0.037435 0.014758
v 0.318371 -0.037657 0.009561
v 0.337576 -0.031137 0.011633
v 0.280293 -0.045437 0.016464
v 0.255410 -0.058126 0.017977
v 0.323518 -0.023875 0.018149
v 0.170076 -0.088852 0.018468
v 0.311722 -0.012849 0.027891
v 0.340834 -0.011436 0.023010
v 0.330994 -0.002987 0.031085
v 0.316577 -0.002701 0.035881
v 0.328207 0.002556 0.037365
v 0.340600 0.001652 0.030643
v 0.208026 -0.074753 0.022223
v 0.334795 0.010324 0.038832
v 0.348559 -0.003819 0.025967
v 0.236585 -0.060052 0.022389
v 0.289702 -0.032361 0.020703
v 0.300417 -0.014702 0.028279
v 0.307567 -0.003221 0.036305
v 0.348496 0.007554 0.029793
v 0.272342 -0.037575 0.022071
v 0.187562 -0.076514 0.023831
v 0.346917 -0.035618 0.008056
v 0.361006 -0.017357 0.018905
v 0.364101 -0.002810 0.023882
v 0.342448 -0.041765 0.001695
v 0.292929 -0.008563 0.031879
v 0.299219 0.000345 0.038551
v 0.376503 -0.026693 0.014816
v 0.370011 -0.039876 0.007233
v 0.358728 -0.043365 0.001937
v 0.375428 -0.047943 0.001436
v 0.323157 0.004157 0.043529
v 0.325023 0.010896 0.047850
v 0.313749 0.006392 0.047771
v 0.312975 0.000359 0.042638
v 0.303229 0.009812 0.048211
v 0.327906 0.015822 0.047881
v 0.387118 -0.047174 0.006345
v 0.389698 -0.053432 0.001366
v 0.293189 0.005295 0.039590
v 0.400777 -0.054570 0.006441
v 0.406659 -0.010123 -0.002063
v 0.408651 -0.011976 0.001797
v 0.417821 -0.019919 -0.001848
v 0.424109 -0.026134 0.002247
v 0.428478 -0.029906 -0.002114
v 0.436282 -0.037674 0.002845
v 0.442581 -0.043624 -0.002392
v 0.449096 -0.051126 0.002693
v 0.451636 -0.053498 0.000199
v 0.391583 0.004340 -0.002169
v 0.383847 0.011910 -0.001405
v 0.462759 -0.067808 0.002434
v 0.458417 -0.062591 -0.002332
v 0.468568 -0.075923 -0.002226
v 0.471969 -0.081786 0.002841
v 0.477279 -0.089596 0.000472
v 0.390294 0.002211 0.006884
v 0.379663 0.012337 0.007975
v 0.368380 0.024779 0.008675
v 0.373790 0.021819 -0.001254
v 0.361514 0.037141 -0.000527
v 0.358098 0.038441 0.009535
v 0.417195 -0.025538 0.007298
v 0.481204 -0.098474 0.003049
v 0.350601 0.052383 0.008175
v 0.349830 0.056340 -0.001687
v 0.340976 0.067765 0.008204
v 0.340336 0.070010 -0.001664
v 0.330792 0.080317 0.000526
v 0.459720 -0.073709 0.007217
v 0.471616 -0.092918 0.007945
v 0.451205 -0.062574 0.007433
v 0.441284 -0.050949 0.008144
v 0.476693 -0.108011 0.009769
v 0.483416 -0.118707 0.009159
v 0.477154 -0.119111 0.012275
v 0.430182 -0.039208 0.007931
v 0.477471 -0.126426 0.012720
v 0.469368 -0.112664 0.018658
v 0.467016 -0.093350 0.014850
v 0.464951 -0.104319 0.018253
v 0.459974 -0.087060 0.016891
v 0.458256 -0.076456 0.014065
v 0.449017 -0.071224 0.017595
v 0.449435 -0.064051 0.014173
v 0.439913 -0.053547 0.014475
v 0.435795 -0.056687 0.017549
v 0.430664 -0.043482 0.014210
v 0.420370 -0.033402 0.014381
v 0.404584 -0.026278 0.017730
v 0.405341 -0.019165 0.014320
v 0.391516 -0.012904 0.018065
v 0.384645 0.000203 0.014893
v 0.371733 0.007590 0.019551
v 0.365426 0.017916 0.018600
v 0.357769 0.012493 0.026095
v 0.369081 0.003651 0.022280
v 0.383490 -0.010854 0.019792
v 0.341907 0.029628 0.032155
v 0.355610 0.029466 0.020237
v 0.339384 0.046312 0.026345
v 0.334477 0.034787 0.035649
v 0.326905 0.023712 0.047039
v 0.327043 0.041363 0.036748
v 0.326573 0.062320 0.027378
v 0.333763 0.066575 0.019748
v 0.319059 0.082143 0.019165
v 0.342998 0.056071 0.017470
v 0.327612 0.081449 0.010967
v 0.302343 0.087728 0.023344
v 0.314954 0.061890 0.032619
v 0.299963 0.096716 0.018028
v 0.315035 0.035766 0.044826
v 0.314541 0.092005 0.011846
v 0.339330 0.018941 0.036616
v 0.474297 -0.124821 0.019887
v 0.314087 0.043810 0.039846
v 0.403595 -0.029843 0.017972
v 0.327906 0.015822 0.047881
v 0.265247 0.106436 0.022127
v 0.265266 0.110870 0.018737
v 0.288027 0.105807 0.012959
v 0.302141 0.100028 0.009023
v 0.221908 0.115135 0.022482
v 0.221853 0.121870 0.017091
v 0.348496 0.007554 0.029793
v 0.470383 -0.132376 0.021913
v 0.457571 -0.090706 0.017851
v 0.451702 -0.081876 0.018020
v 0.364101 -0.002810 0.023882
v 0.202363 0.122823 0.018398
v 0.476377 -0.131496 0.021248
v 0.480108 -0.139500 0.022429
v 0.479559 -0.134810 0.021443
v 0.486957 -0.138959 0.020967
v 0.184492 0.119029 0.022222
v 0.334795 0.010324 0.038832
v 0.157266 0.126330 0.017975
v 0.134440 0.121329 0.022148
v 0.093927 0.130409 0.017995
v 0.482401 -0.126250 0.009007
v 0.115753 0.131882 0.014675
v 0.072166 0.134567 0.014738
v 0.159654 -0.098161 -0.007699
v 0.194463 -0.093424 -0.008184
v 0.178687 -0.097793 -0.000755
v 0.169309 -0.096117 -0.010613
v 0.197629 -0.094026 -0.001777
v 0.170430 -0.098788 0.002086
v 0.220621 -0.086820 -0.004796
v 0.127135 -0.100624 -0.002834
v 0.096495 -0.099982 -0.008665
v 0.093250 -0.103153 -0.000819
v 0.083712 -0.102902 -0.007570
v 0.210438 -0.086286 -0.013076
v 0.185741 -0.089519 -0.016541
v 0.118608 -0.094593 -0.014219
v 0.162263 -0.090943 -0.017188
v 0.225195 -0.080152 -0.013629
v 0.245552 -0.073777 -0.008689
v 0.083136 -0.107909 -0.000482
v 0.236402 -0.080688 -0.001793
v 0.269213 -0.063661 -0.001565
v 0.120579 -0.101023 0.002219
v 0.218327 -0.087844 0.004180
v 0.091697 -0.103258 0.002242
v 0.272584 -0.058981 -0.008081
v 0.287849 -0.055249 0.000616
v 0.293158 -0.050787 -0.005108
v 0.442981 -0.099361 0.006310
v 0.436307 -0.089729 -0.006270
v 0.447700 -0.105810 -0.009482
v 0.428212 -0.081441 0.003870
v 0.419150 -0.071873 -0.004119
v 0.414995 -0.068741 0.002993
v 0.448882 -0.110289 0.005309
v 0.449812 -0.108968 -0.003370
v 0.456167 -0.119781 -0.002984
v 0.459320 -0.128235 0.009033
v 0.460857 -0.127035 -0.003945
v 0.455979 -0.123084 -0.011022
v 0.463153 -0.132539 -0.011242
v 0.462530 -0.131150 -0.014618
v 0.468759 -0.136650 -0.016017
v 0.401989 -0.059770 0.001263
v 0.472698 -0.138686 -0.012017
v 0.414883 -0.066750 -0.006513
v 0.403383 -0.058217 -0.005405
v 0.427497 -0.076878 -0.009529
v 0.440762 -0.092420 -0.009871
v 0.423364 -0.074597 0.006552
v 0.434056 -0.086130 0.006884
v 0.412006 -0.064119 0.006046
v 0.450058 -0.108709 0.008700
v 0.458247 -0.120631 0.012816
v 0.466329 -0.133310 0.018327
v 0.477039 -0.139436 -0.019898
v 0.481216 -0.142099 -0.013917
v 0.388922 -0.052753 -0.001794
v 0.389698 -0.053432 0.001366
v 0.375428 -0.047943 0.001436
v 0.479906 -0.141019 -0.010131
v 0.400777 -0.054570 0.006441
v 0.406372 -0.054761 -0.009395
v 0.454661 -0.116257 -0.012756
v 0.394462 -0.050278 -0.007259
v 0.381962 -0.045729 -0.006507
v 0.374611 -0.047672 -0.001983
v 0.358675 -0.039461 -0.007482
v 0.357513 -0.044129 -0.000799
v 0.347728 -0.042180 -0.002125
v 0.392027 -0.022537 0.010368
v 0.391854 -0.022667 -0.009831
v 0.388566 -0.029899 -0.013924
v 0.388370 -0.030106 0.013268
v 0.389786 -0.022520 0.014455
v 0.389593 -0.021668 -0.014250
v 0.389297 -0.017105 -0.013320
v 0.389785 -0.016835 0.012586
v 0.384403 -0.032078 0.008726
v 0.382726 -0.032901 -0.012298
v 0.385132 -0.034118 0.011938
v 0.380234 -0.032171 0.008735
v 0.066300 -0.128540 -0.000398
v 0.067850 -0.124256 0.006619
v 0.052714 -0.138574 0.006069
v 0.052088 -0.140699 -0.001636
v 0.083136 -0.107909 -0.000482
v 0.070094 -0.123436 -0.004452
v 0.059898 -0.132128 -0.008234
v 0.041286 -0.144754 0.000223
v 0.074211 -0.115740 -0.006534
v 0.083712 -0.102902 -0.007570
v 0.048482 -0.138479 -0.007590
v 0.075986 -0.111039 0.006488
v 0.041189 -0.140649 0.008248
v 0.035440 -0.139592 -0.007437
v -0.029126 -0.108967 -0.000033
v -0.002106 -0.108310 -0.000035
v -0.006531 -0.106867 0.005731
v -0.033171 -0.107583 0.006029
v -0.043253 -0.110461 0.001908
v -0.051710 -0.112261 -0.002145
v -0.048920 -0.106887 0.010031
v 0.008321 -0.109284 0.003884
v 0.006893 -0.110226 0.000568
v -0.031305 -0.107094 -0.005984
v -0.007144 -0.105805 -0.006173
v 0.009862 -0.107547 -0.004948
v -0.056910 -0.107733 -0.009589
v -0.037909 -0.104021 -0.010252
v 0.015902 -0.103070 -0.009926
v 0.017963 -0.107031 -0.004363
v 0.028943 -0.100138 -0.009957
v 0.026190 -0.105725 -0.001432
v 0.036365 -0.103603 -0.000223
v 0.044973 -0.097907 -0.009520
v 0.049757 -0.104247 -0.000075
v 0.025263 -0.105879 0.002415
v 0.056999 -0.103816 -0.003725
v -0.068948 -0.115434 -0.005970
v 0.060300 -0.093713 -0.013873
v 0.041628 -0.089635 -0.016976
v 0.064277 -0.102938 -0.005809
v 0.073700 -0.098659 -0.011073
v 0.030027 -0.093636 -0.015165
v 0.013590 -0.098190 -0.013987
v 0.021725 -0.109140 -0.000361
v -0.070449 -0.122291 -0.002220
v -0.092677 -0.136055 -0.004956
v 0.058687 -0.110040 -0.001306
v 0.056385 -0.110855 0.001865
v 0.068632 -0.106283 -0.007315
v -0.059170 -0.115675 0.001554
v 0.452185 -0.063178 -0.007788
v 0.462420 -0.077233 -0.007415
v 0.457144 -0.072907 -0.014088
v 0.445778 -0.059018 -0.014944
v 0.443561 -0.052709 -0.008055
v 0.428571 -0.040472 -0.014525
v 0.429418 -0.037597 -0.007749
v 0.411902 -0.023944 -0.014307
v 0.409315 -0.017383 -0.007517
v 0.396810 -0.009250 -0.014342
v 0.391583 0.004340 -0.002169
v 0.378749 0.007070 -0.016332
v 0.370705 0.019497 -0.012835
v 0.357750 0.029297 -0.018848
v 0.383847 0.011910 -0.001405
v 0.371025 0.022889 -0.007358
v 0.359529 0.036941 -0.009368
v 0.406659 -0.010123 -0.002063
v 0.417821 -0.019919 -0.001848
v 0.428478 -0.029906 -0.002114
v 0.350026 0.047533 -0.014647
v 0.341093 0.065580 -0.011623
v 0.338001 0.060496 -0.020307
v 0.327238 0.074950 -0.018449
v 0.328180 0.080785 -0.009858
v 0.340336 0.070010 -0.001664
v 0.316238 0.086014 -0.017075
v 0.308462 0.095375 -0.011527
v 0.462745 -0.083066 -0.014867
v 0.472747 -0.096637 -0.008977
v 0.349830 0.056340 -0.001687
v 0.361514 0.037141 -0.000527
v 0.373790 0.021819 -0.001254
v 0.330792 0.080317 0.000526
v 0.315952 0.092778 -0.000725
v 0.345228 0.038626 -0.025786
v 0.360681 0.017443 -0.023678
v 0.326610 0.067212 -0.024916
v 0.442581 -0.043624 -0.002392
v 0.458417 -0.062591 -0.002332
v 0.299282 0.095955 -0.017892
v 0.467131 -0.095080 -0.015818
v 0.479039 -0.107005 -0.008691
v 0.482105 -0.100818 -0.002059
v 0.483702 -0.119598 -0.010380
v 0.289999 0.104180 -0.012930
v 0.390758 -0.008867 -0.018146
v 0.468568 -0.075923 -0.002226
v 0.308567 0.083179 -0.023581
v 0.330345 0.043833 -0.034204
v 0.332237 0.033002 -0.038938
v 0.475770 -0.089023 -0.003312
v 0.337246 0.026341 -0.037472
v 0.375212 0.001180 -0.021523
v 0.408552 -0.026713 -0.017549
v 0.455491 -0.078921 -0.017628
v 0.319868 0.063640 -0.030291
v 0.329628 0.031023 -0.043784
v 0.323494 0.042675 -0.037868
v 0.431458 -0.049761 -0.017724
v 0.440864 -0.062901 -0.018233
v 0.331401 0.021776 -0.046007
v 0.326170 0.026722 -0.048121
v 0.318688 0.037614 -0.043627
v 0.294039 0.090576 -0.023913
v 0.314612 0.046669 -0.038295
v 0.359967 0.010783 -0.026212
v 0.346798 0.015661 -0.032257
v 0.478342 -0.119113 -0.012915
v 0.468044 -0.110897 -0.017931
v 0.479247 -0.129874 -0.019622
v 0.280576 0.104629 -0.018207
v 0.337506 0.018639 -0.038470
v 0.308386 0.063367 -0.033383
v 0.268194 0.102400 -0.022822
v 0.257185 0.112206 -0.017953
v 0.462670 -0.097869 -0.018145
v 0.476030 -0.133140 -0.021389
v 0.487148 -0.138916 -0.019153
v 0.270238 0.093926 -0.026623
v 0.479469 -0.127154 -0.013136
v 0.395255 -0.022546 -0.019061
v 0.407879 -0.034097 -0.018410
v 0.371397 -0.000197 -0.023112
v 0.285521 0.078120 -0.030475
v 0.329080 0.013958 -0.047613
v 0.325050 0.017059 -0.049881
v 0.228282 0.112231 -0.022690
v 0.220574 0.121088 -0.017885
v 0.316640 0.024745 -0.050345
v 0.241756 0.101688 -0.026457
v 0.180217 0.118399 -0.022302
v 0.182909 0.110429 -0.026196
v 0.423708 -0.048953 -0.018242
v 0.135909 0.114485 -0.024471
v 0.316297 0.013353 -0.050948
v 0.308270 0.016450 -0.050980
v 0.308957 0.044510 -0.039630
v 0.140271 0.125004 -0.018352
v 0.096249 0.126553 -0.018123
v 0.304031 0.025361 -0.048792
v 0.056487 0.125621 -0.018957
v 0.454640 -0.090535 -0.017500
v 0.451842 -0.081701 -0.018271
v 0.441568 -0.069560 -0.017769
v 0.477039 -0.139436 -0.019898
v 0.461721 -0.106749 -0.017376
v 0.469524 -0.130162 -0.019704
v 0.298393 0.021483 -0.047925
v 0.177152 0.124625 -0.017744
v 0.321353 0.006182 -0.046861
v 0.296867 0.012526 -0.047569
v 0.087642 0.132404 -0.013759
v 0.312125 0.004835 -0.047913
v 0.024107 0.132986 -0.014350
v 0.299367 0.034910 -0.042384
v 0.300863 0.042896 -0.039530
v 0.417875 -0.053039 -0.015418
v 0.404607 -0.040742 -0.015788
v 0.145491 0.129186 -0.013849
v 0.436800 -0.072128 -0.015533
v 0.446044 -0.086337 -0.014564
v 0.454661 -0.116257 -0.012756
v 0.451759 -0.097462 -0.013343
v 0.427497 -0.076878 -0.009529
v 0.440762 -0.092420 -0.009871
v 0.447700 -0.105810 -0.009482
v 0.406372 -0.054761 -0.009395
v 0.058938 0.137264 -0.009281
v 0.020398 0.138682 -0.009382
v -0.030184 0.136165 -0.012208
v 0.462530 -0.131150 -0.014618
v 0.468759 -0.136650 -0.016017
v 0.334997 0.010060 -0.038337
v 0.327588 0.001057 -0.036432
v -0.106509 -0.153165 -0.002461
v -0.117456 -0.161107 0.001977
v -0.122790 -0.168910 -0.002308
v -0.125995 -0.170027 0.001938
v -0.132238 -0.176751 -0.000656
v -0.108796 -0.154367 0.002153
v -0.098857 -0.145629 0.001936
v -0.090696 -0.139104 -0.002394
v -0.083350 -0.133302 0.002210
v -0.071281 -0.122843 0.001784
v -0.070449 -0.122291 -0.002220
v -0.059170 -0.115675 0.001554
v -0.051710 -0.112261 -0.002145
v -0.138743 -0.181036 -0.002423
v -0.143771 -0.181475 0.001233
v -0.148638 -0.182645 -0.002610
v -0.158374 -0.181438 -0.002163
v 0.047262 -0.131246 0.003785
v 0.052925 -0.125289 0.002324
v 0.049091 -0.133507 -0.009534
v 0.057612 -0.127154 -0.009917
v 0.059725 -0.116732 -0.002615
v 0.056598 -0.117797 0.003121
v 0.067668 -0.116477 -0.008525
v 0.042671 -0.135747 -0.008559
v 0.037921 -0.134214 0.004884
v 0.053594 -0.126990 0.008362
v 0.044179 -0.133491 0.006173
v 0.042773 -0.136033 0.008315
v 0.033144 -0.134788 -0.008646
v 0.028701 -0.135675 0.007868
v 0.058687 -0.110040 -0.001306
v 0.068632 -0.106283 -0.007315
v 0.056385 -0.110855 0.001865
v 0.371118 -0.019499 0.000034
v 0.374204 -0.019949 0.008436
v 0.374231 -0.025862 -0.003005
v 0.369962 -0.016411 0.009588
v 0.372630 -0.018295 -0.008877
v 0.374447 -0.024005 -0.010256
v 0.376909 -0.030418 -0.013450
v 0.376348 -0.030642 0.009601
v 0.374927 -0.028728 0.012456
v 0.377439 -0.035546 0.010148
v 0.376819 -0.023103 -0.014384
v 0.378746 -0.017434 -0.013940
v 0.376779 -0.017224 -0.010995
v 0.380234 -0.032171 0.008735
v 0.382726 -0.032901 -0.012298
v 0.020011 -0.131338 0.006318
v 0.016125 -0.127756 -0.000738
v 0.021104 -0.135189 -0.001298
v 0.014626 -0.118860 0.005943
v 0.006893 -0.110226 0.000568
v 0.008321 -0.109284 0.003884
v 0.028701 -0.135675 0.007868
v 0.032159 -0.141201 0.004774
v 0.031390 -0.140864 -0.003399
v 0.041286 -0.144754 0.000223
v 0.041189 -0.140649 0.008248
v 0.021109 -0.131873 -0.007437
v 0.014202 -0.118472 -0.006319
v 0.009585 -0.111973 -0.002720
v 0.009862 -0.107547 -0.004948
v 0.035440 -0.139592 -0.007437
v 0.463149 -0.126887 -0.004274
v 0.469173 -0.124969 -0.001864
v 0.469433 -0.126602 0.005124
v 0.466227 -0.125444 -0.005481
v 0.463599 -0.127970 0.003702
v 0.460857 -0.127035 -0.003945
v 0.459320 -0.128235 0.009033
v 0.470875 -0.125822 -0.008941
v 0.475361 -0.127134 -0.006648
v 0.475300 -0.129706 0.010132
v 0.482274 -0.126262 -0.007232
v 0.482401 -0.126250 0.009007
v 0.478091 -0.129177 -0.011002
v 0.468195 -0.131102 0.008975
v 0.462914 -0.131972 0.009255
v 0.479469 -0.127154 -0.013136
v 0.477471 -0.126426 0.012720
v 0.486221 -0.145544 -0.010034
v 0.486066 -0.143426 0.007549
v 0.479691 -0.142793 0.007947
v 0.489903 -0.145294 -0.002931
v 0.480411 -0.143172 0.017691
v 0.480444 -0.143547 -0.010863
v 0.473565 -0.140399 0.018503
v 0.471166 -0.138433 0.011138
v 0.462914 -0.131972 0.009255
v 0.466329 -0.133310 0.018327
v 0.459320 -0.128235 0.009033
v 0.481216 -0.142099 -0.013917
v 0.463599 -0.127970 0.003702
v 0.487148 -0.138916 -0.019153
v 0.477039 -0.139436 -0.019898
v 0.480108 -0.139500 0.022429
v 0.494725 -0.143237 -0.010845
v 0.493683 -0.142176 0.002637
v 0.486957 -0.138959 0.020967
v 0.490422 -0.140631 0.005755
v 0.479906 -0.141019 -0.010131
v -0.385426 -0.090570 -0.002558
v -0.388045 -0.094242 0.002090
v -0.392900 -0.102775 -0.000176
v -0.371989 -0.073527 0.001667
v -0.370578 -0.071753 -0.002232
v -0.360331 -0.061863 0.001836
v -0.398999 -0.111027 -0.002366
v -0.399383 -0.110978 0.002146
v -0.407579 -0.122598 0.002128
v -0.407090 -0.122274 -0.002454
v -0.417957 -0.130551 0.001991
v -0.358463 -0.061122 -0.001924
v -0.416356 -0.129441 -0.001793
v -0.344160 -0.051963 0.001654
v -0.339519 -0.049752 -0.001716
v 0.492415 -0.139650 -0.012977
v 0.490422 -0.140631 0.005755
v 0.493683 -0.142176 0.002637
v 0.494725 -0.143237 -0.010845
v 0.485830 -0.140235 -0.008275
v 0.485216 -0.140322 0.006235
v 0.485633 -0.135528 -0.015313
v 0.487148 -0.138916 -0.019153
v 0.479247 -0.129874 -0.019622
v 0.481465 -0.131285 -0.017306
v 0.479177 -0.133291 -0.012705
v 0.479469 -0.127154 -0.013136
v 0.479906 -0.141019 -0.010131
v 0.479691 -0.142793 0.007947
v 0.026846 -0.132161 -0.008120
v 0.024976 -0.123125 0.001183
v 0.030415 -0.131102 0.002222
v 0.021161 -0.126903 -0.007882
v 0.022810 -0.121390 -0.002714
v 0.016724 -0.111537 -0.004527
v 0.021725 -0.109140 -0.000361
v 0.017963 -0.107031 -0.004363
v 0.033144 -0.134788 -0.008646
v 0.037921 -0.134214 0.004884
v 0.020414 -0.108560 0.002600
v 0.014202 -0.118472 -0.006319
v 0.009862 -0.107547 -0.004948
v 0.009585 -0.111973 -0.002720
v 0.021109 -0.131873 -0.007437
v 0.386046 -0.014886 -0.004550
v 0.384620 -0.014500 0.007544
v 0.379667 -0.011452 -0.000201
v 0.389785 -0.016835 0.012586
v 0.389297 -0.017105 -0.013320
v 0.376936 -0.011852 0.009536
v 0.382428 -0.014329 -0.008786
v 0.378372 -0.012539 -0.008182
v 0.383622 -0.016635 0.014613
v 0.381221 -0.014572 0.009546
v 0.378746 -0.017434 -0.013940
v 0.376779 -0.017224 -0.010995
v 0.376743 -0.017264 0.010853
v 0.377643 -0.018987 0.014243
v 0.373849 -0.014179 0.011010
v 0.369962 -0.016411 0.009588
v 0.371118 -0.019499 0.000034
v 0.372630 -0.018295 -0.008877
v 0.470875 -0.125822 -0.008941
v 0.467501 -0.132062 -0.009713
v 0.472698 -0.138686 -0.012017
v 0.478091 -0.129177 -0.011002
v 0.479177 -0.133291 -0.012705
v 0.463149 -0.126887 -0.004274
v 0.466227 -0.125444 -0.005481
v 0.463153 -0.132539 -0.011242
v 0.460857 -0.127035 -0.003945
v 0.479906 -0.141019 -0.010131
v 0.485633 -0.135528 -0.015313
v 0.479469 -0.127154 -0.013136
v 0.099955 0.055443 0.099685
v 0.087646 0.053988 0.103498
v 0.091492 0.053783 0.105263
v 0.103217 0.052792 0.102923
v 0.109206 0.053292 0.099968
v 0.075930 0.047716 0.107470
v 0.474379 -0.134123 0.011011
v 0.478871 -0.134322 0.015196
v 0.475362 -0.139363 0.009741
v 0.477471 -0.126426 0.012720
v 0.475300 -0.129706 0.010132
v 0.468195 -0.131102 0.008975
v 0.471166 -0.138433 0.011138
v 0.462914 -0.131972 0.009255
v 0.479691 -0.142793 0.007947
v 0.485216 -0.140322 0.006235
v 0.488983 -0.136774 0.014860
v 0.490422 -0.140631 0.005755
v 0.479559 -0.134810 0.021443
v 0.476377 -0.131496 0.021248
v 0.486957 -0.138959 0.020967
v -0.258380 -0.056094 -0.002631
v -0.255569 -0.057149 0.001751
v -0.272876 -0.050311 0.002103
v -0.272687 -0.050633 -0.001882
v -0.248673 -0.061347 -0.002091
v -0.280260 -0.046167 -0.000849
v -0.240626 -0.068070 -0.001015
v -0.287748 -0.040833 -0.001382
v -0.286122 -0.039074 0.002008
v -0.240791 -0.064118 0.002209
v -0.233305 -0.074758 -0.000661
v -0.339519 -0.049752 -0.001716
v -0.318139 -0.040911 -0.001448
v -0.327548 -0.043215 0.001519
v -0.325930 -0.038239 0.005936
v -0.344160 -0.051963 0.001654
v -0.347041 -0.047258 0.005962
v -0.363346 -0.055553 0.005619
v -0.360331 -0.061863 0.001836
v -0.373315 -0.066932 0.005007
v -0.371989 -0.073527 0.001667
v -0.380876 -0.083217 0.002557
v -0.382683 -0.076616 0.005342
v -0.337033 -0.032750 0.009693
v -0.388045 -0.094242 0.002090
v -0.388538 -0.086207 0.004973
v -0.397054 -0.100435 0.004229
v -0.319430 -0.029914 0.009928
v -0.302420 -0.030759 0.009299
v -0.392900 -0.102775 -0.000176
v -0.399383 -0.110978 0.002146
v 0.347728 -0.042180 -0.002125
v 0.357513 -0.044129 -0.000799
v 0.342448 -0.041765 0.001695
v 0.325706 -0.043094 0.000104
v 0.358728 -0.043365 0.001937
v 0.374611 -0.047672 -0.001983
v 0.375428 -0.047943 0.001436
v 0.388922 -0.052753 -0.001794
v 0.333645 -0.039981 -0.005145
v 0.315183 -0.044183 -0.003207
v 0.308375 -0.047046 0.000053
v 0.141705 0.042128 0.075398
v 0.117331 0.052923 0.091383
v 0.133834 0.046091 0.083357
v 0.123175 0.050251 0.091112
v 0.109206 0.053292 0.099968
v 0.145048 0.039119 0.075314
v 0.153223 0.035235 0.064913
v 0.090935 -0.051809 0.056115
v 0.097744 -0.054783 0.056113
v 0.089466 -0.049204 0.060747
v 0.082267 -0.045095 0.061839
v 0.075925 -0.037446 0.070691
v 0.104015 -0.055815 0.050465
v 0.114157 -0.056729 0.048302
v 0.117283 -0.054406 0.051427
v 0.125837 -0.057337 0.044587
v 0.123825 -0.012710 0.063243
v 0.129925 0.007599 0.068453
v 0.106500 -0.003779 0.074836
v 0.093636 -0.003422 0.081034
v 0.105220 -0.028558 0.066630
v 0.101888 -0.039998 0.063463
v 0.081362 -0.021556 0.078762
v 0.104313 -0.047623 0.059345
v 0.078097 0.015156 0.095436
v 0.128634 -0.024328 0.057143
v 0.150444 -0.026232 0.046113
v 0.117858 0.022502 0.081324
v 0.091639 0.027621 0.095418
v 0.134797 0.023198 0.072968
v 0.102005 0.034615 0.094263
v 0.086826 0.045875 0.104960
v 0.146002 0.014791 0.062712
v 0.152798 -0.008008 0.050020
v 0.071250 0.035065 0.104903
v 0.167907 0.012962 0.048216
v 0.160101 -0.015791 0.043359
v 0.156005 0.026710 0.061620
v 0.180614 0.004521 0.037507
v 0.176913 -0.015801 0.034022
v 0.189759 0.002159 0.032661
v 0.123771 -0.042595 0.055097
v 0.174280 -0.022585 0.034378
v 0.138972 -0.037287 0.050054
v 0.140886 -0.050520 0.046365
v 0.156747 -0.050659 0.041017
v 0.162184 -0.045533 0.040959
v 0.154379 -0.033199 0.043361
v 0.170144 -0.035193 0.036805
v 0.173311 -0.047308 0.034119
v 0.178751 -0.042399 0.033202
v 0.190481 -0.011743 0.029933
v 0.184997 0.012800 0.036029
v 0.137294 0.038087 0.080784
v 0.116188 0.045250 0.094620
v 0.103217 0.052792 0.102923
v 0.126276 0.045507 0.089538
v 0.109206 0.053292 0.099968
v 0.145048 0.039119 0.075314
v 0.069756 0.006415 0.093940
v 0.077027 -0.034548 0.073235
v 0.070479 -0.018275 0.082727
v 0.183553 -0.031137 0.034021
v 0.063743 0.026462 0.102946
v 0.167587 0.025204 0.051923
v 0.174724 0.013028 0.043147
v 0.075930 0.047716 0.107470
v 0.177129 -0.050801 0.028704
v 0.185379 -0.046530 0.029573
v 0.190254 -0.034283 0.032798
v 0.207784 -0.032831 0.028964
v 0.205313 -0.023364 0.032058
v 0.213363 -0.015507 0.029747
v 0.091492 0.053783 0.105263
v 0.061935 0.005208 0.094229
v 0.136409 -0.054916 0.044276
v 0.065008 0.037622 0.105883
v 0.153223 0.035235 0.064913
v 0.178992 -0.028866 0.034369
v 0.123175 0.050251 0.091112
v 0.067784 -0.023242 0.079505
v 0.064102 -0.013095 0.084510
v 0.133834 0.046091 0.083357
v 0.060224 0.031183 0.103445
v 0.178052 0.015859 0.038140
v 0.170812 0.021878 0.046153
v 0.059821 0.009568 0.095159
v 0.070448 -0.027891 0.074891
v 0.146618 -0.053733 0.039749
v 0.061389 0.004465 -0.091046
v 0.062070 0.002770 -0.094993
v 0.060797 0.002534 -0.092929
v 0.060384 0.014305 -0.096663
v 0.063310 -0.010676 -0.086947
v 0.062479 0.025752 -0.102312
v -0.306834 0.004207 -0.001786
v -0.323503 0.001338 -0.001708
v -0.310071 0.003014 0.001646
v -0.293539 0.011006 -0.000375
v -0.337578 0.001657 -0.001045
v 0.111727 0.055886 -0.104941
v 0.101004 0.056529 -0.109426
v 0.110594 0.058222 -0.103181
v 0.101262 0.058368 -0.107711
v 0.123833 0.054697 -0.095913
v 0.087180 0.053508 -0.111357
v 0.110691 0.001476 -0.074881
v 0.140158 0.004871 -0.060995
v 0.116855 -0.016206 -0.064536
v 0.133285 -0.014176 -0.056574
v 0.155725 -0.013527 -0.044803
v 0.157614 0.000234 -0.048905
v 0.174532 -0.014338 -0.034128
v 0.093620 -0.008707 -0.079138
v 0.087587 0.015333 -0.092385
v 0.080955 0.004025 -0.090748
v 0.078973 -0.014416 -0.083438
v 0.131667 0.019017 -0.072660
v 0.105154 0.018301 -0.085734
v 0.145445 0.024728 -0.067650
v 0.149895 0.004056 -0.054888
v 0.110597 0.032938 -0.091199
v 0.095089 0.024806 -0.094059
v 0.094623 0.039860 -0.102259
v 0.123582 0.036697 -0.087558
v 0.175064 0.018593 -0.045816
v 0.169824 0.024671 -0.052455
v 0.157350 0.033209 -0.064574
v 0.088925 -0.025815 -0.074805
v 0.103222 -0.030133 -0.067038
v 0.091425 -0.040645 -0.067070
v 0.180037 0.003663 -0.036867
v 0.073703 0.026168 -0.102159
v 0.183047 0.014534 -0.037959
v 0.117661 -0.038344 -0.058374
v 0.127060 -0.028718 -0.056455
v 0.147044 -0.024307 -0.047039
v 0.066682 -0.003124 -0.092634
v 0.076110 -0.022644 -0.080426
v 0.143764 -0.036188 -0.047001
v 0.189454 0.004535 -0.033485
v 0.187428 -0.011607 -0.029954
v 0.084683 0.047818 -0.109873
v 0.165976 -0.033847 -0.036717
v 0.170846 -0.027627 -0.034740
v 0.142757 0.039980 -0.080398
v 0.127484 0.047653 -0.094018
v 0.140196 0.046520 -0.084552
v 0.102083 0.053277 -0.109015
v 0.195034 0.016431 -0.035847
v 0.128487 -0.043708 -0.053706
v 0.135332 -0.050967 -0.048794
v 0.149346 -0.046842 -0.045295
v 0.145501 -0.053078 -0.043127
v 0.103644 -0.052086 -0.057776
v 0.157560 -0.051719 -0.040682
v 0.165112 -0.043953 -0.039678
v 0.163168 -0.049234 -0.037709
v 0.173441 -0.047777 -0.034325
v 0.175078 -0.040752 -0.035162
v 0.181296 -0.049719 -0.029891
v 0.188426 -0.043118 -0.030587
v 0.200395 -0.000909 -0.029593
v 0.064929 0.013097 -0.098895
v 0.064963 0.027197 -0.103885
v 0.073507 -0.029578 -0.077066
v 0.076659 0.042030 -0.108121
v 0.150135 0.041810 -0.074041
v 0.112944 -0.055587 -0.052350
v 0.131772 -0.054672 -0.046947
v 0.066899 -0.019350 -0.082874
v 0.076130 -0.036396 -0.072045
v 0.062070 0.002770 -0.094993
v 0.086708 -0.047534 -0.062198
v 0.091949 -0.052861 -0.057204
v 0.175271 -0.052052 -0.029411
v 0.139690 -0.053576 -0.041251
v 0.168930 -0.050484 -0.031711
v 0.102744 -0.056129 -0.052927
v 0.067516 0.037718 -0.105870
v 0.131736 -0.055863 -0.044626
v 0.063310 -0.010676 -0.086947
v 0.124322 -0.056259 -0.045032
v 0.062479 0.025752 -0.102312
v 0.077233 0.046946 -0.107759
v 0.112680 -0.056745 -0.048804
v 0.059821 0.009568 0.095159
v 0.062672 -0.006213 0.085006
v 0.061935 0.005208 0.094229
v 0.064102 -0.013095 0.084510
v -0.435793 -0.018299 -0.000660
v -0.427794 -0.027610 -0.001956
v -0.430303 -0.031564 -0.001306
v -0.433814 -0.056712 -0.001752
v -0.098314 0.141795 -0.001545
v -0.110350 0.151889 -0.002013
v -0.103976 0.145664 0.001700
v -0.114199 0.156255 -0.000430
v -0.094485 0.141383 0.000053
v -0.124412 0.164349 -0.000238
v -0.132929 0.169463 -0.002354
v -0.134922 0.172784 -0.000577
v -0.149699 0.182634 -0.002094
v -0.147755 0.182451 -0.000704
v -0.166874 0.193113 -0.001753
v -0.170418 0.194102 0.001775
v -0.159473 0.188384 0.001986
v -0.174141 0.197385 0.000013
v -0.146320 0.179363 0.001916
v -0.128944 0.165444 0.001945
v -0.113400 0.151336 0.002826
v 0.389593 -0.021668 -0.014250
v 0.383173 -0.021464 -0.016708
v 0.383726 -0.027771 -0.016245
v 0.388566 -0.029899 -0.013924
v 0.389297 -0.017105 -0.013320
v 0.378746 -0.017434 -0.013940
v 0.376819 -0.023103 -0.014384
v 0.376909 -0.030418 -0.013450
v -0.425150 -0.131457 -0.002050
v -0.417957 -0.130551 0.001991
v -0.428269 -0.131450 0.001887
v -0.416356 -0.129441 -0.001793
v -0.439314 -0.128292 -0.000333
v 0.383641 -0.021023 0.016578
v 0.389786 -0.022520 0.014455
v 0.383072 -0.027213 0.015914
v 0.388370 -0.030106 0.013268
v 0.383622 -0.016635 0.014613
v 0.389785 -0.016835 0.012586
v 0.377643 -0.018987 0.014243
v 0.376503 -0.026693 0.014816
v 0.140196 0.046520 -0.084552
v 0.133502 0.051333 -0.087285
v 0.144930 0.046071 -0.078916
v 0.123833 0.054697 -0.095913
v -0.493722 0.052108 -0.003275
v -0.486595 0.046937 -0.003658
v -0.485587 0.046066 -0.001023
v -0.481559 0.028685 -0.002313
v -0.289848 0.014498 -0.000679
v -0.293539 0.011006 -0.000375
v -0.288811 0.014799 0.001520
v -0.292784 0.006545 0.006133
v -0.310071 0.003014 0.001646
v -0.312949 -0.001908 0.005974
v -0.283473 0.005132 0.010747
v -0.277086 0.016970 0.003663
v -0.253919 0.017953 0.011195
v -0.250823 0.028456 0.004420
v -0.226018 0.032554 0.011092
v -0.239675 0.032866 0.004835
v -0.226272 0.040657 0.004876
v -0.214935 0.048342 0.004926
v -0.201999 0.045932 0.012428
v -0.271902 0.003047 0.014712
v -0.251392 0.012743 0.014497
v -0.223886 0.026710 0.014620
v -0.337578 0.001657 -0.001045
v -0.341595 -0.000507 0.002436
v -0.356757 0.005577 -0.001664
v -0.365854 0.001752 0.002603
v -0.366646 0.008953 -0.001364
v -0.379830 0.014815 -0.001312
v 0.168810 0.018511 0.038122
v 0.172726 0.030453 0.038586
v 0.164920 0.013911 0.038223
v 0.178052 0.015859 0.038140
v 0.185286 0.033452 0.038405
v 0.188947 0.055673 0.037090
v 0.148441 0.055694 0.036709
v 0.154921 0.032394 0.037590
v 0.136345 0.028025 0.037317
v 0.125116 0.045657 0.037120
v 0.108174 0.033027 0.037259
v 0.088739 0.043569 0.036794
v 0.076443 0.028215 0.036576
v 0.080134 0.051786 0.036088
v 0.049195 0.055933 0.035570
v 0.092945 0.065282 0.035112
v 0.032863 0.037706 0.036192
v 0.006083 0.047446 0.034984
v -0.012071 0.019582 0.034852
v -0.031548 0.032349 0.034410
v -0.010174 0.055136 0.033742
v -0.050413 0.042194 0.033493
v -0.030676 0.005813 0.034198
v -0.053483 0.004850 0.033936
v -0.071939 0.022390 0.033019
v -0.091199 0.011484 0.032209
v -0.079773 -0.013777 0.031808
v -0.107836 -0.000778 0.030650
v -0.078104 0.042816 0.031488
v -0.119501 0.024194 0.029131
v -0.151357 0.010437 0.027658
v -0.136348 -0.009131 0.028216
v -0.048681 0.065394 0.031445
v 0.033303 0.070202 0.033722
v -0.017982 0.067860 0.032123
v 0.157173 0.077527 0.034609
v 0.203209 0.063303 0.036434
v 0.198888 0.036246 0.037284
v 0.224235 0.045842 0.037238
v 0.246063 0.052488 0.036563
v 0.242219 0.030784 0.036423
v 0.259970 0.039002 0.037656
v 0.270029 0.047484 0.037351
v 0.274892 0.028890 0.038124
v 0.211957 0.032059 0.036610
v 0.194720 0.024188 0.036718
v -0.186059 -0.012402 0.023444
v -0.197162 0.004425 0.023206
v -0.231633 0.001967 0.019762
v -0.218929 -0.012894 0.020392
v -0.256319 -0.010575 0.017423
v 0.253172 0.018841 0.035415
v 0.232143 0.017083 0.034553
v 0.277468 0.016453 0.037768
v -0.264997 -0.002360 0.016390
v -0.292286 -0.013993 0.014018
v 0.201734 0.014624 0.034378
v -0.267131 -0.021629 0.015022
v -0.236048 -0.018459 0.017764
v -0.294096 -0.021529 0.013361
v -0.323749 -0.024618 0.011163
v 0.184997 0.012800 0.036029
v 0.284415 0.030757 0.039780
v -0.119110 0.041360 0.027907
v -0.159912 0.020768 0.025918
v -0.199444 0.012532 0.022215
v -0.316184 -0.014015 0.011221
v -0.349206 -0.014415 0.008875
v -0.354431 -0.026911 0.009425
v -0.337033 -0.032750 0.009693
v -0.351925 -0.041049 0.008396
v -0.370965 -0.049094 0.007040
v -0.396289 -0.012637 0.005535
v -0.412942 -0.038863 0.002239
v -0.363346 -0.055553 0.005619
v -0.373315 -0.066932 0.005007
v -0.319430 -0.029914 0.009928
v -0.421585 -0.028621 0.001165
v -0.433814 -0.056712 -0.001752
v -0.408079 -0.071079 0.002300
v -0.412098 0.005027 0.004736
v -0.385921 -0.052626 0.005468
v -0.382683 -0.076616 0.005342
v -0.401135 -0.096736 0.004813
v -0.388538 -0.086207 0.004973
v -0.397054 -0.100435 0.004229
v -0.410220 -0.116322 0.004320
v -0.435793 -0.018299 -0.000660
v -0.433554 0.009567 0.002324
v -0.424147 0.019765 0.004144
v -0.436687 0.031639 0.003733
v -0.447342 0.041999 0.003400
v -0.457840 0.005422 -0.001934
v -0.448666 -0.006612 -0.001738
v -0.462204 0.058429 0.003193
v -0.493220 0.058633 -0.001537
v -0.483724 0.080778 0.001174
v -0.414915 -0.100188 0.003248
v -0.442922 -0.110612 0.000566
v -0.426582 -0.075653 -0.000622
v -0.439800 -0.077046 -0.001689
v -0.447138 -0.094836 -0.001986
v -0.365257 -0.010970 0.007154
v -0.381675 -0.007788 0.006068
v -0.395545 0.005340 0.003976
v -0.434955 -0.126064 0.002793
v -0.417957 -0.130551 0.001991
v -0.428269 -0.131450 0.001887
v -0.493971 0.078585 -0.000941
v 0.131010 0.084212 0.033060
v 0.104037 0.085228 0.032488
v 0.050688 0.083707 0.032251
v 0.278590 0.056999 0.036526
v 0.257196 0.063392 0.035401
v 0.300308 0.041571 0.040415
v 0.224489 0.081354 0.033376
v -0.240265 0.007101 0.018147
v -0.452593 0.062115 0.002192
v -0.462091 0.080809 0.000517
v -0.476183 0.084772 0.000739
v -0.081725 0.074503 0.026690
v -0.041696 0.079006 0.029706
v 0.007085 0.079725 0.031185
v -0.058412 0.090475 0.026188
v 0.171953 0.089111 0.032969
v -0.150085 0.040960 0.024332
v -0.108123 0.072791 0.023739
v -0.450010 -0.114066 -0.000891
v -0.413173 0.025035 0.002355
v -0.432171 0.046692 0.001537
v -0.443516 0.062680 0.000592
v -0.180228 0.039693 0.020072
v -0.297558 -0.006481 0.012055
v -0.497590 0.065477 -0.002389
v 0.003357 0.097641 0.027701
v -0.034265 0.096245 0.026634
v -0.430303 -0.031564 -0.001306
v 0.278589 0.071264 0.033119
v 0.049982 0.099273 0.029015
v 0.144634 0.103332 0.028997
v 0.099049 0.103810 0.028467
v -0.087692 0.106794 0.019134
v -0.206317 0.028706 0.017674
v -0.122831 0.094641 0.016766
v -0.155827 0.059522 0.018648
v 0.260057 0.084779 0.030911
v -0.060678 0.117073 0.019320
v -0.034701 0.111021 0.022727
v 0.051556 0.109692 0.026223
v 0.188556 0.099212 0.030060
v 0.303137 0.060404 0.035552
v 0.314087 0.043810 0.039846
v 0.290321 0.020533 0.042104
v 0.293322 0.032728 0.041428
v -0.086108 0.123229 0.014642
v -0.105356 0.119114 0.012916
v 0.217645 0.105460 0.027004
v -0.477157 0.091617 -0.001378
v -0.155667 0.074677 0.014743
v -0.182091 0.053862 0.014890
v 0.099666 0.119166 0.023794
v 0.247194 0.101822 0.026436
v -0.014402 0.126109 0.018509
v 0.064609 0.121544 0.022542
v 0.029393 0.124273 0.020478
v -0.125085 0.113578 0.010576
v -0.141624 0.104803 0.009251
v -0.344796 -0.007223 0.006606
v -0.044752 0.131910 0.015119
v 0.172921 0.111781 0.025989
v 0.135571 0.112884 0.025826
v -0.065560 0.130318 0.014308
v -0.319742 -0.007634 0.008492
v 0.268211 0.096264 0.026241
v 0.297308 0.082637 0.027011
v -0.347041 -0.047258 0.005962
v 0.180614 0.004521 0.037507
v -0.407579 -0.122598 0.002128
v -0.397312 0.019318 0.000462
v -0.486622 0.086910 -0.001715
v -0.302420 -0.030759 0.009299
v -0.151287 0.096817 0.008794
v -0.165768 0.082307 0.009067
v -0.087808 0.133640 0.009980
v -0.128105 0.130756 0.003026
v -0.109890 0.137262 0.003899
v -0.128498 0.146430 0.003481
v -0.163113 0.166206 0.003866
v -0.188306 0.160855 0.003281
v -0.163385 0.134824 0.002716
v -0.191707 0.126197 0.002152
v -0.194240 0.174359 0.003756
v -0.194366 0.111691 0.002238
v -0.157926 0.102498 0.003567
v -0.168902 0.090240 0.003879
v -0.199194 0.101049 0.002416
v -0.186709 0.071861 0.004934
v -0.204238 0.080831 0.003347
v -0.198839 0.060525 0.005046
v -0.227198 0.066948 0.002362
v -0.247852 0.051049 0.002182
v -0.141791 0.119312 0.003101
v -0.262899 0.039877 0.002254
v -0.272646 0.036586 0.001949
v -0.266117 0.022904 0.003958
v -0.287004 0.021853 0.001708
v -0.178354 0.185584 0.003831
v -0.206040 0.187457 0.002734
v -0.183138 0.193990 0.002951
v -0.113400 0.151336 0.002826
v -0.156149 0.176394 0.003632
v -0.131331 0.160434 0.003076
v -0.196930 0.144762 0.001825
v -0.213755 0.085933 0.001225
v -0.213213 0.181704 0.001402
v -0.159473 0.188384 0.001986
v -0.198898 0.194517 0.001671
v -0.209283 0.166776 0.000256
v -0.200698 0.125604 -0.000086
v -0.203210 0.108635 0.000078
v -0.128944 0.165444 0.001945
v -0.146320 0.179363 0.001916
v -0.170418 0.194102 0.001775
v -0.209335 0.096008 0.000023
v -0.103976 0.145664 0.001700
v -0.100098 0.139036 0.004102
v -0.203131 0.149178 0.000022
v -0.290446 0.024574 -0.000288
v -0.257578 0.049745 0.000020
v -0.246430 0.057759 -0.000037
v -0.233587 0.067737 0.000021
v -0.225082 0.075829 0.000031
v 0.134440 0.121329 0.022148
v -0.184202 0.064635 0.010174
v 0.221908 0.115135 0.022482
v 0.184492 0.119029 0.022222
v -0.398927 0.027257 -0.001865
v -0.417887 0.042424 -0.001352
v 0.265247 0.106436 0.022127
v 0.314954 0.061890 0.032619
v 0.007200 0.135572 0.014190
v 0.059634 0.130814 0.017785
v -0.459388 0.085451 -0.001902
v -0.442699 0.068862 -0.001486
v -0.211164 0.189527 -0.000144
v -0.264960 0.043979 -0.000188
v -0.429663 0.054800 -0.001726
v 0.298875 0.022752 0.047484
v 0.306094 0.025331 0.049006
v 0.306870 0.019044 0.050394
v 0.316603 0.023322 0.050262
v 0.316797 0.013148 0.050181
v 0.298937 0.014351 0.048079
v 0.303229 0.009812 0.048211
v 0.327906 0.015822 0.047881
v 0.315035 0.035766 0.044826
v 0.326905 0.023712 0.047039
v 0.325023 0.010896 0.047850
v 0.313749 0.006392 0.047771
v 0.093927 0.130409 0.017995
v -0.061710 0.138818 0.009949
v -0.217680 0.084366 -0.000109
v 0.302343 0.087728 0.023344
v -0.015102 0.139083 0.011186
v -0.194622 0.197767 0.000056
v -0.399383 -0.110978 0.002146
v -0.472436 0.016726 -0.003164
v 0.290828 0.013331 0.041731
v -0.174141 0.197385 0.000013
v -0.391063 0.022095 -0.003197
v -0.274255 0.038953 -0.000092
v -0.439314 -0.128292 -0.000333
v 0.072166 0.134567 0.014738
v -0.094485 0.141383 0.000053
v 0.040270 0.139316 0.009879
v -0.459238 0.005797 -0.002976
v -0.213546 0.181374 -0.000790
v 0.479469 -0.127154 -0.013136
v 0.483702 -0.119598 -0.010380
v 0.482274 -0.126262 -0.007232
v 0.484969 -0.119059 -0.005568
v 0.482401 -0.126250 0.009007
v 0.483416 -0.118707 0.009159
v 0.484817 -0.110488 0.001642
v 0.482105 -0.100818 -0.002059
v 0.481204 -0.098474 0.003049
v 0.477279 -0.089596 0.000472
v 0.475770 -0.089023 -0.003312
v 0.468568 -0.075923 -0.002226
v -0.450010 -0.114066 -0.000891
v -0.444283 -0.122856 -0.003191
v -0.439314 -0.128292 -0.000333
v -0.451185 -0.110854 -0.003777
v -0.447138 -0.094836 -0.001986
v 0.163168 -0.049234 -0.037709
v 0.168930 -0.050484 -0.031711
v 0.162996 -0.049751 -0.029891
v 0.175271 -0.052052 -0.029411
v 0.152814 -0.053041 -0.039480
v 0.157560 -0.051719 -0.040682
v 0.151660 -0.049831 -0.035474
v 0.139690 -0.053576 -0.041251
v 0.145501 -0.053078 -0.043127
v 0.135764 -0.053026 0.040603
v 0.136409 -0.054916 0.044276
v 0.125837 -0.057337 0.044587
v 0.146618 -0.053733 0.039749
v 0.119901 -0.056716 0.044471
v 0.150237 -0.048863 0.035763
v 0.158113 -0.049938 0.036602
v 0.147503 -0.044331 0.034573
v 0.152308 -0.037880 0.029903
v 0.157459 -0.042706 0.029452
v 0.160105 -0.045926 0.029286
v 0.135290 -0.048075 0.040046
v 0.114157 -0.056729 0.048302
v 0.170992 -0.048941 0.029547
v 0.173311 -0.047308 0.034119
v 0.156747 -0.050659 0.041017
v 0.177129 -0.050801 0.028704
v 0.070794 -0.029289 -0.075405
v 0.076130 -0.036396 -0.072045
v 0.076308 -0.037074 -0.067106
v 0.078833 -0.040380 -0.068162
v 0.082085 -0.044211 -0.061189
v 0.086708 -0.047534 -0.062198
v 0.091949 -0.052861 -0.057204
v 0.073507 -0.029578 -0.077066
v 0.066899 -0.019350 -0.082874
v 0.067579 -0.023203 -0.077379
v 0.065776 -0.015581 -0.080472
v 0.063310 -0.010676 -0.086947
v 0.061389 0.004465 -0.091046
v 0.060797 0.002534 -0.092929
v -0.421073 0.045209 -0.003874
v -0.429663 0.054800 -0.001726
v -0.417887 0.042424 -0.001352
v -0.435991 0.060723 -0.003596
v -0.442699 0.068862 -0.001486
v -0.446968 0.074178 -0.002991
v -0.406522 0.033899 -0.003421
v -0.398927 0.027257 -0.001865
v -0.391063 0.022095 -0.003197
v -0.448666 -0.006612 -0.001738
v -0.427794 -0.027610 -0.001956
v -0.435793 -0.018299 -0.000660
v -0.433814 -0.056712 -0.001752
v -0.435479 -0.061431 -0.003017
v -0.439800 -0.077046 -0.001689
v -0.427794 -0.027610 -0.001956
v -0.442108 -0.081317 -0.003071
v -0.447138 -0.094836 -0.001986
v -0.198616 0.194849 -0.001512
v -0.211164 0.189527 -0.000144
v -0.198898 0.194517 0.001671
v -0.194622 0.197767 0.000056
v 0.172726 0.030453 0.038586
v 0.160548 0.004115 0.035861
v 0.164920 0.013911 0.038223
v 0.161919 0.006893 0.037954
v 0.158272 -0.001615 0.037970
v 0.157185 -0.006698 0.035010
v 0.060224 0.031183 0.103445
v 0.059198 0.020025 0.097664
v 0.059821 0.009568 0.095159
v -0.459388 0.085451 -0.001902
v -0.442699 0.068862 -0.001486
v -0.446968 0.074178 -0.002991
v 0.147194 -0.028354 -0.031029
v 0.147382 -0.037512 -0.033456
v 0.148959 -0.038402 -0.030191
v 0.147104 -0.031444 -0.033510
v 0.154465 -0.044676 -0.029906
v 0.075096 -0.035943 0.068246
v 0.080416 -0.038906 0.062928
v 0.075925 -0.037446 0.070691
v 0.070448 -0.027891 0.074891
v 0.082267 -0.045095 0.061839
v 0.073015 -0.026798 0.071823
v 0.067443 -0.013719 0.079345
v 0.064102 -0.013095 0.084510
v 0.062672 -0.006213 0.085006
v 0.067784 -0.023242 0.079505
v 0.088131 -0.045571 0.056917
v 0.090935 -0.051809 0.056115
v 0.094314 -0.050810 0.053278
v 0.104015 -0.055815 0.050465
v 0.065008 0.037622 0.105883
v 0.063797 0.037396 0.102955
v 0.060224 0.031183 0.103445
v 0.069973 0.043920 0.103783
v 0.075930 0.047716 0.107470
v 0.078247 0.050012 0.103608
v 0.087646 0.053988 0.103498
v 0.061557 0.031755 0.099733
v 0.092771 0.052530 0.095873
v 0.099955 0.055443 0.099685
v 0.111464 0.052843 0.091007
v 0.059198 0.020025 0.097664
v 0.122061 -0.008677 0.054715
v 0.136373 -0.014408 0.044928
v 0.111122 -0.015888 0.057017
v 0.094700 -0.008494 0.068686
v 0.086859 -0.024742 0.065643
v 0.091370 0.009187 0.079053
v 0.118719 0.027153 0.074206
v 0.128215 0.025721 0.068264
v 0.101570 0.032420 0.084497
v 0.073689 -0.010905 0.077504
v 0.075786 0.012470 0.087419
v 0.114085 0.042137 0.082601
v 0.082169 0.032534 0.092953
v 0.132411 0.039275 0.073455
v 0.146324 0.015314 0.052544
v 0.150461 0.002028 0.043717
v 0.158272 -0.001615 0.037970
v 0.151205 -0.016693 0.034411
v 0.150269 0.033274 0.061259
v 0.105849 -0.032542 0.053886
v 0.063212 0.004213 0.088060
v 0.063226 0.021588 0.095845
v 0.073372 0.041548 0.099768
v 0.083499 0.047157 0.097041
v 0.095577 0.048228 0.091859
v 0.119973 0.048518 0.083918
v 0.159613 0.024861 0.050303
v 0.161919 0.006893 0.037954
v 0.121186 -0.034288 0.046568
v 0.137626 -0.029636 0.040932
v 0.164920 0.013911 0.038223
v 0.107030 -0.052670 0.048693
v 0.117500 -0.052372 0.045018
v 0.146795 -0.029987 0.035153
v 0.135290 -0.048075 0.040046
v 0.169170 0.019300 0.040438
v 0.132676 0.043461 0.076445
v 0.142006 0.039476 0.070453
v 0.147503 -0.044331 0.034573
v 0.149185 -0.031718 0.031744
v 0.119901 -0.056716 0.044471
v 0.157185 -0.006698 0.035010
v 0.152308 -0.037880 0.029903
v 0.059821 0.009568 0.095159
v 0.114157 -0.056729 0.048302
v 0.168810 0.018511 0.038122
v 0.170812 0.021878 0.046153
v 0.160341 0.029845 0.055697
v 0.167587 0.025204 0.051923
v 0.153223 0.035235 0.064913
v 0.141705 0.042128 0.075398
v 0.117331 0.052923 0.091383
v 0.178052 0.015859 0.038140
v 0.109206 0.053292 0.099968
v -0.182197 0.197552 -0.001543
v -0.194622 0.197767 0.000056
v -0.174141 0.197385 0.000013
v -0.190268 -0.118224 -0.000336
v -0.188629 -0.119517 -0.001961
v -0.180428 -0.132339 -0.001388
v -0.198420 -0.109712 -0.001370
v 0.373849 -0.014179 0.011010
v 0.376936 -0.011852 0.009536
v 0.376743 -0.017264 0.010853
v 0.381221 -0.014572 0.009546
v 0.374204 -0.019949 0.008436
v 0.369962 -0.016411 0.009588
v 0.150135 0.041810 -0.074041
v 0.144930 0.046071 -0.078916
v 0.155285 0.039159 -0.066727
v 0.140196 0.046520 -0.084552
v 0.157350 0.033209 -0.064574
v 0.169824 0.024671 -0.052455
v 0.165990 0.029360 -0.055289
v 0.171817 0.024834 -0.047678
v 0.176335 0.020938 -0.042413
v 0.175064 0.018593 -0.045816
v 0.183047 0.014534 -0.037959
v 0.179104 0.022487 -0.038501
v 0.169044 0.022345 -0.038255
v 0.091949 -0.052861 -0.057204
v 0.102744 -0.056129 -0.052927
v 0.099332 -0.054228 -0.052462
v 0.105918 -0.052399 -0.049034
v 0.112680 -0.056745 -0.048804
v 0.095311 -0.049924 -0.053222
v 0.086826 -0.044551 -0.057797
v 0.082085 -0.044211 -0.061189
v 0.117847 -0.051981 -0.045868
v 0.124322 -0.056259 -0.045032
v 0.132168 -0.049906 -0.041528
v 0.130016 -0.045876 -0.041555
v 0.145288 -0.044054 -0.034660
v 0.139690 -0.053576 -0.041251
v 0.151660 -0.049831 -0.035474
v 0.131736 -0.055863 -0.044626
v 0.154465 -0.044676 -0.029906
v 0.162996 -0.049751 -0.029891
v 0.395255 -0.022546 -0.019061
v 0.383726 -0.027771 -0.016245
v 0.372271 -0.033033 -0.013757
v 0.376909 -0.030418 -0.013450
v 0.147194 -0.028354 -0.031029
v 0.150436 -0.024866 -0.032294
v 0.147104 -0.031444 -0.033510
v 0.151368 -0.017746 -0.031125
v 0.153175 -0.014446 -0.033521
v 0.376503 -0.026693 0.014816
v 0.370011 -0.039876 0.007233
v 0.374927 -0.028728 0.012456
v 0.374204 -0.019949 0.008436
v 0.377643 -0.018987 0.014243
v 0.376743 -0.017264 0.010853
v 0.374231 -0.025862 -0.003005
v 0.162063 0.010088 -0.038083
v 0.165802 0.006564 -0.035721
v 0.163352 0.009167 -0.034863
v 0.162726 0.015626 -0.037200
v 0.163632 0.018571 -0.039768
v 0.169044 0.022345 -0.038255
v 0.128829 0.003684 -0.057220
v 0.110837 0.010434 -0.070326
v 0.113046 -0.009202 -0.059563
v 0.134924 0.022038 -0.062776
v 0.115384 0.019968 -0.072553
v 0.137851 -0.004145 -0.048061
v 0.119252 0.031897 -0.076930
v 0.149495 0.014769 -0.049600
v 0.152591 0.006383 -0.043471
v 0.112135 -0.021207 -0.055253
v 0.141804 -0.016981 -0.040702
v 0.157702 -0.006478 -0.034152
v 0.084684 0.006586 -0.080973
v 0.083886 -0.009498 -0.073996
v 0.089709 -0.023306 -0.065006
v 0.086338 0.017827 -0.085316
v 0.091189 0.035139 -0.091451
v 0.070474 -0.022008 -0.074648
v 0.079366 -0.035965 -0.064522
v 0.162221 0.000043 -0.035452
v 0.066448 -0.007391 -0.082794
v 0.062513 0.014743 -0.093938
v 0.064114 0.028627 -0.099241
v 0.086826 -0.044551 -0.057797
v 0.116522 -0.038084 -0.048299
v 0.138589 0.034739 -0.068603
v 0.073684 0.042247 -0.102961
v 0.158875 0.026138 -0.051029
v 0.103738 0.048995 -0.094369
v 0.129756 0.045145 -0.080530
v 0.153175 -0.014446 -0.033521
v 0.095311 -0.049924 -0.053222
v 0.137979 -0.032912 -0.039091
v 0.061389 0.004465 -0.091046
v 0.147104 -0.031444 -0.033510
v 0.065776 -0.015581 -0.080472
v 0.156307 0.034382 -0.058836
v 0.146303 0.041538 -0.070263
v 0.083826 0.050836 -0.104939
v 0.105918 -0.052399 -0.049034
v 0.130016 -0.045876 -0.041555
v 0.147382 -0.037512 -0.033456
v 0.082085 -0.044211 -0.061189
v 0.121358 0.052880 -0.090312
v 0.117299 0.056222 -0.095016
v 0.104856 0.056957 -0.100726
v 0.090777 0.055521 -0.106578
v 0.137290 0.047493 -0.080040
v 0.076308 -0.037074 -0.067106
v 0.150436 -0.024866 -0.032294
v 0.067579 -0.023203 -0.077379
v 0.165014 0.028659 -0.052278
v 0.145288 -0.044054 -0.034660
v 0.154465 -0.044676 -0.029906
v 0.060384 0.014305 -0.096663
v 0.169573 0.022649 -0.042370
v 0.067516 0.037718 -0.105870
v 0.164280 0.001798 -0.033307
v 0.077233 0.046946 -0.107759
v 0.155285 0.039159 -0.066727
v 0.133502 0.051333 -0.087285
v 0.101262 0.058368 -0.107711
v 0.144930 0.046071 -0.078916
v 0.062479 0.025752 -0.102312
v 0.110594 0.058222 -0.103181
v 0.171817 0.024834 -0.047678
v 0.123833 0.054697 -0.095913
v 0.176335 0.020938 -0.042413
v 0.087180 0.053508 -0.111357
v 0.165990 0.029360 -0.055289
v 0.488983 -0.136774 0.014860
v 0.486957 -0.138959 0.020967
v 0.490422 -0.140631 0.005755
v 0.067784 -0.023242 0.079505
v 0.070448 -0.027891 0.074891
v 0.077027 -0.034548 0.073235
v 0.009862 -0.107547 -0.004948
v 0.016724 -0.111537 -0.004527
v 0.009585 -0.111973 -0.002720
v 0.490422 -0.140631 0.005755
v 0.486066 -0.143426 0.007549
v 0.493683 -0.142176 0.002637
v 0.374927 -0.028728 0.012456
v 0.370011 -0.039876 0.007233
v 0.377439 -0.035546 0.010148
v 0.387118 -0.047174 0.006345
v 0.385132 -0.034118 0.011938
v 0.380234 -0.032171 0.008735
v 0.384403 -0.032078 0.008726
v 0.400777 -0.054570 0.006441
v 0.403573 -0.037509 0.015896
v 0.390893 -0.029453 0.015946
v 0.403595 -0.029843 0.017972
v 0.388370 -0.030106 0.013268
v 0.383072 -0.027213 0.015914
v 0.412006 -0.064119 0.006046
v 0.420824 -0.054061 0.015102
v 0.423364 -0.074597 0.006552
v 0.436143 -0.070227 0.015188
v 0.434056 -0.086130 0.006884
v 0.449820 -0.087826 0.015480
v 0.448732 -0.095730 0.011029
v 0.442981 -0.099361 0.006310
v 0.460179 -0.105009 0.016891
v 0.457571 -0.090706 0.017851
v 0.451702 -0.081876 0.018020
v 0.464951 -0.104319 0.018253
v 0.464948 -0.117979 0.018908
v 0.458247 -0.120631 0.012816
v 0.466329 -0.133310 0.018327
v 0.470383 -0.132376 0.021913
v 0.469368 -0.112664 0.018658
v 0.473565 -0.140399 0.018503
v 0.450058 -0.108709 0.008700
v 0.442297 -0.068542 0.017877
v 0.480108 -0.139500 0.022429
v 0.449017 -0.071224 0.017595
v 0.435795 -0.056687 0.017549
v 0.380975 -0.017690 0.019285
v 0.376503 -0.026693 0.014816
v 0.361006 -0.017357 0.018905
v 0.364101 -0.002810 0.023882
v 0.383490 -0.010854 0.019792
v 0.431879 -0.056933 0.017773
v 0.435795 -0.056687 0.017549
v 0.403595 -0.029843 0.017972
v 0.431879 -0.056933 0.017773
v 0.404584 -0.026278 0.017730
v 0.380234 -0.032171 0.008735
v 0.376348 -0.030642 0.009601
v 0.377439 -0.035546 0.010148
v -0.171448 -0.147974 -0.001228
v -0.172351 -0.147070 -0.002536
v -0.166202 -0.169772 -0.001794
v -0.151722 -0.132338 0.000343
v -0.180768 -0.123735 0.000708
v -0.157673 -0.166995 -0.000842
v -0.137963 -0.161412 0.000261
v -0.122065 -0.143350 0.000372
v -0.114503 -0.151965 0.002503
v -0.132884 -0.171322 0.002268
v -0.117456 -0.161107 0.001977
v -0.108796 -0.154367 0.002153
v -0.106087 -0.131889 0.001940
v -0.117488 -0.122348 0.001515
v -0.180742 -0.101723 0.002134
v -0.167480 -0.099211 0.002104
v -0.165847 -0.085607 0.002937
v -0.190575 -0.077663 0.003374
v -0.204976 -0.079646 0.003437
v -0.200241 -0.068083 0.003606
v -0.201943 -0.097098 0.001531
v -0.125995 -0.170027 0.001938
v -0.152235 -0.178667 0.002077
v -0.170988 -0.065132 0.003598
v -0.145702 -0.080721 0.003351
v -0.162938 -0.061573 0.008897
v -0.136113 -0.077248 0.009280
v -0.152879 -0.051469 0.016491
v -0.124153 -0.094105 0.003165
v -0.102939 -0.093995 0.011459
v -0.110388 -0.101274 0.003635
v -0.086519 -0.110614 0.006056
v -0.082920 -0.099942 0.013919
v -0.075043 -0.111523 0.007886
v -0.076454 -0.120558 0.005569
v -0.081720 -0.124434 0.005564
v -0.064331 -0.102872 0.014337
v -0.072761 -0.086447 0.019782
v -0.094156 -0.078078 0.019602
v -0.080087 -0.059818 0.024871
v -0.109070 -0.037920 0.026337
v -0.057498 -0.058365 0.025559
v -0.076852 -0.030172 0.029974
v -0.054089 -0.090606 0.018811
v -0.131216 -0.037457 0.024078
v -0.131014 -0.055955 0.019081
v -0.172084 -0.034113 0.019410
v -0.157404 -0.019848 0.025108
v -0.101731 -0.087982 0.014764
v -0.083350 -0.133302 0.002210
v -0.071281 -0.122843 0.001784
v -0.066734 -0.113203 0.006665
v -0.183799 -0.044617 0.012887
v -0.094978 -0.135969 0.004174
v -0.180428 -0.132339 -0.001388
v -0.191338 -0.054246 0.004045
v -0.166425 -0.170950 -0.003500
v -0.132238 -0.176751 -0.000656
v -0.220227 -0.060621 0.004292
v -0.136348 -0.009131 0.028216
v -0.186059 -0.012402 0.023444
v -0.228222 -0.073081 0.002366
v -0.217398 -0.089401 -0.001088
v -0.225970 -0.081968 -0.001354
v -0.233305 -0.074758 -0.000661
v -0.207125 -0.098296 -0.000331
v -0.198420 -0.109712 -0.001370
v -0.206905 -0.098507 -0.001731
v -0.240791 -0.064118 0.002209
v -0.058457 -0.020821 0.031761
v -0.031779 -0.034966 0.029332
v -0.022388 -0.013824 0.032528
v -0.053483 0.004850 0.033936
v 0.010847 -0.007710 0.033627
v -0.004819 0.006208 0.034555
v 0.035382 0.019195 0.035959
v 0.049932 0.000143 0.034839
v 0.076443 0.028215 0.036576
v 0.086939 0.018091 0.036154
v 0.116842 0.003480 0.035190
v 0.108174 0.033027 0.037259
v 0.136345 0.028025 0.037317
v 0.140773 0.004117 0.034809
v 0.125892 -0.021633 0.031379
v 0.145471 -0.012312 0.032048
v 0.147556 -0.032408 0.030313
v 0.117077 -0.053533 0.026607
v 0.158077 -0.050838 0.027347
v 0.152308 -0.037880 0.029903
v 0.157459 -0.042706 0.029452
v 0.162100 -0.073692 0.024381
v 0.126021 -0.074749 0.023177
v 0.148256 -0.080720 0.022194
v 0.103335 -0.081362 0.020946
v 0.115176 -0.088782 0.018312
v 0.085287 -0.089018 0.017678
v 0.094180 -0.094704 0.014273
v 0.116091 -0.094977 0.013763
v 0.170076 -0.088852 0.018468
v 0.160182 -0.094700 0.013114
v 0.073132 -0.074905 0.022329
v 0.082580 -0.065853 0.024153
v 0.057567 -0.067491 0.023980
v 0.085069 -0.036858 0.028965
v 0.044289 -0.080451 0.020620
v 0.022429 -0.070613 0.023558
v 0.016474 -0.090784 0.018173
v 0.006350 -0.066184 0.024157
v 0.031592 -0.092061 0.016671
v -0.014924 -0.063062 0.024096
v 0.017609 -0.098388 0.014716
v 0.032220 -0.099303 0.010480
v 0.046893 -0.093530 0.014396
v 0.048167 -0.098601 0.009071
v 0.036365 -0.103603 -0.000223
v 0.025263 -0.105879 0.002415
v 0.049757 -0.104247 -0.000075
v -0.023486 -0.084627 0.018124
v 0.056042 -0.103501 0.005589
v 0.012054 -0.105238 0.009220
v -0.008233 -0.103190 0.010190
v -0.006531 -0.106867 0.005731
v 0.008321 -0.109284 0.003884
v -0.033171 -0.107583 0.006029
v 0.013373 -0.108824 0.006167
v 0.014626 -0.118860 0.005943
v 0.021940 -0.129383 0.007150
v 0.020011 -0.131338 0.006318
v 0.028701 -0.135675 0.007868
v 0.024425 -0.129418 0.006371
v 0.034670 -0.053166 0.026761
v 0.020414 -0.108560 0.002600
v 0.164128 -0.085601 0.020383
v 0.049517 -0.086918 0.018173
v 0.030415 -0.131102 0.002222
v 0.037921 -0.134214 0.004884
v -0.010219 -0.095429 0.014299
v 0.107609 -0.073495 0.023127
v 0.160548 0.004115 0.035861
v 0.154921 0.032394 0.037590
v 0.172726 0.030453 0.038586
v 0.157185 -0.006698 0.035010
v 0.100848 -0.034042 0.029382
v 0.177129 -0.050801 0.028704
v 0.198118 -0.063426 0.026562
v 0.149185 -0.031718 0.031744
v 0.160105 -0.045926 0.029286
v 0.197054 -0.043837 0.028827
v 0.150311 -0.017522 0.031868
v 0.222786 -0.045123 0.027504
v 0.208363 -0.065939 0.025365
v 0.236585 -0.060052 0.022389
v 0.208026 -0.074753 0.022223
v 0.242747 -0.046015 0.025266
v 0.241748 -0.027451 0.028319
v 0.213363 -0.015507 0.029747
v 0.220290 -0.008255 0.029906
v 0.202951 -0.010546 0.029728
v 0.205313 -0.023364 0.032058
v 0.190481 -0.011743 0.029933
v 0.237765 -0.000953 0.030807
v 0.252091 -0.013311 0.029885
v 0.257700 0.004205 0.033766
v 0.253172 0.018841 0.035415
v 0.280268 -0.006835 0.032184
v 0.278644 0.005585 0.036004
v 0.290828 0.013331 0.041731
v 0.293189 0.005295 0.039590
v 0.298937 0.014351 0.048079
v 0.303229 0.009812 0.048211
v 0.292929 -0.008563 0.031879
v 0.299219 0.000345 0.038551
v 0.282188 -0.022740 0.026456
v 0.290321 0.020533 0.042104
v 0.300417 -0.014702 0.028279
v 0.289702 -0.032361 0.020703
v 0.232143 0.017083 0.034553
v 0.272342 -0.037575 0.022071
v 0.277468 0.016453 0.037768
v 0.207784 -0.032831 0.028964
v 0.032863 0.037706 0.036192
v 0.066667 -0.014042 0.033006
v -0.030676 0.005813 0.034198
v -0.012071 0.019582 0.034852
v 0.185379 -0.046530 0.029573
v 0.170992 -0.048941 0.029547
v -0.196247 -0.025026 0.019453
v -0.199541 -0.036972 0.013737
v -0.216484 -0.028742 0.015700
v -0.236048 -0.018459 0.017764
v -0.242657 -0.023826 0.015275
v -0.267131 -0.021629 0.015022
v -0.252959 -0.027411 0.012003
v -0.302420 -0.030759 0.009299
v -0.286122 -0.039074 0.002008
v -0.296219 -0.037771 0.001672
v -0.325930 -0.038239 0.005936
v -0.287748 -0.040833 -0.001382
v -0.296519 -0.038465 -0.002085
v -0.318139 -0.040911 -0.001448
v -0.277592 -0.036611 0.005114
v -0.255400 -0.035559 0.005304
v -0.268144 -0.046622 0.004608
v -0.249692 -0.049936 0.005120
v -0.255569 -0.057149 0.001751
v -0.241127 -0.036903 0.004747
v -0.226225 -0.039540 0.004694
v -0.272876 -0.050311 0.002103
v -0.219201 -0.033802 0.011583
v -0.218929 -0.012894 0.020392
v -0.079773 -0.013777 0.031808
v 0.015012 -0.032356 0.030129
v -0.243772 -0.057265 0.004143
v 0.201909 -0.003262 0.030112
v 0.201734 0.014624 0.034378
v 0.189759 0.002159 0.032661
v -0.143771 -0.181475 0.001233
v -0.135341 -0.105457 0.002178
v 0.187562 -0.076514 0.023831
v -0.163712 -0.176311 -0.001814
v 0.085985 -0.011001 0.033018
v -0.035691 -0.067137 0.023175
v 0.194720 0.024188 0.036718
v 0.184997 0.012800 0.036029
v -0.098857 -0.145629 0.001936
v -0.043262 -0.101417 0.013346
v 0.049006 -0.019692 0.032405
v -0.094209 -0.112238 0.003825
v 0.075704 -0.095937 0.013802
v 0.086262 -0.102604 0.007517
v 0.080019 -0.106008 0.007113
v -0.158374 -0.181438 -0.002163
v 0.264517 -0.029163 0.026131
v -0.207331 -0.046779 0.004447
v 0.151205 -0.016693 0.034411
v -0.121938 -0.067934 0.017084
v 0.056385 -0.110855 0.001865
v 0.064451 -0.107135 0.006549
v 0.056598 -0.117797 0.003121
v 0.061053 -0.118962 0.008480
v 0.053594 -0.126990 0.008362
v 0.054537 -0.133002 0.009453
v 0.042773 -0.136033 0.008315
v 0.065454 -0.120928 0.009110
v 0.041189 -0.140649 0.008248
v 0.052714 -0.138574 0.006069
v -0.048920 -0.106887 0.010031
v -0.056356 -0.112591 0.005070
v -0.043253 -0.110461 0.001908
v -0.059170 -0.115675 0.001554
v 0.067850 -0.124256 0.006619
v 0.072698 -0.104580 0.008417
v -0.190268 -0.118224 -0.000336
v -0.031462 -0.098286 0.013408
v 0.024976 -0.123125 0.001183
v -0.249692 -0.049936 0.005120
v -0.243772 -0.057265 0.004143
v -0.220227 -0.060621 0.004292
v -0.207331 -0.046779 0.004447
v -0.243772 -0.057265 0.004143
v -0.255569 -0.057149 0.001751
v -0.240791 -0.064118 0.002209
v -0.183799 -0.044617 0.012887
v -0.199541 -0.036972 0.013737
v -0.207331 -0.046779 0.004447
v -0.172084 -0.034113 0.019410
v -0.152879 -0.051469 0.016491
v -0.131014 -0.055955 0.019081
v -0.121938 -0.067934 0.017084
v 0.021725 -0.109140 -0.000361
v 0.025263 -0.105879 0.002415
v 0.020414 -0.108560 0.002600
v 0.080019 -0.106008 0.007113
v 0.072698 -0.104580 0.008417
v 0.075986 -0.111039 0.006488
v 0.065454 -0.120928 0.009110
v 0.067850 -0.124256 0.006619
v 0.042773 -0.136033 0.008315
v 0.028701 -0.135675 0.007868
v 0.041189 -0.140649 0.008248
v 0.032159 -0.141201 0.004774
v 0.015012 -0.032356 0.030129
v -0.031779 -0.034966 0.029332
v -0.014924 -0.063062 0.024096
v -0.035691 -0.067137 0.023175
v -0.035691 -0.067137 0.023175
v -0.054089 -0.090606 0.018811
v -0.023486 -0.084627 0.018124
v -0.031462 -0.098286 0.013408
v 0.292952 -0.047342 -0.009393
v 0.316630 -0.037922 -0.010081
v 0.315183 -0.044183 -0.003207
v 0.312078 -0.031055 -0.016227
v 0.326136 -0.028255 -0.015873
v 0.312271 -0.017271 -0.025718
v 0.291896 -0.024885 -0.024147
v 0.342017 -0.017428 -0.021916
v 0.350806 -0.026811 -0.015796
v 0.337209 -0.005200 -0.029039
v 0.351361 -0.006544 -0.025637
v 0.293158 -0.050787 -0.005108
v 0.308375 -0.047046 0.000053
v 0.339649 -0.036167 -0.008793
v 0.286396 -0.039105 -0.017876
v 0.299596 -0.002625 -0.035503
v 0.327588 0.001057 -0.036432
v 0.344113 0.006290 -0.032069
v 0.287849 -0.055249 0.000616
v 0.361883 -0.021012 -0.019349
v 0.279847 -0.014853 -0.029529
v 0.282032 -0.004365 -0.033860
v 0.292215 0.008194 -0.040510
v 0.303527 0.002752 -0.042326
v 0.313336 -0.001554 -0.037894
v 0.312125 0.004835 -0.047913
v 0.321353 0.006182 -0.046861
v 0.296867 0.012526 -0.047569
v 0.313819 -0.006915 -0.032494
v 0.282812 0.007305 -0.037675
v 0.255927 0.002438 -0.034117
v 0.255648 0.016742 -0.036656
v 0.237012 0.015247 -0.034956
v 0.233127 -0.005863 -0.030204
v 0.243206 0.030673 -0.037331
v 0.212182 0.020374 -0.035973
v 0.218231 -0.004272 -0.030427
v 0.235721 -0.029068 -0.028169
v 0.247687 -0.022243 -0.028497
v 0.219122 -0.016529 -0.029482
v 0.221103 -0.034682 -0.028389
v 0.212556 -0.009989 -0.030580
v 0.202837 -0.022097 -0.032150
v 0.226906 -0.049701 -0.026641
v 0.195004 -0.051600 -0.028916
v 0.200261 -0.067241 -0.026461
v 0.174323 -0.065083 -0.027543
v 0.175271 -0.052052 -0.029411
v 0.144489 -0.063216 -0.027010
v 0.153600 -0.049663 -0.028837
v 0.162996 -0.049751 -0.029891
v 0.148959 -0.038402 -0.030191
v 0.174874 -0.077484 -0.024702
v 0.183012 -0.081129 -0.022819
v 0.145370 -0.087159 -0.019984
v 0.208844 -0.075137 -0.022471
v 0.185741 -0.089519 -0.016541
v 0.207827 -0.081682 -0.018652
v 0.210438 -0.086286 -0.013076
v 0.137800 -0.079960 -0.023107
v 0.103901 -0.081253 -0.022112
v 0.100998 -0.064604 -0.026210
v 0.085081 -0.081103 -0.021505
v 0.082853 -0.064993 -0.025635
v 0.067913 -0.075143 -0.022956
v 0.090449 -0.045188 -0.028703
v 0.035583 -0.063047 -0.025696
v 0.094291 -0.090913 -0.017082
v 0.225195 -0.080152 -0.013629
v 0.181296 -0.049719 -0.029891
v 0.188426 -0.043118 -0.030587
v 0.162263 -0.090943 -0.017188
v 0.218827 -0.061392 -0.025444
v 0.154465 -0.044676 -0.029906
v 0.196561 -0.020212 -0.031895
v 0.248049 -0.038396 -0.025744
v 0.211644 0.005906 -0.032596
v 0.195034 0.016431 -0.035847
v 0.200395 -0.000909 -0.029593
v 0.193333 0.036219 -0.039596
v 0.220890 0.033437 -0.037727
v 0.179104 0.022487 -0.038501
v 0.183047 0.014534 -0.037959
v 0.173926 0.036708 -0.039170
v 0.169044 0.022345 -0.038255
v 0.208693 -0.030379 -0.029347
v 0.201735 -0.006354 -0.029690
v 0.171505 0.059845 -0.037895
v 0.232637 -0.070413 -0.018563
v 0.132512 -0.067352 -0.026072
v 0.148206 0.051742 -0.037653
v 0.205197 0.059414 -0.037733
v 0.166506 0.073965 -0.036018
v 0.152117 0.028362 -0.037264
v 0.273528 0.024476 -0.038561
v 0.189148 0.079175 -0.035156
v 0.151398 0.090478 -0.032753
v 0.179127 0.099332 -0.030490
v 0.203055 0.098013 -0.029999
v 0.221021 0.080506 -0.033676
v 0.252772 0.085148 -0.030987
v 0.241756 0.101688 -0.026457
v 0.270238 0.093926 -0.026623
v 0.285521 0.078120 -0.030475
v 0.276820 0.060332 -0.035956
v 0.294022 0.064177 -0.034443
v 0.308386 0.063367 -0.033383
v 0.300863 0.042896 -0.039530
v 0.277016 0.049387 -0.037646
v 0.292745 0.030026 -0.041052
v 0.273928 0.036187 -0.038580
v 0.228282 0.112231 -0.022690
v 0.182909 0.110429 -0.026196
v 0.136867 0.100495 -0.029708
v 0.106668 0.085697 -0.032318
v 0.108586 0.109772 -0.025930
v 0.063501 0.098826 -0.028546
v 0.028867 0.115862 -0.022944
v 0.056487 0.125621 -0.018957
v 0.014848 0.101110 -0.026864
v 0.002646 0.117974 -0.021790
v -0.043714 0.102887 -0.024890
v -0.066469 0.123102 -0.017042
v -0.071193 0.112618 -0.019843
v -0.078841 0.088813 -0.025090
v -0.049451 0.073485 -0.030516
v -0.079332 0.076342 -0.027374
v -0.116410 0.085591 -0.020791
v -0.121426 0.047690 -0.027266
v -0.140972 0.074510 -0.018784
v -0.128933 0.106116 -0.013207
v -0.153475 0.088016 -0.012131
v -0.136317 0.107598 -0.010755
v -0.143051 0.117854 -0.004162
v -0.167345 0.059009 -0.016699
v -0.168341 0.081026 -0.009333
v -0.145481 0.036876 -0.025726
v -0.104532 0.042658 -0.029554
v -0.126926 0.132217 -0.004095
v -0.095254 0.112952 -0.016861
v -0.071018 0.045202 -0.031836
v -0.003758 0.126320 -0.018281
v -0.027709 0.089289 -0.028505
v 0.062188 0.083458 -0.031889
v 0.314612 0.046669 -0.038295
v 0.299367 0.034910 -0.042384
v 0.117616 0.064943 -0.035963
v 0.244124 0.064523 -0.035911
v 0.272584 -0.058981 -0.008081
v 0.263555 -0.054479 -0.016775
v 0.257328 -0.009875 -0.030979
v 0.298393 0.021483 -0.047925
v 0.024107 0.132986 -0.014350
v -0.030184 0.136165 -0.012208
v -0.060619 0.131538 -0.013825
v -0.159774 0.099474 -0.004474
v -0.168525 0.110704 -0.003080
v -0.185808 0.084446 -0.003437
v -0.191944 0.117770 -0.002114
v -0.200338 0.100842 -0.002192
v -0.200698 0.125604 -0.000086
v -0.203210 0.108635 0.000078
v -0.209335 0.096008 0.000023
v -0.193341 0.137342 -0.001949
v -0.203131 0.149178 0.000022
v -0.197204 0.159017 -0.002044
v -0.206882 0.164966 -0.000668
v -0.200859 0.177974 -0.003142
v -0.213546 0.181374 -0.000790
v -0.203936 0.187986 -0.002867
v -0.183597 0.189141 -0.003891
v -0.198616 0.194849 -0.001512
v -0.182197 0.197552 -0.001543
v -0.166874 0.193113 -0.001753
v -0.174141 0.197385 0.000013
v -0.157214 0.182605 -0.003627
v -0.149699 0.182634 -0.002094
v -0.140976 0.167366 -0.004347
v -0.211164 0.189527 -0.000144
v -0.209283 0.166776 0.000256
v -0.194622 0.197767 0.000056
v -0.211989 0.083353 -0.002154
v -0.177076 0.081655 -0.004257
v 0.061852 -0.048978 -0.028151
v 0.068940 -0.018164 -0.032190
v 0.037694 -0.024097 -0.031656
v 0.039563 -0.006662 -0.033761
v 0.073579 0.004891 -0.034859
v 0.030214 0.016235 -0.035498
v 0.076613 0.035212 -0.036784
v 0.102378 0.013323 -0.035661
v 0.110510 -0.001129 -0.034252
v -0.000485 -0.003347 -0.034181
v 0.044769 0.033651 -0.036096
v 0.001271 0.041049 -0.035364
v 0.042951 0.055523 -0.035161
v 0.093897 -0.027584 -0.030707
v 0.103517 0.038525 -0.037204
v 0.030479 -0.049629 -0.028103
v 0.005227 0.021508 -0.035594
v 0.006182 -0.045218 -0.028871
v -0.019111 -0.018218 -0.032410
v -0.053353 0.001476 -0.033944
v -0.025022 -0.048867 -0.028026
v -0.058063 -0.046192 -0.028507
v -0.054837 -0.068866 -0.024347
v -0.080971 -0.056607 -0.025718
v -0.078423 -0.017243 -0.031732
v -0.106807 -0.029078 -0.028191
v -0.100988 -0.054285 -0.024343
v -0.128903 -0.041239 -0.023527
v -0.098275 -0.077438 -0.019202
v -0.131659 -0.052480 -0.019915
v -0.134793 -0.064426 -0.015277
v -0.160301 -0.033547 -0.021372
v -0.113195 -0.082625 -0.013959
v -0.139573 -0.076136 -0.009029
v -0.135669 -0.087445 -0.004610
v -0.113474 -0.098644 -0.005053
v -0.157145 -0.072153 -0.005334
v -0.118291 -0.015426 -0.029032
v -0.106485 0.004799 -0.031473
v -0.136998 0.004337 -0.029319
v -0.111357 0.016726 -0.030953
v -0.051519 0.022745 -0.034299
v -0.152266 -0.006303 -0.027563
v -0.151251 0.012931 -0.027791
v -0.027845 -0.068014 -0.024082
v -0.059598 -0.086036 -0.020278
v -0.050368 -0.092207 -0.017964
v -0.059680 -0.100019 -0.015041
v -0.025214 -0.098104 -0.013420
v -0.037909 -0.104021 -0.010252
v -0.056910 -0.107733 -0.009589
v -0.074512 -0.108775 -0.009319
v -0.068948 -0.115434 -0.005970
v -0.073400 -0.113988 -0.006949
v -0.092677 -0.136055 -0.004956
v -0.083952 -0.110781 -0.006664
v 0.013590 -0.098190 -0.013987
v 0.017313 -0.089519 -0.018545
v 0.030027 -0.093636 -0.015165
v -0.010896 -0.080020 -0.020954
v 0.041628 -0.089635 -0.016976
v -0.080338 -0.098234 -0.014864
v -0.089584 -0.126739 -0.005669
v -0.028680 -0.085180 -0.019166
v -0.052376 -0.012979 -0.032866
v -0.146108 -0.082189 -0.004574
v -0.160594 -0.075919 -0.004567
v -0.160682 -0.090608 -0.004755
v -0.138735 -0.110838 -0.003963
v -0.166566 -0.103897 -0.003731
v -0.156863 -0.127867 -0.002890
v -0.127953 -0.119590 -0.003195
v -0.126811 -0.142712 -0.002403
v -0.153480 -0.160756 -0.002894
v -0.143378 -0.161204 -0.003158
v -0.149480 -0.177486 -0.005713
v -0.160837 -0.174347 -0.005128
v -0.158374 -0.181438 -0.002163
v -0.166425 -0.170950 -0.003500
v -0.163712 -0.176311 -0.001814
v -0.165383 -0.151321 -0.003504
v -0.148638 -0.182645 -0.002610
v -0.138743 -0.181036 -0.002423
v -0.132097 -0.172136 -0.005467
v -0.114967 -0.134913 -0.002509
v -0.106846 -0.126752 -0.003223
v -0.135924 -0.170148 -0.005667
v -0.122790 -0.168910 -0.002308
v -0.116667 -0.158922 -0.004680
v -0.106509 -0.153165 -0.002461
v -0.126593 -0.106601 -0.004312
v -0.172018 -0.064946 -0.004525
v -0.195244 -0.072704 -0.004724
v -0.218442 -0.063193 -0.005019
v -0.188326 -0.055739 -0.004626
v -0.199188 -0.082111 -0.004059
v -0.230250 -0.068347 -0.003943
v -0.245225 -0.056017 -0.005131
v -0.248673 -0.061347 -0.002091
v -0.258380 -0.056094 -0.002631
v -0.253058 -0.048873 -0.005891
v -0.268702 -0.044744 -0.005544
v -0.265333 -0.035720 -0.006669
v -0.275943 -0.038724 -0.005945
v -0.287319 -0.034547 -0.007205
v -0.258481 -0.026582 -0.012786
v -0.295317 -0.028421 -0.011814
v -0.280822 -0.019802 -0.015083
v -0.256167 -0.020827 -0.015636
v -0.247091 -0.008386 -0.018055
v -0.290646 -0.012650 -0.014774
v -0.249118 0.005335 -0.017420
v -0.212978 -0.006238 -0.021989
v -0.210758 0.009295 -0.021785
v -0.233308 0.011497 -0.018284
v -0.211258 0.022518 -0.018300
v -0.225750 0.024227 -0.014828
v -0.193004 0.042720 -0.016051
v -0.212954 0.040124 -0.010815
v -0.237815 0.025473 -0.011233
v -0.234374 0.035104 -0.005668
v -0.250005 0.029303 -0.004994
v -0.245348 0.051395 -0.002290
v -0.225874 0.045472 -0.004667
v -0.226735 0.067465 -0.002293
v -0.246430 0.057759 -0.000037
v -0.233587 0.067737 0.000021
v -0.225082 0.075829 0.000031
v -0.205937 0.055415 -0.005077
v -0.260939 0.015092 -0.011642
v -0.275649 0.032305 -0.001819
v -0.257578 0.049745 0.000020
v -0.264960 0.043979 -0.000188
v -0.189958 0.052942 -0.013255
v -0.220384 0.043388 -0.005860
v -0.280659 -0.002950 -0.014860
v -0.193104 0.018073 -0.022204
v -0.300249 -0.004609 -0.011595
v -0.236961 -0.015912 -0.018195
v -0.289557 0.004813 -0.009644
v -0.318665 -0.011590 -0.011917
v -0.323506 -0.003257 -0.007041
v -0.344475 -0.002189 -0.006487
v -0.337578 0.001657 -0.001045
v -0.356757 0.005577 -0.001664
v -0.364126 0.003596 -0.005909
v -0.366646 0.008953 -0.001364
v -0.349168 -0.010148 -0.010500
v -0.381714 0.012851 -0.005320
v -0.379830 0.014815 -0.001312
v -0.391063 0.022095 -0.003197
v -0.406952 0.027930 -0.005857
v -0.406522 0.033899 -0.003421
v -0.421073 0.045209 -0.003874
v -0.431444 0.049602 -0.005736
v -0.431269 0.036321 -0.007350
v -0.402066 0.011199 -0.007686
v -0.425344 0.018653 -0.007467
v -0.418653 0.013052 -0.007599
v -0.403736 -0.001990 -0.007981
v -0.403722 -0.020424 -0.006001
v -0.380350 -0.023026 -0.008913
v -0.421481 -0.014528 -0.003392
v -0.398711 -0.039643 -0.006005
v -0.372556 -0.049310 -0.008658
v -0.351287 -0.031438 -0.011720
v -0.354793 -0.041711 -0.010107
v -0.438986 0.007157 -0.003888
v -0.414109 -0.029700 -0.003756
v -0.382870 -0.004624 -0.008822
v -0.387754 -0.070507 -0.006975
v -0.363323 -0.058302 -0.006193
v -0.345283 -0.047323 -0.006891
v -0.339519 -0.049752 -0.001716
v -0.326282 -0.039812 -0.006555
v -0.318139 -0.040911 -0.001448
v -0.309631 -0.036688 -0.006140
v -0.296519 -0.038465 -0.002085
v -0.358463 -0.061122 -0.001924
v -0.370578 -0.071753 -0.002232
v -0.376464 -0.070461 -0.005719
v -0.385426 -0.090570 -0.002558
v -0.333998 -0.034661 -0.010834
v -0.376729 -0.061920 -0.007232
v -0.449056 0.045316 -0.006938
v -0.460613 0.033740 -0.004390
v -0.464689 0.059718 -0.006076
v -0.486595 0.046937 -0.003658
v -0.475284 0.073632 -0.004708
v -0.493722 0.052108 -0.003275
v -0.497590 0.065477 -0.002389
v -0.486622 0.086910 -0.001715
v -0.493971 0.078585 -0.000941
v -0.472436 0.016726 -0.003164
v -0.481559 0.028685 -0.002313
v -0.476081 0.088683 -0.002765
v -0.452851 0.074025 -0.004745
v -0.459388 0.085451 -0.001902
v -0.446968 0.074178 -0.002991
v -0.477157 0.091617 -0.001378
v -0.435991 0.060723 -0.003596
v -0.309410 0.000120 -0.006401
v -0.287748 -0.040833 -0.001382
v -0.242606 -0.035791 -0.006558
v -0.202320 -0.097175 -0.003192
v -0.272687 -0.050633 -0.001882
v -0.217398 -0.089401 -0.001088
v -0.217817 -0.045139 -0.005515
v -0.198995 -0.049507 -0.005519
v -0.187760 -0.041807 -0.013361
v -0.208156 -0.036944 -0.011946
v -0.212141 -0.029982 -0.015823
v -0.187067 -0.026659 -0.019827
v -0.225970 -0.081968 -0.001354
v -0.233305 -0.074758 -0.000661
v -0.240626 -0.068070 -0.001015
v -0.113768 -0.105076 -0.003990
v -0.206905 -0.098507 -0.001731
v -0.226290 -0.039343 -0.005734
v -0.125404 -0.094366 -0.004612
v -0.198420 -0.109712 -0.001370
v 0.003511 -0.070348 -0.024249
v -0.039882 0.044367 -0.034047
v 0.080284 0.051361 -0.036263
v 0.001300 0.052905 -0.034482
v -0.187158 -0.090631 -0.003993
v 0.046423 -0.079166 -0.021408
v -0.087982 0.031250 -0.031277
v 0.130491 -0.017386 -0.031859
v -0.394634 0.012523 -0.007198
v -0.160999 -0.051990 -0.014443
v 0.150419 -0.009638 -0.032139
v 0.151368 -0.017746 -0.031125
v 0.147194 -0.028354 -0.031029
v 0.153175 -0.014446 -0.033521
v 0.157702 -0.006478 -0.034152
v 0.158357 0.001453 -0.034104
v 0.164280 0.001798 -0.033307
v 0.163048 0.005583 -0.032702
v 0.165802 0.006564 -0.035721
v 0.163352 0.009167 -0.034863
v -0.021955 0.021185 -0.035274
v -0.133024 0.032261 -0.027608
v -0.157954 -0.017611 -0.025606
v -0.170980 -0.000875 -0.026062
v 0.333645 -0.039981 -0.005145
v -0.266437 0.006333 -0.014951
v -0.450554 0.020586 -0.004217
v -0.459238 0.005797 -0.002976
v 0.257210 -0.047378 -0.021904
v -0.157604 0.135697 -0.003164
v -0.364400 -0.013623 -0.010759
v 0.015058 0.076042 -0.032078
v -0.449054 0.059151 -0.006350
v -0.448666 -0.006612 -0.001738
v -0.400598 -0.053746 -0.005442
v -0.400031 -0.086208 -0.006740
v -0.421553 -0.083058 -0.004501
v -0.408435 -0.101916 -0.006607
v -0.438585 -0.099378 -0.004415
v -0.430222 -0.120852 -0.005551
v -0.451185 -0.110854 -0.003777
v -0.442108 -0.081317 -0.003071
v -0.444283 -0.122856 -0.003191
v -0.425150 -0.131457 -0.002050
v -0.439314 -0.128292 -0.000333
v -0.447138 -0.094836 -0.001986
v -0.413906 -0.120359 -0.005650
v -0.428056 -0.053034 -0.003510
v -0.435479 -0.061431 -0.003017
v -0.174086 0.028569 -0.022964
v 0.136500 0.040733 -0.037535
v -0.064274 0.138259 -0.009180
v 0.135909 0.114485 -0.024471
v -0.427794 -0.027610 -0.001956
v 0.358675 -0.039461 -0.007482
v -0.232676 -0.031077 -0.011880
v 0.116210 0.038773 -0.037172
v 0.215283 0.047049 -0.038371
v -0.274255 0.038953 -0.000092
v -0.290446 0.024574 -0.000288
v -0.279087 0.017461 -0.003499
v -0.289848 0.014498 -0.000679
v -0.115606 0.128799 -0.008214
v -0.243037 -0.042080 -0.005813
v -0.132929 0.169463 -0.002354
v -0.130950 0.161806 -0.004210
v -0.110350 0.151889 -0.002013
v -0.103533 0.138938 -0.004349
v -0.098314 0.141795 -0.001545
v -0.094485 0.141383 0.000053
v -0.264735 0.022336 -0.004626
v -0.181871 0.067006 -0.010101
v -0.132858 0.144206 -0.004417
v -0.076939 -0.084973 -0.019892
v -0.099689 -0.092904 -0.013196
v 0.275091 -0.034452 -0.022818
v -0.306834 0.004207 -0.001786
v -0.293539 0.011006 -0.000375
v 0.370608 -0.010131 -0.022531
v 0.377491 -0.018253 -0.020148
v 0.395255 -0.022546 -0.019061
v 0.371397 -0.000197 -0.023112
v -0.217680 0.084366 -0.000109
v -0.195878 0.063650 -0.004971
v 0.187994 -0.031373 -0.033378
v 0.283098 -0.046992 -0.013923
v 0.233047 -0.062052 -0.022363
v -0.232255 -0.023810 -0.016409
v 0.260118 -0.026490 -0.027026
v -0.333032 -0.020020 -0.012924
v -0.323503 0.001338 -0.001708
v 0.372271 -0.033033 -0.013757
v 0.334997 0.010060 -0.038337
v 0.346798 0.015661 -0.032257
v 0.337506 0.018639 -0.038470
v 0.359967 0.010783 -0.026212
v 0.244616 0.048438 -0.037734
v 0.180649 -0.035359 -0.033451
v 0.175078 -0.040752 -0.035162
v 0.170846 -0.027627 -0.034740
v 0.118608 -0.094593 -0.014219
v 0.096495 -0.099982 -0.008665
v 0.083712 -0.102902 -0.007570
v 0.073700 -0.098659 -0.011073
v 0.060300 -0.093713 -0.013873
v 0.076196 -0.106694 -0.007931
v 0.068632 -0.106283 -0.007315
v 0.067668 -0.116477 -0.008525
v 0.074211 -0.115740 -0.006534
v 0.357313 0.002351 -0.026961
v 0.288948 0.020364 -0.040789
v -0.416356 -0.129441 -0.001793
v -0.407090 -0.122274 -0.002454
v -0.369521 -0.002095 -0.008340
v -0.089502 0.131679 -0.011082
v -0.403941 -0.108612 -0.005776
v 0.246338 -0.068863 -0.013992
v 0.023608 -0.075741 -0.022718
v -0.095635 -0.113629 -0.004063
v -0.107484 0.138218 -0.004745
v -0.172351 -0.147070 -0.002536
v 0.073284 0.069610 -0.034356
v 0.381962 -0.045729 -0.006507
v 0.386160 -0.039864 -0.011060
v 0.382726 -0.032901 -0.012298
v 0.394462 -0.050278 -0.007259
v 0.392504 -0.030083 -0.016686
v 0.404607 -0.040742 -0.015788
v 0.406372 -0.054761 -0.009395
v 0.407879 -0.034097 -0.018410
v 0.388566 -0.029899 -0.013924
v -0.179599 -0.120987 -0.003197
v -0.180428 -0.132339 -0.001388
v 0.347728 -0.042180 -0.002125
v -0.101756 -0.139439 -0.005418
v 0.072682 -0.087592 -0.017942
v -0.173866 0.160647 -0.003399
v -0.398999 -0.111027 -0.002366
v -0.188629 -0.119517 -0.001961
v -0.190040 -0.014624 -0.023211
v 0.158154 0.011266 -0.035780
v -0.098160 -0.105938 -0.005347
v 0.187428 -0.011607 -0.029954
v 0.059898 -0.132128 -0.008234
v 0.057612 -0.127154 -0.009917
v 0.049091 -0.133507 -0.009534
v 0.048482 -0.138479 -0.007590
v 0.042671 -0.135747 -0.008559
v 0.035440 -0.139592 -0.007437
v 0.033144 -0.134788 -0.008646
v 0.021109 -0.131873 -0.007437
v 0.026846 -0.132161 -0.008120
v 0.021161 -0.126903 -0.007882
v 0.245552 -0.073777 -0.008689
v -0.390391 -0.088329 -0.006069
v -0.024475 0.069392 -0.031939
v -0.113839 -0.151390 -0.005438
v -0.328114 -0.027983 -0.012571
v -0.307797 -0.020730 -0.013837
v 0.376909 -0.030418 -0.013450
v 0.382726 -0.032901 -0.012298
v 0.372271 -0.033033 -0.013757
v 0.257210 -0.047378 -0.021904
v 0.275091 -0.034452 -0.022818
v 0.286396 -0.039105 -0.017876
v 0.263555 -0.054479 -0.016775
v 0.233047 -0.062052 -0.022363
v 0.283098 -0.046992 -0.013923
v 0.260118 -0.026490 -0.027026
v 0.232637 -0.070413 -0.018563
v 0.246338 -0.068863 -0.013992
v 0.041628 -0.089635 -0.016976
v 0.072682 -0.087592 -0.017942
v 0.060300 -0.093713 -0.013873
v 0.359967 0.010783 -0.026212
v 0.371397 -0.000197 -0.023112
v 0.357313 0.002351 -0.026961
v 0.395255 -0.022546 -0.019061
v 0.407879 -0.034097 -0.018410
v 0.392504 -0.030083 -0.016686
v 0.383726 -0.027771 -0.016245
v 0.388566 -0.029899 -0.013924
v 0.116210 0.038773 -0.037172
v 0.152117 0.028362 -0.037264
v 0.102378 0.013323 -0.035661
v 0.158154 0.011266 -0.035780
v 0.130491 -0.017386 -0.031859
v 0.148959 -0.038402 -0.030191
v 0.090449 -0.045188 -0.028703
v 0.132512 -0.067352 -0.026072
v 0.147194 -0.028354 -0.031029
v -0.052376 -0.012979 -0.032866
v -0.078423 -0.017243 -0.031732
v -0.053353 0.001476 -0.033944
v -0.106485 0.004799 -0.031473
v -0.051519 0.022745 -0.034299
v -0.021955 0.021185 -0.035274
v -0.039882 0.044367 -0.034047
v 0.001271 0.041049 -0.035364
v 0.001300 0.052905 -0.034482
v -0.024475 0.069392 -0.031939
v -0.071018 0.045202 -0.031836
v -0.087982 0.031250 -0.031277
v -0.290646 -0.012650 -0.014774
v -0.280822 -0.019802 -0.015083
v -0.307797 -0.020730 -0.013837
v -0.295317 -0.028421 -0.011814
v -0.328114 -0.027983 -0.012571
v -0.317467 -0.032185 -0.010621
v -0.318665 -0.011590 -0.011917
v -0.287319 -0.034547 -0.007205
v -0.309631 -0.036688 -0.006140
v -0.296519 -0.038465 -0.002085
v -0.287748 -0.040833 -0.001382
v -0.333998 -0.034661 -0.010834
v -0.326282 -0.039812 -0.006555
v 0.244616 0.048438 -0.037734
v 0.273928 0.036187 -0.038580
v 0.273528 0.024476 -0.038561
v 0.288948 0.020364 -0.040789
v -0.210758 0.009295 -0.021785
v -0.151251 0.012931 -0.027791
v -0.170980 -0.000875 -0.026062
v -0.193104 0.018073 -0.022204
v -0.174086 0.028569 -0.022964
v -0.145481 0.036876 -0.025726
v -0.133024 0.032261 -0.027608
v 0.117616 0.064943 -0.035963
v 0.116210 0.038773 -0.037172
v 0.103517 0.038525 -0.037204
v 0.080284 0.051361 -0.036263
v 0.073284 0.069610 -0.034356
v -0.104532 0.042658 -0.029554
v -0.087982 0.031250 -0.031277
v -0.111357 0.016726 -0.030953
v -0.133024 0.032261 -0.027608
v -0.027845 -0.068014 -0.024082
v 0.003511 -0.070348 -0.024249
v -0.010896 -0.080020 -0.020954
v -0.028680 -0.085180 -0.019166
v -0.190040 -0.014624 -0.023211
v -0.160301 -0.033547 -0.021372
v -0.187067 -0.026659 -0.019827
v -0.187760 -0.041807 -0.013361
v -0.160999 -0.051990 -0.014443
v -0.452851 0.074025 -0.004745
v -0.431444 0.049602 -0.005736
v -0.449054 0.059151 -0.006350
v -0.435991 0.060723 -0.003596
v -0.369521 -0.002095 -0.008340
v -0.349168 -0.010148 -0.010500
v -0.364400 -0.013623 -0.010759
v -0.333032 -0.020020 -0.012924
v -0.193004 0.042720 -0.016051
v -0.167345 0.059009 -0.016699
v -0.174086 0.028569 -0.022964
v -0.189958 0.052942 -0.013255
v -0.181871 0.067006 -0.010101
v -0.195878 0.063650 -0.004971
v -0.205937 0.055415 -0.005077
v -0.220384 0.043388 -0.005860
v -0.098275 -0.077438 -0.019202
v -0.076939 -0.084973 -0.019892
v -0.080338 -0.098234 -0.014864
v -0.099689 -0.092904 -0.013196
v 0.158154 0.011266 -0.035780
v 0.162726 0.015626 -0.037200
v 0.163352 0.009167 -0.034863
v 0.169044 0.022345 -0.038255
v -0.211989 0.083353 -0.002154
v -0.195878 0.063650 -0.004971
v -0.226735 0.067465 -0.002293
v -0.225082 0.075829 0.000031
v -0.217680 0.084366 -0.000109
v -0.103533 0.138938 -0.004349
v -0.089502 0.131679 -0.011082
v -0.107484 0.138218 -0.004745
v -0.064274 0.138259 -0.009180
v -0.289557 0.004813 -0.009644
v -0.260939 0.015092 -0.011642
v -0.266437 0.006333 -0.014951
v -0.279087 0.017461 -0.003499
v -0.264735 0.022336 -0.004626
v -0.289848 0.014498 -0.000679
v -0.293539 0.011006 -0.000375
v -0.187158 -0.090631 -0.003993
v -0.166566 -0.103897 -0.003731
v -0.202320 -0.097175 -0.003192
v -0.179599 -0.120987 -0.003197
v -0.095635 -0.113629 -0.004063
v -0.089584 -0.126739 -0.005669
v -0.106846 -0.126752 -0.003223
v -0.101756 -0.139439 -0.005418
v -0.242606 -0.035791 -0.006558
v -0.226290 -0.039343 -0.005734
v -0.243037 -0.042080 -0.005813
v -0.232676 -0.031077 -0.011880
v -0.113474 -0.098644 -0.005053
v -0.098160 -0.105938 -0.005347
v -0.113768 -0.105076 -0.003990
v -0.125404 -0.094366 -0.004612
v -0.113839 -0.151390 -0.005438
v -0.092677 -0.136055 -0.004956
v -0.116667 -0.158922 -0.004680
v -0.106509 -0.153165 -0.002461
v -0.090696 -0.139104 -0.002394
v -0.070449 -0.122291 -0.002220
v 0.288948 0.020364 -0.040789
v 0.298393 0.021483 -0.047925
v 0.296867 0.012526 -0.047569
v -0.390391 -0.088329 -0.006069
v -0.385426 -0.090570 -0.002558
v -0.398999 -0.111027 -0.002366
v 0.327588 0.001057 -0.036432
v 0.313819 -0.006915 -0.032494
v 0.313336 -0.001554 -0.037894
v 0.321353 0.006182 -0.046861
vn -0.7132 -0.1219 -0.6902
vn -0.6268 -0.3627 -0.6896
vn 0.4861 -0.5654 0.6664
vn 0.5377 -0.8246 -0.1756
vn 0.5203 -0.7922 0.3189
vn 0.6788 -0.7165 0.1609
vn 0.6852 -0.7283 -0.0120
vn 0.7063 -0.7075 0.0243
vn 0.8347 0.5503 0.0212
vn 0.5015 0.8596 0.0983
vn 0.7626 0.1126 -0.6370
vn 0.3034 0.7960 0.5238
vn -0.0554 0.9974 0.0463
vn 0.0601 0.9982 0.0085
vn 0.5459 -0.3673 0.7530
vn 0.0190 0.9217 -0.3874
vn 0.9479 -0.2106 0.2391
vn 0.5727 0.7136 -0.4036
vn 0.4624 0.7750 0.4307
vn 0.7331 0.6269 -0.2638
vn 0.7434 0.5545 -0.3740
vn 0.4616 0.7059 0.5373
vn 0.4481 0.3203 0.8346
vn -0.2744 0.7957 0.5399
vn 0.9305 -0.2993 -0.2114
vn 0.9418 0.1999 -0.2703
vn -0.1596 0.9826 0.0945
vn 0.9582 0.2836 0.0389
vn 0.9599 0.1903 -0.2060
vn 0.9371 -0.3490 -0.0071
vn -0.4114 0.9114 -0.0120
vn 0.8875 0.2194 0.4052
vn 0.9917 -0.0718 0.1063
vn 0.9851 -0.1348 0.1071
vn -0.1454 0.7715 -0.6194
vn 0.2369 0.9703 0.0496
vn 0.1865 0.2229 0.9568
vn 0.9857 0.1407 -0.0927
vn 0.8974 -0.0118 0.4411
vn 0.7117 0.6388 -0.2923
vn 0.8410 -0.0021 0.5411
vn 0.6830 -0.6967 -0.2193
vn 0.8585 0.4316 -0.2769
vn 0.9167 0.3990 -0.0214
vn 0.5611 0.2828 0.7779
vn 0.5431 0.2966 0.7855
vn 0.4237 0.2162 0.8796
vn 0.4405 0.0734 0.8948
vn 0.6010 -0.0970 0.7934
vn 0.7218 0.6916 -0.0255
vn 0.1797 -0.2047 0.9622
vn 0.3323 -0.2845 0.8992
vn -0.1495 0.2997 0.9423
vn 0.8367 0.4816 -0.2607
vn 0.8348 0.5459 0.0712
vn 0.8242 0.4602 0.3301
vn 0.5731 0.3265 0.7517
vn 0.8768 -0.2627 -0.4027
vn 0.6590 0.2916 -0.6934
vn 0.9177 0.0635 0.3921
vn 0.6750 -0.1091 -0.7297
vn 0.8857 0.3404 0.3159
vn 0.9309 0.2490 0.2674
vn 0.0753 0.2217 0.9722
vn 0.1722 0.2218 0.9598
vn 0.0818 0.1826 0.9798
vn 0.6077 0.1395 -0.7818
vn 0.7417 0.4360 -0.5097
vn 0.1632 -0.2076 0.9645
vn -0.2429 -0.4832 0.8411
vn 0.8314 0.5501 0.0784
vn 0.7771 0.3264 0.5382
vn 0.6933 0.2198 0.6863
vn 0.3342 0.2213 0.9161
vn 0.7095 0.1831 0.6805
vn 0.7515 0.3605 0.5525
vn 0.1754 0.1692 0.9698
vn -0.5065 -0.4996 0.7027
vn 0.7661 0.3236 -0.5553
vn 0.8229 0.4644 -0.3275
vn 0.5037 -0.4658 0.7275
vn -0.1351 -0.7696 0.6241
vn 0.5167 -0.3746 0.7699
vn 0.7943 0.6043 -0.0621
vn 0.5164 0.3629 0.7757
vn 0.5093 0.3453 0.7883
vn 0.4285 0.1932 0.8827
vn -0.0010 0.0479 0.9989
vn -0.1308 0.1550 0.9792
vn -0.6487 -0.0871 0.7560
vn 0.8138 0.4744 -0.3358
vn 0.1393 -0.7690 0.6238
vn 0.2591 -0.9550 -0.1443
vn 0.7842 0.4996 0.3681
vn 0.7464 0.4114 0.5231
vn 0.5014 0.2978 0.8123
vn -0.2578 -0.1115 0.9597
vn 0.1894 0.1314 0.9731
vn 0.7926 0.6071 -0.0574
vn -0.5934 -0.1337 0.7937
vn 0.2072 0.1192 0.9710
vn 0.7850 0.5649 -0.2543
vn 0.7617 0.6209 0.1852
vn 0.5118 0.4075 0.7563
vn 0.5053 0.3713 0.7790
vn 0.7566 0.5347 0.3763
vn 0.7547 0.5709 0.3233
vn -0.5707 -0.2011 0.7961
vn 0.5004 0.3489 0.7924
vn 0.1875 0.0862 0.9785
vn 0.4832 0.2977 0.8233
vn -0.3703 -0.2631 0.8909
vn -0.3319 -0.1233 0.9352
vn 0.7421 0.5874 -0.3229
vn 0.5291 0.4060 0.7451
vn -0.5420 -0.2017 0.8158
vn 0.0641 0.0558 0.9964
vn 0.7373 0.5994 -0.3116
vn 0.7462 0.6223 -0.2364
vn 0.7232 0.6854 0.0847
vn 0.7294 0.6027 0.3236
vn 0.4317 0.3678 0.8236
vn -0.3802 -0.2587 0.8880
vn 0.7218 0.6865 0.0881
vn 0.5100 0.4777 0.7153
vn -0.4565 -0.3436 0.8207
vn 0.6851 0.6097 0.3986
vn -0.4738 -0.3817 0.7936
vn 0.0675 0.0646 0.9956
vn 0.3774 0.3460 0.8590
vn -0.3318 -0.2428 0.9116
vn 0.6782 0.6375 -0.3656
vn 0.6783 0.6421 -0.3572
vn -0.3195 -0.2786 0.9057
vn 0.6853 0.7259 0.0588
vn 0.6973 0.7163 0.0248
vn 0.4894 0.4761 0.7306
vn 0.6690 0.6254 0.4016
vn -0.4283 -0.3735 0.8228
vn 0.6676 0.6383 0.3833
vn -0.4190 -0.3927 0.8187
vn 0.3665 0.3594 0.8582
vn -0.2922 -0.2720 0.9169
vn 0.5142 0.5754 0.6360
vn 0.4816 0.4912 0.7258
vn 0.6461 0.6531 0.3950
vn 0.3661 0.3593 0.8584
vn 0.0541 0.0492 0.9973
vn 0.6835 0.7279 0.0552
vn 0.6498 0.6365 0.4155
vn 0.6536 0.6639 -0.3634
vn 0.6716 0.7360 0.0858
vn -0.4003 -0.3940 0.8274
vn 0.6528 0.6536 -0.3829
vn 0.0565 0.0520 0.9971
vn 0.3412 0.3450 0.8744
vn -0.2361 -0.2534 0.9381
vn -0.3067 -0.3619 0.8803
vn 0.5126 0.5798 0.6333
vn 0.6143 0.6504 0.4468
vn -0.3678 -0.4231 0.8281
vn 0.3510 0.3741 0.8584
vn -0.3248 -0.4171 0.8488
vn 0.1437 0.1016 -0.9844
vn 0.6422 0.6588 -0.3919
vn 0.6064 0.5957 0.5267
vn 0.1475 0.1142 -0.9825
vn 0.6923 0.7216 -0.0107
vn -0.3557 -0.6998 0.6194
vn 0.6154 0.6441 0.4543
vn 0.3933 0.3631 0.8447
vn 0.0738 0.0471 0.9962
vn 0.6452 0.6323 -0.4289
vn -0.3659 -0.6671 0.6490
vn 0.5899 0.5803 0.5615
vn -0.2636 -0.4203 0.8683
vn -0.2646 -0.4339 0.8612
vn 0.4070 0.4108 0.8158
vn -0.1599 -0.2576 0.9529
vn 0.6961 0.7163 -0.0488
vn 0.6329 0.7012 0.3282
vn -0.2297 -0.4126 0.8815
vn 0.2491 0.1724 0.9530
vn -0.3553 -0.2089 0.9111
vn -0.3562 0.0373 0.9337
vn -0.3997 0.0861 0.9126
vn 0.6270 0.6396 -0.4449
vn -0.4568 0.8896 0.0016
vn -0.4484 0.8938 0.0036
vn 0.6782 0.6828 0.2715
vn -0.1346 -0.4075 0.9032
vn -0.7584 0.4586 0.4631
vn -0.1384 -0.3574 0.9236
vn -0.1505 -0.5136 0.8447
vn 0.0151 -0.0795 0.9967
vn -0.0292 -0.5875 0.8087
vn -0.0224 0.9991 -0.0373
vn -0.2520 -0.6640 0.7040
vn -0.2851 0.5614 0.7769
vn -0.0176 0.8423 0.5388
vn 0.5988 0.5679 0.5647
vn 0.5190 0.4482 0.7278
vn 0.3817 -0.2004 0.9023
vn 0.3197 0.0973 0.9425
vn 0.3350 0.1233 0.9341
vn -0.0875 -0.4907 0.8669
vn 0.6547 0.6983 -0.2893
vn 0.6620 0.5666 -0.4907
vn 0.6878 0.7009 -0.1888
vn 0.3902 0.9206 0.0143
vn 0.3697 0.9290 0.0180
vn 0.2766 0.1670 0.9464
vn -0.1234 -0.3997 0.9083
vn 0.4403 0.2917 0.8491
vn 0.2488 0.1710 0.9533
vn 0.8046 -0.2165 0.5529
vn 0.8496 -0.3215 0.4180
vn 0.4668 -0.0644 0.8820
vn 0.8573 0.0755 0.5092
vn 0.6957 0.5918 -0.4071
vn 0.9449 0.3093 0.1073
vn 0.7168 0.6337 0.2909
vn 0.8429 0.5345 0.0612
vn 0.8868 0.4614 0.0261
vn -0.2495 -0.6700 0.6992
vn 0.6243 0.5643 0.5402
vn 0.8173 -0.3962 -0.4184
vn 0.8605 -0.1632 -0.4826
vn 0.8750 -0.1402 -0.4634
vn 0.8843 -0.1900 -0.4266
vn 0.9237 0.2389 0.2996
vn -0.1475 -0.3655 0.9190
vn -0.1814 -0.3634 0.9138
vn 0.2309 0.0628 0.9710
vn 0.1531 -0.1290 0.9797
vn 0.9549 0.2797 0.1000
vn 0.9143 0.3507 0.2025
vn 0.6931 0.7009 0.1687
vn 0.8083 0.5239 -0.2688
vn 0.6010 0.7790 -0.1790
vn 0.6291 0.5390 0.5600
vn 0.4971 0.3758 0.7821
vn -0.0244 -0.4347 0.9003
vn -0.0233 -0.3192 0.9474
vn 0.6584 0.5659 -0.4962
vn 0.7534 0.6147 -0.2336
vn -0.1536 -0.6426 0.7506
vn 0.4823 0.2556 0.8379
vn 0.7407 0.5509 -0.3845
vn 0.7733 0.6058 -0.1873
vn 0.7636 0.6006 0.2370
vn -0.0563 -0.4775 0.8768
vn -0.0566 -0.4767 0.8772
vn 0.4981 0.3763 0.7812
vn 0.3381 -0.0274 0.9407
vn 0.6516 0.5261 -0.5464
vn 0.7898 0.5823 0.1929
vn -0.1063 -0.7111 0.6950
vn 0.6885 0.4842 0.5398
vn 0.3499 0.0439 0.9358
vn 0.6582 0.4179 -0.6262
vn 0.8422 0.5005 -0.2004
vn 0.6671 0.4871 0.5636
vn 0.1468 -0.3480 0.9259
vn 0.6004 0.4132 0.6846
vn 0.5759 0.2587 0.7755
vn 0.1462 -0.3147 0.9378
vn 0.7557 0.4332 -0.4911
vn 0.8485 0.4783 0.2263
vn 0.7507 0.4097 0.5182
vn 0.0627 -0.4157 0.9074
vn 0.5390 0.2104 0.8156
vn 0.7625 0.4546 -0.4604
vn 0.8231 0.5102 -0.2493
vn 0.8389 0.5246 0.1449
vn 0.8416 0.5208 0.1432
vn -0.0784 -0.6888 0.7207
vn 0.0598 -0.5435 0.8372
vn 0.7687 0.4570 0.4474
vn 0.0280 -0.5034 0.8636
vn 0.6403 0.3733 0.6713
vn 0.6195 0.3401 0.7075
vn 0.3212 -0.3004 0.8981
vn 0.4424 -0.1713 0.8803
vn 0.6593 0.4225 -0.6219
vn 0.7272 0.4472 -0.5208
vn 0.8066 0.5605 -0.1880
vn 0.8190 0.5687 0.0763
vn 0.7636 0.4770 0.4353
vn 0.5845 0.3443 0.7347
vn 0.0179 -0.6007 0.7993
vn 0.1614 -0.4950 0.8538
vn 0.5398 -0.0683 0.8390
vn 0.4244 -0.4551 0.7828
vn 0.5536 0.4128 -0.7233
vn 0.7280 0.6452 -0.2317
vn 0.7406 0.6639 0.1031
vn 0.7038 0.5120 0.4925
vn 0.6156 0.3931 0.6830
vn 0.3909 -0.4800 0.7854
vn 0.7551 -0.0908 -0.6493
vn 0.7718 -0.2349 -0.5909
vn 0.7100 0.2904 -0.6415
vn 0.7937 0.1044 -0.5993
vn 0.7180 0.4175 -0.5569
vn 0.6370 0.5445 -0.5456
vn 0.7099 0.6887 -0.1475
vn 0.7223 0.6758 0.1467
vn 0.6743 0.5618 0.4792
vn 0.1293 -0.5119 0.8493
vn 0.5500 0.3926 0.7372
vn 0.2708 -0.4813 0.8337
vn 0.5360 0.3803 0.7537
vn 0.5865 0.3501 0.7303
vn 0.6758 0.1391 0.7238
vn 0.7150 -0.2044 0.6685
vn 0.5837 0.2939 -0.7569
vn 0.4224 0.0603 -0.9044
vn 0.5852 0.5903 -0.5560
vn 0.1650 -0.7051 0.6897
vn 0.0983 -0.5525 0.8277
vn 0.5889 0.5774 0.5655
vn 0.4499 0.3729 0.8115
vn 0.4956 0.4346 0.7520
vn 0.5469 -0.5539 0.6278
vn 0.6621 0.1620 0.7317
vn 0.6192 -0.3668 0.6943
vn 0.3256 0.5587 -0.7628
vn 0.5826 0.6412 -0.4994
vn 0.6441 0.7542 -0.1280
vn 0.6337 0.7657 0.1100
vn 0.4849 0.4853 0.7276
vn 0.2188 -0.6813 0.6985
vn 0.3288 0.4738 0.8170
vn 0.2335 -0.1428 0.9618
vn 0.3881 0.3719 -0.8432
vn 0.1007 -0.7460 -0.6583
vn 0.6287 0.7687 0.1179
vn 0.5557 0.6444 0.5253
vn 0.1641 -0.5487 0.8197
vn 0.1622 -0.5764 0.8009
vn 0.3672 0.3865 0.8460
vn 0.2233 -0.6667 0.7111
vn 0.2794 0.3448 0.8961
vn 0.2905 0.5282 0.7979
vn 0.2575 0.4139 0.8732
vn 0.2037 -0.0039 0.9790
vn 0.2910 0.1379 0.9467
vn 0.1976 -0.6868 -0.6995
vn 0.4622 0.5463 -0.6985
vn 0.5636 0.7142 -0.4151
vn 0.5919 0.7742 -0.2243
vn 0.2469 -0.8555 0.4552
vn 0.3587 0.4701 0.8065
vn 0.3501 0.4631 0.8142
vn 0.1782 -0.6508 0.7380
vn 0.2218 -0.5691 0.7918
vn 0.1501 -0.3916 0.9078
vn 0.5220 0.8457 0.1106
vn 0.4644 0.6551 0.5960
vn 0.1283 -0.6206 0.7735
vn 0.0730 -0.6383 0.7664
vn 0.1824 0.3574 0.9160
vn -0.0339 0.3965 0.9174
vn -0.0773 0.2059 0.9755
vn 0.0169 -0.0076 0.9998
vn 0.3819 0.5931 -0.7088
vn 0.4369 0.6987 -0.5665
vn 0.4314 0.8079 0.4015
vn 0.2395 -0.5763 0.7814
vn 0.3700 0.5436 0.7534
vn 0.1976 -0.5218 0.8299
vn 0.2154 0.4213 0.8809
vn -0.1850 -0.6624 0.7259
vn -0.2241 -0.6147 0.7563
vn -0.0942 -0.1938 0.9765
vn -0.0613 -0.3108 0.9485
vn -0.2213 0.4666 -0.8563
vn -0.1658 0.7952 -0.5832
vn 0.4680 0.8764 -0.1138
vn 0.4692 0.8830 0.0081
vn 0.1118 -0.5024 0.8574
vn 0.1747 0.3927 0.9029
vn -0.0510 -0.5507 0.8332
vn -0.0317 -0.5848 0.8106
vn -0.0496 0.5215 0.8518
vn -0.0946 0.4389 0.8935
vn 0.4407 0.8027 0.4018
vn -0.0007 0.2501 0.9682
vn -0.3125 0.3548 0.8812
vn -0.2631 0.1770 0.9484
vn -0.3146 0.0647 0.9470
vn -0.1921 -0.1534 0.9693
vn 0.4016 0.7608 -0.5098
vn 0.4348 0.8863 -0.1595
vn 0.3209 -0.6129 0.7221
vn 0.2082 -0.4896 0.8467
vn 0.0137 0.2481 0.9686
vn -0.2384 -0.4688 0.8505
vn -0.3580 -0.5882 0.7251
vn 0.3929 0.9175 0.0617
vn 0.2768 -0.5869 0.7609
vn 0.2335 -0.4479 0.8631
vn 0.1081 -0.4466 0.8882
vn 0.0741 0.3745 0.9243
vn -0.5569 0.1820 0.8104
vn 0.0932 -0.4165 0.9043
vn -0.2330 -0.3137 0.9205
vn -0.0451 -0.4851 0.8733
vn -0.2031 0.1040 0.9736
vn 0.3278 0.7900 -0.5182
vn 0.3654 0.9233 -0.1185
vn 0.3708 0.9276 0.0466
vn 0.4017 -0.7886 0.4657
vn 0.2464 0.5409 0.8042
vn 0.1981 -0.4284 0.8816
vn 0.1885 -0.3914 0.9007
vn -0.1069 0.0989 0.9893
vn -0.2333 -0.3136 0.9205
vn -0.2362 0.2927 0.9266
vn -0.3269 0.0259 0.9447
vn -0.2619 -0.1822 0.9477
vn -0.3848 -0.0748 0.9199
vn 0.3781 0.9211 -0.0931
vn 0.3901 -0.8659 -0.3132
vn 0.3932 0.9194 0.0057
vn 0.2936 -0.5664 0.7700
vn 0.3152 0.7430 0.5904
vn 0.2550 0.5867 0.7686
vn 0.1791 0.4133 0.8928
vn 0.1859 0.4464 0.8753
vn -0.0239 -0.3413 0.9397
vn -0.0091 0.2323 0.9726
vn -0.1593 -0.0612 0.9853
vn 0.1093 -0.3478 0.9312
vn 0.1199 0.3093 0.9434
vn -0.0330 0.1158 0.9927
vn -0.1706 -0.0037 0.9853
vn 0.3082 0.8867 0.3446
vn 0.1105 0.3060 0.9456
vn 0.1013 -0.3262 0.9398
vn 0.2976 0.8562 0.4222
vn 0.3155 -0.5244 0.7908
vn -0.0815 -0.3027 0.9496
vn 0.0183 0.2323 0.9725
vn -0.1011 -0.0494 0.9937
vn -0.0937 -0.1694 0.9811
vn 0.2492 -0.3825 0.8897
vn -0.0223 -0.2469 0.9688
vn -0.0324 -0.2063 0.9779
vn -0.0209 0.1050 0.9943
vn -0.0039 0.0405 0.9992
vn -0.1094 -0.1446 0.9834
vn 0.2810 0.9562 0.0823
vn 0.0928 0.3178 0.9436
vn -0.0203 0.0599 0.9980
vn -0.0862 -0.0813 0.9930
vn 0.2638 0.9522 -0.1543
vn 0.2477 -0.3815 0.8906
vn 0.1144 0.4009 0.9089
vn 0.1827 -0.2844 0.9411
vn 0.2251 0.7949 -0.5635
vn 0.3620 -0.6782 0.6395
vn 0.1798 -0.2727 0.9452
vn 0.0461 0.2223 0.9739
vn 0.0384 0.1807 0.9828
vn 0.2410 0.9649 -0.1044
vn 0.2464 0.9679 0.0504
vn 0.3079 -0.5322 0.7886
vn 0.0827 -0.1574 0.9841
vn 0.0817 -0.1686 0.9823
vn -0.0972 -0.1856 0.9778
vn -0.0722 0.0064 0.9974
vn -0.0212 -0.1034 0.9944
vn -0.1086 -0.1444 0.9835
vn 0.1092 0.4553 -0.8836
vn -0.0190 -0.0963 0.9952
vn -0.0087 0.1147 0.9934
vn 0.2112 0.9729 0.0942
vn 0.1273 0.6022 0.7881
vn -0.0225 -0.2100 0.9774
vn 0.0347 -0.0126 0.9993
vn -0.0313 -0.1125 0.9932
vn 0.3472 -0.6958 0.6287
vn 0.1762 0.8940 0.4120
vn 0.1825 0.8049 0.5647
vn 0.1279 0.6204 0.7738
vn 0.2473 -0.4434 0.8616
vn 0.0973 0.4487 0.8884
vn 0.1637 0.9801 -0.1119
vn 0.0543 0.2917 0.9550
vn -0.0115 -0.0952 0.9954
vn -0.0022 0.1081 0.9941
vn 0.1739 0.7779 -0.6039
vn 0.1537 0.9792 -0.1322
vn 0.1032 -0.1560 0.9824
vn 0.0411 0.2663 0.9630
vn 0.0306 -0.1941 0.9805
vn 0.0666 0.3982 0.9149
vn 0.0975 -0.2408 0.9657
vn 0.0292 -0.0499 0.9983
vn 0.0212 -0.0688 0.9974
vn 0.0041 -0.0492 0.9988
vn 0.1435 0.9892 0.0305
vn 0.1438 -0.1993 0.9693
vn 0.0303 0.1321 0.9908
vn 0.0123 0.0608 0.9981
vn 0.1152 0.9372 0.3292
vn 0.2280 -0.4526 0.8621
vn 0.2036 -0.4355 0.8769
vn -0.0338 -0.1650 0.9857
vn 0.0968 -0.0695 -0.9929
vn 0.1214 0.9915 0.0471
vn 0.1680 -0.3367 0.9265
vn 0.0475 -0.0604 0.9970
vn 0.0004 -0.1355 0.9908
vn 0.0830 0.8217 -0.5638
vn 0.1269 0.9821 -0.1391
vn 0.0738 0.8884 0.4532
vn 0.0826 0.6231 0.7777
vn 0.1793 -0.5222 0.8338
vn 0.0771 -0.1547 0.9850
vn 0.0438 0.2669 0.9627
vn -0.0085 -0.0139 0.9999
vn -0.0033 -0.0531 0.9986
vn -0.0107 0.0331 0.9994
vn 0.0287 -0.0710 0.9971
vn 0.0048 -0.1297 0.9915
vn 0.1149 0.9861 -0.1197
vn 0.0538 0.5717 0.8187
vn 0.0454 -0.1123 0.9926
vn 0.0483 -0.0594 0.9971
vn 0.4280 -0.1779 0.8861
vn 0.0592 0.5153 -0.8549
vn 0.1169 0.9923 0.0409
vn 0.0908 0.1943 0.9767
vn 0.0145 0.1503 0.9885
vn 0.0319 0.0263 0.9991
vn 0.0328 -0.0581 0.9978
vn 0.0867 -0.1763 0.9805
vn 0.1980 -0.8259 0.5279
vn 0.1985 -0.7450 0.6368
vn 0.0212 -0.0496 0.9985
vn 0.1005 -0.2299 0.9680
vn 0.2266 -0.2487 0.9417
vn 0.0942 0.9859 -0.1382
vn 0.1090 -0.4638 0.8792
vn 0.0372 0.4096 0.9115
vn 0.0530 -0.2447 0.9681
vn 0.1026 -0.3375 0.9357
vn 0.0264 0.3376 0.9409
vn 0.0855 -0.0956 0.9917
vn 0.1220 -0.1850 0.9751
vn -0.0009 0.1787 0.9839
vn 0.1282 -0.1100 0.9856
vn -0.0456 0.1736 -0.9838
vn 0.0368 0.4140 0.9096
vn 0.0272 0.2351 0.9716
vn 0.2277 -0.3317 0.9155
vn 0.0724 0.0470 0.9963
vn 0.0983 -0.0805 0.9919
vn 0.0618 -0.1943 0.9790
vn 0.0934 0.9940 0.0566
vn 0.0647 0.8876 0.4560
vn 0.0780 -0.4884 0.8692
vn 0.1697 -0.5006 0.8489
vn 0.0334 -0.1130 0.9930
vn 0.0381 0.2266 0.9733
vn 0.0841 0.0162 0.9963
vn 0.0643 -0.1149 0.9913
vn 0.1884 -0.2188 0.9574
vn 0.0438 0.8505 -0.5241
vn 0.0775 0.8378 0.5404
vn -0.0014 -0.2031 0.9791
vn 0.3296 -0.1653 0.9296
vn 0.1217 -0.1235 0.9849
vn 0.2756 -0.3459 0.8969
vn 0.2425 -0.1142 0.9634
vn 0.2962 0.0136 0.9550
vn 0.4506 -0.0799 0.8892
vn 0.0924 0.9942 0.0554
vn -0.0081 -0.1804 0.9836
vn 0.3068 -0.0692 0.9493
vn 0.1787 0.1326 0.9749
vn 0.4099 -0.2262 0.8837
vn 0.7387 0.3936 -0.5473
vn 0.0823 0.9905 -0.1106
vn 0.0400 0.6096 0.7917
vn 0.0424 -0.4482 0.8929
vn -0.0102 -0.2787 0.9603
vn -0.0014 -0.3517 0.9361
vn 0.1635 -0.4900 0.8563
vn 0.5451 -0.4751 0.6908
vn 0.0200 -0.0233 0.9995
vn 0.1541 0.1601 0.9750
vn 0.2509 -0.1761 0.9518
vn 0.7848 0.1436 0.6029
vn 0.8124 0.4629 -0.3547
vn 0.8538 0.2211 -0.4714
vn 0.2217 0.8651 0.4499
vn 0.2446 0.9642 0.1027
vn 0.0587 -0.7264 0.6848
vn 0.0066 0.3156 0.9489
vn -0.0576 -0.5637 0.8239
vn -0.0701 -0.1405 0.9876
vn 0.0029 0.1366 0.9906
vn -0.0082 0.1010 0.9949
vn 0.0003 0.0590 0.9983
vn -0.0119 -0.0349 0.9993
vn 0.1756 0.1302 0.9758
vn 0.4168 0.0439 0.9080
vn 0.4507 -0.3457 0.8230
vn 0.2592 0.9011 -0.3476
vn 0.4722 -0.2318 0.8505
vn 0.7853 0.1424 0.6025
vn 0.2179 0.8647 -0.4526
vn 0.5933 -0.1172 0.7964
vn 0.5060 -0.2754 0.8174
vn 0.8975 0.2814 0.3395
vn 0.5833 -0.2214 0.7815
vn 0.8172 0.4529 -0.3564
vn 0.2997 0.9031 0.3075
vn 0.1933 0.8758 0.4423
vn 0.5394 -0.3868 -0.7479
vn 0.0023 0.2732 0.9620
vn -0.0094 0.0652 0.9978
vn 0.3888 0.0495 0.9200
vn 0.4806 -0.1411 0.8655
vn 0.6104 -0.2149 0.7624
vn 0.3425 0.8844 0.3171
vn -0.2077 0.7911 0.5753
vn -0.2488 0.7520 0.6104
vn -0.5696 0.8218 -0.0125
vn -0.5824 0.6285 0.5155
vn -0.1124 -0.3243 0.9392
vn -0.0093 0.0994 0.9950
vn 0.1162 -0.0766 0.9903
vn 0.4570 -0.1938 0.8681
vn 0.4514 -0.0955 0.8872
vn 0.4754 -0.2705 0.8372
vn 0.4170 0.8686 -0.2676
vn 0.2618 0.8402 0.4748
vn 0.8134 0.4252 -0.3970
vn 0.6883 -0.0235 -0.7251
vn -0.1214 0.6623 0.7393
vn -0.3540 0.2317 0.9061
vn 0.5665 -0.4626 -0.6820
vn 0.0607 0.8576 -0.5108
vn 0.0696 0.8489 0.5239
vn -0.0534 0.0229 0.9983
vn -0.8985 0.4263 -0.1048
vn -0.9173 0.3889 0.0851
vn 0.3904 0.0682 0.9181
vn 0.8292 0.0880 -0.5520
vn -0.5719 0.5484 0.6101
vn -0.5975 0.3176 0.7363
vn -0.3530 -0.5912 0.7252
vn 0.0250 0.5708 0.8207
vn 0.0188 0.4373 0.8991
vn -0.2585 -0.2605 0.9302
vn -0.0637 -0.0735 0.9953
vn 0.4978 -0.3449 0.7958
vn 0.4857 0.8643 -0.1304
vn 0.6323 -0.0908 0.7694
vn 0.6675 -0.2223 -0.7107
vn -0.3912 0.4330 0.8121
vn 0.0861 0.9941 0.0655
vn 0.0634 0.9034 0.4241
vn 0.0150 -0.6889 0.7247
vn 0.0053 0.3196 0.9475
vn -0.1591 -0.2588 0.9527
vn -0.8537 0.5027 0.1360
vn 0.3835 0.0632 0.9214
vn 0.4996 -0.2428 0.8315
vn 0.0266 0.8717 -0.4893
vn 0.7899 0.0210 0.6129
vn 0.5274 -0.4882 -0.6953
vn -0.4553 0.4706 0.7558
vn -0.3889 0.5667 0.7263
vn -0.4608 -0.0158 0.8874
vn -0.7430 -0.6437 0.1833
vn -0.0249 -0.2520 0.9674
vn -0.6702 0.0467 0.7407
vn -0.2648 -0.2988 0.9169
vn -0.0171 0.1616 0.9867
vn -0.0523 -0.1800 0.9823
vn -0.2452 -0.0000 0.9695
vn -0.1587 -0.1810 0.9706
vn -0.0003 -0.0611 0.9981
vn 0.5375 -0.3822 0.7517
vn 0.5737 -0.3237 0.7524
vn 0.7560 0.2166 -0.6177
vn 0.6675 -0.1950 -0.7186
vn 0.0554 0.8880 0.4565
vn 0.7661 0.5441 -0.3423
vn -0.3769 0.6000 0.7057
vn -0.5100 0.3769 0.7732
vn 0.3442 -0.4906 -0.8005
vn -0.5546 0.1986 0.8081
vn -0.2799 -0.4297 0.8585
vn -0.0509 -0.7865 0.6155
vn 0.0078 0.4001 0.9164
vn -0.0624 -0.0922 0.9938
vn -0.0221 0.0316 0.9993
vn -0.0528 -0.1138 0.9921
vn 0.2978 -0.3398 0.8921
vn 0.3389 -0.0799 0.9374
vn 0.0690 0.8547 -0.5145
vn 0.3687 -0.4798 0.7961
vn 0.1026 0.8792 -0.4653
vn 0.6521 0.7177 0.2445
vn 0.0991 0.8878 0.4494
vn -0.4470 0.4764 0.7572
vn -0.5105 0.3772 0.7727
vn -0.4821 0.3193 0.8159
vn -0.5345 0.2111 0.8184
vn -0.5198 -0.0162 0.8541
vn -0.4074 -0.0375 0.9125
vn 0.0727 0.8518 0.5188
vn -0.0071 -0.1629 0.9866
vn -0.0247 0.2246 0.9741
vn -0.0312 0.1080 0.9937
vn 0.4418 -0.1026 0.8912
vn 0.4268 -0.1477 0.8922
vn 0.4356 -0.3352 0.8354
vn 0.4562 -0.3759 0.8066
vn 0.5576 -0.2783 -0.7821
vn 0.1055 0.9004 0.4221
vn 0.6326 0.6053 -0.4831
vn -0.4665 0.1200 0.8764
vn -0.3835 -0.1987 0.9019
vn -0.2499 -0.4474 0.8587
vn 0.0504 0.9167 -0.3963
vn 0.0142 -0.7718 0.6357
vn -0.0139 -0.3870 0.9220
vn 0.0066 -0.0853 0.9963
vn 0.0101 0.0176 0.9998
vn 0.4351 -0.2421 0.8672
vn 0.4130 -0.2835 0.8655
vn 0.4490 -0.3462 0.8237
vn 0.6452 0.7089 0.2851
vn 0.6240 0.1114 0.7735
vn 0.5820 -0.0894 0.8083
vn 0.6337 0.6138 -0.4709
vn 0.6000 0.0974 -0.7941
vn -0.2611 0.6986 0.6662
vn -0.3404 0.5690 0.7485
vn -0.4060 0.4753 0.7806
vn -0.4636 0.3942 0.7935
vn -0.2435 -0.4336 0.8676
vn 0.0845 0.9906 -0.1076
vn 0.0834 0.9948 0.0577
vn -0.0030 -0.5922 0.8058
vn -0.0093 -0.1303 0.9914
vn -0.0278 -0.1710 0.9849
vn -0.0091 0.2141 0.9768
vn -0.2480 0.6449 0.7229
vn -0.0048 0.8825 0.4702
vn -0.4257 0.1916 0.8843
vn -0.4091 0.0785 0.9091
vn -0.0240 -0.4599 0.8876
vn 0.0733 0.9186 0.3884
vn 0.0017 0.3165 0.9486
vn -0.0219 -0.1420 0.9896
vn 0.0398 -0.1545 0.9872
vn -0.0167 0.1168 0.9930
vn 0.0185 -0.1009 0.9947
vn 0.2867 -0.3593 0.8881
vn 0.3708 -0.2003 0.9068
vn 0.0759 0.8809 -0.4672
vn 0.4045 -0.4773 0.7801
vn 0.6191 0.1489 0.7711
vn 0.0397 0.9452 0.3240
vn -0.4009 0.5224 0.7526
vn -0.4398 0.4316 0.7876
vn -0.4415 0.3911 0.8075
vn -0.4530 0.3343 0.8265
vn 0.0511 0.8608 -0.5063
vn 0.0706 0.9829 -0.1701
vn 0.0488 0.7540 0.6550
vn 0.0351 0.5410 0.8403
vn -0.0234 -0.2467 0.9688
vn -0.0207 -0.3636 0.9313
vn -0.0080 0.2915 0.9566
vn -0.0055 0.1334 0.9910
vn 0.1974 -0.7872 0.5842
vn 0.4111 -0.3820 0.8277
vn -0.2325 0.5750 -0.7844
vn 0.4230 -0.3713 0.8265
vn 0.0633 0.8692 -0.4904
vn 0.3102 0.9371 -0.1598
vn 0.3800 -0.4458 0.8105
vn 0.4176 0.9043 0.0889
vn 0.4290 -0.3470 0.8340
vn 0.2600 0.8789 0.3999
vn -0.4438 0.3990 0.8024
vn -0.4512 0.4084 0.7935
vn -0.4517 0.3316 0.8283
vn -0.2691 -0.1373 0.9533
vn -0.2568 -0.2039 0.9447
vn 0.5462 0.0804 0.8338
vn -0.3029 0.6036 0.7375
vn -0.3502 0.4940 0.7958
vn -0.4548 0.2356 0.8589
vn -0.2883 -0.2559 0.9227
vn -0.0202 -0.2569 0.9662
vn -0.0064 -0.1462 0.9892
vn 0.0196 -0.1431 0.9895
vn -0.0001 0.0111 0.9999
vn -0.0152 -0.0743 0.9971
vn 0.3992 -0.2064 0.8933
vn 0.4039 -0.2886 0.8681
vn 0.0205 0.8642 -0.5027
vn 0.4035 0.8473 0.3454
vn 0.4452 -0.1947 0.8740
vn 0.4879 0.6638 -0.5668
vn 0.2331 0.9713 0.0466
vn -0.3403 0.2050 0.9177
vn -0.2462 -0.1819 0.9520
vn 0.0184 0.4013 0.9158
vn -0.0140 -0.1653 0.9861
vn -0.0038 -0.1514 0.9885
vn -0.0154 0.0767 0.9969
vn -0.0135 0.0799 0.9967
vn -0.0104 0.0249 0.9996
vn 0.2859 -0.3539 0.8905
vn 0.3238 -0.4596 0.8270
vn -0.0813 0.9506 0.2996
vn -0.3036 0.6333 0.7118
vn -0.2332 -0.3141 0.9203
vn 0.0114 -0.5908 0.8068
vn -0.0242 -0.1606 0.9867
vn 0.3718 -0.3467 0.8611
vn -0.0102 0.9986 -0.0526
vn 0.3536 0.6108 -0.7085
vn 0.3219 0.6644 -0.6745
vn -0.1057 0.9628 0.2488
vn -0.4056 0.2561 0.8775
vn -0.3217 0.1907 0.9274
vn 0.0891 0.9946 0.0538
vn 0.0057 -0.7580 0.6522
vn 0.0131 0.4636 0.8859
vn -0.0170 -0.3584 0.9334
vn -0.0129 0.2081 0.9780
vn -0.0104 -0.0729 0.9973
vn -0.4145 0.4009 -0.8170
vn 0.4027 -0.3281 0.8545
vn 0.4134 -0.3017 0.8591
vn 0.3935 -0.3771 0.8384
vn 0.2261 0.9741 0.0082
vn 0.4471 -0.1927 0.8735
vn 0.2984 -0.4267 0.8537
vn -0.2963 0.6209 0.7257
vn 0.3826 -0.4446 -0.8099
vn -0.3554 0.4896 0.7962
vn -0.3951 0.4070 0.8235
vn -0.4019 0.3363 0.8517
vn -0.3531 0.3433 0.8703
vn -0.2310 -0.6016 0.7647
vn -0.3560 -0.5126 0.7813
vn -0.0138 -0.5295 0.8482
vn -0.0221 0.0034 0.9998
vn 0.0241 -0.0167 0.9996
vn -0.0200 -0.1065 0.9941
vn 0.3442 -0.3423 0.8742
vn 0.3835 -0.3678 0.8471
vn -0.2346 0.6789 -0.6958
vn 0.3689 -0.4088 0.8347
vn 0.1802 0.8423 0.5080
vn -0.2196 0.9282 0.3005
vn -0.3837 0.4021 0.8313
vn -0.3901 0.4260 0.8163
vn -0.4135 0.3795 0.8276
vn -0.4021 -0.2188 0.8891
vn 0.0890 0.9765 -0.1963
vn 0.0853 0.9936 0.0741
vn 0.0723 0.9194 0.3865
vn -0.0077 -0.1579 0.9874
vn -0.0068 0.0786 0.9969
vn 0.3441 -0.3424 0.8743
vn -0.1288 0.8900 -0.4374
vn 0.2869 -0.4276 0.8572
vn 0.1735 0.8405 0.5133
vn -0.0480 0.6846 -0.7273
vn -0.2960 0.6755 0.6754
vn -0.3961 0.3837 0.8342
vn -0.3421 0.2346 0.9099
vn -0.5486 -0.3812 0.7442
vn 0.0028 -0.1541 0.9880
vn 0.0015 -0.1549 0.9879
vn 0.1372 -0.5724 0.8084
vn 0.3416 -0.3631 0.8669
vn -0.2764 0.9423 -0.1888
vn -0.3953 0.3811 0.8358
vn -0.4157 0.3666 0.8323
vn -0.5974 -0.3157 0.7372
vn 0.1373 -0.7197 0.6806
vn 0.0477 0.7585 0.6499
vn 0.0032 -0.1640 0.9865
vn -0.0362 -0.2486 0.9679
vn 0.2279 -0.4446 0.8663
vn 0.3180 -0.3702 0.8728
vn 0.3471 -0.3758 0.8593
vn -0.0478 0.9749 0.2175
vn 0.1847 -0.1187 0.9756
vn 0.1932 -0.1735 0.9657
vn -0.3390 0.4777 0.8105
vn -0.3797 0.3431 0.8592
vn -0.5697 -0.2965 0.7665
vn 0.0840 0.9927 -0.0870
vn 0.0252 -0.6642 0.7471
vn 0.0113 -0.5006 0.8656
vn -0.0158 -0.6563 0.7544
vn 0.2675 -0.3900 0.8811
vn -0.5695 0.1397 0.8100
vn 0.0589 0.8420 -0.5362
vn 0.0658 0.9242 -0.3762
vn 0.0551 0.8828 0.4666
vn 0.0022 -0.1997 0.9799
vn -0.0285 -0.3349 0.9418
vn -0.0084 0.2093 0.9778
vn -0.0082 0.1349 0.9908
vn -0.3927 0.4090 -0.8237
vn 0.1886 -0.4371 0.8794
vn 0.3686 -0.3570 0.8583
vn -0.4465 0.6331 -0.6323
vn 0.2993 -0.3239 0.8975
vn -0.3685 0.8793 0.3017
vn -0.2237 0.7843 0.5786
vn 0.1754 -0.2577 0.9502
vn -0.5781 0.7543 0.3111
vn -0.3463 0.4657 0.8143
vn -0.3407 0.3974 0.8520
vn -0.3990 0.3582 0.8441
vn -0.6648 0.1123 0.7385
vn -0.6607 0.0837 0.7460
vn 0.7404 -0.5759 -0.3466
vn 0.6785 -0.5971 0.4279
vn 0.2058 -0.4787 0.8535
vn 0.0026 0.6249 0.7807
vn -0.0007 0.4581 0.8889
vn -0.0130 0.3096 0.9508
vn -0.0091 0.2915 0.9565
vn 0.2419 -0.3833 0.8914
vn -0.3578 0.3819 0.8521
vn -0.3785 0.3841 0.8422
vn -0.3833 0.3668 0.8477
vn -0.3942 0.3789 0.8373
vn 0.1380 -0.1807 -0.9738
vn 0.7424 -0.5136 -0.4302
vn 0.7186 -0.4370 0.5410
vn 0.1286 -0.2231 0.9663
vn 0.0445 -0.5394 0.8409
vn 0.0239 -0.1556 0.9875
vn 0.2049 -0.3998 0.8934
vn 0.2131 -0.3588 0.9087
vn -0.5866 0.8003 0.1238
vn -0.3582 0.3689 0.8577
vn -0.3659 0.3658 0.8558
vn -0.5861 0.2652 0.7656
vn 0.7727 -0.6308 -0.0711
vn 0.7580 -0.6177 0.2097
vn 0.0599 0.8816 0.4682
vn -0.0155 -0.4723 0.8813
vn -0.0001 0.4566 0.8897
vn -0.0055 -0.3172 0.9483
vn 0.0039 -0.1641 0.9864
vn 0.0066 -0.2041 0.9789
vn -0.0133 0.2607 0.9653
vn 0.0083 -0.1679 0.9858
vn -0.0062 0.0781 0.9969
vn 0.0163 -0.1077 0.9941
vn -0.0590 -0.5206 0.8518
vn 0.1733 -0.3598 0.9168
vn 0.0624 -0.2206 0.9734
vn 0.0453 -0.2591 0.9648
vn -0.6555 0.5895 0.4721
vn -0.7065 0.1161 0.6981
vn -0.1748 -0.1472 0.9735
vn -0.2642 0.1574 0.9515
vn 0.3351 -0.1088 0.9359
vn 0.4735 -0.2832 0.8340
vn -0.1771 -0.4753 0.8618
vn -0.0101 0.2031 0.9791
vn -0.0541 0.0291 0.9981
vn 0.0172 -0.1082 0.9940
vn -0.1484 -0.4803 0.8645
vn -0.1455 -0.4774 0.8666
vn 0.0967 -0.4092 0.9073
vn 0.0933 -0.3846 0.9184
vn -0.7191 0.6494 0.2473
vn -0.7741 0.3018 0.5564
vn -0.5875 0.2782 0.7599
vn -0.9411 -0.0282 0.3370
vn -0.6076 0.2624 0.7496
vn 0.6797 -0.6939 -0.2376
vn 0.0814 0.9938 -0.0754
vn 0.0871 0.9934 0.0748
vn -0.0611 0.1779 0.9822
vn 0.0110 -0.3461 0.9381
vn -0.0137 0.0228 0.9996
vn -0.0102 -0.0521 0.9986
vn -0.4958 0.3554 -0.7924
vn -0.1754 -0.2320 0.9568
vn -0.2885 -0.4432 0.8487
vn -0.5430 0.1334 0.8291
vn 0.6534 -0.7017 0.2841
vn -0.6983 0.3062 0.6471
vn -0.0919 0.1112 0.9895
vn 0.4054 -0.3424 0.8476
vn 0.5084 -0.5625 0.6521
vn -0.0420 -0.6828 0.7294
vn -0.0229 -0.4890 0.8720
vn -0.0113 -0.2400 0.9707
vn 0.0209 -0.1699 0.9852
vn 0.0053 -0.1221 0.9925
vn -0.9252 0.2381 -0.2956
vn -0.3218 -0.3337 0.8861
vn -0.3072 -0.3386 0.8894
vn 0.6477 -0.7375 -0.1914
vn -0.8200 0.4408 -0.3651
vn 0.6341 -0.7571 0.1573
vn -0.1759 0.1491 0.9731
vn -0.0138 0.1133 0.9935
vn -0.0128 0.1246 0.9921
vn -0.5731 0.7486 -0.3335
vn 0.0696 0.9850 0.1579
vn 0.0568 0.9531 0.2973
vn -0.1349 0.1565 0.9784
vn -0.1014 0.0203 0.9946
vn -0.0175 0.4490 0.8933
vn 0.0124 -0.1714 0.9851
vn -0.0012 0.0351 0.9994
vn -0.0119 -0.0142 0.9998
vn 0.0348 0.9172 -0.3970
vn -0.3499 0.9145 -0.2033
vn -0.5728 0.8191 0.0308
vn 0.2502 -0.5611 0.7890
vn -0.0018 -0.0600 0.9982
vn -0.3187 0.9225 -0.2178
vn -0.2027 0.8304 0.5190
vn -0.0301 0.3265 0.9447
vn 0.0456 0.8822 -0.4687
vn 0.0618 -0.8052 -0.5898
vn 0.1005 0.9919 -0.0776
vn 0.0591 0.9911 -0.1193
vn 0.0512 -0.6464 0.7613
vn 0.0771 -0.5174 0.8523
vn 0.0045 -0.1836 0.9830
vn -0.0166 -0.0713 0.9973
vn 0.0265 0.6668 -0.7447
vn 0.4328 0.8812 -0.1902
vn 0.0875 0.7610 0.6429
vn 0.0080 0.8881 0.4596
vn -0.0318 -0.0036 0.9995
vn -0.2583 -0.5900 0.7650
vn 0.0056 0.7333 0.6799
vn 0.0031 0.6240 0.7815
vn 0.0189 -0.3404 0.9401
vn 0.0117 -0.2622 0.9650
vn -0.0049 -0.1642 0.9864
vn -0.0246 0.0561 0.9981
vn 0.3603 0.9072 -0.2173
vn 0.5764 0.5406 0.6128
vn 0.1795 -0.6302 0.7554
vn -0.0385 0.1570 0.9869
vn -0.0064 -0.1215 0.9926
vn 0.7999 0.5028 -0.3276
vn 0.5730 0.6425 -0.5089
vn 0.0424 0.9982 -0.0432
vn 0.5861 0.4843 0.6496
vn -0.2501 -0.1598 0.9549
vn 0.2793 0.3998 0.8730
vn -0.0195 0.4566 0.8894
vn -0.0364 0.2638 0.9639
vn -0.0346 0.2019 0.9788
vn -0.0319 0.0933 0.9951
vn 0.8906 0.1393 -0.4329
vn 0.6211 -0.7747 0.1188
vn 0.8914 0.1604 -0.4239
vn 0.8901 0.2411 0.3869
vn 0.9028 0.2486 0.3510
vn 0.2944 0.2245 0.9289
vn 0.0563 -0.4063 0.9120
vn 0.0121 -0.2613 0.9652
vn 0.0597 -0.3793 0.9233
vn -0.0131 -0.1427 0.9897
vn 0.0596 0.2293 -0.9715
vn 0.6759 -0.1595 -0.7196
vn 0.5672 0.2035 -0.7980
vn 0.4339 0.2225 0.8730
vn 0.4060 -0.5012 0.7642
vn -0.2334 -0.0508 0.9711
vn -0.3043 -0.1029 0.9470
vn 0.1861 -0.7636 0.6182
vn 0.1602 -0.6934 0.7025
vn -0.0287 0.3284 0.9441
vn -0.8801 -0.3709 0.2965
vn 0.0139 0.6997 0.7143
vn -0.0325 -0.2489 0.9680
vn -0.0110 -0.1731 0.9848
vn -0.0407 0.1825 0.9824
vn -0.0234 -0.0157 0.9996
vn -0.0098 -0.0775 0.9969
vn 0.0940 -0.7942 -0.6003
vn -0.7849 -0.4186 0.4568
vn -0.4054 -0.0710 0.9114
vn 0.0272 0.9230 0.3837
vn -0.0358 0.1045 0.9939
vn -0.0236 -0.0350 0.9991
vn 0.0248 0.8765 -0.4807
vn -0.2500 -0.6793 0.6899
vn -0.0242 -0.6135 0.7893
vn -0.0337 0.3109 0.9498
vn -0.0351 0.2589 0.9653
vn -0.0380 0.1582 0.9867
vn -0.0583 -0.4204 0.9055
vn -0.0121 -0.1708 0.9852
vn -0.0378 0.0199 0.9991
vn -0.0491 -0.7791 0.6250
vn -0.0210 0.4544 0.8906
vn 0.0021 0.7280 -0.6856
vn 0.0109 0.7962 0.6050
vn -0.0397 -0.2516 0.9670
vn -0.0274 -0.1670 0.9856
vn -0.0090 -0.1420 0.9898
vn 0.0221 0.9721 0.2336
vn -0.0400 -0.2519 0.9669
vn -0.0369 0.2545 0.9664
vn -0.0321 0.1460 0.9888
vn -0.0063 -0.1869 0.9824
vn -0.0172 -0.0857 0.9962
vn -0.0056 -0.1470 0.9891
vn -0.0629 -0.4009 0.9140
vn 0.0193 0.9489 -0.3150
vn 0.0313 0.9995 -0.0028
vn 0.0345 0.9987 -0.0374
vn -0.0133 -0.0295 0.9995
vn -0.0124 -0.0899 0.9959
vn -0.0347 0.1838 0.9824
vn -0.0432 0.0697 0.9966
vn -0.0181 0.0071 0.9998
vn 0.0251 -0.4627 0.8862
vn -0.0325 0.1889 0.9815
vn -0.0286 -0.0089 0.9996
vn 0.0715 -0.2882 0.9549
vn -0.0068 -0.1871 0.9823
vn -0.0244 0.5562 0.8307
vn -0.0153 0.4438 0.8960
vn 0.0105 -0.2707 0.9626
vn -0.0306 0.1077 0.9937
vn 0.0937 -0.3733 0.9230
vn -0.0438 0.3232 0.9453
vn -0.0334 0.1435 0.9891
vn -0.0077 -0.0880 0.9961
vn -0.0223 0.0502 0.9985
vn -0.0196 0.9304 0.3660
vn -0.0219 0.7449 0.6668
vn -0.0252 0.5586 0.8290
vn 0.0674 -0.2332 0.9701
vn -0.0353 0.0905 0.9953
vn 0.0087 -0.1533 0.9881
vn 0.0940 -0.3726 0.9232
vn -0.0050 -0.0835 0.9965
vn -0.0111 -0.0083 0.9999
vn -0.0177 0.7180 -0.6958
vn -0.0259 0.7621 0.6469
vn -0.0676 0.2532 0.9650
vn 0.0303 -0.1914 0.9810
vn -0.0406 0.0152 0.9991
vn -0.0708 0.4804 0.8742
vn 0.0780 -0.5744 0.8148
vn 0.0703 -0.3931 0.9168
vn -0.0493 0.3208 0.9459
vn -0.0760 0.2432 0.9670
vn -0.0665 0.2028 0.9770
vn -0.0698 0.0929 0.9932
vn -0.0290 0.9375 -0.3469
vn -0.0483 0.9936 -0.1021
vn 0.0643 -0.6046 0.7939
vn -0.0891 0.1711 0.9812
vn 0.0035 -0.1629 0.9866
vn -0.0356 0.0148 0.9993
vn -0.0460 0.8125 -0.5812
vn -0.0622 0.3331 0.9408
vn 0.0054 -0.2043 0.9789
vn -0.0983 0.2410 0.9655
vn -0.0486 0.9937 -0.1008
vn -0.0623 0.9732 0.2215
vn 0.1374 -0.7967 0.5886
vn -0.0025 -0.5959 0.8031
vn -0.0955 0.3213 0.9421
vn -0.0175 -0.1923 0.9812
vn -0.0128 -0.1633 0.9865
vn -0.0709 0.0532 0.9961
vn -0.0242 -0.0798 0.9965
vn -0.0771 0.5381 -0.8393
vn 0.3384 -0.5472 0.7655
vn -0.0233 -0.3253 0.9453
vn -0.0946 0.1689 0.9811
vn -0.0193 -0.1676 0.9857
vn -0.0366 -0.1175 0.9924
vn 0.3251 -0.5447 0.7731
vn 0.0886 -0.2604 0.9614
vn -0.0958 0.4882 0.8674
vn -0.0760 -0.3487 0.9342
vn -0.0896 0.9106 0.4034
vn 0.4015 -0.4303 0.8085
vn -0.0885 0.7869 0.6107
vn -0.1195 0.3894 0.9133
vn -0.1000 -0.5123 0.8529
vn -0.1100 0.2719 0.9560
vn -0.1197 0.2052 0.9714
vn -0.1039 0.1373 0.9851
vn -0.0911 0.1389 0.9861
vn -0.0448 0.0050 0.9990
vn -0.0527 -0.0397 0.9978
vn -0.0588 0.8046 -0.5909
vn -0.0809 0.9326 -0.3517
vn 0.6506 -0.7544 -0.0873
vn 0.6385 -0.7692 0.0266
vn 0.2819 -0.3842 0.8791
vn -0.1175 0.5969 0.7937
vn -0.1706 -0.2197 0.9605
vn -0.1297 -0.3114 0.9414
vn 0.2384 -0.3815 0.8931
vn -0.1662 -0.3272 0.9302
vn -0.0907 -0.2110 0.9733
vn -0.2526 -0.1219 0.9599
vn -0.1630 0.3809 0.9101
vn -0.0613 -0.0436 0.9972
vn 0.3950 0.1651 -0.9037
vn 0.6223 -0.7827 -0.0065
vn -0.1201 0.0185 0.9926
vn 0.2263 -0.3052 0.9250
vn -0.2540 -0.5168 0.8176
vn -0.0723 -0.1615 0.9842
vn -0.1031 -0.2016 0.9740
vn -0.0680 -0.0581 0.9960
vn -0.0815 -0.1251 0.9888
vn -0.0788 0.0654 0.9947
vn -0.1899 0.0206 0.9816
vn -0.1394 0.2147 0.9667
vn -0.1204 0.1718 0.9777
vn -0.0795 0.0506 0.9956
vn -0.0738 -0.1344 0.9882
vn 0.2899 0.8275 -0.4809
vn 0.3612 0.4973 0.7888
vn -0.1233 0.5890 0.7986
vn -0.2929 -0.5448 0.7857
vn -0.1438 0.2738 0.9510
vn -0.1025 0.0126 0.9947
vn 0.3050 0.3222 -0.8962
vn 0.6263 0.7557 0.1917
vn -0.0743 0.3012 0.9507
vn -0.2090 -0.2922 0.9333
vn -0.1624 0.0956 0.9821
vn 0.0114 -0.1176 0.9930
vn 0.3106 -0.3311 0.8910
vn -0.1816 0.4008 0.8980
vn -0.1542 0.2601 0.9532
vn 0.1896 0.1216 0.9743
vn -0.0777 -0.0486 0.9958
vn -0.3054 -0.5345 0.7881
vn -0.1960 -0.3053 0.9319
vn -0.0602 0.0326 0.9977
vn 0.7260 0.6792 -0.1078
vn -0.0698 -0.0391 0.9968
vn 0.0326 -0.0679 0.9972
vn 0.4442 0.5435 0.7122
vn -0.1660 0.0971 0.9813
vn 0.6389 -0.6567 0.4007
vn 0.4164 0.5479 0.7256
vn 0.0172 0.0803 0.9966
vn -0.0560 -0.0982 0.9936
vn -0.1688 -0.2588 0.9511
vn -0.1036 -0.2018 0.9739
vn -0.1954 -0.3035 0.9326
vn 0.6784 -0.6509 0.3409
vn 0.4658 0.5562 0.6883
vn 0.0319 0.0353 0.9989
vn -0.0372 -0.0299 0.9989
vn -0.1071 -0.1410 0.9842
vn -0.2094 0.3623 0.9082
vn -0.3107 -0.5111 0.8014
vn -0.1912 0.2844 0.9395
vn -0.2697 -0.4216 0.8657
vn -0.0893 0.0729 0.9933
vn 0.5320 0.6735 -0.5132
vn -0.1417 0.1187 0.9828
vn 0.1015 0.1730 0.9797
vn -0.0467 -0.0407 0.9981
vn -0.2559 -0.3617 0.8965
vn -0.0763 -0.0300 0.9966
vn -0.1441 0.1249 0.9816
vn 0.6400 -0.7088 0.2967
vn -0.3105 -0.5110 0.8015
vn 0.0721 -0.0805 0.9941
vn 0.0591 -0.0609 0.9964
vn -0.2580 0.3504 0.9004
vn -0.1151 0.1700 0.9787
vn 0.4601 0.5997 0.6548
vn 0.4892 0.6119 0.6216
vn 0.1282 -0.4584 0.8794
vn -0.3036 0.3689 0.8785
vn -0.2228 0.2789 0.9341
vn -0.1591 0.2013 0.9665
vn -0.1036 -0.2108 0.9720
vn -0.0196 -0.0501 0.9986
vn -0.2080 0.2461 0.9467
vn -0.1705 -0.2863 0.9428
vn -0.1153 0.1334 0.9843
vn -0.0852 0.0728 0.9937
vn -0.0762 -0.1367 0.9877
vn 0.4771 0.6198 -0.6230
vn -0.0174 -0.0576 0.9982
vn -0.0024 -0.0040 1.0000
vn 0.1270 0.1606 0.9788
vn -0.0281 -0.0591 0.9979
vn -0.2284 -0.3972 0.8889
vn -0.1689 0.2405 0.9558
vn 0.4867 0.6383 -0.5964
vn 0.5087 0.6821 0.5253
vn -0.0714 0.1627 0.9841
vn 0.0470 0.0383 0.9982
vn -0.0055 -0.0292 0.9996
vn -0.3521 0.3618 0.8632
vn 0.0480 -0.1521 0.9872
vn -0.2249 0.2753 0.9347
vn -0.1306 -0.2599 0.9568
vn -0.0869 0.0950 0.9917
vn -0.0486 -0.0258 0.9985
vn -0.1092 0.1930 0.9751
vn 0.1202 0.1676 0.9785
vn 0.1234 0.1577 0.9797
vn -0.3520 0.3768 0.8568
vn -0.2923 0.3017 0.9075
vn -0.1815 -0.3551 0.9170
vn -0.1633 -0.7009 0.6943
vn -0.0130 -0.0365 0.9992
vn -0.0070 0.0150 0.9999
vn -0.0139 -0.0595 0.9981
vn -0.0082 -0.0508 0.9987
vn -0.2515 -0.4089 0.8772
vn -0.0874 -0.1153 0.9895
vn 0.3489 0.8590 -0.3748
vn 0.4743 0.6873 0.5502
vn -0.0139 -0.0597 0.9981
vn -0.1058 -0.0158 0.9943
vn -0.1630 0.1673 0.9723
vn -0.3680 -0.4390 0.8197
vn 0.0174 0.0110 0.9998
vn 0.0013 0.0265 0.9996
vn -0.3565 0.3719 0.8571
vn -0.0495 -0.0378 0.9981
vn -0.3427 -0.1334 0.9299
vn -0.3054 -0.5081 0.8053
vn -0.1458 0.2482 0.9577
vn -0.0927 -0.0427 0.9948
vn 0.0113 -0.0477 0.9988
vn 0.0144 0.0131 0.9998
vn -0.4044 0.3833 0.8304
vn -0.0120 -0.0353 0.9993
vn -0.1892 0.2469 0.9504
vn -0.1445 0.1472 0.9785
vn 0.4497 0.8685 0.2084
vn -0.0066 -0.0646 0.9979
vn -0.0125 -0.0844 0.9964
vn -0.0155 -0.0365 0.9992
vn -0.0245 0.0473 0.9986
vn -0.2003 0.3132 0.9283
vn -0.0907 -0.0458 0.9948
vn -0.4172 -0.2306 0.8791
vn 0.0883 0.2050 0.9748
vn 0.0747 0.1458 0.9865
vn 0.0732 0.1555 0.9851
vn -0.0312 0.0210 0.9993
vn -0.2015 -0.4524 0.8688
vn -0.1863 -0.3599 0.9142
vn 0.5367 0.7805 0.3205
vn 0.0731 0.5346 0.8419
vn -0.0038 -0.0012 1.0000
vn -0.0144 -0.0415 0.9990
vn -0.0230 0.0101 0.9997
vn -0.3667 0.4034 0.8384
vn -0.2764 -0.5491 0.7888
vn 0.0034 -0.0314 0.9995
vn 0.0142 -0.0628 0.9979
vn -0.3840 0.4510 0.8057
vn -0.2732 -0.5258 0.8055
vn -0.2725 0.3406 0.8999
vn -0.0103 -0.0315 0.9994
vn 0.0147 -0.0093 0.9998
vn -0.1720 0.1979 0.9650
vn -0.1022 -0.2765 0.9556
vn -0.1263 0.1665 0.9779
vn -0.1114 0.0896 0.9897
vn -0.1066 0.0786 0.9912
vn 0.0186 0.9998 0.0105
vn 0.0134 0.6336 0.7735
vn -0.2418 -0.2387 0.9405
vn -0.0206 0.0772 0.9968
vn 0.0013 -0.0509 0.9987
vn -0.1453 -0.3999 0.9050
vn -0.1124 -0.2159 0.9699
vn -0.0425 -0.0645 0.9970
vn -0.2257 -0.2088 0.9516
vn -0.0365 0.0451 0.9983
vn -0.1310 -0.0194 0.9912
vn -0.0364 0.0332 0.9988
vn -0.0534 0.5000 0.8644
vn -0.0337 0.0851 0.9958
vn -0.0564 -0.0599 0.9966
vn -0.0592 0.0607 0.9964
vn 0.0037 -0.0341 0.9994
vn -0.3759 0.4550 0.8073
vn -0.2499 0.3468 0.9040
vn -0.2360 0.3062 0.9222
vn -0.2252 0.3350 0.9149
vn -0.1465 -0.3938 0.9074
vn -0.2381 -0.0499 0.9699
vn -0.2444 0.0505 0.9684
vn -0.4365 -0.3156 0.8425
vn -0.0717 0.2189 0.9731
vn 0.0067 -0.0174 0.9998
vn 0.0108 -0.0471 0.9988
vn -0.0539 -0.1177 0.9916
vn -0.2319 -0.5655 0.7915
vn -0.0863 -0.2363 0.9678
vn -0.3676 -0.1407 0.9193
vn -0.3023 -0.0355 0.9525
vn -0.2522 0.0466 0.9666
vn -0.2813 0.1435 0.9488
vn -0.2648 -0.2857 0.9210
vn -0.1425 -0.0512 0.9885
vn -0.0550 0.0687 0.9961
vn -0.4410 0.4793 0.7588
vn -0.3840 0.9213 0.0619
vn -0.3019 0.4332 0.8492
vn -0.2917 0.1374 0.9466
vn -0.3707 0.4819 0.7940
vn -0.1979 0.3306 0.9228
vn -0.0934 -0.4087 0.9079
vn -0.3413 0.2576 0.9040
vn 0.0079 -0.0368 0.9993
vn -0.1818 -0.5963 0.7819
vn -0.1791 -0.5613 0.8080
vn -0.3841 0.2747 0.8815
vn -0.2780 -0.2420 0.9296
vn -0.0801 0.0619 0.9949
vn 0.0250 -0.0248 0.9994
vn -0.0800 -0.1220 0.9893
vn -0.2282 -0.6210 0.7499
vn -0.2813 0.4187 0.8635
vn -0.1255 0.2184 0.9678
vn -0.0917 -0.0464 0.9947
vn -0.1354 0.1545 0.9787
vn -0.0741 0.0881 0.9934
vn 0.0224 -0.0320 0.9992
vn -0.0753 -0.1049 0.9916
vn -0.3441 0.5412 0.7673
vn -0.1055 0.0914 0.9902
vn -0.0965 -0.0403 0.9945
vn -0.4316 0.3876 0.8145
vn -0.3755 0.3180 0.8706
vn -0.4052 -0.4385 0.8022
vn -0.3465 -0.4085 0.8444
vn -0.1014 -0.3776 0.9204
vn -0.1141 0.1185 0.9864
vn 0.0154 0.0062 0.9999
vn 0.0179 -0.0279 0.9994
vn -0.0257 -0.1365 0.9903
vn -0.1980 0.3313 0.9225
vn -0.2936 0.3075 0.9051
vn -0.3378 -0.4593 0.8215
vn -0.3501 -0.4358 0.8292
vn -0.0672 0.0926 0.9934
vn -0.0282 -0.1544 0.9876
vn -0.2749 -0.3700 0.8874
vn -0.1230 -0.5858 0.8011
vn -0.0787 -0.3379 0.9379
vn -0.0808 -0.0268 0.9964
vn -0.5321 -0.5485 0.6450
vn -0.0795 0.0921 0.9926
vn -0.3322 0.5675 0.7534
vn -0.2276 0.4411 0.8681
vn -0.0881 -0.5215 0.8487
vn -0.2819 0.3577 0.8903
vn -0.0690 0.1135 0.9911
vn 0.0078 0.0235 0.9997
vn -0.2933 0.6781 0.6739
vn -0.1565 0.3000 0.9410
vn -0.2806 0.3545 0.8920
vn -0.2274 0.4402 0.8686
vn -0.0769 0.1100 0.9910
vn -0.0784 0.1051 0.9914
vn -0.2996 0.5779 0.7591
vn -0.2478 0.3512 0.9029
vn 0.0392 0.0028 0.9992
vn -0.1900 -0.3423 0.9202
vn -0.0600 -0.5735 0.8170
vn -0.1430 0.3232 0.9355
vn -0.1149 0.1171 0.9864
vn -0.2472 0.3388 0.9078
vn -0.1934 -0.2814 0.9399
vn -0.1027 0.0166 0.9946
vn -0.0724 -0.1436 0.9870
vn -0.0433 -0.3758 0.9257
vn -0.0323 -0.0256 0.9991
vn -0.0904 -0.3600 0.9286
vn -0.2745 0.5771 0.7692
vn -0.2043 0.4514 0.8686
vn -0.1251 0.1448 0.9815
vn -0.3106 0.3660 0.8772
vn -0.0709 0.1130 0.9911
vn -0.0368 0.0184 0.9992
vn -0.1474 -0.4192 0.8959
vn -0.2708 0.5164 0.8124
vn -0.1751 0.4371 0.8822
vn -0.0690 0.1126 0.9912
vn -0.2126 0.4599 0.8621
vn -0.0059 -0.0560 0.9984
vn -0.2707 0.5976 0.7547
vn -0.0806 -0.1357 0.9875
vn -0.2651 0.5900 -0.7626
vn -0.2598 -0.2918 0.9205
vn 0.0237 -0.6391 0.7687
vn -0.1394 0.1267 0.9821
vn -0.0964 0.0233 0.9951
vn -0.0616 -0.0719 0.9955
vn -0.3936 0.4321 0.8114
vn -0.1112 0.0922 0.9895
vn -0.1137 0.1615 0.9803
vn -0.2525 -0.2898 0.9232
vn -0.3047 0.2820 0.9098
vn -0.1835 0.0208 0.9828
vn 0.0031 -0.6558 0.7549
vn -0.4192 0.6407 0.6432
vn -0.1555 0.1462 0.9770
vn -0.0144 -0.4904 0.8714
vn -0.2482 0.5609 0.7898
vn -0.2804 0.5997 0.7495
vn -0.5697 0.5490 -0.6116
vn -0.5384 -0.0645 0.8402
vn -0.8938 0.2185 0.3916
vn -0.6620 0.7183 0.2139
vn -0.2359 0.3865 0.8916
vn -0.0587 -0.3573 0.9322
vn -0.4434 0.8896 -0.1092
vn -0.3031 0.7693 0.5624
vn -0.2681 0.6257 0.7326
vn -0.2368 0.3876 0.8909
vn -0.3081 0.7234 0.6179
vn 0.0131 -0.4127 0.9108
vn 0.1143 -0.6834 0.7211
vn -0.1146 0.1751 0.9779
vn -0.0664 -0.0708 0.9953
vn -0.0443 -0.2611 0.9643
vn -0.1602 0.5504 0.8194
vn -0.1664 0.3077 0.9368
vn -0.1160 0.0774 0.9902
vn -0.1660 0.9695 0.1803
vn 0.0113 -0.4395 0.8982
vn -0.1502 0.7490 -0.6453
vn -0.0006 0.8955 -0.4450
vn -0.1041 0.6903 0.7160
vn -0.0209 0.8598 0.5102
vn -0.0840 0.4830 0.8716
vn -0.0707 0.3393 0.9380
vn -0.0641 0.3619 0.9300
vn 0.0210 -0.2109 0.9773
vn 0.3021 -0.7113 -0.6346
vn -0.0713 0.0455 0.9964
vn 0.0643 -0.4718 0.8793
vn 0.3642 -0.6817 0.6346
vn -0.0540 0.5452 0.8366
vn 0.1463 -0.3399 0.9290
vn -0.0488 -0.0999 0.9938
vn 0.0867 -0.3038 0.9488
vn 0.2441 -0.5692 0.7851
vn -0.0616 0.0696 0.9957
vn -0.0422 -0.0800 0.9959
vn 0.1357 0.7636 0.6312
vn 0.0533 0.5083 0.8595
vn 0.0673 0.6675 0.7416
vn -0.0362 0.3351 0.9415
vn 0.2667 -0.5567 0.7867
vn 0.2570 -0.4036 0.8781
vn -0.0331 0.3191 0.9471
vn -0.0375 -0.0792 0.9962
vn 0.1214 -0.2781 0.9529
vn 0.1930 0.4897 0.8503
vn -0.0891 0.0810 0.9927
vn 0.0142 -0.1988 0.9799
vn 0.2140 0.6885 -0.6929
vn 0.7062 -0.7050 -0.0653
vn 0.3497 -0.3531 0.8677
vn 0.3529 -0.3652 0.8614
vn 0.3453 0.6962 -0.6293
vn 0.3407 0.7710 -0.5381
vn 0.0030 0.3369 0.9415
vn -0.0573 0.1026 0.9931
vn -0.1028 -0.0303 0.9942
vn 0.0799 -0.1233 0.9891
vn 0.2208 0.4891 0.8438
vn -0.0550 0.0563 0.9969
vn 0.4450 -0.3318 0.8318
vn 0.7850 -0.6195 0.0021
vn -0.1001 -0.0187 0.9948
vn 0.1735 -0.1341 0.9757
vn 0.3306 -0.2887 0.8986
vn 0.7894 -0.6127 -0.0393
vn 0.0876 0.3708 0.9246
vn 0.0728 0.2315 0.9701
vn 0.4266 -0.3133 0.8485
vn 0.5146 0.6491 -0.5602
vn 0.3833 -0.2680 0.8839
vn 0.3889 -0.2899 0.8745
vn 0.2240 0.5534 0.8023
vn 0.8570 -0.5090 0.0807
vn -0.0200 -0.0079 0.9998
vn 0.0396 -0.0625 0.9973
vn 0.3639 0.3294 0.8713
vn 0.1635 0.2599 0.9517
vn -0.0657 0.0889 0.9939
vn -0.1245 -0.0455 0.9912
vn -0.1090 0.0192 0.9939
vn -0.1800 0.0475 0.9825
vn 0.0616 -0.0889 0.9941
vn 0.4035 -0.2870 0.8688
vn 0.1363 0.1936 -0.9716
vn 0.7925 -0.6054 0.0740
vn 0.6188 -0.2816 0.7333
vn 0.5465 0.7237 0.4214
vn 0.8148 -0.5748 0.0756
vn 0.0441 0.0845 0.9955
vn -0.1540 -0.0263 0.9877
vn 0.8108 -0.5836 0.0452
vn 0.2072 0.2631 0.9423
vn 0.0432 0.1203 0.9918
vn -0.1272 -0.0691 0.9895
vn -0.1280 0.0623 0.9898
vn 0.0842 -0.0641 0.9944
vn 0.3072 -0.2493 0.9184
vn 0.2887 -0.2051 0.9352
vn 0.6100 0.7544 0.2423
vn 0.2360 0.2634 0.9354
vn 0.2238 0.3158 0.9221
vn 0.6087 0.7871 0.1002
vn -0.1730 0.0726 0.9822
vn 0.6082 -0.7937 0.0087
vn 0.1827 -0.2547 0.9496
vn -0.1610 -0.0324 0.9864
vn -0.1683 -0.0236 0.9855
vn 0.1019 0.1229 0.9872
vn -0.1679 -0.0571 0.9841
vn -0.1204 0.0309 0.9922
vn 0.7177 0.6782 -0.1580
vn -0.1558 -0.0005 0.9878
vn -0.1244 -0.0620 0.9903
vn -0.1311 -0.0951 0.9868
vn 0.0034 -0.1633 0.9866
vn 0.2677 0.2698 0.9250
vn -0.2795 0.0220 0.9599
vn 0.1006 0.1255 0.9870
vn 0.0040 -0.1611 0.9869
vn 0.7004 0.6775 -0.2244
vn 0.2713 0.2859 0.9191
vn -0.2258 -0.1404 0.9640
vn 0.0812 0.1200 0.9895
vn -0.0976 0.0925 0.9909
vn -0.1080 0.0346 0.9935
vn -0.0834 0.0276 0.9961
vn -0.1394 0.1217 0.9827
vn -0.1068 -0.0784 0.9912
vn 0.3049 0.2670 0.9142
vn 0.1606 0.1714 0.9720
vn 0.3073 0.2719 0.9119
vn -0.1656 -0.0918 0.9819
vn -0.0823 0.0173 0.9965
vn -0.1458 0.0861 0.9856
vn -0.3083 -0.5170 0.7985
vn 0.0847 0.1189 0.9893
vn 0.6978 0.6520 -0.2965
vn -0.2151 0.0297 0.9761
vn -0.4478 -0.3037 0.8410
vn 0.7752 0.6310 0.0300
vn -0.1549 -0.1020 0.9827
vn -0.2430 0.0913 0.9657
vn 0.0956 0.0845 0.9918
vn -0.1073 -0.0785 0.9911
vn -0.1555 -0.0987 0.9829
vn 0.0733 0.0789 0.9942
vn -0.6076 -0.4525 0.6527
vn 0.6120 0.6277 0.4811
vn 0.2835 0.3080 0.9081
vn 0.1608 0.1689 0.9724
vn 0.2652 0.2755 0.9240
vn -0.1310 -0.1061 0.9857
vn -0.1222 -0.1055 0.9869
vn 0.1350 0.4635 -0.8758
vn 0.1013 0.3071 0.9463
vn 0.1593 0.3816 0.9105
vn 0.0302 0.0514 0.9982
vn 0.0300 0.1044 0.9941
vn -0.1136 -0.0997 0.9885
vn 0.0502 0.1378 0.9892
vn -0.3077 -0.2990 0.9033
vn -0.1509 -0.0512 0.9872
vn -0.0943 0.2819 0.9548
vn -0.1509 -0.0561 0.9870
vn -0.2009 0.3382 0.9194
vn -0.1944 -0.0366 0.9802
vn -0.2554 0.3106 0.9156
vn -0.4008 -0.2069 0.8925
vn 0.5339 -0.8387 0.1072
vn 0.1644 -0.8058 -0.5689
vn 0.2520 -0.9629 -0.0968
vn 0.3293 -0.9014 0.2812
vn 0.4577 -0.8664 0.1995
vn 0.6041 -0.7136 0.3547
vn 0.0789 -0.8890 -0.4510
vn -0.0924 -0.8010 -0.5915
vn -0.2294 -0.8558 -0.4636
vn -0.1586 -0.9804 0.1167
vn 0.1970 0.8735 -0.4452
vn 0.2970 0.2113 -0.9312
vn 0.0828 -0.2170 -0.9726
vn 0.4323 0.0852 -0.8977
vn 0.6906 0.3413 -0.6377
vn 0.8643 -0.3540 -0.3572
vn -0.3298 -0.9437 0.0246
vn 0.4373 -0.8993 -0.0027
vn -0.0908 -0.9888 0.1183
vn -0.3274 0.0792 -0.9416
vn -0.1007 -0.9944 -0.0313
vn 0.1907 -0.7699 0.6089
vn 0.4313 0.2750 -0.8593
vn -0.9484 -0.1167 -0.2947
vn -0.3393 -0.9290 0.1479
vn 0.6477 0.2723 -0.7115
vn 0.6537 0.3785 -0.6553
vn 0.1498 -0.8557 0.4953
vn -0.9794 -0.1995 -0.0312
vn 0.1112 -0.9824 -0.1502
vn 0.4354 -0.7173 0.5440
vn -0.2442 -0.7739 0.5843
vn 0.2676 0.2411 -0.9329
vn 0.6518 0.4398 -0.6178
vn 0.5733 0.2403 -0.7833
vn -0.3937 -0.9100 -0.1303
vn -0.3666 -0.9093 0.1967
vn -0.3005 -0.9528 0.0424
vn -0.4501 -0.8731 -0.1872
vn -0.3652 -0.9200 -0.1424
vn 0.2456 -0.6685 -0.7020
vn 0.2004 -0.2311 -0.9521
vn -0.2860 0.1352 -0.9487
vn -0.4770 -0.8754 -0.0783
vn -0.3763 -0.9264 -0.0083
vn -0.3988 -0.4882 0.7763
vn -0.2187 0.0728 -0.9731
vn -0.3550 -0.2689 -0.8954
vn -0.4947 -0.3845 -0.7794
vn -0.3638 -0.9247 -0.1123
vn -0.5333 -0.8403 0.0975
vn 0.5533 0.3662 -0.7481
vn 0.5441 0.3510 -0.7621
vn 0.0101 -0.9925 0.1220
vn 0.2205 -0.1927 -0.9562
vn -0.2753 0.1773 -0.9449
vn 0.3854 0.1440 -0.9115
vn -0.1334 -0.0713 -0.9885
vn -0.0286 0.0894 -0.9956
vn -0.5086 -0.3792 -0.7730
vn -0.6735 -0.7190 -0.1715
vn 0.5382 0.4039 -0.7397
vn 0.3613 -0.9161 -0.1741
vn 0.3759 -0.8992 -0.2241
vn 0.3203 -0.6654 -0.6743
vn 0.1036 -0.8129 -0.5731
vn -0.0039 -0.2844 -0.9587
vn -0.6150 -0.7885 -0.0101
vn -0.6931 -0.7035 0.1572
vn 0.4604 0.2358 -0.8558
vn 0.3724 0.1660 -0.9131
vn -0.4767 -0.0718 -0.8761
vn -0.5588 -0.1945 -0.8062
vn 0.0444 -0.9896 -0.1369
vn -0.0621 -0.9931 -0.0991
vn -0.6029 -0.6101 -0.5141
vn -0.8309 -0.3374 0.4424
vn -0.7155 -0.6778 0.1694
vn -0.2803 0.0460 0.9588
vn -0.6420 -0.1182 0.7576
vn -0.6510 -0.0872 0.7540
vn 0.4962 0.3350 -0.8009
vn 0.1919 -0.0248 -0.9811
vn -0.0843 -0.0047 -0.9964
vn -0.1433 -0.0701 -0.9872
vn -0.7148 -0.2986 -0.6324
vn -0.7937 -0.5999 -0.1003
vn 0.5806 0.4041 -0.7068
vn -0.7993 -0.5491 0.2443
vn -0.7776 -0.5948 0.2039
vn -0.8394 -0.5231 -0.1477
vn 0.4801 0.3432 -0.8073
vn -0.5530 -0.2476 -0.7956
vn -0.4501 -0.0972 -0.8877
vn -0.5550 -0.1114 -0.8243
vn -0.8444 -0.4884 0.2204
vn -0.8473 -0.5039 -0.1675
vn -0.8420 -0.5198 -0.1447
vn -0.7985 -0.3902 0.4585
vn -0.7919 -0.3579 0.4948
vn -0.6231 -0.3169 0.7151
vn -0.4049 -0.2059 -0.8909
vn -0.4422 -0.3192 -0.8382
vn -0.3860 -0.2260 -0.8944
vn -0.7334 -0.2969 -0.6116
vn -0.8957 -0.4367 0.0838
vn 0.3596 0.2949 -0.8853
vn -0.0393 -0.0736 -0.9965
vn 0.0871 0.1146 -0.9896
vn -0.3587 -0.2666 -0.8946
vn -0.4112 -0.3055 -0.8588
vn 0.5737 0.4770 -0.6658
vn 0.5648 0.4475 -0.6934
vn -0.6166 -0.7658 -0.1826
vn -0.7566 -0.4519 0.4727
vn 0.3612 0.2928 -0.8853
vn -0.2948 -0.2546 -0.9210
vn -0.7095 -0.3848 -0.5904
vn -0.8167 -0.5770 -0.0084
vn -0.8804 -0.4688 -0.0716
vn 0.4219 0.4097 -0.8088
vn -0.3953 -0.3160 -0.8625
vn -0.3966 -0.3196 -0.8606
vn 0.5121 0.4935 -0.7030
vn -0.4765 -0.3570 0.8034
vn 0.0536 0.0570 0.9969
vn 0.0760 0.0928 -0.9928
vn -0.0611 -0.0758 -0.9952
vn -0.7631 -0.6406 -0.0856
vn -0.6743 -0.4792 0.5619
vn 0.5180 0.5458 -0.6586
vn -0.6938 -0.5829 -0.4230
vn -0.7217 -0.6922 -0.0103
vn -0.2703 -0.2556 -0.9282
vn -0.2829 -0.2749 -0.9189
vn -0.3689 -0.3605 -0.8567
vn -0.6590 -0.5748 -0.4851
vn -0.6897 -0.6291 0.3585
vn 0.4039 0.4076 -0.8189
vn -0.3882 -0.3657 -0.8459
vn 0.4174 0.4315 -0.7998
vn 0.0749 0.0820 -0.9938
vn -0.2526 -0.2796 -0.9263
vn -0.5881 -0.5582 -0.5854
vn 0.5574 0.6098 -0.5634
vn 0.5361 0.5405 -0.6484
vn -0.6365 -0.6906 -0.3433
vn -0.6875 -0.7213 -0.0841
vn -0.6322 -0.6265 0.4558
vn -0.6335 -0.6678 0.3909
vn 0.1092 0.1052 -0.9884
vn -0.2180 -0.2635 -0.9397
vn 0.6593 0.7516 0.0208
vn 0.5547 0.6199 -0.5550
vn -0.4372 -0.4914 -0.7533
vn -0.6092 -0.6901 -0.3907
vn -0.5702 -0.8210 0.0284
vn -0.5350 -0.6785 0.5034
vn -0.3696 -0.4236 -0.8270
vn -0.5872 -0.7526 -0.2980
vn 0.4845 0.4960 -0.7206
vn 0.4371 0.4090 -0.8010
vn -0.1796 -0.2833 -0.9421
vn -0.3127 -0.4264 -0.8488
vn -0.3468 -0.5646 -0.7490
vn -0.5379 -0.6545 0.5313
vn -0.1697 -0.2393 -0.9560
vn -0.4012 -0.6103 -0.6830
vn -0.4004 -0.8704 -0.2864
vn -0.3126 -0.4265 -0.8488
vn 0.5905 0.6116 -0.5266
vn -0.4574 -0.8858 -0.0780
vn 0.3097 0.1644 -0.9365
vn -0.1300 -0.4297 -0.8936
vn -0.2992 -0.7181 -0.6284
vn 0.4941 0.4566 -0.7399
vn -0.1166 -0.2595 -0.9587
vn -0.5745 -0.0950 -0.8130
vn -0.2569 -0.9169 -0.3053
vn -0.1432 -0.2414 -0.9598
vn -0.8938 -0.1446 0.4246
vn -0.8710 0.1275 0.4744
vn -0.2288 -0.4894 -0.8415
vn -0.2969 -0.9461 0.1293
vn -0.9110 -0.4123 0.0104
vn -0.9114 0.4115 0.0052
vn -0.9009 0.4341 -0.0032
vn -0.9276 -0.3730 0.0213
vn -0.5286 -0.8487 0.0188
vn -0.3976 -0.9174 -0.0176
vn -0.8664 -0.1562 -0.4743
vn -0.1305 -0.9439 -0.3034
vn -0.3071 -0.2974 -0.9040
vn -0.3832 -0.3787 -0.8424
vn -0.2955 0.1287 -0.9466
vn -0.8525 0.2325 -0.4683
vn -0.3439 0.2075 -0.9158
vn -0.7165 0.3856 0.5813
vn -0.2483 -0.8608 0.4442
vn 0.3234 0.1767 -0.9296
vn 0.1062 -0.0664 -0.9921
vn -0.0117 -0.2907 -0.9567
vn -0.0038 -0.8554 0.5180
vn -0.3711 -0.9073 0.1977
vn -0.2367 -0.6921 -0.6819
vn -0.4896 -0.8714 -0.0299
vn -0.3660 -0.9123 0.1837
vn -0.3572 -0.9273 -0.1115
vn -0.3346 -0.9423 0.0053
vn -0.1606 -0.9384 -0.3060
vn 0.4462 0.4258 -0.7871
vn 0.4443 -0.8739 0.1971
vn -0.0368 -0.3856 -0.9219
vn 0.4516 -0.8371 0.3089
vn 0.1386 -0.1306 -0.9817
vn 0.1387 -0.1067 -0.9846
vn 0.3429 -0.8926 0.2928
vn -0.3544 -0.9249 -0.1375
vn -0.3898 -0.6169 -0.6837
vn -0.1431 -0.2293 -0.9628
vn 0.3405 -0.8034 -0.4885
vn 0.3442 -0.7970 -0.4964
vn 0.2120 -0.3986 -0.8923
vn 0.3807 0.0639 -0.9225
vn 0.1566 -0.0963 -0.9830
vn -0.1141 -0.5569 -0.8227
vn 0.9972 0.0673 -0.0324
vn -0.2823 -0.2174 -0.9344
vn 0.3774 0.3965 -0.8369
vn 0.0006 -0.2812 -0.9597
vn 0.0246 -0.4040 -0.9144
vn -0.1157 -0.5577 -0.8219
vn -0.1796 -0.7638 -0.6200
vn -0.2647 -0.9642 -0.0131
vn 0.0960 0.4104 -0.9068
vn 0.5405 0.4286 -0.7240
vn 0.5228 0.3650 -0.7704
vn 0.4382 0.2782 -0.8548
vn 0.3507 0.1023 -0.9309
vn 0.2500 -0.0763 -0.9652
vn 0.1150 -0.2211 -0.9684
vn 0.0869 -0.3432 -0.9352
vn -0.0473 -0.4546 -0.8895
vn -0.0937 -0.5869 -0.8042
vn -0.2033 -0.7857 -0.5842
vn -0.1690 -0.9273 0.3340
vn 0.2641 0.0025 -0.9645
vn 0.4817 0.2660 -0.8350
vn 0.0544 -0.3645 -0.9296
vn 0.5696 0.3412 -0.7477
vn 0.5204 0.0491 -0.8525
vn 0.3749 -0.1259 -0.9185
vn 0.3534 -0.0282 -0.9351
vn 0.2610 -0.3107 -0.9140
vn 0.0117 -0.5385 -0.8425
vn -0.0414 -0.5667 -0.8229
vn -0.0962 -0.7943 -0.5998
vn -0.0827 -0.8102 -0.5803
vn -0.1756 -0.9749 -0.1368
vn -0.0976 -0.9465 0.3076
vn 0.1867 -0.3538 -0.9165
vn 0.6974 0.3823 -0.6062
vn 0.5787 0.1239 -0.8061
vn 0.5119 -0.1628 -0.8435
vn 0.5121 -0.1636 -0.8432
vn 0.6119 0.2990 -0.7323
vn 0.1690 -0.4457 -0.8791
vn 0.0363 -0.7199 -0.6931
vn -0.0185 -0.8475 -0.5305
vn 0.0598 -0.9801 0.1892
vn 0.0712 -0.7418 0.6668
vn 0.3612 -0.4678 -0.8067
vn 0.3557 -0.4322 -0.8287
vn 0.5521 0.3697 -0.7474
vn 0.0333 -0.5239 -0.8511
vn 0.0392 -0.6284 -0.7769
vn 0.3354 -0.6275 0.7027
vn 0.5530 -0.5813 -0.5969
vn 0.5320 0.3847 -0.7543
vn 0.1096 -0.4678 -0.8770
vn 0.0248 -0.8802 0.4740
vn 0.5400 0.0898 -0.8369
vn 0.2510 -0.3372 -0.9073
vn 0.5331 -0.5885 -0.6079
vn 0.3698 0.4255 -0.8259
vn 0.4378 0.3915 -0.8093
vn 0.5622 0.5030 -0.6564
vn 0.6414 0.6002 -0.4780
vn 0.0894 -0.5751 -0.8132
vn 0.0939 -0.7613 -0.6415
vn 0.5499 -0.5800 0.6011
vn 0.1941 0.1540 -0.9688
vn 0.2535 -0.3378 -0.9064
vn 0.3128 0.5378 -0.7829
vn 0.1932 -0.6105 -0.7681
vn 0.0841 -0.5544 -0.8280
vn 0.0991 -0.5918 -0.7999
vn 0.1852 -0.9424 -0.2786
vn 0.3129 -0.8250 0.4706
vn 0.1001 0.0496 -0.9937
vn 0.1149 0.4452 -0.8880
vn 0.2973 0.5803 -0.7582
vn 0.1816 -0.8191 -0.5442
vn 0.2051 -0.8243 -0.5277
vn 0.1327 -0.5633 -0.8155
vn 0.1406 -0.6069 -0.7822
vn 0.2610 -0.8195 0.5102
vn 0.1613 -0.4003 -0.9021
vn 0.2339 0.3660 -0.9007
vn 0.1988 0.3441 -0.9177
vn 0.3722 0.4867 -0.7903
vn 0.4213 0.5371 -0.7308
vn 0.2082 -0.9083 -0.3628
vn 0.0242 0.0521 -0.9983
vn -0.0324 0.4665 -0.8839
vn 0.0084 0.5102 -0.8600
vn 0.2112 -0.9299 0.3010
vn 0.2066 -0.6565 0.7255
vn 0.0725 -0.8935 0.4432
vn -0.1111 0.1869 -0.9761
vn -0.1068 -0.2868 -0.9520
vn -0.0877 0.4482 -0.8896
vn -0.1345 -0.8428 -0.5211
vn -0.0664 -0.7111 -0.7000
vn 0.2252 0.4304 -0.8741
vn -0.1756 -0.7852 0.5939
vn -0.2344 0.1252 -0.9640
vn -0.0811 0.3488 -0.9337
vn 0.0874 0.3110 -0.9464
vn -0.0507 -0.7700 -0.6360
vn 0.2383 0.4289 -0.8713
vn 0.0114 -0.5487 -0.8360
vn 0.2052 -0.5737 -0.7929
vn 0.2761 -0.7388 -0.6148
vn 0.2754 -0.7427 -0.6103
vn 0.2972 -0.9338 -0.1993
vn 0.2169 -0.6658 0.7139
vn -0.2902 0.0115 -0.9569
vn -0.1750 -0.3053 -0.9361
vn -0.3232 -0.6089 -0.7244
vn 0.0216 0.2390 -0.9708
vn 0.1133 -0.4823 -0.8686
vn 0.3043 0.5632 -0.7682
vn 0.1474 -0.5623 -0.8137
vn 0.1994 -0.4589 -0.8658
vn 0.2369 -0.5991 -0.7648
vn -0.3878 0.3755 -0.8418
vn -0.4376 0.3700 -0.8195
vn -0.4096 -0.6320 -0.6578
vn -0.4400 0.3741 -0.8163
vn -0.3982 -0.5949 -0.6982
vn 0.0877 0.3217 -0.9428
vn 0.1346 0.3883 -0.9117
vn 0.3370 -0.8682 -0.3642
vn 0.3584 -0.8743 0.3275
vn 0.3180 -0.8469 0.4262
vn -0.3212 0.3543 0.8782
vn -0.4725 -0.4243 0.7725
vn -0.6047 0.2168 -0.7664
vn -0.6067 0.0719 -0.7917
vn -0.7494 -0.2155 -0.6261
vn -0.0401 -0.4421 -0.8961
vn -0.0498 -0.3723 -0.9268
vn 0.0151 -0.4585 -0.8885
vn 0.3539 0.7426 -0.5687
vn 0.3383 -0.5309 -0.7770
vn 0.4410 -0.8134 0.3792
vn -0.5156 -0.0806 0.8530
vn -0.6196 0.0509 0.7833
vn -0.5461 -0.3618 0.7556
vn -0.0395 0.1419 -0.9891
vn -0.2790 -0.0968 -0.9554
vn -0.2519 -0.2855 -0.9247
vn 0.2819 0.5803 -0.7640
vn -0.0996 0.0934 -0.9906
vn -0.1233 0.0214 -0.9921
vn 0.0312 0.2419 -0.9698
vn 0.1567 0.3743 -0.9140
vn 0.1249 -0.3484 -0.9290
vn 0.1916 -0.4571 -0.8686
vn 0.3705 -0.7151 -0.5927
vn -0.1421 0.0032 -0.9898
vn -0.0367 0.1519 -0.9877
vn 0.0205 0.2852 -0.9582
vn 0.4173 -0.8265 -0.3778
vn -0.1798 -0.1474 -0.9726
vn 0.1622 0.4361 -0.8852
vn 0.0821 -0.3406 -0.9366
vn 0.2095 0.5334 -0.8195
vn 0.3275 -0.5667 -0.7560
vn 0.3298 -0.6538 -0.6810
vn -0.0238 -0.3774 -0.9258
vn 0.3171 -0.5276 -0.7881
vn 0.3842 -0.9021 0.1964
vn 0.3772 -0.5927 0.7117
vn -0.0678 -0.0880 -0.9938
vn -0.0703 -0.3057 -0.9495
vn 0.0712 0.2617 -0.9625
vn -0.0563 -0.2526 -0.9659
vn 0.0812 0.3094 -0.9474
vn 0.2378 0.7547 -0.6115
vn -0.0978 -0.1757 -0.9796
vn 0.1344 -0.2536 -0.9579
vn 0.1844 0.5953 -0.7820
vn 0.2323 -0.3845 -0.8934
vn 0.0271 0.2214 -0.9748
vn 0.0183 0.1529 -0.9881
vn 0.0006 0.0705 -0.9975
vn 0.2396 -0.4187 -0.8760
vn 0.4556 -0.8178 -0.3517
vn 0.4751 -0.8753 0.0905
vn 0.4199 -0.7597 0.4965
vn -0.0006 0.1126 -0.9936
vn -0.0291 -0.0006 -0.9996
vn -0.0613 -0.1029 -0.9928
vn 0.0119 -0.2295 -0.9732
vn 0.1117 0.4290 -0.8964
vn 0.3832 -0.5953 -0.7062
vn 0.3974 -0.7017 -0.5914
vn 0.4466 -0.8559 0.2607
vn -0.0444 -0.0191 -0.9988
vn 0.0383 -0.2252 -0.9736
vn 0.0596 -0.1664 -0.9843
vn 0.4455 -0.8550 -0.2656
vn 0.4606 -0.8875 -0.0132
vn -0.0754 -0.1757 -0.9816
vn 0.0796 0.3123 -0.9467
vn 0.1502 -0.2551 -0.9552
vn 0.2605 -0.4015 -0.8780
vn 0.2618 -0.4100 -0.8737
vn 0.3211 -0.5355 -0.7811
vn -0.0937 -0.2022 -0.9748
vn -0.0730 -0.2541 -0.9644
vn -0.0570 -0.1535 -0.9865
vn 0.1347 0.5579 -0.8189
vn 0.1800 0.7469 -0.6401
vn 0.3548 -0.6754 0.6464
vn 0.0518 0.2113 -0.9760
vn -0.0806 -0.1199 -0.9895
vn 0.0212 -0.0850 -0.9962
vn 0.0678 -0.1661 -0.9838
vn 0.1678 -0.2379 -0.9567
vn 0.1344 0.5603 -0.8173
vn 0.1681 -0.2470 -0.9543
vn 0.1050 -0.1180 -0.9875
vn 0.3680 -0.7086 -0.6021
vn 0.4097 -0.8664 0.2856
vn 0.0148 -0.0238 -0.9996
vn -0.0012 -0.1517 -0.9884
vn 0.3122 -0.6082 -0.7298
vn 0.4038 -0.9043 0.1383
vn 0.3999 -0.8849 0.2390
vn -0.0052 -0.2187 -0.9758
vn 0.0518 -0.0957 -0.9941
vn 0.3635 -0.8243 -0.4340
vn 0.3959 -0.8560 -0.3324
vn 0.3482 -0.6958 0.6282
vn 0.0162 0.1130 -0.9935
vn 0.0235 -0.0376 -0.9990
vn -0.0091 -0.2216 -0.9751
vn 0.0587 0.2999 -0.9522
vn 0.0056 -0.0867 -0.9962
vn 0.0220 -0.0753 -0.9969
vn 0.0366 -0.0561 -0.9978
vn 0.1956 -0.2327 -0.9527
vn 0.2268 -0.4122 -0.8824
vn 0.0360 0.0808 -0.9961
vn 0.0115 -0.1406 -0.9900
vn 0.0454 0.2498 -0.9672
vn 0.2716 -0.5919 -0.7589
vn 0.3644 -0.9312 -0.0131
vn 0.3413 -0.8726 0.3494
vn -0.0289 -0.2262 -0.9737
vn 0.1848 -0.3341 -0.9243
vn 0.2377 -0.5168 -0.8224
vn 0.3270 -0.8279 -0.4556
vn 0.3184 -0.7375 0.5956
vn 0.0376 0.1914 -0.9808
vn 0.0265 0.1504 -0.9883
vn 0.0583 -0.0536 -0.9969
vn 0.0472 0.3891 -0.9200
vn 0.0566 0.3752 -0.9252
vn 0.2579 -0.6823 -0.6841
vn 0.2726 -0.8787 -0.3919
vn 0.0132 -0.2319 0.9727
vn 0.0501 -0.1657 -0.9849
vn -0.0160 -0.2183 -0.9757
vn -0.0547 0.0809 -0.9952
vn 0.1625 -0.0025 -0.9867
vn 0.2164 -0.1723 -0.9610
vn 0.1089 -0.1754 -0.9785
vn 0.1496 -0.3116 -0.9384
vn 0.2949 -0.9549 -0.0336
vn -0.2348 -0.0404 -0.9712
vn 0.0760 -0.0863 -0.9934
vn 0.0782 -0.1289 -0.9886
vn 0.2622 -0.9178 0.2980
vn 0.2137 -0.7151 0.6655
vn 0.0656 -0.0201 -0.9976
vn 0.0349 -0.1831 -0.9825
vn 0.0455 -0.2287 -0.9724
vn -0.0382 -0.3495 -0.9362
vn -0.0252 0.1663 -0.9858
vn -0.0014 0.1297 -0.9916
vn 0.0571 -0.0571 -0.9967
vn 0.2654 -0.9388 -0.2194
vn 0.0216 0.0690 -0.9974
vn 0.0350 0.2398 -0.9702
vn 0.1228 -0.0993 -0.9875
vn 0.0509 0.4522 -0.8905
vn 0.0967 -0.3632 -0.9267
vn 0.1881 -0.7123 -0.6762
vn 0.1847 -0.8023 -0.5676
vn 0.2480 -0.9595 0.1339
vn 0.0332 0.2410 -0.9699
vn 0.1958 -0.2786 -0.9402
vn 0.2200 -0.2347 -0.9468
vn -0.0006 0.1322 -0.9912
vn 0.1964 -0.1869 -0.9625
vn 0.1966 -0.2198 -0.9555
vn 0.0109 0.0205 -0.9997
vn 0.1006 -0.5130 -0.8525
vn 0.1416 -0.5631 -0.8142
vn 0.0058 0.0771 -0.9970
vn 0.0385 0.3492 -0.9363
vn 0.0487 -0.1566 -0.9865
vn 0.0467 0.6049 -0.7949
vn 0.0613 0.7772 -0.6262
vn 0.1824 -0.9664 -0.1809
vn 0.0067 0.1347 -0.9909
vn 0.0958 -0.1773 -0.9795
vn 0.1708 0.0176 -0.9851
vn 0.2098 -0.2842 -0.9355
vn -0.0499 0.1691 -0.9843
vn 0.1316 -0.2246 -0.9655
vn 0.0305 -0.2760 -0.9607
vn 0.0292 -0.1454 -0.9889
vn 0.0689 -0.3323 -0.9406
vn 0.1997 -0.9733 0.1136
vn 0.0960 -0.6386 0.7635
vn 0.0065 0.1340 -0.9910
vn 0.3474 -0.1885 -0.9186
vn 0.3448 -0.2417 -0.9070
vn 0.3477 -0.2441 -0.9053
vn 0.0281 -0.1439 -0.9892
vn 0.0222 -0.2223 -0.9747
vn 0.1409 -0.8324 -0.5360
vn 0.1723 -0.9719 0.1604
vn 0.1427 -0.8695 0.4729
vn 0.7134 0.3110 -0.6280
vn -0.0206 0.0529 -0.9984
vn -0.0233 -0.0554 -0.9982
vn 0.0592 -0.0907 -0.9941
vn 0.1155 0.1727 -0.9782
vn 0.3194 -0.0296 -0.9472
vn 0.2449 -0.3595 -0.9005
vn 0.1270 -0.9593 -0.2521
vn 0.1249 -0.9481 -0.2923
vn 0.1553 -0.9629 0.2207
vn 0.2048 0.0973 -0.9740
vn 0.0065 0.2286 -0.9735
vn 0.3161 -0.0440 -0.9477
vn 0.4417 -0.2069 -0.8730
vn 0.2149 -0.6958 -0.6854
vn 0.0578 -0.5860 -0.8083
vn 0.4873 -0.2199 -0.8451
vn -0.0219 0.9348 -0.3546
vn 0.4871 -0.2751 -0.8289
vn -0.0060 0.1887 -0.9820
vn 0.2487 0.1111 -0.9622
vn 0.4586 -0.2097 -0.8635
vn 0.0585 -0.7422 -0.6676
vn 0.0735 -0.8083 0.5842
vn -0.2094 -0.8823 0.4215
vn 0.4590 -0.3111 -0.8322
vn -0.0285 0.0520 -0.9982
vn -0.0237 -0.0556 -0.9982
vn 0.3368 -0.4351 -0.8350
vn 0.2651 -0.8610 -0.4340
vn 0.0049 -0.4505 -0.8928
vn 0.0213 -0.5310 -0.8471
vn 0.0705 -0.9875 -0.1409
vn 0.4883 -0.0955 -0.8675
vn -0.0759 -0.0293 -0.9967
vn -0.0722 -0.0390 -0.9966
vn -0.7114 -0.6977 0.0850
vn -0.1429 -0.9874 -0.0684
vn -0.1745 -0.9682 -0.1792
vn -0.0265 -0.1400 -0.9898
vn 0.0050 0.4403 -0.8978
vn 0.0193 0.5968 -0.8022
vn 0.0636 -0.7500 -0.6583
vn -0.2175 -0.8297 -0.5142
vn 0.2030 -0.9502 0.2365
vn -0.7608 0.6412 -0.1004
vn 0.0807 0.8997 -0.4290
vn -0.3843 0.5937 -0.7070
vn -0.0534 0.7370 -0.6738
vn 0.4776 -0.4270 -0.7678
vn 0.5077 -0.3502 -0.7872
vn 0.4247 -0.4076 -0.8084
vn 0.4834 -0.1021 -0.8694
vn 0.3363 0.2381 -0.9111
vn -0.6872 0.5769 -0.4415
vn -0.1009 -0.1213 -0.9875
vn -0.9734 0.1447 -0.1774
vn -0.9223 0.0493 0.3832
vn 0.0297 -0.3376 -0.9408
vn 0.5959 -0.4512 -0.6643
vn -0.7985 0.4547 0.3945
vn 0.1197 0.1946 -0.9736
vn -0.7687 0.5844 0.2599
vn 0.1336 -0.0050 -0.9910
vn 0.4268 -0.9030 -0.0503
vn -0.0030 0.3618 -0.9323
vn -0.0912 -0.6451 -0.7587
vn -0.0383 -0.1081 -0.9934
vn -0.0221 -0.2242 -0.9743
vn -0.9162 0.3930 0.0790
vn 0.1513 -0.9819 -0.1136
vn 0.4197 -0.4361 0.7960
vn 0.4846 -0.3977 -0.7791
vn 0.4149 -0.1479 -0.8977
vn -0.5522 0.2595 0.7923
vn 0.3892 0.2281 -0.8925
vn 0.3644 -0.2379 -0.9003
vn -0.5433 0.2047 0.8142
vn 0.1063 -0.1653 -0.9805
vn -0.1065 -0.9673 0.2301
vn 0.3521 -0.6783 0.6449
vn -0.0077 0.3501 -0.9367
vn -0.1113 -0.1898 -0.9755
vn -0.0258 -0.2390 -0.9707
vn 0.0562 -0.9905 -0.1254
vn -0.4490 -0.3260 -0.8319
vn -0.0657 -0.8673 -0.4935
vn -0.9351 0.3050 -0.1806
vn 0.2971 -0.9527 -0.0637
vn -0.5107 0.2174 -0.8318
vn -0.5736 0.2748 -0.7717
vn -0.1165 0.7373 -0.6655
vn 0.5094 -0.2976 0.8074
vn 0.4655 -0.3902 -0.7944
vn 0.4275 -0.1209 -0.8959
vn 0.3564 0.1040 -0.9285
vn 0.3539 -0.1303 -0.9262
vn 0.2259 -0.4412 -0.8685
vn 0.1726 -0.9257 -0.3365
vn -0.0101 0.2773 -0.9607
vn -0.2779 0.0288 -0.9602
vn -0.3044 0.0980 -0.9475
vn -0.0269 -0.1466 -0.9888
vn -0.0120 -0.4086 -0.9126
vn 0.0188 0.7216 -0.6921
vn -0.4157 -0.3659 -0.8327
vn -0.7151 0.4595 -0.5267
vn -0.0036 -0.6317 -0.7752
vn -0.5346 0.3458 -0.7711
vn -0.4941 0.5250 -0.6930
vn 0.0239 0.8565 0.5155
vn -0.4118 -0.5559 0.7221
vn -0.8901 0.1849 -0.4165
vn -0.6611 -0.1688 -0.7311
vn -0.5390 0.2047 -0.8170
vn -0.1560 -0.1811 -0.9710
vn -0.0036 -0.6046 -0.7965
vn 0.0447 -0.9988 -0.0210
vn 0.0443 -0.9748 0.2187
vn -0.9481 0.0725 0.3095
vn -0.7461 0.2123 -0.6311
vn -0.4667 -0.4619 0.7542
vn -0.2960 -0.4056 -0.8648
vn -0.4848 0.4096 -0.7728
vn 0.3065 -0.3149 0.8982
vn -0.4627 0.4672 -0.7534
vn 0.4530 -0.3894 -0.8020
vn 0.4898 -0.2950 -0.8204
vn 0.4842 -0.3103 -0.8181
vn 0.4429 -0.3512 -0.8249
vn 0.4603 -0.1909 -0.8670
vn -0.5419 0.3412 0.7681
vn 0.0048 -0.0158 -0.9999
vn -0.5534 0.3734 0.7445
vn 0.0537 -0.9938 -0.0974
vn -0.7502 0.2684 0.6043
vn -0.7039 0.4571 -0.5436
vn -0.9947 -0.0448 0.0921
vn -0.9063 -0.1255 0.4035
vn -0.0132 -0.1248 -0.9921
vn 0.0217 -0.7743 -0.6325
vn -0.5527 0.1687 -0.8161
vn -0.5253 0.1273 -0.8413
vn -0.6302 -0.0889 -0.7713
vn -0.8228 -0.0177 -0.5681
vn -0.4131 0.0164 -0.9106
vn -0.2010 -0.3604 -0.9109
vn -0.1015 -0.5838 -0.8055
vn 0.2416 -0.9215 0.3040
vn 0.2483 -0.6103 0.7523
vn 0.3151 -0.3099 -0.8970
vn -0.0208 -0.9485 -0.3160
vn -0.0317 0.1659 -0.9856
vn -0.0239 0.1234 -0.9921
vn -0.0084 -0.1686 -0.9857
vn 0.0347 -0.0227 -0.9991
vn -0.0361 -0.1207 -0.9920
vn -0.0022 0.5035 -0.8640
vn 0.0135 -0.8390 -0.5439
vn 0.0329 -0.9527 0.3022
vn -0.5272 0.1073 -0.8430
vn -0.3692 -0.1387 -0.9189
vn -0.4486 0.3414 -0.8260
vn -0.4482 0.3115 -0.8379
vn -0.3846 0.4700 -0.7945
vn -0.2262 0.7011 -0.6762
vn 0.3726 -0.5556 -0.7433
vn 0.4535 -0.2013 -0.8682
vn 0.4454 -0.1258 -0.8864
vn 0.4722 -0.7123 -0.5192
vn -0.0303 0.0574 -0.9979
vn 0.0328 -0.1202 -0.9922
vn -0.0057 -0.0841 -0.9964
vn 0.0298 -0.8523 0.5223
vn -0.0930 -0.8918 -0.4427
vn -0.4566 0.3893 -0.8000
vn -0.4620 0.3953 -0.7939
vn -0.2557 0.5726 -0.7789
vn 0.0758 0.8806 -0.4677
vn 0.4620 -0.4384 -0.7710
vn 0.4431 -0.3513 -0.8248
vn 0.4049 -0.2183 -0.8879
vn 0.3989 0.0071 -0.9170
vn 0.4088 -0.8147 -0.4114
vn -0.0140 -0.0396 -0.9991
vn -0.0054 -0.0883 -0.9961
vn -0.0031 -0.5117 0.8592
vn -0.3454 0.0886 -0.9343
vn 0.1831 -0.8606 -0.4752
vn -0.4337 0.4362 -0.7884
vn 0.3717 -0.5662 -0.7357
vn 0.0723 -0.8879 -0.4542
vn -0.0266 0.1593 -0.9869
vn -0.0058 -0.1003 -0.9949
vn 0.0144 -0.1768 -0.9841
vn -0.0103 0.3499 -0.9367
vn -0.2980 0.1416 -0.9440
vn -0.2065 -0.1289 -0.9699
vn -0.0489 -0.6147 -0.7872
vn -0.3692 0.2074 -0.9059
vn 0.2608 -0.6180 0.7417
vn 0.4272 -0.4087 -0.8065
vn 0.4328 -0.3380 -0.8357
vn 0.4471 -0.1986 -0.8721
vn -0.0171 -0.0500 -0.9986
vn -0.0354 0.2432 -0.9693
vn 0.0290 -0.1106 -0.9934
vn -0.0147 -0.0919 -0.9957
vn -0.0095 -0.1356 -0.9907
vn 0.0130 0.4988 -0.8666
vn 0.0217 0.7198 -0.6938
vn -0.2636 -0.0243 -0.9643
vn -0.4187 0.3704 -0.8291
vn 0.2589 -0.4821 0.8370
vn 0.6011 0.0982 -0.7931
vn 0.3646 -0.4969 -0.7875
vn 0.4058 -0.2388 -0.8822
vn 0.4067 -0.2203 -0.8866
vn 0.2456 -0.6110 -0.7526
vn 0.1305 -0.9510 -0.2802
vn 0.1317 -0.9452 -0.2989
vn -0.0344 0.0480 -0.9983
vn -0.0188 0.0092 -0.9998
vn -0.0163 -0.2353 -0.9718
vn -0.0112 -0.4079 -0.9129
vn -0.0179 -0.4477 -0.8940
vn 0.0002 -0.6132 -0.7899
vn -0.4682 0.3172 -0.8247
vn 0.3967 -0.3381 0.8534
vn 0.4051 -0.4481 -0.7969
vn 0.4153 -0.3927 -0.8206
vn 0.2964 -0.3276 -0.8971
vn 0.2607 -0.4256 -0.8666
vn 0.2424 -0.5712 -0.7842
vn 0.0038 -0.0613 -0.9981
vn -0.0071 -0.1311 -0.9913
vn 0.0320 -0.7781 -0.6274
vn -0.0999 -0.9831 -0.1531
vn 0.1189 -0.8502 0.5129
vn -0.4434 0.3960 -0.8041
vn -0.3494 0.4275 -0.8338
vn -0.3325 0.4749 -0.8148
vn 0.4380 -0.2905 -0.8508
vn -0.4406 0.3929 0.8072
vn 0.0071 -0.1372 -0.9905
vn -0.0438 0.2595 -0.9648
vn 0.0319 -0.9614 -0.2734
vn -0.5436 -0.1977 -0.8157
vn -0.2890 -0.4248 -0.8579
vn -0.3976 0.2304 -0.8882
vn -0.4265 0.2958 -0.8547
vn 0.3242 -0.5630 -0.7602
vn 0.3242 -0.5635 -0.7599
vn 0.3609 -0.4619 -0.8102
vn 0.3232 -0.1596 -0.9328
vn 0.0017 0.0460 -0.9989
vn 0.0003 -0.1132 -0.9936
vn -0.0192 -0.2421 -0.9701
vn 0.0484 -0.9328 -0.3570
vn 0.0756 -0.9970 0.0192
vn -0.2249 -0.3057 -0.9252
vn -0.4101 0.1605 -0.8978
vn -0.3288 0.2178 -0.9190
vn 0.1363 -0.8555 0.4995
vn -0.4200 0.3730 -0.8274
vn -0.4112 0.4057 -0.8163
vn 0.3864 0.0115 -0.9222
vn 0.4164 -0.3466 -0.8405
vn 0.3219 -0.3585 -0.8763
vn 0.0767 -0.7727 -0.6301
vn 0.0678 -0.9499 -0.3051
vn -0.3019 0.2215 -0.9273
vn -0.0665 -0.9920 0.1073
vn 0.2045 -0.5524 0.8081
vn -0.3921 0.3695 -0.8425
vn -0.4004 0.3505 -0.8466
vn -0.2831 0.4373 -0.8536
vn -0.3536 0.2814 -0.8920
vn 0.3783 -0.4337 -0.8178
vn 0.3818 -0.4455 -0.8098
vn 0.3827 -0.4086 -0.8286
vn 0.4438 -0.2816 -0.8508
vn 0.0338 0.6289 -0.7767
vn 0.0772 -0.9970 0.0047
vn 0.0697 -0.8961 0.4383
vn -0.3329 0.2405 -0.9118
vn -0.4134 0.2930 -0.8621
vn 0.1537 -0.0737 -0.9854
vn 0.4200 -0.3549 -0.8353
vn 0.3747 -0.3229 -0.8691
vn 0.0198 -0.7697 -0.6381
vn -0.4058 -0.8246 0.3941
vn -0.0186 0.1635 -0.9864
vn -0.0112 0.0529 -0.9985
vn -0.0332 -0.2443 -0.9691
vn -0.0172 -0.6824 -0.7308
vn -0.3565 -0.1752 -0.9177
vn -0.2129 0.5887 -0.7798
vn 0.1431 -0.3080 -0.9406
vn 0.2067 -0.5293 -0.8229
vn -0.3558 0.6131 0.7054
vn 0.2910 -0.4507 -0.8440
vn 0.3472 -0.3870 -0.8542
vn 0.0036 -0.6282 -0.7780
vn -0.0252 -0.2516 -0.9675
vn -0.0325 -0.4360 -0.8994
vn 0.2073 -0.9217 0.3280
vn -0.3858 -0.8831 -0.2670
vn -0.4679 -0.4956 -0.7318
vn -0.3928 0.3348 -0.8565
vn 0.1343 -0.5075 0.8511
vn -0.4266 0.3611 -0.8292
vn -0.3793 0.3657 -0.8499
vn -0.3838 0.2663 -0.8842
vn 0.4071 -0.3603 -0.8393
vn 0.3805 -0.3238 -0.8662
vn 0.1069 -0.6219 -0.7757
vn -0.0081 -0.0607 -0.9981
vn -0.0283 -0.1424 -0.9894
vn 0.0070 0.4836 -0.8753
vn -0.0134 0.3656 -0.9307
vn 0.0887 -0.6659 -0.7407
vn 0.1879 -0.9352 -0.3002
vn -0.6034 -0.1710 -0.7789
vn -0.3729 -0.8542 0.3623
vn -0.3806 0.4858 -0.7868
vn -0.2074 0.9256 -0.3165
vn -0.5479 0.8343 0.0610
vn 0.2893 -0.4481 -0.8459
vn 0.3036 -0.3937 -0.8677
vn -0.3416 0.5747 0.7437
vn 0.2778 -0.4140 -0.8669
vn 0.2809 -0.4062 -0.8696
vn 0.0849 -0.6135 -0.7851
vn -0.6002 -0.7752 -0.1970
vn -0.0262 0.0940 -0.9952
vn -0.0201 0.0368 -0.9991
vn -0.0095 -0.0624 -0.9980
vn 0.0006 -0.0967 -0.9953
vn -0.0177 0.1616 -0.9867
vn -0.0049 -0.1298 -0.9915
vn -0.0063 0.2569 -0.9664
vn -0.0202 0.2142 -0.9766
vn 0.0077 -0.6257 -0.7800
vn 0.3487 -0.7786 -0.5216
vn 0.4233 -0.8871 0.1841
vn 0.3196 -0.8424 0.4338
vn -0.6446 -0.0587 -0.7623
vn -0.6401 -0.1920 -0.7439
vn -0.3794 0.3377 -0.8614
vn -0.4278 -0.8390 0.3364
vn -0.3718 0.3549 -0.8578
vn -0.3993 0.2803 -0.8729
vn -0.0431 -0.2342 -0.9712
vn 0.0567 -0.3605 -0.9310
vn 0.3927 -0.3750 -0.8397
vn 0.1798 -0.4829 -0.8570
vn 0.1108 -0.5613 -0.8202
vn -0.2089 -0.7516 -0.6257
vn -0.5986 -0.7863 -0.1529
vn 0.0145 -0.1179 -0.9929
vn 0.0152 -0.1160 -0.9931
vn -0.0310 -0.4349 -0.9000
vn 0.4238 -0.8223 0.3797
vn -0.3964 0.3502 -0.8487
vn -0.3605 0.8411 -0.4033
vn -0.4036 0.1140 -0.9078
vn -0.5302 0.8446 0.0746
vn 0.3541 -0.3342 -0.8735
vn -0.0050 -0.1512 -0.9885
vn -0.0045 -0.2489 -0.9685
vn -0.0586 -0.3922 -0.9180
vn -0.0413 -0.4937 -0.8686
vn -0.0324 -0.5574 -0.8296
vn 0.1977 -0.3031 -0.9322
vn -0.6606 0.1382 -0.7379
vn -0.4246 0.3530 -0.8337
vn -0.4022 -0.8154 0.4164
vn -0.3702 0.3907 -0.8428
vn -0.3914 0.2806 -0.8764
vn -0.2835 0.1034 -0.9534
vn 0.1619 -0.3400 -0.9264
vn 0.2967 -0.3589 -0.8850
vn 0.3053 -0.3791 -0.8736
vn 0.2713 -0.4127 -0.8695
vn -0.8017 -0.5954 -0.0527
vn -0.7895 -0.6129 0.0314
vn -0.0020 -0.1295 -0.9916
vn 0.0050 -0.1811 -0.9835
vn -0.8660 -0.1767 -0.4678
vn -0.6404 -0.7318 -0.2329
vn -0.4042 0.3423 -0.8482
vn -0.4256 0.3081 -0.8509
vn -0.3348 0.3480 -0.8757
vn -0.3316 0.3414 -0.8795
vn -0.4651 0.6132 -0.6385
vn -0.4777 0.5173 -0.7100
vn -0.1731 -0.1419 -0.9746
vn -0.6449 0.7272 0.2352
vn 0.1377 -0.3708 -0.9184
vn 0.1452 -0.3304 -0.9326
vn 0.0723 -0.4568 -0.8866
vn -0.4488 -0.6426 -0.6210
vn -0.4515 -0.6351 -0.6267
vn -0.8905 -0.4003 0.2161
vn -0.7017 0.0826 0.7077
vn -0.7856 -0.6162 -0.0562
vn -0.0253 0.0380 -0.9990
vn 0.0027 0.6004 -0.7997
vn -0.0958 -0.3881 -0.9166
vn 0.3062 -0.2106 -0.9284
vn -0.0739 0.1245 -0.9895
vn -0.7770 0.0680 -0.6259
vn -0.8693 -0.4942 -0.0092
vn -0.3520 -0.5383 0.7657
vn -0.3986 0.3231 -0.8583
vn -0.3036 0.3950 -0.8671
vn 0.0198 -0.3581 -0.9335
vn 0.0437 -0.5145 -0.8564
vn -0.2714 -0.4987 -0.8232
vn -0.8162 -0.5157 -0.2605
vn -0.0047 0.3897 -0.9209
vn 0.0129 0.5703 -0.8213
vn -0.0984 -0.6787 -0.7278
vn -0.4271 -0.1552 -0.8908
vn 0.3043 -0.1685 -0.9376
vn 0.6421 -0.5006 -0.5806
vn -0.7726 0.0354 -0.6339
vn -0.6223 -0.7014 0.3474
vn -0.5375 0.2626 -0.8013
vn -0.3006 0.3902 -0.8703
vn -0.2533 0.3089 -0.9167
vn -0.4658 0.5309 -0.7079
vn -0.6545 0.6466 0.3917
vn -0.5201 -0.0348 -0.8534
vn -0.9065 0.4107 0.0982
vn -0.3968 -0.2721 -0.8766
vn -0.0818 -0.3323 -0.9396
vn -0.2366 -0.5149 -0.8240
vn -0.9350 -0.3409 0.0978
vn -0.9661 -0.2517 -0.0568
vn -0.0208 -0.0170 -0.9996
vn -0.0018 -0.0632 -0.9980
vn 0.0075 -0.1165 -0.9932
vn 0.0029 -0.3727 -0.9280
vn 0.3124 -0.1725 -0.9342
vn -0.4517 -0.1963 -0.8703
vn -0.5521 0.1496 -0.8202
vn -0.5970 0.0639 -0.7997
vn -0.8392 -0.1365 -0.5264
vn -0.8400 -0.0076 -0.5425
vn -0.9123 -0.1415 -0.3842
vn -0.4763 0.2447 -0.8445
vn -0.4714 0.5711 -0.6720
vn -0.9309 0.2839 0.2299
vn -0.7121 -0.2015 -0.6725
vn -0.7825 0.2465 0.5718
vn -0.9821 -0.1583 -0.1017
vn -0.7176 0.5864 -0.3757
vn -0.7672 -0.3800 -0.5168
vn -0.9441 -0.0309 0.3283
vn -0.0186 0.0969 -0.9951
vn -0.0031 -0.3886 -0.9214
vn -0.1238 -0.6828 -0.7200
vn -0.2068 -0.4026 -0.8917
vn -0.5055 0.5614 -0.6552
vn -0.8826 0.0592 -0.4664
vn -0.8163 0.2010 -0.5416
vn -0.7247 -0.4607 0.5124
vn -0.9591 -0.2127 0.1867
vn -0.8508 0.4710 -0.2330
vn -0.8166 0.4933 0.2997
vn -0.0236 0.0407 -0.9989
vn -0.0088 -0.2431 -0.9700
vn 0.0120 -0.5702 -0.8214
vn -0.0071 -0.7075 -0.7067
vn -0.3875 -0.4233 -0.8189
vn -0.8185 0.4315 -0.3792
vn -0.5088 -0.6694 -0.5413
vn -0.8741 -0.0408 -0.4841
vn -0.7855 -0.1334 -0.6043
vn -0.5876 0.5370 0.6052
vn -0.8665 -0.1645 0.4712
vn -0.0057 -0.0780 -0.9969
vn 0.0059 -0.1205 -0.9927
vn 0.0081 -0.1318 -0.9912
vn -0.0140 0.2865 -0.9580
vn 0.0131 0.7182 -0.6957
vn -0.0248 -0.6748 -0.7376
vn 0.1475 -0.2554 -0.9555
vn 0.1578 -0.3763 -0.9130
vn -0.1903 -0.8570 -0.4789
vn 0.3925 -0.7583 -0.5205
vn -0.5918 -0.3859 0.7077
vn -0.8859 0.4115 0.2141
vn -0.3144 -0.8312 0.4585
vn -0.1650 -0.7337 0.6592
vn 0.0021 -0.1758 -0.9844
vn -0.0190 -0.2690 -0.9630
vn -0.0342 -0.8378 -0.5450
vn 0.2403 -0.8528 -0.4636
vn -0.7337 0.6460 -0.2105
vn -0.6639 0.6974 0.2700
vn 0.3756 -0.9008 0.2180
vn -0.0468 -0.8536 0.5188
vn -0.5775 0.6888 0.4383
vn 0.0013 -0.1382 -0.9904
vn -0.0152 -0.3625 -0.9319
vn 0.2395 -0.8632 0.4444
vn 0.0930 -0.7098 0.6982
vn -0.0210 0.1590 -0.9871
vn -0.0263 0.1134 -0.9932
vn -0.0237 0.2145 -0.9764
vn 0.0188 -0.2452 -0.9693
vn 0.1031 -0.6426 -0.7592
vn 0.0149 -0.3056 -0.9520
vn 0.0753 -0.9148 0.3968
vn -0.2209 0.6971 0.6821
vn -0.0097 0.0419 -0.9991
vn -0.0281 0.2034 -0.9787
vn -0.0203 0.2747 -0.9613
vn 0.0567 -0.4111 -0.9098
vn 0.1089 -0.6324 -0.7669
vn -0.0165 -0.2513 -0.9678
vn 0.1362 -0.8959 -0.4228
vn 0.2333 -0.8461 -0.4792
vn -0.1774 -0.8735 -0.4533
vn -0.3645 -0.9312 -0.0040
vn 0.2806 -0.8481 0.4494
vn -0.1195 -0.8845 0.4510
vn 0.0107 -0.2943 -0.9557
vn 0.0519 -0.5330 -0.8445
vn -0.1224 -0.0959 -0.9878
vn -0.1703 -0.3162 -0.9333
vn 0.2030 -0.9791 0.0098
vn -0.0209 0.0742 -0.9970
vn -0.0198 -0.0178 -0.9996
vn -0.3788 -0.7033 -0.6016
vn -0.5034 -0.7601 -0.4109
vn -0.4817 -0.8763 0.0093
vn -0.6067 -0.6421 0.4687
vn -0.0236 0.1172 -0.9928
vn 0.0060 -0.1395 -0.9902
vn -0.0058 0.3922 -0.9199
vn -0.0036 0.5190 -0.8548
vn 0.0730 -0.4884 -0.8695
vn 0.1205 -0.6328 -0.7649
vn 0.1322 -0.5963 -0.7918
vn -0.1221 -0.0872 -0.9887
vn 0.2955 -0.8400 -0.4551
vn 0.1720 -0.7713 -0.6128
vn 0.7280 0.3402 -0.5952
vn 0.3431 -0.6586 -0.6697
vn 0.4615 -0.8095 0.3629
vn 0.4734 -0.8371 0.2741
vn -0.4677 -0.8140 0.3444
vn 0.0044 -0.0739 -0.9973
vn -0.0010 -0.1770 -0.9842
vn -0.3113 -0.0814 -0.9468
vn 0.0066 0.0131 -0.9999
vn 0.0005 -0.1199 -0.9928
vn -0.0202 0.2746 -0.9613
vn 0.0103 -0.2376 -0.9713
vn -0.0043 -0.2880 -0.9576
vn 0.0711 0.0168 -0.9973
vn -0.1965 -0.4311 -0.8807
vn -0.2505 0.3266 -0.9114
vn -0.8359 -0.3994 -0.3765
vn -0.8069 -0.5195 -0.2812
vn -0.8136 -0.5575 0.1651
vn -0.0030 -0.1263 -0.9920
vn -0.0100 0.3810 -0.9245
vn -0.8262 -0.4060 -0.3907
vn -0.8102 -0.2950 -0.5066
vn -0.7904 -0.4474 0.4184
vn -0.0033 -0.1805 -0.9836
vn -0.8090 -0.2232 -0.5438
vn -0.0078 -0.0550 -0.9985
vn -0.0034 0.5184 -0.8551
vn -0.0252 -0.7279 -0.6852
vn -0.0732 -0.9430 -0.3247
vn -0.1489 -0.8557 -0.4956
vn -0.2174 -0.9104 0.3520
vn -0.0641 -0.4797 0.8751
vn 0.0054 -0.1250 -0.9921
vn -0.0186 -0.2974 -0.9546
vn 0.0091 0.6606 -0.7507
vn -0.1427 -0.9804 0.1359
vn -0.0489 -0.7797 0.6243
vn -0.0119 0.0093 -0.9999
vn -0.0232 0.1169 -0.9929
vn -0.0111 -0.0542 -0.9985
vn -0.0188 0.2035 -0.9789
vn -0.0242 0.2719 -0.9620
vn -0.0055 -0.1803 -0.9836
vn -0.0200 -0.1989 -0.9798
vn -0.0265 -0.2868 -0.9576
vn -0.0405 -0.3568 -0.9333
vn -0.0140 -0.4605 -0.8875
vn -0.0141 -0.4484 -0.8937
vn 0.0159 -0.6351 -0.7723
vn 0.0183 -0.8581 -0.5131
vn 0.0454 -0.9113 -0.4092
vn -0.0137 -0.1013 -0.9948
vn -0.0312 0.1650 -0.9858
vn -0.0105 -0.1396 -0.9902
vn 0.0242 -0.4007 -0.9159
vn 0.0235 -0.9654 0.2597
vn -0.0259 0.0742 -0.9969
vn -0.0259 0.2283 -0.9732
vn 0.0231 -0.9511 -0.3079
vn -0.0093 -0.0526 -0.9986
vn -0.0319 0.1034 -0.9941
vn -0.0170 -0.2745 -0.9614
vn 0.0369 -0.7830 -0.6209
vn 0.0288 -0.9701 0.2408
vn 0.0046 -0.3287 0.9444
vn -0.0291 0.1654 -0.9858
vn 0.0277 -0.7660 0.6423
vn 0.0217 -0.7496 0.6615
vn -0.0296 0.0300 -0.9991
vn 0.0020 -0.0742 -0.9972
vn 0.1419 -0.9403 0.3095
vn -0.0314 0.0286 -0.9991
vn -0.0337 -0.0138 -0.9993
vn 0.0161 -0.2040 -0.9788
vn 0.0364 -0.2768 -0.9602
vn -0.0254 0.4746 -0.8798
vn -0.0399 0.5533 -0.8320
vn 0.1152 -0.7130 -0.6916
vn -0.0532 0.1977 -0.9788
vn 0.0029 -0.1422 -0.9898
vn -0.0003 -0.1805 -0.9836
vn -0.0370 0.3630 -0.9310
vn -0.0412 0.3210 -0.9462
vn 0.0749 -0.3883 -0.9185
vn 0.0658 -0.4175 -0.9063
vn 0.0705 -0.5841 -0.8086
vn 0.1672 -0.9212 -0.3513
vn 0.1266 -0.9773 0.1699
vn -0.0390 0.1077 -0.9934
vn -0.0377 0.3787 -0.9247
vn 0.1003 -0.8174 -0.5673
vn 0.0734 -0.8930 0.4440
vn 0.1650 -0.6303 0.7586
vn -0.0067 -0.1290 -0.9916
vn 0.0170 -0.2351 -0.9718
vn 0.0481 -0.2868 -0.9568
vn 0.0798 -0.5560 -0.8273
vn 0.3075 -0.9229 -0.2316
vn 0.2599 -0.8040 0.5349
vn -0.0695 0.0490 -0.9964
vn -0.0733 0.2881 -0.9548
vn 0.2570 -0.8192 0.5127
vn 0.0257 -0.2022 0.9790
vn -0.0309 -0.0764 -0.9966
vn 0.1435 -0.7493 0.6465
vn -0.0752 0.2015 -0.9766
vn -0.0916 0.2423 -0.9659
vn 0.0003 -0.3507 -0.9365
vn -0.0679 0.0981 -0.9929
vn -0.0855 0.1828 -0.9794
vn -0.0928 0.1169 -0.9888
vn -0.0225 -0.1263 -0.9917
vn -0.0354 -0.1852 -0.9821
vn 0.2737 -0.7249 -0.6321
vn 0.0213 -0.5719 -0.8201
vn 0.0123 -0.4411 -0.8974
vn 0.2746 -0.5069 -0.8171
vn 0.4671 -0.8737 0.1357
vn 0.5091 -0.8606 -0.0129
vn -0.0716 0.0471 -0.9963
vn -0.0460 -0.2072 -0.9772
vn -0.0352 -0.2212 -0.9746
vn -0.0423 -0.3502 -0.9357
vn -0.0379 -0.3458 -0.9376
vn 0.0709 -0.4003 -0.9136
vn -0.0472 -0.0126 -0.9988
vn -0.0496 -0.0514 -0.9974
vn -0.0766 0.1213 -0.9897
vn -0.0845 0.4056 -0.9101
vn -0.0495 -0.4863 -0.8724
vn -0.0532 -0.1475 -0.9876
vn -0.1739 -0.5454 0.8199
vn -0.0637 0.0803 -0.9947
vn -0.0578 0.0199 -0.9981
vn -0.1565 -0.4363 -0.8861
vn 0.4065 -0.5053 -0.7612
vn 0.1435 -0.2127 -0.9665
vn 0.3740 -0.4420 -0.8153
vn -0.1157 0.2491 -0.9615
vn -0.1117 -0.2279 -0.9673
vn -0.1210 0.3264 -0.9374
vn -0.1130 0.3037 -0.9460
vn -0.1428 -0.3187 -0.9370
vn -0.1284 -0.5164 -0.8467
vn -0.0898 0.5785 -0.8107
vn -0.0414 -0.0476 -0.9980
vn -0.0253 -0.0680 -0.9974
vn 0.0200 -0.0286 0.9994
vn -0.0714 0.0469 -0.9963
vn -0.0620 -0.1468 -0.9872
vn -0.0915 -0.2128 -0.9728
vn -0.1740 -0.3426 -0.9232
vn -0.2212 0.0173 -0.9751
vn -0.2352 -0.4315 0.8709
vn -0.1219 0.2047 0.9712
vn -0.0564 0.0686 -0.9960
vn -0.2085 -0.4923 -0.8451
vn -0.2530 -0.5207 -0.8154
vn -0.1622 -0.2141 -0.9633
vn 0.0899 -0.1057 -0.9903
vn -0.0726 -0.1221 -0.9899
vn -0.1306 0.2392 -0.9621
vn -0.1391 0.3307 -0.9334
vn -0.1401 0.0564 -0.9885
vn -0.1394 0.1142 -0.9836
vn -0.0709 -0.0786 -0.9944
vn -0.1273 0.1835 -0.9747
vn -0.0872 -0.1699 -0.9816
vn -0.0392 0.6378 -0.7692
vn -0.1465 0.4506 -0.8806
vn -0.2633 -0.5201 -0.8125
vn 0.3877 -0.4321 -0.8142
vn 0.6590 -0.7418 0.1243
vn -0.0937 0.1339 -0.9865
vn -0.2053 -0.3380 -0.9185
vn -0.0942 -0.1581 -0.9829
vn -0.0956 -0.1944 -0.9763
vn -0.0244 -0.0431 -0.9988
vn -0.1826 0.0960 -0.9785
vn -0.3022 -0.4591 -0.8354
vn 0.0803 -0.0795 -0.9936
vn 0.4309 -0.4614 -0.7755
vn 0.1290 -0.1471 -0.9807
vn 0.6561 -0.7431 0.1316
vn -0.1273 0.1834 -0.9748
vn -0.1103 -0.1748 -0.9784
vn -0.1557 0.2574 -0.9537
vn -0.1633 0.3027 -0.9390
vn -0.1736 0.4687 -0.8661
vn 0.0282 -0.0264 -0.9993
vn -0.0294 -0.0826 -0.9962
vn -0.1589 0.1622 -0.9739
vn 0.6100 -0.7864 0.0975
vn -0.1042 0.1002 -0.9895
vn -0.0690 -0.0797 -0.9944
vn -0.2525 -0.4668 -0.8476
vn 0.0806 0.1027 -0.9914
vn -0.0931 -0.1582 -0.9830
vn -0.0231 -0.0643 -0.9977
vn 0.4255 -0.4476 -0.7865
vn -0.0966 0.0789 -0.9922
vn -0.0706 0.0146 -0.9974
vn -0.1636 0.1871 -0.9686
vn -0.1356 -0.2299 -0.9637
vn -0.1755 -0.2619 -0.9490
vn -0.2669 -0.4293 -0.8628
vn 0.2398 0.2931 -0.9255
vn -0.0099 0.0128 -0.9999
vn -0.0218 -0.0376 -0.9991
vn -0.1180 0.1660 -0.9790
vn 0.1953 -0.1705 -0.9658
vn 0.5051 0.6508 -0.5669
vn -0.1858 0.3996 0.8977
vn -0.1186 -0.1602 -0.9799
vn -0.1857 0.2389 -0.9531
vn -0.2088 -0.3059 -0.9289
vn -0.2132 -0.3199 -0.9232
vn 0.2368 0.2862 -0.9284
vn -0.2306 0.3365 -0.9130
vn -0.0780 -0.1153 -0.9903
vn 0.0132 -0.0336 -0.9993
vn 0.0363 -0.0306 -0.9989
vn 0.4224 -0.4463 -0.7889
vn -0.0874 0.0917 -0.9919
vn -0.0827 0.0399 -0.9958
vn -0.0749 -0.1784 -0.9811
vn -0.2580 -0.3707 -0.8922
vn -0.2353 0.3364 -0.9118
vn -0.1237 0.1576 -0.9797
vn -0.1505 0.1967 -0.9688
vn -0.1423 -0.2107 -0.9671
vn 0.0255 -0.0035 -0.9997
vn 0.0013 -0.0858 -0.9963
vn -0.0007 -0.0343 -0.9994
vn -0.1355 0.1613 -0.9776
vn 0.4339 -0.5643 -0.7024
vn 0.5198 0.6242 -0.5833
vn 0.5802 -0.7606 -0.2913
vn -0.0629 -0.0740 -0.9953
vn -0.1104 0.1049 -0.9883
vn -0.3152 0.3580 -0.8789
vn 0.1639 0.2722 -0.9482
vn -0.0353 -0.0443 -0.9984
vn -0.0264 0.0343 -0.9991
vn -0.0200 -0.0250 -0.9995
vn 0.0107 -0.0742 -0.9972
vn 0.4004 -0.7954 0.4550
vn 0.3121 -0.4215 0.8514
vn -0.1080 0.1112 -0.9879
vn -0.1243 -0.2376 -0.9634
vn -0.1937 0.2004 -0.9604
vn -0.1324 -0.2736 -0.9527
vn 0.1739 0.2403 -0.9550
vn 0.0190 0.0097 -0.9998
vn -0.0233 0.0616 -0.9978
vn 0.0283 -0.0460 -0.9985
vn 0.1396 -0.4122 -0.9003
vn -0.1102 -0.0060 -0.9939
vn -0.2276 0.2526 -0.9404
vn -0.1637 -0.3194 -0.9334
vn -0.2503 0.2843 -0.9255
vn -0.3279 0.3490 -0.8779
vn -0.2783 -0.4314 -0.8582
vn -0.0473 0.0173 -0.9987
vn -0.0914 -0.1748 -0.9804
vn 0.0094 -0.0289 -0.9995
vn -0.0999 0.1907 -0.9765
vn 0.0977 -0.5012 -0.8598
vn 0.1580 -0.9825 0.0992
vn -0.0781 -0.1317 -0.9882
vn -0.1902 -0.3390 -0.9214
vn 0.1926 0.2501 -0.9489
vn 0.0039 0.0147 -0.9999
vn 0.0171 0.0019 -0.9999
vn -0.3103 -0.5114 0.8014
vn -0.2245 0.2555 -0.9404
vn -0.2138 -0.3905 -0.8954
vn -0.0275 -0.0066 -0.9996
vn -0.0387 -0.0346 -0.9987
vn -0.0247 -0.0659 -0.9975
vn -0.0190 -0.0427 -0.9989
vn 0.0558 0.0059 -0.9984
vn -0.0186 0.1618 -0.9866
vn -0.0053 0.1649 -0.9863
vn -0.1039 -0.5250 -0.8447
vn -0.0949 -0.9124 0.3981
vn -0.1300 -0.2495 0.9596
vn -0.0821 -0.0075 -0.9966
vn -0.3293 0.3493 -0.8772
vn -0.2791 -0.4391 -0.8540
vn -0.0631 0.0743 -0.9952
vn -0.4405 0.4143 -0.7964
vn -0.0626 -0.1437 -0.9876
vn 0.1254 0.0944 -0.9876
vn -0.1642 -0.4285 -0.8885
vn -0.1288 0.1159 -0.9849
vn 0.1870 0.3365 -0.9229
vn 0.0051 0.0127 -0.9999
vn -0.5002 -0.4762 -0.7233
vn 0.5210 0.8523 0.0467
vn -0.2843 0.3009 0.9103
vn -0.0946 -0.2426 -0.9655
vn -0.1603 0.2329 -0.9592
vn -0.3067 0.2895 -0.9067
vn 0.0294 0.0784 -0.9965
vn -0.0236 -0.0253 -0.9994
vn -0.1048 -0.1053 -0.9889
vn 0.0033 -0.0338 -0.9994
vn 0.0193 0.0192 -0.9996
vn -0.2717 0.0142 -0.9623
vn -0.5096 -0.4820 -0.7127
vn -0.0994 -0.0681 -0.9927
vn -0.0857 -0.1279 -0.9881
vn -0.1672 -0.3412 -0.9250
vn -0.2592 -0.4383 -0.8606
vn -0.1335 0.0069 -0.9910
vn -0.8766 -0.3349 0.3455
vn -0.2577 0.3335 0.9068
vn -0.1146 0.1363 -0.9840
vn -0.1735 0.2353 -0.9563
vn -0.1314 -0.2983 -0.9454
vn -0.1510 -0.3822 -0.9116
vn -0.2549 0.2964 -0.9204
vn 0.0680 0.2355 -0.9695
vn -0.0373 0.0130 -0.9992
vn -0.0765 0.0639 -0.9950
vn -0.4353 0.4129 -0.8001
vn -0.0288 0.0129 -0.9995
vn -0.0286 -0.0641 -0.9975
vn -0.1822 -0.0754 -0.9804
vn -0.8673 -0.2203 0.4464
vn -0.9268 -0.2416 0.2876
vn -0.1016 0.0207 -0.9946
vn -0.2278 -0.5106 -0.8291
vn -0.2474 -0.4475 -0.8594
vn 0.0618 0.2588 -0.9640
vn -0.0743 0.0600 -0.9954
vn -0.4237 0.4519 -0.7850
vn 0.1635 0.6013 -0.7821
vn -0.8410 -0.4805 0.2485
vn -0.1094 0.1732 -0.9788
vn -0.2258 0.3190 -0.9205
vn -0.2294 0.3367 -0.9132
vn -0.0355 -0.0326 -0.9988
vn -0.0337 0.0061 -0.9994
vn 0.0054 0.0095 -0.9999
vn 0.0008 -0.0404 -0.9992
vn -0.1572 -0.1442 -0.9770
vn -0.3542 -0.1219 -0.9272
vn -0.0850 -0.0879 -0.9925
vn -0.0570 -0.0145 -0.9983
vn -0.0310 0.0339 -0.9989
vn -0.4002 0.4496 -0.7986
vn -0.0265 -0.0608 -0.9978
vn -0.0183 -0.0173 -0.9997
vn -0.0264 -0.0262 -0.9993
vn -0.0343 -0.0562 -0.9978
vn -0.7738 -0.5117 -0.3733
vn -0.2367 -0.5501 0.8009
vn -0.1703 0.2393 -0.9559
vn -0.3988 0.4130 -0.8188
vn -0.2287 -0.5104 -0.8289
vn -0.0472 0.2759 -0.9600
vn -0.0531 -0.0680 -0.9963
vn -0.0515 0.0301 -0.9982
vn -0.0605 0.1025 -0.9929
vn -0.1494 -0.0898 -0.9847
vn -0.0953 0.5692 -0.8167
vn -0.7035 -0.6929 -0.1582
vn -0.3534 0.4423 -0.8243
vn -0.1880 -0.5525 -0.8120
vn -0.0624 0.2397 -0.9688
vn -0.0509 0.0118 -0.9986
vn 0.0110 0.0085 -0.9999
vn 0.0104 -0.0055 -0.9999
vn -0.2160 -0.2059 -0.9544
vn -0.2328 -0.0084 -0.9725
vn -0.1552 0.0815 -0.9845
vn -0.1475 0.2401 -0.9595
vn -0.1000 0.0274 -0.9946
vn -0.0951 -0.3871 -0.9171
vn -0.1891 -0.5581 -0.8079
vn -0.0502 0.0313 -0.9982
vn -0.0307 -0.0511 -0.9982
vn -0.2401 -0.2124 -0.9472
vn -0.1968 -0.0945 -0.9759
vn -0.1934 -0.0886 -0.9771
vn -0.2543 -0.0496 -0.9658
vn -0.2182 -0.0181 -0.9757
vn -0.5022 0.0660 -0.8622
vn -0.5974 0.8013 0.0305
vn -0.1455 0.2470 -0.9580
vn -0.0903 -0.2902 -0.9527
vn -0.2795 0.3299 -0.9017
vn -0.3446 0.4669 -0.8144
vn -0.3435 0.4605 -0.8185
vn -0.1904 -0.0316 -0.9812
vn -0.0528 0.0989 -0.9937
vn -0.0540 -0.2317 -0.9713
vn -0.0139 -0.0647 -0.9978
vn -0.3147 0.1567 -0.9362
vn -0.7962 -0.6040 -0.0342
vn -0.1676 -0.1192 0.9786
vn -0.2047 -0.0452 0.9778
vn -0.1925 0.2787 -0.9409
vn -0.0940 -0.3931 -0.9147
vn -0.2017 -0.5586 -0.8045
vn 0.0200 -0.0282 -0.9994
vn -0.2559 0.3744 -0.8912
vn -0.3164 0.1664 -0.9339
vn -0.2049 -0.0905 -0.9746
vn -0.4805 -0.2015 -0.8535
vn -0.3471 0.2293 -0.9094
vn -0.4489 -0.1452 -0.8817
vn -0.1716 0.0880 0.9812
vn -0.0948 -0.2730 -0.9573
vn -0.2811 0.4414 -0.8522
vn -0.0764 0.0796 -0.9939
vn -0.0734 0.1025 -0.9920
vn -0.0267 -0.0519 -0.9983
vn -0.2408 -0.2105 -0.9475
vn -0.2945 0.2217 -0.9296
vn -0.6550 -0.7556 0.0108
vn -0.0776 -0.2203 0.9723
vn -0.1249 0.2484 -0.9606
vn -0.1160 0.0296 -0.9928
vn -0.1017 -0.1345 -0.9857
vn -0.0136 -0.0575 -0.9983
vn 0.0084 -0.0278 -0.9996
vn -0.2794 -0.2945 -0.9139
vn -0.9568 0.2712 0.1047
vn -0.9470 -0.2634 0.1837
vn -0.4080 0.2825 0.8682
vn -0.0475 -0.0987 -0.9940
vn -0.1757 -0.2369 -0.9555
vn -0.2908 0.2369 -0.9270
vn -0.3799 0.5555 0.7397
vn -0.1060 -0.1242 -0.9866
vn -0.1780 0.3549 -0.9178
vn -0.2228 0.4034 -0.8875
vn -0.1311 -0.5385 -0.8324
vn -0.1613 -0.6661 -0.7282
vn -0.0724 0.1042 -0.9919
vn -0.1280 0.2168 -0.9678
vn -0.3283 0.3125 -0.8914
vn -0.1345 -0.5185 -0.8444
vn -0.3120 0.5083 -0.8027
vn -0.3152 0.5567 -0.7686
vn -0.2932 0.3092 -0.9047
vn -0.1312 0.2003 -0.9709
vn -0.1163 0.0288 -0.9928
vn -0.1337 0.2032 -0.9700
vn -0.1017 -0.6429 -0.7591
vn 0.0088 -0.0249 -0.9997
vn -0.0086 -0.0476 -0.9988
vn -0.1210 -0.6986 0.7052
vn -0.0895 0.1034 -0.9906
vn -0.0731 0.1551 -0.9852
vn -0.0318 -0.1340 -0.9905
vn -0.2839 0.3706 -0.8843
vn -0.3617 -0.2826 -0.8885
vn -0.2640 -0.3369 -0.9038
vn -0.1227 -0.6947 0.7088
vn 0.0242 -0.1191 -0.9926
vn -0.2297 -0.3658 -0.9019
vn -0.2469 0.2858 -0.9260
vn -0.2545 -0.4423 -0.8600
vn -0.0893 -0.1873 0.9782
vn -0.1464 0.3392 -0.9293
vn -0.1277 0.1913 -0.9732
vn -0.0631 -0.2558 -0.9647
vn -0.0812 -0.4159 -0.9058
vn -0.0617 -0.5254 -0.8486
vn -0.2380 0.5483 -0.8017
vn -0.0884 -0.6581 -0.7478
vn -0.0946 0.1406 -0.9855
vn -0.0290 -0.6296 0.7764
vn 0.0457 -0.0560 -0.9974
vn -0.6011 -0.7593 -0.2492
vn -0.3098 -0.6088 0.7303
vn -0.2031 0.4860 -0.8500
vn -0.1961 0.4519 -0.8703
vn -0.2346 0.5541 -0.7987
vn 0.0912 -0.1232 -0.9882
vn -0.2154 0.2931 -0.9315
vn -0.1014 -0.1181 -0.9878
vn -0.1768 -0.2938 -0.9394
vn -0.1685 -0.4038 -0.8992
vn -0.4779 -0.8731 0.0963
vn -0.0784 0.0345 -0.9963
vn -0.2938 0.5811 -0.7590
vn 0.0023 -0.5574 -0.8302
vn -0.1052 0.1427 -0.9842
vn 0.0047 -0.0546 -0.9985
vn -0.0498 -0.1052 -0.9932
vn -0.1105 -0.3402 -0.9338
vn -0.2167 0.3107 -0.9255
vn -0.2241 0.3331 -0.9159
vn -0.1023 0.1643 -0.9811
vn -0.2043 -0.4136 -0.8872
vn -0.3672 -0.9301 0.0116
vn -0.1069 0.1012 -0.9891
vn -0.0292 -0.1703 -0.9850
vn -0.0699 -0.0529 -0.9962
vn -0.2623 0.5969 -0.7582
vn -0.0366 -0.1102 -0.9932
vn -0.1610 0.2796 -0.9465
vn -0.3533 -0.9337 0.0586
vn -0.1281 0.1868 -0.9740
vn -0.0091 -0.5515 -0.8341
vn 0.0093 -0.2654 -0.9641
vn -0.2269 0.4656 -0.8554
vn -0.0381 -0.4311 -0.9015
vn -0.1247 0.1401 -0.9823
vn -0.2627 -0.3751 -0.8890
vn 0.0084 -0.5941 -0.8043
vn -0.2746 -0.3769 -0.8846
vn -0.5027 -0.8632 0.0459
vn -0.5673 -0.6646 0.4863
vn -0.2314 0.3457 -0.9093
vn -0.1632 -0.6645 -0.7293
vn -0.2481 0.2920 -0.9237
vn -0.1798 0.1517 -0.9719
vn -0.4998 -0.7456 -0.4408
vn -0.1835 0.3946 -0.9003
vn -0.0076 -0.3434 -0.9392
vn -0.3545 0.6294 -0.6915
vn -0.2591 0.0221 -0.9656
vn -0.5012 -0.6460 0.5758
vn -0.1762 0.1727 -0.9691
vn -0.1222 -0.6700 -0.7322
vn -0.6585 0.5830 0.4760
vn -0.1270 -0.8541 0.5043
vn -0.0335 -0.3047 -0.9519
vn -0.2702 -0.9427 0.1958
vn -0.0455 -0.0193 -0.9988
vn -0.2477 0.4579 -0.8538
vn -0.3058 0.7257 -0.6163
vn -0.1209 -0.7778 0.6167
vn 0.0502 -0.5578 -0.8285
vn -0.2762 0.7909 -0.5461
vn 0.0300 -0.6783 -0.7342
vn 0.0545 -0.8378 -0.5432
vn -0.0873 0.2744 -0.9577
vn -0.0975 0.0922 -0.9910
vn 0.0195 -0.2247 -0.9742
vn 0.0161 -0.3870 -0.9220
vn 0.0736 -0.8040 -0.5901
vn 0.1157 -0.9784 0.1716
vn 0.0727 -0.9109 0.4062
vn -0.1148 0.6253 -0.7719
vn -0.1488 0.4336 -0.8887
vn 0.1286 -0.5781 -0.8058
vn 0.1745 -0.8680 -0.4649
vn 0.3666 -0.6815 0.6334
vn -0.1368 0.7783 -0.6128
vn -0.0308 0.1702 -0.9849
vn -0.0380 -0.0677 -0.9970
vn 0.0569 -0.2979 -0.9529
vn 0.0931 -0.5500 -0.8300
vn -0.0135 0.7575 -0.6527
vn 0.3404 -0.8362 0.4300
vn 0.0030 0.5064 -0.8623
vn -0.0371 0.1807 -0.9828
vn -0.0275 -0.0613 -0.9977
vn 0.0023 -0.2536 -0.9673
vn 0.1904 -0.4426 -0.8763
vn 0.0250 0.8011 -0.5980
vn 0.2889 -0.7018 -0.6512
vn 0.4655 -0.8829 0.0614
vn -0.0195 0.4593 -0.8881
vn 0.0204 -0.1619 -0.9866
vn 0.0935 -0.3711 -0.9239
vn 0.0923 0.4044 -0.9099
vn -0.0278 0.1952 -0.9804
vn -0.0681 0.0037 -0.9977
vn 0.1441 -0.2968 -0.9440
vn 0.1646 0.6950 -0.6999
vn 0.5082 -0.8494 0.1424
vn 0.1919 0.7185 -0.6685
vn 0.3559 -0.6287 -0.6914
vn 0.3423 -0.5564 -0.7571
vn 0.5207 -0.8489 0.0913
vn 0.0427 0.3580 -0.9327
vn -0.0166 -0.1496 -0.9886
vn -0.0275 0.1936 -0.9807
vn 0.4218 -0.4579 -0.7826
vn 0.6469 -0.7423 0.1750
vn -0.1080 -0.0417 -0.9933
vn 0.0241 -0.2412 -0.9702
vn 0.1165 -0.1496 -0.9819
vn -0.1023 -0.0217 -0.9945
vn 0.1216 -0.1695 -0.9780
vn 0.3822 -0.4447 -0.8100
vn -0.0033 0.2039 -0.9790
vn 0.1212 0.2907 -0.9491
vn 0.0860 -0.1400 -0.9864
vn 0.4287 -0.3236 -0.8435
vn 0.1300 0.2972 -0.9459
vn 0.0159 0.1051 -0.9943
vn -0.1091 -0.0100 -0.9940
vn -0.1170 -0.0443 -0.9921
vn 0.2328 -0.1627 -0.9588
vn 0.4421 -0.3282 -0.8348
vn 0.0183 -0.0535 -0.9984
vn -0.1028 -0.0052 -0.9947
vn 0.0431 0.1235 -0.9914
vn 0.3203 0.5076 -0.7999
vn -0.1444 -0.0202 -0.9893
vn -0.0368 0.0270 -0.9990
vn -0.0403 -0.0006 -0.9992
vn -0.1346 -0.1060 -0.9852
vn -0.1272 -0.0330 -0.9913
vn 0.4526 -0.3081 -0.8368
vn 0.8113 -0.5403 -0.2233
vn 0.4992 -0.4762 0.7239
vn -0.1726 -0.0448 -0.9840
vn -0.0685 0.0387 -0.9969
vn 0.0565 -0.0590 -0.9967
vn 0.0605 -0.0408 -0.9973
vn 0.0814 -0.0687 -0.9943
vn 0.4361 -0.3036 -0.8471
vn 0.2771 0.3459 -0.8964
vn 0.4347 -0.3062 -0.8469
vn -0.1562 -0.0185 -0.9876
vn -0.0979 0.0381 -0.9945
vn 0.0742 -0.0736 -0.9945
vn 0.0436 0.1212 -0.9917
vn -0.0028 0.0227 -0.9997
vn -0.1322 -0.1060 -0.9855
vn -0.0693 0.0309 -0.9971
vn -0.0697 0.0178 -0.9974
vn -0.0971 0.0435 -0.9943
vn 0.3366 -0.2951 -0.8942
vn -0.1273 -0.0174 0.9917
vn 0.2943 0.3429 -0.8921
vn -0.1861 -0.1295 -0.9740
vn -0.1632 -0.0556 -0.9850
vn -0.0046 -0.0504 -0.9987
vn 0.2779 -0.4381 -0.8549
vn 0.6128 -0.7897 0.0276
vn -0.1209 0.0618 -0.9907
vn 0.1216 -0.4156 -0.9014
vn 0.2247 -0.9566 -0.1856
vn 0.1085 0.1393 -0.9843
vn -0.0082 0.0039 -1.0000
vn -0.0031 0.0198 -0.9998
vn 0.3083 0.3533 -0.8832
vn -0.1367 -0.0426 -0.9897
vn -0.0670 0.0646 -0.9957
vn -0.0704 0.0253 -0.9972
vn 0.0036 -0.3119 -0.9501
vn 0.0859 -0.9938 0.0699
vn 0.1025 0.1213 -0.9873
vn -0.1378 -0.1416 -0.9803
vn -0.1398 -0.1353 -0.9809
vn 0.2879 0.2932 -0.9117
vn -0.0875 -0.0934 -0.9918
vn -0.0809 -0.0700 -0.9943
vn -0.1357 0.0618 -0.9888
vn -0.2356 -0.9541 -0.1849
vn -0.0304 0.0264 -0.9992
vn -0.1049 -0.3567 -0.9283
vn -0.5672 -0.5700 0.5945
vn -0.1991 -0.0347 -0.9794
vn -0.8683 0.1828 0.4611
vn -0.3447 0.0647 -0.9365
vn 0.2951 0.2956 -0.9086
vn -0.1109 0.0397 -0.9930
vn -0.1287 0.0486 -0.9905
vn -0.2280 -0.6082 -0.7604
vn -0.9392 0.2771 0.2026
vn 0.1067 0.1335 -0.9853
vn 0.0577 0.0424 -0.9974
vn 0.0382 0.1210 -0.9919
vn -0.0239 -0.0014 -0.9997
vn -0.1373 -0.1423 -0.9803
vn -0.0999 0.0544 -0.9935
vn -0.0727 0.0244 -0.9971
vn -0.1458 -0.1317 -0.9805
vn -0.8094 0.2684 0.5223
vn 0.2695 0.2616 -0.9268
vn -0.1256 -0.0921 -0.9878
vn -0.1358 -0.1167 -0.9838
vn -0.0409 -0.0597 -0.9974
vn -0.0359 -0.1295 -0.9909
vn -0.8190 0.2639 -0.5095
vn -0.8644 0.3506 0.3603
vn -0.7769 -0.5739 0.2590
vn -0.8435 -0.4952 -0.2079
vn 0.2567 0.3691 -0.8932
vn -0.8426 0.1552 0.5157
vn -0.1327 -0.0849 -0.9875
vn -0.0159 0.0425 -0.9990
vn -0.0403 -0.0439 -0.9982
vn -0.0371 -0.0619 -0.9974
vn 0.1066 0.2971 -0.9489
vn -0.0035 0.1064 -0.9943
vn -0.0143 0.0870 -0.9961
vn -0.5543 -0.6607 0.5061
vn -0.0038 0.1279 -0.9918
vn -0.1153 0.0098 -0.9933
vn -0.0661 -0.0750 -0.9950
vn -0.0478 -0.0387 -0.9981
vn -0.1185 0.1210 -0.9856
vn -0.2821 -0.1477 -0.9479
vn -0.1542 0.3755 -0.9139
vn -0.1399 0.1025 -0.9848
vn -0.0628 -0.0127 -0.9979
vn -0.1151 0.0325 -0.9928
vn -0.5882 -0.8076 -0.0420
vn -0.9311 -0.2364 0.2778
vn -0.3123 0.1891 -0.9310
vn -0.4703 -0.1932 0.8611
vn -0.2485 -0.0383 0.9679
vt 0.722443 0.315807
vt 0.721681 0.311432
vt 0.726277 0.311043
vt 0.722742 0.307193
vt 0.266307 0.511162
vt 0.269228 0.503000
vt 0.271606 0.508534
vt 0.247388 0.507834
vt 0.246200 0.503271
vt 0.248375 0.498380
vt 0.259727 0.498841
vt 0.257911 0.511688
vt 0.778640 0.589975
vt 0.761058 0.591604
vt 0.775227 0.585853
vt 0.758627 0.596490
vt 0.787448 0.591446
vt 0.784788 0.596859
vt 0.775294 0.598697
vt 0.759146 0.602430
vt 0.071582 0.765588
vt 0.074812 0.759719
vt 0.074812 0.770518
vt 0.819699 0.986501
vt 0.818802 0.980043
vt 0.808073 0.984617
vt 0.931647 0.060634
vt 0.934876 0.053456
vt 0.934876 0.071814
vt 0.799822 0.976300
vt 0.801246 0.984714
vt 0.792788 0.603730
vt 0.789038 0.602606
vt 0.783281 0.604845
vt 0.856728 0.864471
vt 0.858699 0.872463
vt 0.866668 0.868034
vt 0.778333 0.605310
vt 0.203005 0.835104
vt 0.210809 0.835830
vt 0.204460 0.840748
vt 0.181451 0.835402
vt 0.758342 0.609611
vt 0.177496 0.830104
vt 0.191831 0.828623
vt 0.207061 0.816955
vt 0.198894 0.818287
vt 0.814720 0.968197
vt 0.805313 0.972575
vt 0.090817 0.398282
vt 0.094434 0.394542
vt 0.088946 0.389309
vt 0.956006 0.985654
vt 0.949330 0.973879
vt 0.956618 0.978449
vt 0.788058 0.609611
vt 0.851991 0.873790
vt 0.854923 0.875906
vt 0.198601 0.174871
vt 0.191480 0.176566
vt 0.196654 0.171805
vt 0.167424 0.840295
vt 0.167486 0.835569
vt 0.052916 0.422641
vt 0.057952 0.434890
vt 0.066230 0.419324
vt 0.068705 0.405749
vt 0.074942 0.410210
vt 0.079591 0.403680
vt 0.074252 0.399814
vt 0.798170 0.973779
vt 0.854787 0.885109
vt 0.867061 0.876789
vt 0.151238 0.842873
vt 0.039812 0.448337
vt 0.046959 0.442502
vt 0.047104 0.431916
vt 0.803679 0.964468
vt 0.800051 0.965434
vt 0.808487 0.965738
vt 0.085935 0.409624
vt 0.090308 0.403206
vt 0.095264 0.407497
vt 0.922634 0.963298
vt 0.942077 0.962128
vt 0.934128 0.976200
vt 0.930079 0.957343
vt 0.862821 0.885774
vt 0.866668 0.889330
vt 0.042378 0.460035
vt 0.065863 0.439311
vt 0.079492 0.422538
vt 0.076581 0.432449
vt 0.339143 0.939224
vt 0.336222 0.933720
vt 0.347455 0.932953
vt 0.911490 0.955953
vt 0.909767 0.946250
vt 0.855807 0.891519
vt 0.858385 0.894599
vt 0.035827 0.466247
vt 0.051142 0.458597
vt 0.067177 0.449728
vt 0.310485 0.953780
vt 0.322362 0.944041
vt 0.320667 0.951742
vt 0.900851 0.950541
vt 0.859581 0.896868
vt 0.188547 0.153773
vt 0.178577 0.161088
vt 0.179511 0.154374
vt 0.059307 0.458883
vt 0.293622 0.957325
vt 0.307582 0.948899
vt 0.071973 0.448777
vt 0.036461 0.478874
vt 0.302268 0.934346
vt 0.318429 0.934053
vt 0.069612 0.460183
vt 0.892518 0.940449
vt 0.038490 0.483008
vt 0.048293 0.473557
vt 0.055887 0.474968
vt 0.290812 0.943340
vt 0.063274 0.470415
vt 0.281952 0.958999
vt 0.285465 0.952206
vt 0.882991 0.945699
vt 0.046067 0.490075
vt 0.289150 0.934044
vt 0.264067 0.961290
vt 0.271253 0.964898
vt 0.878788 0.936596
vt 0.031320 0.492824
vt 0.053699 0.490203
vt 0.035744 0.502935
vt 0.271681 0.937258
vt 0.249549 0.964903
vt 0.060118 0.491719
vt 0.260803 0.954587
vt 0.857493 0.938859
vt 0.857728 0.931067
vt 0.247126 0.961941
vt 0.028997 0.514248
vt 0.033124 0.521028
vt 0.043279 0.507469
vt 0.051138 0.504837
vt 0.254204 0.937587
vt 0.236059 0.955076
vt 0.039698 0.527746
vt 0.049273 0.520406
vt 0.087729 0.894708
vt 0.083423 0.848095
vt 0.083868 0.891772
vt 0.027698 0.530228
vt 0.833393 0.933303
vt 0.030404 0.543856
vt 0.237047 0.936661
vt 0.828468 0.924189
vt 0.087729 0.846112
vt 0.054419 0.538962
vt 0.203618 0.961876
vt 0.209478 0.955096
vt 0.046652 0.542888
vt 0.220685 0.935768
vt 0.835214 0.945892
vt 0.817328 0.942724
vt 0.831676 0.938798
vt 0.811596 0.928348
vt 0.033556 0.569756
vt 0.805521 0.932931
vt 0.023066 0.569014
vt 0.025871 0.546361
vt 0.205671 0.538346
vt 0.216715 0.545637
vt 0.201445 0.545422
vt 0.043797 0.573980
vt 0.051705 0.559290
vt 0.058153 0.537403
vt 0.801359 0.911064
vt 0.125944 0.496643
vt 0.124945 0.505940
vt 0.111410 0.505855
vt 0.193066 0.951961
vt 0.192144 0.942387
vt 0.022505 0.580872
vt 0.203958 0.931396
vt 0.055753 0.567644
vt 0.409435 0.687365
vt 0.402102 0.682177
vt 0.409580 0.681905
vt 0.402494 0.674794
vt 0.408057 0.672316
vt 0.785960 0.924474
vt 0.505022 0.954721
vt 0.497522 0.956490
vt 0.499368 0.980536
vt 0.504352 0.985785
vt 0.032562 0.586001
vt 0.186966 0.934926
vt 0.498360 0.984845
vt 0.176059 0.957086
vt 0.184495 0.949493
vt 0.173786 0.964898
vt 0.397165 0.687365
vt 0.494618 0.980529
vt 0.139891 0.498035
vt 0.185691 0.940016
vt 0.188155 0.944049
vt 0.048496 0.590636
vt 0.394691 0.680747
vt 0.394510 0.672246
vt 0.267632 0.515456
vt 0.772352 0.915879
vt 0.790524 0.907524
vt 0.771817 0.909078
vt 0.776351 0.903603
vt 0.069936 0.252255
vt 0.070338 0.259536
vt 0.046415 0.252222
vt 0.044890 0.256802
vt 0.303014 0.369870
vt 0.297632 0.369870
vt 0.300966 0.364471
vt 0.184243 0.924946
vt 0.054597 0.590249
vt 0.072659 0.274388
vt 0.068803 0.274838
vt 0.066107 0.267059
vt 0.071490 0.267761
vt 0.063688 0.273653
vt 0.058184 0.264218
vt 0.030002 0.604476
vt 0.041442 0.259122
vt 0.143561 0.486039
vt 0.043866 0.603399
vt 0.025635 0.295494
vt 0.023143 0.299312
vt 0.030358 0.296722
vt 0.027535 0.307358
vt 0.031498 0.307941
vt 0.044672 0.315875
vt 0.044553 0.251080
vt 0.179658 0.939329
vt 0.178634 0.945087
vt 0.063707 0.589486
vt 0.151238 0.959806
vt 0.053779 0.271692
vt 0.020246 0.596062
vt 0.044451 0.268196
vt 0.042886 0.274388
vt 0.158501 0.943960
vt 0.754184 0.917926
vt 0.757257 0.896453
vt 0.157226 0.490035
vt 0.056959 0.606602
vt 0.753065 0.904966
vt 0.016332 0.617114
vt 0.133295 0.470896
vt 0.147907 0.456512
vt 0.167774 0.476609
vt 0.068718 0.610202
vt 0.026470 0.623173
vt 0.762921 0.928669
vt 0.736642 0.920883
vt 0.735119 0.888958
vt 0.042033 0.620379
vt 0.140860 0.440734
vt 0.157760 0.437010
vt 0.057482 0.633519
vt 0.154549 0.424152
vt 0.737262 0.905300
vt 0.019867 0.639418
vt 0.028506 0.650025
vt 0.168131 0.444078
vt 0.069518 0.627972
vt 0.719301 0.894368
vt 0.008214 0.640407
vt 0.014544 0.658377
vt 0.174499 0.485281
vt 0.176754 0.468311
vt 0.043172 0.647108
vt 0.164901 0.427390
vt 0.718196 0.905086
vt 0.718583 0.882987
vt 0.003497 0.658141
vt 0.060079 0.644017
vt 0.191938 0.478669
vt 0.079970 0.624413
vt 0.168988 0.413356
vt 0.720011 0.928591
vt 0.727244 0.938177
vt 0.699955 0.887155
vt 0.002691 0.673847
vt 0.027553 0.665265
vt 0.178426 0.419500
vt 0.731154 0.949912
vt 0.740234 0.946647
vt 0.733048 0.956806
vt 0.743734 0.954907
vt 0.725511 0.943263
vt 0.735483 0.940244
vt 0.701103 0.897897
vt 0.704646 0.876855
vt 0.013452 0.679389
vt 0.190086 0.454627
vt 0.039162 0.669130
vt 0.176639 0.429215
vt 0.079489 0.643826
vt 0.085119 0.637136
vt 0.724716 0.949411
vt 0.714692 0.934634
vt 0.199227 0.471338
vt 0.023195 0.688047
vt 0.060013 0.655070
vt 0.180180 0.404500
vt 0.183839 0.412506
vt 0.175038 0.401188
vt 0.713523 0.943373
vt 0.685522 0.893042
vt 0.683960 0.874190
vt 0.959634 0.021348
vt 0.938243 0.023096
vt 0.955949 0.009603
vt 0.192246 0.422755
vt 0.075586 0.662112
vt 0.077207 0.749258
vt 0.089545 0.750431
vt 0.080982 0.754313
vt 0.699928 0.916553
vt 0.874579 0.408469
vt 0.891742 0.417930
vt 0.871017 0.418220
vt 0.937372 0.008890
vt 0.012805 0.697988
vt 0.199971 0.436032
vt 0.048776 0.679221
vt 0.067133 0.668172
vt 0.087682 0.725499
vt 0.088287 0.739940
vt 0.076964 0.740481
vt 0.230893 0.179806
vt 0.212594 0.179806
vt 0.216501 0.172038
vt 0.704178 0.907870
vt 0.673978 0.884587
vt 0.213718 0.478497
vt 0.192797 0.484529
vt 0.030098 0.706692
vt 0.193097 0.406070
vt 0.195186 0.414311
vt 0.093826 0.757559
vt 0.921061 0.012075
vt 0.020964 0.714263
vt 0.202124 0.421212
vt 0.212551 0.435071
vt 0.096191 0.694765
vt 0.087352 0.715292
vt 0.082736 0.694384
vt 0.098689 0.736067
vt 0.098829 0.742772
vt 0.679561 0.902336
vt 0.664498 0.892344
vt 0.010070 0.714441
vt 0.216999 0.464213
vt 0.090981 0.662040
vt 0.097862 0.667655
vt 0.204005 0.401395
vt 0.210409 0.415178
vt 0.104489 0.751943
vt 0.708497 0.961257
vt 0.698552 0.954777
vt 0.701488 0.941653
vt 0.695464 0.947009
vt 0.704871 0.936379
vt 0.929541 0.035259
vt 0.913907 0.023394
vt 0.219247 0.425960
vt 0.102698 0.715608
vt 0.015783 0.731054
vt 0.106768 0.737213
vt 0.108307 0.746151
vt 0.651332 0.885682
vt 0.906954 0.036777
vt 0.233528 0.476170
vt 0.228754 0.453190
vt 0.120831 0.677926
vt 0.853433 0.798176
vt 0.848091 0.805075
vt 0.843512 0.788065
vt 0.216650 0.409473
vt 0.904232 0.007653
vt 0.242661 0.465326
vt 0.827964 0.774562
vt 0.833193 0.760521
vt 0.849728 0.778438
vt 0.111980 0.724156
vt 0.117790 0.736723
vt 0.847501 0.814662
vt 0.830388 0.793307
vt 0.122305 0.724267
vt 0.897048 0.043737
vt 0.886364 0.036800
vt 0.879165 0.022729
vt 0.256424 0.480055
vt 0.250057 0.483673
vt 0.032448 0.752918
vt 0.248762 0.452820
vt 0.814056 0.760553
vt 0.123590 0.694035
vt 0.831759 0.807791
vt 0.133080 0.738269
vt 0.848055 0.822674
vt 0.832877 0.820016
vt 0.977469 0.015659
vt 0.969665 0.022223
vt 0.977933 0.040565
vt 0.886396 0.011392
vt 0.026631 0.755516
vt 0.128052 0.634954
vt 0.127119 0.647526
vt 0.133239 0.724255
vt 0.807823 0.772145
vt 0.134806 0.702882
vt 0.866412 0.007972
vt 0.138450 0.659398
vt 0.878748 0.000540
vt 0.273263 0.469744
vt 0.269423 0.475958
vt 0.808620 0.810716
vt 0.145747 0.682787
vt 0.158925 0.730909
vt 0.798353 0.792562
vt 0.147456 0.710198
vt 0.807060 0.827764
vt 0.148978 0.637639
vt 0.160025 0.692667
vt 0.850915 0.037152
vt 0.293976 0.464207
vt 0.780858 0.758759
vt 0.869880 0.043575
vt 0.282648 0.487162
vt 0.771111 0.744468
vt 0.177918 0.656687
vt 0.849440 0.021868
vt 0.302263 0.478203
vt 0.783934 0.779461
vt 0.785679 0.809309
vt 0.168429 0.715684
vt 0.602188 0.917753
vt 0.582116 0.911802
vt 0.630222 0.902967
vt 0.838229 0.009417
vt 0.046099 0.802463
vt 0.783834 0.830626
vt 0.185110 0.695716
vt 0.182049 0.728816
vt 0.307570 0.490288
vt 0.829585 0.002711
vt 0.036869 0.806574
vt 0.173612 0.617336
vt 0.826459 0.025476
vt 0.180436 0.628106
vt 0.765112 0.805308
vt 0.828416 0.043211
vt 0.830129 0.039661
vt 0.759408 0.764566
vt 0.755968 0.799013
vt 0.201129 0.708447
vt 0.739096 0.745070
vt 0.204625 0.672521
vt 0.804995 0.009337
vt 0.328738 0.471141
vt 0.318406 0.481735
vt 0.746383 0.814952
vt 0.773361 0.342854
vt 0.780932 0.338252
vt 0.778670 0.351665
vt 0.736922 0.734900
vt 0.745989 0.781444
vt 0.806482 0.038462
vt 0.807982 0.000798
vt 0.046107 0.827641
vt 0.343639 0.481112
vt 0.728572 0.750278
vt 0.213399 0.629781
vt 0.745845 0.806795
vt 0.214571 0.701293
vt 0.215554 0.725743
vt 0.794584 0.025342
vt 0.060378 0.844459
vt 0.731872 0.771966
vt 0.251273 0.118069
vt 0.247256 0.105944
vt 0.255651 0.098309
vt 0.522696 0.927389
vt 0.568648 0.903649
vt 0.745308 0.792094
vt 0.233497 0.637947
vt 0.221625 0.678090
vt 0.221396 0.713711
vt 0.325587 0.490739
vt 0.356849 0.487073
vt 0.348546 0.495203
vt 0.732100 0.808447
vt 0.750401 0.834982
vt 0.734493 0.824059
vt 0.239391 0.086756
vt 0.772309 0.035535
vt 0.351368 0.467853
vt 0.227761 0.612248
vt 0.714204 0.737939
vt 0.718613 0.771879
vt 0.231094 0.085760
vt 0.753476 0.349307
vt 0.746657 0.337781
vt 0.762869 0.336163
vt 0.213538 0.605682
vt 0.242979 0.072102
vt 0.229979 0.701696
vt 0.745045 0.847340
vt 0.776538 0.009543
vt 0.757874 0.001114
vt 0.372952 0.479469
vt 0.708746 0.768952
vt 0.226492 0.108879
vt 0.225411 0.085321
vt 0.234080 0.724409
vt 0.731749 0.837306
vt 0.780173 0.043737
vt 0.687251 0.747010
vt 0.216648 0.121129
vt 0.215799 0.096568
vt 0.233416 0.072046
vt 0.241285 0.719508
vt 0.240871 0.732424
vt 0.205113 0.127952
vt 0.205542 0.117419
vt 0.755125 0.023234
vt 0.217363 0.088641
vt 0.915347 0.310172
vt 0.917971 0.321274
vt 0.919806 0.308204
vt 0.064219 0.877985
vt 0.686574 0.732821
vt 0.692122 0.727309
vt 0.670614 0.742159
vt 0.238894 0.062739
vt 0.230977 0.064150
vt 0.244234 0.702505
vt 0.220273 0.073830
vt 0.197540 0.127414
vt 0.193179 0.121476
vt 0.918819 0.296712
vt 0.915389 0.301362
vt 0.894147 0.923568
vt 0.900466 0.925388
vt 0.896246 0.931426
vt 0.903907 0.927997
vt 0.384934 0.486996
vt 0.260281 0.616430
vt 0.702648 0.772586
vt 0.688029 0.772989
vt 0.251852 0.647787
vt 0.250821 0.714803
vt 0.217584 0.058803
vt 0.788769 0.430578
vt 0.782102 0.438302
vt 0.783996 0.440228
vt 0.197555 0.085614
vt 0.184064 0.127970
vt 0.790079 0.443954
vt 0.184973 0.116805
vt 0.175964 0.127739
vt 0.916475 0.289672
vt 0.889669 0.913338
vt 0.893130 0.913954
vt 0.746697 0.160649
vt 0.733536 0.160751
vt 0.754843 0.133572
vt 0.265679 0.670023
vt 0.202868 0.065831
vt 0.160417 0.121492
vt 0.889850 0.900969
vt 0.899248 0.909697
vt 0.908440 0.922682
vt 0.912172 0.924439
vt 0.691534 0.778194
vt 0.255963 0.719052
vt 0.194332 0.069753
vt 0.183806 0.087889
vt 0.791777 0.461677
vt 0.793139 0.451470
vt 0.881834 0.894802
vt 0.915331 0.269240
vt 0.919656 0.275274
vt 0.921303 0.928701
vt 0.918002 0.923543
vt 0.928895 0.926667
vt 0.722450 0.093263
vt 0.720598 0.086936
vt 0.726145 0.081814
vt 0.744739 0.038878
vt 0.746087 0.006778
vt 0.263248 0.696814
vt 0.903660 0.784457
vt 0.936242 0.784557
vt 0.924059 0.782853
vt 0.932587 0.782348
vt 0.917560 0.259142
vt 0.914721 0.904109
vt 0.923771 0.912100
vt 0.338536 0.020461
vt 0.329824 0.027232
vt 0.324521 0.019958
vt 0.082164 0.899684
vt 0.267563 0.593325
vt 0.689320 0.782257
vt 0.722091 0.859116
vt 0.703201 0.865081
vt 0.703080 0.833021
vt 0.158635 0.104153
vt 0.795246 0.475329
vt 0.152038 0.127952
vt 0.794433 0.171166
vt 0.779061 0.165955
vt 0.803959 0.165799
vt 0.937347 0.924571
vt 0.723517 0.011930
vt 0.632016 0.731507
vt 0.679600 0.720994
vt 0.268156 0.603628
vt 0.684806 0.788671
vt 0.697234 0.821878
vt 0.686110 0.811641
vt 0.689209 0.811598
vt 0.189441 0.052045
vt 0.789677 0.474694
vt 0.137046 0.125669
vt 0.787027 0.151450
vt 0.893420 0.878968
vt 0.973454 0.921219
vt 0.981105 0.919904
vt 0.979722 0.931426
vt 0.066146 0.738368
vt 0.061895 0.736260
vt 0.068353 0.747840
vt 0.647920 0.753765
vt 0.680805 0.795662
vt 0.683196 0.796448
vt 0.278948 0.635108
vt 0.681612 0.837260
vt 0.683030 0.818081
vt 0.682146 0.864412
vt 0.128402 0.119666
vt 0.916626 0.249989
vt 0.919806 0.242441
vt 0.811298 0.171029
vt 0.874550 0.876990
vt 0.882997 0.883861
vt 0.938649 0.897584
vt 0.737872 0.082475
vt 0.737382 0.074073
vt 0.750164 0.071234
vt 0.947149 0.922254
vt 0.952200 0.907925
vt 0.966918 0.919750
vt 0.318336 0.027310
vt 0.309758 0.015865
vt 0.834442 0.708963
vt 0.818622 0.708655
vt 0.833172 0.703096
vt 0.284342 0.697880
vt 0.216001 0.050688
vt 0.177659 0.037474
vt 0.200299 0.040881
vt 0.792647 0.489739
vt 0.139414 0.104413
vt 0.797094 0.494068
vt 0.826157 0.421706
vt 0.824727 0.440880
vt 0.821851 0.436766
vt 0.877327 0.868763
vt 0.909240 0.881386
vt 0.970519 0.908300
vt 0.986423 0.901981
vt 0.711523 0.005772
vt 0.643042 0.779158
vt 0.170145 0.057272
vt 0.156520 0.064702
vt 0.146958 0.087101
vt 0.828002 0.165723
vt 0.871640 0.860533
vt 0.787136 0.972462
vt 0.777743 0.975702
vt 0.794941 0.975702
vt 0.299763 0.025453
vt 0.301858 0.020809
vt 0.680479 0.039626
vt 0.433881 0.481619
vt 0.455919 0.487800
vt 0.632810 0.740068
vt 0.659765 0.812286
vt 0.293058 0.676344
vt 0.822670 0.454186
vt 0.119985 0.125117
vt 0.110919 0.119237
vt 0.762648 0.973516
vt 0.835190 0.171166
vt 0.882788 0.861887
vt 0.901237 0.856692
vt 0.931585 0.882353
vt 0.300157 0.013499
vt 0.715665 0.023758
vt 0.309758 0.606770
vt 0.875232 0.846966
vt 0.981156 0.883827
vt 0.291976 0.014206
vt 0.305940 0.589337
vt 0.308084 0.628548
vt 0.655573 0.841946
vt 0.162759 0.020417
vt 0.791893 0.502818
vt 0.790452 0.520057
vt 0.122020 0.092746
vt 0.104984 0.121862
vt 0.868138 0.846016
vt 0.915929 0.857863
vt 0.927858 0.856695
vt 0.963561 0.872515
vt 0.701792 0.033820
vt 0.076843 0.926185
vt 0.090802 0.948424
vt 0.621807 0.751347
vt 0.324145 0.648336
vt 0.200266 0.033522
vt 0.180844 0.022096
vt 0.193229 0.023772
vt 0.131643 0.061476
vt 0.787191 0.499517
vt 0.795860 0.528546
vt 0.826157 0.476130
vt 0.100462 0.112458
vt 0.822322 0.469861
vt 0.872234 0.839854
vt 0.949853 0.868637
vt 0.285126 0.019494
vt 0.087612 0.115153
vt 0.885026 0.829026
vt 0.278430 0.014361
vt 0.628276 0.759245
vt 0.629910 0.804200
vt 0.314020 0.686768
vt 0.652757 0.876119
vt 0.149036 0.038276
vt 0.791276 0.533216
vt 0.822138 0.488661
vt 0.850945 0.165467
vt 0.852531 0.168579
vt 0.868359 0.828644
vt 0.999417 0.876152
vt 0.271480 0.019912
vt 0.333064 0.671310
vt 0.095763 0.093339
vt 0.874495 0.825035
vt 0.608467 0.737182
vt 0.154475 0.025752
vt 0.797094 0.541761
vt 0.862756 0.160383
vt 0.863429 0.163096
vt 0.870493 0.817028
vt 0.971224 0.846250
vt 0.999462 0.863210
vt 0.669119 0.022224
vt 0.458049 0.478399
vt 0.309710 0.574359
vt 0.600395 0.746453
vt 0.617337 0.877915
vt 0.733115 0.477571
vt 0.720208 0.509235
vt 0.736653 0.525307
vt 0.118044 0.053406
vt 0.789826 0.549545
vt 0.081665 0.110708
vt 0.833495 0.141466
vt 0.828215 0.123925
vt 0.844352 0.125112
vt 0.904523 0.821585
vt 0.938519 0.826850
vt 0.995766 0.851527
vt 0.263467 0.017961
vt 0.266562 0.015060
vt 0.349551 0.685612
vt 0.626449 0.864545
vt 0.619020 0.832914
vt 0.091069 0.080183
vt 0.777543 0.545146
vt 0.237352 0.432503
vt 0.247281 0.427106
vt 0.244865 0.433585
vt 0.879513 0.808952
vt 0.925395 0.823809
vt 0.956949 0.833092
vt 0.259068 0.022624
vt 0.643982 0.028129
vt 0.665970 0.013285
vt 0.602939 0.773286
vt 0.340784 0.660564
vt 0.119928 0.028984
vt 0.780550 0.551532
vt 0.071808 0.093456
vt 0.258399 0.430785
vt 0.874034 0.149235
vt 0.887542 0.804220
vt 0.253924 0.018572
vt 0.612278 0.804685
vt 0.126769 0.014087
vt 0.151450 0.008456
vt 0.879142 0.801921
vt 0.248037 0.027538
vt 0.468310 0.488713
vt 0.095264 0.974622
vt 0.087645 0.060004
vt 0.262197 0.427800
vt 0.070479 0.103575
vt 0.060724 0.087619
vt 0.900708 0.797416
vt 0.987919 0.839145
vt 0.241658 0.027232
vt 0.588286 0.741036
vt 0.597066 0.728186
vt 0.128856 0.010151
vt 0.065875 0.073253
vt 0.996359 0.845063
vt 0.648266 0.033927
vt 0.663073 0.005383
vt 0.590635 0.765390
vt 0.363998 0.602007
vt 0.366375 0.619505
vt 0.707656 0.531340
vt 0.107404 0.024574
vt 0.770661 0.557763
vt 0.771738 0.567402
vt 0.781613 0.561749
vt 0.770386 0.572936
vt 0.277180 0.433585
vt 0.892270 0.796375
vt 0.918964 0.793128
vt 0.974311 0.822483
vt 0.989713 0.834894
vt 0.040366 0.029698
vt 0.031698 0.034293
vt 0.038512 0.047726
vt 0.476083 0.490090
vt 0.482777 0.492726
vt 0.472959 0.498958
vt 0.589298 0.726756
vt 0.332400 0.564308
vt 0.346975 0.567191
vt 0.343560 0.579545
vt 0.360174 0.590538
vt 0.086867 0.046494
vt 0.934918 0.797146
vt 0.958830 0.811337
vt 0.601340 0.417835
vt 0.610410 0.416368
vt 0.596880 0.427052
vt 0.035177 0.057232
vt 0.022484 0.041618
vt 0.022528 0.059125
vt 0.937029 0.073974
vt 0.940215 0.065335
vt 0.944309 0.073403
vt 0.582854 0.734206
vt 0.597482 0.833995
vt 0.761442 0.571832
vt 0.968038 0.813517
vt 0.030417 0.064107
vt 0.627422 0.011579
vt 0.562224 0.757043
vt 0.575518 0.777187
vt 0.373602 0.649757
vt 0.109590 0.017685
vt 0.065916 0.060405
vt 0.058665 0.071051
vt 0.906288 0.790151
vt 0.976118 0.818238
vt 0.565946 0.733666
vt 0.575518 0.731917
vt 0.583163 0.719272
vt 0.960187 0.068338
vt 0.961787 0.073974
vt 0.582402 0.853217
vt 0.098135 0.024249
vt 0.081099 0.039862
vt 0.751846 0.574106
vt 0.753745 0.577214
vt 0.935547 0.793275
vt 0.946562 0.799607
vt 0.008073 0.220842
vt 0.003099 0.237955
vt 0.007481 0.246627
vt 0.039089 0.072388
vt 0.629505 0.020770
vt 0.578042 0.718931
vt 0.558132 0.765644
vt 0.717757 0.552576
vt 0.731969 0.568030
vt 0.735412 0.564062
vt 0.059520 0.061660
vt 0.567420 0.725028
vt 0.570609 0.718251
vt 0.022355 0.082614
vt 0.579532 0.702524
vt 0.588967 0.716700
vt 0.581546 0.695625
vt 0.557878 0.749496
vt 0.577023 0.831860
vt 0.743855 0.576023
vt 0.744777 0.571710
vt 0.076009 0.041880
vt 0.030928 0.084663
vt 0.655987 0.111819
vt 0.669154 0.115753
vt 0.660150 0.117926
vt 0.575387 0.707600
vt 0.387982 0.630832
vt 0.665860 0.100972
vt 0.677724 0.101037
vt 0.607594 0.017681
vt 0.570241 0.693542
vt 0.571186 0.688445
vt 0.381236 0.569117
vt 0.554046 0.798295
vt 0.395071 0.666365
vt 0.572264 0.897948
vt 0.570890 0.877237
vt 0.605355 0.034457
vt 0.685248 0.102091
vt 0.678760 0.116638
vt 0.670822 0.122570
vt 0.683082 0.119583
vt 0.689905 0.117559
vt 0.600699 0.027218
vt 0.038536 0.087248
vt 0.028873 0.097397
vt 0.040366 0.102052
vt 0.695916 0.102552
vt 0.541656 0.755149
vt 0.540604 0.744593
vt 0.536809 0.781775
vt 0.538337 0.853325
vt 0.319147 0.979013
vt 0.310872 0.971028
vt 0.360284 0.954465
vt 0.901409 0.198567
vt 0.907727 0.210005
vt 0.899354 0.214363
vt 0.548730 0.711350
vt 0.541035 0.716861
vt 0.538137 0.709096
vt 0.700215 0.119203
vt 0.685679 0.122570
vt 0.494618 0.048056
vt 0.478471 0.048056
vt 0.492936 0.042654
vt 0.482031 0.040497
vt 0.365849 0.550784
vt 0.402940 0.550748
vt 0.537417 0.825559
vt 0.422184 0.650139
vt 0.908922 0.197870
vt 0.532837 0.715824
vt 0.525049 0.751078
vt 0.414500 0.614846
vt 0.918373 0.208864
vt 0.917439 0.197215
vt 0.534234 0.724235
vt 0.530000 0.715340
vt 0.527952 0.712906
vt 0.414908 0.594190
vt 0.921690 0.204703
vt 0.350105 0.925602
vt 0.344600 0.923651
vt 0.350428 0.921147
vt 0.934215 0.210711
vt 0.525836 0.735738
vt 0.934396 0.214363
vt 0.525650 0.760424
vt 0.929608 0.196186
vt 0.934570 0.203004
vt 0.938768 0.206037
vt 0.518140 0.737048
vt 0.517436 0.742436
vt 0.520621 0.726089
vt 0.428404 0.558042
vt 0.187608 0.311615
vt 0.179339 0.321376
vt 0.187503 0.327174
vt 0.426377 0.541537
vt 0.520412 0.790258
vt 0.519593 0.888191
vt 0.524480 0.872005
vt 0.339437 0.910525
vt 0.341042 0.918332
vt 0.332162 0.917329
vt 0.184729 0.298568
vt 0.180414 0.298814
vt 0.512119 0.735805
vt 0.550501 0.014867
vt 0.444099 0.622722
vt 0.438252 0.638311
vt 0.542049 0.029114
vt 0.495696 0.748471
vt 0.453465 0.571207
vt 0.495279 0.759613
vt 0.447724 0.676750
vt 0.496476 0.741825
vt 0.549126 0.039284
vt 0.566141 0.008633
vt 0.498067 0.798365
vt 0.486060 0.832859
vt 0.533631 0.019740
vt 0.483744 0.775979
vt 0.455959 0.587941
vt 0.467495 0.605506
vt 0.541981 0.486501
vt 0.490256 0.486501
vt 0.507000 0.453139
vt 0.500989 0.854021
vt 0.538297 0.023581
vt 0.496408 0.877324
vt 0.466180 0.658689
vt 0.470952 0.760714
vt 0.470877 0.687815
vt 0.458155 0.759625
vt 0.483854 0.449784
vt 0.460182 0.545039
vt 0.474586 0.798200
vt 0.477835 0.618987
vt 0.127452 0.761729
vt 0.101722 0.785637
vt 0.109421 0.758639
vt 0.471519 0.881375
vt 0.484545 0.643947
vt 0.518594 0.015378
vt 0.514290 0.009339
vt 0.477221 0.532601
vt 0.135091 0.785637
vt 0.460390 0.854456
vt 0.449177 0.776120
vt 0.495851 0.683958
vt 0.511156 0.034088
vt 0.480385 0.558823
vt 0.452946 0.812832
vt 0.483067 0.542451
vt 0.434931 0.764321
vt 0.449874 0.754031
vt 0.483252 0.589172
vt 0.514424 0.637239
vt 0.503648 0.025588
vt 0.428993 0.751823
vt 0.512091 0.660841
vt 0.430015 0.785111
vt 0.511714 0.564340
vt 0.477985 0.021630
vt 0.439885 0.748105
vt 0.436122 0.744543
vt 0.420590 0.755547
vt 0.506743 0.546093
vt 0.428175 0.816234
vt 0.438361 0.848223
vt 0.438814 0.866846
vt 0.521103 0.112451
vt 0.490209 0.103588
vt 0.519282 0.102725
vt 0.423067 0.740949
vt 0.511785 0.601622
vt 0.417185 0.745649
vt 0.506626 0.533349
vt 0.415481 0.771679
vt 0.471642 0.016458
vt 0.407771 0.732119
vt 0.559222 0.629754
vt 0.535313 0.668490
vt 0.528493 0.698506
vt 0.467707 0.026929
vt 0.704394 0.987545
vt 0.722104 0.986770
vt 0.732535 0.992559
vt 0.703339 0.992690
vt 0.410745 0.742372
vt 0.519141 0.523094
vt 0.408038 0.758392
vt 0.408632 0.798829
vt 0.394351 0.731346
vt 0.397353 0.788459
vt 0.398913 0.757418
vt 0.528520 0.546150
vt 0.556076 0.678160
vt 0.479440 0.090511
vt 0.486396 0.088472
vt 0.490820 0.089715
vt 0.744082 0.986889
vt 0.388753 0.720877
vt 0.394249 0.781118
vt 0.401559 0.846444
vt 0.588900 0.680959
vt 0.563312 0.648397
vt 0.382770 0.737465
vt 0.552412 0.569639
vt 0.540817 0.597489
vt 0.378244 0.883765
vt 0.171481 0.966319
vt 0.179023 0.970414
vt 0.167384 0.968675
vt 0.511791 0.520069
vt 0.521964 0.514775
vt 0.530195 0.523070
vt 0.383060 0.772033
vt 0.476164 0.074435
vt 0.188989 0.966095
vt 0.370333 0.716776
vt 0.376184 0.713202
vt 0.531140 0.506895
vt 0.371837 0.749934
vt 0.369120 0.782065
vt 0.379097 0.814703
vt 0.600821 0.656340
vt 0.195350 0.968245
vt 0.363314 0.727627
vt 0.365644 0.707192
vt 0.209747 0.968774
vt 0.191007 0.973542
vt 0.756008 0.992485
vt 0.770935 0.986537
vt 0.781133 0.992707
vt 0.548541 0.509034
vt 0.355030 0.771419
vt 0.377491 0.851465
vt 0.373238 0.830626
vt 0.784627 0.987029
vt 0.214354 0.972396
vt 0.548563 0.493160
vt 0.551530 0.526260
vt 0.551247 0.547433
vt 0.360191 0.804245
vt 0.220702 0.965983
vt 0.343037 0.710370
vt 0.544797 0.488152
vt 0.347132 0.698503
vt 0.794751 0.990567
vt 0.347775 0.800295
vt 0.354873 0.698788
vt 0.571195 0.553081
vt 0.593002 0.623159
vt 0.224646 0.968758
vt 0.239005 0.972682
vt 0.347128 0.691620
vt 0.568965 0.535698
vt 0.595641 0.600842
vt 0.352982 0.876391
vt 0.332703 0.744534
vt 0.592489 0.583747
vt 0.426261 0.718830
vt 0.451049 0.719388
vt 0.413886 0.730562
vt 0.607914 0.643141
vt 0.244327 0.967203
vt 0.560492 0.469151
vt 0.347295 0.836825
vt 0.242328 0.969056
vt 0.324905 0.693428
vt 0.571918 0.470339
vt 0.581667 0.479873
vt 0.590231 0.550379
vt 0.333554 0.689161
vt 0.333482 0.863317
vt 0.320578 0.707425
vt 0.572782 0.456443
vt 0.583501 0.559446
vt 0.475456 0.703564
vt 0.316911 0.690168
vt 0.588919 0.513964
vt 0.324976 0.798251
vt 0.320955 0.783558
vt 0.333319 0.825686
vt 0.323406 0.890497
vt 0.256723 0.972839
vt 0.310761 0.705748
vt 0.312035 0.698101
vt 0.602401 0.571993
vt 0.308581 0.730550
vt 0.322733 0.821592
vt 0.626177 0.617558
vt 0.643675 0.673423
vt 0.306063 0.782999
vt 0.593860 0.455559
vt 0.604844 0.561211
vt 0.625634 0.600689
vt 0.266760 0.968949
vt 0.270521 0.973542
vt 0.302409 0.758787
vt 0.610042 0.480087
vt 0.627632 0.532166
vt 0.651936 0.652633
vt 0.302601 0.749568
vt 0.583346 0.447788
vt 0.597186 0.445421
vt 0.314245 0.848975
vt 0.486220 0.719620
vt 0.276103 0.971500
vt 0.586466 0.442739
vt 0.613381 0.464164
vt 0.621503 0.516972
vt 0.628135 0.577307
vt 0.302475 0.837098
vt 0.290314 0.823193
vt 0.626125 0.587417
vt 0.299289 0.811072
vt 0.657002 0.623537
vt 0.652703 0.643240
vt 0.309345 0.878528
vt 0.136968 0.608531
vt 0.123251 0.610691
vt 0.145856 0.610691
vt 0.608615 0.437905
vt 0.292824 0.765666
vt 0.635210 0.542685
vt 0.504835 0.714183
vt 0.283647 0.791519
vt 0.623141 0.447443
vt 0.623036 0.495597
vt 0.614024 0.441069
vt 0.645138 0.563559
vt 0.649164 0.604522
vt 0.302435 0.865074
vt 0.631647 0.515523
vt 0.285145 0.776706
vt 0.283241 0.811282
vt 0.511841 0.730562
vt 0.287588 0.896872
vt 0.631634 0.468963
vt 0.629089 0.489432
vt 0.638159 0.533303
vt 0.277481 0.790701
vt 0.632114 0.451977
vt 0.643785 0.586863
vt 0.653019 0.472462
vt 0.637783 0.472462
vt 0.652235 0.468143
vt 0.628801 0.443518
vt 0.647643 0.545529
vt 0.663807 0.596476
vt 0.676731 0.621408
vt 0.286269 0.878390
vt 0.654433 0.555713
vt 0.288442 0.850821
vt 0.281891 0.872636
vt 0.267328 0.801837
vt 0.673055 0.573475
vt 0.269720 0.834708
vt 0.258868 0.822205
vt 0.272269 0.865122
vt 0.678179 0.613612
vt 0.698333 0.640086
vt 0.679500 0.666626
vt 0.689985 0.647648
vt 0.659293 0.556188
vt 0.669148 0.563810
vt 0.258973 0.811222
vt 0.267710 0.894463
vt 0.244495 0.859429
vt 0.977933 0.812635
vt 0.977933 0.765119
vt 0.962863 0.797105
vt 0.246210 0.844958
vt 0.680079 0.570709
vt 0.246639 0.834140
vt 0.252298 0.820490
vt 0.677648 0.602324
vt 0.968771 0.771108
vt 0.259130 0.889728
vt 0.719545 0.655842
vt 0.999462 0.235370
vt 0.993639 0.237848
vt 0.992346 0.248920
vt 0.698787 0.586258
vt 0.693717 0.607897
vt 0.711426 0.623820
vt 0.246808 0.887248
vt 0.696081 0.578760
vt 0.256820 0.871529
vt 0.706680 0.610363
vt 0.709468 0.630968
vt 0.717416 0.595236
vt 0.709793 0.585148
vt 0.241740 0.876369
vt 0.899124 0.335313
vt 0.911195 0.341793
vt 0.892896 0.341793
vt 0.233277 0.897948
vt 0.733644 0.637538
vt 0.727211 0.645015
vt 0.236105 0.852402
vt 0.733848 0.665531
vt 0.699433 0.668995
vt 0.225378 0.867396
vt 0.737620 0.617279
vt 0.719031 0.589704
vt 0.724442 0.613163
vt 0.219063 0.864089
vt 0.730133 0.593256
vt 0.728605 0.596793
vt 0.746155 0.631905
vt 0.217573 0.880511
vt 0.759430 0.651667
vt 0.955717 0.277926
vt 0.941609 0.291983
vt 0.921959 0.281021
vt 0.763030 0.659544
vt 0.750525 0.605410
vt 0.747307 0.609494
vt 0.207266 0.879296
vt 0.751094 0.616658
vt 0.192640 0.895461
vt 0.763749 0.642125
vt 0.756587 0.626703
vt 0.959634 0.291055
vt 0.954357 0.293197
vt 0.753434 0.615530
vt 0.757788 0.618089
vt 0.774323 0.668535
vt 0.120022 0.368792
vt 0.136604 0.368791
vt 0.140018 0.373110
vt 0.776511 0.625370
vt 0.780196 0.632372
vt 0.792381 0.663645
vt 0.165231 0.893546
vt 0.196532 0.882646
vt 0.785687 0.646652
vt 0.795944 0.656856
vt 0.788545 0.638404
vt 0.155232 0.370510
vt 0.110515 0.828555
vt 0.114923 0.840257
vt 0.122308 0.813715
vt 0.195297 0.208100
vt 0.196072 0.200843
vt 0.211037 0.206854
vt 0.170614 0.373110
vt 0.806468 0.621282
vt 0.811412 0.625206
vt 0.816046 0.633465
vt 0.822023 0.641107
vt 0.811892 0.663373
vt 0.198475 0.238075
vt 0.208742 0.240811
vt 0.186185 0.252551
vt 0.101722 0.846263
vt 0.120563 0.845427
vt 0.116633 0.865856
vt 0.108825 0.864906
vt 0.829813 0.653958
vt 0.829533 0.669919
vt 0.825292 0.678004
vt 0.826833 0.614924
vt 0.837736 0.619541
vt 0.839121 0.634525
vt 0.105268 0.884824
vt 0.114011 0.886655
vt 0.851683 0.675604
vt 0.844456 0.684106
vt 0.837264 0.610415
vt 0.160545 0.191734
vt 0.151675 0.195389
vt 0.149932 0.187343
vt 0.813381 0.193601
vt 0.797677 0.188967
vt 0.815857 0.189127
vt 0.108060 0.901334
vt 0.115730 0.904810
vt 0.132459 0.184982
vt 0.135564 0.180641
vt 0.856664 0.628295
vt 0.873521 0.631320
vt 0.857155 0.694914
vt 0.850851 0.602413
vt 0.117036 0.919326
vt 0.839806 0.193824
vt 0.868702 0.677051
vt 0.869016 0.703898
vt 0.109366 0.916180
vt 0.844745 0.188474
vt 0.869906 0.611479
vt 0.121179 0.933297
vt 0.121902 0.174816
vt 0.113200 0.928025
vt 0.861557 0.592213
vt 0.869489 0.595325
vt 0.855574 0.191040
vt 0.892346 0.723027
vt 0.876926 0.713491
vt 0.869832 0.586033
vt 0.896238 0.657537
vt 0.896117 0.693682
vt 0.888463 0.727772
vt 0.119083 0.945440
vt 0.118376 0.186400
vt 0.103602 0.170439
vt 0.867113 0.188445
vt 0.866871 0.193619
vt 0.126065 0.943349
vt 0.126480 0.955184
vt 0.176015 0.595266
vt 0.164869 0.597444
vt 0.154467 0.595607
vt 0.882787 0.188603
vt 0.888156 0.609359
vt 0.904133 0.644925
vt 0.882142 0.193844
vt 0.886277 0.587034
vt 0.908011 0.724586
vt 0.905358 0.742996
vt 0.892362 0.739316
vt 0.903336 0.750643
vt 0.191771 0.597732
vt 0.888338 0.566831
vt 0.196428 0.594492
vt 0.917274 0.695677
vt 0.897201 0.188760
vt 0.916068 0.757559
vt 0.922251 0.673756
vt 0.899144 0.591317
vt 0.918170 0.631388
vt 0.210696 0.597169
vt 0.911095 0.601097
vt 0.933756 0.749761
vt 0.903767 0.560465
vt 0.914468 0.646790
vt 0.927544 0.756938
vt 0.220273 0.594682
vt 0.899250 0.551503
vt 0.911035 0.576405
vt 0.940267 0.731598
vt 0.931949 0.695118
vt 0.942715 0.713475
vt 0.911520 0.534264
vt 0.913663 0.541197
vt 0.923772 0.540631
vt 0.930451 0.616624
vt 0.939731 0.751963
vt 0.921084 0.563453
vt 0.231940 0.597444
vt 0.948721 0.734228
vt 0.239505 0.595612
vt 0.938574 0.602061
vt 0.934767 0.543282
vt 0.940506 0.601754
vt 0.389128 0.687365
vt 0.389128 0.714363
vt 0.386975 0.706562
vt 0.927346 0.513622
vt 0.931305 0.518774
vt 0.962425 0.553290
vt 0.040380 0.111650
vt 0.021732 0.110265
vt 0.020173 0.106834
vt 0.946071 0.504412
vt 0.946033 0.512418
vt 0.954731 0.515709
vt 0.960726 0.572950
vt 0.952878 0.587575
vt 0.968696 0.538321
vt 0.957296 0.508011
vt 0.966405 0.516404
vt 0.970703 0.545421
vt 0.952070 0.333162
vt 0.953660 0.322847
vt 0.944304 0.334914
vt 0.966676 0.320194
vt 0.959744 0.330141
vt 0.947710 0.344646
vt 0.943977 0.339811
vt 0.935953 0.355166
vt 0.944792 0.356902
vt 0.975780 0.327286
vt 0.967404 0.329958
vt 0.965210 0.333293
vt 0.968245 0.989242
vt 0.955128 0.990639
vt 0.959663 0.995712
vt 0.953995 0.969688
vt 0.941939 0.952031
vt 0.212594 0.842873
vt 0.952809 0.349769
vt 0.173274 0.176566
vt 0.172099 0.167605
vt 0.819699 0.972877
vt 0.940583 0.361819
vt 0.967287 0.335325
vt 0.070506 0.552650
vt 0.072598 0.548341
vt 0.081151 0.551053
vt 0.928860 0.946927
vt 0.191244 0.168552
vt 0.168461 0.171500
vt 0.949159 0.363742
vt 0.075717 0.559935
vt 0.193886 0.163162
vt 0.186271 0.160887
vt 0.172227 0.159195
vt 0.806654 0.957228
vt 0.814282 0.962990
vt 0.957882 0.360507
vt 0.352530 0.940007
vt 0.947689 0.991968
vt 0.950204 0.999460
vt 0.085952 0.555963
vt 0.094168 0.550903
vt 0.915020 0.939513
vt 0.190243 0.157658
vt 0.920586 0.968984
vt 0.925770 0.977152
vt 0.941272 0.998521
vt 0.095512 0.554904
vt 0.898331 0.933947
vt 0.171803 0.153058
vt 0.809143 0.950864
vt 0.967986 0.368452
vt 0.957181 0.372703
vt 0.902615 0.957712
vt 0.925061 0.990773
vt 0.188133 0.151173
vt 0.173476 0.149568
vt 0.972264 0.373110
vt 0.975780 0.365510
vt 0.110868 0.524423
vt 0.102416 0.528661
vt 0.094937 0.516739
vt 0.901258 0.962242
vt 0.909118 0.967967
vt 0.114202 0.555134
vt 0.107124 0.551779
vt 0.110863 0.543014
vt 0.101267 0.543205
vt 0.910505 0.976929
vt 0.911818 0.987482
vt 0.124534 0.544805
vt 0.124817 0.535034
vt 0.126144 0.530892
vt 0.898892 0.970555
vt 0.897634 0.980299
vt 0.128108 0.551902
vt 0.880754 0.952690
vt 0.885250 0.958066
vt 0.873360 0.926653
vt 0.138540 0.535338
vt 0.865026 0.946523
vt 0.882496 0.963556
vt 0.150102 0.550473
vt 0.144436 0.554574
vt 0.876752 0.974893
vt 0.857710 0.950229
vt 0.163800 0.540303
vt 0.156091 0.535846
vt 0.853171 0.922054
vt 0.166754 0.556038
vt 0.177650 0.550359
vt 0.854777 0.957763
vt 0.173134 0.537774
vt 0.845222 0.967794
vt 0.200105 0.559935
vt 0.184777 0.553843
vt 0.838157 0.918755
vt 0.183897 0.542770
vt 0.189807 0.539241
vt 0.835982 0.954199
vt 0.822815 0.915950
vt 0.200847 0.553284
vt 0.956914 0.418705
vt 0.972551 0.425440
vt 0.967617 0.432226
vt 0.965695 0.448704
vt 0.953482 0.442389
vt 0.213632 0.556899
vt 0.462325 0.424501
vt 0.474166 0.440065
vt 0.471749 0.422148
vt 0.217794 0.549008
vt 0.785570 0.933608
vt 0.947522 0.428837
vt 0.228061 0.555199
vt 0.470180 0.411987
vt 0.952359 0.418559
vt 0.474166 0.417239
vt 0.945927 0.420581
vt 0.520452 0.955451
vt 0.514843 0.954104
vt 0.513760 0.959719
vt 0.941156 0.435341
vt 0.272993 0.524298
vt 0.262587 0.519683
vt 0.513736 0.982341
vt 0.520452 0.985251
vt 0.242620 0.524298
vt 0.248750 0.517545
vt 0.513547 0.987581
vt 0.239807 0.516968
vt 0.234101 0.050016
vt 0.233046 0.042475
vt 0.240021 0.041577
vt 0.239535 0.049342
vt 0.246948 0.048844
vt 0.249193 0.041797
vt 0.190891 0.948327
vt 0.782895 0.937360
vt 0.944364 0.381120
vt 0.962485 0.412314
vt 0.940455 0.391337
vt 0.945157 0.402327
vt 0.275027 0.511490
vt 0.234383 0.547780
vt 0.232897 0.545296
vt 0.988825 0.422056
vt 0.988225 0.438985
vt 0.992591 0.423197
vt 0.246200 0.513597
vt 0.414962 0.460583
vt 0.414730 0.445938
vt 0.414962 0.431425
vt 0.935091 0.417596
vt 0.412809 0.437218
vt 0.763578 0.433585
vt 0.770183 0.436825
vt 0.758342 0.436825
vt 0.833510 0.857861
vt 0.839074 0.855832
vt 0.838088 0.861882
vt 0.242955 0.507887
vt 0.238428 0.509217
vt 0.237916 0.056695
vt 0.247367 0.056695
vt 0.044672 0.295356
vt 0.833170 0.862330
vt 0.839074 0.866411
vt 0.927920 0.400682
vt 0.918596 0.422989
vt 0.254477 0.552542
vt 0.994080 0.403932
vt 0.832616 0.867711
vt 0.766061 0.935528
vt 0.930277 0.373865
vt 0.921470 0.380926
vt 0.914354 0.404688
vt 0.253183 0.543504
vt 0.990882 0.402643
vt 0.692000 0.671166
vt 0.707750 0.680886
vt 0.690527 0.680886
vt 0.751226 0.941319
vt 0.908117 0.390276
vt 0.925445 0.355831
vt 0.936817 0.368008
vt 0.918301 0.363697
vt 0.899322 0.414093
vt 0.905240 0.425761
vt 0.264263 0.542794
vt 0.989560 0.391495
vt 0.993955 0.385685
vt 0.907062 0.373815
vt 0.916476 0.346977
vt 0.909877 0.354141
vt 0.985468 0.375767
vt 0.992316 0.366940
vt 0.899050 0.361079
vt 0.887797 0.399074
vt 0.745786 0.966327
vt 0.876957 0.379566
vt 0.728455 0.956991
vt 0.732912 0.967026
vt 0.718724 0.955705
vt 0.724162 0.964195
vt 0.881742 0.367209
vt 0.989445 0.354913
vt 0.887203 0.347338
vt 0.896717 0.351318
vt 0.883612 0.360016
vt 0.230773 0.164687
vt 0.872141 0.397393
vt 0.726091 0.973471
vt 0.689701 0.923843
vt 0.994080 0.347192
vt 0.716577 0.966013
vt 0.212085 0.484969
vt 0.875973 0.349781
vt 0.868516 0.357169
vt 0.705662 0.967337
vt 0.880320 0.283297
vt 0.895555 0.287664
vt 0.897508 0.307985
vt 0.661983 0.902593
vt 0.846651 0.410406
vt 0.845745 0.416409
vt 0.862989 0.421997
vt 0.709398 0.975620
vt 0.872331 0.335981
vt 0.881782 0.308557
vt 0.853088 0.381510
vt 0.842554 0.396184
vt 0.869667 0.320245
vt 0.878379 0.317425
vt 0.874420 0.332992
vt 0.864189 0.342317
vt 0.875145 0.265493
vt 0.660055 0.920599
vt 0.838748 0.423412
vt 0.236180 0.487425
vt 0.862756 0.809962
vt 0.858887 0.815711
vt 0.862281 0.328956
vt 0.949946 0.239201
vt 0.935953 0.239201
vt 0.938623 0.228402
vt 0.849242 0.354426
vt 0.843641 0.365871
vt 0.641673 0.892905
vt 0.836458 0.404296
vt 0.119444 0.744479
vt 0.858149 0.294985
vt 0.853391 0.341505
vt 0.851264 0.308291
vt 0.860894 0.283075
vt 0.636720 0.911857
vt 0.832377 0.386175
vt 0.821250 0.414958
vt 0.645808 0.951944
vt 0.670075 0.954858
vt 0.653788 0.962743
vt 0.969127 0.045138
vt 0.847741 0.320708
vt 0.819663 0.373046
vt 0.813353 0.402587
vt 0.821266 0.354202
vt 0.963584 0.728362
vt 0.953659 0.699244
vt 0.949946 0.709083
vt 0.257939 0.493693
vt 0.826607 0.324653
vt 0.823157 0.340310
vt 0.841940 0.249581
vt 0.863214 0.243973
vt 0.987621 0.704705
vt 0.968181 0.702100
vt 0.975420 0.725664
vt 0.613433 0.895950
vt 0.827088 0.270002
vt 0.823207 0.287697
vt 0.973290 0.074595
vt 0.285733 0.493999
vt 0.611948 0.962743
vt 0.816793 0.306535
vt 0.792366 0.416163
vt 0.791772 0.423789
vt 0.807635 0.365356
vt 0.803831 0.383013
vt 0.963318 0.085906
vt 0.298008 0.501360
vt 0.806201 0.321706
vt 0.834817 0.228254
vt 0.811462 0.395630
vt 0.987621 0.754786
vt 0.981386 0.762959
vt 0.968426 0.753121
vt 0.796402 0.343882
vt 0.806704 0.246585
vt 0.793087 0.369535
vt 0.778290 0.389408
vt 0.781961 0.405549
vt 0.768537 0.426826
vt 0.793781 0.297785
vt 0.779181 0.416560
vt 0.320262 0.498045
vt 0.781083 0.309582
vt 0.776021 0.371679
vt 0.976631 0.098749
vt 0.964532 0.104943
vt 0.791579 0.281495
vt 0.792318 0.222628
vt 0.766657 0.400134
vt 0.752347 0.412790
vt 0.784082 0.265439
vt 0.749552 0.420748
vt 0.954044 0.106716
vt 0.776624 0.325367
vt 0.973833 0.116359
vt 0.772290 0.239805
vt 0.763947 0.363786
vt 0.823554 0.212580
vt 0.774392 0.203257
vt 0.751122 0.429085
vt 0.965898 0.134969
vt 0.765254 0.287187
vt 0.759599 0.353118
vt 0.745278 0.401189
vt 0.958653 0.131265
vt 0.762676 0.330386
vt 0.743718 0.382844
vt 0.761763 0.309217
vt 0.738908 0.371871
vt 0.530047 0.936847
vt 0.723229 0.412254
vt 0.723939 0.424185
vt 0.976884 0.144151
vt 0.343946 0.505855
vt 0.767123 0.214970
vt 0.721082 0.154285
vt 0.722677 0.168956
vt 0.706896 0.154774
vt 0.713624 0.137447
vt 0.741317 0.358913
vt 0.748295 0.255989
vt 0.729583 0.377139
vt 0.515501 0.919399
vt 0.956557 0.152673
vt 0.746761 0.239399
vt 0.746400 0.298083
vt 0.748320 0.307707
vt 0.732548 0.361259
vt 0.722542 0.378163
vt 0.718156 0.392048
vt 0.715513 0.405849
vt 0.365501 0.504829
vt 0.730630 0.148563
vt 0.725708 0.128148
vt 0.968050 0.162940
vt 0.374716 0.501446
vt 0.374535 0.494606
vt 0.911198 0.313993
vt 0.744709 0.281449
vt 0.724366 0.350308
vt 0.724867 0.365193
vt 0.713033 0.101648
vt 0.698062 0.106844
vt 0.700685 0.096385
vt 0.964406 0.173729
vt 0.735147 0.217331
vt 0.723050 0.113169
vt 0.710663 0.093926
vt 0.704152 0.090128
vt 0.698352 0.419679
vt 0.909042 0.303051
vt 0.725428 0.104521
vt 0.711311 0.087420
vt 0.236934 0.374638
vt 0.236679 0.381749
vt 0.242890 0.376081
vt 0.747860 0.119067
vt 0.721311 0.258407
vt 0.735643 0.295532
vt 0.681299 0.410216
vt 0.953175 0.161886
vt 0.719163 0.284527
vt 0.918060 0.927328
vt 0.845278 0.699841
vt 0.854146 0.702981
vt 0.849033 0.708655
vt 0.861679 0.701542
vt 0.686742 0.382457
vt 0.470174 0.953490
vt 0.469956 0.936278
vt 0.977933 0.170291
vt 0.232292 0.363035
vt 0.241180 0.358730
vt 0.776042 0.440154
vt 0.785332 0.456713
vt 0.757737 0.163959
vt 0.766495 0.133277
vt 0.052207 0.397948
vt 0.042131 0.394617
vt 0.035432 0.391469
vt 0.718562 0.304802
vt 0.034984 0.397948
vt 0.715884 0.315428
vt 0.927122 0.929899
vt 0.714170 0.324035
vt 0.837636 0.699244
vt 0.725405 0.185917
vt 0.710125 0.372286
vt 0.699968 0.370119
vt 0.672698 0.384325
vt 0.942896 0.781317
vt 0.245963 0.356300
vt 0.751538 0.103936
vt 0.748805 0.090500
vt 0.722451 0.202235
vt 0.702181 0.364861
vt 0.675100 0.399920
vt 0.959152 0.209802
vt 0.228776 0.360023
vt 0.237375 0.350439
vt 0.948870 0.784457
vt 0.243536 0.344965
vt 0.757494 0.451174
vt 0.767650 0.439875
vt 0.757489 0.439669
vt 0.769129 0.465346
vt 0.778575 0.129003
vt 0.761966 0.074954
vt 0.823736 0.703247
vt 0.705523 0.326499
vt 0.708197 0.332196
vt 0.473687 0.926228
vt 0.223358 0.354282
vt 0.751692 0.436510
vt 0.738856 0.437327
vt 0.369752 0.029698
vt 0.369120 0.017493
vt 0.366864 0.025471
vt 0.704591 0.335523
vt 0.366523 0.012519
vt 0.697910 0.356753
vt 0.650147 0.413628
vt 0.953457 0.217110
vt 0.430341 0.496891
vt 0.723229 0.431114
vt 0.723420 0.436114
vt 0.231636 0.348011
vt 0.734085 0.457177
vt 0.798873 0.138615
vt 0.773149 0.106604
vt 0.705855 0.267027
vt 0.959118 0.922448
vt 0.369752 0.009179
vt 0.068353 0.726242
vt 0.064366 0.729340
vt 0.974453 0.218771
vt 0.719325 0.447517
vt 0.718371 0.424946
vt 0.709107 0.429165
vt 0.699654 0.441251
vt 0.241128 0.333093
vt 0.210810 0.040057
vt 0.740556 0.068201
vt 0.692258 0.235845
vt 0.682323 0.330034
vt 0.697552 0.345917
vt 0.235350 0.333168
vt 0.822368 0.152203
vt 0.771720 0.089040
vt 0.750830 0.065214
vt 0.215594 0.816955
vt 0.237700 0.815391
vt 0.244887 0.806456
vt 0.245952 0.332867
vt 0.771216 0.494402
vt 0.790621 0.095966
vt 0.776399 0.074615
vt 0.748877 0.063115
vt 0.682880 0.264154
vt 0.834769 0.524298
vt 0.889751 0.505305
vt 0.897201 0.524298
vt 0.706829 0.463175
vt 0.245400 0.320917
vt 0.754996 0.057577
vt 0.686261 0.210171
vt 0.659586 0.289968
vt 0.664835 0.307556
vt 0.694940 0.184014
vt 0.686963 0.457998
vt 0.243413 0.314552
vt 0.809723 0.110157
vt 0.849179 0.495140
vt 0.192142 0.767279
vt 0.244887 0.768601
vt 0.413912 0.954805
vt 0.683761 0.453492
vt 0.720531 0.485374
vt 0.797284 0.075148
vt 0.769596 0.054453
vt 0.767007 0.051212
vt 0.639418 0.374177
vt 0.638410 0.393343
vt 0.625445 0.402681
vt 0.780863 0.521625
vt 0.768114 0.506561
vt 0.802665 0.058465
vt 0.782055 0.053420
vt 0.666829 0.263047
vt 0.632750 0.350566
vt 0.966582 0.243513
vt 0.245963 0.307235
vt 0.181638 0.016559
vt 0.859968 0.157929
vt 0.640667 0.332313
vt 0.680244 0.460182
vt 0.681701 0.469126
vt 0.701248 0.481350
vt 0.856240 0.139898
vt 0.603337 0.927601
vt 0.573920 0.926026
vt 0.572121 0.940216
vt 0.957081 0.247467
vt 0.676899 0.471171
vt 0.163192 0.009425
vt 0.821876 0.091161
vt 0.778511 0.047311
vt 0.677518 0.483588
vt 0.172320 0.009719
vt 0.764997 0.529274
vt 0.845343 0.111641
vt 0.399710 0.949561
vt 0.953481 0.248937
vt 0.462518 0.494860
vt 0.679694 0.493070
vt 0.700035 0.507586
vt 0.815697 0.071907
vt 0.791765 0.044816
vt 0.644976 0.220987
vt 0.583701 0.967795
vt 0.618233 0.388797
vt 0.624756 0.416436
vt 0.872467 0.142309
vt 0.867440 0.114616
vt 0.619845 0.370349
vt 0.156638 0.004860
vt 0.674381 0.487498
vt 0.732419 0.544749
vt 0.755629 0.550605
vt 0.844798 0.097047
vt 0.834035 0.077848
vt 0.801255 0.047838
vt 0.637203 0.260187
vt 0.364267 0.974910
vt 0.644006 0.151595
vt 0.964979 0.257882
vt 0.831117 0.068102
vt 0.820492 0.053844
vt 0.003051 0.294085
vt 0.003289 0.303996
vt 0.008073 0.289466
vt 0.603337 0.977862
vt 0.644966 0.243655
vt 0.626706 0.292181
vt 0.638307 0.200472
vt 0.643912 0.183989
vt 0.601149 0.407996
vt 0.955332 0.259719
vt 0.682679 0.505838
vt 0.677025 0.501163
vt 0.142715 0.005271
vt 0.875764 0.131711
vt 0.828432 0.059540
vt 0.002663 0.274090
vt 0.004002 0.280758
vt 0.616198 0.316066
vt 0.602917 0.393493
vt 0.878762 0.136308
vt 0.569638 0.356926
vt 0.601313 0.378041
vt 0.588316 0.398613
vt 0.691395 0.522148
vt 0.683321 0.514676
vt 0.760328 0.565615
vt 0.881055 0.121584
vt 0.867072 0.096862
vt 0.854556 0.082278
vt 0.007759 0.277404
vt 0.601192 0.347838
vt 0.680281 0.515823
vt 0.701809 0.536602
vt 0.876400 0.110416
vt 0.841986 0.065665
vt 0.002509 0.249369
vt 0.000538 0.264337
vt 0.004513 0.263698
vt 0.006591 0.255980
vt 0.605928 0.230245
vt 0.593381 0.415521
vt 0.589933 0.426275
vt 0.688809 0.525958
vt 0.116297 0.013552
vt 0.862753 0.085027
vt 0.851588 0.071644
vt 0.611778 0.155530
vt 0.389697 0.903953
vt 0.404198 0.910905
vt 0.393433 0.917949
vt 0.399069 0.920701
vt 0.579177 0.440476
vt 0.269645 0.754320
vt 0.261956 0.751080
vt 0.251346 0.754320
vt 0.707074 0.547047
vt 0.877752 0.107074
vt 0.921556 0.788877
vt 0.602693 0.254264
vt 0.582946 0.269549
vt 0.587486 0.296522
vt 0.577338 0.376941
vt 0.577625 0.434840
vt 0.387511 0.927447
vt 0.650383 0.117191
vt 0.639935 0.108683
vt 0.649525 0.102588
vt 0.700266 0.543291
vt 0.691779 0.533212
vt 0.033907 0.963823
vt 0.032974 0.937008
vt 0.030004 0.949846
vt 0.027449 0.937394
vt 0.030313 0.935611
vt 0.033907 0.919546
vt 0.004644 0.221566
vt 0.569688 0.387572
vt 0.385192 0.920017
vt 0.721373 0.562500
vt 0.212594 0.390559
vt 0.190882 0.389309
vt 0.207414 0.392549
vt 0.183531 0.392549
vt 0.902583 0.231641
vt 0.868138 0.231641
vt 0.882383 0.224082
vt 0.372239 0.909792
vt 0.376725 0.923031
vt 0.384224 0.930346
vt 0.653074 0.120548
vt 0.087729 0.477862
vt 0.085576 0.463864
vt 0.087729 0.451944
vt 0.581294 0.314988
vt 0.369458 0.896868
vt 0.568045 0.439867
vt 0.566744 0.445196
vt 0.558187 0.729136
vt 0.557984 0.741207
vt 0.567417 0.341022
vt 0.362025 0.921632
vt 0.543530 0.731297
vt 0.561259 0.441509
vt 0.018837 0.095662
vt 0.584393 0.197497
vt 0.592775 0.168118
vt 0.553782 0.367698
vt 0.356281 0.900456
vt 0.553455 0.444630
vt 0.557825 0.235905
vt 0.543694 0.381230
vt 0.354154 0.909700
vt 0.551777 0.439316
vt 0.176291 0.343742
vt 0.170614 0.347081
vt 0.179665 0.355832
vt 0.185460 0.344975
vt 0.531078 0.734510
vt 0.189989 0.355039
vt 0.556241 0.389734
vt 0.545622 0.436064
vt 0.539800 0.435251
vt 0.560667 0.223104
vt 0.171481 0.328542
vt 0.178801 0.331102
vt 0.189989 0.338094
vt 0.542447 0.330380
vt 0.580027 0.134593
vt 0.611778 0.133695
vt 0.537513 0.390983
vt 0.337658 0.903149
vt 0.540353 0.430185
vt 0.032831 0.261879
vt 0.026372 0.261879
vt 0.031685 0.257559
vt 0.545367 0.283324
vt 0.913053 0.193844
vt 0.557422 0.257892
vt 0.584462 0.145996
vt 0.533415 0.357085
vt 0.941335 0.197361
vt 0.625942 0.890389
vt 0.617330 0.885996
vt 0.625942 0.883909
vt 0.939280 0.196301
vt 0.172013 0.311175
vt 0.176187 0.302030
vt 0.172604 0.297516
vt 0.554906 0.115187
vt 0.313632 0.913394
vt 0.318494 0.921520
vt 0.328403 0.923729
vt 0.329238 0.927627
vt 0.521836 0.294990
vt 0.515454 0.364494
vt 0.247040 0.999460
vt 0.312919 0.927605
vt 0.528213 0.251745
vt 0.539486 0.192624
vt 0.544201 0.169428
vt 0.530967 0.150029
vt 0.508117 0.326918
vt 0.500434 0.347299
vt 0.984392 0.305076
vt 0.984392 0.269438
vt 0.971587 0.284928
vt 0.495750 0.382513
vt 0.480610 0.386928
vt 0.280271 0.904881
vt 0.286806 0.911667
vt 0.489844 0.265515
vt 0.495257 0.366416
vt 0.288569 0.918958
vt 0.983315 0.493422
vt 0.973999 0.502700
vt 0.944560 0.467750
vt 0.976203 0.460171
vt 0.963940 0.304606
vt 0.283853 0.925789
vt 0.516631 0.180429
vt 0.467410 0.746557
vt 0.940363 0.499966
vt 0.487412 0.281348
vt 0.272799 0.920414
vt 0.918570 0.475499
vt 0.900470 0.490652
vt 0.471317 0.341674
vt 0.470377 0.368821
vt 0.258976 0.905013
vt 0.473357 0.316073
vt 0.512426 0.120766
vt 0.458437 0.375621
vt 0.263471 0.915481
vt 0.518464 0.214444
vt 0.266753 0.930346
vt 0.462020 0.359544
vt 0.459349 0.386444
vt 0.254396 0.919519
vt 0.453995 0.743218
vt 0.920965 0.442530
vt 0.504487 0.131110
vt 0.889834 0.502700
vt 0.866215 0.485526
vt 0.489715 0.155083
vt 0.485649 0.204401
vt 0.485690 0.168489
vt 0.458391 0.279860
vt 0.446229 0.322156
vt 0.244023 0.911596
vt 0.440187 0.383660
vt 0.444518 0.392955
vt 0.240350 0.919799
vt 0.679763 0.992981
vt 0.688786 0.988048
vt 0.896828 0.440065
vt 0.443524 0.354464
vt 0.436621 0.369477
vt 0.440104 0.390096
vt 0.861679 0.446262
vt 0.449331 0.197231
vt 0.461338 0.219736
vt 0.496465 0.242702
vt 0.430698 0.235639
vt 0.433271 0.249634
vt 0.429248 0.384701
vt 0.211518 0.924757
vt 0.413850 0.408905
vt 0.817546 0.720900
vt 0.814663 0.691685
vt 0.812477 0.720992
vt 0.478931 0.123373
vt 0.425187 0.315126
vt 0.422266 0.341301
vt 0.446179 0.915227
vt 0.472013 0.913396
vt 0.472013 0.897143
vt 0.924106 0.070734
vt 0.879978 0.070734
vt 0.907518 0.061015
vt 0.419895 0.400374
vt 0.425011 0.286268
vt 0.448969 0.896868
vt 0.414974 0.384571
vt 0.727403 0.720842
vt 0.714209 0.702440
vt 0.744470 0.696004
vt 0.416275 0.359396
vt 0.413710 0.375644
vt 0.402572 0.409965
vt 0.415857 0.268842
vt 0.448802 0.147108
vt 0.461240 0.098921
vt 0.364370 0.535097
vt 0.379440 0.529123
vt 0.365349 0.515534
vt 0.379440 0.509179
vt 0.928418 0.069424
vt 0.472953 0.090875
vt 0.398227 0.363604
vt 0.810011 0.744495
vt 0.432816 0.186775
vt 0.404240 0.344302
vt 0.793626 0.865551
vt 0.774489 0.865551
vt 0.790828 0.857991
vt 0.396433 0.370449
vt 0.398762 0.395478
vt 0.388126 0.402389
vt 0.387915 0.422875
vt 0.812387 0.757559
vt 0.817546 0.750084
vt 0.758760 0.986501
vt 0.398131 0.294699
vt 0.440986 0.120414
vt 0.449734 0.091097
vt 0.382315 0.369060
vt 0.377795 0.382790
vt 0.414259 0.204481
vt 0.400293 0.243202
vt 0.377069 0.346270
vt 0.456557 0.058358
vt 0.807858 0.863940
vt 0.382451 0.434579
vt 0.395488 0.433976
vt 0.372247 0.442876
vt 0.761572 0.720842
vt 0.419444 0.151439
vt 0.392160 0.306656
vt 0.376419 0.332213
vt 0.448273 0.076645
vt 0.373589 0.408001
vt 0.361050 0.440960
vt 0.385384 0.319521
vt 0.456883 0.049369
vt 0.386458 0.356150
vt 0.357537 0.436335
vt 0.386821 0.230675
vt 0.372616 0.262219
vt 0.433374 0.116186
vt 0.404098 0.191073
vt 0.368289 0.370777
vt 0.344841 0.384898
vt 0.351469 0.424037
vt 0.351023 0.448704
vt 0.803361 0.992981
vt 0.381388 0.251239
vt 0.428436 0.101636
vt 0.447463 0.049547
vt 0.418429 0.078364
vt 0.808503 0.987642
vt 0.818109 0.533141
vt 0.806844 0.523218
vt 0.797119 0.551152
vt 0.366064 0.279273
vt 0.386816 0.159800
vt 0.442765 0.030495
vt 0.340739 0.421153
vt 0.341085 0.440385
vt 0.409609 0.132234
vt 0.357677 0.324659
vt 0.399350 0.101432
vt 0.367105 0.338145
vt 0.349496 0.343775
vt 0.340139 0.447027
vt 0.814446 0.991915
vt 0.360129 0.299800
vt 0.434540 0.028660
vt 0.409570 0.046812
vt 0.340052 0.356754
vt 0.328823 0.408345
vt 0.329640 0.434288
vt 0.330056 0.443185
vt 0.825081 0.989184
vt 0.361636 0.241280
vt 0.391456 0.134558
vt 0.405227 0.116078
vt 0.353053 0.327954
vt 0.825081 0.565682
vt 0.427500 0.014429
vt 0.323557 0.430055
vt 0.337580 0.251200
vt 0.367554 0.199976
vt 0.408478 0.014018
vt 0.343328 0.313464
vt 0.321489 0.371600
vt 0.324986 0.436790
vt 0.051130 0.878632
vt 0.031470 0.867711
vt 0.024220 0.899247
vt 0.321895 0.402113
vt 0.308950 0.704319
vt 0.824622 0.589847
vt 0.300323 0.081958
vt 0.321138 0.054959
vt 0.326695 0.090173
vt 0.051130 0.918467
vt 0.040783 0.908160
vt 0.373198 0.145731
vt 0.376751 0.086784
vt 0.373154 0.124045
vt 0.381521 0.129652
vt 0.321117 0.337624
vt 0.306837 0.731573
vt 0.825081 0.611771
vt 0.793864 0.577804
vt 0.333224 0.282380
vt 0.327954 0.299744
vt 0.412590 0.005171
vt 0.421381 0.007176
vt 0.299036 0.069665
vt 0.301450 0.051296
vt 0.381412 0.065633
vt 0.316608 0.316438
vt 0.312237 0.367736
vt 0.317011 0.383782
vt 0.314319 0.237607
vt 0.384278 0.041499
vt 0.353879 0.147602
vt 0.876675 0.756390
vt 0.870291 0.782961
vt 0.893972 0.750000
vt 0.893972 0.786717
vt 0.386762 0.020297
vt 0.310195 0.325693
vt 0.996233 0.110717
vt 0.994080 0.108279
vt 0.996108 0.090173
vt 0.346224 0.188203
vt 0.341086 0.215718
vt 0.286209 0.059168
vt 0.317963 0.290470
vt 0.394447 0.002941
vt 0.362758 0.102190
vt 0.304513 0.355824
vt 0.399622 0.000540
vt 0.996108 0.124730
vt 0.278805 0.071726
vt 0.312198 0.272833
vt 0.386699 0.008729
vt 0.293906 0.300790
vt 0.303355 0.341245
vt 0.369745 0.075665
vt 0.322295 0.206380
vt 0.320193 0.221330
vt 0.338304 0.264921
vt 0.310242 0.263201
vt 0.345327 0.117398
vt 0.297902 0.341806
vt 0.375903 0.032077
vt 0.374613 0.049962
vt 0.361621 0.092753
vt 0.658235 0.469762
vt 0.289698 0.251711
vt 0.323607 0.185130
vt 0.351565 0.177286
vt 0.268568 0.090173
vt 0.315628 0.178105
vt 0.374266 0.012596
vt 0.298742 0.281451
vt 0.351498 0.104438
vt 0.276431 0.789514
vt 0.306829 0.200696
vt 0.290979 0.273226
vt 0.379275 0.004276
vt 0.373695 0.029407
vt 0.286095 0.242540
vt 0.932266 0.626832
vt 0.952099 0.647408
vt 0.952099 0.612851
vt 0.313335 0.150201
vt 0.333503 0.167577
vt 0.280006 0.303676
vt 0.288509 0.329707
vt 0.339378 0.114335
vt 0.296215 0.213641
vt 0.277826 0.216787
vt 0.272426 0.272312
vt 0.634456 0.451791
vt 0.281088 0.319649
vt 0.931647 0.620070
vt 0.942154 0.613018
vt 0.276948 0.232082
vt 0.293788 0.195894
vt 0.287238 0.260450
vt 0.310000 0.174397
vt 0.298824 0.184085
vt 0.316515 0.140990
vt 0.305691 0.148021
vt 0.723274 0.055101
vt 0.717438 0.067814
vt 0.730355 0.072894
vt 0.266829 0.286811
vt 0.290053 0.163938
vt 0.289900 0.156396
vt 0.274565 0.310354
vt 0.268366 0.301507
vt 0.730355 0.053456
vt 0.261420 0.292357
vt 0.259314 0.211777
vt 0.264219 0.243578
vt 0.260160 0.249909
vt 0.280774 0.187230
vt 0.274457 0.265694
vt 0.260129 0.277209
vt 0.992327 0.226080
vt 0.997420 0.217125
vt 0.266852 0.202926
vt 0.276305 0.162941
vt 0.252349 0.284261
vt 0.991927 0.213691
vt 0.229059 0.226768
vt 0.263419 0.191789
vt 0.250143 0.260060
vt 0.253538 0.178597
vt 0.244337 0.269029
vt 0.267234 0.167760
vt 0.238407 0.275150
vt 0.998186 0.196268
vt 0.241956 0.218522
vt 0.237991 0.236732
vt 0.924746 0.293197
vt 0.238033 0.260782
vt 0.256229 0.171370
vt 0.993134 0.196534
vt 0.226919 0.253302
vt 0.929988 0.271598
vt 0.246784 0.194049
vt 0.220227 0.243093
vt 0.224029 0.262312
vt 0.994696 0.186792
vt 0.999462 0.176952
vt 0.233584 0.207029
vt 0.235855 0.183581
vt 0.994236 0.176566
vt 0.220274 0.215571
vt 0.234184 0.194575
vt 0.918568 0.155307
vt 0.910298 0.164636
vt 0.919806 0.165333
vt 0.204420 0.875687
vt 0.895135 0.140404
vt 0.891096 0.170086
vt 0.902704 0.154969
vt 0.194839 0.878750
vt 0.884284 0.158450
vt 0.214014 0.200162
vt 0.229465 0.194720
vt 0.909311 0.130912
vt 0.915419 0.140288
vt 0.198992 0.219424
vt 0.886189 0.127261
vt 0.905273 0.118686
vt 0.215940 0.231629
vt 0.231116 0.232372
vt 0.172039 0.885051
vt 0.919806 0.122098
vt 0.126480 0.835837
vt 0.205337 0.221590
vt 0.185603 0.221100
vt 0.192279 0.226069
vt 0.913479 0.112851
vt 0.181326 0.197279
vt 0.121382 0.860930
vt 0.172723 0.203379
vt 0.166443 0.212522
vt 0.170242 0.230376
vt 0.189279 0.232371
vt 0.178414 0.248166
vt 0.167311 0.242122
vt 0.147306 0.977862
vt 0.126480 0.973892
vt 0.161493 0.967063
vt 0.154112 0.212139
vt 0.159468 0.261621
vt 0.795612 0.193347
vt 0.771259 0.193844
vt 0.776789 0.189781
vt 0.165914 0.265941
vt 0.146328 0.200872
vt 0.148545 0.252182
vt 0.171690 0.977862
vt 0.152535 0.277586
vt 0.137482 0.224048
vt 0.144967 0.266240
vt 0.145249 0.275268
vt 0.132966 0.204080
vt 0.133940 0.277006
vt 0.135550 0.297791
vt 0.118839 0.244192
vt 0.132797 0.295800
vt 0.110449 0.188511
vt 0.118135 0.259880
vt 0.109875 0.203172
vt 0.111472 0.223566
vt 0.203983 0.340713
vt 0.196448 0.340713
vt 0.200193 0.313715
vt 0.100835 0.234877
vt 0.122109 0.295506
vt 0.114508 0.313616
vt 0.121010 0.321288
vt 0.127656 0.324616
vt 0.103871 0.163315
vt 0.118560 0.337718
vt 0.098141 0.294197
vt 0.110404 0.334825
vt 0.092131 0.188055
vt 0.087965 0.261888
vt 0.086803 0.152383
vt 0.091237 0.218983
vt 0.092579 0.336635
vt 0.108448 0.346032
vt 0.895056 0.193090
vt 0.085535 0.233958
vt 0.098746 0.348665
vt 0.217976 0.746660
vt 0.218174 0.756480
vt 0.223358 0.754761
vt 0.076126 0.163677
vt 0.084281 0.182534
vt 0.074736 0.148979
vt 0.081209 0.313887
vt 0.223358 0.743179
vt 0.070168 0.196723
vt 0.069146 0.136184
vt 0.060739 0.212868
vt 0.080668 0.271857
vt 0.220398 0.730562
vt 0.077214 0.340360
vt 0.027449 0.465983
vt 0.027449 0.499460
vt 0.025296 0.485607
vt 0.939182 0.080454
vt 0.930570 0.091391
vt 0.933733 0.095657
vt 0.464478 0.525725
vt 0.426123 0.526049
vt 0.431647 0.524389
vt 0.939182 0.123650
vt 0.059742 0.319114
vt 0.059742 0.295040
vt 0.052494 0.283477
vt 0.075431 0.294377
vt 0.082783 0.347041
vt 0.408215 0.524298
vt 0.048977 0.305633
vt 0.054513 0.140117
vt 0.055830 0.155443
vt 0.056299 0.182967
vt 0.068577 0.327775
vt 0.402954 0.526458
vt 0.055365 0.122486
vt 0.048767 0.123894
vt 0.044088 0.169395
vt 0.048093 0.200069
vt 0.070477 0.309541
vt 0.386975 0.525725
vt 0.153794 0.606159
vt 0.165655 0.603207
vt 0.173843 0.607451
vt 0.150060 0.602052
vt 0.131862 0.607451
vt 0.037317 0.141116
vt 0.032676 0.189228
vt 0.024301 0.126840
vt 0.014425 0.157287
vt 0.010315 0.113246
vt 0.021443 0.177016
vt 0.000538 0.137951
vt 0.006122 0.152284
vt 0.965616 0.553181
vt 0.002945 0.123050
vt 0.972551 0.530209
s 0
usemtl Material_0
f 2373/1/1 2374/2/1 2375/3/1
f 2374/2/2 2376/4/2 2375/3/2
f 664/5/3 674/6/3 668/7/3
f 662/8/4 671/9/4 672/10/4
f 662/8/5 672/10/5 673/11/5
f 659/12/6 662/8/6 673/11/6
f 664/5/7 659/12/7 673/11/7
f 664/5/8 673/11/8 674/6/8
f 628/13/9 630/14/9 631/15/9
f 628/13/10 629/16/10 630/14/10
f 628/13/11 631/15/11 635/17/11
f 634/18/12 632/19/12 628/13/12
f 628/13/13 632/19/13 629/16/13
f 629/16/14 632/19/14 633/20/14
f 1612/21/15 1613/22/15 1614/23/15
f 704/24/16 702/25/16 703/26/16
f 1603/27/17 1604/28/17 1605/29/17
f 635/17/18 634/18/18 628/13/18
f 703/26/19 705/30/19 707/31/19
f 636/32/20 634/18/20 635/17/20
f 636/32/21 637/33/21 634/18/21
f 637/33/22 638/34/22 634/18/22
f 685/35/23 679/36/23 684/37/23
f 634/18/24 640/38/24 632/19/24
f 1294/39/25 1293/40/25 1292/41/25
f 1298/42/26 1294/39/26 1292/41/26
f 632/19/27 640/38/27 641/43/27
f 1299/44/28 1297/45/28 1298/42/28
f 1298/42/29 1297/45/29 1294/39/29
f 1294/39/30 1295/46/30 1293/40/30
f 632/19/31 641/43/31 633/20/31
f 1299/44/32 1296/47/32 1297/45/32
f 1297/45/33 1296/47/33 1294/39/33
f 1294/39/34 1296/47/34 1295/46/34
f 702/25/35 695/48/35 694/49/35
f 703/26/36 694/49/36 705/30/36
f 234/50/37 233/51/37 235/52/37
f 445/53/38 443/54/38 455/55/38
f 639/56/39 638/34/39 637/33/39
f 636/32/40 639/56/40 637/33/40
f 686/57/41 678/58/41 679/36/41
f 590/59/42 585/60/42 587/61/42
f 1301/62/43 1300/63/43 1298/42/43
f 1298/42/44 1300/63/44 1299/44/44
f 164/64/45 171/65/45 174/66/45
f 164/64/46 174/66/46 175/67/46
f 175/67/47 174/66/47 176/68/47
f 175/67/48 176/68/48 178/69/48
f 175/67/49 178/69/49 241/70/49
f 706/71/50 705/30/50 694/49/50
f 678/58/51 675/72/51 677/73/51
f 678/58/52 677/73/52 679/36/52
f 679/36/53 677/73/53 684/37/53
f 1301/62/54 1302/74/54 1300/63/54
f 154/75/55 155/76/55 156/77/55
f 156/77/56 155/76/56 164/64/56
f 155/76/57 171/65/57 164/64/57
f 697/78/58 696/79/58 693/80/58
f 693/80/59 694/49/59 695/48/59
f 176/68/60 216/81/60 178/69/60
f 696/79/61 694/49/61 693/80/61
f 216/81/62 232/82/62 178/69/62
f 696/79/63 706/71/63 694/49/63
f 216/81/64 227/83/64 232/82/64
f 232/82/65 233/51/65 234/50/65
f 232/82/66 227/83/66 233/51/66
f 416/84/67 417/85/67 444/86/67
f 416/84/68 404/87/68 417/85/68
f 675/72/69 676/88/69 677/73/69
f 676/88/70 682/89/70 677/73/70
f 154/75/71 152/90/71 155/76/71
f 171/65/72 180/91/72 174/66/72
f 180/91/73 179/92/73 174/66/73
f 180/91/74 181/93/74 179/92/74
f 174/66/75 179/92/75 176/68/75
f 176/68/76 179/92/76 216/81/76
f 179/92/77 227/83/77 216/81/77
f 1643/94/78 1642/95/78 1645/96/78
f 416/84/79 403/97/79 404/87/79
f 403/97/80 376/98/80 404/87/80
f 681/99/81 680/100/81 675/72/81
f 680/100/82 682/89/82 676/88/82
f 675/72/83 680/100/83 676/88/83
f 153/101/84 152/90/84 154/75/84
f 152/90/85 170/102/85 155/76/85
f 155/76/86 170/102/86 171/65/86
f 180/91/87 182/103/87 181/93/87
f 1639/104/88 1640/105/88 1644/106/88
f 1644/106/89 1640/105/89 1643/94/89
f 1640/105/90 1642/95/90 1643/94/90
f 377/107/91 376/98/91 403/97/91
f 680/100/92 683/108/92 682/89/92
f 575/109/93 577/110/93 579/111/93
f 170/102/94 183/112/94 171/65/94
f 183/112/95 180/91/95 171/65/95
f 183/112/96 182/103/96 180/91/96
f 1637/113/97 1636/114/97 1639/104/97
f 182/103/98 228/115/98 181/93/98
f 149/116/99 152/90/99 153/101/99
f 1636/114/100 1646/117/100 1641/118/100
f 229/119/101 228/115/101 182/103/101
f 375/120/102 376/98/102 377/107/102
f 149/116/103 148/121/103 152/90/103
f 148/121/104 172/122/104 152/90/104
f 152/90/105 172/122/105 170/102/105
f 170/102/106 185/123/106 183/112/106
f 170/102/107 172/122/107 185/123/107
f 1634/124/108 1646/117/108 1636/114/108
f 183/112/109 185/123/109 184/125/109
f 184/125/110 229/119/110 182/103/110
f 183/112/111 184/125/111 182/103/111
f 1638/126/112 1633/127/112 1637/113/112
f 1637/113/113 1633/127/113 1636/114/113
f 377/107/114 378/128/114 375/120/114
f 148/121/115 173/129/115 172/122/115
f 1634/124/116 1635/130/116 1646/117/116
f 1647/131/117 1638/126/117 1649/132/117
f 379/133/118 375/120/118 378/128/118
f 147/134/119 149/116/119 153/101/119
f 147/134/120 148/121/120 149/116/120
f 172/122/121 173/129/121 185/123/121
f 185/123/122 186/135/122 184/125/122
f 1647/131/123 1633/127/123 1638/126/123
f 147/134/124 146/136/124 148/121/124
f 146/136/125 173/129/125 148/121/125
f 1632/137/126 1635/130/126 1634/124/126
f 173/129/127 186/135/127 185/123/127
f 1633/127/128 1632/137/128 1634/124/128
f 1650/138/129 1647/131/129 1649/132/129
f 186/135/130 187/139/130 184/125/130
f 1647/131/131 1631/140/131 1633/127/131
f 380/141/132 379/133/132 378/128/132
f 380/141/133 381/142/133 379/133/133
f 1656/143/134 1631/140/134 1647/131/134
f 145/144/135 144/145/135 146/136/135
f 145/144/136 146/136/136 147/134/136
f 146/136/137 177/146/137 173/129/137
f 188/147/138 186/135/138 173/129/138
f 1631/140/139 1630/148/139 1632/137/139
f 177/146/140 188/147/140 173/129/140
f 1631/140/141 1629/149/141 1630/148/141
f 188/147/142 187/139/142 186/135/142
f 1656/143/143 1629/149/143 1631/140/143
f 144/145/144 163/150/144 146/136/144
f 146/136/145 163/150/145 177/146/145
f 177/146/146 189/151/146 188/147/146
f 188/147/147 189/151/147 187/139/147
f 1657/152/148 1658/153/148 1659/154/148
f 143/155/149 144/145/149 145/144/149
f 163/150/150 189/151/150 177/146/150
f 382/156/151 381/142/151 380/141/151
f 143/155/152 142/157/152 144/145/152
f 1629/149/153 1628/158/153 1630/148/153
f 383/159/154 381/142/154 382/156/154
f 1660/160/155 1658/153/155 1657/152/155
f 189/151/156 190/161/156 187/139/156
f 1625/162/157 1623/163/157 1656/143/157
f 1656/143/158 1623/163/158 1629/149/158
f 142/157/159 163/150/159 144/145/159
f 163/150/160 191/164/160 189/151/160
f 1629/149/161 1623/163/161 1628/158/161
f 191/164/162 190/161/162 189/151/162
f 1623/163/163 1622/165/163 1628/158/163
f 457/166/164 456/167/164 429/168/164
f 384/169/165 383/159/165 382/156/165
f 142/157/166 157/170/166 163/150/166
f 421/171/167 429/168/167 456/167/167
f 150/172/168 142/157/168 141/173/168
f 303/174/169 300/175/169 285/176/169
f 163/150/170 193/177/170 191/164/170
f 191/164/171 192/178/171 190/161/171
f 192/178/172 218/179/172 190/161/172
f 384/169/173 385/180/173 383/159/173
f 137/181/174 138/182/174 140/183/174
f 157/170/175 193/177/175 163/150/175
f 1623/163/176 1624/184/176 1619/185/176
f 1623/163/177 1619/185/177 1622/165/177
f 193/177/178 192/178/178 191/164/178
f 1625/162/179 1624/184/179 1623/163/179
f 150/172/180 151/186/180 142/157/180
f 142/157/181 151/186/181 157/170/181
f 1619/185/182 1618/187/182 1622/165/182
f 192/178/183 198/188/183 218/179/183
f 965/189/184 962/190/184 961/191/184
f 961/191/185 962/190/185 963/192/185
f 961/191/186 963/192/186 964/193/186
f 386/194/187 385/180/187 384/169/187
f 314/195/188 321/196/188 320/197/188
f 314/195/189 320/197/189 315/198/189
f 158/199/190 157/170/190 151/186/190
f 1619/185/191 1617/200/191 1618/187/191
f 315/198/192 320/197/192 322/201/192
f 1651/202/193 1627/203/193 1625/162/193
f 1625/162/194 1627/203/194 1624/184/194
f 1655/204/195 1651/202/195 1625/162/195
f 965/189/196 966/205/196 962/190/196
f 321/196/197 323/206/197 320/197/197
f 137/181/198 130/207/198 138/182/198
f 1620/208/199 1617/200/199 1619/185/199
f 1621/209/200 1620/208/200 1619/185/200
f 158/199/201 193/177/201 157/170/201
f 193/177/202 194/210/202 192/178/202
f 966/205/203 967/211/203 962/190/203
f 962/190/204 967/211/204 963/192/204
f 963/192/205 967/211/205 968/212/205
f 663/213/206 664/5/206 668/7/206
f 387/214/207 389/215/207 385/180/207
f 387/214/208 385/180/208 386/194/208
f 390/216/209 407/217/209 389/215/209
f 558/218/210 550/219/210 557/220/210
f 557/220/211 550/219/211 551/221/211
f 1661/222/212 1662/223/212 1663/224/212
f 1617/200/213 1616/225/213 1618/187/213
f 194/210/214 197/226/214 198/188/214
f 194/210/215 198/188/215 192/178/215
f 555/227/216 556/228/216 549/229/216
f 555/227/217 549/229/217 554/230/217
f 556/228/218 548/231/218 549/229/218
f 554/230/219 549/229/219 550/219/219
f 390/216/220 389/215/220 387/214/220
f 549/229/221 546/232/221 550/219/221
f 151/186/222 159/233/222 158/199/222
f 546/232/223 552/234/223 551/221/223
f 546/232/224 551/221/224 550/219/224
f 137/181/225 128/235/225 130/207/225
f 158/199/226 195/236/226 193/177/226
f 1525/237/227 1524/238/227 1523/239/227
f 1523/239/228 1524/238/228 1520/240/228
f 1523/239/229 1520/240/229 1522/241/229
f 1520/240/230 1521/242/230 1522/241/230
f 551/221/231 552/234/231 553/243/231
f 1615/244/232 1616/225/232 1617/200/232
f 1651/202/233 1652/245/233 1627/203/233
f 197/226/234 230/246/234 198/188/234
f 1655/204/235 1654/247/235 1651/202/235
f 548/231/236 546/232/236 549/229/236
f 548/231/237 544/248/237 546/232/237
f 160/249/238 159/233/238 151/186/238
f 544/248/239 545/250/239 546/232/239
f 544/248/240 547/251/240 545/250/240
f 158/199/241 159/233/241 195/236/241
f 195/236/242 194/210/242 193/177/242
f 1651/202/243 1653/252/243 1652/245/243
f 1654/247/244 1653/252/244 1651/202/244
f 388/253/245 387/214/245 386/194/245
f 406/254/246 407/217/246 390/216/246
f 128/235/247 129/255/247 130/207/247
f 194/210/248 196/256/248 197/226/248
f 387/214/249 391/257/249 390/216/249
f 391/257/250 406/254/250 390/216/250
f 161/258/251 159/233/251 160/249/251
f 127/259/252 122/260/252 121/261/252
f 127/259/253 121/261/253 128/235/253
f 194/210/254 195/236/254 196/256/254
f 197/226/255 226/262/255 230/246/255
f 388/253/256 391/257/256 387/214/256
f 162/263/257 159/233/257 161/258/257
f 128/235/258 121/261/258 129/255/258
f 162/263/259 195/236/259 159/233/259
f 196/256/260 226/262/260 197/226/260
f 411/264/261 410/265/261 388/253/261
f 391/257/262 405/266/262 406/254/262
f 162/263/263 200/267/263 195/236/263
f 123/268/264 113/269/264 122/260/264
f 200/267/265 199/270/265 195/236/265
f 195/236/266 199/270/266 196/256/266
f 118/271/267 113/269/267 123/268/267
f 395/272/268 391/257/268 388/253/268
f 165/273/269 162/263/269 161/258/269
f 162/263/270 208/274/270 200/267/270
f 122/260/271 113/269/271 106/275/271
f 199/270/272 215/276/272 196/256/272
f 395/272/273 396/277/273 391/257/273
f 396/277/274 405/266/274 391/257/274
f 166/278/275 167/279/275 165/273/275
f 166/278/276 165/273/276 161/258/276
f 121/261/277 124/280/277 129/255/277
f 122/260/278 100/281/278 121/261/278
f 165/273/279 208/274/279 162/263/279
f 106/275/280 100/281/280 122/260/280
f 208/274/281 201/282/281 200/267/281
f 201/282/282 199/270/282 200/267/282
f 118/271/283 110/283/283 113/269/283
f 196/256/284 215/276/284 226/262/284
f 410/265/285 395/272/285 388/253/285
f 397/284/286 396/277/286 395/272/286
f 396/277/287 400/285/287 405/266/287
f 168/286/288 167/279/288 166/278/288
f 167/279/289 208/274/289 165/273/289
f 201/282/290 202/287/290 199/270/290
f 100/281/291 93/288/291 121/261/291
f 110/283/292 106/275/292 113/269/292
f 215/276/293 237/289/293 226/262/293
f 112/290/294 110/283/294 118/271/294
f 424/291/295 410/265/295 425/292/295
f 396/277/296 399/293/296 400/285/296
f 169/294/297 167/279/297 168/286/297
f 167/279/298 206/295/298 208/274/298
f 206/295/299 201/282/299 208/274/299
f 112/290/300 109/296/300 110/283/300
f 436/297/301 447/298/301 460/299/301
f 447/298/302 508/300/302 460/299/302
f 432/301/303 427/302/303 436/297/303
f 436/297/304 427/302/304 447/298/304
f 425/292/305 427/302/305 432/301/305
f 397/284/306 398/303/306 396/277/306
f 399/293/307 408/304/307 400/285/307
f 169/294/308 209/305/308 167/279/308
f 209/305/309 206/295/309 167/279/309
f 106/275/310 103/306/310 100/281/310
f 206/295/311 205/307/311 201/282/311
f 110/283/312 107/308/312 106/275/312
f 201/282/313 205/307/313 202/287/313
f 202/287/314 203/309/314 199/270/314
f 199/270/315 219/310/315 215/276/315
f 215/276/316 219/310/316 237/289/316
f 437/311/317 432/301/317 436/297/317
f 437/311/318 436/297/318 460/299/318
f 425/292/319 432/301/319 433/312/319
f 100/281/320 99/313/320 93/288/320
f 103/306/321 99/313/321 100/281/321
f 209/305/322 207/314/322 206/295/322
f 202/287/323 205/307/323 204/315/323
f 202/287/324 204/315/324 203/309/324
f 132/316/325 131/317/325 112/290/325
f 199/270/326 203/309/326 219/310/326
f 136/318/327 132/316/327 112/290/327
f 432/301/328 438/319/328 433/312/328
f 398/303/329 401/320/329 399/293/329
f 409/321/330 408/304/330 399/293/330
f 56/322/331 44/323/331 55/324/331
f 206/295/332 207/314/332 205/307/332
f 109/296/333 108/325/333 107/308/333
f 204/315/334 213/326/334 203/309/334
f 1268/327/335 1265/328/335 1271/329/335
f 433/312/336 431/330/336 424/291/336
f 1954/331/337 2381/332/337 1955/333/337
f 44/323/338 47/334/338 55/324/338
f 209/305/339 214/335/339 207/314/339
f 106/275/340 105/336/340 103/306/340
f 107/308/341 105/336/341 106/275/341
f 205/307/342 211/337/342 204/315/342
f 107/308/343 108/325/343 105/336/343
f 204/315/344 211/337/344 217/338/344
f 204/315/345 217/338/345 213/326/345
f 1269/339/346 1264/340/346 1270/341/346
f 1264/340/347 1265/328/347 1268/327/347
f 1270/341/348 1264/340/348 1268/327/348
f 2670/342/349 2671/343/349 2672/344/349
f 401/320/350 398/303/350 412/345/350
f 401/320/351 402/346/351 399/293/351
f 402/346/352 409/321/352 399/293/352
f 93/288/353 85/347/353 92/348/353
f 207/314/354 210/349/354 205/307/354
f 210/349/355 211/337/355 205/307/355
f 133/350/356 134/351/356 131/317/356
f 132/316/357 133/350/357 131/317/357
f 1265/328/358 1272/352/358 1271/329/358
f 44/323/359 38/353/359 47/334/359
f 214/335/360 212/354/360 207/314/360
f 117/355/361 116/356/361 105/336/361
f 108/325/362 117/355/362 105/336/362
f 1164/357/363 1165/358/363 1253/359/363
f 1269/339/364 1262/360/364 1264/340/364
f 1264/340/365 1262/360/365 1263/361/365
f 1264/340/366 1263/361/366 1265/328/366
f 401/320/367 423/362/367 415/363/367
f 401/320/368 415/363/368 402/346/368
f 223/364/369 212/354/369 214/335/369
f 103/306/370 98/365/370 99/313/370
f 212/354/371 210/349/371 207/314/371
f 105/336/372 98/365/372 103/306/372
f 1276/366/373 1188/367/373 1253/359/373
f 133/350/374 135/368/374 126/369/374
f 133/350/375 126/369/375 134/351/375
f 1263/361/376 1267/370/376 1265/328/376
f 1265/328/377 1267/370/377 1272/352/377
f 475/371/378 490/372/378 472/373/378
f 472/373/379 491/374/379 440/375/379
f 42/376/380 35/377/380 44/323/380
f 44/323/381 35/377/381 38/353/381
f 105/336/382 116/356/382 98/365/382
f 1188/367/383 1164/357/383 1253/359/383
f 117/355/384 125/378/384 116/356/384
f 126/369/385 125/378/385 117/355/385
f 1165/358/386 1128/379/386 1269/339/386
f 1269/339/387 1128/379/387 1262/360/387
f 223/364/388 222/380/388 212/354/388
f 1164/357/389 1128/379/389 1165/358/389
f 1128/379/390 1261/381/390 1262/360/390
f 1262/360/391 1261/381/391 1263/361/391
f 1263/361/392 1261/381/392 1266/382/392
f 1263/361/393 1266/382/393 1267/370/393
f 402/346/394 415/363/394 420/383/394
f 42/376/395 34/384/395 35/377/395
f 85/347/396 98/365/396 83/385/396
f 116/356/397 115/386/397 98/365/397
f 1164/357/398 1151/387/398 1128/379/398
f 1835/388/399 1831/389/399 1834/390/399
f 135/368/400 139/391/400 126/369/400
f 35/377/401 36/392/401 38/353/401
f 98/365/402 101/393/402 83/385/402
f 115/386/403 101/393/403 98/365/403
f 1836/394/404 1839/395/404 1838/396/404
f 1188/367/405 1151/387/405 1164/357/405
f 1167/397/406 1166/398/406 1261/381/406
f 1834/390/407 1836/394/407 1838/396/407
f 1831/389/408 1830/399/408 1828/400/408
f 1831/389/409 1828/400/409 1834/390/409
f 1167/397/410 1076/401/410 1166/398/410
f 57/402/411 29/403/411 34/384/411
f 34/384/412 23/404/412 35/377/412
f 35/377/413 23/404/413 36/392/413
f 83/385/414 84/405/414 81/406/414
f 212/354/415 220/407/415 210/349/415
f 119/408/416 101/393/416 115/386/416
f 1839/395/417 1836/394/417 1841/409/417
f 1126/410/418 1076/401/418 1128/379/418
f 1830/399/419 1829/411/419 1828/400/419
f 1128/379/420 1076/401/420 1167/397/420
f 1076/401/421 1067/412/421 1166/398/421
f 1837/413/422 1842/414/422 1829/411/422
f 1837/413/423 1829/411/423 1830/399/423
f 34/384/424 29/403/424 23/404/424
f 269/415/425 268/416/425 267/417/425
f 23/404/426 31/418/426 36/392/426
f 101/393/427 84/405/427 83/385/427
f 222/380/428 221/419/428 212/354/428
f 212/354/429 221/419/429 220/407/429
f 1252/420/430 1187/421/430 1276/366/430
f 1276/366/431 1187/421/431 1188/367/431
f 1834/390/432 1828/400/432 1836/394/432
f 1151/387/433 1126/410/433 1128/379/433
f 1076/401/434 1057/422/434 1067/412/434
f 1836/394/435 1896/423/435 1841/409/435
f 1187/421/436 1151/387/436 1188/367/436
f 1126/410/437 1056/424/437 1076/401/437
f 1076/401/438 1056/424/438 1057/422/438
f 31/418/439 30/425/439 36/392/439
f 1187/421/440 1159/426/440 1151/387/440
f 1828/400/441 1896/423/441 1836/394/441
f 30/425/442 53/427/442 36/392/442
f 102/428/443 96/429/443 101/393/443
f 1829/411/444 1826/430/444 1828/400/444
f 1151/387/445 1127/431/445 1126/410/445
f 1057/422/446 1065/432/446 1067/412/446
f 1842/414/447 1826/430/447 1829/411/447
f 119/408/448 102/428/448 101/393/448
f 1828/400/449 1825/433/449 1896/423/449
f 1826/430/450 1825/433/450 1828/400/450
f 1126/410/451 1127/431/451 1056/424/451
f 1056/424/452 1055/434/452 1057/422/452
f 1842/414/453 1827/435/453 1826/430/453
f 23/404/454 30/425/454 31/418/454
f 1187/421/455 1175/436/455 1159/426/455
f 1056/424/456 1053/437/456 1055/434/456
f 1055/434/457 1065/432/457 1057/422/457
f 29/403/458 9/438/458 23/404/458
f 119/408/459 114/439/459 102/428/459
f 1252/420/460 1175/436/460 1187/421/460
f 1896/423/461 1817/440/461 1841/409/461
f 58/441/462 9/438/462 29/403/462
f 96/429/463 87/442/463 84/405/463
f 1841/409/464 1817/440/464 1815/443/464
f 1159/426/465 1129/444/465 1151/387/465
f 1151/387/466 1129/444/466 1127/431/466
f 9/438/467 10/445/467 23/404/467
f 23/404/468 10/445/468 30/425/468
f 102/428/469 95/446/469 96/429/469
f 1896/423/470 1818/447/470 1817/440/470
f 1825/433/471 1818/447/471 1896/423/471
f 1826/430/472 1824/448/472 1825/433/472
f 1053/437/473 1054/449/473 1055/434/473
f 1055/434/474 1054/449/474 1065/432/474
f 1826/430/475 1827/435/475 1824/448/475
f 465/450/476 462/451/476 449/452/476
f 1825/433/477 1824/448/477 1818/447/477
f 1127/431/478 1053/437/478 1056/424/478
f 10/445/479 24/453/479 30/425/479
f 221/419/480 224/454/480 220/407/480
f 1827/435/481 1840/455/481 1824/448/481
f 1053/437/482 1052/456/482 1054/449/482
f 1054/449/483 1066/457/483 1065/432/483
f 95/446/484 89/458/484 87/442/484
f 24/453/485 39/459/485 30/425/485
f 30/425/486 39/459/486 53/427/486
f 221/419/487 225/460/487 224/454/487
f 102/428/488 114/439/488 95/446/488
f 1252/420/489 1248/461/489 1175/436/489
f 9/438/490 7/462/490 10/445/490
f 1175/436/491 1170/463/491 1159/426/491
f 1824/448/492 1820/464/492 1818/447/492
f 1129/444/493 1053/437/493 1127/431/493
f 54/465/494 8/466/494 9/438/494
f 9/438/495 8/466/495 7/462/495
f 1818/447/496 1813/467/496 1817/440/496
f 1170/463/497 1129/444/497 1159/426/497
f 1824/448/498 1840/455/498 1820/464/498
f 1248/461/499 1170/463/499 1175/436/499
f 1817/440/500 1813/467/500 1815/443/500
f 1820/464/501 1819/468/501 1818/447/501
f 1818/447/502 1819/468/502 1813/467/502
f 1052/456/503 1058/469/503 1054/449/503
f 10/445/504 7/462/504 24/453/504
f 1813/467/505 1814/470/505 1815/443/505
f 1129/444/506 1050/471/506 1053/437/506
f 1053/437/507 1050/471/507 1052/456/507
f 24/453/508 25/472/508 39/459/508
f 114/439/509 111/473/509 94/474/509
f 114/439/510 94/474/510 95/446/510
f 1840/455/511 1877/475/511 1820/464/511
f 1994/476/512 1989/477/512 1992/478/512
f 24/453/513 7/462/513 25/472/513
f 1814/470/514 1816/479/514 1815/443/514
f 1819/468/515 1843/480/515 1813/467/515
f 1054/449/516 1058/469/516 1066/457/516
f 54/465/517 5/481/517 8/466/517
f 8/466/518 5/481/518 7/462/518
f 39/459/519 25/472/519 49/482/519
f 225/460/520 231/483/520 224/454/520
f 111/473/521 97/484/521 94/474/521
f 1813/467/522 1808/485/522 1814/470/522
f 1170/463/523 1163/486/523 1129/444/523
f 1820/464/524 1821/487/524 1819/468/524
f 1877/475/525 1821/487/525 1820/464/525
f 1052/456/526 1050/471/526 1051/488/526
f 1052/456/527 1051/488/527 1058/469/527
f 1066/457/528 1058/469/528 1070/489/528
f 7/462/529 5/481/529 3/490/529
f 231/483/530 236/491/530 224/454/530
f 1813/467/531 1811/492/531 1808/485/531
f 1843/480/532 1811/492/532 1813/467/532
f 822/493/533 821/494/533 820/495/533
f 462/451/534 466/496/534 463/497/534
f 3/490/535 25/472/535 7/462/535
f 1819/468/536 1821/487/536 1822/498/536
f 1129/444/537 1138/499/537 1050/471/537
f 1050/471/538 1019/500/538 1051/488/538
f 1051/488/539 1059/501/539 1058/469/539
f 1058/469/540 1059/501/540 1070/489/540
f 69/502/541 74/503/541 64/504/541
f 97/484/542 74/503/542 69/502/542
f 1877/475/543 1823/505/543 1821/487/543
f 1878/506/544 1879/507/544 1877/475/544
f 821/494/545 819/508/545 820/495/545
f 5/481/546 1/509/546 3/490/546
f 111/473/547 120/510/547 97/484/547
f 1248/461/548 1183/511/548 1170/463/548
f 1808/485/549 1882/512/549 1814/470/549
f 1814/470/550 1882/512/550 1816/479/550
f 1170/463/551 1183/511/551 1163/486/551
f 1843/480/552 1848/513/552 1811/492/552
f 1879/507/553 1823/505/553 1877/475/553
f 1821/487/554 1823/505/554 1822/498/554
f 821/494/555 812/514/555 819/508/555
f 2027/515/556 2499/516/556 2039/517/556
f 1249/518/557 1183/511/557 1248/461/557
f 1163/486/558 1138/499/558 1129/444/558
f 820/495/559 819/508/559 818/519/559
f 1019/500/560 1018/520/560 1051/488/560
f 1051/488/561 1018/520/561 1059/501/561
f 1878/506/562 1886/521/562 1879/507/562
f 3/490/563 27/522/563 25/472/563
f 25/472/564 50/523/564 49/482/564
f 120/510/565 104/524/565 97/484/565
f 1848/513/566 1807/525/566 1811/492/566
f 1811/492/567 1807/525/567 1808/485/567
f 801/526/568 828/527/568 821/494/568
f 821/494/569 828/527/569 812/514/569
f 1018/520/570 1075/528/570 1059/501/570
f 1886/521/571 1887/529/571 1879/507/571
f 51/530/572 1/509/572 5/481/572
f 25/472/573 27/522/573 50/523/573
f 1808/485/574 1754/531/574 1882/512/574
f 790/532/575 789/533/575 801/526/575
f 812/514/576 800/534/576 819/508/576
f 819/508/577 800/534/577 818/519/577
f 1018/520/578 1017/535/578 1075/528/578
f 1075/528/579 1017/535/579 1190/536/579
f 802/537/580 788/538/580 790/532/580
f 2/539/581 27/522/581 3/490/581
f 1807/525/582 1754/531/582 1808/485/582
f 801/526/583 789/533/583 792/540/583
f 801/526/584 792/540/584 828/527/584
f 790/532/585 788/538/585 789/533/585
f 1488/541/586 1490/542/586 1489/543/586
f 1/509/587 2/539/587 3/490/587
f 231/483/588 238/544/588 236/491/588
f 1882/512/589 1796/545/589 1762/546/589
f 1754/531/590 1756/547/590 1882/512/590
f 1882/512/591 1756/547/591 1796/545/591
f 818/519/592 800/534/592 817/548/592
f 800/534/593 799/549/593 817/548/593
f 1018/520/594 1015/550/594 1017/535/594
f 828/527/595 798/551/595 812/514/595
f 812/514/596 798/551/596 800/534/596
f 834/552/597 815/553/597 788/538/597
f 1485/554/598 1487/555/598 1488/541/598
f 1485/554/599 1488/541/599 1489/543/599
f 1598/556/600 1588/557/600 1600/558/600
f 1588/557/601 1532/559/601 1600/558/601
f 74/503/602 104/524/602 75/560/602
f 1183/511/603 1153/561/603 1163/486/603
f 1849/562/604 1751/563/604 1807/525/604
f 1807/525/605 1751/563/605 1754/531/605
f 1138/499/606 1049/564/606 1050/471/606
f 1050/471/607 1049/564/607 1019/500/607
f 1019/500/608 1015/550/608 1018/520/608
f 1015/550/609 1014/565/609 1017/535/609
f 792/540/610 798/551/610 828/527/610
f 798/551/611 796/566/611 800/534/611
f 800/534/612 796/566/612 799/549/612
f 1465/567/613 1458/568/613 1448/569/613
f 788/538/614 786/570/614 789/533/614
f 835/571/615 815/553/615 834/552/615
f 1465/567/616 1448/569/616 1459/572/616
f 815/553/617 785/573/617 788/538/617
f 785/573/618 786/570/618 788/538/618
f 835/571/619 814/574/619 815/553/619
f 814/574/620 785/573/620 815/553/620
f 1486/575/621 1487/555/621 1485/554/621
f 1602/576/622 1584/577/622 1598/556/622
f 1598/556/623 1584/577/623 1588/557/623
f 875/578/624 883/579/624 861/580/624
f 1163/486/625 1153/561/625 1138/499/625
f 1019/500/626 1020/581/626 1015/550/626
f 792/540/627 797/582/627 798/551/627
f 789/533/628 786/570/628 792/540/628
f 814/574/629 787/583/629 785/573/629
f 1602/576/630 1569/584/630 1584/577/630
f 1584/577/631 1560/585/631 1588/557/631
f 1560/585/632 1531/586/632 1588/557/632
f 1588/557/633 1531/586/633 1532/559/633
f 1532/559/634 1531/586/634 1530/587/634
f 1849/562/635 1810/588/635 1751/563/635
f 1019/500/636 1049/564/636 1020/581/636
f 1014/565/637 1015/550/637 1016/589/637
f 786/570/638 776/590/638 792/540/638
f 792/540/639 776/590/639 797/582/639
f 785/573/640 783/591/640 786/570/640
f 1459/572/641 1460/592/641 1461/593/641
f 1592/594/642 1569/584/642 1602/576/642
f 1482/595/643 1486/575/643 1485/554/643
f 1482/595/644 1485/554/644 1484/596/644
f 1569/584/645 1560/585/645 1584/577/645
f 1528/597/646 1527/598/646 1552/599/646
f 906/600/647 907/601/647 905/602/647
f 51/530/648 46/603/648 1/509/648
f 27/522/649 41/604/649 50/523/649
f 1015/550/650 1020/581/650 1021/605/650
f 1370/606/651 1371/607/651 1372/608/651
f 1372/608/652 1371/607/652 1373/609/652
f 798/551/653 797/582/653 796/566/653
f 1480/610/654 1482/595/654 1484/596/654
f 1560/585/655 1540/611/655 1531/586/655
f 1531/586/656 1540/611/656 1541/612/656
f 1510/613/657 1509/614/657 1507/615/657
f 238/544/658 239/616/658 236/491/658
f 1249/518/659 1246/617/659 1183/511/659
f 1753/618/660 1751/563/660 1810/588/660
f 1804/619/661 1803/620/661 1802/621/661
f 787/583/662 782/622/662 785/573/662
f 1460/592/663 1462/623/663 1461/593/663
f 814/574/664 827/624/664 787/583/664
f 917/625/665 877/626/665 895/627/665
f 1552/599/666 1541/612/666 1544/628/666
f 2/539/667 26/629/667 27/522/667
f 27/522/668 26/629/668 41/604/668
f 1762/546/669 1761/630/669 1763/631/669
f 1183/511/670 1184/632/670 1153/561/670
f 1753/618/671 1752/633/671 1751/563/671
f 1805/634/672 1812/635/672 1898/636/672
f 797/582/673 793/637/673 796/566/673
f 783/591/674 776/590/674 786/570/674
f 1460/592/675 1431/638/675 1462/623/675
f 827/624/676 808/639/676 787/583/676
f 895/627/677 877/626/677 869/640/677
f 1558/641/678 1540/611/678 1560/585/678
f 1569/584/679 1558/641/679 1560/585/679
f 1574/642/680 1585/643/680 1586/644/680
f 1384/645/681 1383/646/681 1386/647/681
f 1754/531/682 1755/648/682 1756/547/682
f 1812/635/683 1749/649/683 1809/650/683
f 1752/633/684 1749/649/684 1751/563/684
f 1138/499/685 1123/651/685 1049/564/685
f 1802/621/686 1746/652/686 1748/653/686
f 1802/621/687 1748/653/687 1805/634/687
f 1805/634/688 1748/653/688 1812/635/688
f 1803/620/689 1745/654/689 1802/621/689
f 787/583/690 803/655/690 782/622/690
f 808/639/691 803/655/691 787/583/691
f 1481/656/692 1480/610/692 1483/657/692
f 897/658/693 917/625/693 895/627/693
f 1595/659/694 1570/660/694 1592/594/694
f 1480/610/695 1481/656/695 1482/595/695
f 1569/584/696 1570/660/696 1558/641/696
f 1540/611/697 1538/661/697 1541/612/697
f 902/662/698 903/663/698 901/664/698
f 1563/665/699 1543/666/699 1567/667/699
f 1507/615/700 1505/668/700 1506/669/700
f 1314/670/701 1315/671/701 1312/672/701
f 1246/617/702 1184/632/702 1183/511/702
f 1812/635/703 1748/653/703 1749/649/703
f 1020/581/704 1022/673/704 1021/605/704
f 1802/621/705 1745/654/705 1746/652/705
f 795/674/706 791/675/706 794/676/706
f 793/637/707 791/675/707 796/566/707
f 1431/638/708 1450/677/708 1462/623/708
f 803/655/709 779/678/709 782/622/709
f 1462/623/710 1450/677/710 1463/679/710
f 756/680/711 750/681/711 755/682/711
f 1595/659/712 1580/683/712 1570/660/712
f 1558/641/713 1536/684/713 1540/611/713
f 1536/684/714 1538/661/714 1540/611/714
f 1541/612/715 1538/661/715 1543/666/715
f 1543/666/716 1565/685/716 1567/667/716
f 1567/667/717 1565/685/717 1574/642/717
f 1574/642/718 1573/686/718 1585/643/718
f 41/604/719 40/687/719 50/523/719
f 1749/649/720 1750/688/720 1751/563/720
f 1138/499/721 1153/561/721 1123/651/721
f 1123/651/722 1020/581/722 1049/564/722
f 776/590/723 775/689/723 797/582/723
f 797/582/724 775/689/724 793/637/724
f 782/622/725 766/690/725 783/591/725
f 779/678/726 767/691/726 782/622/726
f 896/692/727 897/658/727 895/627/727
f 1593/693/728 1580/683/728 1595/659/728
f 982/694/729 983/695/729 984/696/729
f 1574/642/730 1565/685/730 1573/686/730
f 1505/668/731 1504/697/731 1503/698/731
f 1505/668/732 1503/698/732 1506/669/732
f 46/603/733 45/699/733 1/509/733
f 77/700/734 71/701/734 75/560/734
f 1756/547/735 1758/702/735 1796/545/735
f 1748/653/736 1747/703/736 1749/649/736
f 1020/581/737 1023/704/737 1022/673/737
f 783/591/738 766/690/738 776/590/738
f 776/590/739 766/690/739 775/689/739
f 782/622/740 767/691/740 766/690/740
f 750/681/741 752/705/741 755/682/741
f 808/639/742 832/706/742 806/707/742
f 808/639/743 806/707/743 803/655/743
f 985/708/744 983/695/744 982/694/744
f 854/709/745 897/658/745 896/692/745
f 1580/683/746 1562/710/746 1570/660/746
f 1570/660/747 1562/710/747 1558/641/747
f 1539/711/748 1536/684/748 1558/641/748
f 1536/684/749 1533/712/749 1538/661/749
f 1503/698/750 1508/713/750 1506/669/750
f 1/509/751 4/714/751 2/539/751
f 2/539/752 4/714/752 26/629/752
f 1762/546/753 1758/702/753 1761/630/753
f 1751/563/754 1750/688/754 1754/531/754
f 1754/531/755 1750/688/755 1755/648/755
f 1153/561/756 1154/715/756 1123/651/756
f 1576/716/757 1562/710/757 1580/683/757
f 1593/693/758 1576/716/758 1580/683/758
f 1543/666/759 1557/717/759 1565/685/759
f 1565/685/760 1557/717/760 1573/686/760
f 1503/698/761 1502/718/761 1508/713/761
f 26/629/762 40/687/762 41/604/762
f 1184/632/763 1174/719/763 1153/561/763
f 1749/649/764 1747/703/764 1750/688/764
f 1748/653/765 1746/652/765 1747/703/765
f 1123/651/766 1124/720/766 1020/581/766
f 1745/654/767 1743/721/767 1746/652/767
f 791/675/768 773/722/768 794/676/768
f 775/689/769 791/675/769 793/637/769
f 1449/723/770 1438/724/770 1463/679/770
f 803/655/771 777/725/771 779/678/771
f 829/726/772 806/707/772 832/706/772
f 1599/727/773 1576/716/773 1593/693/773
f 1558/641/774 1562/710/774 1539/711/774
f 1539/711/775 1537/728/775 1536/684/775
f 1536/684/776 1534/729/776 1533/712/776
f 1538/661/777 1542/730/777 1543/666/777
f 45/699/778 6/731/778 1/509/778
f 1/509/779 6/731/779 4/714/779
f 242/732/780 240/733/780 238/544/780
f 238/544/781 240/733/781 239/616/781
f 1755/648/782 1757/734/782 1756/547/782
f 1756/547/783 1757/734/783 1758/702/783
f 1153/561/784 1174/719/784 1154/715/784
f 1124/720/785 1029/735/785 1020/581/785
f 825/736/786 764/737/786 765/738/786
f 777/725/787 768/739/787 767/691/787
f 1449/723/788 1426/740/788 1438/724/788
f 779/678/789 777/725/789 767/691/789
f 1463/679/790 1438/724/790 1464/741/790
f 750/681/791 751/742/791 752/705/791
f 803/655/792 804/743/792 777/725/792
f 752/705/793 751/742/793 753/744/793
f 806/707/794 804/743/794 803/655/794
f 1599/727/795 1577/745/795 1576/716/795
f 1537/728/796 1534/729/796 1536/684/796
f 1533/712/797 1535/746/797 1538/661/797
f 1538/661/798 1535/746/798 1542/730/798
f 1504/697/799 1501/747/799 1503/698/799
f 1503/698/800 1501/747/800 1502/718/800
f 829/726/801 807/748/801 806/707/801
f 1576/716/802 1561/749/802 1562/710/802
f 1562/710/803 1561/749/803 1539/711/803
f 1543/666/804 1542/730/804 1557/717/804
f 1502/718/805 1501/747/805 1497/750/805
f 1755/648/806 1801/751/806 1757/734/806
f 1747/703/807 1806/752/807 1750/688/807
f 1746/652/808 1743/721/808 1747/703/808
f 1023/704/809 1024/753/809 1022/673/809
f 1745/654/810 1744/754/810 1743/721/810
f 775/689/811 770/755/811 791/675/811
f 766/690/812 770/755/812 775/689/812
f 1438/724/813 1411/756/813 1464/741/813
f 753/744/814 751/742/814 754/757/814
f 807/748/815 804/743/815 806/707/815
f 850/758/816 852/759/816 854/709/816
f 1599/727/817 1597/760/817 1577/745/817
f 1557/717/818 1572/761/818 1573/686/818
f 1504/697/819 1496/762/819 1501/747/819
f 1246/617/820 1174/719/820 1184/632/820
f 1750/688/821 1801/751/821 1755/648/821
f 1743/721/822 1806/752/822 1747/703/822
f 1020/581/823 1029/735/823 1023/704/823
f 1023/704/824 1029/735/824 1025/763/824
f 1023/704/825 1025/763/825 1024/753/825
f 770/755/826 773/722/826 791/675/826
f 804/743/827 780/764/827 777/725/827
f 1597/760/828 1578/765/828 1577/745/828
f 1577/745/829 1561/749/829 1576/716/829
f 1501/747/830 1496/762/830 1497/750/830
f 1758/702/831 1760/766/831 1761/630/831
f 1806/752/832 1801/751/832 1750/688/832
f 770/755/833 771/767/833 773/722/833
f 1464/741/834 1411/756/834 1466/768/834
f 851/769/835 853/770/835 852/759/835
f 850/758/836 851/769/836 852/759/836
f 1594/771/837 1578/765/837 1597/760/837
f 1542/730/838 1547/772/838 1557/717/838
f 1557/717/839 1564/773/839 1572/761/839
f 4/714/840 12/774/840 26/629/840
f 77/700/841 78/775/841 71/701/841
f 1273/776/842 1174/719/842 1246/617/842
f 1757/734/843 1759/777/843 1758/702/843
f 1123/651/844 1154/715/844 1124/720/844
f 1744/754/845 1741/778/845 1743/721/845
f 1413/779/846 1416/780/846 1418/781/846
f 768/739/847 769/782/847 766/690/847
f 766/690/848 769/782/848 770/755/848
f 777/725/849 769/782/849 768/739/849
f 1411/756/850 1410/783/850 1466/768/850
f 807/748/851 805/784/851 804/743/851
f 804/743/852 805/784/852 780/764/852
f 1577/745/853 1578/765/853 1561/749/853
f 871/785/854 868/786/854 872/787/854
f 1561/749/855 1549/788/855 1539/711/855
f 1534/729/856 1545/789/856 1535/746/856
f 1535/746/857 1547/772/857 1542/730/857
f 1547/772/858 1556/790/858 1557/717/858
f 1496/762/859 1495/791/859 1494/792/859
f 1496/762/860 1494/792/860 1497/750/860
f 1758/702/861 1759/777/861 1760/766/861
f 1024/753/862 1025/763/862 1026/793/862
f 1741/778/863 1742/794/863 1743/721/863
f 1742/794/864 1884/795/864 1743/721/864
f 769/782/865 771/767/865 770/755/865
f 777/725/866 778/796/866 769/782/866
f 1438/724/867 1437/797/867 1411/756/867
f 780/764/868 778/796/868 777/725/868
f 691/798/869 687/799/869 690/800/869
f 1594/771/870 1579/801/870 1578/765/870
f 1549/788/871 1548/802/871 1539/711/871
f 1539/711/872 1548/802/872 1537/728/872
f 1545/789/873 1546/803/873 1535/746/873
f 1496/762/874 1498/804/874 1495/791/874
f 6/731/875 11/805/875 4/714/875
f 12/774/876 28/806/876 26/629/876
f 26/629/877 28/806/877 40/687/877
f 1806/752/878 1765/807/878 1801/751/878
f 1025/763/879 1029/735/879 1027/808/879
f 769/782/880 772/809/880 771/767/880
f 1411/756/881 1409/810/881 1410/783/881
f 805/784/882 781/811/882 780/764/882
f 687/799/883 689/812/883 690/800/883
f 851/769/884 855/813/884 853/770/884
f 1579/801/885 1571/814/885 1561/749/885
f 1537/728/886 1545/789/886 1534/729/886
f 1557/717/887 1556/790/887 1564/773/887
f 1498/804/888 1493/815/888 1495/791/888
f 1743/721/889 1884/795/889 1806/752/889
f 1884/795/890 1767/816/890 1806/752/890
f 773/722/891 810/817/891 759/818/891
f 781/811/892 778/796/892 780/764/892
f 1594/771/893 1601/819/893 1579/801/893
f 1548/802/894 1545/789/894 1537/728/894
f 1546/803/895 1547/772/895 1535/746/895
f 1498/804/896 1499/820/896 1493/815/896
f 71/701/897 78/775/897 73/821/897
f 243/822/898 240/733/898 242/732/898
f 1767/816/899 1765/807/899 1806/752/899
f 1801/751/900 1765/807/900 1757/734/900
f 772/809/901 810/817/901 773/722/901
f 771/767/902 772/809/902 773/722/902
f 778/796/903 774/823/903 769/782/903
f 687/799/904 688/824/904 689/812/904
f 823/825/905 816/826/905 805/784/905
f 816/826/906 781/811/906 805/784/906
f 1561/749/907 1559/827/907 1549/788/907
f 1547/772/908 1551/828/908 1556/790/908
f 1499/820/909 1500/829/909 1493/815/909
f 11/805/910 12/774/910 4/714/910
f 1760/766/911 1892/830/911 1893/831/911
f 1759/777/912 1892/830/912 1760/766/912
f 810/817/913 761/832/913 759/818/913
f 781/811/914 784/833/914 778/796/914
f 1551/828/915 1575/834/915 1556/790/915
f 45/699/916 21/835/916 6/731/916
f 6/731/917 21/835/917 11/805/917
f 28/806/918 52/836/918 40/687/918
f 1765/807/919 1764/837/919 1757/734/919
f 1757/734/920 1764/837/920 1759/777/920
f 1154/715/921 1152/838/921 1124/720/921
f 1124/720/922 1125/839/922 1029/735/922
f 1416/780/923 1422/840/923 1418/781/923
f 811/841/924 810/817/924 772/809/924
f 769/782/925 774/823/925 772/809/925
f 1436/842/926 1406/843/926 1409/810/926
f 778/796/927 784/833/927 774/823/927
f 1407/844/928 1406/843/928 1405/845/928
f 688/824/929 692/846/929 689/812/929
f 816/826/930 784/833/930 781/811/930
f 1591/847/931 1559/827/931 1571/814/931
f 1559/827/932 1555/848/932 1549/788/932
f 1555/848/933 1548/802/933 1549/788/933
f 1550/849/934 1551/828/934 1547/772/934
f 1550/849/935 1581/850/935 1551/828/935
f 1551/828/936 1581/850/936 1575/834/936
f 333/851/937 328/852/937 332/853/937
f 79/854/938 80/855/938 76/856/938
f 1892/830/939 1894/857/939 1893/831/939
f 1286/858/940 1255/859/940 1273/776/940
f 1273/776/941 1177/860/941 1174/719/941
f 1177/860/942 1162/861/942 1174/719/942
f 1174/719/943 1162/861/943 1154/715/943
f 774/823/944 809/862/944 772/809/944
f 1548/802/945 1554/863/945 1545/789/945
f 1545/789/946 1553/864/946 1546/803/946
f 1553/864/947 1550/849/947 1546/803/947
f 1546/803/948 1550/849/948 1547/772/948
f 2462/865/949 2459/866/949 2465/867/949
f 328/852/950 329/868/950 332/853/950
f 328/852/951 335/869/951 325/870/951
f 1936/871/952 1937/872/952 1938/873/952
f 1892/830/953 1915/874/953 1894/857/953
f 1884/795/954 1845/875/954 1767/816/954
f 809/862/955 811/841/955 772/809/955
f 784/833/956 809/862/956 774/823/956
f 1406/843/957 1404/876/957 1405/845/957
f 1555/848/958 1554/863/958 1548/802/958
f 1554/863/959 1553/864/959 1545/789/959
f 1553/864/960 1568/877/960 1550/849/960
f 329/868/961 328/852/961 324/878/961
f 328/852/962 325/870/962 324/878/962
f 28/806/963 37/879/963 52/836/963
f 1759/777/964 1797/880/964 1892/830/964
f 1273/776/965 1255/859/965 1177/860/965
f 1764/837/966 1797/880/966 1759/777/966
f 1767/816/967 1766/881/967 1765/807/967
f 1765/807/968 1766/881/968 1764/837/968
f 1162/861/969 1152/838/969 1154/715/969
f 1767/816/970 1845/875/970 1766/881/970
f 1029/735/971 1028/882/971 1027/808/971
f 1742/794/972 1845/875/972 1884/795/972
f 811/841/973 830/883/973 810/817/973
f 784/833/974 813/884/974 809/862/974
f 816/826/975 826/885/975 784/833/975
f 826/885/976 813/884/976 784/833/976
f 1559/827/977 1589/886/977 1555/848/977
f 1550/849/978 1568/877/978 1583/887/978
f 1915/874/979 1782/888/979 1901/889/979
f 1901/889/980 1907/890/980 1915/874/980
f 1937/872/981 1939/891/981 1938/873/981
f 1938/873/982 1939/891/982 1940/892/982
f 1892/830/983 1782/888/983 1915/874/983
f 1152/838/984 1125/839/984 1124/720/984
f 1025/763/985 1027/808/985 1026/793/985
f 1742/794/986 1740/893/986 1845/875/986
f 811/841/987 831/894/987 830/883/987
f 824/895/988 831/894/988 811/841/988
f 809/862/989 824/895/989 811/841/989
f 813/884/990 824/895/990 809/862/990
f 1404/876/991 1402/896/991 1401/897/991
f 1555/848/992 1587/898/992 1554/863/992
f 1554/863/993 1566/899/993 1553/864/993
f 1346/900/994 1345/901/994 1344/902/994
f 1553/864/995 1566/899/995 1568/877/995
f 329/868/996 324/878/996 330/903/996
f 12/774/997 11/805/997 13/904/997
f 12/774/998 13/904/998 28/806/998
f 1901/889/999 1903/905/999 1907/890/999
f 1764/837/1000 1768/906/1000 1797/880/1000
f 1027/808/1001 1028/882/1001 1026/793/1001
f 1741/778/1002 1740/893/1002 1742/794/1002
f 1433/907/1003 1412/908/1003 1434/909/1003
f 826/885/1004 833/910/1004 813/884/1004
f 1901/889/1005 1782/888/1005 1900/911/1005
f 1900/911/1006 1902/912/1006 1901/889/1006
f 324/878/1007 325/870/1007 326/913/1007
f 1901/889/1008 1902/912/1008 1903/905/1008
f 1907/890/1009 1903/905/1009 1905/914/1009
f 1907/890/1010 1905/914/1010 1914/915/1010
f 1914/915/1011 1905/914/1011 1909/916/1011
f 1892/830/1012 1776/917/1012 1782/888/1012
f 1797/880/1013 1776/917/1013 1892/830/1013
f 1764/837/1014 1766/881/1014 1768/906/1014
f 1890/918/1015 1766/881/1015 1845/875/1015
f 1740/893/1016 1890/918/1016 1845/875/1016
f 1412/908/1017 1403/919/1017 1408/920/1017
f 833/910/1018 836/921/1018 813/884/1018
f 813/884/1019 836/921/1019 824/895/1019
f 330/903/1020 324/878/1020 327/922/1020
f 531/923/1021 528/924/1021 532/925/1021
f 324/878/1022 326/913/1022 327/922/1022
f 1903/905/1023 1904/926/1023 1905/914/1023
f 1047/927/1024 1028/882/1024 1029/735/1024
f 1125/839/1025 1047/927/1025 1029/735/1025
f 530/928/1026 529/929/1026 528/924/1026
f 13/904/1027 15/930/1027 28/806/1027
f 28/806/1028 15/930/1028 37/879/1028
f 1904/926/1029 1906/931/1029 1905/914/1029
f 1905/914/1030 1906/931/1030 1908/932/1030
f 1255/859/1031 1178/933/1031 1177/860/1031
f 1890/918/1032 1794/934/1032 1766/881/1032
f 1028/882/1033 1030/935/1033 1026/793/1033
f 1844/936/1034 1739/937/1034 1741/778/1034
f 21/835/1035 22/938/1035 11/805/1035
f 534/939/1036 527/940/1036 529/929/1036
f 536/941/1037 527/940/1037 537/942/1037
f 1905/914/1038 1908/932/1038 1909/916/1038
f 1741/778/1039 1739/937/1039 1740/893/1039
f 534/939/1040 535/943/1040 527/940/1040
f 527/940/1041 535/943/1041 537/942/1041
f 1177/860/1042 1178/933/1042 1162/861/1042
f 22/938/1043 14/944/1043 11/805/1043
f 334/945/1044 331/946/1044 337/947/1044
f 534/939/1045 539/948/1045 535/943/1045
f 11/805/1046 14/944/1046 13/904/1046
f 1776/917/1047 1772/949/1047 1775/950/1047
f 1797/880/1048 1772/949/1048 1776/917/1048
f 1794/934/1049 1769/951/1049 1766/881/1049
f 1739/937/1050 1737/952/1050 1740/893/1050
f 489/953/1051 504/954/1051 503/955/1051
f 650/956/1052 644/957/1052 651/958/1052
f 1799/959/1053 1798/960/1053 1792/961/1053
f 535/943/1054 540/962/1054 538/963/1054
f 1941/964/1055 1942/965/1055 1943/966/1055
f 1943/966/1056 1942/965/1056 1944/967/1056
f 1288/968/1057 1254/969/1057 1286/858/1057
f 1286/858/1058 1254/969/1058 1255/859/1058
f 1768/906/1059 1772/949/1059 1797/880/1059
f 1769/951/1060 1768/906/1060 1766/881/1060
f 1890/918/1061 1875/970/1061 1794/934/1061
f 1028/882/1062 1031/971/1062 1030/935/1062
f 650/956/1063 642/972/1063 644/957/1063
f 1798/960/1064 1793/973/1064 1792/961/1064
f 1772/949/1065 1774/974/1065 1775/950/1065
f 1125/839/1066 1136/975/1066 1047/927/1066
f 1740/893/1067 1737/952/1067 1890/918/1067
f 642/972/1068 643/976/1068 644/957/1068
f 642/972/1069 645/977/1069 643/976/1069
f 13/904/1070 14/944/1070 15/930/1070
f 1918/978/1071 1793/973/1071 1798/960/1071
f 1790/979/1072 1791/980/1072 1792/961/1072
f 1793/973/1073 1790/979/1073 1792/961/1073
f 1255/859/1074 1254/969/1074 1178/933/1074
f 1162/861/1075 1148/981/1075 1152/838/1075
f 1152/838/1076 1148/981/1076 1125/839/1076
f 1047/927/1077 1031/971/1077 1028/882/1077
f 646/982/1078 643/976/1078 645/977/1078
f 359/983/1079 368/984/1079 355/985/1079
f 648/986/1080 643/976/1080 646/982/1080
f 1795/987/1081 1793/973/1081 1918/978/1081
f 648/986/1082 652/988/1082 643/976/1082
f 1795/987/1083 1790/979/1083 1793/973/1083
f 1772/949/1084 1770/989/1084 1774/974/1084
f 1769/951/1085 1770/989/1085 1768/906/1085
f 1768/906/1086 1770/989/1086 1772/949/1086
f 1890/918/1087 1737/952/1087 1875/970/1087
f 645/977/1088 653/990/1088 647/991/1088
f 649/992/1089 648/986/1089 647/991/1089
f 647/991/1090 648/986/1090 646/982/1090
f 1795/987/1091 1788/993/1091 1790/979/1091
f 1783/994/1092 1788/993/1092 1795/987/1092
f 1790/979/1093 1788/993/1093 1789/995/1093
f 1789/995/1094 1791/980/1094 1790/979/1094
f 1775/950/1095 1783/994/1095 1795/987/1095
f 1775/950/1096 1774/974/1096 1783/994/1096
f 1178/933/1097 1176/996/1097 1162/861/1097
f 562/997/1098 560/998/1098 559/999/1098
f 1288/968/1099 1277/1000/1099 1254/969/1099
f 1769/951/1100 1771/1001/1100 1770/989/1100
f 1794/934/1101 1771/1001/1101 1769/951/1101
f 1125/839/1102 1148/981/1102 1136/975/1102
f 1844/936/1103 1847/1002/1103 1739/937/1103
f 1739/937/1104 1738/1003/1104 1737/952/1104
f 352/1004/1105 353/1005/1105 349/1006/1105
f 564/1007/1106 563/1008/1106 562/997/1106
f 1788/993/1107 1786/1009/1107 1789/995/1107
f 15/930/1108 32/1010/1108 37/879/1108
f 1047/927/1109 1048/1011/1109 1034/1012/1109
f 1739/937/1110 1847/1002/1110 1738/1003/1110
f 22/938/1111 20/1013/1111 14/944/1111
f 1783/994/1112 1786/1009/1112 1788/993/1112
f 1774/974/1113 1784/1014/1113 1783/994/1113
f 1176/996/1114 1161/1015/1114 1162/861/1114
f 1162/861/1115 1161/1015/1115 1148/981/1115
f 1136/975/1116 1048/1011/1116 1047/927/1116
f 1047/927/1077 1034/1012/1077 1031/971/1077
f 1770/989/1117 1800/1016/1117 1774/974/1117
f 1875/970/1118 1771/1001/1118 1794/934/1118
f 1031/971/1119 1032/1017/1119 1030/935/1119
f 1783/994/1120 1785/1018/1120 1786/1009/1120
f 1254/969/1121 1176/996/1121 1178/933/1121
f 62/1019/1122 20/1013/1122 22/938/1122
f 37/879/1123 32/1010/1123 60/1020/1123
f 1771/1001/1124 1773/1021/1124 1770/989/1124
f 1875/970/1125 1773/1021/1125 1771/1001/1125
f 1737/952/1126 1734/1022/1126 1875/970/1126
f 15/930/1127 17/1023/1127 32/1010/1127
f 1773/1021/1128 1781/1024/1128 1770/989/1128
f 1161/1015/1129 1149/1025/1129 1148/981/1129
f 1136/975/1130 1135/1026/1130 1048/1011/1130
f 1945/1027/1131 1946/1028/1131 1947/1029/1131
f 1738/1003/1132 1735/1030/1132 1737/952/1132
f 1737/952/1133 1735/1030/1133 1734/1022/1133
f 1770/989/1134 1781/1024/1134 1800/1016/1134
f 20/1013/1135 16/1031/1135 14/944/1135
f 16/1031/1136 17/1023/1136 15/930/1136
f 14/944/1137 16/1031/1137 15/930/1137
f 1738/1003/1138 1847/1002/1138 1846/1032/1138
f 1846/1032/1139 1735/1030/1139 1738/1003/1139
f 1148/981/1140 1149/1025/1140 1136/975/1140
f 1034/1012/1141 1033/1033/1141 1031/971/1141
f 1031/971/1142 1033/1033/1142 1032/1017/1142
f 1800/1016/1143 1917/1034/1143 1784/1014/1143
f 1136/975/1144 1149/1025/1144 1135/1026/1144
f 1033/1033/1145 1036/1035/1145 1032/1017/1145
f 1917/1034/1146 1889/1036/1146 1784/1014/1146
f 1946/1028/1147 1948/1037/1147 1947/1029/1147
f 1277/1000/1148 1182/1038/1148 1254/969/1148
f 1254/969/1149 1182/1038/1149 1176/996/1149
f 1885/1039/1150 1781/1024/1150 1773/1021/1150
f 1048/1011/1151 1046/1040/1151 1034/1012/1151
f 1951/1041/1152 1950/1042/1152 1952/1043/1152
f 1176/996/1153 1182/1038/1153 1161/1015/1153
f 1135/1026/1154 1046/1040/1154 1048/1011/1154
f 1846/1032/1155 1736/1044/1155 1735/1030/1155
f 1034/1012/1156 1035/1045/1156 1033/1033/1156
f 17/1023/1157 33/1046/1157 32/1010/1157
f 32/1010/1158 61/1047/1158 60/1020/1158
f 1277/1000/1159 1274/1048/1159 1182/1038/1159
f 1949/1049/1160 1950/1042/1160 1951/1041/1160
f 1046/1040/1161 1035/1045/1161 1034/1012/1161
f 1735/1030/1162 1733/1050/1162 1734/1022/1162
f 1707/1051/1163 1889/1036/1163 1917/1034/1163
f 1736/1044/1164 1733/1050/1164 1735/1030/1164
f 1033/1033/1165 1037/1052/1165 1036/1035/1165
f 62/1019/1166 59/1053/1166 20/1013/1166
f 32/1010/1167 33/1046/1167 61/1047/1167
f 1161/1015/1168 1160/1054/1168 1149/1025/1168
f 1734/1022/1169 1705/1055/1169 1885/1039/1169
f 1035/1045/1170 1037/1052/1170 1033/1033/1170
f 1274/1048/1171 1185/1056/1171 1182/1038/1171
f 1889/1036/1172 1700/1057/1172 1910/1058/1172
f 1707/1051/1173 1700/1057/1173 1889/1036/1173
f 1182/1038/1174 1160/1054/1174 1161/1015/1174
f 1160/1054/1175 1137/1059/1175 1149/1025/1175
f 1149/1025/1176 1137/1059/1176 1135/1026/1176
f 1046/1040/1177 1042/1060/1177 1035/1045/1177
f 20/1013/1178 18/1061/1178 16/1031/1178
f 16/1031/1179 18/1061/1179 17/1023/1179
f 1700/1057/1180 1715/1062/1180 1910/1058/1180
f 1137/1059/1181 1046/1040/1181 1135/1026/1181
f 1733/1050/1182 1705/1055/1182 1734/1022/1182
f 1035/1045/1183 1038/1063/1183 1037/1052/1183
f 59/1053/1184 18/1061/1184 20/1013/1184
f 1182/1038/1185 1185/1056/1185 1160/1054/1185
f 1705/1055/1186 1701/1064/1186 1707/1051/1186
f 1160/1054/1187 1155/1065/1187 1137/1059/1187
f 18/1061/1188 19/1066/1188 17/1023/1188
f 17/1023/1189 19/1066/1189 33/1046/1189
f 1911/1067/1190 1715/1062/1190 1913/1068/1190
f 1700/1057/1191 1697/1069/1191 1715/1062/1191
f 1185/1056/1192 1168/1070/1192 1160/1054/1192
f 1705/1055/1193 1703/1071/1193 1701/1064/1193
f 1733/1050/1194 1706/1072/1194 1705/1055/1194
f 1042/1060/1195 1038/1063/1195 1035/1045/1195
f 1736/1044/1196 1874/1073/1196 1733/1050/1196
f 2107/1074/1197 2471/1075/1197 2408/1076/1197
f 1715/1062/1198 1714/1077/1198 1913/1068/1198
f 1707/1051/1199 1701/1064/1199 1700/1057/1199
f 1137/1059/1200 1134/1078/1200 1046/1040/1200
f 1706/1072/1201 1703/1071/1201 1705/1055/1201
f 1733/1050/1202 1874/1073/1202 1706/1072/1202
f 1715/1062/1203 1698/1079/1203 1714/1077/1203
f 1697/1069/1204 1698/1079/1204 1715/1062/1204
f 1274/1048/1205 1197/1080/1205 1185/1056/1205
f 1701/1064/1206 1696/1081/1206 1700/1057/1206
f 19/1066/1207 48/1082/1207 33/1046/1207
f 1714/1077/1208 1698/1079/1208 1713/1083/1208
f 33/1046/1209 48/1082/1209 61/1047/1209
f 1185/1056/1210 1197/1080/1210 1168/1070/1210
f 1700/1057/1211 1696/1081/1211 1697/1069/1211
f 1160/1054/1212 1168/1070/1212 1155/1065/1212
f 1137/1059/1213 1155/1065/1213 1134/1078/1213
f 1046/1040/1214 1134/1078/1214 1042/1060/1214
f 1134/1078/1215 1077/1084/1215 1042/1060/1215
f 1038/1063/1216 1039/1085/1216 1037/1052/1216
f 1037/1052/1217 1039/1085/1217 1040/1086/1217
f 59/1053/1218 43/1087/1218 18/1061/1218
f 43/1087/1219 19/1066/1219 18/1061/1219
f 519/1088/1220 518/1089/1220 517/1090/1220
f 520/1091/1221 519/1088/1221 517/1090/1221
f 1698/1079/1222 1699/1092/1222 1713/1083/1222
f 1274/1048/1223 1239/1093/1223 1197/1080/1223
f 1697/1069/1224 1695/1094/1224 1698/1079/1224
f 1701/1064/1225 1702/1095/1225 1696/1081/1225
f 1699/1092/1226 1717/1096/1226 1713/1083/1226
f 1702/1095/1227 1712/1097/1227 1696/1081/1227
f 1703/1071/1228 1702/1095/1228 1701/1064/1228
f 1695/1094/1229 1891/1098/1229 1699/1092/1229
f 1197/1080/1230 1169/1099/1230 1168/1070/1230
f 1039/1085/1231 1041/1100/1231 1040/1086/1231
f 2424/1101/1232 2425/1102/1232 2426/1103/1232
f 518/1089/1233 516/1104/1233 517/1090/1233
f 1891/1098/1234 1717/1096/1234 1699/1092/1234
f 1713/1083/1235 1717/1096/1235 1888/1105/1235
f 1696/1081/1236 1693/1106/1236 1695/1094/1236
f 1706/1072/1237 1704/1107/1237 1703/1071/1237
f 1703/1071/1238 1704/1107/1238 1702/1095/1238
f 1041/1100/1239 1045/1108/1239 1040/1086/1239
f 1874/1073/1240 1704/1107/1240 1706/1072/1240
f 1038/1063/1241 1043/1109/1241 1039/1085/1241
f 1891/1098/1242 1676/1110/1242 1717/1096/1242
f 1155/1065/1243 1157/1111/1243 1140/1112/1243
f 1134/1078/1244 1140/1112/1244 1077/1084/1244
f 1042/1060/1245 1043/1109/1245 1038/1063/1245
f 1874/1073/1246 1723/1113/1246 1704/1107/1246
f 944/1114/1247 946/1115/1247 948/1116/1247
f 1287/1117/1248 1238/1118/1248 1239/1093/1248
f 1239/1093/1249 1199/1119/1249 1197/1080/1249
f 1693/1106/1250 1694/1120/1250 1695/1094/1250
f 1168/1070/1251 1169/1099/1251 1155/1065/1251
f 1039/1085/1252 1043/1109/1252 1041/1100/1252
f 2423/1121/1253 2425/1102/1253 2424/1101/1253
f 944/1114/1254 945/1122/1254 946/1115/1254
f 1238/1118/1255 1199/1119/1255 1239/1093/1255
f 1695/1094/1256 1694/1120/1256 1891/1098/1256
f 1676/1110/1257 1672/1123/1257 1717/1096/1257
f 1717/1096/1258 1672/1123/1258 1675/1124/1258
f 1717/1096/1259 1675/1124/1259 1888/1105/1259
f 1197/1080/1260 1199/1119/1260 1169/1099/1260
f 1155/1065/1261 1169/1099/1261 1157/1111/1261
f 1238/1118/1262 1223/1125/1262 1199/1119/1262
f 1891/1098/1263 1677/1126/1263 1676/1110/1263
f 1693/1106/1264 1692/1127/1264 1694/1120/1264
f 1899/1128/1265 1712/1097/1265 1702/1095/1265
f 1043/1109/1266 1044/1129/1266 1041/1100/1266
f 947/1130/1267 946/1115/1267 945/1122/1267
f 1676/1110/1268 1677/1126/1268 1671/1131/1268
f 1675/1124/1269 1672/1123/1269 1674/1132/1269
f 947/1130/1270 949/1133/1270 960/1134/1270
f 1676/1110/1271 1671/1131/1271 1672/1123/1271
f 510/1135/1272 511/1136/1272 512/1137/1272
f 947/1130/1273 960/1134/1273 946/1115/1273
f 1223/1125/1274 1200/1138/1274 1199/1119/1274
f 1891/1098/1275 1881/1139/1275 1677/1126/1275
f 1708/1140/1276 1709/1141/1276 1702/1095/1276
f 1704/1107/1277 1708/1140/1277 1702/1095/1277
f 1702/1095/1278 1709/1141/1278 1899/1128/1278
f 511/1136/1279 513/1142/1279 512/1137/1279
f 949/1133/1280 959/1143/1280 960/1134/1280
f 1225/1144/1281 1200/1138/1281 1223/1125/1281
f 1199/1119/1282 1200/1138/1282 1198/1145/1282
f 1694/1120/1283 1692/1127/1283 1891/1098/1283
f 1198/1145/1284 1179/1146/1284 1169/1099/1284
f 1693/1106/1285 1690/1147/1285 1692/1127/1285
f 1179/1146/1286 1157/1111/1286 1169/1099/1286
f 1712/1097/1287 1690/1147/1287 1693/1106/1287
f 1042/1060/1288 1077/1084/1288 1043/1109/1288
f 945/1122/1289 950/1148/1289 949/1133/1289
f 1671/1131/1290 1670/1149/1290 1672/1123/1290
f 1234/1150/1291 1225/1144/1291 1223/1125/1291
f 1692/1127/1292 1881/1139/1292 1891/1098/1292
f 1899/1128/1293 1690/1147/1293 1712/1097/1293
f 1041/1100/1294 1044/1129/1294 1045/1108/1294
f 1672/1123/1295 1670/1149/1295 1673/1151/1295
f 512/1137/1296 513/1142/1296 514/1152/1296
f 1690/1147/1297 1688/1153/1297 1692/1127/1297
f 1672/1123/1298 1673/1151/1298 1674/1132/1298
f 1674/1132/1299 1673/1151/1299 1685/1154/1299
f 1198/1145/1300 1180/1155/1300 1179/1146/1300
f 1140/1112/1301 1139/1156/1301 1077/1084/1301
f 951/1157/1302 959/1143/1302 949/1133/1302
f 951/1157/1303 958/1158/1303 959/1143/1303
f 1685/1154/1304 1673/1151/1304 1721/1159/1304
f 1198/1145/1305 1215/1160/1305 1180/1155/1305
f 1179/1146/1306 1180/1155/1306 1157/1111/1306
f 1157/1111/1307 1158/1161/1307 1140/1112/1307
f 1704/1107/1308 1711/1162/1308 1708/1140/1308
f 1677/1126/1309 1667/1163/1309 1671/1131/1309
f 1157/1111/1310 1172/1164/1310 1158/1161/1310
f 1931/1165/1311 1930/1166/1311 1932/1167/1311
f 1139/1156/1312 1078/1168/1312 1077/1084/1312
f 1077/1084/1313 1078/1168/1313 1043/1109/1313
f 1723/1113/1314 1711/1162/1314 1704/1107/1314
f 950/1148/1315 952/1169/1315 951/1157/1315
f 1881/1139/1316 1667/1163/1316 1677/1126/1316
f 1671/1131/1317 1667/1163/1317 1670/1149/1317
f 1235/1170/1318 1225/1144/1318 1234/1150/1318
f 1688/1153/1319 1881/1139/1319 1692/1127/1319
f 1691/1171/1320 1690/1147/1320 1899/1128/1320
f 1158/1161/1321 1139/1156/1321 1140/1112/1321
f 952/1169/1322 953/1172/1322 951/1157/1322
f 951/1157/1323 953/1172/1323 958/1158/1323
f 1670/1149/1324 1686/1173/1324 1673/1151/1324
f 1225/1144/1325 1224/1174/1325 1200/1138/1325
f 1200/1138/1326 1201/1175/1326 1198/1145/1326
f 1215/1160/1327 1207/1176/1327 1180/1155/1327
f 1673/1151/1328 1686/1173/1328 1880/1177/1328
f 1180/1155/1329 1172/1164/1329 1157/1111/1329
f 1708/1140/1330 1710/1178/1330 1709/1141/1330
f 1043/1109/1331 1078/1168/1331 1044/1129/1331
f 1667/1163/1332 1669/1179/1332 1670/1149/1332
f 1670/1149/1333 1669/1179/1333 1686/1173/1333
f 1229/1180/1334 1224/1174/1334 1235/1170/1334
f 1235/1170/1335 1224/1174/1335 1225/1144/1335
f 1207/1176/1336 1195/1181/1336 1180/1155/1336
f 1180/1155/1337 1195/1181/1337 1172/1164/1337
f 1931/1165/1338 1929/1182/1338 1930/1166/1338
f 1686/1173/1339 1895/1183/1339 1880/1177/1339
f 1201/1175/1340 1203/1184/1340 1198/1145/1340
f 1198/1145/1341 1203/1184/1341 1215/1160/1341
f 1680/1185/1342 1679/1186/1342 1881/1139/1342
f 1688/1153/1343 1680/1185/1343 1881/1139/1343
f 1691/1171/1344 1689/1187/1344 1690/1147/1344
f 1723/1113/1345 1724/1188/1345 1711/1162/1345
f 952/1169/1346 956/1189/1346 953/1172/1346
f 953/1172/1347 956/1189/1347 958/1158/1347
f 1881/1139/1348 1679/1186/1348 1667/1163/1348
f 1667/1163/1349 1666/1190/1349 1669/1179/1349
f 1669/1179/1350 1666/1190/1350 1686/1173/1350
f 1686/1173/1351 1883/1191/1351 1895/1183/1351
f 1200/1138/1352 1224/1174/1352 1201/1175/1352
f 1203/1184/1353 1207/1176/1353 1215/1160/1353
f 1195/1181/1354 1207/1176/1354 1196/1192/1354
f 1667/1163/1355 1664/1193/1355 1666/1190/1355
f 1666/1190/1356 1883/1191/1356 1686/1173/1356
f 1689/1187/1357 1687/1194/1357 1688/1153/1357
f 1158/1161/1358 1145/1195/1358 1139/1156/1358
f 1045/1108/1359 1044/1129/1359 1060/1196/1359
f 1679/1186/1360 1678/1197/1360 1667/1163/1360
f 1224/1174/1361 1220/1198/1361 1201/1175/1361
f 1207/1176/1362 1208/1199/1362 1196/1192/1362
f 1688/1153/1363 1687/1194/1363 1680/1185/1363
f 1172/1164/1364 1173/1200/1364 1158/1161/1364
f 1139/1156/1365 1145/1195/1365 1078/1168/1365
f 954/1201/1366 955/1202/1366 956/1189/1366
f 1667/1163/1367 1678/1197/1367 1668/1203/1367
f 1667/1163/1368 1668/1203/1368 1664/1193/1368
f 1201/1175/1369 1202/1204/1369 1203/1184/1369
f 1207/1176/1370 1206/1205/1370 1208/1199/1370
f 1158/1161/1371 1173/1200/1371 1145/1195/1371
f 1044/1129/1372 1061/1206/1372 1060/1196/1372
f 1668/1203/1373 1718/1207/1373 1664/1193/1373
f 1236/1208/1374 1222/1209/1374 1229/1180/1374
f 1229/1180/1375 1222/1209/1375 1220/1198/1375
f 1229/1180/1376 1220/1198/1376 1224/1174/1376
f 1203/1184/1377 1206/1205/1377 1207/1176/1377
f 1691/1171/1378 1716/1210/1378 1689/1187/1378
f 1930/1166/1379 1929/1182/1379 1926/1211/1379
f 957/1212/1380 955/1202/1380 954/1201/1380
f 1282/1213/1381 1222/1209/1381 1236/1208/1381
f 1220/1198/1382 1205/1214/1382 1201/1175/1382
f 1201/1175/1383 1205/1214/1383 1202/1204/1383
f 1203/1184/1384 1204/1215/1384 1206/1205/1384
f 1208/1199/1385 1210/1216/1385 1196/1192/1385
f 1689/1187/1386 1719/1217/1386 1687/1194/1386
f 1687/1194/1387 1683/1218/1387 1680/1185/1387
f 1680/1185/1388 1678/1197/1388 1679/1186/1388
f 1196/1192/1389 1210/1216/1389 1247/1219/1389
f 1716/1210/1390 1719/1217/1390 1689/1187/1390
f 1196/1192/1391 1247/1219/1391 1173/1200/1391
f 1202/1204/1392 1204/1215/1392 1203/1184/1392
f 1683/1218/1393 1681/1220/1393 1680/1185/1393
f 1156/1221/1394 1079/1222/1394 1145/1195/1394
f 1711/1162/1395 1850/1223/1395 1710/1178/1395
f 1145/1195/1396 1079/1222/1396 1078/1168/1396
f 1078/1168/1397 1079/1222/1397 1061/1206/1397
f 1078/1168/1398 1061/1206/1398 1044/1129/1398
f 1467/1224/1399 1468/1225/1399 1469/1226/1399
f 1282/1213/1400 1278/1227/1400 1222/1209/1400
f 1916/1228/1401 1718/1207/1401 1668/1203/1401
f 1208/1199/1402 1209/1229/1402 1210/1216/1402
f 1680/1185/1403 1681/1220/1403 1678/1197/1403
f 1929/1182/1404 1927/1230/1404 1926/1211/1404
f 1724/1188/1405 1850/1223/1405 1711/1162/1405
f 1678/1197/1406 1684/1231/1406 1668/1203/1406
f 1668/1203/1407 1684/1231/1407 1916/1228/1407
f 1220/1198/1408 1221/1232/1408 1205/1214/1408
f 1202/1204/1409 1226/1233/1409 1204/1215/1409
f 1206/1205/1410 1209/1229/1410 1208/1199/1410
f 1278/1227/1411 1230/1234/1411 1222/1209/1411
f 1222/1209/1412 1221/1232/1412 1220/1198/1412
f 1205/1214/1413 1226/1233/1413 1202/1204/1413
f 1209/1229/1414 1211/1235/1414 1210/1216/1414
f 1687/1194/1415 1719/1217/1415 1683/1218/1415
f 1210/1216/1416 1004/1236/1416 1247/1219/1416
f 1247/1219/1417 1004/1236/1417 1173/1200/1417
f 1173/1200/1418 1004/1236/1418 1145/1195/1418
f 1004/1236/1419 1156/1221/1419 1145/1195/1419
f 1850/1223/1420 1851/1237/1420 1710/1178/1420
f 1226/1233/1421 1232/1238/1421 1204/1215/1421
f 1204/1215/1422 1232/1238/1422 1206/1205/1422
f 1684/1231/1423 1730/1239/1423 1916/1228/1423
f 1222/1209/1424 1230/1234/1424 1221/1232/1424
f 1681/1220/1425 1683/1218/1425 1682/1240/1425
f 1681/1220/1426 1682/1240/1426 1678/1197/1426
f 1678/1197/1427 1682/1240/1427 1684/1231/1427
f 1926/1211/1428 1927/1230/1428 1928/1241/1428
f 1724/1188/1429 1873/1242/1429 1850/1223/1429
f 1226/1233/1430 1231/1243/1430 1240/1244/1430
f 1226/1233/1431 1240/1244/1431 1232/1238/1431
f 1232/1238/1432 1233/1245/1432 1206/1205/1432
f 1206/1205/1433 1233/1245/1433 1209/1229/1433
f 1684/1231/1434 1729/1246/1434 1730/1239/1434
f 1221/1232/1435 1228/1247/1435 1205/1214/1435
f 1210/1216/1436 1211/1235/1436 1212/1248/1436
f 1210/1216/1437 1212/1248/1437 1004/1236/1437
f 1366/1249/1438 1367/1250/1438 1368/1251/1438
f 1258/1252/1439 1221/1232/1439 1230/1234/1439
f 1233/1245/1440 1237/1253/1440 1209/1229/1440
f 1212/1248/1441 1003/1254/1441 1004/1236/1441
f 1004/1236/1442 1007/1255/1442 1156/1221/1442
f 1850/1223/1443 1852/1256/1443 1851/1237/1443
f 1209/1229/1444 1237/1253/1444 1227/1257/1444
f 1719/1217/1445 1897/1258/1445 1683/1218/1445
f 1851/1237/1446 1872/1259/1446 1897/1258/1446
f 1852/1256/1447 1872/1259/1447 1851/1237/1447
f 1221/1232/1448 1258/1252/1448 1228/1247/1448
f 1684/1231/1449 1726/1260/1449 1729/1246/1449
f 1211/1235/1450 1213/1261/1450 1212/1248/1450
f 1683/1218/1451 1722/1262/1451 1682/1240/1451
f 1682/1240/1452 1725/1263/1452 1684/1231/1452
f 1872/1259/1453 1870/1264/1453 1897/1258/1453
f 1004/1236/1454 1000/1265/1454 1007/1255/1454
f 1156/1221/1455 1130/1266/1455 1079/1222/1455
f 1061/1206/1456 1063/1267/1456 1060/1196/1456
f 1227/1257/1457 1213/1261/1457 1211/1235/1457
f 1212/1248/1458 1213/1261/1458 1003/1254/1458
f 1897/1258/1459 1722/1262/1459 1683/1218/1459
f 1722/1262/1460 1725/1263/1460 1682/1240/1460
f 1003/1254/1461 1000/1265/1461 1004/1236/1461
f 1079/1222/1462 1062/1268/1462 1061/1206/1462
f 1061/1206/1463 1062/1268/1463 1063/1267/1463
f 1227/1257/1464 1275/1269/1464 1245/1270/1464
f 1227/1257/1465 1245/1270/1465 1213/1261/1465
f 1725/1263/1466 1727/1271/1466 1726/1260/1466
f 1684/1231/1467 1725/1263/1467 1726/1260/1467
f 1853/1272/1468 1852/1256/1468 1850/1223/1468
f 1079/1222/1469 1130/1266/1469 1062/1268/1469
f 1897/1258/1470 1870/1264/1470 1867/1273/1470
f 1922/1274/1471 1919/1275/1471 1921/1276/1471
f 1722/1262/1472 1876/1277/1472 1725/1263/1472
f 1007/1255/1473 1130/1266/1473 1156/1221/1473
f 1245/1270/1474 1244/1278/1474 1213/1261/1474
f 1732/1279/1475 1728/1280/1475 1725/1263/1475
f 1725/1263/1476 1728/1280/1476 1727/1271/1476
f 1213/1261/1477 1002/1281/1477 1003/1254/1477
f 1919/1275/1478 1920/1282/1478 1921/1276/1478
f 1876/1277/1479 1732/1279/1479 1725/1263/1479
f 1852/1256/1480 1854/1283/1480 1872/1259/1480
f 1853/1272/1481 1854/1283/1481 1852/1256/1481
f 1062/1268/1482 1064/1284/1482 1063/1267/1482
f 717/1285/1483 714/1286/1483 718/1287/1483
f 1213/1261/1484 1214/1288/1484 1002/1281/1484
f 1002/1281/1485 1001/1289/1485 1000/1265/1485
f 1000/1265/1486 998/1290/1486 1007/1255/1486
f 1854/1283/1487 1856/1291/1487 1872/1259/1487
f 1244/1278/1488 1243/1292/1488 1213/1261/1488
f 1002/1281/1489 1214/1288/1489 1001/1289/1489
f 1870/1264/1490 1869/1293/1490 1867/1273/1490
f 1001/1289/1491 999/1294/1491 1000/1265/1491
f 1007/1255/1492 1006/1295/1492 1130/1266/1492
f 1213/1261/1493 1243/1292/1493 1214/1288/1493
f 998/1290/1494 1006/1295/1494 1007/1255/1494
f 1214/1288/1495 1216/1296/1495 1001/1289/1495
f 1001/1289/1496 1216/1296/1496 999/1294/1496
f 1000/1265/1497 999/1294/1497 998/1290/1497
f 1243/1292/1498 1242/1297/1498 1214/1288/1498
f 1869/1293/1499 1865/1298/1499 1867/1273/1499
f 1923/1299/1500 1924/1300/1500 1925/1301/1500
f 1854/1283/1501 1855/1302/1501 1856/1291/1501
f 1006/1295/1502 1005/1303/1502 1130/1266/1502
f 1130/1266/1503 1068/1304/1503 1062/1268/1503
f 1214/1288/1504 1242/1297/1504 1216/1296/1504
f 1867/1273/1505 1868/1305/1505 1876/1277/1505
f 1062/1268/1506 1068/1304/1506 1064/1284/1506
f 1064/1284/1507 1071/1306/1507 1072/1307/1507
f 1853/1272/1508 1855/1302/1508 1854/1283/1508
f 1865/1298/1509 1866/1308/1509 1867/1273/1509
f 1867/1273/1510 1866/1308/1510 1868/1305/1510
f 999/1294/1511 997/1309/1511 998/1290/1511
f 998/1290/1512 1005/1303/1512 1006/1295/1512
f 1130/1266/1513 1005/1303/1513 1068/1304/1513
f 1242/1297/1514 1259/1310/1514 1216/1296/1514
f 1216/1296/1515 1218/1311/1515 999/1294/1515
f 1218/1311/1516 997/1309/1516 999/1294/1516
f 1866/1308/1517 1871/1312/1517 1868/1305/1517
f 1259/1310/1518 1284/1313/1518 1217/1314/1518
f 1259/1310/1519 1217/1314/1519 1216/1296/1519
f 1216/1296/1520 1217/1314/1520 1218/1311/1520
f 998/1290/1521 996/1315/1521 1005/1303/1521
f 1865/1298/1522 1864/1316/1522 1866/1308/1522
f 997/1309/1523 996/1315/1523 998/1290/1523
f 1064/1284/1524 1069/1317/1524 1071/1306/1524
f 2635/1318/1525 2638/1319/1525 2636/1320/1525
f 1864/1316/1526 1871/1312/1526 1866/1308/1526
f 1856/1291/1527 1864/1316/1527 1865/1298/1527
f 1005/1303/1528 1069/1317/1528 1068/1304/1528
f 1068/1304/1529 1069/1317/1529 1064/1284/1529
f 1069/1317/1530 1073/1321/1530 1071/1306/1530
f 1284/1313/1531 1241/1322/1531 1217/1314/1531
f 1217/1314/1532 1219/1323/1532 1218/1311/1532
f 1218/1311/1533 1219/1323/1533 997/1309/1533
f 1864/1316/1534 1858/1324/1534 1871/1312/1534
f 1241/1322/1535 1219/1323/1535 1217/1314/1535
f 1219/1323/1536 992/1325/1536 997/1309/1536
f 1856/1291/1537 1857/1326/1537 1858/1324/1537
f 1856/1291/1538 1858/1324/1538 1864/1316/1538
f 1005/1303/1539 1146/1327/1539 1069/1317/1539
f 1855/1302/1540 1857/1326/1540 1856/1291/1540
f 992/1325/1541 993/1328/1541 997/1309/1541
f 997/1309/1542 993/1328/1542 996/1315/1542
f 2635/1318/1543 2641/1329/1543 2640/1330/1543
f 1219/1323/1544 1241/1322/1544 990/1331/1544
f 1219/1323/1545 990/1331/1545 992/1325/1545
f 990/1331/1546 991/1332/1546 992/1325/1546
f 1005/1303/1547 996/1315/1547 1146/1327/1547
f 1073/1321/1548 1194/1333/1548 1071/1306/1548
f 848/1334/1549 845/1335/1549 847/1336/1549
f 991/1332/1550 994/1337/1550 993/1328/1550
f 993/1328/1551 995/1338/1551 996/1315/1551
f 996/1315/1552 995/1338/1552 1146/1327/1552
f 993/1328/1553 994/1337/1553 995/1338/1553
f 1073/1321/1554 1090/1339/1554 1194/1333/1554
f 1857/1326/1555 1860/1340/1555 1859/1341/1555
f 1146/1327/1556 1080/1342/1556 1069/1317/1556
f 1069/1317/1557 1074/1343/1557 1073/1321/1557
f 1073/1321/1558 1074/1343/1558 1090/1339/1558
f 995/1338/1559 1186/1344/1559 1146/1327/1559
f 1146/1327/1560 1186/1344/1560 1080/1342/1560
f 1069/1317/1561 1080/1342/1561 1074/1343/1561
f 845/1335/1562 846/1345/1562 847/1336/1562
f 735/1346/1563 722/1347/1563 736/1348/1563
f 2277/1349/1564 2447/1350/1564 2337/1351/1564
f 846/1345/1565 849/1352/1565 847/1336/1565
f 994/1337/1566 1008/1353/1566 995/1338/1566
f 1008/1353/1567 1009/1354/1567 995/1338/1567
f 995/1338/1568 1009/1354/1568 1186/1344/1568
f 1181/1355/1569 1081/1356/1569 1080/1342/1569
f 1186/1344/1570 1181/1355/1570 1080/1342/1570
f 1074/1343/1571 1083/1357/1571 1090/1339/1571
f 2310/1358/1572 2311/1359/1572 2309/1360/1572
f 1080/1342/1573 1081/1356/1573 1074/1343/1573
f 735/1346/1574 731/1361/1574 722/1347/1574
f 721/1362/1575 722/1347/1575 723/1363/1575
f 1009/1354/1576 1181/1355/1576 1186/1344/1576
f 731/1361/1577 724/1364/1577 722/1347/1577
f 1074/1343/1578 1082/1365/1578 1083/1357/1578
f 1083/1357/1579 1084/1366/1579 1189/1367/1579
f 722/1347/1580 724/1364/1580 723/1363/1580
f 1081/1356/1581 1082/1365/1581 1074/1343/1581
f 1082/1365/1582 1084/1366/1582 1083/1357/1582
f 1008/1353/1583 1010/1368/1583 1009/1354/1583
f 1009/1354/1584 1011/1369/1584 1181/1355/1584
f 1009/1354/1585 1010/1368/1585 1011/1369/1585
f 1011/1369/1586 1116/1370/1586 1181/1355/1586
f 724/1364/1587 725/1371/1587 723/1363/1587
f 725/1371/1588 726/1372/1588 723/1363/1588
f 1181/1355/1589 1116/1370/1589 1081/1356/1589
f 1082/1365/1590 1085/1373/1590 1084/1366/1590
f 1084/1366/1591 1088/1374/1591 1189/1367/1591
f 1010/1368/1592 1012/1375/1592 1011/1369/1592
f 1081/1356/1593 1116/1370/1593 1082/1365/1593
f 1084/1366/1594 1085/1373/1594 1088/1374/1594
f 2280/1376/1595 2281/1377/1595 2282/1378/1595
f 617/1379/1596 618/1380/1596 616/1381/1596
f 725/1371/1597 727/1382/1597 726/1372/1597
f 727/1382/1598 728/1383/1598 726/1372/1598
f 2284/1384/1599 2282/1378/1599 2281/1377/1599
f 2284/1384/1600 2285/1385/1600 2282/1378/1600
f 1011/1369/1601 1117/1386/1601 1116/1370/1601
f 1116/1370/1602 1086/1387/1602 1082/1365/1602
f 1082/1365/1603 1086/1387/1603 1085/1373/1603
f 1088/1374/1604 1085/1373/1604 1089/1388/1604
f 1012/1375/1605 1013/1389/1605 1011/1369/1605
f 1116/1370/1606 1117/1386/1606 1086/1387/1606
f 727/1382/1607 729/1390/1607 728/1383/1607
f 617/1379/1608 616/1381/1608 613/1391/1608
f 1095/1392/1609 1096/1393/1609 1085/1373/1609
f 1085/1373/1610 1096/1393/1610 1089/1388/1610
f 727/1382/1611 730/1394/1611 729/1390/1611
f 616/1381/1612 614/1395/1612 613/1391/1612
f 1013/1389/1613 1118/1396/1613 1011/1369/1613
f 1011/1369/1614 1118/1396/1614 1117/1386/1614
f 728/1383/1615 729/1390/1615 732/1397/1615
f 2286/1398/1616 2285/1385/1616 2284/1384/1616
f 730/1394/1617 733/1399/1617 729/1390/1617
f 733/1399/1618 732/1397/1618 729/1390/1618
f 1283/1400/1619 1192/1401/1619 1013/1389/1619
f 613/1391/1620 614/1395/1620 615/1402/1620
f 1096/1393/1621 1095/1392/1621 1097/1403/1621
f 1096/1393/1622 1097/1403/1622 1098/1404/1622
f 1283/1400/1623 1250/1405/1623 1192/1401/1623
f 1013/1389/1624 1192/1401/1624 1118/1396/1624
f 1118/1396/1625 1086/1387/1625 1117/1386/1625
f 1086/1387/1626 1087/1406/1626 1085/1373/1626
f 1085/1373/1627 1087/1406/1627 1095/1392/1627
f 1095/1392/1628 1093/1407/1628 1097/1403/1628
f 1098/1404/1629 1097/1403/1629 1099/1408/1629
f 733/1399/1630 734/1409/1630 732/1397/1630
f 2284/1384/1631 2365/1410/1631 2287/1411/1631
f 615/1402/1632 620/1412/1632 619/1413/1632
f 737/1414/1633 734/1409/1633 738/1415/1633
f 1354/1416/1634 1355/1417/1634 1356/1418/1634
f 620/1412/1635 621/1419/1635 619/1413/1635
f 1118/1396/1636 1094/1420/1636 1086/1387/1636
f 1086/1387/1637 1091/1421/1637 1087/1406/1637
f 619/1413/1638 621/1419/1638 622/1422/1638
f 1142/1423/1639 1118/1396/1639 1192/1401/1639
f 1142/1423/1640 1094/1420/1640 1118/1396/1640
f 1094/1420/1641 1091/1421/1641 1086/1387/1641
f 1097/1403/1642 1093/1407/1642 1111/1424/1642
f 1099/1408/1643 1097/1403/1643 1100/1425/1643
f 1099/1408/1644 1100/1425/1644 1279/1426/1644
f 1279/1426/1645 1100/1425/1645 1191/1427/1645
f 1354/1416/1646 1350/1428/1646 1355/1417/1646
f 1250/1405/1647 1251/1429/1647 1142/1423/1647
f 1250/1405/1648 1142/1423/1648 1192/1401/1648
f 1354/1416/1649 1348/1430/1649 1350/1428/1649
f 1093/1407/1650 1113/1431/1650 1111/1424/1650
f 621/1419/1651 623/1432/1651 622/1422/1651
f 1100/1425/1652 1120/1433/1652 1191/1427/1652
f 1087/1406/1653 1091/1421/1653 1092/1434/1653
f 1087/1406/1654 1092/1434/1654 1093/1407/1654
f 1142/1423/1655 1103/1435/1655 1094/1420/1655
f 1094/1420/1656 1101/1436/1656 1091/1421/1656
f 1097/1403/1657 1111/1424/1657 1100/1425/1657
f 1348/1430/1658 1349/1437/1658 1350/1428/1658
f 1093/1407/1659 1092/1434/1659 1113/1431/1659
f 1103/1435/1660 1102/1438/1660 1094/1420/1660
f 1094/1420/1661 1102/1438/1661 1101/1436/1661
f 1100/1425/1662 1119/1439/1662 1120/1433/1662
f 1251/1429/1663 1143/1440/1663 1142/1423/1663
f 1091/1421/1664 1150/1441/1664 1092/1434/1664
f 1142/1423/1665 1143/1440/1665 1103/1435/1665
f 1119/1439/1666 1121/1442/1666 1120/1433/1666
f 1348/1430/1667 1351/1443/1667 1349/1437/1667
f 1260/1444/1668 1143/1440/1668 1251/1429/1668
f 1101/1436/1669 1150/1441/1669 1091/1421/1669
f 1143/1440/1670 1104/1445/1670 1103/1435/1670
f 1112/1446/1671 1119/1439/1671 1100/1425/1671
f 1111/1424/1672 1112/1446/1672 1100/1425/1672
f 1092/1434/1673 1114/1447/1673 1113/1431/1673
f 1115/1448/1674 1112/1446/1674 1111/1424/1674
f 1103/1435/1675 1104/1445/1675 1102/1438/1675
f 1260/1444/1676 1257/1449/1676 1144/1450/1676
f 1144/1450/1677 1131/1451/1677 1143/1440/1677
f 1260/1444/1678 1144/1450/1678 1143/1440/1678
f 1102/1438/1679 1107/1452/1679 1101/1436/1679
f 1114/1447/1680 1115/1448/1680 1113/1431/1680
f 1113/1431/1681 1115/1448/1681 1111/1424/1681
f 1119/1439/1682 1285/1453/1682 1121/1442/1682
f 1143/1440/1683 1105/1454/1683 1104/1445/1683
f 1351/1443/1684 1352/1455/1684 1349/1437/1684
f 1112/1446/1685 1141/1456/1685 1119/1439/1685
f 1141/1456/1686 1285/1453/1686 1119/1439/1686
f 1353/1457/1687 1352/1455/1687 1351/1443/1687
f 1102/1438/1688 1106/1458/1688 1107/1452/1688
f 1115/1448/1689 1141/1456/1689 1112/1446/1689
f 1143/1440/1690 1131/1451/1690 1105/1454/1690
f 1104/1445/1691 1105/1454/1691 1102/1438/1691
f 1105/1454/1692 1106/1458/1692 1102/1438/1692
f 1131/1451/1693 1108/1459/1693 1105/1454/1693
f 1106/1458/1694 1289/1460/1694 1107/1452/1694
f 1379/1461/1695 1380/1462/1695 1381/1463/1695
f 1256/1464/1696 1132/1465/1696 1257/1449/1696
f 1132/1465/1697 1131/1451/1697 1144/1450/1697
f 1257/1449/1698 1132/1465/1698 1144/1450/1698
f 1105/1454/1699 1108/1459/1699 1106/1458/1699
f 1108/1459/1700 988/1466/1700 1106/1458/1700
f 2333/1467/1701 2331/1468/1701 2335/1469/1701
f 1171/1470/1702 1133/1471/1702 1132/1465/1702
f 1256/1464/1703 1171/1470/1703 1132/1465/1703
f 1133/1471/1704 1110/1472/1704 1132/1465/1704
f 1132/1465/1705 1110/1472/1705 1131/1451/1705
f 988/1466/1706 989/1473/1706 1106/1458/1706
f 1110/1472/1707 1108/1459/1707 1131/1451/1707
f 989/1473/1708 1280/1474/1708 1106/1458/1708
f 1109/1475/1709 988/1466/1709 1108/1459/1709
f 1171/1470/1710 1110/1472/1710 1133/1471/1710
f 1110/1472/1711 1109/1475/1711 1108/1459/1711
f 1171/1470/1712 1193/1476/1712 1110/1472/1712
f 1110/1472/1713 1122/1477/1713 1109/1475/1713
f 1193/1476/1714 1122/1477/1714 1110/1472/1714
f 1109/1475/1715 986/1478/1715 988/1466/1715
f 595/1479/1716 608/1480/1716 609/1481/1716
f 605/1482/1717 608/1480/1717 592/1483/1717
f 592/1483/1718 608/1480/1718 595/1479/1718
f 595/1479/1719 609/1481/1719 593/1484/1719
f 611/1485/1720 610/1486/1720 596/1487/1720
f 593/1484/1721 611/1485/1721 596/1487/1721
f 606/1488/1722 605/1482/1722 603/1489/1722
f 603/1489/1723 605/1482/1723 592/1483/1723
f 603/1489/1724 592/1483/1724 597/1490/1724
f 592/1483/1725 595/1479/1725 593/1484/1725
f 694/49/1726 703/26/1726 702/25/1726
f 445/53/1727 453/1491/1727 452/1492/1727
f 452/1492/1728 453/1491/1728 480/1493/1728
f 443/54/1729 419/1494/1729 455/55/1729
f 418/1495/1730 419/1494/1730 417/85/1730
f 1291/1496/1731 1292/41/1731 1293/40/1731
f 597/1490/1732 592/1483/1732 594/1497/1732
f 585/60/1733 586/1498/1733 584/1499/1733
f 592/1483/1734 593/1484/1734 594/1497/1734
f 695/48/1735 702/25/1735 701/1500/1735
f 594/1497/1736 593/1484/1736 596/1487/1736
f 596/1487/1737 610/1486/1737 607/1501/1737
f 417/85/1738 419/1494/1738 443/54/1738
f 612/1502/1739 603/1489/1739 597/1490/1739
f 298/1503/1740 302/1504/1740 286/1505/1740
f 426/1506/1741 418/1495/1741 404/87/1741
f 404/87/1742 418/1495/1742 417/85/1742
f 587/61/1743 585/60/1743 583/1507/1743
f 594/1497/1744 612/1502/1744 597/1490/1744
f 583/1507/1745 585/60/1745 584/1499/1745
f 584/1499/1746 586/1498/1746 591/1508/1746
f 598/1509/1747 596/1487/1747 607/1501/1747
f 444/86/1748 445/53/1748 452/1492/1748
f 443/54/1749 445/53/1749 444/86/1749
f 444/86/1750 417/85/1750 443/54/1750
f 297/1510/1751 298/1503/1751 286/1505/1751
f 587/61/1752 583/1507/1752 582/1511/1752
f 582/1511/1753 583/1507/1753 576/1512/1753
f 576/1512/1754 583/1507/1754 577/110/1754
f 577/110/1755 583/1507/1755 584/1499/1755
f 577/110/1756 584/1499/1756 588/1513/1756
f 698/1514/1757 697/78/1757 693/80/1757
f 699/1515/1758 695/48/1758 701/1500/1758
f 598/1509/1759 599/1516/1759 594/1497/1759
f 598/1509/1760 594/1497/1760 596/1487/1760
f 1643/94/1761 1645/96/1761 1648/1517/1761
f 482/1518/1762 444/86/1762 452/1492/1762
f 452/1492/1763 480/1493/1763 482/1518/1763
f 482/1518/1764 480/1493/1764 507/1519/1764
f 284/1520/1765 297/1510/1765 286/1505/1765
f 284/1520/1766 286/1505/1766 282/1521/1766
f 422/1522/1767 426/1506/1767 376/98/1767
f 376/98/1768 426/1506/1768 404/87/1768
f 578/1523/1769 582/1511/1769 576/1512/1769
f 698/1514/1770 693/80/1770 699/1515/1770
f 699/1515/1771 693/80/1771 695/48/1771
f 451/1524/1772 416/84/1772 444/86/1772
f 451/1524/1773 444/86/1773 481/1525/1773
f 481/1525/1774 444/86/1774 482/1518/1774
f 482/1518/1775 507/1519/1775 506/1526/1775
f 283/1527/1776 284/1520/1776 282/1521/1776
f 414/1528/1777 422/1522/1777 376/98/1777
f 578/1523/1778 576/1512/1778 575/109/1778
f 575/109/1779 576/1512/1779 577/110/1779
f 577/110/1780 588/1513/1780 579/111/1780
f 579/111/1781 588/1513/1781 589/1529/1781
f 700/1530/1782 698/1514/1782 699/1515/1782
f 600/1531/1783 599/1516/1783 598/1509/1783
f 601/1532/1784 600/1531/1784 598/1509/1784
f 430/1533/1785 403/97/1785 416/84/1785
f 430/1533/1786 416/84/1786 451/1524/1786
f 481/1525/1787 482/1518/1787 497/1534/1787
f 497/1534/1788 482/1518/1788 506/1526/1788
f 580/1535/1789 575/109/1789 579/111/1789
f 580/1535/1790 579/111/1790 581/1536/1790
f 602/1537/1791 604/1538/1791 600/1531/1791
f 295/1539/1792 279/1540/1792 296/1541/1792
f 602/1537/1793 600/1531/1793 601/1532/1793
f 1639/104/1794 1636/114/1794 1640/105/1794
f 1636/114/1795 1641/118/1795 1640/105/1795
f 1640/105/1796 1641/118/1796 1642/95/1796
f 430/1533/1797 377/107/1797 403/97/1797
f 478/1542/1798 430/1533/1798 477/1543/1798
f 477/1543/1799 430/1533/1799 451/1524/1799
f 477/1543/1800 451/1524/1800 481/1525/1800
f 305/1544/1801 283/1527/1801 281/1545/1801
f 281/1545/1802 283/1527/1802 282/1521/1802
f 414/1528/1803 376/98/1803 375/120/1803
f 278/1546/1804 281/1545/1804 280/1547/1804
f 280/1547/1805 281/1545/1805 282/1521/1805
f 278/1546/1806 280/1547/1806 279/1540/1806
f 378/128/1807 377/107/1807 430/1533/1807
f 498/1548/1808 477/1543/1808 481/1525/1808
f 498/1548/1809 481/1525/1809 497/1534/1809
f 501/1549/1810 498/1548/1810 497/1534/1810
f 277/1550/1811 281/1545/1811 278/1546/1811
f 276/1551/1812 277/1550/1812 278/1546/1812
f 276/1551/1813 278/1546/1813 279/1540/1813
f 294/1552/1814 276/1551/1814 295/1539/1814
f 276/1551/1815 279/1540/1815 295/1539/1815
f 1634/124/1816 1636/114/1816 1633/127/1816
f 478/1542/1817 477/1543/1817 496/1553/1817
f 496/1553/1818 477/1543/1818 498/1548/1818
f 500/1554/1819 498/1548/1819 501/1549/1819
f 272/1555/1820 305/1544/1820 281/1545/1820
f 272/1555/1821 281/1545/1821 277/1550/1821
f 435/1556/1822 378/128/1822 430/1533/1822
f 435/1556/1823 430/1533/1823 479/1557/1823
f 479/1557/1824 430/1533/1824 478/1542/1824
f 479/1557/1825 478/1542/1825 496/1553/1825
f 496/1553/1826 498/1548/1826 500/1554/1826
f 413/1558/1827 414/1528/1827 379/133/1827
f 414/1528/1828 375/120/1828 379/133/1828
f 276/1551/1829 272/1555/1829 277/1550/1829
f 270/1559/1830 276/1551/1830 294/1552/1830
f 434/1560/1831 378/128/1831 435/1556/1831
f 479/1557/1832 496/1553/1832 495/1561/1832
f 271/1562/1833 290/1563/1833 272/1555/1833
f 270/1559/1834 271/1562/1834 272/1555/1834
f 270/1559/1835 272/1555/1835 276/1551/1835
f 380/141/1836 378/128/1836 434/1560/1836
f 495/1561/1837 496/1553/1837 499/1564/1837
f 499/1564/1838 496/1553/1838 500/1554/1838
f 413/1558/1839 379/133/1839 381/142/1839
f 1631/140/1840 1632/137/1840 1633/127/1840
f 1656/143/1841 1647/131/1841 1650/138/1841
f 434/1560/1842 435/1556/1842 468/1565/1842
f 468/1565/1843 435/1556/1843 479/1557/1843
f 273/1566/1844 271/1562/1844 270/1559/1844
f 292/1567/1845 273/1566/1845 270/1559/1845
f 394/1568/1846 413/1558/1846 381/142/1846
f 271/1562/1847 289/1569/1847 290/1563/1847
f 274/1570/1848 271/1562/1848 273/1566/1848
f 468/1565/1849 479/1557/1849 492/1571/1849
f 479/1557/1850 495/1561/1850 492/1571/1850
f 492/1571/1851 495/1561/1851 499/1564/1851
f 274/1570/1852 289/1569/1852 271/1562/1852
f 291/1572/1853 273/1566/1853 292/1567/1853
f 429/168/1854 380/141/1854 434/1560/1854
f 502/1573/1855 492/1571/1855 499/1564/1855
f 382/156/1856 380/141/1856 429/168/1856
f 429/168/1857 434/1560/1857 468/1565/1857
f 457/166/1858 468/1565/1858 492/1571/1858
f 304/1574/1859 289/1569/1859 287/1575/1859
f 393/1576/1860 394/1568/1860 383/159/1860
f 383/159/1861 394/1568/1861 381/142/1861
f 274/1570/1862 287/1575/1862 289/1569/1862
f 274/1570/1863 273/1566/1863 275/1577/1863
f 273/1566/1864 291/1572/1864 275/1577/1864
f 293/1578/1865 275/1577/1865 291/1572/1865
f 457/166/1866 429/168/1866 468/1565/1866
f 493/1579/1867 457/166/1867 492/1571/1867
f 141/173/1868 142/157/1868 143/155/1868
f 392/1580/1869 393/1576/1869 383/159/1869
f 288/1581/1870 304/1574/1870 287/1575/1870
f 287/1575/1871 274/1570/1871 285/176/1871
f 285/176/1872 274/1570/1872 275/1577/1872
f 285/176/1873 275/1577/1873 293/1578/1873
f 493/1579/1874 492/1571/1874 502/1573/1874
f 288/1581/1875 287/1575/1875 285/176/1875
f 384/169/1876 382/156/1876 421/171/1876
f 421/171/1877 382/156/1877 429/168/1877
f 2483/1582/1878 2486/1583/1878 2484/1584/1878
f 2484/1584/1879 2485/1585/1879 2482/1586/1879
f 306/1587/1880 304/1574/1880 288/1581/1880
f 303/174/1881 285/176/1881 293/1578/1881
f 2534/1588/1882 2535/1589/1882 2536/1590/1882
f 306/1587/1883 288/1581/1883 299/1591/1883
f 299/1591/1884 288/1581/1884 285/176/1884
f 2483/1582/1885 2484/1584/1885 2482/1586/1885
f 385/180/1886 392/1580/1886 383/159/1886
f 299/1591/1887 285/176/1887 300/175/1887
f 428/1592/1888 421/171/1888 456/167/1888
f 2483/1582/1889 2482/1586/1889 2480/1593/1889
f 307/1594/1890 306/1587/1890 299/1591/1890
f 386/194/1891 384/169/1891 421/171/1891
f 2534/1588/1892 2536/1590/1892 2537/1595/1892
f 2487/1596/1893 2483/1582/1893 2480/1593/1893
f 2537/1595/1894 2536/1590/1894 2538/1597/1894
f 2487/1596/1895 2480/1593/1895 2481/1598/1895
f 318/1599/1896 317/1600/1896 313/1601/1896
f 313/1601/1897 317/1600/1897 314/195/1897
f 2480/1593/1898 2482/1586/1898 2479/1602/1898
f 663/213/1899 661/1603/1899 657/1604/1899
f 318/1599/1900 313/1601/1900 312/1605/1900
f 312/1605/1901 313/1601/1901 314/195/1901
f 312/1605/1902 314/195/1902 315/198/1902
f 319/1606/1903 318/1599/1903 312/1605/1903
f 657/1604/1904 661/1603/1904 660/1607/1904
f 657/1604/1905 660/1607/1905 658/1608/1905
f 319/1606/1906 312/1605/1906 316/1609/1906
f 658/1608/1907 660/1607/1907 665/1610/1907
f 978/1611/1908 979/1612/1908 975/1613/1908
f 978/1611/1909 975/1613/1909 974/1614/1909
f 974/1614/1910 975/1613/1910 976/1615/1910
f 316/1609/1911 312/1605/1911 315/198/1911
f 976/1615/1912 975/1613/1912 977/1616/1912
f 1626/1617/1913 1619/185/1913 1624/184/1913
f 1626/1617/1914 1624/184/1914 1627/203/1914
f 458/1618/1915 428/1592/1915 456/167/1915
f 2438/1619/1916 2437/1620/1916 2435/1621/1916
f 2435/1621/1917 2437/1620/1917 2436/1622/1917
f 667/1623/1918 661/1603/1918 663/213/1918
f 663/213/1919 657/1604/1919 664/5/1919
f 307/1594/1920 299/1591/1920 308/1624/1920
f 657/1604/1921 658/1608/1921 659/12/1921
f 664/5/1922 657/1604/1922 659/12/1922
f 299/1591/1923 300/175/1923 301/1625/1923
f 744/1626/1924 746/1627/1924 745/1628/1924
f 666/1629/1925 658/1608/1925 665/1610/1925
f 386/194/1926 421/171/1926 428/1592/1926
f 1511/1630/1927 1512/1631/1927 1513/1632/1927
f 2436/1622/1928 2437/1620/1928 2448/1633/1928
f 1513/1632/1929 1512/1631/1929 1514/1634/1929
f 2516/1635/1930 2517/1636/1930 2518/1637/1930
f 2481/1598/1931 2480/1593/1931 2448/1633/1931
f 667/1623/1932 663/213/1932 668/7/1932
f 659/12/1933 658/1608/1933 662/8/1933
f 662/8/1934 658/1608/1934 666/1629/1934
f 1475/1638/1935 1477/1639/1935 1476/1640/1935
f 669/1641/1936 666/1629/1936 665/1610/1936
f 669/1641/1937 665/1610/1937 670/1642/1937
f 980/1643/1938 978/1611/1938 974/1614/1938
f 980/1643/1939 974/1614/1939 976/1615/1939
f 980/1643/1940 976/1615/1940 981/1644/1940
f 2448/1633/1941 2480/1593/1941 2479/1602/1941
f 1523/239/1942 1522/241/1942 1526/1645/1942
f 1474/1646/1943 1475/1638/1943 1476/1640/1943
f 1474/1646/1944 1476/1640/1944 1478/1647/1944
f 2435/1621/1945 2436/1622/1945 1972/1648/1945
f 1972/1648/1946 2436/1622/1946 2448/1633/1946
f 2448/1633/1947 2479/1602/1947 2411/1649/1947
f 309/1650/1948 307/1594/1948 308/1624/1948
f 744/1626/1949 745/1628/1949 743/1651/1949
f 1474/1646/1950 1478/1647/1950 1479/1652/1950
f 388/253/1951 386/194/1951 411/264/1951
f 411/264/1952 386/194/1952 428/1592/1952
f 411/264/1953 428/1592/1953 441/1653/1953
f 441/1653/1954 428/1592/1954 458/1618/1954
f 2466/1654/1955 2438/1619/1955 2435/1621/1955
f 2466/1654/1956 2435/1621/1956 1963/1655/1956
f 1963/1655/1957 2435/1621/1957 1972/1648/1957
f 1972/1648/1958 2448/1633/1958 1961/1656/1958
f 1961/1656/1959 2448/1633/1959 2411/1649/1959
f 309/1650/1960 308/1624/1960 310/1657/1960
f 740/1658/1961 744/1626/1961 743/1651/1961
f 2531/1659/1962 2532/1660/1962 2533/1661/1962
f 411/264/1963 441/1653/1963 442/1662/1963
f 1960/1663/1964 1963/1655/1964 1972/1648/1964
f 410/265/1965 411/264/1965 427/302/1965
f 427/302/1966 411/264/1966 442/1662/1966
f 2450/1664/1967 2452/1665/1967 1970/1666/1967
f 1970/1666/1968 2452/1665/1968 2466/1654/1968
f 1970/1666/1969 2466/1654/1969 1963/1655/1969
f 1960/1663/1970 1972/1648/1970 1961/1656/1970
f 1961/1656/1971 2411/1649/1971 1966/1667/1971
f 1966/1667/1972 2411/1649/1972 2490/1668/1972
f 309/1650/1973 310/1657/1973 311/1669/1973
f 739/1670/1974 740/1658/1974 741/1671/1974
f 741/1671/1975 740/1658/1975 743/1651/1975
f 1970/1666/1976 1963/1655/1976 1962/1672/1976
f 397/284/1977 395/272/1977 410/265/1977
f 427/302/1978 442/1662/1978 447/298/1978
f 2451/1673/1979 2450/1664/1979 2449/1674/1979
f 2449/1674/1980 2450/1664/1980 1970/1666/1980
f 410/265/1981 427/302/1981 425/292/1981
f 1962/1672/1982 1963/1655/1982 1960/1663/1982
f 1966/1667/1983 2490/1668/1983 2381/332/1983
f 747/1675/1984 739/1670/1984 742/1676/1984
f 742/1676/1985 739/1670/1985 741/1671/1985
f 124/280/1986 121/261/1986 93/288/1986
f 2449/1674/1987 1970/1666/1987 1969/1677/1987
f 1969/1677/1988 1970/1666/1988 1962/1672/1988
f 397/284/1989 410/265/1989 424/291/1989
f 1957/1678/1990 1960/1663/1990 1961/1656/1990
f 1957/1678/1991 1961/1656/1991 1966/1667/1991
f 107/308/1992 110/283/1992 109/296/1992
f 460/299/1993 508/300/1993 509/1679/1993
f 412/345/1994 397/284/1994 424/291/1994
f 1958/1680/1995 1962/1672/1995 1960/1663/1995
f 92/348/1996 124/280/1996 93/288/1996
f 437/311/1997 460/299/1997 461/1681/1997
f 461/1681/1998 460/299/1998 485/1682/1998
f 485/1682/1999 460/299/1999 509/1679/1999
f 424/291/2000 425/292/2000 433/312/2000
f 412/345/2001 424/291/2001 431/330/2001
f 398/303/2002 397/284/2002 412/345/2002
f 399/293/2003 396/277/2003 398/303/2003
f 1957/1678/2004 1966/1667/2004 1954/331/2004
f 1954/331/2005 1966/1667/2005 2381/332/2005
f 131/317/2006 109/296/2006 112/290/2006
f 464/1683/2007 437/311/2007 461/1681/2007
f 470/1684/2008 461/1681/2008 485/1682/2008
f 438/319/2009 432/301/2009 437/311/2009
f 1969/1677/2010 1962/1672/2010 1958/1680/2010
f 1981/1685/2011 1969/1677/2011 1958/1680/2011
f 1958/1680/2012 1960/1663/2012 1957/1678/2012
f 747/1675/2013 742/1676/2013 748/1686/2013
f 108/325/2014 109/296/2014 131/317/2014
f 464/1683/2015 461/1681/2015 470/1684/2015
f 438/319/2016 437/311/2016 464/1683/2016
f 440/375/2017 433/312/2017 438/319/2017
f 1978/1687/2018 1979/1688/2018 1977/1689/2018
f 2672/344/2019 2673/1690/2019 2670/342/2019
f 1958/1680/2020 1957/1678/2020 1956/1691/2020
f 1956/1691/2021 1957/1678/2021 1954/331/2021
f 108/325/2022 131/317/2022 134/351/2022
f 470/1684/2023 485/1682/2023 488/1692/2023
f 431/330/2024 433/312/2024 448/1693/2024
f 448/1693/2025 433/312/2025 440/375/2025
f 423/362/2026 412/345/2026 431/330/2026
f 401/320/2027 412/345/2027 423/362/2027
f 748/1686/2028 742/1676/2028 749/1694/2028
f 471/1695/2029 464/1683/2029 470/1684/2029
f 472/373/2030 438/319/2030 464/1683/2030
f 440/375/2031 438/319/2031 472/373/2031
f 86/1696/2032 92/348/2032 85/347/2032
f 85/347/2033 93/288/2033 99/313/2033
f 108/325/2034 134/351/2034 117/355/2034
f 475/371/2035 464/1683/2035 471/1695/2035
f 471/1695/2036 470/1684/2036 488/1692/2036
f 472/373/2037 464/1683/2037 475/371/2037
f 1976/1697/2038 1978/1687/2038 1977/1689/2038
f 1968/1698/2039 1977/1689/2039 1981/1685/2039
f 423/362/2040 431/330/2040 448/1693/2040
f 117/355/2041 134/351/2041 126/369/2041
f 475/371/2042 471/1695/2042 483/1699/2042
f 491/374/2043 472/373/2043 490/372/2043
f 2058/1700/2044 2059/1701/2044 2097/1702/2044
f 1976/1697/2045 1977/1689/2045 1968/1698/2045
f 439/1703/2046 423/362/2046 448/1693/2046
f 1968/1698/2047 1981/1685/2047 1958/1680/2047
f 1953/1704/2048 1956/1691/2048 1954/331/2048
f 1953/1704/2049 1954/331/2049 1955/333/2049
f 1953/1704/2050 1955/333/2050 1964/1705/2050
f 1964/1705/2051 1955/333/2051 1965/1706/2051
f 85/347/2052 99/313/2052 98/365/2052
f 483/1699/2053 471/1695/2053 486/1707/2053
f 486/1707/2054 471/1695/2054 488/1692/2054
f 1980/1708/2055 1978/1687/2055 1976/1697/2055
f 2058/1700/2056 2097/1702/2056 2060/1709/2056
f 1968/1698/2057 1958/1680/2057 1959/1710/2057
f 415/363/2058 423/362/2058 439/1703/2058
f 1958/1680/2059 1956/1691/2059 1959/1710/2059
f 1959/1710/2060 1956/1691/2060 1967/1711/2060
f 1956/1691/2061 1953/1704/2061 1967/1711/2061
f 490/372/2062 475/371/2062 483/1699/2062
f 2062/1712/2063 2098/1713/2063 2104/1714/2063
f 1980/1708/2064 1976/1697/2064 1975/1715/2064
f 2060/1709/2065 2098/1713/2065 2062/1712/2065
f 1976/1697/2066 1968/1698/2066 1975/1715/2066
f 2056/1716/2067 2059/1701/2067 2058/1700/2067
f 439/1703/2068 448/1693/2068 459/1717/2068
f 1964/1705/2069 1965/1706/2069 1971/1718/2069
f 82/1719/2070 86/1696/2070 85/347/2070
f 82/1719/2071 85/347/2071 83/385/2071
f 1128/379/2072 1167/397/2072 1261/381/2072
f 1831/389/2073 1833/1720/2073 1832/1721/2073
f 2062/1712/2074 2104/1714/2074 2467/1722/2074
f 2664/1723/2075 2665/1724/2075 2666/1725/2075
f 2467/1722/2076 1980/1708/2076 1975/1715/2076
f 1975/1715/2077 1968/1698/2077 1974/1726/2077
f 1974/1726/2078 1968/1698/2078 1973/1727/2078
f 1973/1727/2079 1968/1698/2079 1959/1710/2079
f 420/383/2080 415/363/2080 446/1728/2080
f 2442/1729/2081 1967/1711/2081 1953/1704/2081
f 81/406/2082 82/1719/2082 83/385/2082
f 1261/381/2083 1166/398/2083 1281/1730/2083
f 1261/381/2084 1281/1730/2084 1266/382/2084
f 1830/399/2085 1831/389/2085 1832/1721/2085
f 2060/1709/2086 2062/1712/2086 2061/1731/2086
f 2467/1722/2087 1975/1715/2087 1982/1732/2087
f 1982/1732/2088 1975/1715/2088 1974/1726/2088
f 446/1728/2089 415/363/2089 439/1703/2089
f 2061/1731/2090 2062/1712/2090 2063/1733/2090
f 2063/1733/2091 2062/1712/2091 2467/1722/2091
f 2058/1700/2092 2060/1709/2092 2057/1734/2092
f 454/1735/2093 439/1703/2093 459/1717/2093
f 1973/1727/2094 1959/1710/2094 2432/1736/2094
f 2432/1736/2095 1959/1710/2095 1967/1711/2095
f 1953/1704/2096 1964/1705/2096 2101/1737/2096
f 2574/1738/2097 2576/1739/2097 2575/1740/2097
f 2057/1734/2098 2060/1709/2098 2061/1731/2098
f 2056/1716/2099 2058/1700/2099 2057/1734/2099
f 267/417/2100 268/416/2100 263/1741/2100
f 2047/1742/2101 2467/1722/2101 1982/1732/2101
f 449/452/2102 439/1703/2102 454/1735/2102
f 2445/1743/2103 1973/1727/2103 2432/1736/2103
f 446/1728/2104 439/1703/2104 449/452/2104
f 2442/1729/2105 1953/1704/2105 2102/1744/2105
f 2102/1744/2106 1953/1704/2106 2101/1737/2106
f 2103/1745/2107 1974/1726/2107 1973/1727/2107
f 2522/1746/2108 2521/1747/2108 2524/1748/2108
f 90/1749/2109 82/1719/2109 81/406/2109
f 96/429/2110 84/405/2110 101/393/2110
f 2047/1742/2111 1982/1732/2111 1984/1750/2111
f 1982/1732/2112 1974/1726/2112 1983/1751/2112
f 2053/1752/2113 2056/1716/2113 2057/1734/2113
f 1974/1726/2114 2103/1745/2114 1983/1751/2114
f 2055/1753/2115 2056/1716/2115 2053/1752/2115
f 29/403/2116 57/402/2116 58/441/2116
f 1984/1750/2117 1982/1732/2117 1983/1751/2117
f 2525/1754/2118 2520/1755/2118 2519/1756/2118
f 450/1757/2119 446/1728/2119 449/452/2119
f 2519/1756/2120 2520/1755/2120 2521/1747/2120
f 2053/1752/2121 2057/1734/2121 2100/1758/2121
f 2100/1758/2122 2057/1734/2122 2061/1731/2122
f 2453/1759/2123 2061/1731/2123 2063/1733/2123
f 2519/1756/2124 2521/1747/2124 2522/1746/2124
f 260/1760/2125 267/417/2125 263/1741/2125
f 88/1761/2126 90/1749/2126 81/406/2126
f 81/406/2127 84/405/2127 87/442/2127
f 2100/1758/2128 2061/1731/2128 2453/1759/2128
f 2573/1762/2129 2574/1738/2129 2575/1740/2129
f 1987/1763/2130 2047/1742/2130 1984/1750/2130
f 2103/1745/2131 1973/1727/2131 2445/1743/2131
f 449/452/2132 454/1735/2132 465/450/2132
f 2473/1764/2133 2102/1744/2133 2101/1737/2133
f 2473/1764/2134 2101/1737/2134 2510/1765/2134
f 88/1761/2135 81/406/2135 87/442/2135
f 2453/1759/2136 2047/1742/2136 1987/1763/2136
f 2103/1745/2137 2445/1743/2137 1991/1766/2137
f 1991/1766/2138 2445/1743/2138 2028/1767/2138
f 260/1760/2139 263/1741/2139 262/1768/2139
f 91/1769/2140 90/1749/2140 88/1761/2140
f 1984/1750/2141 1983/1751/2141 1985/1770/2141
f 2054/1771/2142 2055/1753/2142 2053/1752/2142
f 2028/1767/2143 2445/1743/2143 2385/1772/2143
f 2519/1756/2144 2522/1746/2144 2523/1773/2144
f 2523/1773/2145 2522/1746/2145 2526/1774/2145
f 2526/1774/2146 2522/1746/2146 2527/1775/2146
f 1985/1770/2147 1983/1751/2147 1986/1776/2147
f 1983/1751/2148 2103/1745/2148 1986/1776/2148
f 1986/1776/2149 2103/1745/2149 1991/1766/2149
f 450/1757/2150 449/452/2150 462/451/2150
f 9/438/2151 58/441/2151 54/465/2151
f 95/446/2152 87/442/2152 96/429/2152
f 2053/1752/2153 2100/1758/2153 2052/1777/2153
f 1987/1763/2154 1984/1750/2154 1985/1770/2154
f 1986/1776/2155 1991/1766/2155 1990/1778/2155
f 1991/1766/2156 2028/1767/2156 1990/1778/2156
f 2028/1767/2157 2385/1772/2157 1996/1779/2157
f 463/497/2158 450/1757/2158 462/451/2158
f 1996/1779/2159 2385/1772/2159 2443/1780/2159
f 1990/1778/2160 2028/1767/2160 1996/1779/2160
f 2473/1764/2161 2510/1765/2161 2021/1781/2161
f 88/1761/2162 87/442/2162 89/458/2162
f 2453/1759/2163 1987/1763/2163 2033/1782/2163
f 2033/1782/2164 1987/1763/2164 1985/1770/2164
f 2041/1783/2165 2473/1764/2165 2021/1781/2165
f 91/1769/2166 88/1761/2166 68/1784/2166
f 68/1784/2167 88/1761/2167 89/458/2167
f 1985/1770/2168 1986/1776/2168 1988/1785/2168
f 1993/1786/2169 1990/1778/2169 1996/1779/2169
f 259/1787/2170 260/1760/2170 250/1788/2170
f 260/1760/2171 262/1768/2171 250/1788/2171
f 94/474/2172 89/458/2172 95/446/2172
f 2100/1758/2173 2453/1759/2173 2414/1789/2173
f 2414/1789/2174 2453/1759/2174 2033/1782/2174
f 1988/1785/2175 1986/1776/2175 1989/477/2175
f 2051/1790/2176 2054/1771/2176 2053/1752/2176
f 1989/477/2177 1986/1776/2177 1990/1778/2177
f 1989/477/2178 1990/1778/2178 1992/478/2178
f 1992/478/2179 1990/1778/2179 1993/1786/2179
f 1996/1779/2180 2443/1780/2180 2025/1791/2180
f 2443/1780/2181 2041/1783/2181 2008/1792/2181
f 2044/1793/2182 2100/1758/2182 2414/1789/2182
f 2033/1782/2183 1985/1770/2183 1988/1785/2183
f 2051/1790/2184 2053/1752/2184 2052/1777/2184
f 2010/1794/2185 2041/1783/2185 2021/1781/2185
f 250/1788/2186 262/1768/2186 265/1795/2186
f 68/1784/2187 89/458/2187 69/502/2187
f 1988/1785/2188 1989/477/2188 2029/1796/2188
f 2025/1791/2189 2443/1780/2189 2008/1792/2189
f 2008/1792/2190 2041/1783/2190 2010/1794/2190
f 255/1797/2191 259/1787/2191 250/1788/2191
f 69/502/2192 89/458/2192 94/474/2192
f 2048/1798/2193 2052/1777/2193 2100/1758/2193
f 2048/1798/2194 2100/1758/2194 2044/1793/2194
f 2038/1799/2195 1992/478/2195 1993/1786/2195
f 2064/1800/2196 2054/1771/2196 2051/1790/2196
f 2065/1801/2197 2064/1800/2197 2051/1790/2197
f 2010/1794/2198 2021/1781/2198 2011/1802/2198
f 255/1797/2199 250/1788/2199 245/1803/2199
f 1877/475/2200 1840/455/2200 1878/506/2200
f 2032/1804/2201 2033/1782/2201 1988/1785/2201
f 2029/1796/2202 1989/477/2202 2039/517/2202
f 2039/517/2203 1989/477/2203 1994/476/2203
f 1994/476/2204 1992/478/2204 1995/1805/2204
f 1995/1805/2205 1992/478/2205 2038/1799/2205
f 1996/1779/2206 2025/1791/2206 1998/1806/2206
f 2025/1791/2207 2008/1792/2207 1998/1806/2207
f 250/1788/2208 265/1795/2208 248/1807/2208
f 2031/1808/2209 2029/1796/2209 2039/517/2209
f 1997/1809/2210 1993/1786/2210 1996/1779/2210
f 1997/1809/2211 1996/1779/2211 1998/1806/2211
f 64/504/2212 68/1784/2212 69/502/2212
f 69/502/2213 94/474/2213 97/484/2213
f 2414/1789/2214 2033/1782/2214 2032/1804/2214
f 2032/1804/2215 1988/1785/2215 2030/1810/2215
f 2030/1810/2216 1988/1785/2216 2029/1796/2216
f 2030/1810/2217 2029/1796/2217 2031/1808/2217
f 2039/517/2218 1994/476/2218 2027/515/2218
f 2027/515/2219 1994/476/2219 1995/1805/2219
f 2038/1799/2220 1993/1786/2220 1997/1809/2220
f 245/1803/2221 250/1788/2221 248/1807/2221
f 2044/1793/2222 2414/1789/2222 2032/1804/2222
f 2048/1798/2223 2051/1790/2223 2052/1777/2223
f 2023/1811/2224 2038/1799/2224 1997/1809/2224
f 466/496/2225 462/451/2225 467/1812/2225
f 1998/1806/2226 2008/1792/2226 2006/1813/2226
f 2010/1794/2227 2011/1802/2227 2009/1814/2227
f 256/1815/2228 255/1797/2228 245/1803/2228
f 67/1816/2229 68/1784/2229 64/504/2229
f 2050/1817/2230 2051/1790/2230 2048/1798/2230
f 890/1818/2231 899/1819/2231 912/1820/2231
f 890/1818/2232 912/1820/2232 891/1821/2232
f 2027/515/2233 1995/1805/2233 2441/1822/2233
f 1995/1805/2234 2038/1799/2234 2441/1822/2234
f 2441/1822/2235 2038/1799/2235 2023/1811/2235
f 2499/516/2236 2031/1808/2236 2039/517/2236
f 2008/1792/2237 2010/1794/2237 2009/1814/2237
f 2006/1813/2238 2008/1792/2238 2009/1814/2238
f 2040/1823/2239 2044/1793/2239 2032/1804/2239
f 2065/1801/2240 2051/1790/2240 2050/1817/2240
f 2023/1811/2241 1997/1809/2241 2022/1824/2241
f 484/1825/2242 463/497/2242 466/496/2242
f 5/481/2243 54/465/2243 51/530/2243
f 245/1803/2244 248/1807/2244 246/1826/2244
f 2048/1798/2245 2044/1793/2245 2045/1827/2245
f 2032/1804/2246 2030/1810/2246 2034/1828/2246
f 2034/1828/2247 2030/1810/2247 2035/1829/2247
f 899/1819/2248 890/1818/2248 883/579/2248
f 2499/516/2249 2027/515/2249 2441/1822/2249
f 2454/1830/2250 2441/1822/2250 2023/1811/2250
f 2022/1824/2251 1997/1809/2251 2000/1831/2251
f 1999/1832/2252 1997/1809/2252 1998/1806/2252
f 2005/1833/2253 1998/1806/2253 2006/1813/2253
f 66/1834/2254 67/1816/2254 64/504/2254
f 74/503/2255 97/484/2255 104/524/2255
f 2045/1827/2256 2044/1793/2256 2040/1823/2256
f 881/1835/2257 883/579/2257 890/1818/2257
f 890/1818/2258 891/1821/2258 862/1836/2258
f 881/1835/2259 890/1818/2259 862/1836/2259
f 2000/1831/2260 1997/1809/2260 1999/1832/2260
f 1999/1832/2261 1998/1806/2261 2005/1833/2261
f 256/1815/2262 245/1803/2262 247/1837/2262
f 66/1834/2263 64/504/2263 63/1838/2263
f 65/1839/2264 64/504/2264 74/503/2264
f 1488/541/2265 1491/1840/2265 1490/542/2265
f 2040/1823/2266 2032/1804/2266 2036/1841/2266
f 2036/1841/2267 2032/1804/2267 2034/1828/2267
f 2456/1842/2268 2441/1822/2268 2454/1830/2268
f 2456/1842/2269 2499/516/2269 2441/1822/2269
f 2454/1830/2270 2023/1811/2270 2455/1843/2270
f 909/1844/2271 911/1845/2271 910/1846/2271
f 247/1837/2272 245/1803/2272 244/1847/2272
f 244/1847/2273 245/1803/2273 246/1826/2273
f 63/1838/2274 64/504/2274 65/1839/2274
f 2456/1842/2275 2454/1830/2275 2455/1843/2275
f 2050/1817/2276 2048/1798/2276 2049/1848/2276
f 862/1836/2277 891/1821/2277 894/1849/2277
f 909/1844/2278 910/1846/2278 908/1850/2278
f 908/1850/2279 910/1846/2279 925/1851/2279
f 2006/1813/2280 2009/1814/2280 2024/1852/2280
f 861/580/2281 883/579/2281 881/1835/2281
f 1492/1853/2282 1491/1840/2282 1488/541/2282
f 861/580/2283 881/1835/2283 862/1836/2283
f 2049/1848/2284 2048/1798/2284 2045/1827/2284
f 894/1849/2285 909/1844/2285 893/1854/2285
f 909/1844/2286 908/1850/2286 906/600/2286
f 908/1850/2287 925/1851/2287 927/1855/2287
f 65/1839/2288 74/503/2288 75/560/2288
f 1330/1856/2289 1333/1857/2289 1331/1858/2289
f 861/580/2290 862/1836/2290 860/1859/2290
f 2040/1823/2291 2036/1841/2291 2043/1860/2291
f 2036/1841/2292 2034/1828/2292 2037/1861/2292
f 906/600/2293 908/1850/2293 907/601/2293
f 907/601/2294 908/1850/2294 927/1855/2294
f 2005/1833/2295 2006/1813/2295 2007/1862/2295
f 2007/1862/2296 2006/1813/2296 2024/1852/2296
f 244/1847/2297 246/1826/2297 249/1863/2297
f 860/1859/2298 862/1836/2298 894/1849/2298
f 2043/1860/2299 2036/1841/2299 2046/1864/2299
f 2036/1841/2300 2037/1861/2300 2046/1864/2300
f 1527/598/2301 1528/597/2301 1529/1865/2301
f 1308/1866/2302 1309/1867/2302 1310/1868/2302
f 1310/1868/2303 1309/1867/2303 1311/1869/2303
f 2000/1831/2304 1999/1832/2304 2001/1870/2304
f 466/496/2305 467/1812/2305 469/1871/2305
f 473/1872/2306 484/1825/2306 466/496/2306
f 258/1873/2307 256/1815/2307 247/1837/2307
f 1327/1874/2308 1330/1856/2308 1323/1875/2308
f 1323/1875/2309 1330/1856/2309 1331/1858/2309
f 1448/569/2310 1458/568/2310 1443/1876/2310
f 1439/1877/2311 1459/572/2311 1448/569/2311
f 1439/1877/2312 1448/569/2312 1443/1876/2312
f 1460/592/2313 1459/572/2313 1439/1877/2313
f 876/1878/2314 875/578/2314 869/640/2314
f 869/640/2315 875/578/2315 861/580/2315
f 869/640/2316 861/580/2316 870/1879/2316
f 860/1859/2317 894/1849/2317 893/1854/2317
f 893/1854/2318 909/1844/2318 906/600/2318
f 2625/1880/2319 2623/1881/2319 2622/1882/2319
f 2046/1864/2320 2037/1861/2320 2497/1883/2320
f 1531/586/2321 1527/598/2321 1530/587/2321
f 1530/587/2322 1527/598/2322 1529/1865/2322
f 2622/1882/2323 2623/1881/2323 2624/1884/2323
f 2376/4/2324 2374/2/2324 2372/1885/2324
f 1528/597/2325 1552/599/2325 1590/1886/2325
f 2374/2/2326 2373/1/2326 2372/1885/2326
f 1590/1886/2327 1552/599/2327 1544/628/2327
f 2372/1885/2328 2373/1/2328 2371/1887/2328
f 1313/1888/2329 1308/1866/2329 1310/1868/2329
f 2409/1889/2330 2065/1801/2330 2050/1817/2330
f 2003/1890/2331 2000/1831/2331 2002/1891/2331
f 2002/1891/2332 2000/1831/2332 2001/1870/2332
f 1999/1832/2333 2005/1833/2333 2042/1892/2333
f 1374/1893/2334 1373/609/2334 1371/607/2334
f 1323/1875/2335 1331/1858/2335 1332/1894/2335
f 795/674/2336 799/549/2336 796/566/2336
f 877/626/2337 876/1878/2337 869/640/2337
f 886/1895/2338 860/1859/2338 893/1854/2338
f 1531/586/2339 1541/612/2339 1527/598/2339
f 889/1896/2340 893/1854/2340 906/600/2340
f 906/600/2341 905/602/2341 902/662/2341
f 1527/598/2342 1541/612/2342 1552/599/2342
f 2497/1883/2343 2376/4/2343 2372/1885/2343
f 1313/1888/2344 1310/1868/2344 1314/670/2344
f 1312/672/2345 1313/1888/2345 1314/670/2345
f 2409/1889/2346 2050/1817/2346 2066/1897/2346
f 2026/1898/2347 2003/1890/2347 2002/1891/2347
f 2042/1892/2348 2005/1833/2348 2012/1899/2348
f 244/1847/2349 249/1863/2349 251/1900/2349
f 1326/1901/2350 1327/1874/2350 1322/1902/2350
f 1327/1874/2351 1323/1875/2351 1322/1902/2351
f 1371/607/2352 1375/1903/2352 1374/1893/2352
f 1323/1875/2353 1332/1894/2353 1320/1904/2353
f 1428/1905/2354 1440/1906/2354 1429/1907/2354
f 1427/1908/2355 1443/1876/2355 1440/1906/2355
f 1431/638/2356 1460/592/2356 1439/1877/2356
f 783/591/2357 785/573/2357 782/622/2357
f 857/1909/2358 869/640/2358 870/1879/2358
f 886/1895/2359 893/1854/2359 889/1896/2359
f 889/1896/2360 906/600/2360 900/1910/2360
f 900/1910/2361 906/600/2361 902/662/2361
f 902/662/2362 905/602/2362 903/663/2362
f 1316/1911/2363 1313/1888/2363 1312/672/2363
f 2066/1897/2364 2050/1817/2364 2049/1848/2364
f 2372/1885/2365 2371/1887/2365 2367/1912/2365
f 2367/1912/2366 2371/1887/2366 2370/1913/2366
f 2001/1870/2367 1999/1832/2367 2042/1892/2367
f 2012/1899/2368 2005/1833/2368 2007/1862/2368
f 494/1914/2369 484/1825/2369 473/1872/2369
f 1325/1915/2370 1326/1901/2370 1322/1902/2370
f 1429/1907/2371 1454/1916/2371 1430/1917/2371
f 1322/1902/2372 1323/1875/2372 1320/1904/2372
f 1427/1908/2373 1440/1906/2373 1428/1905/2373
f 1439/1877/2374 1443/1876/2374 1427/1908/2374
f 1592/594/2375 1570/660/2375 1569/584/2375
f 1507/615/2376 1509/614/2376 1505/668/2376
f 1519/1918/2377 1516/1919/2377 1518/1920/2377
f 2367/1912/2378 2370/1913/2378 2368/1921/2378
f 1518/1920/2379 1516/1919/2379 1515/1922/2379
f 2004/1923/2380 2026/1898/2380 2002/1891/2380
f 2007/1862/2381 2024/1852/2381 2457/1924/2381
f 251/1900/2382 249/1863/2382 264/1925/2382
f 70/1926/2383 63/1838/2383 65/1839/2383
f 1898/636/2384 1812/635/2384 1809/650/2384
f 1430/1917/2385 1452/1927/2385 1446/1928/2385
f 1749/649/2386 1752/633/2386 1809/650/2386
f 1325/1915/2387 1322/1902/2387 1324/1929/2387
f 1429/1907/2388 1430/1917/2388 1414/1930/2388
f 795/674/2389 796/566/2389 791/675/2389
f 1431/638/2390 1439/1877/2390 1427/1908/2390
f 867/1931/2391 869/640/2391 857/1909/2391
f 857/1909/2392 870/1879/2392 861/580/2392
f 857/1909/2393 861/580/2393 860/1859/2393
f 857/1909/2394 860/1859/2394 859/1932/2394
f 859/1932/2395 860/1859/2395 886/1895/2395
f 1541/612/2396 1543/666/2396 1544/628/2396
f 2043/1860/2397 2046/1864/2397 2407/1933/2397
f 1544/628/2398 1543/666/2398 1563/665/2398
f 1316/1911/2399 1312/672/2399 1315/671/2399
f 1582/1934/2400 1563/665/2400 1567/667/2400
f 1515/1922/2401 1516/1919/2401 1517/1935/2401
f 1382/1936/2402 1385/1937/2402 1383/646/2402
f 1382/1936/2403 1383/646/2403 1384/645/2403
f 2004/1923/2404 2002/1891/2404 2001/1870/2404
f 257/1938/2405 258/1873/2405 247/1837/2405
f 1414/1930/2406 1430/1917/2406 1442/1939/2406
f 1442/1939/2407 1430/1917/2407 1446/1928/2407
f 1452/1927/2408 1455/1940/2408 1451/1941/2408
f 1446/1928/2409 1452/1927/2409 1451/1941/2409
f 1446/1928/2410 1451/1941/2410 1447/1942/2410
f 1324/1929/2411 1322/1902/2411 1317/1943/2411
f 1317/1943/2412 1322/1902/2412 1320/1904/2412
f 838/1944/2413 795/674/2413 825/736/2413
f 825/736/2414 795/674/2414 794/676/2414
f 900/1910/2415 902/662/2415 901/664/2415
f 901/664/2416 903/663/2416 926/1945/2416
f 2049/1848/2417 2045/1827/2417 2099/1946/2417
f 2099/1946/2418 2045/1827/2418 2040/1823/2418
f 2497/1883/2419 2372/1885/2419 2367/1912/2419
f 2364/1947/2420 2368/1921/2420 2369/1948/2420
f 2004/1923/2421 2001/1870/2421 2042/1892/2421
f 473/1872/2422 466/496/2422 469/1871/2422
f 257/1938/2423 247/1837/2423 244/1847/2423
f 70/1926/2424 65/1839/2424 71/701/2424
f 1442/1939/2425 1446/1928/2425 1447/1942/2425
f 1328/1949/2426 1324/1929/2426 1317/1943/2426
f 1413/779/2427 1428/1905/2427 1429/1907/2427
f 1413/779/2428 1429/1907/2428 1414/1930/2428
f 1426/740/2429 1431/638/2429 1427/1908/2429
f 1450/677/2430 1431/638/2430 1426/740/2430
f 874/1950/2431 895/627/2431 869/640/2431
f 859/1932/2432 886/1895/2432 885/1951/2432
f 885/1951/2433 886/1895/2433 889/1896/2433
f 919/1952/2434 901/664/2434 926/1945/2434
f 2099/1946/2435 2040/1823/2435 2043/1860/2435
f 2367/1912/2436 2368/1921/2436 2364/1947/2436
f 2543/1953/2437 2547/1954/2437 2544/1955/2437
f 65/1839/2438 75/560/2438 71/701/2438
f 1317/1943/2439 1320/1904/2439 1318/1956/2439
f 1413/779/2440 1427/1908/2440 1428/1905/2440
f 1420/1957/2441 1427/1908/2441 1413/779/2441
f 1449/723/2442 1450/677/2442 1426/740/2442
f 1449/723/2443 1463/679/2443 1450/677/2443
f 874/1950/2444 869/640/2444 867/1931/2444
f 857/1909/2445 859/1932/2445 858/1958/2445
f 885/1951/2446 889/1896/2446 884/1959/2446
f 884/1959/2447 889/1896/2447 900/1910/2447
f 919/1952/2448 926/1945/2448 930/1960/2448
f 2407/1933/2449 2046/1864/2449 2413/1961/2449
f 2541/1962/2450 2540/1963/2450 2542/1964/2450
f 1762/546/2451 1796/545/2451 1758/702/2451
f 1442/1939/2452 1447/1942/2452 1441/1965/2452
f 1317/1943/2453 1318/1956/2453 1319/1966/2453
f 1426/740/2454 1427/1908/2454 1420/1957/2454
f 896/692/2455 895/627/2455 874/1950/2455
f 919/1952/2456 930/1960/2456 932/1967/2456
f 2067/1968/2457 2049/1848/2457 2099/1946/2457
f 2143/1969/2458 2497/1883/2458 2144/1970/2458
f 2144/1970/2459 2497/1883/2459 2367/1912/2459
f 2068/1971/2460 2409/1889/2460 2066/1897/2460
f 1441/1965/2461 1447/1942/2461 1445/1972/2461
f 1328/1949/2462 1317/1943/2462 1321/1973/2462
f 1321/1973/2463 1317/1943/2463 1319/1966/2463
f 1414/1930/2464 1442/1939/2464 1441/1965/2464
f 825/736/2465 794/676/2465 764/737/2465
f 856/1974/2466 867/1931/2466 857/1909/2466
f 856/1974/2467 857/1909/2467 858/1958/2467
f 858/1958/2468 859/1932/2468 885/1951/2468
f 2539/1975/2469 2540/1963/2469 2541/1962/2469
f 2066/1897/2470 2049/1848/2470 2067/1968/2470
f 2144/1970/2471 2367/1912/2471 2364/1947/2471
f 2543/1953/2472 2544/1955/2472 2545/1976/2472
f 2545/1976/2473 2544/1955/2473 2546/1977/2473
f 474/1978/2474 473/1872/2474 469/1871/2474
f 494/1914/2475 473/1872/2475 474/1978/2475
f 1445/1972/2476 1447/1942/2476 1453/1979/2476
f 1413/779/2477 1414/1930/2477 1415/1980/2477
f 764/737/2478 794/676/2478 773/722/2478
f 854/709/2479 896/692/2479 850/758/2479
f 871/785/2480 874/1950/2480 867/1931/2480
f 858/1958/2481 885/1951/2481 879/1981/2481
f 879/1981/2482 885/1951/2482 884/1959/2482
f 901/664/2483 919/1952/2483 918/1982/2483
f 919/1952/2484 932/1967/2484 935/1983/2484
f 918/1982/2485 919/1952/2485 935/1983/2485
f 2099/1946/2486 2043/1860/2486 2413/1961/2486
f 2043/1860/2487 2407/1933/2487 2413/1961/2487
f 2014/1984/2488 2042/1892/2488 2012/1899/2488
f 2013/1985/2489 2012/1899/2489 2007/1862/2489
f 2013/1985/2490 2007/1862/2490 2020/1986/2490
f 2020/1986/2491 2007/1862/2491 2457/1924/2491
f 1424/1987/2492 1420/1957/2492 1419/1988/2492
f 766/690/2493 767/691/2493 768/739/2493
f 871/785/2494 867/1931/2494 868/786/2494
f 868/786/2495 867/1931/2495 856/1974/2495
f 900/1910/2496 901/664/2496 880/1989/2496
f 880/1989/2497 901/664/2497 904/1990/2497
f 904/1990/2498 901/664/2498 918/1982/2498
f 2150/1991/2499 2413/1961/2499 2143/1969/2499
f 2018/1992/2500 2042/1892/2500 2014/1984/2500
f 257/1938/2501 244/1847/2501 252/1993/2501
f 1321/1973/2502 1319/1966/2502 1329/1994/2502
f 763/1995/2503 765/738/2503 764/737/2503
f 1419/1988/2504 1420/1957/2504 1413/779/2504
f 1424/1987/2505 1426/740/2505 1420/1957/2505
f 1438/724/2506 1426/740/2506 1424/1987/2506
f 898/1996/2507 850/758/2507 896/692/2507
f 1533/712/2508 1534/729/2508 1535/746/2508
f 2144/1970/2509 2364/1947/2509 2149/1997/2509
f 2068/1971/2510 2066/1897/2510 2067/1968/2510
f 252/1993/2511 244/1847/2511 251/1900/2511
f 1445/1972/2512 1453/1979/2512 1457/1998/2512
f 1444/1999/2513 1445/1972/2513 1457/1998/2513
f 1414/1930/2514 1441/1965/2514 1432/2000/2514
f 1415/1980/2515 1414/1930/2515 1432/2000/2515
f 898/1996/2516 896/692/2516 873/2001/2516
f 873/2001/2517 896/692/2517 874/1950/2517
f 874/1950/2518 871/785/2518 873/2001/2518
f 880/1989/2519 884/1959/2519 900/1910/2519
f 2584/2002/2520 2585/2003/2520 2586/2004/2520
f 2149/1997/2521 2364/1947/2521 2018/1992/2521
f 2014/1984/2522 2012/1899/2522 2013/1985/2522
f 252/1993/2523 251/1900/2523 253/2005/2523
f 251/1900/2524 264/1925/2524 253/2005/2524
f 1444/1999/2525 1457/1998/2525 1400/2006/2525
f 1432/2000/2526 1441/1965/2526 1445/1972/2526
f 1432/2000/2527 1445/1972/2527 1444/1999/2527
f 763/1995/2528 764/737/2528 758/2007/2528
f 1416/780/2529 1413/779/2529 1415/1980/2529
f 1418/781/2530 1419/1988/2530 1413/779/2530
f 851/769/2531 850/758/2531 898/1996/2531
f 863/2008/2532 856/1974/2532 858/1958/2532
f 879/1981/2533 884/1959/2533 880/1989/2533
f 904/1990/2534 918/1982/2534 928/2009/2534
f 928/2009/2535 918/1982/2535 935/1983/2535
f 1432/2000/2536 1444/1999/2536 1399/2010/2536
f 762/2011/2537 763/1995/2537 758/2007/2537
f 758/2007/2538 764/737/2538 773/722/2538
f 1421/2012/2539 1419/1988/2539 1418/781/2539
f 1421/2012/2540 1424/1987/2540 1419/1988/2540
f 1437/797/2541 1438/724/2541 1424/1987/2541
f 1437/797/2542 1424/1987/2542 1421/2012/2542
f 872/787/2543 873/2001/2543 871/785/2543
f 872/787/2544 868/786/2544 864/2013/2544
f 864/2013/2545 868/786/2545 856/1974/2545
f 863/2008/2546 858/1958/2546 879/1981/2546
f 487/2014/2547 494/1914/2547 474/1978/2547
f 253/2005/2548 264/1925/2548 266/2015/2548
f 72/2016/2549 70/1926/2549 71/701/2549
f 1397/2017/2550 1432/2000/2550 1399/2010/2550
f 1415/1980/2551 1432/2000/2551 1417/2018/2551
f 851/769/2552 898/1996/2552 855/813/2552
f 864/2013/2553 856/1974/2553 863/2008/2553
f 878/2019/2554 863/2008/2554 879/1981/2554
f 924/2020/2555 904/1990/2555 928/2009/2555
f 1493/815/2556 1494/792/2556 1495/791/2556
f 2478/2021/2557 2067/1968/2557 2099/1946/2557
f 2584/2002/2558 2586/2004/2558 2587/2022/2558
f 2014/1984/2559 2013/1985/2559 2015/2023/2559
f 2020/1986/2560 2457/1924/2560 2458/2024/2560
f 1399/2010/2561 1444/1999/2561 1400/2006/2561
f 1409/810/2562 1411/756/2562 1437/797/2562
f 855/813/2563 898/1996/2563 892/2025/2563
f 892/2025/2564 898/1996/2564 873/2001/2564
f 1578/765/2565 1579/801/2565 1561/749/2565
f 882/2026/2566 873/2001/2566 872/787/2566
f 878/2019/2567 879/1981/2567 880/1989/2567
f 880/1989/2568 904/1990/2568 924/2020/2568
f 2016/2027/2569 2014/1984/2569 2015/2023/2569
f 2015/2023/2570 2013/1985/2570 2020/1986/2570
f 73/821/2571 72/2016/2571 71/701/2571
f 757/2028/2572 762/2011/2572 758/2007/2572
f 1399/2010/2573 1400/2006/2573 1398/2029/2573
f 1417/2018/2574 1432/2000/2574 1397/2017/2574
f 758/2007/2575 773/722/2575 759/818/2575
f 1416/780/2576 1415/1980/2576 1417/2018/2576
f 1421/2012/2577 1418/781/2577 1423/2030/2577
f 1437/797/2578 1421/2012/2578 1425/2031/2578
f 865/2032/2579 864/2013/2579 863/2008/2579
f 866/2033/2580 863/2008/2580 878/2019/2580
f 880/1989/2581 924/2020/2581 923/2034/2581
f 2142/2035/2582 2150/1991/2582 2143/1969/2582
f 2018/1992/2583 2014/1984/2583 2016/2027/2583
f 474/1978/2584 469/1871/2584 476/2036/2584
f 2071/2037/2585 2409/1889/2585 2068/1971/2585
f 2020/1986/2586 2458/2024/2586 2459/866/2586
f 254/2038/2587 252/1993/2587 253/2005/2587
f 1397/2017/2588 1399/2010/2588 1398/2029/2588
f 757/2028/2589 758/2007/2589 759/818/2589
f 1409/810/2590 1437/797/2590 1436/842/2590
f 1410/783/2591 1409/810/2591 1407/844/2591
f 1579/801/2592 1601/819/2592 1571/814/2592
f 892/2025/2593 873/2001/2593 882/2026/2593
f 882/2026/2594 872/787/2594 864/2013/2594
f 1561/749/2595 1571/814/2595 1559/827/2595
f 866/2033/2596 878/2019/2596 888/2039/2596
f 888/2039/2597 878/2019/2597 880/1989/2597
f 921/2040/2598 880/1989/2598 923/2034/2598
f 1339/2041/2599 1340/2042/2599 1338/2043/2599
f 2584/2002/2600 2587/2022/2600 2588/2044/2600
f 2142/2035/2601 2359/2045/2601 2150/1991/2601
f 2142/2035/2602 2143/1969/2602 2140/2046/2602
f 2143/1969/2603 2144/1970/2603 2140/2046/2603
f 2096/2047/2604 2067/1968/2604 2478/2021/2604
f 2140/2046/2605 2144/1970/2605 2149/1997/2605
f 2069/2048/2606 2068/1971/2606 2067/1968/2606
f 2069/2048/2607 2067/1968/2607 2096/2047/2607
f 2020/1986/2608 2459/866/2608 2460/2049/2608
f 254/2038/2609 253/2005/2609 261/2050/2609
f 261/2050/2610 253/2005/2610 266/2015/2610
f 76/856/2611 72/2016/2611 73/821/2611
f 1388/2051/2612 1397/2017/2612 1391/2052/2612
f 1391/2052/2613 1397/2017/2613 1398/2029/2613
f 1417/2018/2614 1397/2017/2614 1388/2051/2614
f 757/2028/2615 759/818/2615 760/2053/2615
f 1425/2031/2616 1421/2012/2616 1423/2030/2616
f 1436/842/2617 1437/797/2617 1425/2031/2617
f 855/813/2618 892/2025/2618 916/2054/2618
f 916/2054/2619 892/2025/2619 882/2026/2619
f 865/2032/2620 863/2008/2620 866/2033/2620
f 888/2039/2621 880/1989/2621 915/2055/2621
f 915/2055/2622 880/1989/2622 921/2040/2622
f 1335/2056/2623 1339/2041/2623 1337/2057/2623
f 1337/2057/2624 1339/2041/2624 1338/2043/2624
f 2140/2046/2625 2149/1997/2625 2137/2058/2625
f 2137/2058/2626 2149/1997/2626 2018/1992/2626
f 2015/2023/2627 2020/1986/2627 2492/2059/2627
f 76/856/2628 73/821/2628 79/854/2628
f 1422/840/2629 1416/780/2629 1417/2018/2629
f 1406/843/2630 1407/844/2630 1409/810/2630
f 934/2060/2631 855/813/2631 916/2054/2631
f 1571/814/2632 1601/819/2632 1591/847/2632
f 882/2026/2633 864/2013/2633 865/2032/2633
f 2018/1992/2634 2016/2027/2634 2019/2061/2634
f 2016/2027/2635 2015/2023/2635 2017/2062/2635
f 2017/2062/2636 2015/2023/2636 2492/2059/2636
f 2492/2059/2637 2020/1986/2637 2461/2063/2637
f 2461/2063/2638 2020/1986/2638 2460/2049/2638
f 2460/2049/2639 2459/866/2639 2462/865/2639
f 1392/2064/2640 1388/2051/2640 1387/2065/2640
f 1392/2064/2641 1417/2018/2641 1388/2051/2641
f 760/2053/2642 759/818/2642 761/832/2642
f 1423/2030/2643 1418/781/2643 1422/840/2643
f 1435/2066/2644 1436/842/2644 1425/2031/2644
f 934/2060/2645 916/2054/2645 929/2067/2645
f 913/2068/2646 882/2026/2646 887/2069/2646
f 887/2069/2647 882/2026/2647 865/2032/2647
f 887/2069/2648 865/2032/2648 866/2033/2648
f 887/2069/2649 866/2033/2649 888/2039/2649
f 1335/2056/2650 1337/2057/2650 1336/2070/2650
f 1336/2070/2651 1337/2057/2651 1338/2043/2651
f 2137/2058/2652 2018/1992/2652 2136/2071/2652
f 2136/2071/2653 2018/1992/2653 2019/2061/2653
f 1388/2051/2654 1391/2052/2654 1389/2072/2654
f 1387/2065/2655 1388/2051/2655 1389/2072/2655
f 1422/840/2656 1417/2018/2656 1393/2073/2656
f 1393/2073/2657 1417/2018/2657 1392/2064/2657
f 1434/909/2658 1425/2031/2658 1423/2030/2658
f 1435/2066/2659 1425/2031/2659 1434/909/2659
f 1406/843/2660 1436/842/2660 1404/876/2660
f 1404/876/2661 1436/842/2661 1435/2066/2661
f 929/2067/2662 916/2054/2662 914/2074/2662
f 1591/847/2663 1589/886/2663 1559/827/2663
f 914/2074/2664 916/2054/2664 882/2026/2664
f 914/2074/2665 882/2026/2665 913/2068/2665
f 920/2075/2666 888/2039/2666 915/2055/2666
f 1342/2076/2667 1341/2077/2667 1334/2078/2667
f 1334/2078/2668 1341/2077/2668 1335/2056/2668
f 1343/2079/2669 1334/2078/2669 1336/2070/2669
f 1550/849/2670 1583/887/2670 1581/850/2670
f 1334/2078/2671 1335/2056/2671 1336/2070/2671
f 2359/2045/2672 2142/2035/2672 2148/2080/2672
f 487/2014/2673 474/1978/2673 476/2036/2673
f 2460/2049/2674 2462/865/2674 2463/2081/2674
f 2462/865/2675 2465/867/2675 2464/2082/2675
f 2463/2081/2676 2462/865/2676 2464/2082/2676
f 1392/2064/2677 1387/2065/2677 1390/2083/2677
f 1390/2083/2678 1387/2065/2678 1389/2072/2678
f 837/2084/2679 761/832/2679 810/817/2679
f 1433/907/2680 1422/840/2680 1393/2073/2680
f 1423/2030/2681 1422/840/2681 1433/907/2681
f 913/2068/2682 887/2069/2682 922/2085/2682
f 920/2075/2683 887/2069/2683 888/2039/2683
f 931/2086/2684 887/2069/2684 920/2075/2684
f 1343/2079/2685 1342/2076/2685 1334/2078/2685
f 2070/2087/2686 2071/2037/2686 2068/1971/2686
f 489/953/2687 487/2014/2687 476/2036/2687
f 362/2088/2688 365/2089/2688 364/2090/2688
f 364/2090/2689 365/2089/2689 373/2091/2689
f 2464/2082/2690 2465/867/2690 2500/2092/2690
f 330/903/2691 332/853/2691 329/868/2691
f 1393/2073/2692 1392/2064/2692 1390/2083/2692
f 1606/2093/2693 1607/2094/2693 1608/2095/2693
f 1433/907/2694 1393/2073/2694 1395/2096/2694
f 1434/909/2695 1423/2030/2695 1433/907/2695
f 1408/920/2696 1435/2066/2696 1434/909/2696
f 1402/896/2697 1404/876/2697 1435/2066/2697
f 1405/845/2698 1404/876/2698 1401/897/2698
f 929/2067/2699 914/2074/2699 933/2097/2699
f 1589/886/2700 1596/2098/2700 1555/848/2700
f 933/2097/2701 914/2074/2701 922/2085/2701
f 922/2085/2702 914/2074/2702 913/2068/2702
f 922/2085/2703 887/2069/2703 931/2086/2703
f 1345/901/2704 1342/2076/2704 1344/902/2704
f 1344/902/2705 1342/2076/2705 1343/2079/2705
f 2146/2099/2706 2142/2035/2706 2141/2100/2706
f 2141/2100/2707 2142/2035/2707 2140/2046/2707
f 2140/2046/2708 2137/2058/2708 2139/2101/2708
f 2017/2062/2709 2492/2059/2709 2362/2102/2709
f 2464/2082/2710 2500/2092/2710 2501/2103/2710
f 364/2090/2711 373/2091/2711 371/2104/2711
f 541/2105/2712 542/2106/2712 533/2107/2712
f 541/2105/2713 533/2107/2713 531/923/2713
f 1395/2096/2714 1393/2073/2714 1394/2108/2714
f 1393/2073/2715 1390/2083/2715 1394/2108/2715
f 1394/2108/2716 1390/2083/2716 1396/2109/2716
f 1408/920/2717 1434/909/2717 1412/908/2717
f 1435/2066/2718 1408/920/2718 1402/896/2718
f 1555/848/2719 1596/2098/2719 1587/898/2719
f 844/2110/2720 840/2111/2720 842/2112/2720
f 1554/863/2721 1587/898/2721 1566/899/2721
f 842/2112/2722 840/2111/2722 839/2113/2722
f 839/2113/2723 840/2111/2723 841/2114/2723
f 841/2114/2724 840/2111/2724 843/2115/2724
f 1346/900/2725 1347/2116/2725 1345/901/2725
f 2478/2021/2726 2359/2045/2726 2148/2080/2726
f 2362/2102/2727 2492/2059/2727 2196/2117/2727
f 362/2088/2728 364/2090/2728 360/2118/2728
f 360/2118/2729 364/2090/2729 371/2104/2729
f 531/923/2730 533/2107/2730 530/928/2730
f 1412/908/2731 1433/907/2731 1456/2119/2731
f 1456/2119/2732 1433/907/2732 1395/2096/2732
f 936/2120/2733 937/2121/2733 938/2122/2733
f 937/2121/2734 939/2123/2734 938/2122/2734
f 1402/896/2735 1408/920/2735 1403/919/2735
f 1401/897/2736 1402/896/2736 1403/919/2736
f 2148/2080/2737 2142/2035/2737 2146/2099/2737
f 2019/2061/2738 2016/2027/2738 2017/2062/2738
f 2528/2124/2739 2529/2125/2739 2530/2126/2739
f 362/2088/2740 360/2118/2740 357/2127/2740
f 360/2118/2741 371/2104/2741 358/2128/2741
f 528/924/2742 531/923/2742 530/928/2742
f 358/2128/2743 371/2104/2743 372/2129/2743
f 541/2105/2744 531/923/2744 532/925/2744
f 543/2130/2745 541/2105/2745 532/925/2745
f 1903/905/2746 1902/912/2746 1904/926/2746
f 1376/2131/2747 1377/2132/2747 1378/2133/2747
f 2141/2100/2748 2140/2046/2748 2139/2101/2748
f 2139/2101/2749 2137/2058/2749 2138/2134/2749
f 2137/2058/2750 2136/2071/2750 2138/2134/2750
f 2068/1971/2751 2069/2048/2751 2070/2087/2751
f 503/955/2752 487/2014/2752 489/953/2752
f 363/2135/2753 362/2088/2753 357/2127/2753
f 2501/2103/2754 2500/2092/2754 2502/2136/2754
f 2502/2136/2755 2500/2092/2755 2503/2137/2755
f 357/2127/2756 360/2118/2756 358/2128/2756
f 334/945/2757 330/903/2757 327/922/2757
f 1780/2138/2758 1900/911/2758 1782/888/2758
f 536/941/2759 532/925/2759 528/924/2759
f 1780/2138/2760 1782/888/2760 1777/2139/2760
f 1777/2139/2761 1782/888/2761 1776/917/2761
f 2136/2071/2762 2019/2061/2762 2151/2140/2762
f 2019/2061/2763 2017/2062/2763 2362/2102/2763
f 357/2127/2764 358/2128/2764 356/2141/2764
f 334/945/2765 327/922/2765 331/946/2765
f 527/940/2766 528/924/2766 529/929/2766
f 528/924/2767 527/940/2767 536/941/2767
f 331/946/2768 327/922/2768 326/913/2768
f 1778/2142/2769 1780/2138/2769 1777/2139/2769
f 536/941/2770 537/942/2770 538/963/2770
f 2138/2134/2771 2136/2071/2771 2151/2140/2771
f 2504/2143/2772 2502/2136/2772 2503/2137/2772
f 336/2144/2773 331/946/2773 326/913/2773
f 1775/950/2774 1777/2139/2774 1776/917/2774
f 2096/2047/2775 2478/2021/2775 2388/2145/2775
f 2388/2145/2776 2478/2021/2776 2148/2080/2776
f 2072/2146/2777 2069/2048/2777 2096/2047/2777
f 2474/2147/2778 2019/2061/2778 2362/2102/2778
f 366/2148/2779 363/2135/2779 357/2127/2779
f 2504/2143/2780 2503/2137/2780 2505/2149/2780
f 1778/2142/2781 1777/2139/2781 1775/950/2781
f 538/963/2782 537/942/2782 535/943/2782
f 2148/2080/2783 2146/2099/2783 2147/2150/2783
f 2072/2146/2784 2096/2047/2784 2388/2145/2784
f 2070/2087/2785 2069/2048/2785 2072/2146/2785
f 2193/2151/2786 2362/2102/2786 2196/2117/2786
f 366/2148/2787 357/2127/2787 354/2152/2787
f 2506/2153/2788 2504/2143/2788 2505/2149/2788
f 357/2127/2789 356/2141/2789 354/2152/2789
f 354/2152/2790 356/2141/2790 355/985/2790
f 567/2154/2791 574/2155/2791 568/2156/2791
f 567/2154/2792 568/2156/2792 566/2157/2792
f 1778/2142/2793 1775/950/2793 1779/2158/2793
f 568/2156/2794 569/2159/2794 566/2157/2794
f 2474/2147/2795 2362/2102/2795 2193/2151/2795
f 2193/2151/2796 2196/2117/2796 2194/2160/2796
f 2508/2161/2797 2506/2153/2797 2507/2162/2797
f 2507/2162/2798 2506/2153/2798 2505/2149/2798
f 355/985/2799 356/2141/2799 359/983/2799
f 2148/2080/2800 2147/2150/2800 2360/2163/2800
f 2147/2150/2801 2146/2099/2801 2141/2100/2801
f 570/2164/2802 574/2155/2802 567/2154/2802
f 570/2164/2803 567/2154/2803 561/2165/2803
f 567/2154/2804 566/2157/2804 561/2165/2804
f 561/2165/2805 566/2157/2805 565/2166/2805
f 2388/2145/2806 2148/2080/2806 2360/2163/2806
f 2138/2134/2807 2151/2140/2807 2153/2167/2807
f 2094/2168/2808 2071/2037/2808 2070/2087/2808
f 2105/2169/2809 2071/2037/2809 2094/2168/2809
f 2193/2151/2810 2194/2160/2810 2192/2170/2810
f 367/2171/2811 366/2148/2811 354/2152/2811
f 367/2171/2812 354/2152/2812 352/1004/2812
f 2509/2172/2813 2508/2161/2813 2507/2162/2813
f 354/2152/2814 355/985/2814 353/1005/2814
f 352/1004/2815 354/2152/2815 353/1005/2815
f 647/991/2816 646/982/2816 645/977/2816
f 353/1005/2817 355/985/2817 368/984/2817
f 1933/2173/2818 1934/2174/2818 1935/2175/2818
f 1795/987/2819 1779/2158/2819 1775/950/2819
f 559/999/2820 561/2165/2820 565/2166/2820
f 2141/2100/2821 2139/2101/2821 2145/2176/2821
f 2153/2167/2822 2151/2140/2822 2019/2061/2822
f 653/990/2823 645/977/2823 656/2177/2823
f 2147/2150/2824 2141/2100/2824 2152/2178/2824
f 2145/2176/2825 2139/2101/2825 2138/2134/2825
f 2073/2179/2826 2070/2087/2826 2072/2146/2826
f 2019/2061/2827 2474/2147/2827 2357/2180/2827
f 2357/2180/2828 2474/2147/2828 2193/2151/2828
f 654/2181/2829 649/992/2829 647/991/2829
f 1609/2182/2830 1610/2183/2830 1611/2184/2830
f 655/2185/2831 647/991/2831 653/990/2831
f 571/2186/2832 570/2164/2832 560/998/2832
f 560/998/2833 570/2164/2833 561/2165/2833
f 559/999/2834 560/998/2834 561/2165/2834
f 2145/2176/2835 2138/2134/2835 2153/2167/2835
f 2094/2168/2836 2070/2087/2836 2073/2179/2836
f 563/1008/2837 571/2186/2837 560/998/2837
f 572/2187/2838 571/2186/2838 563/1008/2838
f 562/997/2839 563/1008/2839 560/998/2839
f 2153/2167/2840 2019/2061/2840 2357/2180/2840
f 563/1008/2841 573/2188/2841 572/2187/2841
f 2152/2178/2842 2141/2100/2842 2145/2176/2842
f 2106/2189/2843 2105/2169/2843 2094/2168/2843
f 352/1004/2844 349/1006/2844 348/2190/2844
f 348/2190/2845 349/1006/2845 339/2191/2845
f 349/1006/2846 346/2192/2846 339/2191/2846
f 339/2191/2847 346/2192/2847 345/2193/2847
f 1784/1014/2848 1774/974/2848 1800/1016/2848
f 2154/2194/2849 2145/2176/2849 2153/2167/2849
f 2357/2180/2850 2193/2151/2850 2195/2195/2850
f 504/954/2851 489/953/2851 505/2196/2851
f 339/2191/2852 345/2193/2852 340/2197/2852
f 1785/1018/2853 1783/994/2853 1784/1014/2853
f 2147/2150/2854 2152/2178/2854 2377/2198/2854
f 2512/2199/2855 2388/2145/2855 2360/2163/2855
f 2152/2178/2856 2145/2176/2856 2377/2198/2856
f 2095/2200/2857 2072/2146/2857 2388/2145/2857
f 2073/2179/2858 2072/2146/2858 2074/2201/2858
f 2156/2202/2859 2153/2167/2859 2357/2180/2859
f 2156/2202/2860 2357/2180/2860 2180/2203/2860
f 2593/2204/2861 2594/2205/2861 2595/2206/2861
f 2195/2195/2862 2193/2151/2862 2184/2207/2862
f 2193/2151/2863 2192/2170/2863 2184/2207/2863
f 2184/2207/2864 2192/2170/2864 2185/2208/2864
f 351/2209/2865 367/2171/2865 352/1004/2865
f 352/1004/2866 348/2190/2866 351/2209/2866
f 348/2190/2867 339/2191/2867 347/2210/2867
f 2155/2211/2868 2145/2176/2868 2154/2194/2868
f 2388/2145/2869 2512/2199/2869 2095/2200/2869
f 2154/2194/2870 2153/2167/2870 2156/2202/2870
f 2199/2212/2871 2195/2195/2871 2184/2207/2871
f 338/2213/2872 339/2191/2872 340/2197/2872
f 2556/2214/2873 2555/2215/2873 2554/2216/2873
f 2074/2201/2874 2072/2146/2874 2095/2200/2874
f 347/2210/2875 339/2191/2875 338/2213/2875
f 2377/2198/2876 2145/2176/2876 2155/2211/2876
f 2557/2217/2877 2556/2214/2877 2554/2216/2877
f 2593/2204/2878 2595/2206/2878 2596/2218/2878
f 347/2210/2879 351/2209/2879 348/2190/2879
f 338/2213/2880 340/2197/2880 341/2219/2880
f 1800/1016/2881 1781/1024/2881 1917/1034/2881
f 2078/2220/2882 2095/2200/2882 2512/2199/2882
f 1787/2221/2883 1785/1018/2883 1784/1014/2883
f 1787/2221/2884 1784/1014/2884 1889/1036/2884
f 2555/2215/2885 2553/2222/2885 2554/2216/2885
f 2155/2211/2886 2154/2194/2886 2200/2223/2886
f 342/2224/2887 338/2213/2887 341/2219/2887
f 2554/2216/2888 2553/2222/2888 2552/2225/2888
f 2553/2222/2889 2550/2226/2889 2552/2225/2889
f 2158/2227/2890 2156/2202/2890 2180/2203/2890
f 2180/2203/2891 2199/2212/2891 2182/2228/2891
f 2107/1074/2892 2106/2189/2892 2094/2168/2892
f 2408/1076/2893 2106/2189/2893 2107/1074/2893
f 350/2229/2894 351/2209/2894 347/2210/2894
f 2074/2201/2895 2095/2200/2895 2078/2220/2895
f 2154/2194/2896 2156/2202/2896 2157/2230/2896
f 2157/2230/2897 2156/2202/2897 2158/2227/2897
f 2094/2168/2898 2073/2179/2898 2075/2231/2898
f 2075/2231/2899 2073/2179/2899 2074/2201/2899
f 2199/2212/2900 2184/2207/2900 2182/2228/2900
f 2182/2228/2901 2184/2207/2901 2183/2232/2901
f 2183/2232/2902 2184/2207/2902 2185/2208/2902
f 343/2233/2903 347/2210/2903 338/2213/2903
f 343/2233/2904 338/2213/2904 342/2224/2904
f 2078/2220/2905 2512/2199/2905 2358/2234/2905
f 2107/1074/2906 2094/2168/2906 2075/2231/2906
f 350/2229/2907 347/2210/2907 343/2233/2907
f 342/2224/2908 341/2219/2908 344/2235/2908
f 1910/1058/2909 1787/2221/2909 1889/1036/2909
f 2200/2223/2910 2154/2194/2910 2157/2230/2910
f 2181/2236/2911 2158/2227/2911 2180/2203/2911
f 2181/2236/2912 2180/2203/2912 2182/2228/2912
f 2183/2232/2913 2185/2208/2913 2186/2237/2913
f 343/2233/2914 342/2224/2914 374/2238/2914
f 1911/1067/2915 1912/2239/2915 1910/1058/2915
f 2558/2240/2916 2554/2216/2916 2552/2225/2916
f 2075/2231/2917 2074/2201/2917 2076/2241/2917
f 1913/1068/2918 1912/2239/2918 1911/1067/2918
f 1705/1055/2919 1707/1051/2919 1885/1039/2919
f 2548/2242/2920 2549/2243/2920 2550/2226/2920
f 1911/1067/2921 1910/1058/2921 1715/1062/2921
f 2077/2244/2922 2074/2201/2922 2078/2220/2922
f 2076/2241/2923 2074/2201/2923 2077/2244/2923
f 2181/2236/2924 2182/2228/2924 2183/2232/2924
f 2078/2220/2925 2358/2234/2925 2093/2245/2925
f 2077/2244/2926 2078/2220/2926 2079/2246/2926
f 2079/2246/2927 2078/2220/2927 2093/2245/2927
f 2160/2247/2928 2200/2223/2928 2157/2230/2928
f 2159/2248/2929 2157/2230/2929 2158/2227/2929
f 350/2229/2930 343/2233/2930 361/2249/2930
f 2183/2232/2931 2186/2237/2931 2187/2250/2931
f 2187/2250/2932 2186/2237/2932 2188/2251/2932
f 361/2249/2933 343/2233/2933 369/2252/2933
f 520/1091/2934 522/2253/2934 521/2254/2934
f 520/1091/2935 521/2254/2935 519/1088/2935
f 2558/2240/2936 2552/2225/2936 2559/2255/2936
f 2159/2248/2937 2158/2227/2937 2430/2256/2937
f 2430/2256/2938 2158/2227/2938 2181/2236/2938
f 2430/2256/2939 2181/2236/2939 2183/2232/2939
f 2430/2256/2940 2183/2232/2940 2197/2257/2940
f 2187/2250/2941 2188/2251/2941 2189/2258/2941
f 2552/2225/2942 2550/2226/2942 2551/2259/2942
f 2551/2259/2943 2550/2226/2943 2549/2243/2943
f 2079/2246/2944 2093/2245/2944 2090/2260/2944
f 2471/1075/2945 2107/1074/2945 2075/2231/2945
f 2197/2257/2946 2183/2232/2946 2187/2250/2946
f 2159/2248/2947 2160/2247/2947 2157/2230/2947
f 1695/1094/2948 1697/1069/2948 1696/1081/2948
f 2363/2261/2949 2177/2262/2949 2176/2263/2949
f 2176/2263/2950 2177/2262/2950 2174/2264/2950
f 2187/2250/2951 2189/2258/2951 2191/2265/2951
f 361/2249/2952 369/2252/2952 370/2266/2952
f 2189/2258/2953 2188/2251/2953 2190/2267/2953
f 2659/2268/2954 2663/2269/2954 2662/2270/2954
f 2076/2241/2955 2077/2244/2955 2092/2271/2955
f 2162/2272/2956 2430/2256/2956 2164/2273/2956
f 2092/2271/2957 2471/1075/2957 2075/2231/2957
f 2092/2271/2958 2075/2231/2958 2076/2241/2958
f 2618/2274/2959 2619/2275/2959 2620/2276/2959
f 2197/2257/2960 2187/2250/2960 2191/2265/2960
f 2631/2277/2961 2634/2278/2961 2632/2279/2961
f 2191/2265/2962 2189/2258/2962 2198/2280/2962
f 2198/2280/2963 2189/2258/2963 2190/2267/2963
f 1695/1094/2964 1699/1092/2964 1698/1079/2964
f 2093/2245/2965 2363/2261/2965 2090/2260/2965
f 2161/2281/2966 2160/2247/2966 2159/2248/2966
f 2159/2248/2967 2430/2256/2967 2162/2272/2967
f 2618/2274/2968 2620/2276/2968 2621/2282/2968
f 2475/2283/2969 2191/2265/2969 2198/2280/2969
f 1693/1106/2970 1696/1081/2970 1712/1097/2970
f 1155/1065/2971 1140/1112/2971 1134/1078/2971
f 2589/2284/2972 2590/2285/2972 2591/2286/2972
f 2197/2257/2973 2191/2265/2973 2431/2287/2973
f 2431/2287/2974 2191/2265/2974 2498/2288/2974
f 2498/2288/2975 2191/2265/2975 2475/2283/2975
f 2198/2280/2976 2190/2267/2976 2491/2289/2976
f 2160/2247/2977 2161/2281/2977 2173/2290/2977
f 2092/2271/2978 2077/2244/2978 2080/2291/2978
f 2419/2292/2979 2471/1075/2979 2092/2271/2979
f 2646/2293/2980 2647/2294/2980 2648/2295/2980
f 2648/2295/2981 2647/2294/2981 2649/2296/2981
f 2174/2264/2982 2160/2247/2982 2173/2290/2982
f 2080/2291/2983 2077/2244/2983 2079/2246/2983
f 2161/2281/2984 2159/2248/2984 2162/2272/2984
f 2631/2277/2985 2632/2279/2985 2633/2297/2985
f 2476/2298/2986 2471/1075/2986 2419/2292/2986
f 2171/2299/2987 2431/2287/2987 2498/2288/2987
f 2659/2268/2988 2662/2270/2988 2661/2300/2988
f 510/1135/2989 517/1090/2989 516/1104/2989
f 2081/2301/2990 2079/2246/2990 2090/2260/2990
f 2164/2273/2991 2431/2287/2991 2168/2302/2991
f 2654/2303/2992 2655/2304/2992 2656/2305/2992
f 2498/2288/2993 2475/2283/2993 2352/2306/2993
f 2352/2306/2994 2475/2283/2994 2221/2307/2994
f 2221/2307/2995 2491/2289/2995 2220/2308/2995
f 2168/2302/2996 2431/2287/2996 2171/2299/2996
f 2491/2289/2997 2190/2267/2997 2513/2309/2997
f 2659/2268/2998 2661/2300/2998 2660/2310/2998
f 2658/2311/2999 2659/2268/2999 2660/2310/2999
f 510/1135/3000 516/1104/3000 515/2312/3000
f 2080/2291/3001 2079/2246/3001 2081/2301/3001
f 2161/2281/3002 2162/2272/3002 2163/2313/3002
f 2083/2314/3003 2092/2271/3003 2080/2291/3003
f 2419/2292/3004 2092/2271/3004 2083/2314/3004
f 2091/2315/3005 2476/2298/3005 2419/2292/3005
f 2352/2306/3006 2221/2307/3006 2226/2316/3006
f 2226/2316/3007 2221/2307/3007 2207/2317/3007
f 2220/2308/3008 2491/2289/3008 2513/2309/3008
f 510/1135/3009 515/2312/3009 511/1136/3009
f 2081/2301/3010 2090/2260/3010 2378/2318/3010
f 2174/2264/3011 2173/2290/3011 2175/2319/3011
f 2168/2302/3012 2171/2299/3012 2170/2320/3012
f 2422/2321/3013 2424/1101/3013 2476/2298/3013
f 2657/2322/3014 2654/2303/3014 2656/2305/3014
f 2207/2317/3015 2221/2307/3015 2220/2308/3015
f 2224/2323/3016 2225/2324/3016 2223/2325/3016
f 2592/2326/3017 2589/2284/3017 2591/2286/3017
f 2175/2319/3018 2176/2263/3018 2174/2264/3018
f 2082/2327/3019 2080/2291/3019 2081/2301/3019
f 2163/2313/3020 2162/2272/3020 2164/2273/3020
f 2163/2313/3021 2164/2273/3021 2165/2328/3021
f 2169/2329/3022 2168/2302/3022 2170/2320/3022
f 2422/2321/3023 2423/1121/3023 2424/1101/3023
f 2422/2321/3024 2476/2298/3024 2429/2330/3024
f 2429/2330/3025 2476/2298/3025 2091/2315/3025
f 2208/2331/3026 2220/2308/3026 2513/2309/3026
f 2513/2309/3027 2224/2323/3027 2219/2332/3027
f 949/1133/3028 947/1130/3028 945/1122/3028
f 1199/1119/3029 1198/1145/3029 1169/1099/3029
f 2173/2290/3030 2161/2281/3030 2163/2313/3030
f 2083/2314/3031 2080/2291/3031 2082/2327/3031
f 2165/2328/3032 2164/2273/3032 2166/2333/3032
f 2166/2333/3033 2164/2273/3033 2168/2302/3033
f 2421/2334/3034 2423/1121/3034 2422/2321/3034
f 2419/2292/3035 2083/2314/3035 2091/2315/3035
f 2170/2320/3036 2171/2299/3036 2355/2335/3036
f 2207/2317/3037 2220/2308/3037 2208/2331/3037
f 2513/2309/3038 2219/2332/3038 2222/2336/3038
f 2224/2323/3039 2223/2325/3039 2219/2332/3039
f 2378/2318/3040 2176/2263/3040 2179/2337/3040
f 2179/2337/3041 2176/2263/3041 2175/2319/3041
f 2173/2290/3042 2163/2313/3042 2379/2338/3042
f 2166/2333/3043 2168/2302/3043 2169/2329/3043
f 2091/2315/3044 2083/2314/3044 2085/2339/3044
f 2208/2331/3045 2513/2309/3045 2222/2336/3045
f 2082/2327/3046 2081/2301/3046 2089/2340/3046
f 2355/2335/3047 2352/2306/3047 2170/2320/3047
f 2170/2320/3048 2352/2306/3048 2226/2316/3048
f 2226/2316/3049 2207/2317/3049 2204/2341/3049
f 2206/2342/3050 2207/2317/3050 2208/2331/3050
f 2210/2343/3051 2208/2331/3051 2222/2336/3051
f 2219/2332/3052 2223/2325/3052 2218/2344/3052
f 951/1157/3053 949/1133/3053 950/1148/3053
f 523/2345/3054 512/1137/3054 514/1152/3054
f 2175/2319/3055 2173/2290/3055 2178/2346/3055
f 2089/2340/3056 2081/2301/3056 2378/2318/3056
f 2086/2347/3057 2091/2315/3057 2085/2339/3057
f 2421/2334/3058 2422/2321/3058 2130/2348/3058
f 2429/2330/3059 2091/2315/3059 2386/2349/3059
f 2386/2349/3060 2091/2315/3060 2086/2347/3060
f 2170/2320/3061 2226/2316/3061 2204/2341/3061
f 2204/2341/3062 2207/2317/3062 2206/2342/3062
f 523/2345/3063 514/1152/3063 524/2350/3063
f 1880/1177/3064 1721/1159/3064 1673/1151/3064
f 2582/2351/3065 2583/2352/3065 2578/2353/3065
f 2379/2338/3066 2163/2313/3066 2167/2354/3066
f 2087/2355/3067 2082/2327/3067 2089/2340/3067
f 2167/2354/3068 2163/2313/3068 2165/2328/3068
f 2129/2356/3069 2421/2334/3069 2130/2348/3069
f 2130/2348/3070 2422/2321/3070 2429/2330/3070
f 2208/2331/3071 2210/2343/3071 2209/2357/3071
f 2222/2336/3072 2219/2332/3072 2211/2358/3072
f 2211/2358/3073 2219/2332/3073 2218/2344/3073
f 2179/2337/3074 2175/2319/3074 2178/2346/3074
f 2084/2359/3075 2083/2314/3075 2082/2327/3075
f 2167/2354/3076 2165/2328/3076 2166/2333/3076
f 2084/2359/3077 2085/2339/3077 2083/2314/3077
f 2086/2347/3078 2085/2339/3078 2084/2359/3078
f 2169/2329/3079 2170/2320/3079 2172/2360/3079
f 2386/2349/3080 2086/2347/3080 2109/2361/3080
f 2172/2360/3081 2170/2320/3081 2201/2362/3081
f 2170/2320/3082 2204/2341/3082 2203/2363/3082
f 2210/2343/3083 2222/2336/3083 2211/2358/3083
f 2211/2358/3084 2218/2344/3084 2217/2364/3084
f 525/2365/3085 523/2345/3085 524/2350/3085
f 2178/2346/3086 2173/2290/3086 2379/2338/3086
f 2366/2366/3087 2167/2354/3087 2166/2333/3087
f 2128/2367/3088 2129/2356/3088 2130/2348/3088
f 2201/2362/3089 2170/2320/3089 2203/2363/3089
f 2206/2342/3090 2208/2331/3090 2209/2357/3090
f 1689/1187/3091 1688/1153/3091 1690/1147/3091
f 2084/2359/3092 2082/2327/3092 2087/2355/3092
f 2366/2366/3093 2166/2333/3093 2169/2329/3093
f 2493/2368/3094 2130/2348/3094 2429/2330/3094
f 2493/2368/3095 2429/2330/3095 2386/2349/3095
f 2203/2363/3096 2204/2341/3096 2205/2369/3096
f 2205/2369/3097 2204/2341/3097 2206/2342/3097
f 2206/2342/3098 2209/2357/3098 2216/2370/3098
f 2209/2357/3099 2210/2343/3099 2211/2358/3099
f 2209/2357/3100 2211/2358/3100 2212/2371/3100
f 2211/2358/3101 2217/2364/3101 2213/2372/3101
f 525/2365/3102 524/2350/3102 526/2373/3102
f 1710/1178/3103 1708/1140/3103 1711/1162/3103
f 2380/2374/3104 2179/2337/3104 2178/2346/3104
f 2088/2375/3105 2086/2347/3105 2084/2359/3105
f 2366/2366/3106 2169/2329/3106 2172/2360/3106
f 2109/2361/3107 2086/2347/3107 2108/2376/3107
f 2108/2376/3108 2086/2347/3108 2088/2375/3108
f 2172/2360/3109 2201/2362/3109 2202/2377/3109
f 2216/2370/3110 2209/2357/3110 2212/2371/3110
f 2212/2371/3111 2211/2358/3111 2213/2372/3111
f 2581/2378/3112 2582/2351/3112 2578/2353/3112
f 2126/2379/3113 2129/2356/3113 2128/2367/3113
f 2202/2377/3114 2201/2362/3114 2203/2363/3114
f 2214/2380/3115 2212/2371/3115 2213/2372/3115
f 956/1189/3116 952/1169/3116 954/1201/3116
f 1195/1181/3117 1196/1192/3117 1172/1164/3117
f 2496/2381/3118 2379/2338/3118 2167/2354/3118
f 2087/2355/3119 2089/2340/3119 2406/2382/3119
f 2088/2375/3120 2084/2359/3120 2087/2355/3120
f 2123/2383/3121 2128/2367/3121 2130/2348/3121
f 2123/2383/3122 2130/2348/3122 2493/2368/3122
f 2227/2384/3123 2172/2360/3123 2202/2377/3123
f 2205/2369/3124 2206/2342/3124 2488/2385/3124
f 2488/2385/3125 2206/2342/3125 2216/2370/3125
f 2214/2380/3126 2216/2370/3126 2212/2371/3126
f 2215/2386/3127 2214/2380/3127 2213/2372/3127
f 2380/2374/3128 2178/2346/3128 2496/2381/3128
f 2496/2381/3129 2178/2346/3129 2379/2338/3129
f 2598/2387/3130 2601/2388/3130 2600/2389/3130
f 2366/2366/3131 2172/2360/3131 2227/2384/3131
f 2477/2390/3132 2216/2370/3132 2214/2380/3132
f 1720/2391/3133 1883/1191/3133 1666/1190/3133
f 1172/1164/3134 1196/1192/3134 1173/1200/3134
f 2581/2378/3135 2578/2353/3135 2580/2392/3135
f 2610/2393/3136 2611/2394/3136 2612/2395/3136
f 2597/2396/3137 2598/2387/3137 2599/2397/3137
f 2599/2397/3138 2598/2387/3138 2600/2389/3138
f 2088/2375/3139 2087/2355/3139 2428/2398/3139
f 2126/2379/3140 2128/2367/3140 2123/2383/3140
f 2386/2349/3141 2109/2361/3141 2111/2399/3141
f 2109/2361/3142 2108/2376/3142 2110/2400/3142
f 2108/2376/3143 2088/2375/3143 2135/2401/3143
f 2361/2402/3144 2202/2377/3144 2203/2363/3144
f 2361/2402/3145 2203/2363/3145 2205/2369/3145
f 2488/2385/3146 2216/2370/3146 2477/2390/3146
f 1664/1193/3147 1665/2403/3147 1666/1190/3147
f 1666/1190/3148 1665/2403/3148 1720/2391/3148
f 2577/2404/3149 2578/2353/3149 2579/2405/3149
f 2345/2406/3150 2366/2366/3150 2230/2407/3150
f 2366/2366/3151 2227/2384/3151 2230/2407/3151
f 2125/2408/3152 2126/2379/3152 2123/2383/3152
f 2110/2400/3153 2108/2376/3153 2135/2401/3153
f 2135/2401/3154 2088/2375/3154 2428/2398/3154
f 2127/2409/3155 2126/2379/3155 2125/2408/3155
f 1718/1207/3156 1665/2403/3156 1664/1193/3156
f 2580/2392/3157 2578/2353/3157 2577/2404/3157
f 2613/2410/3158 2611/2394/3158 2610/2393/3158
f 2614/2411/3159 2611/2394/3159 2613/2410/3159
f 2493/2368/3160 2386/2349/3160 2116/2412/3160
f 2116/2412/3161 2386/2349/3161 2111/2399/3161
f 2227/2384/3162 2202/2377/3162 2228/2413/3162
f 2228/2413/3163 2202/2377/3163 2361/2402/3163
f 2495/2414/3164 2488/2385/3164 2489/2415/3164
f 2489/2415/3165 2488/2385/3165 2477/2390/3165
f 2248/2416/3166 2380/2374/3166 2496/2381/3166
f 2118/2417/3167 2493/2368/3167 2116/2412/3167
f 2111/2399/3168 2109/2361/3168 2110/2400/3168
f 2135/2401/3169 2428/2398/3169 2440/2418/3169
f 2642/2419/3170 2643/2420/3170 2644/2421/3170
f 2644/2421/3171 2643/2420/3171 2645/2422/3171
f 2123/2383/3172 2493/2368/3172 2120/2423/3172
f 2228/2413/3173 2361/2402/3173 2231/2424/3173
f 1470/2425/3174 1471/2426/3174 1472/2427/3174
f 1719/1217/3175 1716/1210/3175 1897/1258/3175
f 2253/2428/3176 2406/2382/3176 2272/2429/3176
f 2615/2430/3177 2614/2411/3177 2613/2410/3177
f 2345/2406/3178 2230/2407/3178 2344/2431/3178
f 2124/2432/3179 2125/2408/3179 2123/2383/3179
f 2120/2423/3180 2493/2368/3180 2118/2417/3180
f 2111/2399/3181 2110/2400/3181 2112/2433/3181
f 2110/2400/3182 2135/2401/3182 2440/2418/3182
f 2488/2385/3183 2495/2414/3183 2356/2434/3183
f 2133/2435/3184 2125/2408/3184 2124/2432/3184
f 1473/2436/3185 1471/2426/3185 1470/2425/3185
f 2616/2437/3186 2615/2430/3186 2613/2410/3186
f 2346/2438/3187 2345/2406/3187 2344/2431/3187
f 2124/2432/3188 2123/2383/3188 2122/2439/3188
f 2122/2439/3189 2123/2383/3189 2120/2423/3189
f 2230/2407/3190 2227/2384/3190 2229/2440/3190
f 2229/2440/3191 2227/2384/3191 2228/2413/3191
f 2340/2441/3192 2488/2385/3192 2356/2434/3192
f 2116/2412/3193 2111/2399/3193 2113/2442/3193
f 2113/2442/3194 2111/2399/3194 2112/2433/3194
f 2251/2443/3195 2253/2428/3195 2272/2429/3195
f 2249/2444/3196 2380/2374/3196 2248/2416/3196
f 2348/2445/3197 2345/2406/3197 2347/2446/3197
f 2347/2446/3198 2345/2406/3198 2346/2438/3198
f 2134/2447/3199 2112/2433/3199 2110/2400/3199
f 2231/2424/3200 2361/2402/3200 2340/2441/3200
f 2340/2441/3201 2356/2434/3201 2353/2448/3201
f 2120/2423/3202 2118/2417/3202 2119/2449/3202
f 2119/2449/3203 2118/2417/3203 2117/2450/3203
f 2118/2417/3204 2116/2412/3204 2117/2450/3204
f 2117/2450/3205 2116/2412/3205 2113/2442/3205
f 2114/2451/3206 2113/2442/3206 2112/2433/3206
f 1369/2452/3207 1366/1249/3207 1368/1251/3207
f 2251/2443/3208 2272/2429/3208 2249/2444/3208
f 2444/2453/3209 2496/2381/3209 2348/2445/3209
f 2254/2454/3210 2269/2455/3210 2253/2428/3210
f 2616/2437/3211 2613/2410/3211 2617/2456/3211
f 2270/2457/3212 2269/2455/3212 2254/2454/3212
f 2121/2458/3213 2122/2439/3213 2120/2423/3213
f 2134/2447/3214 2110/2400/3214 2440/2418/3214
f 2343/2459/3215 2344/2431/3215 2230/2407/3215
f 2229/2440/3216 2228/2413/3216 2231/2424/3216
f 2114/2451/3217 2112/2433/3217 2115/2460/3217
f 1729/1246/3218 1731/2461/3218 1730/1239/3218
f 1231/1243/3219 1205/1214/3219 1228/1247/3219
f 1205/1214/3220 1231/1243/3220 1226/1233/3220
f 2253/2428/3221 2251/2443/3221 2252/2462/3221
f 2444/2453/3222 2348/2445/3222 2347/2446/3222
f 2354/2463/3223 2346/2438/3223 2344/2431/3223
f 2343/2459/3224 2230/2407/3224 2229/2440/3224
f 2131/2464/3225 2124/2432/3225 2122/2439/3225
f 2131/2464/3226 2122/2439/3226 2121/2458/3226
f 2121/2458/3227 2120/2423/3227 2119/2449/3227
f 2121/2458/3228 2119/2449/3228 2132/2465/3228
f 2115/2460/3229 2112/2433/3229 2134/2447/3229
f 2132/2465/3230 2119/2449/3230 2117/2450/3230
f 1209/1229/3231 1227/1257/3231 1211/1235/3231
f 2496/2381/3232 2444/2453/3232 2274/2466/3232
f 2254/2454/3233 2253/2428/3233 2252/2462/3233
f 2626/2467/3234 2627/2468/3234 2628/2469/3234
f 2260/2470/3235 2440/2418/3235 2264/2471/3235
f 2232/2472/3236 2231/2424/3236 2340/2441/3236
f 2342/2473/3237 2340/2441/3237 2353/2448/3237
f 2115/2460/3238 2134/2447/3238 2439/2474/3238
f 1731/2461/3239 1729/1246/3239 1726/1260/3239
f 1873/1242/3240 1853/1272/3240 1850/1223/3240
f 2251/2443/3241 2249/2444/3241 2250/2475/3241
f 2249/2444/3242 2248/2416/3242 2247/2476/3242
f 2248/2416/3243 2496/2381/3243 2274/2466/3243
f 2354/2463/3244 2344/2431/3244 2343/2459/3244
f 2420/2477/3245 2343/2459/3245 2229/2440/3245
f 2232/2472/3246 2340/2441/3246 2342/2473/3246
f 1258/1252/3247 1290/2478/3247 1228/1247/3247
f 1228/1247/3248 1290/2478/3248 1231/1243/3248
f 1237/1253/3249 1275/1269/3249 1227/1257/3249
f 2229/2440/3250 2231/2424/3250 2232/2472/3250
f 2349/2479/3251 2232/2472/3251 2342/2473/3251
f 2630/2480/3252 2626/2467/3252 2629/2481/3252
f 1003/1254/3253 1002/1281/3253 1000/1265/3253
f 2245/2482/3254 2248/2416/3254 2274/2466/3254
f 2252/2462/3255 2251/2443/3255 2250/2475/3255
f 2254/2454/3256 2252/2462/3256 2255/2483/3256
f 2347/2446/3257 2346/2438/3257 2412/2484/3257
f 2412/2484/3258 2346/2438/3258 2354/2463/3258
f 2260/2470/3259 2264/2471/3259 2259/2485/3259
f 2259/2485/3260 2264/2471/3260 2270/2457/3260
f 2629/2481/3261 2626/2467/3261 2628/2469/3261
f 2444/2453/3262 2347/2446/3262 2412/2484/3262
f 2256/2486/3263 2270/2457/3263 2254/2454/3263
f 2256/2486/3264 2254/2454/3264 2255/2483/3264
f 2263/2487/3265 2260/2470/3265 2262/2488/3265
f 2250/2475/3266 2249/2444/3266 2247/2476/3266
f 2247/2476/3267 2248/2416/3267 2245/2482/3267
f 2259/2485/3268 2270/2457/3268 2256/2486/3268
f 2650/2489/3269 2653/2490/3269 2651/2491/3269
f 2354/2463/3270 2343/2459/3270 2420/2477/3270
f 2233/2492/3271 2420/2477/3271 2229/2440/3271
f 1869/1293/3272 1870/1264/3272 1872/1259/3272
f 2260/2470/3273 2259/2485/3273 2258/2493/3273
f 2258/2493/3274 2259/2485/3274 2256/2486/3274
f 2233/2492/3275 2229/2440/3275 2232/2472/3275
f 2262/2488/3276 2260/2470/3276 2261/2494/3276
f 2350/2495/3277 2232/2472/3277 2349/2479/3277
f 2351/2496/3278 2232/2472/3278 2350/2495/3278
f 1869/1293/3279 1872/1259/3279 1856/1291/3279
f 2650/2489/3280 2651/2491/3280 2652/2497/3280
f 2233/2492/3281 2232/2472/3281 2234/2498/3281
f 2261/2494/3282 2260/2470/3282 2258/2493/3282
f 2234/2498/3283 2232/2472/3283 2351/2496/3283
f 1072/1307/3284 1063/1267/3284 1064/1284/3284
f 2252/2462/3285 2250/2475/3285 2382/2499/3285
f 2382/2499/3286 2250/2475/3286 2247/2476/3286
f 2274/2466/3287 2444/2453/3287 2244/2500/3287
f 2244/2500/3288 2444/2453/3288 2241/2501/3288
f 2241/2501/3289 2444/2453/3289 2412/2484/3289
f 2257/2502/3290 2256/2486/3290 2255/2483/3290
f 2241/2501/3291 2412/2484/3291 2339/2503/3291
f 2258/2493/3292 2256/2486/3292 2257/2502/3292
f 1865/1298/3293 1869/1293/3293 1856/1291/3293
f 2236/2504/3294 2420/2477/3294 2233/2492/3294
f 712/2505/3295 714/1286/3295 709/2506/3295
f 709/2506/3296 714/1286/3296 717/1285/3296
f 2265/2507/3297 2255/2483/3297 2252/2462/3297
f 2265/2507/3298 2252/2462/3298 2382/2499/3298
f 2257/2502/3299 2255/2483/3299 2265/2507/3299
f 2339/2503/3300 2420/2477/3300 2236/2504/3300
f 2267/2508/3301 2261/2494/3301 2258/2493/3301
f 2245/2482/3302 2274/2466/3302 2244/2500/3302
f 2236/2504/3303 2233/2492/3303 2235/2509/3303
f 2235/2509/3304 2233/2492/3304 2234/2498/3304
f 708/2510/3305 712/2505/3305 709/2506/3305
f 2247/2476/3306 2245/2482/3306 2246/2511/3306
f 2427/2512/3307 2257/2502/3307 2265/2507/3307
f 2241/2501/3308 2339/2503/3308 2238/2513/3308
f 2266/2514/3309 2258/2493/3309 2257/2502/3309
f 2238/2513/3310 2339/2503/3310 2236/2504/3310
f 2238/2513/3311 2236/2504/3311 2237/2515/3311
f 2237/2515/3312 2236/2504/3312 2235/2509/3312
f 2267/2508/3313 2258/2493/3313 2268/2516/3313
f 2268/2516/3314 2258/2493/3314 2266/2514/3314
f 2266/2514/3315 2257/2502/3315 2427/2512/3315
f 2237/2515/3316 2235/2509/3316 2341/2517/3316
f 708/2510/3317 709/2506/3317 710/2518/3317
f 2247/2476/3318 2246/2511/3318 2271/2519/3318
f 2245/2482/3319 2244/2500/3319 2243/2520/3319
f 2246/2511/3320 2245/2482/3320 2243/2520/3320
f 2638/1319/3321 2639/2521/3321 2636/1320/3321
f 2238/2513/3322 2237/2515/3322 2239/2522/3322
f 2268/2516/3323 2266/2514/3323 2415/2523/3323
f 711/2524/3324 708/2510/3324 710/2518/3324
f 2382/2499/3325 2247/2476/3325 2271/2519/3325
f 2241/2501/3326 2238/2513/3326 2240/2525/3326
f 2240/2525/3327 2238/2513/3327 2239/2522/3327
f 2635/1318/3328 2636/1320/3328 2637/2526/3328
f 2243/2520/3329 2244/2500/3329 2241/2501/3329
f 2266/2514/3330 2427/2512/3330 2417/2527/3330
f 2239/2522/3331 2237/2515/3331 2341/2517/3331
f 2242/2528/3332 2241/2501/3332 2240/2525/3332
f 2338/2529/3333 2239/2522/3333 2341/2517/3333
f 713/2530/3334 711/2524/3334 710/2518/3334
f 713/2530/3335 710/2518/3335 716/2531/3335
f 2275/2532/3336 2382/2499/3336 2271/2519/3336
f 2240/2525/3337 2239/2522/3337 2338/2529/3337
f 2415/2523/3338 2266/2514/3338 2416/2533/3338
f 2416/2533/3339 2266/2514/3339 2417/2527/3339
f 713/2530/3340 715/2534/3340 711/2524/3340
f 2273/2535/3341 2275/2532/3341 2271/2519/3341
f 2243/2520/3342 2241/2501/3342 2242/2528/3342
f 2640/1330/3343 2638/1319/3343 2635/1318/3343
f 2416/2533/3344 2417/2527/3344 2418/2536/3344
f 716/2531/3345 715/2534/3345 713/2530/3345
f 2273/2535/3346 2271/2519/3346 2246/2511/3346
f 2569/2537/3347 2567/2538/3347 2570/2539/3347
f 992/1325/3348 991/1332/3348 993/1328/3348
f 1861/2540/3349 1858/1324/3349 1859/1341/3349
f 2562/2541/3350 2561/2542/3350 2563/2543/3350
f 1862/2544/3351 1861/2540/3351 1859/1341/3351
f 2560/2545/3352 2561/2542/3352 2562/2541/3352
f 2337/1351/3353 2275/2532/3353 2273/2535/3353
f 2433/2546/3354 2434/2547/3354 2275/2532/3354
f 1859/1341/3355 1858/1324/3355 1857/1326/3355
f 2563/2543/3356 2567/2538/3356 2565/2548/3356
f 2433/2546/3357 2275/2532/3357 2337/1351/3357
f 2565/2548/3358 2567/2538/3358 2568/2549/3358
f 2568/2549/3359 2567/2538/3359 2569/2537/3359
f 2276/2550/3360 2273/2535/3360 2246/2511/3360
f 2566/2551/3361 2560/2545/3361 2562/2541/3361
f 2562/2541/3362 2563/2543/3362 2564/2552/3362
f 2564/2552/3363 2563/2543/3363 2565/2548/3363
f 2312/2553/3364 2313/2554/3364 2311/1359/3364
f 1863/2555/3365 1862/2544/3365 1859/1341/3365
f 1863/2555/3366 1859/1341/3366 1860/1340/3366
f 2337/1351/3367 2273/2535/3367 2277/1349/3367
f 2277/1349/3368 2273/2535/3368 2276/2550/3368
f 2565/2548/3369 2568/2549/3369 2572/2556/3369
f 2310/1358/3370 2312/2553/3370 2311/1359/3370
f 721/1362/3371 720/2557/3371 722/1347/3371
f 2433/2546/3372 2337/1351/3372 2447/1350/3372
f 2276/2550/3373 2515/2558/3373 2446/2559/3373
f 2446/2559/3374 2515/2558/3374 2514/2560/3374
f 2564/2552/3375 2565/2548/3375 2571/2561/3375
f 2571/2561/3376 2565/2548/3376 2572/2556/3376
f 2279/2562/3377 2447/1350/3377 2277/1349/3377
f 719/2563/3378 720/2557/3378 721/1362/3378
f 2278/2564/3379 2277/1349/3379 2276/2550/3379
f 2283/2565/3380 2276/2550/3380 2446/2559/3380
f 2446/2559/3381 2514/2560/3381 2301/2566/3381
f 2301/2566/3382 2514/2560/3382 2318/2567/3382
f 2318/2567/3383 2310/1358/3383 2308/2568/3383
f 2279/2562/3384 2277/1349/3384 2278/2564/3384
f 2308/2568/3385 2310/1358/3385 2309/1360/3385
f 719/2563/3386 721/1362/3386 723/1363/3386
f 2278/2564/3387 2276/2550/3387 2283/2565/3387
f 2301/2566/3388 2318/2567/3388 2302/2569/3388
f 2302/2569/3389 2318/2567/3389 2308/2568/3389
f 2281/1377/3390 2278/2564/3390 2283/2565/3390
f 2607/2570/3391 2609/2571/3391 2608/2572/3391
f 2387/2573/3392 2446/2559/3392 2301/2566/3392
f 2302/2569/3393 2308/2568/3393 2307/2574/3393
f 2280/1376/3394 2279/2562/3394 2278/2564/3394
f 624/2575/3395 627/2576/3395 626/2577/3395
f 2280/1376/3396 2278/2564/3396 2281/1377/3396
f 2307/2574/3397 2308/2568/3397 2309/1360/3397
f 2307/2574/3398 2309/1360/3398 2314/2578/3398
f 624/2575/3399 626/2577/3399 618/1380/3399
f 2281/1377/3400 2283/2565/3400 2470/2579/3400
f 2301/2566/3401 2302/2569/3401 2300/2580/3401
f 2606/2581/3402 2607/2570/3402 2608/2572/3402
f 2307/2574/3403 2314/2578/3403 2315/2582/3403
f 617/1379/3404 624/2575/3404 618/1380/3404
f 2297/2583/3405 2301/2566/3405 2300/2580/3405
f 2300/2580/3406 2302/2569/3406 2307/2574/3406
f 2300/2580/3407 2307/2574/3407 2319/2584/3407
f 2387/2573/3408 2301/2566/3408 2297/2583/3408
f 2319/2584/3409 2307/2574/3409 2316/2585/3409
f 2307/2574/3410 2315/2582/3410 2316/2585/3410
f 2305/2586/3411 2470/2579/3411 2387/2573/3411
f 2284/1384/3412 2281/1377/3412 2470/2579/3412
f 2300/2580/3413 2319/2584/3413 2306/2587/3413
f 2316/2585/3414 2315/2582/3414 2317/2588/3414
f 2284/1384/3415 2470/2579/3415 2365/1410/3415
f 2365/1410/3416 2470/2579/3416 2305/2586/3416
f 2305/2586/3417 2387/2573/3417 2297/2583/3417
f 2297/2583/3418 2300/2580/3418 2299/2589/3418
f 2319/2584/3419 2316/2585/3419 2511/2590/3419
f 2316/2585/3420 2317/2588/3420 2511/2590/3420
f 2319/2584/3421 2511/2590/3421 2306/2587/3421
f 2300/2580/3422 2306/2587/3422 2299/2589/3422
f 2365/1410/3423 2305/2586/3423 2292/2591/3423
f 2287/1411/3424 2286/1398/3424 2284/1384/3424
f 2391/2592/3425 2299/2589/3425 2306/2587/3425
f 2292/2591/3426 2305/2586/3426 2295/2593/3426
f 2295/2593/3427 2305/2586/3427 2297/2583/3427
f 2295/2593/3428 2297/2583/3428 2296/2594/3428
f 2296/2594/3429 2297/2583/3429 2299/2589/3429
f 2667/2595/3430 2668/2596/3430 2669/2597/3430
f 619/1413/3431 613/1391/3431 615/1402/3431
f 737/1414/3432 732/1397/3432 734/1409/3432
f 2304/2598/3433 2296/2594/3433 2299/2589/3433
f 2392/2599/3434 2391/2592/3434 2306/2587/3434
f 2392/2599/3435 2306/2587/3435 2511/2590/3435
f 2392/2599/3436 2511/2590/3436 2394/2600/3436
f 2394/2600/3437 2511/2590/3437 2472/2601/3437
f 2511/2590/3438 2494/2602/3438 2472/2601/3438
f 2288/2603/3439 2286/1398/3439 2287/1411/3439
f 2472/2601/3440 2494/2602/3440 2469/2604/3440
f 2304/2598/3441 2299/2589/3441 2391/2592/3441
f 2391/2592/3442 2392/2599/3442 2393/2605/3442
f 2394/2600/3443 2472/2601/3443 2403/2606/3443
f 2287/1411/3444 2365/1410/3444 2292/2591/3444
f 2294/2607/3445 2292/2591/3445 2295/2593/3445
f 2295/2593/3446 2296/2594/3446 2294/2607/3446
f 2304/2598/3447 2391/2592/3447 2404/2608/3447
f 2404/2608/3448 2391/2592/3448 2393/2605/3448
f 2393/2605/3449 2392/2599/3449 2394/2600/3449
f 2403/2606/3450 2472/2601/3450 2469/2604/3450
f 1087/1406/3451 1093/1407/3451 1095/1392/3451
f 2289/2609/3452 2288/2603/3452 2287/1411/3452
f 2294/2607/3453 2296/2594/3453 2298/2610/3453
f 2298/2610/3454 2296/2594/3454 2304/2598/3454
f 2396/2611/3455 2394/2600/3455 2403/2606/3455
f 2403/2606/3456 2469/2604/3456 2468/2612/3456
f 625/2613/3457 622/1422/3457 623/1432/3457
f 2410/2614/3458 2304/2598/3458 2404/2608/3458
f 2403/2606/3459 2468/2612/3459 2400/2615/3459
f 969/2616/3460 972/2617/3460 970/2618/3460
f 2291/2619/3461 2287/1411/3461 2292/2591/3461
f 2291/2619/3462 2292/2591/3462 2293/2620/3462
f 2292/2591/3463 2294/2607/3463 2293/2620/3463
f 2290/2621/3464 2289/2609/3464 2287/1411/3464
f 2298/2610/3465 2304/2598/3465 2410/2614/3465
f 2393/2605/3466 2394/2600/3466 2395/2622/3466
f 2394/2600/3467 2396/2611/3467 2395/2622/3467
f 2396/2611/3468 2403/2606/3468 2400/2615/3468
f 969/2616/3469 970/2618/3469 971/2623/3469
f 2290/2621/3470 2287/1411/3470 2291/2619/3470
f 2293/2620/3471 2294/2607/3471 2303/2624/3471
f 2303/2624/3472 2294/2607/3472 2298/2610/3472
f 2336/2625/3473 2289/2609/3473 2290/2621/3473
f 2390/2626/3474 2303/2624/3474 2298/2610/3474
f 2390/2626/3475 2298/2610/3475 2410/2614/3475
f 2410/2614/3476 2404/2608/3476 2405/2627/3476
f 969/2616/3477 971/2623/3477 973/2628/3477
f 2404/2608/3478 2393/2605/3478 2395/2622/3478
f 2399/2629/3479 2396/2611/3479 2400/2615/3479
f 1357/2630/3480 1358/2631/3480 1359/2632/3480
f 940/2633/3481 941/2634/3481 942/2635/3481
f 1363/2636/3482 1361/2637/3482 1360/2638/3482
f 942/2635/3483 941/2634/3483 943/2639/3483
f 2602/2640/3484 2605/2641/3484 2603/2642/3484
f 2405/2627/3485 2404/2608/3485 2398/2643/3485
f 2398/2643/3486 2404/2608/3486 2395/2622/3486
f 2399/2629/3487 2400/2615/3487 2401/2644/3487
f 1360/2638/3488 1361/2637/3488 1362/2645/3488
f 2602/2640/3489 2603/2642/3489 2604/2646/3489
f 2389/2647/3490 2290/2621/3490 2320/2648/3490
f 2290/2621/3491 2291/2619/3491 2320/2648/3491
f 2320/2648/3492 2291/2619/3492 2293/2620/3492
f 2383/2649/3493 2293/2620/3493 2303/2624/3493
f 2398/2643/3494 2395/2622/3494 2397/2650/3494
f 2395/2622/3495 2396/2611/3495 2397/2650/3495
f 2397/2650/3496 2396/2611/3496 2399/2629/3496
f 1361/2637/3497 1364/2651/3497 1362/2645/3497
f 2334/2652/3498 2336/2625/3498 2332/2653/3498
f 2320/2648/3499 2293/2620/3499 2321/2654/3499
f 2321/2654/3500 2293/2620/3500 2383/2649/3500
f 2383/2649/3501 2303/2624/3501 2384/2655/3501
f 2384/2655/3502 2303/2624/3502 2390/2626/3502
f 2398/2643/3503 2397/2650/3503 2402/2656/3503
f 1362/2645/3504 1364/2651/3504 1365/2657/3504
f 1303/2658/3505 1304/2659/3505 1305/2660/3505
f 1306/2661/3506 1304/2659/3506 1303/2658/3506
f 2333/1467/3507 2334/2652/3507 2332/2653/3507
f 1307/2662/3508 1306/2661/3508 1303/2658/3508
f 2322/2663/3509 2320/2648/3509 2321/2654/3509
f 2322/2663/3510 2389/2647/3510 2320/2648/3510
f 2321/2654/3511 2383/2649/3511 2329/2664/3511
f 2383/2649/3512 2384/2655/3512 2329/2664/3512
f 2331/1468/3513 2333/1467/3513 2332/2653/3513
f 2324/2665/3514 2332/2653/3514 2389/2647/3514
f 2324/2665/3515 2389/2647/3515 2322/2663/3515
f 1280/1474/3516 1289/1460/3516 1106/1458/3516
f 2331/1468/3517 2332/2653/3517 2324/2665/3517
f 2324/2665/3518 2322/2663/3518 2323/2666/3518
f 2322/2663/3519 2321/2654/3519 2323/2666/3519
f 2321/2654/3520 2329/2664/3520 2323/2666/3520
f 2331/1468/3521 2324/2665/3521 2327/2667/3521
f 2323/2666/3522 2329/2664/3522 2330/2668/3522
f 2335/1469/3523 2331/1468/3523 2327/2667/3523
f 2327/2667/3524 2324/2665/3524 2326/2669/3524
f 2324/2665/3525 2323/2666/3525 2325/2670/3525
f 2326/2669/3526 2324/2665/3526 2325/2670/3526
f 986/1478/3527 987/2671/3527 988/1466/3527
f 988/1466/3528 987/2671/3528 989/1473/3528
f 2328/2672/3529 2327/2667/3529 2326/2669/3529
f 1109/1475/3530 1147/2673/3530 986/1478/3530
f 1122/1477/3531 1147/2673/3531 1109/1475/3531
